# SEA-Stack Verification Data
# format: timeseries
# source: wdn
# model: f3of_decay_multicode
# quantity: dt1_heave
# units: s, m
# columns: Time(s) HEAVE(m)
0.000000e+00 -9.000000e+00
1.000000e-01 -9.000056e+00
2.000000e-01 -9.000222e+00
3.000000e-01 -9.000499e+00
4.000000e-01 -9.000885e+00
5.000000e-01 -9.001378e+00
6.000000e-01 -9.001975e+00
7.000000e-01 -9.002673e+00
8.000000e-01 -9.003469e+00
9.000000e-01 -9.004360e+00
1.000000e+00 -9.005339e+00
1.100000e+00 -9.006404e+00
1.200000e+00 -9.007547e+00
1.300000e+00 -9.008764e+00
1.400000e+00 -9.010049e+00
1.500000e+00 -9.011395e+00
1.600000e+00 -9.012796e+00
1.700000e+00 -9.014244e+00
1.800000e+00 -9.015732e+00
1.900000e+00 -9.017254e+00
2.000000e+00 -9.018802e+00
2.100000e+00 -9.020369e+00
2.200000e+00 -9.021946e+00
2.300000e+00 -9.023526e+00
2.400000e+00 -9.025102e+00
2.500000e+00 -9.026666e+00
2.600000e+00 -9.028210e+00
2.700000e+00 -9.029727e+00
2.800000e+00 -9.031211e+00
2.900000e+00 -9.032653e+00
3.000000e+00 -9.034047e+00
3.100000e+00 -9.035386e+00
3.200000e+00 -9.036664e+00
3.300000e+00 -9.037875e+00
3.400000e+00 -9.039012e+00
3.500000e+00 -9.040070e+00
3.600000e+00 -9.041045e+00
3.700000e+00 -9.041931e+00
3.800000e+00 -9.042724e+00
3.900000e+00 -9.043419e+00
4.000000e+00 -9.044015e+00
4.100000e+00 -9.044507e+00
4.200000e+00 -9.044893e+00
4.300000e+00 -9.045171e+00
4.400000e+00 -9.045340e+00
4.500000e+00 -9.045399e+00
4.600000e+00 -9.045348e+00
4.700000e+00 -9.045186e+00
4.800000e+00 -9.044914e+00
4.900000e+00 -9.044535e+00
5.000000e+00 -9.044049e+00
5.100000e+00 -9.043460e+00
5.200000e+00 -9.042770e+00
5.300000e+00 -9.041982e+00
5.400000e+00 -9.041102e+00
5.500000e+00 -9.040133e+00
5.600000e+00 -9.039080e+00
5.700000e+00 -9.037948e+00
5.800000e+00 -9.036745e+00
5.900000e+00 -9.035475e+00
6.000000e+00 -9.034145e+00
6.100000e+00 -9.032762e+00
6.200000e+00 -9.031334e+00
6.300000e+00 -9.029866e+00
6.400000e+00 -9.028368e+00
6.500000e+00 -9.026846e+00
6.600000e+00 -9.025307e+00
6.700000e+00 -9.023761e+00
6.800000e+00 -9.022214e+00
6.900000e+00 -9.020674e+00
7.000000e+00 -9.019148e+00
7.100000e+00 -9.017644e+00
7.200000e+00 -9.016170e+00
7.300000e+00 -9.014733e+00
7.400000e+00 -9.013338e+00
7.500000e+00 -9.011994e+00
7.600000e+00 -9.010706e+00
7.700000e+00 -9.009481e+00
7.800000e+00 -9.008324e+00
7.900000e+00 -9.007240e+00
8.000000e+00 -9.006235e+00
8.100000e+00 -9.005314e+00
8.200000e+00 -9.004479e+00
8.300000e+00 -9.003736e+00
8.400000e+00 -9.003087e+00
8.500000e+00 -9.002536e+00
8.600000e+00 -9.002085e+00
8.700000e+00 -9.001735e+00
8.800000e+00 -9.001488e+00
8.900000e+00 -9.001345e+00
9.000000e+00 -9.001307e+00
9.100000e+00 -9.001374e+00
9.200000e+00 -9.001544e+00
9.300000e+00 -9.001818e+00
9.400000e+00 -9.002193e+00
9.500000e+00 -9.002668e+00
9.600000e+00 -9.003239e+00
9.700000e+00 -9.003905e+00
9.800000e+00 -9.004662e+00
9.900000e+00 -9.005506e+00
1.000000e+01 -9.006432e+00
1.010000e+01 -9.007438e+00
1.020000e+01 -9.008516e+00
1.030000e+01 -9.009662e+00
1.040000e+01 -9.010871e+00
1.050000e+01 -9.012137e+00
1.060000e+01 -9.013452e+00
1.070000e+01 -9.014812e+00
1.080000e+01 -9.016209e+00
1.090000e+01 -9.017637e+00
1.100000e+01 -9.019088e+00
1.110000e+01 -9.020556e+00
1.120000e+01 -9.022034e+00
1.130000e+01 -9.023513e+00
1.140000e+01 -9.024989e+00
1.150000e+01 -9.026452e+00
1.160000e+01 -9.027897e+00
1.170000e+01 -9.029316e+00
1.180000e+01 -9.030703e+00
1.190000e+01 -9.032050e+00
1.200000e+01 -9.033353e+00
1.210000e+01 -9.034603e+00
1.220000e+01 -9.035797e+00
1.230000e+01 -9.036928e+00
1.240000e+01 -9.037990e+00
1.250000e+01 -9.038979e+00
1.260000e+01 -9.039891e+00
1.270000e+01 -9.040721e+00
1.280000e+01 -9.041466e+00
1.290000e+01 -9.042121e+00
1.300000e+01 -9.042685e+00
1.310000e+01 -9.043155e+00
1.320000e+01 -9.043528e+00
1.330000e+01 -9.043803e+00
1.340000e+01 -9.043979e+00
1.350000e+01 -9.044055e+00
1.360000e+01 -9.044031e+00
1.370000e+01 -9.043907e+00
1.380000e+01 -9.043684e+00
1.390000e+01 -9.043362e+00
1.400000e+01 -9.042944e+00
1.410000e+01 -9.042432e+00
1.420000e+01 -9.041827e+00
1.430000e+01 -9.041133e+00
1.440000e+01 -9.040353e+00
1.450000e+01 -9.039490e+00
1.460000e+01 -9.038549e+00
1.470000e+01 -9.037534e+00
1.480000e+01 -9.036450e+00
1.490000e+01 -9.035302e+00
1.500000e+01 -9.034095e+00
1.510000e+01 -9.032835e+00
1.520000e+01 -9.031528e+00
1.530000e+01 -9.030181e+00
1.540000e+01 -9.028799e+00
1.550000e+01 -9.027389e+00
1.560000e+01 -9.025958e+00
1.570000e+01 -9.024513e+00
1.580000e+01 -9.023061e+00
1.590000e+01 -9.021608e+00
1.600000e+01 -9.020162e+00
1.610000e+01 -9.018730e+00
1.620000e+01 -9.017318e+00
1.630000e+01 -9.015934e+00
1.640000e+01 -9.014584e+00
1.650000e+01 -9.013274e+00
1.660000e+01 -9.012011e+00
1.670000e+01 -9.010802e+00
1.680000e+01 -9.009651e+00
1.690000e+01 -9.008565e+00
1.700000e+01 -9.007549e+00
1.710000e+01 -9.006608e+00
1.720000e+01 -9.005745e+00
1.730000e+01 -9.004967e+00
1.740000e+01 -9.004276e+00
1.750000e+01 -9.003675e+00
1.760000e+01 -9.003168e+00
1.770000e+01 -9.002756e+00
1.780000e+01 -9.002443e+00
1.790000e+01 -9.002229e+00
1.800000e+01 -9.002116e+00
1.810000e+01 -9.002103e+00
1.820000e+01 -9.002192e+00
1.830000e+01 -9.002381e+00
1.840000e+01 -9.002670e+00
1.850000e+01 -9.003057e+00
1.860000e+01 -9.003540e+00
1.870000e+01 -9.004117e+00
1.880000e+01 -9.004785e+00
1.890000e+01 -9.005542e+00
1.900000e+01 -9.006382e+00
1.910000e+01 -9.007303e+00
1.920000e+01 -9.008299e+00
1.930000e+01 -9.009366e+00
1.940000e+01 -9.010498e+00
1.950000e+01 -9.011691e+00
1.960000e+01 -9.012937e+00
1.970000e+01 -9.014232e+00
1.980000e+01 -9.015569e+00
1.990000e+01 -9.016940e+00
2.000000e+01 -9.018341e+00
2.010000e+01 -9.019762e+00
2.020000e+01 -9.021198e+00
2.030000e+01 -9.022642e+00
2.040000e+01 -9.024086e+00
2.050000e+01 -9.025523e+00
2.060000e+01 -9.026946e+00
2.070000e+01 -9.028348e+00
2.080000e+01 -9.029722e+00
2.090000e+01 -9.031061e+00
2.100000e+01 -9.032359e+00
2.110000e+01 -9.033609e+00
2.120000e+01 -9.034806e+00
2.130000e+01 -9.035943e+00
2.140000e+01 -9.037014e+00
2.150000e+01 -9.038015e+00
2.160000e+01 -9.038941e+00
2.170000e+01 -9.039787e+00
2.180000e+01 -9.040549e+00
2.190000e+01 -9.041224e+00
2.200000e+01 -9.041808e+00
2.210000e+01 -9.042299e+00
2.220000e+01 -9.042695e+00
2.230000e+01 -9.042993e+00
2.240000e+01 -9.043192e+00
2.250000e+01 -9.043293e+00
2.260000e+01 -9.043294e+00
2.270000e+01 -9.043195e+00
2.280000e+01 -9.042998e+00
2.290000e+01 -9.042704e+00
2.300000e+01 -9.042314e+00
2.310000e+01 -9.041830e+00
2.320000e+01 -9.041255e+00
2.330000e+01 -9.040593e+00
2.340000e+01 -9.039845e+00
2.350000e+01 -9.039017e+00
2.360000e+01 -9.038113e+00
2.370000e+01 -9.037136e+00
2.380000e+01 -9.036092e+00
2.390000e+01 -9.034987e+00
2.400000e+01 -9.033825e+00
2.410000e+01 -9.032612e+00
2.420000e+01 -9.031354e+00
2.430000e+01 -9.030057e+00
2.440000e+01 -9.028729e+00
2.450000e+01 -9.027374e+00
2.460000e+01 -9.025999e+00
2.470000e+01 -9.024612e+00
2.480000e+01 -9.023219e+00
2.490000e+01 -9.021827e+00
2.500000e+01 -9.020442e+00
2.510000e+01 -9.019070e+00
2.520000e+01 -9.017720e+00
2.530000e+01 -9.016396e+00
2.540000e+01 -9.015105e+00
2.550000e+01 -9.013854e+00
2.560000e+01 -9.012648e+00
2.570000e+01 -9.011493e+00
2.580000e+01 -9.010394e+00
2.590000e+01 -9.009357e+00
2.600000e+01 -9.008387e+00
2.610000e+01 -9.007487e+00
2.620000e+01 -9.006663e+00
2.630000e+01 -9.005917e+00
2.640000e+01 -9.005254e+00
2.650000e+01 -9.004676e+00
2.660000e+01 -9.004186e+00
2.670000e+01 -9.003785e+00
2.680000e+01 -9.003476e+00
2.690000e+01 -9.003261e+00
2.700000e+01 -9.003139e+00
2.710000e+01 -9.003110e+00
2.720000e+01 -9.003176e+00
2.730000e+01 -9.003335e+00
2.740000e+01 -9.003587e+00
2.750000e+01 -9.003929e+00
2.760000e+01 -9.004361e+00
2.770000e+01 -9.004880e+00
2.780000e+01 -9.005482e+00
2.790000e+01 -9.006166e+00
2.800000e+01 -9.006928e+00
2.810000e+01 -9.007764e+00
2.820000e+01 -9.008670e+00
2.830000e+01 -9.009642e+00
2.840000e+01 -9.010675e+00
2.850000e+01 -9.011763e+00
2.860000e+01 -9.012903e+00
2.870000e+01 -9.014089e+00
2.880000e+01 -9.015315e+00
2.890000e+01 -9.016575e+00
2.900000e+01 -9.017864e+00
2.910000e+01 -9.019176e+00
2.920000e+01 -9.020504e+00
2.930000e+01 -9.021843e+00
2.940000e+01 -9.023186e+00
2.950000e+01 -9.024528e+00
2.960000e+01 -9.025862e+00
2.970000e+01 -9.027181e+00
2.980000e+01 -9.028481e+00
2.990000e+01 -9.029755e+00
3.000000e+01 -9.030996e+00
3.010000e+01 -9.032200e+00
3.020000e+01 -9.033361e+00
3.030000e+01 -9.034473e+00
3.040000e+01 -9.035531e+00
3.050000e+01 -9.036531e+00
3.060000e+01 -9.037467e+00
3.070000e+01 -9.038335e+00
3.080000e+01 -9.039131e+00
3.090000e+01 -9.039851e+00
3.100000e+01 -9.040492e+00
3.110000e+01 -9.041051e+00
3.120000e+01 -9.041524e+00
3.130000e+01 -9.041910e+00
3.140000e+01 -9.042206e+00
3.150000e+01 -9.042412e+00
3.160000e+01 -9.042525e+00
3.170000e+01 -9.042546e+00
3.180000e+01 -9.042474e+00
3.190000e+01 -9.042309e+00
3.200000e+01 -9.042052e+00
3.210000e+01 -9.041705e+00
3.220000e+01 -9.041269e+00
3.230000e+01 -9.040745e+00
3.240000e+01 -9.040136e+00
3.250000e+01 -9.039446e+00
3.260000e+01 -9.038677e+00
3.270000e+01 -9.037832e+00
3.280000e+01 -9.036917e+00
3.290000e+01 -9.035935e+00
3.300000e+01 -9.034891e+00
3.310000e+01 -9.033789e+00
3.320000e+01 -9.032636e+00
3.330000e+01 -9.031436e+00
3.340000e+01 -9.030195e+00
3.350000e+01 -9.028919e+00
3.360000e+01 -9.027614e+00
3.370000e+01 -9.026287e+00
3.380000e+01 -9.024943e+00
3.390000e+01 -9.023589e+00
3.400000e+01 -9.022231e+00
3.410000e+01 -9.020876e+00
3.420000e+01 -9.019531e+00
3.430000e+01 -9.018201e+00
3.440000e+01 -9.016893e+00
3.450000e+01 -9.015613e+00
3.460000e+01 -9.014368e+00
3.470000e+01 -9.013163e+00
3.480000e+01 -9.012004e+00
3.490000e+01 -9.010897e+00
3.500000e+01 -9.009847e+00
3.510000e+01 -9.008860e+00
3.520000e+01 -9.007939e+00
3.530000e+01 -9.007090e+00
3.540000e+01 -9.006317e+00
3.550000e+01 -9.005624e+00
3.560000e+01 -9.005014e+00
3.570000e+01 -9.004491e+00
3.580000e+01 -9.004056e+00
3.590000e+01 -9.003713e+00
3.600000e+01 -9.003463e+00
3.610000e+01 -9.003308e+00
3.620000e+01 -9.003249e+00
3.630000e+01 -9.003286e+00
3.640000e+01 -9.003419e+00
3.650000e+01 -9.003647e+00
3.660000e+01 -9.003971e+00
3.670000e+01 -9.004388e+00
3.680000e+01 -9.004896e+00
3.690000e+01 -9.005494e+00
3.700000e+01 -9.006177e+00
3.710000e+01 -9.006944e+00
3.720000e+01 -9.007790e+00
3.730000e+01 -9.008711e+00
3.740000e+01 -9.009703e+00
3.750000e+01 -9.010761e+00
3.760000e+01 -9.011879e+00
3.770000e+01 -9.013052e+00
3.780000e+01 -9.014275e+00
3.790000e+01 -9.015540e+00
3.800000e+01 -9.016843e+00
3.810000e+01 -9.018176e+00
3.820000e+01 -9.019533e+00
3.830000e+01 -9.020907e+00
3.840000e+01 -9.022292e+00
3.850000e+01 -9.023680e+00
3.860000e+01 -9.025065e+00
3.870000e+01 -9.026439e+00
3.880000e+01 -9.027797e+00
3.890000e+01 -9.029131e+00
3.900000e+01 -9.030435e+00
3.910000e+01 -9.031702e+00
3.920000e+01 -9.032927e+00
3.930000e+01 -9.034103e+00
3.940000e+01 -9.035224e+00
3.950000e+01 -9.036286e+00
3.960000e+01 -9.037283e+00
3.970000e+01 -9.038210e+00
3.980000e+01 -9.039063e+00
3.990000e+01 -9.039838e+00
4.000000e+01 -9.040531e+00
4.010000e+01 -9.041139e+00
4.020000e+01 -9.041659e+00
4.030000e+01 -9.042088e+00
4.040000e+01 -9.042424e+00
4.050000e+01 -9.042667e+00
4.060000e+01 -9.042814e+00
4.070000e+01 -9.042866e+00
4.080000e+01 -9.042821e+00
4.090000e+01 -9.042681e+00
4.100000e+01 -9.042445e+00
4.110000e+01 -9.042115e+00
4.120000e+01 -9.041692e+00
4.130000e+01 -9.041179e+00
4.140000e+01 -9.040578e+00
4.150000e+01 -9.039892e+00
4.160000e+01 -9.039125e+00
4.170000e+01 -9.038279e+00
4.180000e+01 -9.037360e+00
4.190000e+01 -9.036371e+00
4.200000e+01 -9.035318e+00
4.210000e+01 -9.034205e+00
4.220000e+01 -9.033039e+00
4.230000e+01 -9.031824e+00
4.240000e+01 -9.030567e+00
4.250000e+01 -9.029273e+00
4.260000e+01 -9.027950e+00
4.270000e+01 -9.026603e+00
4.280000e+01 -9.025239e+00
4.290000e+01 -9.023864e+00
4.300000e+01 -9.022486e+00
4.310000e+01 -9.021110e+00
4.320000e+01 -9.019744e+00
4.330000e+01 -9.018394e+00
4.340000e+01 -9.017067e+00
4.350000e+01 -9.015769e+00
4.360000e+01 -9.014506e+00
4.370000e+01 -9.013284e+00
4.380000e+01 -9.012110e+00
4.390000e+01 -9.010988e+00
4.400000e+01 -9.009925e+00
4.410000e+01 -9.008924e+00
4.420000e+01 -9.007992e+00
4.430000e+01 -9.007132e+00
4.440000e+01 -9.006348e+00
4.450000e+01 -9.005644e+00
4.460000e+01 -9.005023e+00
4.470000e+01 -9.004488e+00
4.480000e+01 -9.004042e+00
4.490000e+01 -9.003686e+00
4.500000e+01 -9.003423e+00
4.510000e+01 -9.003252e+00
4.520000e+01 -9.003176e+00
4.530000e+01 -9.003193e+00
4.540000e+01 -9.003305e+00
4.550000e+01 -9.003510e+00
4.560000e+01 -9.003807e+00
4.570000e+01 -9.004196e+00
4.580000e+01 -9.004673e+00
4.590000e+01 -9.005238e+00
4.600000e+01 -9.005887e+00
4.610000e+01 -9.006617e+00
4.620000e+01 -9.007425e+00
4.630000e+01 -9.008306e+00
4.640000e+01 -9.009258e+00
4.650000e+01 -9.010275e+00
4.660000e+01 -9.011353e+00
4.670000e+01 -9.012487e+00
4.680000e+01 -9.013671e+00
4.690000e+01 -9.014899e+00
4.700000e+01 -9.016167e+00
4.710000e+01 -9.017467e+00
4.720000e+01 -9.018794e+00
4.730000e+01 -9.020142e+00
4.740000e+01 -9.021503e+00
4.750000e+01 -9.022873e+00
4.760000e+01 -9.024243e+00
4.770000e+01 -9.025607e+00
4.780000e+01 -9.026959e+00
4.790000e+01 -9.028293e+00
4.800000e+01 -9.029601e+00
4.810000e+01 -9.030879e+00
4.820000e+01 -9.032118e+00
4.830000e+01 -9.033315e+00
4.840000e+01 -9.034462e+00
4.850000e+01 -9.035554e+00
4.860000e+01 -9.036585e+00
4.870000e+01 -9.037552e+00
4.880000e+01 -9.038448e+00
4.890000e+01 -9.039270e+00
4.900000e+01 -9.040013e+00
4.910000e+01 -9.040674e+00
4.920000e+01 -9.041250e+00
4.930000e+01 -9.041737e+00
4.940000e+01 -9.042133e+00
4.950000e+01 -9.042436e+00
4.960000e+01 -9.042644e+00
4.970000e+01 -9.042757e+00
4.980000e+01 -9.042774e+00
4.990000e+01 -9.042694e+00
5.000000e+01 -9.042518e+00
5.010000e+01 -9.042246e+00
5.020000e+01 -9.041880e+00
5.030000e+01 -9.041422e+00
5.040000e+01 -9.040874e+00
5.050000e+01 -9.040237e+00
5.060000e+01 -9.039516e+00
5.070000e+01 -9.038714e+00
5.080000e+01 -9.037834e+00
5.090000e+01 -9.036880e+00
5.100000e+01 -9.035858e+00
5.110000e+01 -9.034772e+00
5.120000e+01 -9.033627e+00
5.130000e+01 -9.032429e+00
5.140000e+01 -9.031183e+00
5.150000e+01 -9.029896e+00
5.160000e+01 -9.028573e+00
5.170000e+01 -9.027222e+00
5.180000e+01 -9.025849e+00
5.190000e+01 -9.024459e+00
5.200000e+01 -9.023062e+00
5.210000e+01 -9.021662e+00
5.220000e+01 -9.020267e+00
5.230000e+01 -9.018885e+00
5.240000e+01 -9.017521e+00
5.250000e+01 -9.016182e+00
5.260000e+01 -9.014876e+00
5.270000e+01 -9.013609e+00
5.280000e+01 -9.012386e+00
5.290000e+01 -9.011215e+00
5.300000e+01 -9.010101e+00
5.310000e+01 -9.009050e+00
5.320000e+01 -9.008066e+00
5.330000e+01 -9.007156e+00
5.340000e+01 -9.006323e+00
5.350000e+01 -9.005571e+00
5.360000e+01 -9.004905e+00
5.370000e+01 -9.004328e+00
5.380000e+01 -9.003843e+00
5.390000e+01 -9.003452e+00
5.400000e+01 -9.003157e+00
5.410000e+01 -9.002959e+00
5.420000e+01 -9.002861e+00
5.430000e+01 -9.002862e+00
5.440000e+01 -9.002962e+00
5.450000e+01 -9.003162e+00
5.460000e+01 -9.003459e+00
5.470000e+01 -9.003853e+00
5.480000e+01 -9.004341e+00
5.490000e+01 -9.004921e+00
5.500000e+01 -9.005591e+00
5.510000e+01 -9.006346e+00
5.520000e+01 -9.007184e+00
5.530000e+01 -9.008099e+00
5.540000e+01 -9.009087e+00
5.550000e+01 -9.010144e+00
5.560000e+01 -9.011264e+00
5.570000e+01 -9.012441e+00
5.580000e+01 -9.013670e+00
5.590000e+01 -9.014944e+00
5.600000e+01 -9.016258e+00
5.610000e+01 -9.017604e+00
5.620000e+01 -9.018977e+00
5.630000e+01 -9.020368e+00
5.640000e+01 -9.021772e+00
5.650000e+01 -9.023182e+00
5.660000e+01 -9.024590e+00
5.670000e+01 -9.025989e+00
5.680000e+01 -9.027373e+00
5.690000e+01 -9.028735e+00
5.700000e+01 -9.030068e+00
5.710000e+01 -9.031365e+00
5.720000e+01 -9.032621e+00
5.730000e+01 -9.033828e+00
5.740000e+01 -9.034982e+00
5.750000e+01 -9.036076e+00
5.760000e+01 -9.037104e+00
5.770000e+01 -9.038063e+00
5.780000e+01 -9.038948e+00
5.790000e+01 -9.039753e+00
5.800000e+01 -9.040475e+00
5.810000e+01 -9.041112e+00
5.820000e+01 -9.041659e+00
5.830000e+01 -9.042114e+00
5.840000e+01 -9.042475e+00
5.850000e+01 -9.042741e+00
5.860000e+01 -9.042911e+00
5.870000e+01 -9.042983e+00
5.880000e+01 -9.042957e+00
5.890000e+01 -9.042835e+00
5.900000e+01 -9.042616e+00
5.910000e+01 -9.042301e+00
5.920000e+01 -9.041893e+00
5.930000e+01 -9.041394e+00
5.940000e+01 -9.040806e+00
5.950000e+01 -9.040133e+00
5.960000e+01 -9.039377e+00
5.970000e+01 -9.038542e+00
5.980000e+01 -9.037634e+00
5.990000e+01 -9.036656e+00
6.000000e+01 -9.035613e+00
6.010000e+01 -9.034510e+00
6.020000e+01 -9.033354e+00
6.030000e+01 -9.032149e+00
6.040000e+01 -9.030902e+00
6.050000e+01 -9.029618e+00
6.060000e+01 -9.028305e+00
6.070000e+01 -9.026968e+00
6.080000e+01 -9.025613e+00
6.090000e+01 -9.024249e+00
6.100000e+01 -9.022880e+00
6.110000e+01 -9.021514e+00
6.120000e+01 -9.020157e+00
6.130000e+01 -9.018816e+00
6.140000e+01 -9.017497e+00
6.150000e+01 -9.016207e+00
6.160000e+01 -9.014950e+00
6.170000e+01 -9.013735e+00
6.180000e+01 -9.012565e+00
6.190000e+01 -9.011448e+00
6.200000e+01 -9.010387e+00
6.210000e+01 -9.009389e+00
6.220000e+01 -9.008457e+00
6.230000e+01 -9.007597e+00
6.240000e+01 -9.006812e+00
6.250000e+01 -9.006106e+00
6.260000e+01 -9.005483e+00
6.270000e+01 -9.004945e+00
6.280000e+01 -9.004495e+00
6.290000e+01 -9.004134e+00
6.300000e+01 -9.003866e+00
6.310000e+01 -9.003690e+00
6.320000e+01 -9.003608e+00
6.330000e+01 -9.003620e+00
6.340000e+01 -9.003725e+00
6.350000e+01 -9.003923e+00
6.360000e+01 -9.004214e+00
6.370000e+01 -9.004595e+00
6.380000e+01 -9.005065e+00
6.390000e+01 -9.005621e+00
6.400000e+01 -9.006261e+00
6.410000e+01 -9.006981e+00
6.420000e+01 -9.007778e+00
6.430000e+01 -9.008649e+00
6.440000e+01 -9.009589e+00
6.450000e+01 -9.010593e+00
6.460000e+01 -9.011656e+00
6.470000e+01 -9.012773e+00
6.480000e+01 -9.013940e+00
6.490000e+01 -9.015149e+00
6.500000e+01 -9.016395e+00
6.510000e+01 -9.017673e+00
6.520000e+01 -9.018975e+00
6.530000e+01 -9.020296e+00
6.540000e+01 -9.021630e+00
6.550000e+01 -9.022969e+00
6.560000e+01 -9.024308e+00
6.570000e+01 -9.025640e+00
6.580000e+01 -9.026959e+00
6.590000e+01 -9.028258e+00
6.600000e+01 -9.029532e+00
6.610000e+01 -9.030773e+00
6.620000e+01 -9.031977e+00
6.630000e+01 -9.033136e+00
6.640000e+01 -9.034247e+00
6.650000e+01 -9.035303e+00
6.660000e+01 -9.036300e+00
6.670000e+01 -9.037231e+00
6.680000e+01 -9.038094e+00
6.690000e+01 -9.038884e+00
6.700000e+01 -9.039596e+00
6.710000e+01 -9.040228e+00
6.720000e+01 -9.040777e+00
6.730000e+01 -9.041239e+00
6.740000e+01 -9.041612e+00
6.750000e+01 -9.041895e+00
6.760000e+01 -9.042085e+00
6.770000e+01 -9.042183e+00
6.780000e+01 -9.042188e+00
6.790000e+01 -9.042099e+00
6.800000e+01 -9.041917e+00
6.810000e+01 -9.041642e+00
6.820000e+01 -9.041277e+00
6.830000e+01 -9.040822e+00
6.840000e+01 -9.040280e+00
6.850000e+01 -9.039654e+00
6.860000e+01 -9.038946e+00
6.870000e+01 -9.038160e+00
6.880000e+01 -9.037299e+00
6.890000e+01 -9.036369e+00
6.900000e+01 -9.035373e+00
6.910000e+01 -9.034316e+00
6.920000e+01 -9.033204e+00
6.930000e+01 -9.032042e+00
6.940000e+01 -9.030835e+00
6.950000e+01 -9.029590e+00
6.960000e+01 -9.028312e+00
6.970000e+01 -9.027009e+00
6.980000e+01 -9.025686e+00
6.990000e+01 -9.024349e+00
7.000000e+01 -9.023007e+00
7.010000e+01 -9.021665e+00
7.020000e+01 -9.020329e+00
7.030000e+01 -9.019007e+00
7.040000e+01 -9.017705e+00
7.050000e+01 -9.016429e+00
7.060000e+01 -9.015186e+00
7.070000e+01 -9.013982e+00
7.080000e+01 -9.012822e+00
7.090000e+01 -9.011713e+00
7.100000e+01 -9.010659e+00
7.110000e+01 -9.009665e+00
7.120000e+01 -9.008738e+00
7.130000e+01 -9.007880e+00
7.140000e+01 -9.007096e+00
7.150000e+01 -9.006390e+00
7.160000e+01 -9.005765e+00
7.170000e+01 -9.005224e+00
7.180000e+01 -9.004770e+00
7.190000e+01 -9.004405e+00
7.200000e+01 -9.004130e+00
7.210000e+01 -9.003947e+00
7.220000e+01 -9.003857e+00
7.230000e+01 -9.003859e+00
7.240000e+01 -9.003955e+00
7.250000e+01 -9.004142e+00
7.260000e+01 -9.004422e+00
7.270000e+01 -9.004790e+00
7.280000e+01 -9.005247e+00
7.290000e+01 -9.005790e+00
7.300000e+01 -9.006415e+00
7.310000e+01 -9.007120e+00
7.320000e+01 -9.007901e+00
7.330000e+01 -9.008754e+00
7.340000e+01 -9.009676e+00
7.350000e+01 -9.010661e+00
7.360000e+01 -9.011704e+00
7.370000e+01 -9.012800e+00
7.380000e+01 -9.013945e+00
7.390000e+01 -9.015132e+00
7.400000e+01 -9.016355e+00
7.410000e+01 -9.017608e+00
7.420000e+01 -9.018886e+00
7.430000e+01 -9.020181e+00
7.440000e+01 -9.021488e+00
7.450000e+01 -9.022800e+00
7.460000e+01 -9.024111e+00
7.470000e+01 -9.025415e+00
7.480000e+01 -9.026704e+00
7.490000e+01 -9.027973e+00
7.500000e+01 -9.029215e+00
7.510000e+01 -9.030425e+00
7.520000e+01 -9.031596e+00
7.530000e+01 -9.032724e+00
7.540000e+01 -9.033802e+00
7.550000e+01 -9.034825e+00
7.560000e+01 -9.035789e+00
7.570000e+01 -9.036690e+00
7.580000e+01 -9.037521e+00
7.590000e+01 -9.038281e+00
7.600000e+01 -9.038965e+00
7.610000e+01 -9.039571e+00
7.620000e+01 -9.040095e+00
7.630000e+01 -9.040536e+00
7.640000e+01 -9.040891e+00
7.650000e+01 -9.041159e+00
7.660000e+01 -9.041338e+00
7.670000e+01 -9.041430e+00
7.680000e+01 -9.041432e+00
7.690000e+01 -9.041346e+00
7.700000e+01 -9.041171e+00
7.710000e+01 -9.040910e+00
7.720000e+01 -9.040563e+00
7.730000e+01 -9.040133e+00
7.740000e+01 -9.039621e+00
7.750000e+01 -9.039031e+00
7.760000e+01 -9.038365e+00
7.770000e+01 -9.037626e+00
7.780000e+01 -9.036818e+00
7.790000e+01 -9.035945e+00
7.800000e+01 -9.035012e+00
7.810000e+01 -9.034023e+00
7.820000e+01 -9.032982e+00
7.830000e+01 -9.031895e+00
7.840000e+01 -9.030768e+00
7.850000e+01 -9.029604e+00
7.860000e+01 -9.028411e+00
7.870000e+01 -9.027194e+00
7.880000e+01 -9.025958e+00
7.890000e+01 -9.024710e+00
7.900000e+01 -9.023455e+00
7.910000e+01 -9.022199e+00
7.920000e+01 -9.020949e+00
7.930000e+01 -9.019709e+00
7.940000e+01 -9.018487e+00
7.950000e+01 -9.017288e+00
7.960000e+01 -9.016117e+00
7.970000e+01 -9.014981e+00
7.980000e+01 -9.013883e+00
7.990000e+01 -9.012830e+00
8.000000e+01 -9.011827e+00
8.010000e+01 -9.010878e+00
8.020000e+01 -9.009988e+00
8.030000e+01 -9.009161e+00
8.040000e+01 -9.008400e+00
8.050000e+01 -9.007711e+00
8.060000e+01 -9.007094e+00
8.070000e+01 -9.006555e+00
8.080000e+01 -9.006094e+00
8.090000e+01 -9.005715e+00
8.100000e+01 -9.005419e+00
8.110000e+01 -9.005207e+00
8.120000e+01 -9.005080e+00
8.130000e+01 -9.005039e+00
8.140000e+01 -9.005084e+00
8.150000e+01 -9.005215e+00
8.160000e+01 -9.005431e+00
8.170000e+01 -9.005731e+00
8.180000e+01 -9.006113e+00
8.190000e+01 -9.006576e+00
8.200000e+01 -9.007117e+00
8.210000e+01 -9.007734e+00
8.220000e+01 -9.008423e+00
8.230000e+01 -9.009183e+00
8.240000e+01 -9.010008e+00
8.250000e+01 -9.010895e+00
8.260000e+01 -9.011840e+00
8.270000e+01 -9.012838e+00
8.280000e+01 -9.013885e+00
8.290000e+01 -9.014976e+00
8.300000e+01 -9.016105e+00
8.310000e+01 -9.017268e+00
8.320000e+01 -9.018458e+00
8.330000e+01 -9.019671e+00
8.340000e+01 -9.020899e+00
8.350000e+01 -9.022139e+00
8.360000e+01 -9.023383e+00
8.370000e+01 -9.024625e+00
8.380000e+01 -9.025860e+00
8.390000e+01 -9.027083e+00
8.400000e+01 -9.028286e+00
8.410000e+01 -9.029465e+00
8.420000e+01 -9.030613e+00
8.430000e+01 -9.031725e+00
8.440000e+01 -9.032797e+00
8.450000e+01 -9.033822e+00
8.460000e+01 -9.034796e+00
8.470000e+01 -9.035713e+00
8.480000e+01 -9.036571e+00
8.490000e+01 -9.037364e+00
8.500000e+01 -9.038089e+00
8.510000e+01 -9.038742e+00
8.520000e+01 -9.039319e+00
8.530000e+01 -9.039819e+00
8.540000e+01 -9.040238e+00
8.550000e+01 -9.040575e+00
8.560000e+01 -9.040828e+00
8.570000e+01 -9.040995e+00
8.580000e+01 -9.041075e+00
8.590000e+01 -9.041069e+00
8.600000e+01 -9.040976e+00
8.610000e+01 -9.040797e+00
8.620000e+01 -9.040531e+00
8.630000e+01 -9.040182e+00
8.640000e+01 -9.039749e+00
8.650000e+01 -9.039236e+00
8.660000e+01 -9.038645e+00
8.670000e+01 -9.037979e+00
8.680000e+01 -9.037240e+00
8.690000e+01 -9.036433e+00
8.700000e+01 -9.035561e+00
8.710000e+01 -9.034629e+00
8.720000e+01 -9.033641e+00
8.730000e+01 -9.032602e+00
8.740000e+01 -9.031516e+00
8.750000e+01 -9.030390e+00
8.760000e+01 -9.029228e+00
8.770000e+01 -9.028037e+00
8.780000e+01 -9.026821e+00
8.790000e+01 -9.025587e+00
8.800000e+01 -9.024341e+00
8.810000e+01 -9.023090e+00
8.820000e+01 -9.021838e+00
8.830000e+01 -9.020592e+00
8.840000e+01 -9.019358e+00
8.850000e+01 -9.018142e+00
8.860000e+01 -9.016951e+00
8.870000e+01 -9.015789e+00
8.880000e+01 -9.014663e+00
8.890000e+01 -9.013577e+00
8.900000e+01 -9.012537e+00
8.910000e+01 -9.011549e+00
8.920000e+01 -9.010616e+00
8.930000e+01 -9.009744e+00
8.940000e+01 -9.008936e+00
8.950000e+01 -9.008196e+00
8.960000e+01 -9.007529e+00
8.970000e+01 -9.006937e+00
8.980000e+01 -9.006422e+00
8.990000e+01 -9.005989e+00
9.000000e+01 -9.005637e+00
9.010000e+01 -9.005370e+00
9.020000e+01 -9.005189e+00
9.030000e+01 -9.005094e+00
9.040000e+01 -9.005086e+00
9.050000e+01 -9.005164e+00
9.060000e+01 -9.005328e+00
9.070000e+01 -9.005578e+00
9.080000e+01 -9.005912e+00
9.090000e+01 -9.006329e+00
9.100000e+01 -9.006826e+00
9.110000e+01 -9.007400e+00
9.120000e+01 -9.008049e+00
9.130000e+01 -9.008770e+00
9.140000e+01 -9.009559e+00
9.150000e+01 -9.010413e+00
9.160000e+01 -9.011326e+00
9.170000e+01 -9.012294e+00
9.180000e+01 -9.013314e+00
9.190000e+01 -9.014379e+00
9.200000e+01 -9.015484e+00
9.210000e+01 -9.016625e+00
9.220000e+01 -9.017795e+00
9.230000e+01 -9.018989e+00
9.240000e+01 -9.020201e+00
9.250000e+01 -9.021426e+00
9.260000e+01 -9.022656e+00
9.270000e+01 -9.023888e+00
9.280000e+01 -9.025113e+00
9.290000e+01 -9.026328e+00
9.300000e+01 -9.027525e+00
9.310000e+01 -9.028699e+00
9.320000e+01 -9.029845e+00
9.330000e+01 -9.030956e+00
9.340000e+01 -9.032028e+00
9.350000e+01 -9.033055e+00
9.360000e+01 -9.034034e+00
9.370000e+01 -9.034958e+00
9.380000e+01 -9.035823e+00
9.390000e+01 -9.036626e+00
9.400000e+01 -9.037363e+00
9.410000e+01 -9.038030e+00
9.420000e+01 -9.038624e+00
9.430000e+01 -9.039143e+00
9.440000e+01 -9.039583e+00
9.450000e+01 -9.039944e+00
9.460000e+01 -9.040222e+00
9.470000e+01 -9.040418e+00
9.480000e+01 -9.040530e+00
9.490000e+01 -9.040557e+00
9.500000e+01 -9.040500e+00
9.510000e+01 -9.040358e+00
9.520000e+01 -9.040133e+00
9.530000e+01 -9.039826e+00
9.540000e+01 -9.039438e+00
9.550000e+01 -9.038971e+00
9.560000e+01 -9.038428e+00
9.570000e+01 -9.037810e+00
9.580000e+01 -9.037121e+00
9.590000e+01 -9.036364e+00
9.600000e+01 -9.035544e+00
9.610000e+01 -9.034663e+00
9.620000e+01 -9.033726e+00
9.630000e+01 -9.032737e+00
9.640000e+01 -9.031702e+00
9.650000e+01 -9.030625e+00
9.660000e+01 -9.029511e+00
9.670000e+01 -9.028366e+00
9.680000e+01 -9.027195e+00
9.690000e+01 -9.026004e+00
9.700000e+01 -9.024798e+00
9.710000e+01 -9.023583e+00
9.720000e+01 -9.022365e+00
9.730000e+01 -9.021150e+00
9.740000e+01 -9.019943e+00
9.750000e+01 -9.018751e+00
9.760000e+01 -9.017578e+00
9.770000e+01 -9.016430e+00
9.780000e+01 -9.015314e+00
9.790000e+01 -9.014233e+00
9.800000e+01 -9.013194e+00
9.810000e+01 -9.012201e+00
9.820000e+01 -9.011259e+00
9.830000e+01 -9.010373e+00
9.840000e+01 -9.009546e+00
9.850000e+01 -9.008783e+00
9.860000e+01 -9.008088e+00
9.870000e+01 -9.007463e+00
9.880000e+01 -9.006912e+00
9.890000e+01 -9.006437e+00
9.900000e+01 -9.006042e+00
9.910000e+01 -9.005727e+00
9.920000e+01 -9.005494e+00
9.930000e+01 -9.005345e+00
9.940000e+01 -9.005281e+00
9.950000e+01 -9.005301e+00
9.960000e+01 -9.005406e+00
9.970000e+01 -9.005595e+00
9.980000e+01 -9.005868e+00
9.990000e+01 -9.006223e+00
1.000000e+02 -9.006659e+00
1.001000e+02 -9.007174e+00
1.002000e+02 -9.007765e+00
1.003000e+02 -9.008429e+00
1.004000e+02 -9.009164e+00
1.005000e+02 -9.009966e+00
1.006000e+02 -9.010832e+00
1.007000e+02 -9.011757e+00
1.008000e+02 -9.012736e+00
1.009000e+02 -9.013766e+00
1.010000e+02 -9.014841e+00
1.011000e+02 -9.015956e+00
1.012000e+02 -9.017106e+00
1.013000e+02 -9.018285e+00
1.014000e+02 -9.019488e+00
1.015000e+02 -9.020708e+00
1.016000e+02 -9.021941e+00
1.017000e+02 -9.023179e+00
1.018000e+02 -9.024417e+00
1.019000e+02 -9.025650e+00
1.020000e+02 -9.026870e+00
1.021000e+02 -9.028072e+00
1.022000e+02 -9.029250e+00
1.023000e+02 -9.030398e+00
1.024000e+02 -9.031512e+00
1.025000e+02 -9.032584e+00
1.026000e+02 -9.033611e+00
1.027000e+02 -9.034587e+00
1.028000e+02 -9.035507e+00
1.029000e+02 -9.036367e+00
1.030000e+02 -9.037163e+00
1.031000e+02 -9.037891e+00
1.032000e+02 -9.038546e+00
1.033000e+02 -9.039127e+00
1.034000e+02 -9.039629e+00
1.035000e+02 -9.040052e+00
1.036000e+02 -9.040391e+00
1.037000e+02 -9.040646e+00
1.038000e+02 -9.040816e+00
1.039000e+02 -9.040900e+00
1.040000e+02 -9.040896e+00
1.041000e+02 -9.040806e+00
1.042000e+02 -9.040629e+00
1.043000e+02 -9.040366e+00
1.044000e+02 -9.040019e+00
1.045000e+02 -9.039589e+00
1.046000e+02 -9.039078e+00
1.047000e+02 -9.038489e+00
1.048000e+02 -9.037824e+00
1.049000e+02 -9.037087e+00
1.050000e+02 -9.036282e+00
1.051000e+02 -9.035412e+00
1.052000e+02 -9.034481e+00
1.053000e+02 -9.033495e+00
1.054000e+02 -9.032457e+00
1.055000e+02 -9.031374e+00
1.056000e+02 -9.030249e+00
1.057000e+02 -9.029090e+00
1.058000e+02 -9.027901e+00
1.059000e+02 -9.026689e+00
1.060000e+02 -9.025458e+00
1.061000e+02 -9.024217e+00
1.062000e+02 -9.022969e+00
1.063000e+02 -9.021723e+00
1.064000e+02 -9.020483e+00
1.065000e+02 -9.019256e+00
1.066000e+02 -9.018048e+00
1.067000e+02 -9.016864e+00
1.068000e+02 -9.015712e+00
1.069000e+02 -9.014596e+00
1.070000e+02 -9.013522e+00
1.071000e+02 -9.012496e+00
1.072000e+02 -9.011521e+00
1.073000e+02 -9.010604e+00
1.074000e+02 -9.009748e+00
1.075000e+02 -9.008958e+00
1.076000e+02 -9.008238e+00
1.077000e+02 -9.007590e+00
1.078000e+02 -9.007019e+00
1.079000e+02 -9.006527e+00
1.080000e+02 -9.006116e+00
1.081000e+02 -9.005788e+00
1.082000e+02 -9.005544e+00
1.083000e+02 -9.005387e+00
1.084000e+02 -9.005316e+00
1.085000e+02 -9.005332e+00
1.086000e+02 -9.005434e+00
1.087000e+02 -9.005622e+00
1.088000e+02 -9.005895e+00
1.089000e+02 -9.006252e+00
1.090000e+02 -9.006691e+00
1.091000e+02 -9.007209e+00
1.092000e+02 -9.007804e+00
1.093000e+02 -9.008473e+00
1.094000e+02 -9.009213e+00
1.095000e+02 -9.010020e+00
1.096000e+02 -9.010890e+00
1.097000e+02 -9.011819e+00
1.098000e+02 -9.012801e+00
1.099000e+02 -9.013833e+00
1.100000e+02 -9.014910e+00
1.101000e+02 -9.016025e+00
1.102000e+02 -9.017174e+00
1.103000e+02 -9.018351e+00
1.104000e+02 -9.019549e+00
1.105000e+02 -9.020765e+00
1.106000e+02 -9.021990e+00
1.107000e+02 -9.023220e+00
1.108000e+02 -9.024449e+00
1.109000e+02 -9.025671e+00
1.110000e+02 -9.026879e+00
1.111000e+02 -9.028068e+00
1.112000e+02 -9.029232e+00
1.113000e+02 -9.030366e+00
1.114000e+02 -9.031464e+00
1.115000e+02 -9.032520e+00
1.116000e+02 -9.033530e+00
1.117000e+02 -9.034488e+00
1.118000e+02 -9.035391e+00
1.119000e+02 -9.036233e+00
1.120000e+02 -9.037011e+00
1.121000e+02 -9.037720e+00
1.122000e+02 -9.038358e+00
1.123000e+02 -9.038922e+00
1.124000e+02 -9.039408e+00
1.125000e+02 -9.039815e+00
1.126000e+02 -9.040141e+00
1.127000e+02 -9.040383e+00
1.128000e+02 -9.040542e+00
1.129000e+02 -9.040616e+00
1.130000e+02 -9.040605e+00
1.131000e+02 -9.040508e+00
1.132000e+02 -9.040328e+00
1.133000e+02 -9.040064e+00
1.134000e+02 -9.039717e+00
1.135000e+02 -9.039290e+00
1.136000e+02 -9.038785e+00
1.137000e+02 -9.038203e+00
1.138000e+02 -9.037549e+00
1.139000e+02 -9.036824e+00
1.140000e+02 -9.036034e+00
1.141000e+02 -9.035180e+00
1.142000e+02 -9.034268e+00
1.143000e+02 -9.033302e+00
1.144000e+02 -9.032287e+00
1.145000e+02 -9.031227e+00
1.146000e+02 -9.030127e+00
1.147000e+02 -9.028994e+00
1.148000e+02 -9.027832e+00
1.149000e+02 -9.026647e+00
1.150000e+02 -9.025444e+00
1.151000e+02 -9.024230e+00
1.152000e+02 -9.023010e+00
1.153000e+02 -9.021790e+00
1.154000e+02 -9.020576e+00
1.155000e+02 -9.019374e+00
1.156000e+02 -9.018189e+00
1.157000e+02 -9.017027e+00
1.158000e+02 -9.015894e+00
1.159000e+02 -9.014795e+00
1.160000e+02 -9.013736e+00
1.161000e+02 -9.012721e+00
1.162000e+02 -9.011755e+00
1.163000e+02 -9.010843e+00
1.164000e+02 -9.009990e+00
1.165000e+02 -9.009200e+00
1.166000e+02 -9.008476e+00
1.167000e+02 -9.007822e+00
1.168000e+02 -9.007241e+00
1.169000e+02 -9.006736e+00
1.170000e+02 -9.006310e+00
1.171000e+02 -9.005964e+00
1.172000e+02 -9.005700e+00
1.173000e+02 -9.005521e+00
1.174000e+02 -9.005425e+00
1.175000e+02 -9.005415e+00
1.176000e+02 -9.005490e+00
1.177000e+02 -9.005649e+00
1.178000e+02 -9.005893e+00
1.179000e+02 -9.006219e+00
1.180000e+02 -9.006626e+00
1.181000e+02 -9.007112e+00
1.182000e+02 -9.007676e+00
1.183000e+02 -9.008313e+00
1.184000e+02 -9.009022e+00
1.185000e+02 -9.009798e+00
1.186000e+02 -9.010638e+00
1.187000e+02 -9.011538e+00
1.188000e+02 -9.012493e+00
1.189000e+02 -9.013498e+00
1.190000e+02 -9.014550e+00
1.191000e+02 -9.015642e+00
1.192000e+02 -9.016770e+00
1.193000e+02 -9.017928e+00
1.194000e+02 -9.019109e+00
1.195000e+02 -9.020310e+00
1.196000e+02 -9.021522e+00
1.197000e+02 -9.022742e+00
1.198000e+02 -9.023962e+00
1.199000e+02 -9.025177e+00
1.200000e+02 -9.026380e+00
1.201000e+02 -9.027566e+00
1.202000e+02 -9.028730e+00
1.203000e+02 -9.029865e+00
1.204000e+02 -9.030965e+00
1.205000e+02 -9.032026e+00
1.206000e+02 -9.033042e+00
1.207000e+02 -9.034009e+00
1.208000e+02 -9.034921e+00
1.209000e+02 -9.035774e+00
1.210000e+02 -9.036564e+00
1.211000e+02 -9.037288e+00
1.212000e+02 -9.037941e+00
1.213000e+02 -9.038520e+00
1.214000e+02 -9.039023e+00
1.215000e+02 -9.039447e+00
1.216000e+02 -9.039790e+00
1.217000e+02 -9.040051e+00
1.218000e+02 -9.040228e+00
1.219000e+02 -9.040320e+00
1.220000e+02 -9.040327e+00
1.221000e+02 -9.040249e+00
1.222000e+02 -9.040087e+00
1.223000e+02 -9.039840e+00
1.224000e+02 -9.039511e+00
1.225000e+02 -9.039101e+00
1.226000e+02 -9.038612e+00
1.227000e+02 -9.038047e+00
1.228000e+02 -9.037408e+00
1.229000e+02 -9.036699e+00
1.230000e+02 -9.035923e+00
1.231000e+02 -9.035084e+00
1.232000e+02 -9.034186e+00
1.233000e+02 -9.033234e+00
1.234000e+02 -9.032232e+00
1.235000e+02 -9.031186e+00
1.236000e+02 -9.030100e+00
1.237000e+02 -9.028981e+00
1.238000e+02 -9.027833e+00
1.239000e+02 -9.026662e+00
1.240000e+02 -9.025474e+00
1.241000e+02 -9.024275e+00
1.242000e+02 -9.023071e+00
1.243000e+02 -9.021868e+00
1.244000e+02 -9.020671e+00
1.245000e+02 -9.019487e+00
1.246000e+02 -9.018320e+00
1.247000e+02 -9.017178e+00
1.248000e+02 -9.016065e+00
1.249000e+02 -9.014987e+00
1.250000e+02 -9.013950e+00
1.251000e+02 -9.012957e+00
1.252000e+02 -9.012015e+00
1.253000e+02 -9.011127e+00
1.254000e+02 -9.010298e+00
1.255000e+02 -9.009531e+00
1.256000e+02 -9.008832e+00
1.257000e+02 -9.008202e+00
1.258000e+02 -9.007644e+00
1.259000e+02 -9.007163e+00
1.260000e+02 -9.006758e+00
1.261000e+02 -9.006434e+00
1.262000e+02 -9.006190e+00
1.263000e+02 -9.006029e+00
1.264000e+02 -9.005950e+00
1.265000e+02 -9.005954e+00
1.266000e+02 -9.006040e+00
1.267000e+02 -9.006209e+00
1.268000e+02 -9.006460e+00
1.269000e+02 -9.006790e+00
1.270000e+02 -9.007199e+00
1.271000e+02 -9.007684e+00
1.272000e+02 -9.008243e+00
1.273000e+02 -9.008873e+00
1.274000e+02 -9.009570e+00
1.275000e+02 -9.010333e+00
1.276000e+02 -9.011155e+00
1.277000e+02 -9.012035e+00
1.278000e+02 -9.012966e+00
1.279000e+02 -9.013946e+00
1.280000e+02 -9.014968e+00
1.281000e+02 -9.016028e+00
1.282000e+02 -9.017121e+00
1.283000e+02 -9.018242e+00
1.284000e+02 -9.019384e+00
1.285000e+02 -9.020543e+00
1.286000e+02 -9.021712e+00
1.287000e+02 -9.022887e+00
1.288000e+02 -9.024062e+00
1.289000e+02 -9.025230e+00
1.290000e+02 -9.026387e+00
1.291000e+02 -9.027526e+00
1.292000e+02 -9.028643e+00
1.293000e+02 -9.029731e+00
1.294000e+02 -9.030787e+00
1.295000e+02 -9.031804e+00
1.296000e+02 -9.032779e+00
1.297000e+02 -9.033706e+00
1.298000e+02 -9.034580e+00
1.299000e+02 -9.035399e+00
1.300000e+02 -9.036158e+00
1.301000e+02 -9.036854e+00
1.302000e+02 -9.037483e+00
1.303000e+02 -9.038042e+00
1.304000e+02 -9.038529e+00
1.305000e+02 -9.038941e+00
1.306000e+02 -9.039277e+00
1.307000e+02 -9.039535e+00
1.308000e+02 -9.039713e+00
1.309000e+02 -9.039812e+00
1.310000e+02 -9.039831e+00
1.311000e+02 -9.039769e+00
1.312000e+02 -9.039627e+00
1.313000e+02 -9.039406e+00
1.314000e+02 -9.039108e+00
1.315000e+02 -9.038732e+00
1.316000e+02 -9.038282e+00
1.317000e+02 -9.037759e+00
1.318000e+02 -9.037167e+00
1.319000e+02 -9.036507e+00
1.320000e+02 -9.035783e+00
1.321000e+02 -9.034999e+00
1.322000e+02 -9.034159e+00
1.323000e+02 -9.033266e+00
1.324000e+02 -9.032324e+00
1.325000e+02 -9.031339e+00
1.326000e+02 -9.030315e+00
1.327000e+02 -9.029256e+00
1.328000e+02 -9.028169e+00
1.329000e+02 -9.027058e+00
1.330000e+02 -9.025928e+00
1.331000e+02 -9.024785e+00
1.332000e+02 -9.023634e+00
1.333000e+02 -9.022482e+00
1.334000e+02 -9.021332e+00
1.335000e+02 -9.020192e+00
1.336000e+02 -9.019066e+00
1.337000e+02 -9.017961e+00
1.338000e+02 -9.016880e+00
1.339000e+02 -9.015829e+00
1.340000e+02 -9.014814e+00
1.341000e+02 -9.013840e+00
1.342000e+02 -9.012910e+00
1.343000e+02 -9.012029e+00
1.344000e+02 -9.011202e+00
1.345000e+02 -9.010432e+00
1.346000e+02 -9.009723e+00
1.347000e+02 -9.009079e+00
1.348000e+02 -9.008502e+00
1.349000e+02 -9.007996e+00
1.350000e+02 -9.007562e+00
1.351000e+02 -9.007203e+00
1.352000e+02 -9.006921e+00
1.353000e+02 -9.006716e+00
1.354000e+02 -9.006591e+00
1.355000e+02 -9.006545e+00
1.356000e+02 -9.006579e+00
1.357000e+02 -9.006692e+00
1.358000e+02 -9.006885e+00
1.359000e+02 -9.007155e+00
1.360000e+02 -9.007502e+00
1.361000e+02 -9.007924e+00
1.362000e+02 -9.008419e+00
1.363000e+02 -9.008984e+00
1.364000e+02 -9.009617e+00
1.365000e+02 -9.010315e+00
1.366000e+02 -9.011074e+00
1.367000e+02 -9.011891e+00
1.368000e+02 -9.012761e+00
1.369000e+02 -9.013680e+00
1.370000e+02 -9.014645e+00
1.371000e+02 -9.015650e+00
1.372000e+02 -9.016691e+00
1.373000e+02 -9.017761e+00
1.374000e+02 -9.018857e+00
1.375000e+02 -9.019973e+00
1.376000e+02 -9.021104e+00
1.377000e+02 -9.022243e+00
1.378000e+02 -9.023386e+00
1.379000e+02 -9.024526e+00
1.380000e+02 -9.025659e+00
1.381000e+02 -9.026779e+00
1.382000e+02 -9.027880e+00
1.383000e+02 -9.028957e+00
1.384000e+02 -9.030004e+00
1.385000e+02 -9.031017e+00
1.386000e+02 -9.031990e+00
1.387000e+02 -9.032920e+00
1.388000e+02 -9.033800e+00
1.389000e+02 -9.034628e+00
1.390000e+02 -9.035399e+00
1.391000e+02 -9.036109e+00
1.392000e+02 -9.036755e+00
1.393000e+02 -9.037334e+00
1.394000e+02 -9.037843e+00
1.395000e+02 -9.038279e+00
1.396000e+02 -9.038641e+00
1.397000e+02 -9.038927e+00
1.398000e+02 -9.039135e+00
1.399000e+02 -9.039265e+00
1.400000e+02 -9.039315e+00
1.401000e+02 -9.039287e+00
1.402000e+02 -9.039179e+00
1.403000e+02 -9.038993e+00
1.404000e+02 -9.038729e+00
1.405000e+02 -9.038389e+00
1.406000e+02 -9.037974e+00
1.407000e+02 -9.037487e+00
1.408000e+02 -9.036930e+00
1.409000e+02 -9.036305e+00
1.410000e+02 -9.035617e+00
1.411000e+02 -9.034867e+00
1.412000e+02 -9.034060e+00
1.413000e+02 -9.033201e+00
1.414000e+02 -9.032292e+00
1.415000e+02 -9.031338e+00
1.416000e+02 -9.030345e+00
1.417000e+02 -9.029317e+00
1.418000e+02 -9.028258e+00
1.419000e+02 -9.027175e+00
1.420000e+02 -9.026073e+00
1.421000e+02 -9.024955e+00
1.422000e+02 -9.023830e+00
1.423000e+02 -9.022700e+00
1.424000e+02 -9.021573e+00
1.425000e+02 -9.020453e+00
1.426000e+02 -9.019346e+00
1.427000e+02 -9.018256e+00
1.428000e+02 -9.017191e+00
1.429000e+02 -9.016153e+00
1.430000e+02 -9.015150e+00
1.431000e+02 -9.014184e+00
1.432000e+02 -9.013261e+00
1.433000e+02 -9.012386e+00
1.434000e+02 -9.011562e+00
1.435000e+02 -9.010793e+00
1.436000e+02 -9.010084e+00
1.437000e+02 -9.009437e+00
1.438000e+02 -9.008855e+00
1.439000e+02 -9.008342e+00
1.440000e+02 -9.007899e+00
1.441000e+02 -9.007529e+00
1.442000e+02 -9.007234e+00
1.443000e+02 -9.007014e+00
1.444000e+02 -9.006871e+00
1.445000e+02 -9.006805e+00
1.446000e+02 -9.006817e+00
1.447000e+02 -9.006906e+00
1.448000e+02 -9.007072e+00
1.449000e+02 -9.007314e+00
1.450000e+02 -9.007630e+00
1.451000e+02 -9.008020e+00
1.452000e+02 -9.008481e+00
1.453000e+02 -9.009011e+00
1.454000e+02 -9.009607e+00
1.455000e+02 -9.010267e+00
1.456000e+02 -9.010987e+00
1.457000e+02 -9.011763e+00
1.458000e+02 -9.012592e+00
1.459000e+02 -9.013471e+00
1.460000e+02 -9.014393e+00
1.461000e+02 -9.015357e+00
1.462000e+02 -9.016356e+00
1.463000e+02 -9.017385e+00
1.464000e+02 -9.018441e+00
1.465000e+02 -9.019518e+00
1.466000e+02 -9.020610e+00
1.467000e+02 -9.021713e+00
1.468000e+02 -9.022821e+00
1.469000e+02 -9.023930e+00
1.470000e+02 -9.025033e+00
1.471000e+02 -9.026125e+00
1.472000e+02 -9.027202e+00
1.473000e+02 -9.028258e+00
1.474000e+02 -9.029288e+00
1.475000e+02 -9.030288e+00
1.476000e+02 -9.031252e+00
1.477000e+02 -9.032176e+00
1.478000e+02 -9.033056e+00
1.479000e+02 -9.033887e+00
1.480000e+02 -9.034666e+00
1.481000e+02 -9.035389e+00
1.482000e+02 -9.036053e+00
1.483000e+02 -9.036653e+00
1.484000e+02 -9.037189e+00
1.485000e+02 -9.037656e+00
1.486000e+02 -9.038053e+00
1.487000e+02 -9.038378e+00
1.488000e+02 -9.038630e+00
1.489000e+02 -9.038806e+00
1.490000e+02 -9.038907e+00
1.491000e+02 -9.038931e+00
1.492000e+02 -9.038879e+00
1.493000e+02 -9.038751e+00
1.494000e+02 -9.038548e+00
1.495000e+02 -9.038270e+00
1.496000e+02 -9.037918e+00
1.497000e+02 -9.037496e+00
1.498000e+02 -9.037004e+00
1.499000e+02 -9.036444e+00
1.500000e+02 -9.035820e+00
1.501000e+02 -9.035135e+00
1.502000e+02 -9.034392e+00
1.503000e+02 -9.033594e+00
1.504000e+02 -9.032745e+00
1.505000e+02 -9.031850e+00
1.506000e+02 -9.030912e+00
1.507000e+02 -9.029936e+00
1.508000e+02 -9.028927e+00
1.509000e+02 -9.027890e+00
1.510000e+02 -9.026829e+00
1.511000e+02 -9.025750e+00
1.512000e+02 -9.024658e+00
1.513000e+02 -9.023558e+00
1.514000e+02 -9.022456e+00
1.515000e+02 -9.021356e+00
1.516000e+02 -9.020264e+00
1.517000e+02 -9.019185e+00
1.518000e+02 -9.018124e+00
1.519000e+02 -9.017088e+00
1.520000e+02 -9.016079e+00
1.521000e+02 -9.015105e+00
1.522000e+02 -9.014168e+00
1.523000e+02 -9.013274e+00
1.524000e+02 -9.012427e+00
1.525000e+02 -9.011632e+00
1.526000e+02 -9.010891e+00
1.527000e+02 -9.010209e+00
1.528000e+02 -9.009589e+00
1.529000e+02 -9.009035e+00
1.530000e+02 -9.008547e+00
1.531000e+02 -9.008130e+00
1.532000e+02 -9.007785e+00
1.533000e+02 -9.007514e+00
1.534000e+02 -9.007318e+00
1.535000e+02 -9.007199e+00
1.536000e+02 -9.007156e+00
1.537000e+02 -9.007190e+00
1.538000e+02 -9.007301e+00
1.539000e+02 -9.007489e+00
1.540000e+02 -9.007752e+00
1.541000e+02 -9.008089e+00
1.542000e+02 -9.008500e+00
1.543000e+02 -9.008981e+00
1.544000e+02 -9.009531e+00
1.545000e+02 -9.010147e+00
1.546000e+02 -9.010826e+00
1.547000e+02 -9.011565e+00
1.548000e+02 -9.012360e+00
1.549000e+02 -9.013207e+00
1.550000e+02 -9.014102e+00
1.551000e+02 -9.015041e+00
1.552000e+02 -9.016020e+00
1.553000e+02 -9.017033e+00
1.554000e+02 -9.018075e+00
1.555000e+02 -9.019142e+00
1.556000e+02 -9.020228e+00
1.557000e+02 -9.021329e+00
1.558000e+02 -9.022437e+00
1.559000e+02 -9.023550e+00
1.560000e+02 -9.024660e+00
1.561000e+02 -9.025762e+00
1.562000e+02 -9.026852e+00
1.563000e+02 -9.027923e+00
1.564000e+02 -9.028971e+00
1.565000e+02 -9.029990e+00
1.566000e+02 -9.030976e+00
1.567000e+02 -9.031923e+00
1.568000e+02 -9.032828e+00
1.569000e+02 -9.033685e+00
1.570000e+02 -9.034491e+00
1.571000e+02 -9.035241e+00
1.572000e+02 -9.035932e+00
1.573000e+02 -9.036560e+00
1.574000e+02 -9.037123e+00
1.575000e+02 -9.037618e+00
1.576000e+02 -9.038042e+00
1.577000e+02 -9.038393e+00
1.578000e+02 -9.038669e+00
1.579000e+02 -9.038870e+00
1.580000e+02 -9.038995e+00
1.581000e+02 -9.039042e+00
1.582000e+02 -9.039011e+00
1.583000e+02 -9.038904e+00
1.584000e+02 -9.038720e+00
1.585000e+02 -9.038460e+00
1.586000e+02 -9.038125e+00
1.587000e+02 -9.037718e+00
1.588000e+02 -9.037240e+00
1.589000e+02 -9.036694e+00
1.590000e+02 -9.036081e+00
1.591000e+02 -9.035406e+00
1.592000e+02 -9.034671e+00
1.593000e+02 -9.033880e+00
1.594000e+02 -9.033037e+00
1.595000e+02 -9.032146e+00
1.596000e+02 -9.031211e+00
1.597000e+02 -9.030236e+00
1.598000e+02 -9.029228e+00
1.599000e+02 -9.028190e+00
1.600000e+02 -9.027128e+00
1.601000e+02 -9.026046e+00
1.602000e+02 -9.024950e+00
1.603000e+02 -9.023846e+00
1.604000e+02 -9.022738e+00
1.605000e+02 -9.021633e+00
1.606000e+02 -9.020535e+00
1.607000e+02 -9.019449e+00
1.608000e+02 -9.018381e+00
1.609000e+02 -9.017337e+00
1.610000e+02 -9.016320e+00
1.611000e+02 -9.015337e+00
1.612000e+02 -9.014391e+00
1.613000e+02 -9.013487e+00
1.614000e+02 -9.012629e+00
1.615000e+02 -9.011822e+00
1.616000e+02 -9.011070e+00
1.617000e+02 -9.010376e+00
1.618000e+02 -9.009743e+00
1.619000e+02 -9.009174e+00
1.620000e+02 -9.008672e+00
1.621000e+02 -9.008240e+00
1.622000e+02 -9.007880e+00
1.623000e+02 -9.007592e+00
1.624000e+02 -9.007379e+00
1.625000e+02 -9.007242e+00
1.626000e+02 -9.007180e+00
1.627000e+02 -9.007195e+00
1.628000e+02 -9.007287e+00
1.629000e+02 -9.007454e+00
1.630000e+02 -9.007696e+00
1.631000e+02 -9.008011e+00
1.632000e+02 -9.008398e+00
1.633000e+02 -9.008856e+00
1.634000e+02 -9.009382e+00
1.635000e+02 -9.009972e+00
1.636000e+02 -9.010626e+00
1.637000e+02 -9.011338e+00
1.638000e+02 -9.012106e+00
1.639000e+02 -9.012927e+00
1.640000e+02 -9.013795e+00
1.641000e+02 -9.014707e+00
1.642000e+02 -9.015659e+00
1.643000e+02 -9.016646e+00
1.644000e+02 -9.017663e+00
1.645000e+02 -9.018706e+00
1.646000e+02 -9.019768e+00
1.647000e+02 -9.020846e+00
1.648000e+02 -9.021934e+00
1.649000e+02 -9.023026e+00
1.650000e+02 -9.024118e+00
1.651000e+02 -9.025204e+00
1.652000e+02 -9.026279e+00
1.653000e+02 -9.027338e+00
1.654000e+02 -9.028376e+00
1.655000e+02 -9.029387e+00
1.656000e+02 -9.030367e+00
1.657000e+02 -9.031310e+00
1.658000e+02 -9.032214e+00
1.659000e+02 -9.033072e+00
1.660000e+02 -9.033881e+00
1.661000e+02 -9.034637e+00
1.662000e+02 -9.035337e+00
1.663000e+02 -9.035977e+00
1.664000e+02 -9.036554e+00
1.665000e+02 -9.037065e+00
1.666000e+02 -9.037507e+00
1.667000e+02 -9.037879e+00
1.668000e+02 -9.038179e+00
1.669000e+02 -9.038405e+00
1.670000e+02 -9.038557e+00
1.671000e+02 -9.038633e+00
1.672000e+02 -9.038632e+00
1.673000e+02 -9.038556e+00
1.674000e+02 -9.038405e+00
1.675000e+02 -9.038178e+00
1.676000e+02 -9.037877e+00
1.677000e+02 -9.037504e+00
1.678000e+02 -9.037061e+00
1.679000e+02 -9.036548e+00
1.680000e+02 -9.035970e+00
1.681000e+02 -9.035328e+00
1.682000e+02 -9.034627e+00
1.683000e+02 -9.033868e+00
1.684000e+02 -9.033056e+00
1.685000e+02 -9.032195e+00
1.686000e+02 -9.031289e+00
1.687000e+02 -9.030343e+00
1.688000e+02 -9.029360e+00
1.689000e+02 -9.028346e+00
1.690000e+02 -9.027306e+00
1.691000e+02 -9.026244e+00
1.692000e+02 -9.025166e+00
1.693000e+02 -9.024078e+00
1.694000e+02 -9.022983e+00
1.695000e+02 -9.021888e+00
1.696000e+02 -9.020798e+00
1.697000e+02 -9.019719e+00
1.698000e+02 -9.018655e+00
1.699000e+02 -9.017611e+00
1.700000e+02 -9.016594e+00
1.701000e+02 -9.015607e+00
1.702000e+02 -9.014655e+00
1.703000e+02 -9.013744e+00
1.704000e+02 -9.012878e+00
1.705000e+02 -9.012060e+00
1.706000e+02 -9.011295e+00
1.707000e+02 -9.010587e+00
1.708000e+02 -9.009940e+00
1.709000e+02 -9.009355e+00
1.710000e+02 -9.008837e+00
1.711000e+02 -9.008388e+00
1.712000e+02 -9.008010e+00
1.713000e+02 -9.007704e+00
1.714000e+02 -9.007473e+00
1.715000e+02 -9.007318e+00
1.716000e+02 -9.007239e+00
1.717000e+02 -9.007237e+00
1.718000e+02 -9.007311e+00
1.719000e+02 -9.007461e+00
1.720000e+02 -9.007688e+00
1.721000e+02 -9.007988e+00
1.722000e+02 -9.008362e+00
1.723000e+02 -9.008807e+00
1.724000e+02 -9.009321e+00
1.725000e+02 -9.009901e+00
1.726000e+02 -9.010545e+00
1.727000e+02 -9.011250e+00
1.728000e+02 -9.012011e+00
1.729000e+02 -9.012826e+00
1.730000e+02 -9.013691e+00
1.731000e+02 -9.014600e+00
1.732000e+02 -9.015551e+00
1.733000e+02 -9.016537e+00
1.734000e+02 -9.017554e+00
1.735000e+02 -9.018598e+00
1.736000e+02 -9.019663e+00
1.737000e+02 -9.020744e+00
1.738000e+02 -9.021835e+00
1.739000e+02 -9.022932e+00
1.740000e+02 -9.024029e+00
1.741000e+02 -9.025120e+00
1.742000e+02 -9.026201e+00
1.743000e+02 -9.027265e+00
1.744000e+02 -9.028309e+00
1.745000e+02 -9.029326e+00
1.746000e+02 -9.030312e+00
1.747000e+02 -9.031261e+00
1.748000e+02 -9.032171e+00
1.749000e+02 -9.033035e+00
1.750000e+02 -9.033850e+00
1.751000e+02 -9.034612e+00
1.752000e+02 -9.035317e+00
1.753000e+02 -9.035962e+00
1.754000e+02 -9.036544e+00
1.755000e+02 -9.037060e+00
1.756000e+02 -9.037507e+00
1.757000e+02 -9.037884e+00
1.758000e+02 -9.038189e+00
1.759000e+02 -9.038419e+00
1.760000e+02 -9.038575e+00
1.761000e+02 -9.038655e+00
1.762000e+02 -9.038660e+00
1.763000e+02 -9.038588e+00
1.764000e+02 -9.038441e+00
1.765000e+02 -9.038219e+00
1.766000e+02 -9.037924e+00
1.767000e+02 -9.037557e+00
1.768000e+02 -9.037120e+00
1.769000e+02 -9.036615e+00
1.770000e+02 -9.036045e+00
1.771000e+02 -9.035412e+00
1.772000e+02 -9.034720e+00
1.773000e+02 -9.033973e+00
1.774000e+02 -9.033173e+00
1.775000e+02 -9.032324e+00
1.776000e+02 -9.031432e+00
1.777000e+02 -9.030500e+00
1.778000e+02 -9.029533e+00
1.779000e+02 -9.028536e+00
1.780000e+02 -9.027513e+00
1.781000e+02 -9.026470e+00
1.782000e+02 -9.025411e+00
1.783000e+02 -9.024342e+00
1.784000e+02 -9.023267e+00
1.785000e+02 -9.022193e+00
1.786000e+02 -9.021124e+00
1.787000e+02 -9.020066e+00
1.788000e+02 -9.019023e+00
1.789000e+02 -9.018001e+00
1.790000e+02 -9.017005e+00
1.791000e+02 -9.016039e+00
1.792000e+02 -9.015108e+00
1.793000e+02 -9.014217e+00
1.794000e+02 -9.013369e+00
1.795000e+02 -9.012569e+00
1.796000e+02 -9.011821e+00
1.797000e+02 -9.011128e+00
1.798000e+02 -9.010494e+00
1.799000e+02 -9.009921e+00
1.800000e+02 -9.009412e+00
1.801000e+02 -9.008970e+00
1.802000e+02 -9.008596e+00
1.803000e+02 -9.008293e+00
1.804000e+02 -9.008061e+00
1.805000e+02 -9.007902e+00
1.806000e+02 -9.007817e+00
1.807000e+02 -9.007806e+00
1.808000e+02 -9.007868e+00
1.809000e+02 -9.008004e+00
1.810000e+02 -9.008213e+00
1.811000e+02 -9.008494e+00
1.812000e+02 -9.008845e+00
1.813000e+02 -9.009265e+00
1.814000e+02 -9.009751e+00
1.815000e+02 -9.010302e+00
1.816000e+02 -9.010914e+00
1.817000e+02 -9.011584e+00
1.818000e+02 -9.012310e+00
1.819000e+02 -9.013087e+00
1.820000e+02 -9.013912e+00
1.821000e+02 -9.014780e+00
1.822000e+02 -9.015688e+00
1.823000e+02 -9.016632e+00
1.824000e+02 -9.017606e+00
1.825000e+02 -9.018606e+00
1.826000e+02 -9.019627e+00
1.827000e+02 -9.020664e+00
1.828000e+02 -9.021713e+00
1.829000e+02 -9.022767e+00
1.830000e+02 -9.023823e+00
1.831000e+02 -9.024874e+00
1.832000e+02 -9.025917e+00
1.833000e+02 -9.026945e+00
1.834000e+02 -9.027954e+00
1.835000e+02 -9.028939e+00
1.836000e+02 -9.029895e+00
1.837000e+02 -9.030818e+00
1.838000e+02 -9.031703e+00
1.839000e+02 -9.032546e+00
1.840000e+02 -9.033343e+00
1.841000e+02 -9.034089e+00
1.842000e+02 -9.034782e+00
1.843000e+02 -9.035419e+00
1.844000e+02 -9.035995e+00
1.845000e+02 -9.036508e+00
1.846000e+02 -9.036956e+00
1.847000e+02 -9.037337e+00
1.848000e+02 -9.037649e+00
1.849000e+02 -9.037890e+00
1.850000e+02 -9.038059e+00
1.851000e+02 -9.038156e+00
1.852000e+02 -9.038179e+00
1.853000e+02 -9.038130e+00
1.854000e+02 -9.038007e+00
1.855000e+02 -9.037812e+00
1.856000e+02 -9.037545e+00
1.857000e+02 -9.037209e+00
1.858000e+02 -9.036803e+00
1.859000e+02 -9.036332e+00
1.860000e+02 -9.035795e+00
1.861000e+02 -9.035197e+00
1.862000e+02 -9.034541e+00
1.863000e+02 -9.033828e+00
1.864000e+02 -9.033064e+00
1.865000e+02 -9.032250e+00
1.866000e+02 -9.031393e+00
1.867000e+02 -9.030495e+00
1.868000e+02 -9.029560e+00
1.869000e+02 -9.028595e+00
1.870000e+02 -9.027602e+00
1.871000e+02 -9.026587e+00
1.872000e+02 -9.025556e+00
1.873000e+02 -9.024512e+00
1.874000e+02 -9.023461e+00
1.875000e+02 -9.022408e+00
1.876000e+02 -9.021359e+00
1.877000e+02 -9.020317e+00
1.878000e+02 -9.019290e+00
1.879000e+02 -9.018279e+00
1.880000e+02 -9.017292e+00
1.881000e+02 -9.016333e+00
1.882000e+02 -9.015407e+00
1.883000e+02 -9.014517e+00
1.884000e+02 -9.013669e+00
1.885000e+02 -9.012866e+00
1.886000e+02 -9.012112e+00
1.887000e+02 -9.011412e+00
1.888000e+02 -9.010767e+00
1.889000e+02 -9.010182e+00
1.890000e+02 -9.009660e+00
1.891000e+02 -9.009201e+00
1.892000e+02 -9.008810e+00
1.893000e+02 -9.008488e+00
1.894000e+02 -9.008236e+00
1.895000e+02 -9.008055e+00
1.896000e+02 -9.007947e+00
1.897000e+02 -9.007911e+00
1.898000e+02 -9.007949e+00
1.899000e+02 -9.008059e+00
1.900000e+02 -9.008241e+00
1.901000e+02 -9.008494e+00
1.902000e+02 -9.008818e+00
1.903000e+02 -9.009209e+00
1.904000e+02 -9.009667e+00
1.905000e+02 -9.010188e+00
1.906000e+02 -9.010771e+00
1.907000e+02 -9.011413e+00
1.908000e+02 -9.012110e+00
1.909000e+02 -9.012859e+00
1.910000e+02 -9.013656e+00
1.911000e+02 -9.014498e+00
1.912000e+02 -9.015380e+00
1.913000e+02 -9.016298e+00
1.914000e+02 -9.017247e+00
1.915000e+02 -9.018224e+00
1.916000e+02 -9.019222e+00
1.917000e+02 -9.020238e+00
1.918000e+02 -9.021266e+00
1.919000e+02 -9.022301e+00
1.920000e+02 -9.023338e+00
1.921000e+02 -9.024373e+00
1.922000e+02 -9.025400e+00
1.923000e+02 -9.026414e+00
1.924000e+02 -9.027410e+00
1.925000e+02 -9.028384e+00
1.926000e+02 -9.029330e+00
1.927000e+02 -9.030245e+00
1.928000e+02 -9.031123e+00
1.929000e+02 -9.031961e+00
1.930000e+02 -9.032755e+00
1.931000e+02 -9.033500e+00
1.932000e+02 -9.034194e+00
1.933000e+02 -9.034833e+00
1.934000e+02 -9.035413e+00
1.935000e+02 -9.035933e+00
1.936000e+02 -9.036390e+00
1.937000e+02 -9.036781e+00
1.938000e+02 -9.037105e+00
1.939000e+02 -9.037360e+00
1.940000e+02 -9.037545e+00
1.941000e+02 -9.037660e+00
1.942000e+02 -9.037704e+00
1.943000e+02 -9.037676e+00
1.944000e+02 -9.037577e+00
1.945000e+02 -9.037408e+00
1.946000e+02 -9.037169e+00
1.947000e+02 -9.036862e+00
1.948000e+02 -9.036488e+00
1.949000e+02 -9.036048e+00
1.950000e+02 -9.035547e+00
1.951000e+02 -9.034984e+00
1.952000e+02 -9.034365e+00
1.953000e+02 -9.033691e+00
1.954000e+02 -9.032966e+00
1.955000e+02 -9.032193e+00
1.956000e+02 -9.031376e+00
1.957000e+02 -9.030520e+00
1.958000e+02 -9.029628e+00
1.959000e+02 -9.028705e+00
1.960000e+02 -9.027755e+00
1.961000e+02 -9.026783e+00
1.962000e+02 -9.025793e+00
1.963000e+02 -9.024790e+00
1.964000e+02 -9.023780e+00
1.965000e+02 -9.022766e+00
1.966000e+02 -9.021754e+00
1.967000e+02 -9.020749e+00
1.968000e+02 -9.019756e+00
1.969000e+02 -9.018778e+00
1.970000e+02 -9.017822e+00
1.971000e+02 -9.016891e+00
1.972000e+02 -9.015990e+00
1.973000e+02 -9.015123e+00
1.974000e+02 -9.014295e+00
1.975000e+02 -9.013509e+00
1.976000e+02 -9.012770e+00
1.977000e+02 -9.012080e+00
1.978000e+02 -9.011443e+00
1.979000e+02 -9.010862e+00
1.980000e+02 -9.010340e+00
1.981000e+02 -9.009879e+00
1.982000e+02 -9.009482e+00
1.983000e+02 -9.009150e+00
1.984000e+02 -9.008885e+00
1.985000e+02 -9.008688e+00
1.986000e+02 -9.008560e+00
1.987000e+02 -9.008502e+00
1.988000e+02 -9.008513e+00
1.989000e+02 -9.008594e+00
1.990000e+02 -9.008745e+00
1.991000e+02 -9.008964e+00
1.992000e+02 -9.009251e+00
1.993000e+02 -9.009604e+00
1.994000e+02 -9.010022e+00
1.995000e+02 -9.010501e+00
1.996000e+02 -9.011042e+00
1.997000e+02 -9.011639e+00
1.998000e+02 -9.012292e+00
1.999000e+02 -9.012995e+00
2.000000e+02 -9.013748e+00
2.001000e+02 -9.014544e+00
2.002000e+02 -9.015382e+00
2.003000e+02 -9.016256e+00
2.004000e+02 -9.017163e+00
2.005000e+02 -9.018098e+00
2.006000e+02 -9.019057e+00
2.007000e+02 -9.020035e+00
2.008000e+02 -9.021027e+00
2.009000e+02 -9.022029e+00
2.010000e+02 -9.023036e+00
2.011000e+02 -9.024043e+00
2.012000e+02 -9.025045e+00
2.013000e+02 -9.026037e+00
2.014000e+02 -9.027016e+00
2.015000e+02 -9.027975e+00
2.016000e+02 -9.028910e+00
2.017000e+02 -9.029818e+00
2.018000e+02 -9.030693e+00
2.019000e+02 -9.031531e+00
2.020000e+02 -9.032329e+00
2.021000e+02 -9.033083e+00
2.022000e+02 -9.033788e+00
2.023000e+02 -9.034442e+00
2.024000e+02 -9.035042e+00
2.025000e+02 -9.035583e+00
2.026000e+02 -9.036065e+00
2.027000e+02 -9.036484e+00
2.028000e+02 -9.036839e+00
2.029000e+02 -9.037127e+00
2.030000e+02 -9.037348e+00
2.031000e+02 -9.037499e+00
2.032000e+02 -9.037582e+00
2.033000e+02 -9.037595e+00
2.034000e+02 -9.037537e+00
2.035000e+02 -9.037410e+00
2.036000e+02 -9.037215e+00
2.037000e+02 -9.036951e+00
2.038000e+02 -9.036620e+00
2.039000e+02 -9.036224e+00
2.040000e+02 -9.035765e+00
2.041000e+02 -9.035245e+00
2.042000e+02 -9.034666e+00
2.043000e+02 -9.034032e+00
2.044000e+02 -9.033345e+00
2.045000e+02 -9.032609e+00
2.046000e+02 -9.031827e+00
2.047000e+02 -9.031003e+00
2.048000e+02 -9.030140e+00
2.049000e+02 -9.029244e+00
2.050000e+02 -9.028319e+00
2.051000e+02 -9.027368e+00
2.052000e+02 -9.026397e+00
2.053000e+02 -9.025410e+00
2.054000e+02 -9.024412e+00
2.055000e+02 -9.023407e+00
2.056000e+02 -9.022401e+00
2.057000e+02 -9.021399e+00
2.058000e+02 -9.020405e+00
2.059000e+02 -9.019425e+00
2.060000e+02 -9.018462e+00
2.061000e+02 -9.017523e+00
2.062000e+02 -9.016610e+00
2.063000e+02 -9.015729e+00
2.064000e+02 -9.014884e+00
2.065000e+02 -9.014079e+00
2.066000e+02 -9.013317e+00
2.067000e+02 -9.012604e+00
2.068000e+02 -9.011941e+00
2.069000e+02 -9.011332e+00
2.070000e+02 -9.010780e+00
2.071000e+02 -9.010288e+00
2.072000e+02 -9.009857e+00
2.073000e+02 -9.009491e+00
2.074000e+02 -9.009191e+00
2.075000e+02 -9.008958e+00
2.076000e+02 -9.008793e+00
2.077000e+02 -9.008697e+00
2.078000e+02 -9.008671e+00
2.079000e+02 -9.008715e+00
2.080000e+02 -9.008828e+00
2.081000e+02 -9.009010e+00
2.082000e+02 -9.009260e+00
2.083000e+02 -9.009577e+00
2.084000e+02 -9.009959e+00
2.085000e+02 -9.010405e+00
2.086000e+02 -9.010911e+00
2.087000e+02 -9.011476e+00
2.088000e+02 -9.012097e+00
2.089000e+02 -9.012771e+00
2.090000e+02 -9.013494e+00
2.091000e+02 -9.014262e+00
2.092000e+02 -9.015073e+00
2.093000e+02 -9.015922e+00
2.094000e+02 -9.016805e+00
2.095000e+02 -9.017718e+00
2.096000e+02 -9.018656e+00
2.097000e+02 -9.019614e+00
2.098000e+02 -9.020588e+00
2.099000e+02 -9.021574e+00
2.100000e+02 -9.022567e+00
2.101000e+02 -9.023561e+00
2.102000e+02 -9.024552e+00
2.103000e+02 -9.025535e+00
2.104000e+02 -9.026505e+00
2.105000e+02 -9.027458e+00
2.106000e+02 -9.028389e+00
2.107000e+02 -9.029294e+00
2.108000e+02 -9.030168e+00
2.109000e+02 -9.031006e+00
2.110000e+02 -9.031806e+00
2.111000e+02 -9.032562e+00
2.112000e+02 -9.033272e+00
2.113000e+02 -9.033932e+00
2.114000e+02 -9.034538e+00
2.115000e+02 -9.035089e+00
2.116000e+02 -9.035580e+00
2.117000e+02 -9.036010e+00
2.118000e+02 -9.036378e+00
2.119000e+02 -9.036680e+00
2.120000e+02 -9.036916e+00
2.121000e+02 -9.037084e+00
2.122000e+02 -9.037185e+00
2.123000e+02 -9.037216e+00
2.124000e+02 -9.037179e+00
2.125000e+02 -9.037074e+00
2.126000e+02 -9.036900e+00
2.127000e+02 -9.036659e+00
2.128000e+02 -9.036353e+00
2.129000e+02 -9.035982e+00
2.130000e+02 -9.035548e+00
2.131000e+02 -9.035053e+00
2.132000e+02 -9.034501e+00
2.133000e+02 -9.033892e+00
2.134000e+02 -9.033232e+00
2.135000e+02 -9.032521e+00
2.136000e+02 -9.031765e+00
2.137000e+02 -9.030967e+00
2.138000e+02 -9.030130e+00
2.139000e+02 -9.029258e+00
2.140000e+02 -9.028356e+00
2.141000e+02 -9.027429e+00
2.142000e+02 -9.026480e+00
2.143000e+02 -9.025514e+00
2.144000e+02 -9.024536e+00
2.145000e+02 -9.023551e+00
2.146000e+02 -9.022563e+00
2.147000e+02 -9.021577e+00
2.148000e+02 -9.020598e+00
2.149000e+02 -9.019630e+00
2.150000e+02 -9.018679e+00
2.151000e+02 -9.017748e+00
2.152000e+02 -9.016843e+00
2.153000e+02 -9.015967e+00
2.154000e+02 -9.015124e+00
2.155000e+02 -9.014320e+00
2.156000e+02 -9.013557e+00
2.157000e+02 -9.012839e+00
2.158000e+02 -9.012170e+00
2.159000e+02 -9.011553e+00
2.160000e+02 -9.010990e+00
2.161000e+02 -9.010485e+00
2.162000e+02 -9.010041e+00
2.163000e+02 -9.009658e+00
2.164000e+02 -9.009339e+00
2.165000e+02 -9.009086e+00
2.166000e+02 -9.008900e+00
2.167000e+02 -9.008781e+00
2.168000e+02 -9.008731e+00
2.169000e+02 -9.008749e+00
2.170000e+02 -9.008836e+00
2.171000e+02 -9.008991e+00
2.172000e+02 -9.009213e+00
2.173000e+02 -9.009501e+00
2.174000e+02 -9.009854e+00
2.175000e+02 -9.010270e+00
2.176000e+02 -9.010747e+00
2.177000e+02 -9.011283e+00
2.178000e+02 -9.011876e+00
2.179000e+02 -9.012521e+00
2.180000e+02 -9.013217e+00
2.181000e+02 -9.013960e+00
2.182000e+02 -9.014746e+00
2.183000e+02 -9.015572e+00
2.184000e+02 -9.016433e+00
2.185000e+02 -9.017326e+00
2.186000e+02 -9.018246e+00
2.187000e+02 -9.019189e+00
2.188000e+02 -9.020150e+00
2.189000e+02 -9.021124e+00
2.190000e+02 -9.022108e+00
2.191000e+02 -9.023096e+00
2.192000e+02 -9.024083e+00
2.193000e+02 -9.025065e+00
2.194000e+02 -9.026036e+00
2.195000e+02 -9.026993e+00
2.196000e+02 -9.027930e+00
2.197000e+02 -9.028844e+00
2.198000e+02 -9.029729e+00
2.199000e+02 -9.030581e+00
2.200000e+02 -9.031396e+00
2.201000e+02 -9.032170e+00
2.202000e+02 -9.032900e+00
2.203000e+02 -9.033582e+00
2.204000e+02 -9.034213e+00
2.205000e+02 -9.034789e+00
2.206000e+02 -9.035307e+00
2.207000e+02 -9.035767e+00
2.208000e+02 -9.036164e+00
2.209000e+02 -9.036497e+00
2.210000e+02 -9.036765e+00
2.211000e+02 -9.036966e+00
2.212000e+02 -9.037100e+00
2.213000e+02 -9.037165e+00
2.214000e+02 -9.037162e+00
2.215000e+02 -9.037090e+00
2.216000e+02 -9.036949e+00
2.217000e+02 -9.036741e+00
2.218000e+02 -9.036467e+00
2.219000e+02 -9.036127e+00
2.220000e+02 -9.035724e+00
2.221000e+02 -9.035259e+00
2.222000e+02 -9.034734e+00
2.223000e+02 -9.034153e+00
2.224000e+02 -9.033518e+00
2.225000e+02 -9.032832e+00
2.226000e+02 -9.032098e+00
2.227000e+02 -9.031320e+00
2.228000e+02 -9.030503e+00
2.229000e+02 -9.029649e+00
2.230000e+02 -9.028764e+00
2.231000e+02 -9.027850e+00
2.232000e+02 -9.026914e+00
2.233000e+02 -9.025959e+00
2.234000e+02 -9.024991e+00
2.235000e+02 -9.024013e+00
2.236000e+02 -9.023031e+00
2.237000e+02 -9.022049e+00
2.238000e+02 -9.021073e+00
2.239000e+02 -9.020106e+00
2.240000e+02 -9.019155e+00
2.241000e+02 -9.018222e+00
2.242000e+02 -9.017313e+00
2.243000e+02 -9.016433e+00
2.244000e+02 -9.015585e+00
2.245000e+02 -9.014774e+00
2.246000e+02 -9.014003e+00
2.247000e+02 -9.013277e+00
2.248000e+02 -9.012599e+00
2.249000e+02 -9.011972e+00
2.250000e+02 -9.011399e+00
2.251000e+02 -9.010883e+00
2.252000e+02 -9.010428e+00
2.253000e+02 -9.010034e+00
2.254000e+02 -9.009703e+00
2.255000e+02 -9.009438e+00
2.256000e+02 -9.009240e+00
2.257000e+02 -9.009109e+00
2.258000e+02 -9.009046e+00
2.259000e+02 -9.009052e+00
2.260000e+02 -9.009126e+00
2.261000e+02 -9.009267e+00
2.262000e+02 -9.009476e+00
2.263000e+02 -9.009751e+00
2.264000e+02 -9.010090e+00
2.265000e+02 -9.010492e+00
2.266000e+02 -9.010956e+00
2.267000e+02 -9.011478e+00
2.268000e+02 -9.012056e+00
2.269000e+02 -9.012688e+00
2.270000e+02 -9.013370e+00
2.271000e+02 -9.014099e+00
2.272000e+02 -9.014871e+00
2.273000e+02 -9.015683e+00
2.274000e+02 -9.016531e+00
2.275000e+02 -9.017410e+00
2.276000e+02 -9.018316e+00
2.277000e+02 -9.019245e+00
2.278000e+02 -9.020193e+00
2.279000e+02 -9.021154e+00
2.280000e+02 -9.022124e+00
2.281000e+02 -9.023099e+00
2.282000e+02 -9.024072e+00
2.283000e+02 -9.025041e+00
2.284000e+02 -9.026000e+00
2.285000e+02 -9.026944e+00
2.286000e+02 -9.027869e+00
2.287000e+02 -9.028770e+00
2.288000e+02 -9.029644e+00
2.289000e+02 -9.030485e+00
2.290000e+02 -9.031290e+00
2.291000e+02 -9.032055e+00
2.292000e+02 -9.032777e+00
2.293000e+02 -9.033451e+00
2.294000e+02 -9.034074e+00
2.295000e+02 -9.034645e+00
2.296000e+02 -9.035159e+00
2.297000e+02 -9.035614e+00
2.298000e+02 -9.036009e+00
2.299000e+02 -9.036341e+00
2.300000e+02 -9.036609e+00
2.301000e+02 -9.036811e+00
2.302000e+02 -9.036947e+00
2.303000e+02 -9.037015e+00
2.304000e+02 -9.037017e+00
2.305000e+02 -9.036950e+00
2.306000e+02 -9.036817e+00
2.307000e+02 -9.036617e+00
2.308000e+02 -9.036352e+00
2.309000e+02 -9.036023e+00
2.310000e+02 -9.035632e+00
2.311000e+02 -9.035180e+00
2.312000e+02 -9.034670e+00
2.313000e+02 -9.034104e+00
2.314000e+02 -9.033485e+00
2.315000e+02 -9.032816e+00
2.316000e+02 -9.032101e+00
2.317000e+02 -9.031342e+00
2.318000e+02 -9.030543e+00
2.319000e+02 -9.029709e+00
2.320000e+02 -9.028844e+00
2.321000e+02 -9.027950e+00
2.322000e+02 -9.027034e+00
2.323000e+02 -9.026098e+00
2.324000e+02 -9.025148e+00
2.325000e+02 -9.024189e+00
2.326000e+02 -9.023224e+00
2.327000e+02 -9.022259e+00
2.328000e+02 -9.021298e+00
2.329000e+02 -9.020346e+00
2.330000e+02 -9.019407e+00
2.331000e+02 -9.018486e+00
2.332000e+02 -9.017587e+00
2.333000e+02 -9.016715e+00
2.334000e+02 -9.015874e+00
2.335000e+02 -9.015068e+00
2.336000e+02 -9.014301e+00
2.337000e+02 -9.013576e+00
2.338000e+02 -9.012897e+00
2.339000e+02 -9.012267e+00
2.340000e+02 -9.011689e+00
2.341000e+02 -9.011167e+00
2.342000e+02 -9.010701e+00
2.343000e+02 -9.010296e+00
2.344000e+02 -9.009952e+00
2.345000e+02 -9.009671e+00
2.346000e+02 -9.009455e+00
2.347000e+02 -9.009304e+00
2.348000e+02 -9.009219e+00
2.349000e+02 -9.009201e+00
2.350000e+02 -9.009250e+00
2.351000e+02 -9.009365e+00
2.352000e+02 -9.009546e+00
2.353000e+02 -9.009791e+00
2.354000e+02 -9.010101e+00
2.355000e+02 -9.010473e+00
2.356000e+02 -9.010905e+00
2.357000e+02 -9.011396e+00
2.358000e+02 -9.011943e+00
2.359000e+02 -9.012543e+00
2.360000e+02 -9.013193e+00
2.361000e+02 -9.013891e+00
2.362000e+02 -9.014632e+00
2.363000e+02 -9.015413e+00
2.364000e+02 -9.016231e+00
2.365000e+02 -9.017081e+00
2.366000e+02 -9.017959e+00
2.367000e+02 -9.018861e+00
2.368000e+02 -9.019783e+00
2.369000e+02 -9.020720e+00
2.370000e+02 -9.021667e+00
2.371000e+02 -9.022620e+00
2.372000e+02 -9.023574e+00
2.373000e+02 -9.024525e+00
2.374000e+02 -9.025467e+00
2.375000e+02 -9.026398e+00
2.376000e+02 -9.027311e+00
2.377000e+02 -9.028203e+00
2.378000e+02 -9.029068e+00
2.379000e+02 -9.029904e+00
2.380000e+02 -9.030706e+00
2.381000e+02 -9.031470e+00
2.382000e+02 -9.032192e+00
2.383000e+02 -9.032870e+00
2.384000e+02 -9.033498e+00
2.385000e+02 -9.034076e+00
2.386000e+02 -9.034598e+00
2.387000e+02 -9.035065e+00
2.388000e+02 -9.035472e+00
2.389000e+02 -9.035818e+00
2.390000e+02 -9.036101e+00
2.391000e+02 -9.036320e+00
2.392000e+02 -9.036474e+00
2.393000e+02 -9.036562e+00
2.394000e+02 -9.036584e+00
2.395000e+02 -9.036539e+00
2.396000e+02 -9.036429e+00
2.397000e+02 -9.036253e+00
2.398000e+02 -9.036012e+00
2.399000e+02 -9.035708e+00
2.400000e+02 -9.035342e+00
2.401000e+02 -9.034916e+00
2.402000e+02 -9.034432e+00
2.403000e+02 -9.033893e+00
2.404000e+02 -9.033300e+00
2.405000e+02 -9.032658e+00
2.406000e+02 -9.031970e+00
2.407000e+02 -9.031236e+00
2.408000e+02 -9.030464e+00
2.409000e+02 -9.029655e+00
2.410000e+02 -9.028814e+00
2.411000e+02 -9.027945e+00
2.412000e+02 -9.027052e+00
2.413000e+02 -9.026140e+00
2.414000e+02 -9.025212e+00
2.415000e+02 -9.024274e+00
2.416000e+02 -9.023330e+00
2.417000e+02 -9.022385e+00
2.418000e+02 -9.021443e+00
2.419000e+02 -9.020509e+00
2.420000e+02 -9.019587e+00
2.421000e+02 -9.018682e+00
2.422000e+02 -9.017799e+00
2.423000e+02 -9.016941e+00
2.424000e+02 -9.016112e+00
2.425000e+02 -9.015318e+00
2.426000e+02 -9.014561e+00
2.427000e+02 -9.013845e+00
2.428000e+02 -9.013174e+00
2.429000e+02 -9.012550e+00
2.430000e+02 -9.011978e+00
2.431000e+02 -9.011459e+00
2.432000e+02 -9.010997e+00
2.433000e+02 -9.010592e+00
2.434000e+02 -9.010248e+00
2.435000e+02 -9.009965e+00
2.436000e+02 -9.009746e+00
2.437000e+02 -9.009591e+00
2.438000e+02 -9.009501e+00
2.439000e+02 -9.009476e+00
2.440000e+02 -9.009516e+00
2.441000e+02 -9.009622e+00
2.442000e+02 -9.009792e+00
2.443000e+02 -9.010026e+00
2.444000e+02 -9.010322e+00
2.445000e+02 -9.010680e+00
2.446000e+02 -9.011097e+00
2.447000e+02 -9.011571e+00
2.448000e+02 -9.012100e+00
2.449000e+02 -9.012682e+00
2.450000e+02 -9.013313e+00
2.451000e+02 -9.013990e+00
2.452000e+02 -9.014711e+00
2.453000e+02 -9.015471e+00
2.454000e+02 -9.016267e+00
2.455000e+02 -9.017095e+00
2.456000e+02 -9.017950e+00
2.457000e+02 -9.018830e+00
2.458000e+02 -9.019729e+00
2.459000e+02 -9.020644e+00
2.460000e+02 -9.021569e+00
2.461000e+02 -9.022501e+00
2.462000e+02 -9.023434e+00
2.463000e+02 -9.024365e+00
2.464000e+02 -9.025289e+00
2.465000e+02 -9.026201e+00
2.466000e+02 -9.027098e+00
2.467000e+02 -9.027974e+00
2.468000e+02 -9.028827e+00
2.469000e+02 -9.029650e+00
2.470000e+02 -9.030442e+00
2.471000e+02 -9.031197e+00
2.472000e+02 -9.031912e+00
2.473000e+02 -9.032584e+00
2.474000e+02 -9.033210e+00
2.475000e+02 -9.033787e+00
2.476000e+02 -9.034311e+00
2.477000e+02 -9.034781e+00
2.478000e+02 -9.035194e+00
2.479000e+02 -9.035548e+00
2.480000e+02 -9.035843e+00
2.481000e+02 -9.036075e+00
2.482000e+02 -9.036244e+00
2.483000e+02 -9.036351e+00
2.484000e+02 -9.036393e+00
2.485000e+02 -9.036371e+00
2.486000e+02 -9.036285e+00
2.487000e+02 -9.036136e+00
2.488000e+02 -9.035924e+00
2.489000e+02 -9.035650e+00
2.490000e+02 -9.035316e+00
2.491000e+02 -9.034924e+00
2.492000e+02 -9.034474e+00
2.493000e+02 -9.033970e+00
2.494000e+02 -9.033414e+00
2.495000e+02 -9.032809e+00
2.496000e+02 -9.032157e+00
2.497000e+02 -9.031461e+00
2.498000e+02 -9.030726e+00
2.499000e+02 -9.029954e+00
2.500000e+02 -9.029150e+00
2.501000e+02 -9.028317e+00
2.502000e+02 -9.027459e+00
2.503000e+02 -9.026580e+00
2.504000e+02 -9.025685e+00
2.505000e+02 -9.024778e+00
2.506000e+02 -9.023864e+00
2.507000e+02 -9.022946e+00
2.508000e+02 -9.022030e+00
2.509000e+02 -9.021119e+00
2.510000e+02 -9.020218e+00
2.511000e+02 -9.019331e+00
2.512000e+02 -9.018463e+00
2.513000e+02 -9.017618e+00
2.514000e+02 -9.016799e+00
2.515000e+02 -9.016011e+00
2.516000e+02 -9.015258e+00
2.517000e+02 -9.014543e+00
2.518000e+02 -9.013869e+00
2.519000e+02 -9.013240e+00
2.520000e+02 -9.012659e+00
2.521000e+02 -9.012129e+00
2.522000e+02 -9.011652e+00
2.523000e+02 -9.011230e+00
2.524000e+02 -9.010865e+00
2.525000e+02 -9.010560e+00
2.526000e+02 -9.010315e+00
2.527000e+02 -9.010132e+00
2.528000e+02 -9.010012e+00
2.529000e+02 -9.009956e+00
2.530000e+02 -9.009962e+00
2.531000e+02 -9.010033e+00
2.532000e+02 -9.010166e+00
2.533000e+02 -9.010362e+00
2.534000e+02 -9.010619e+00
2.535000e+02 -9.010937e+00
2.536000e+02 -9.011313e+00
2.537000e+02 -9.011746e+00
2.538000e+02 -9.012233e+00
2.539000e+02 -9.012773e+00
2.540000e+02 -9.013363e+00
2.541000e+02 -9.013999e+00
2.542000e+02 -9.014679e+00
2.543000e+02 -9.015400e+00
2.544000e+02 -9.016157e+00
2.545000e+02 -9.016948e+00
2.546000e+02 -9.017768e+00
2.547000e+02 -9.018614e+00
2.548000e+02 -9.019481e+00
2.549000e+02 -9.020366e+00
2.550000e+02 -9.021263e+00
2.551000e+02 -9.022169e+00
2.552000e+02 -9.023079e+00
2.553000e+02 -9.023989e+00
2.554000e+02 -9.024895e+00
2.555000e+02 -9.025791e+00
2.556000e+02 -9.026674e+00
2.557000e+02 -9.027539e+00
2.558000e+02 -9.028382e+00
2.559000e+02 -9.029200e+00
2.560000e+02 -9.029987e+00
2.561000e+02 -9.030741e+00
2.562000e+02 -9.031457e+00
2.563000e+02 -9.032132e+00
2.564000e+02 -9.032763e+00
2.565000e+02 -9.033346e+00
2.566000e+02 -9.033880e+00
2.567000e+02 -9.034362e+00
2.568000e+02 -9.034788e+00
2.569000e+02 -9.035157e+00
2.570000e+02 -9.035468e+00
2.571000e+02 -9.035718e+00
2.572000e+02 -9.035907e+00
2.573000e+02 -9.036034e+00
2.574000e+02 -9.036097e+00
2.575000e+02 -9.036098e+00
2.576000e+02 -9.036035e+00
2.577000e+02 -9.035909e+00
2.578000e+02 -9.035721e+00
2.579000e+02 -9.035471e+00
2.580000e+02 -9.035162e+00
2.581000e+02 -9.034793e+00
2.582000e+02 -9.034368e+00
2.583000e+02 -9.033888e+00
2.584000e+02 -9.033355e+00
2.585000e+02 -9.032772e+00
2.586000e+02 -9.032143e+00
2.587000e+02 -9.031469e+00
2.588000e+02 -9.030755e+00
2.589000e+02 -9.030003e+00
2.590000e+02 -9.029218e+00
2.591000e+02 -9.028404e+00
2.592000e+02 -9.027563e+00
2.593000e+02 -9.026701e+00
2.594000e+02 -9.025821e+00
2.595000e+02 -9.024928e+00
2.596000e+02 -9.024027e+00
2.597000e+02 -9.023120e+00
2.598000e+02 -9.022213e+00
2.599000e+02 -9.021311e+00
2.600000e+02 -9.020417e+00
2.601000e+02 -9.019535e+00
2.602000e+02 -9.018671e+00
2.603000e+02 -9.017827e+00
2.604000e+02 -9.017009e+00
2.605000e+02 -9.016220e+00
2.606000e+02 -9.015464e+00
2.607000e+02 -9.014744e+00
2.608000e+02 -9.014065e+00
2.609000e+02 -9.013428e+00
2.610000e+02 -9.012838e+00
2.611000e+02 -9.012297e+00
2.612000e+02 -9.011808e+00
2.613000e+02 -9.011373e+00
2.614000e+02 -9.010994e+00
2.615000e+02 -9.010673e+00
2.616000e+02 -9.010412e+00
2.617000e+02 -9.010211e+00
2.618000e+02 -9.010071e+00
2.619000e+02 -9.009994e+00
2.620000e+02 -9.009979e+00
2.621000e+02 -9.010027e+00
2.622000e+02 -9.010138e+00
2.623000e+02 -9.010309e+00
2.624000e+02 -9.010542e+00
2.625000e+02 -9.010834e+00
2.626000e+02 -9.011185e+00
2.627000e+02 -9.011591e+00
2.628000e+02 -9.012053e+00
2.629000e+02 -9.012566e+00
2.630000e+02 -9.013129e+00
2.631000e+02 -9.013740e+00
2.632000e+02 -9.014394e+00
2.633000e+02 -9.015089e+00
2.634000e+02 -9.015821e+00
2.635000e+02 -9.016588e+00
2.636000e+02 -9.017385e+00
2.637000e+02 -9.018208e+00
2.638000e+02 -9.019054e+00
2.639000e+02 -9.019918e+00
2.640000e+02 -9.020796e+00
2.641000e+02 -9.021684e+00
2.642000e+02 -9.022578e+00
2.643000e+02 -9.023473e+00
2.644000e+02 -9.024365e+00
2.645000e+02 -9.025250e+00
2.646000e+02 -9.026124e+00
2.647000e+02 -9.026981e+00
2.648000e+02 -9.027819e+00
2.649000e+02 -9.028633e+00
2.650000e+02 -9.029419e+00
2.651000e+02 -9.030173e+00
2.652000e+02 -9.030893e+00
2.653000e+02 -9.031573e+00
2.654000e+02 -9.032212e+00
2.655000e+02 -9.032806e+00
2.656000e+02 -9.033352e+00
2.657000e+02 -9.033848e+00
2.658000e+02 -9.034292e+00
2.659000e+02 -9.034680e+00
2.660000e+02 -9.035012e+00
2.661000e+02 -9.035285e+00
2.662000e+02 -9.035499e+00
2.663000e+02 -9.035653e+00
2.664000e+02 -9.035745e+00
2.665000e+02 -9.035776e+00
2.666000e+02 -9.035745e+00
2.667000e+02 -9.035652e+00
2.668000e+02 -9.035498e+00
2.669000e+02 -9.035283e+00
2.670000e+02 -9.035009e+00
2.671000e+02 -9.034677e+00
2.672000e+02 -9.034289e+00
2.673000e+02 -9.033846e+00
2.674000e+02 -9.033350e+00
2.675000e+02 -9.032805e+00
2.676000e+02 -9.032212e+00
2.677000e+02 -9.031575e+00
2.678000e+02 -9.030897e+00
2.679000e+02 -9.030180e+00
2.680000e+02 -9.029429e+00
2.681000e+02 -9.028647e+00
2.682000e+02 -9.027838e+00
2.683000e+02 -9.027006e+00
2.684000e+02 -9.026154e+00
2.685000e+02 -9.025287e+00
2.686000e+02 -9.024410e+00
2.687000e+02 -9.023525e+00
2.688000e+02 -9.022638e+00
2.689000e+02 -9.021753e+00
2.690000e+02 -9.020874e+00
2.691000e+02 -9.020006e+00
2.692000e+02 -9.019152e+00
2.693000e+02 -9.018316e+00
2.694000e+02 -9.017504e+00
2.695000e+02 -9.016718e+00
2.696000e+02 -9.015963e+00
2.697000e+02 -9.015241e+00
2.698000e+02 -9.014558e+00
2.699000e+02 -9.013915e+00
2.700000e+02 -9.013317e+00
2.701000e+02 -9.012765e+00
2.702000e+02 -9.012264e+00
2.703000e+02 -9.011814e+00
2.704000e+02 -9.011419e+00
2.705000e+02 -9.011080e+00
2.706000e+02 -9.010799e+00
2.707000e+02 -9.010577e+00
2.708000e+02 -9.010416e+00
2.709000e+02 -9.010315e+00
2.710000e+02 -9.010276e+00
2.711000e+02 -9.010299e+00
2.712000e+02 -9.010384e+00
2.713000e+02 -9.010530e+00
2.714000e+02 -9.010737e+00
2.715000e+02 -9.011003e+00
2.716000e+02 -9.011328e+00
2.717000e+02 -9.011709e+00
2.718000e+02 -9.012146e+00
2.719000e+02 -9.012635e+00
2.720000e+02 -9.013174e+00
2.721000e+02 -9.013762e+00
2.722000e+02 -9.014395e+00
2.723000e+02 -9.015070e+00
2.724000e+02 -9.015783e+00
2.725000e+02 -9.016532e+00
2.726000e+02 -9.017312e+00
2.727000e+02 -9.018121e+00
2.728000e+02 -9.018953e+00
2.729000e+02 -9.019805e+00
2.730000e+02 -9.020673e+00
2.731000e+02 -9.021553e+00
2.732000e+02 -9.022440e+00
2.733000e+02 -9.023330e+00
2.734000e+02 -9.024218e+00
2.735000e+02 -9.025101e+00
2.736000e+02 -9.025974e+00
2.737000e+02 -9.026833e+00
2.738000e+02 -9.027673e+00
2.739000e+02 -9.028491e+00
2.740000e+02 -9.029283e+00
2.741000e+02 -9.030044e+00
2.742000e+02 -9.030772e+00
2.743000e+02 -9.031462e+00
2.744000e+02 -9.032112e+00
2.745000e+02 -9.032718e+00
2.746000e+02 -9.033277e+00
2.747000e+02 -9.033787e+00
2.748000e+02 -9.034244e+00
2.749000e+02 -9.034648e+00
2.750000e+02 -9.034996e+00
2.751000e+02 -9.035286e+00
2.752000e+02 -9.035517e+00
2.753000e+02 -9.035687e+00
2.754000e+02 -9.035797e+00
2.755000e+02 -9.035845e+00
2.756000e+02 -9.035832e+00
2.757000e+02 -9.035756e+00
2.758000e+02 -9.035620e+00
2.759000e+02 -9.035423e+00
2.760000e+02 -9.035166e+00
2.761000e+02 -9.034851e+00
2.762000e+02 -9.034479e+00
2.763000e+02 -9.034052e+00
2.764000e+02 -9.033573e+00
2.765000e+02 -9.033043e+00
2.766000e+02 -9.032465e+00
2.767000e+02 -9.031842e+00
2.768000e+02 -9.031176e+00
2.769000e+02 -9.030472e+00
2.770000e+02 -9.029733e+00
2.771000e+02 -9.028962e+00
2.772000e+02 -9.028163e+00
2.773000e+02 -9.027340e+00
2.774000e+02 -9.026497e+00
2.775000e+02 -9.025637e+00
2.776000e+02 -9.024766e+00
2.777000e+02 -9.023887e+00
2.778000e+02 -9.023004e+00
2.779000e+02 -9.022123e+00
2.780000e+02 -9.021246e+00
2.781000e+02 -9.020379e+00
2.782000e+02 -9.019525e+00
2.783000e+02 -9.018689e+00
2.784000e+02 -9.017875e+00
2.785000e+02 -9.017086e+00
2.786000e+02 -9.016327e+00
2.787000e+02 -9.015601e+00
2.788000e+02 -9.014912e+00
2.789000e+02 -9.014262e+00
2.790000e+02 -9.013655e+00
2.791000e+02 -9.013095e+00
2.792000e+02 -9.012583e+00
2.793000e+02 -9.012122e+00
2.794000e+02 -9.011714e+00
2.795000e+02 -9.011362e+00
2.796000e+02 -9.011066e+00
2.797000e+02 -9.010829e+00
2.798000e+02 -9.010651e+00
2.799000e+02 -9.010533e+00
2.800000e+02 -9.010476e+00
2.801000e+02 -9.010479e+00
2.802000e+02 -9.010544e+00
2.803000e+02 -9.010669e+00
2.804000e+02 -9.010853e+00
2.805000e+02 -9.011097e+00
2.806000e+02 -9.011399e+00
2.807000e+02 -9.011756e+00
2.808000e+02 -9.012168e+00
2.809000e+02 -9.012633e+00
2.810000e+02 -9.013147e+00
2.811000e+02 -9.013709e+00
2.812000e+02 -9.014317e+00
2.813000e+02 -9.014966e+00
2.814000e+02 -9.015653e+00
2.815000e+02 -9.016376e+00
2.816000e+02 -9.017131e+00
2.817000e+02 -9.017914e+00
2.818000e+02 -9.018722e+00
2.819000e+02 -9.019550e+00
2.820000e+02 -9.020394e+00
2.821000e+02 -9.021251e+00
2.822000e+02 -9.022116e+00
2.823000e+02 -9.022985e+00
2.824000e+02 -9.023853e+00
2.825000e+02 -9.024717e+00
2.826000e+02 -9.025573e+00
2.827000e+02 -9.026415e+00
2.828000e+02 -9.027241e+00
2.829000e+02 -9.028046e+00
2.830000e+02 -9.028827e+00
2.831000e+02 -9.029579e+00
2.832000e+02 -9.030299e+00
2.833000e+02 -9.030983e+00
2.834000e+02 -9.031628e+00
2.835000e+02 -9.032232e+00
2.836000e+02 -9.032791e+00
2.837000e+02 -9.033302e+00
2.838000e+02 -9.033763e+00
2.839000e+02 -9.034171e+00
2.840000e+02 -9.034526e+00
2.841000e+02 -9.034824e+00
2.842000e+02 -9.035065e+00
2.843000e+02 -9.035247e+00
2.844000e+02 -9.035370e+00
2.845000e+02 -9.035433e+00
2.846000e+02 -9.035435e+00
2.847000e+02 -9.035377e+00
2.848000e+02 -9.035259e+00
2.849000e+02 -9.035082e+00
2.850000e+02 -9.034846e+00
2.851000e+02 -9.034552e+00
2.852000e+02 -9.034202e+00
2.853000e+02 -9.033798e+00
2.854000e+02 -9.033342e+00
2.855000e+02 -9.032835e+00
2.856000e+02 -9.032281e+00
2.857000e+02 -9.031682e+00
2.858000e+02 -9.031040e+00
2.859000e+02 -9.030360e+00
2.860000e+02 -9.029644e+00
2.861000e+02 -9.028895e+00
2.862000e+02 -9.028118e+00
2.863000e+02 -9.027316e+00
2.864000e+02 -9.026493e+00
2.865000e+02 -9.025652e+00
2.866000e+02 -9.024799e+00
2.867000e+02 -9.023937e+00
2.868000e+02 -9.023070e+00
2.869000e+02 -9.022203e+00
2.870000e+02 -9.021340e+00
2.871000e+02 -9.020484e+00
2.872000e+02 -9.019641e+00
2.873000e+02 -9.018813e+00
2.874000e+02 -9.018006e+00
2.875000e+02 -9.017223e+00
2.876000e+02 -9.016467e+00
2.877000e+02 -9.015743e+00
2.878000e+02 -9.015055e+00
2.879000e+02 -9.014404e+00
2.880000e+02 -9.013796e+00
2.881000e+02 -9.013231e+00
2.882000e+02 -9.012714e+00
2.883000e+02 -9.012246e+00
2.884000e+02 -9.011831e+00
2.885000e+02 -9.011469e+00
2.886000e+02 -9.011163e+00
2.887000e+02 -9.010914e+00
2.888000e+02 -9.010724e+00
2.889000e+02 -9.010592e+00
2.890000e+02 -9.010521e+00
2.891000e+02 -9.010510e+00
2.892000e+02 -9.010559e+00
2.893000e+02 -9.010668e+00
2.894000e+02 -9.010836e+00
2.895000e+02 -9.011063e+00
2.896000e+02 -9.011347e+00
2.897000e+02 -9.011688e+00
2.898000e+02 -9.012083e+00
2.899000e+02 -9.012531e+00
2.900000e+02 -9.013029e+00
2.901000e+02 -9.013575e+00
2.902000e+02 -9.014166e+00
2.903000e+02 -9.014799e+00
2.904000e+02 -9.015472e+00
2.905000e+02 -9.016181e+00
2.906000e+02 -9.016922e+00
2.907000e+02 -9.017692e+00
2.908000e+02 -9.018488e+00
2.909000e+02 -9.019305e+00
2.910000e+02 -9.020139e+00
2.911000e+02 -9.020986e+00
2.912000e+02 -9.021843e+00
2.913000e+02 -9.022705e+00
2.914000e+02 -9.023567e+00
2.915000e+02 -9.024427e+00
2.916000e+02 -9.025278e+00
2.917000e+02 -9.026118e+00
2.918000e+02 -9.026943e+00
2.919000e+02 -9.027748e+00
2.920000e+02 -9.028529e+00
2.921000e+02 -9.029283e+00
2.922000e+02 -9.030007e+00
2.923000e+02 -9.030695e+00
2.924000e+02 -9.031346e+00
2.925000e+02 -9.031957e+00
2.926000e+02 -9.032523e+00
2.927000e+02 -9.033043e+00
2.928000e+02 -9.033514e+00
2.929000e+02 -9.033933e+00
2.930000e+02 -9.034300e+00
2.931000e+02 -9.034611e+00
2.932000e+02 -9.034866e+00
2.933000e+02 -9.035064e+00
2.934000e+02 -9.035203e+00
2.935000e+02 -9.035282e+00
2.936000e+02 -9.035302e+00
2.937000e+02 -9.035263e+00
2.938000e+02 -9.035164e+00
2.939000e+02 -9.035006e+00
2.940000e+02 -9.034791e+00
2.941000e+02 -9.034518e+00
2.942000e+02 -9.034191e+00
2.943000e+02 -9.033809e+00
2.944000e+02 -9.033375e+00
2.945000e+02 -9.032891e+00
2.946000e+02 -9.032360e+00
2.947000e+02 -9.031785e+00
2.948000e+02 -9.031167e+00
2.949000e+02 -9.030510e+00
2.950000e+02 -9.029818e+00
2.951000e+02 -9.029093e+00
2.952000e+02 -9.028339e+00
2.953000e+02 -9.027561e+00
2.954000e+02 -9.026761e+00
2.955000e+02 -9.025943e+00
2.956000e+02 -9.025112e+00
2.957000e+02 -9.024272e+00
2.958000e+02 -9.023427e+00
2.959000e+02 -9.022580e+00
2.960000e+02 -9.021736e+00
2.961000e+02 -9.020899e+00
2.962000e+02 -9.020073e+00
2.963000e+02 -9.019262e+00
2.964000e+02 -9.018471e+00
2.965000e+02 -9.017702e+00
2.966000e+02 -9.016959e+00
2.967000e+02 -9.016247e+00
2.968000e+02 -9.015568e+00
2.969000e+02 -9.014926e+00
2.970000e+02 -9.014323e+00
2.971000e+02 -9.013764e+00
2.972000e+02 -9.013250e+00
2.973000e+02 -9.012784e+00
2.974000e+02 -9.012368e+00
2.975000e+02 -9.012004e+00
2.976000e+02 -9.011693e+00
2.977000e+02 -9.011439e+00
2.978000e+02 -9.011240e+00
2.979000e+02 -9.011099e+00
2.980000e+02 -9.011016e+00
2.981000e+02 -9.010992e+00
2.982000e+02 -9.011026e+00
2.983000e+02 -9.011118e+00
2.984000e+02 -9.011268e+00
2.985000e+02 -9.011475e+00
2.986000e+02 -9.011738e+00
2.987000e+02 -9.012056e+00
2.988000e+02 -9.012428e+00
2.989000e+02 -9.012850e+00
2.990000e+02 -9.013323e+00
2.991000e+02 -9.013842e+00
2.992000e+02 -9.014405e+00
2.993000e+02 -9.015011e+00
2.994000e+02 -9.015655e+00
2.995000e+02 -9.016335e+00
2.996000e+02 -9.017047e+00
2.997000e+02 -9.017788e+00
2.998000e+02 -9.018555e+00
2.999000e+02 -9.019343e+00
3.000000e+02 -9.020150e+00
3.001000e+02 -9.020970e+00
3.002000e+02 -9.021800e+00
3.003000e+02 -9.022636e+00
3.004000e+02 -9.023474e+00
3.005000e+02 -9.024310e+00
3.006000e+02 -9.025140e+00
3.007000e+02 -9.025959e+00
3.008000e+02 -9.026765e+00
3.009000e+02 -9.027553e+00
3.010000e+02 -9.028318e+00
3.011000e+02 -9.029059e+00
3.012000e+02 -9.029770e+00
3.013000e+02 -9.030449e+00
3.014000e+02 -9.031093e+00
3.015000e+02 -9.031697e+00
3.016000e+02 -9.032260e+00
3.017000e+02 -9.032778e+00
3.018000e+02 -9.033250e+00
3.019000e+02 -9.033672e+00
3.020000e+02 -9.034043e+00
3.021000e+02 -9.034361e+00
3.022000e+02 -9.034624e+00
3.023000e+02 -9.034832e+00
3.024000e+02 -9.034983e+00
3.025000e+02 -9.035077e+00
3.026000e+02 -9.035112e+00
3.027000e+02 -9.035090e+00
3.028000e+02 -9.035009e+00
3.029000e+02 -9.034871e+00
3.030000e+02 -9.034676e+00
3.031000e+02 -9.034425e+00
3.032000e+02 -9.034119e+00
3.033000e+02 -9.033760e+00
3.034000e+02 -9.033350e+00
3.035000e+02 -9.032890e+00
3.036000e+02 -9.032383e+00
3.037000e+02 -9.031831e+00
3.038000e+02 -9.031237e+00
3.039000e+02 -9.030604e+00
3.040000e+02 -9.029934e+00
3.041000e+02 -9.029231e+00
3.042000e+02 -9.028499e+00
3.043000e+02 -9.027741e+00
3.044000e+02 -9.026961e+00
3.045000e+02 -9.026162e+00
3.046000e+02 -9.025348e+00
3.047000e+02 -9.024523e+00
3.048000e+02 -9.023691e+00
3.049000e+02 -9.022857e+00
3.050000e+02 -9.022024e+00
3.051000e+02 -9.021196e+00
3.052000e+02 -9.020377e+00
3.053000e+02 -9.019571e+00
3.054000e+02 -9.018782e+00
3.055000e+02 -9.018014e+00
3.056000e+02 -9.017271e+00
3.057000e+02 -9.016556e+00
3.058000e+02 -9.015872e+00
3.059000e+02 -9.015223e+00
3.060000e+02 -9.014612e+00
3.061000e+02 -9.014042e+00
3.062000e+02 -9.013515e+00
3.063000e+02 -9.013035e+00
3.064000e+02 -9.012603e+00
3.065000e+02 -9.012222e+00
3.066000e+02 -9.011892e+00
3.067000e+02 -9.011617e+00
3.068000e+02 -9.011397e+00
3.069000e+02 -9.011233e+00
3.070000e+02 -9.011126e+00
3.071000e+02 -9.011076e+00
3.072000e+02 -9.011084e+00
3.073000e+02 -9.011150e+00
3.074000e+02 -9.011273e+00
3.075000e+02 -9.011452e+00
3.076000e+02 -9.011687e+00
3.077000e+02 -9.011977e+00
3.078000e+02 -9.012320e+00
3.079000e+02 -9.012714e+00
3.080000e+02 -9.013157e+00
3.081000e+02 -9.013648e+00
3.082000e+02 -9.014184e+00
3.083000e+02 -9.014762e+00
3.084000e+02 -9.015379e+00
3.085000e+02 -9.016033e+00
3.086000e+02 -9.016720e+00
3.087000e+02 -9.017437e+00
3.088000e+02 -9.018180e+00
3.089000e+02 -9.018946e+00
3.090000e+02 -9.019731e+00
3.091000e+02 -9.020531e+00
3.092000e+02 -9.021343e+00
3.093000e+02 -9.022161e+00
3.094000e+02 -9.022984e+00
3.095000e+02 -9.023805e+00
3.096000e+02 -9.024622e+00
3.097000e+02 -9.025430e+00
3.098000e+02 -9.026226e+00
3.099000e+02 -9.027006e+00
3.100000e+02 -9.027765e+00
3.101000e+02 -9.028501e+00
3.102000e+02 -9.029209e+00
3.103000e+02 -9.029887e+00
3.104000e+02 -9.030531e+00
3.105000e+02 -9.031137e+00
3.106000e+02 -9.031704e+00
3.107000e+02 -9.032228e+00
3.108000e+02 -9.032706e+00
3.109000e+02 -9.033137e+00
3.110000e+02 -9.033519e+00
3.111000e+02 -9.033849e+00
3.112000e+02 -9.034126e+00
3.113000e+02 -9.034349e+00
3.114000e+02 -9.034516e+00
3.115000e+02 -9.034627e+00
3.116000e+02 -9.034682e+00
3.117000e+02 -9.034680e+00
3.118000e+02 -9.034621e+00
3.119000e+02 -9.034505e+00
3.120000e+02 -9.034334e+00
3.121000e+02 -9.034107e+00
3.122000e+02 -9.033827e+00
3.123000e+02 -9.033494e+00
3.124000e+02 -9.033111e+00
3.125000e+02 -9.032678e+00
3.126000e+02 -9.032199e+00
3.127000e+02 -9.031675e+00
3.128000e+02 -9.031109e+00
3.129000e+02 -9.030504e+00
3.130000e+02 -9.029862e+00
3.131000e+02 -9.029188e+00
3.132000e+02 -9.028483e+00
3.133000e+02 -9.027753e+00
3.134000e+02 -9.026999e+00
3.135000e+02 -9.026226e+00
3.136000e+02 -9.025437e+00
3.137000e+02 -9.024637e+00
3.138000e+02 -9.023829e+00
3.139000e+02 -9.023017e+00
3.140000e+02 -9.022205e+00
3.141000e+02 -9.021397e+00
3.142000e+02 -9.020597e+00
3.143000e+02 -9.019809e+00
3.144000e+02 -9.019036e+00
3.145000e+02 -9.018282e+00
3.146000e+02 -9.017551e+00
3.147000e+02 -9.016846e+00
3.148000e+02 -9.016171e+00
3.149000e+02 -9.015530e+00
3.150000e+02 -9.014924e+00
3.151000e+02 -9.014357e+00
3.152000e+02 -9.013832e+00
3.153000e+02 -9.013351e+00
3.154000e+02 -9.012917e+00
3.155000e+02 -9.012531e+00
3.156000e+02 -9.012196e+00
3.157000e+02 -9.011913e+00
3.158000e+02 -9.011684e+00
3.159000e+02 -9.011509e+00
3.160000e+02 -9.011389e+00
3.161000e+02 -9.011325e+00
3.162000e+02 -9.011317e+00
3.163000e+02 -9.011366e+00
3.164000e+02 -9.011471e+00
3.165000e+02 -9.011631e+00
3.166000e+02 -9.011846e+00
3.167000e+02 -9.012114e+00
3.168000e+02 -9.012435e+00
3.169000e+02 -9.012806e+00
3.170000e+02 -9.013227e+00
3.171000e+02 -9.013695e+00
3.172000e+02 -9.014207e+00
3.173000e+02 -9.014762e+00
3.174000e+02 -9.015356e+00
3.175000e+02 -9.015987e+00
3.176000e+02 -9.016652e+00
3.177000e+02 -9.017347e+00
3.178000e+02 -9.018069e+00
3.179000e+02 -9.018815e+00
3.180000e+02 -9.019581e+00
3.181000e+02 -9.020364e+00
3.182000e+02 -9.021159e+00
3.183000e+02 -9.021963e+00
3.184000e+02 -9.022771e+00
3.185000e+02 -9.023581e+00
3.186000e+02 -9.024388e+00
3.187000e+02 -9.025189e+00
3.188000e+02 -9.025978e+00
3.189000e+02 -9.026754e+00
3.190000e+02 -9.027511e+00
3.191000e+02 -9.028246e+00
3.192000e+02 -9.028956e+00
3.193000e+02 -9.029638e+00
3.194000e+02 -9.030288e+00
3.195000e+02 -9.030902e+00
3.196000e+02 -9.031479e+00
3.197000e+02 -9.032015e+00
3.198000e+02 -9.032507e+00
3.199000e+02 -9.032954e+00
3.200000e+02 -9.033353e+00
3.201000e+02 -9.033702e+00
3.202000e+02 -9.034000e+00
3.203000e+02 -9.034245e+00
3.204000e+02 -9.034436e+00
3.205000e+02 -9.034572e+00
3.206000e+02 -9.034653e+00
3.207000e+02 -9.034678e+00
3.208000e+02 -9.034646e+00
3.209000e+02 -9.034559e+00
3.210000e+02 -9.034417e+00
3.211000e+02 -9.034219e+00
3.212000e+02 -9.033969e+00
3.213000e+02 -9.033665e+00
3.214000e+02 -9.033311e+00
3.215000e+02 -9.032907e+00
3.216000e+02 -9.032456e+00
3.217000e+02 -9.031960e+00
3.218000e+02 -9.031421e+00
3.219000e+02 -9.030842e+00
3.220000e+02 -9.030226e+00
3.221000e+02 -9.029576e+00
3.222000e+02 -9.028894e+00
3.223000e+02 -9.028185e+00
3.224000e+02 -9.027451e+00
3.225000e+02 -9.026696e+00
3.226000e+02 -9.025925e+00
3.227000e+02 -9.025140e+00
3.228000e+02 -9.024345e+00
3.229000e+02 -9.023544e+00
3.230000e+02 -9.022742e+00
3.231000e+02 -9.021941e+00
3.232000e+02 -9.021147e+00
3.233000e+02 -9.020362e+00
3.234000e+02 -9.019591e+00
3.235000e+02 -9.018837e+00
3.236000e+02 -9.018104e+00
3.237000e+02 -9.017395e+00
3.238000e+02 -9.016714e+00
3.239000e+02 -9.016065e+00
3.240000e+02 -9.015449e+00
3.241000e+02 -9.014871e+00
3.242000e+02 -9.014333e+00
3.243000e+02 -9.013838e+00
3.244000e+02 -9.013388e+00
3.245000e+02 -9.012985e+00
3.246000e+02 -9.012631e+00
3.247000e+02 -9.012328e+00
3.248000e+02 -9.012078e+00
3.249000e+02 -9.011881e+00
3.250000e+02 -9.011738e+00
3.251000e+02 -9.011651e+00
3.252000e+02 -9.011619e+00
3.253000e+02 -9.011643e+00
3.254000e+02 -9.011722e+00
3.255000e+02 -9.011856e+00
3.256000e+02 -9.012045e+00
3.257000e+02 -9.012287e+00
3.258000e+02 -9.012582e+00
3.259000e+02 -9.012928e+00
3.260000e+02 -9.013322e+00
3.261000e+02 -9.013764e+00
3.262000e+02 -9.014251e+00
3.263000e+02 -9.014780e+00
3.264000e+02 -9.015350e+00
3.265000e+02 -9.015957e+00
3.266000e+02 -9.016598e+00
3.267000e+02 -9.017270e+00
3.268000e+02 -9.017971e+00
3.269000e+02 -9.018696e+00
3.270000e+02 -9.019442e+00
3.271000e+02 -9.020205e+00
3.272000e+02 -9.020982e+00
3.273000e+02 -9.021768e+00
3.274000e+02 -9.022561e+00
3.275000e+02 -9.023356e+00
3.276000e+02 -9.024149e+00
3.277000e+02 -9.024937e+00
3.278000e+02 -9.025715e+00
3.279000e+02 -9.026480e+00
3.280000e+02 -9.027228e+00
3.281000e+02 -9.027956e+00
3.282000e+02 -9.028660e+00
3.283000e+02 -9.029336e+00
3.284000e+02 -9.029982e+00
3.285000e+02 -9.030594e+00
3.286000e+02 -9.031169e+00
3.287000e+02 -9.031705e+00
3.288000e+02 -9.032199e+00
3.289000e+02 -9.032648e+00
3.290000e+02 -9.033050e+00
3.291000e+02 -9.033404e+00
3.292000e+02 -9.033707e+00
3.293000e+02 -9.033959e+00
3.294000e+02 -9.034158e+00
3.295000e+02 -9.034303e+00
3.296000e+02 -9.034393e+00
3.297000e+02 -9.034428e+00
3.298000e+02 -9.034409e+00
3.299000e+02 -9.034334e+00
3.300000e+02 -9.034204e+00
3.301000e+02 -9.034020e+00
3.302000e+02 -9.033783e+00
3.303000e+02 -9.033494e+00
3.304000e+02 -9.033155e+00
3.305000e+02 -9.032767e+00
3.306000e+02 -9.032331e+00
3.307000e+02 -9.031851e+00
3.308000e+02 -9.031328e+00
3.309000e+02 -9.030764e+00
3.310000e+02 -9.030164e+00
3.311000e+02 -9.029529e+00
3.312000e+02 -9.028863e+00
3.313000e+02 -9.028168e+00
3.314000e+02 -9.027449e+00
3.315000e+02 -9.026708e+00
3.316000e+02 -9.025950e+00
3.317000e+02 -9.025177e+00
3.318000e+02 -9.024394e+00
3.319000e+02 -9.023605e+00
3.320000e+02 -9.022813e+00
3.321000e+02 -9.022021e+00
3.322000e+02 -9.021235e+00
3.323000e+02 -9.020457e+00
3.324000e+02 -9.019692e+00
3.325000e+02 -9.018942e+00
3.326000e+02 -9.018213e+00
3.327000e+02 -9.017506e+00
3.328000e+02 -9.016826e+00
3.329000e+02 -9.016176e+00
3.330000e+02 -9.015558e+00
3.331000e+02 -9.014977e+00
3.332000e+02 -9.014434e+00
3.333000e+02 -9.013933e+00
3.334000e+02 -9.013475e+00
3.335000e+02 -9.013063e+00
3.336000e+02 -9.012699e+00
3.337000e+02 -9.012385e+00
3.338000e+02 -9.012122e+00
3.339000e+02 -9.011911e+00
3.340000e+02 -9.011753e+00
3.341000e+02 -9.011649e+00
3.342000e+02 -9.011600e+00
3.343000e+02 -9.011606e+00
3.344000e+02 -9.011666e+00
3.345000e+02 -9.011781e+00
3.346000e+02 -9.011950e+00
3.347000e+02 -9.012171e+00
3.348000e+02 -9.012445e+00
3.349000e+02 -9.012769e+00
3.350000e+02 -9.013142e+00
3.351000e+02 -9.013562e+00
3.352000e+02 -9.014028e+00
3.353000e+02 -9.014536e+00
3.354000e+02 -9.015085e+00
3.355000e+02 -9.015671e+00
3.356000e+02 -9.016292e+00
3.357000e+02 -9.016945e+00
3.358000e+02 -9.017627e+00
3.359000e+02 -9.018334e+00
3.360000e+02 -9.019064e+00
3.361000e+02 -9.019811e+00
3.362000e+02 -9.020574e+00
3.363000e+02 -9.021348e+00
3.364000e+02 -9.022129e+00
3.365000e+02 -9.022914e+00
3.366000e+02 -9.023698e+00
3.367000e+02 -9.024479e+00
3.368000e+02 -9.025252e+00
3.369000e+02 -9.026013e+00
3.370000e+02 -9.026760e+00
3.371000e+02 -9.027487e+00
3.372000e+02 -9.028193e+00
3.373000e+02 -9.028872e+00
3.374000e+02 -9.029523e+00
3.375000e+02 -9.030142e+00
3.376000e+02 -9.030725e+00
3.377000e+02 -9.031271e+00
3.378000e+02 -9.031776e+00
3.379000e+02 -9.032238e+00
3.380000e+02 -9.032655e+00
3.381000e+02 -9.033025e+00
3.382000e+02 -9.033346e+00
3.383000e+02 -9.033617e+00
3.384000e+02 -9.033836e+00
3.385000e+02 -9.034002e+00
3.386000e+02 -9.034114e+00
3.387000e+02 -9.034172e+00
3.388000e+02 -9.034176e+00
3.389000e+02 -9.034126e+00
3.390000e+02 -9.034021e+00
3.391000e+02 -9.033863e+00
3.392000e+02 -9.033652e+00
3.393000e+02 -9.033390e+00
3.394000e+02 -9.033076e+00
3.395000e+02 -9.032714e+00
3.396000e+02 -9.032305e+00
3.397000e+02 -9.031851e+00
3.398000e+02 -9.031353e+00
3.399000e+02 -9.030816e+00
3.400000e+02 -9.030240e+00
3.401000e+02 -9.029629e+00
3.402000e+02 -9.028987e+00
3.403000e+02 -9.028315e+00
3.404000e+02 -9.027618e+00
3.405000e+02 -9.026898e+00
3.406000e+02 -9.026160e+00
3.407000e+02 -9.025407e+00
3.408000e+02 -9.024642e+00
3.409000e+02 -9.023869e+00
3.410000e+02 -9.023093e+00
3.411000e+02 -9.022316e+00
3.412000e+02 -9.021543e+00
3.413000e+02 -9.020777e+00
3.414000e+02 -9.020022e+00
3.415000e+02 -9.019282e+00
3.416000e+02 -9.018561e+00
3.417000e+02 -9.017861e+00
3.418000e+02 -9.017186e+00
3.419000e+02 -9.016540e+00
3.420000e+02 -9.015926e+00
3.421000e+02 -9.015346e+00
3.422000e+02 -9.014804e+00
3.423000e+02 -9.014302e+00
3.424000e+02 -9.013842e+00
3.425000e+02 -9.013427e+00
3.426000e+02 -9.013059e+00
3.427000e+02 -9.012740e+00
3.428000e+02 -9.012470e+00
3.429000e+02 -9.012252e+00
3.430000e+02 -9.012086e+00
3.431000e+02 -9.011974e+00
3.432000e+02 -9.011915e+00
3.433000e+02 -9.011910e+00
3.434000e+02 -9.011959e+00
3.435000e+02 -9.012062e+00
3.436000e+02 -9.012219e+00
3.437000e+02 -9.012427e+00
3.438000e+02 -9.012688e+00
3.439000e+02 -9.012998e+00
3.440000e+02 -9.013357e+00
3.441000e+02 -9.013763e+00
3.442000e+02 -9.014214e+00
3.443000e+02 -9.014707e+00
3.444000e+02 -9.015241e+00
3.445000e+02 -9.015813e+00
3.446000e+02 -9.016419e+00
3.447000e+02 -9.017058e+00
3.448000e+02 -9.017725e+00
3.449000e+02 -9.018419e+00
3.450000e+02 -9.019134e+00
3.451000e+02 -9.019868e+00
3.452000e+02 -9.020617e+00
3.453000e+02 -9.021379e+00
3.454000e+02 -9.022148e+00
3.455000e+02 -9.022921e+00
3.456000e+02 -9.023695e+00
3.457000e+02 -9.024465e+00
3.458000e+02 -9.025229e+00
3.459000e+02 -9.025981e+00
3.460000e+02 -9.026720e+00
3.461000e+02 -9.027441e+00
3.462000e+02 -9.028140e+00
3.463000e+02 -9.028815e+00
3.464000e+02 -9.029462e+00
3.465000e+02 -9.030077e+00
3.466000e+02 -9.030659e+00
3.467000e+02 -9.031204e+00
3.468000e+02 -9.031709e+00
3.469000e+02 -9.032173e+00
3.470000e+02 -9.032593e+00
3.471000e+02 -9.032966e+00
3.472000e+02 -9.033292e+00
3.473000e+02 -9.033568e+00
3.474000e+02 -9.033794e+00
3.475000e+02 -9.033968e+00
3.476000e+02 -9.034089e+00
3.477000e+02 -9.034157e+00
3.478000e+02 -9.034172e+00
3.479000e+02 -9.034134e+00
3.480000e+02 -9.034042e+00
3.481000e+02 -9.033897e+00
3.482000e+02 -9.033701e+00
3.483000e+02 -9.033453e+00
3.484000e+02 -9.033155e+00
3.485000e+02 -9.032809e+00
3.486000e+02 -9.032417e+00
3.487000e+02 -9.031979e+00
3.488000e+02 -9.031499e+00
3.489000e+02 -9.030979e+00
3.490000e+02 -9.030420e+00
3.491000e+02 -9.029827e+00
3.492000e+02 -9.029202e+00
3.493000e+02 -9.028547e+00
3.494000e+02 -9.027867e+00
3.495000e+02 -9.027164e+00
3.496000e+02 -9.026441e+00
3.497000e+02 -9.025703e+00
3.498000e+02 -9.024952e+00
3.499000e+02 -9.024193e+00
3.500000e+02 -9.023429e+00
3.501000e+02 -9.022664e+00
3.502000e+02 -9.021901e+00
3.503000e+02 -9.021145e+00
3.504000e+02 -9.020398e+00
3.505000e+02 -9.019664e+00
3.506000e+02 -9.018948e+00
3.507000e+02 -9.018251e+00
3.508000e+02 -9.017579e+00
3.509000e+02 -9.016933e+00
3.510000e+02 -9.016318e+00
3.511000e+02 -9.015735e+00
3.512000e+02 -9.015188e+00
3.513000e+02 -9.014679e+00
3.514000e+02 -9.014212e+00
3.515000e+02 -9.013787e+00
3.516000e+02 -9.013407e+00
3.517000e+02 -9.013075e+00
3.518000e+02 -9.012790e+00
3.519000e+02 -9.012556e+00
3.520000e+02 -9.012372e+00
3.521000e+02 -9.012240e+00
3.522000e+02 -9.012161e+00
3.523000e+02 -9.012134e+00
3.524000e+02 -9.012160e+00
3.525000e+02 -9.012238e+00
3.526000e+02 -9.012369e+00
3.527000e+02 -9.012552e+00
3.528000e+02 -9.012785e+00
3.529000e+02 -9.013067e+00
3.530000e+02 -9.013398e+00
3.531000e+02 -9.013775e+00
3.532000e+02 -9.014197e+00
3.533000e+02 -9.014661e+00
3.534000e+02 -9.015166e+00
3.535000e+02 -9.015708e+00
3.536000e+02 -9.016286e+00
3.537000e+02 -9.016896e+00
3.538000e+02 -9.017535e+00
3.539000e+02 -9.018201e+00
3.540000e+02 -9.018890e+00
3.541000e+02 -9.019598e+00
3.542000e+02 -9.020323e+00
3.543000e+02 -9.021060e+00
3.544000e+02 -9.021806e+00
3.545000e+02 -9.022558e+00
3.546000e+02 -9.023312e+00
3.547000e+02 -9.024064e+00
3.548000e+02 -9.024810e+00
3.549000e+02 -9.025548e+00
3.550000e+02 -9.026273e+00
3.551000e+02 -9.026981e+00
3.552000e+02 -9.027670e+00
3.553000e+02 -9.028336e+00
3.554000e+02 -9.028976e+00
3.555000e+02 -9.029587e+00
3.556000e+02 -9.030165e+00
3.557000e+02 -9.030709e+00
3.558000e+02 -9.031215e+00
3.559000e+02 -9.031680e+00
3.560000e+02 -9.032103e+00
3.561000e+02 -9.032482e+00
3.562000e+02 -9.032815e+00
3.563000e+02 -9.033100e+00
3.564000e+02 -9.033335e+00
3.565000e+02 -9.033521e+00
3.566000e+02 -9.033655e+00
3.567000e+02 -9.033737e+00
3.568000e+02 -9.033767e+00
3.569000e+02 -9.033744e+00
3.570000e+02 -9.033669e+00
3.571000e+02 -9.033543e+00
3.572000e+02 -9.033365e+00
3.573000e+02 -9.033137e+00
3.574000e+02 -9.032859e+00
3.575000e+02 -9.032534e+00
3.576000e+02 -9.032162e+00
3.577000e+02 -9.031745e+00
3.578000e+02 -9.031287e+00
3.579000e+02 -9.030788e+00
3.580000e+02 -9.030251e+00
3.581000e+02 -9.029679e+00
3.582000e+02 -9.029074e+00
3.583000e+02 -9.028440e+00
3.584000e+02 -9.027779e+00
3.585000e+02 -9.027096e+00
3.586000e+02 -9.026392e+00
3.587000e+02 -9.025672e+00
3.588000e+02 -9.024939e+00
3.589000e+02 -9.024197e+00
3.590000e+02 -9.023448e+00
3.591000e+02 -9.022698e+00
3.592000e+02 -9.021949e+00
3.593000e+02 -9.021205e+00
3.594000e+02 -9.020469e+00
3.595000e+02 -9.019746e+00
3.596000e+02 -9.019038e+00
3.597000e+02 -9.018350e+00
3.598000e+02 -9.017684e+00
3.599000e+02 -9.017044e+00
3.600000e+02 -9.016432e+00
3.601000e+02 -9.015852e+00
3.602000e+02 -9.015307e+00
3.603000e+02 -9.014798e+00
3.604000e+02 -9.014330e+00
3.605000e+02 -9.013902e+00
3.606000e+02 -9.013519e+00
3.607000e+02 -9.013182e+00
3.608000e+02 -9.012891e+00
3.609000e+02 -9.012650e+00
3.610000e+02 -9.012458e+00
3.611000e+02 -9.012317e+00
3.612000e+02 -9.012227e+00
3.613000e+02 -9.012189e+00
3.614000e+02 -9.012203e+00
3.615000e+02 -9.012269e+00
3.616000e+02 -9.012386e+00
3.617000e+02 -9.012555e+00
3.618000e+02 -9.012773e+00
3.619000e+02 -9.013040e+00
3.620000e+02 -9.013355e+00
3.621000e+02 -9.013716e+00
3.622000e+02 -9.014122e+00
3.623000e+02 -9.014570e+00
3.624000e+02 -9.015058e+00
3.625000e+02 -9.015584e+00
3.626000e+02 -9.016145e+00
3.627000e+02 -9.016739e+00
3.628000e+02 -9.017363e+00
3.629000e+02 -9.018013e+00
3.630000e+02 -9.018687e+00
3.631000e+02 -9.019381e+00
3.632000e+02 -9.020091e+00
3.633000e+02 -9.020816e+00
3.634000e+02 -9.021550e+00
3.635000e+02 -9.022291e+00
3.636000e+02 -9.023034e+00
3.637000e+02 -9.023777e+00
3.638000e+02 -9.024516e+00
3.639000e+02 -9.025246e+00
3.640000e+02 -9.025966e+00
3.641000e+02 -9.026670e+00
3.642000e+02 -9.027356e+00
3.643000e+02 -9.028021e+00
3.644000e+02 -9.028661e+00
3.645000e+02 -9.029273e+00
3.646000e+02 -9.029855e+00
3.647000e+02 -9.030403e+00
3.648000e+02 -9.030916e+00
3.649000e+02 -9.031389e+00
3.650000e+02 -9.031822e+00
3.651000e+02 -9.032212e+00
3.652000e+02 -9.032557e+00
3.653000e+02 -9.032856e+00
3.654000e+02 -9.033108e+00
3.655000e+02 -9.033310e+00
3.656000e+02 -9.033463e+00
3.657000e+02 -9.033565e+00
3.658000e+02 -9.033616e+00
3.659000e+02 -9.033616e+00
3.660000e+02 -9.033565e+00
3.661000e+02 -9.033463e+00
3.662000e+02 -9.033310e+00
3.663000e+02 -9.033108e+00
3.664000e+02 -9.032858e+00
3.665000e+02 -9.032560e+00
3.666000e+02 -9.032216e+00
3.667000e+02 -9.031828e+00
3.668000e+02 -9.031398e+00
3.669000e+02 -9.030928e+00
3.670000e+02 -9.030420e+00
3.671000e+02 -9.029876e+00
3.672000e+02 -9.029300e+00
3.673000e+02 -9.028694e+00
3.674000e+02 -9.028061e+00
3.675000e+02 -9.027404e+00
3.676000e+02 -9.026726e+00
3.677000e+02 -9.026031e+00
3.678000e+02 -9.025322e+00
3.679000e+02 -9.024602e+00
3.680000e+02 -9.023875e+00
3.681000e+02 -9.023145e+00
3.682000e+02 -9.022414e+00
3.683000e+02 -9.021687e+00
3.684000e+02 -9.020967e+00
3.685000e+02 -9.020257e+00
3.686000e+02 -9.019562e+00
3.687000e+02 -9.018883e+00
3.688000e+02 -9.018225e+00
3.689000e+02 -9.017591e+00
3.690000e+02 -9.016984e+00
3.691000e+02 -9.016406e+00
3.692000e+02 -9.015861e+00
3.693000e+02 -9.015350e+00
3.694000e+02 -9.014878e+00
3.695000e+02 -9.014445e+00
3.696000e+02 -9.014054e+00
3.697000e+02 -9.013707e+00
3.698000e+02 -9.013406e+00
3.699000e+02 -9.013151e+00
3.700000e+02 -9.012945e+00
3.701000e+02 -9.012788e+00
3.702000e+02 -9.012680e+00
3.703000e+02 -9.012623e+00
3.704000e+02 -9.012617e+00
3.705000e+02 -9.012662e+00
3.706000e+02 -9.012756e+00
3.707000e+02 -9.012901e+00
3.708000e+02 -9.013096e+00
3.709000e+02 -9.013338e+00
3.710000e+02 -9.013628e+00
3.711000e+02 -9.013963e+00
3.712000e+02 -9.014343e+00
3.713000e+02 -9.014765e+00
3.714000e+02 -9.015227e+00
3.715000e+02 -9.015727e+00
3.716000e+02 -9.016263e+00
3.717000e+02 -9.016831e+00
3.718000e+02 -9.017430e+00
3.719000e+02 -9.018056e+00
3.720000e+02 -9.018707e+00
3.721000e+02 -9.019378e+00
3.722000e+02 -9.020068e+00
3.723000e+02 -9.020772e+00
3.724000e+02 -9.021487e+00
3.725000e+02 -9.022210e+00
3.726000e+02 -9.022937e+00
3.727000e+02 -9.023665e+00
3.728000e+02 -9.024389e+00
3.729000e+02 -9.025108e+00
3.730000e+02 -9.025816e+00
3.731000e+02 -9.026512e+00
3.732000e+02 -9.027190e+00
3.733000e+02 -9.027849e+00
3.734000e+02 -9.028485e+00
3.735000e+02 -9.029094e+00
3.736000e+02 -9.029674e+00
3.737000e+02 -9.030223e+00
3.738000e+02 -9.030736e+00
3.739000e+02 -9.031213e+00
3.740000e+02 -9.031650e+00
3.741000e+02 -9.032046e+00
3.742000e+02 -9.032398e+00
3.743000e+02 -9.032706e+00
3.744000e+02 -9.032966e+00
3.745000e+02 -9.033179e+00
3.746000e+02 -9.033343e+00
3.747000e+02 -9.033458e+00
3.748000e+02 -9.033522e+00
3.749000e+02 -9.033536e+00
3.750000e+02 -9.033499e+00
3.751000e+02 -9.033411e+00
3.752000e+02 -9.033274e+00
3.753000e+02 -9.033088e+00
3.754000e+02 -9.032853e+00
3.755000e+02 -9.032571e+00
3.756000e+02 -9.032243e+00
3.757000e+02 -9.031871e+00
3.758000e+02 -9.031457e+00
3.759000e+02 -9.031002e+00
3.760000e+02 -9.030508e+00
3.761000e+02 -9.029979e+00
3.762000e+02 -9.029417e+00
3.763000e+02 -9.028824e+00
3.764000e+02 -9.028204e+00
3.765000e+02 -9.027559e+00
3.766000e+02 -9.026892e+00
3.767000e+02 -9.026207e+00
3.768000e+02 -9.025507e+00
3.769000e+02 -9.024795e+00
3.770000e+02 -9.024075e+00
3.771000e+02 -9.023350e+00
3.772000e+02 -9.022624e+00
3.773000e+02 -9.021900e+00
3.774000e+02 -9.021182e+00
3.775000e+02 -9.020474e+00
3.776000e+02 -9.019778e+00
3.777000e+02 -9.019098e+00
3.778000e+02 -9.018437e+00
3.779000e+02 -9.017798e+00
3.780000e+02 -9.017185e+00
3.781000e+02 -9.016601e+00
3.782000e+02 -9.016047e+00
3.783000e+02 -9.015528e+00
3.784000e+02 -9.015045e+00
3.785000e+02 -9.014600e+00
3.786000e+02 -9.014197e+00
3.787000e+02 -9.013836e+00
3.788000e+02 -9.013519e+00
3.789000e+02 -9.013249e+00
3.790000e+02 -9.013025e+00
3.791000e+02 -9.012850e+00
3.792000e+02 -9.012724e+00
3.793000e+02 -9.012648e+00
3.794000e+02 -9.012621e+00
3.795000e+02 -9.012645e+00
3.796000e+02 -9.012718e+00
3.797000e+02 -9.012841e+00
3.798000e+02 -9.013013e+00
3.799000e+02 -9.013233e+00
3.800000e+02 -9.013500e+00
3.801000e+02 -9.013813e+00
3.802000e+02 -9.014169e+00
3.803000e+02 -9.014568e+00
3.804000e+02 -9.015008e+00
3.805000e+02 -9.015485e+00
3.806000e+02 -9.015999e+00
3.807000e+02 -9.016545e+00
3.808000e+02 -9.017123e+00
3.809000e+02 -9.017728e+00
3.810000e+02 -9.018359e+00
3.811000e+02 -9.019011e+00
3.812000e+02 -9.019682e+00
3.813000e+02 -9.020368e+00
3.814000e+02 -9.021067e+00
3.815000e+02 -9.021774e+00
3.816000e+02 -9.022487e+00
3.817000e+02 -9.023201e+00
3.818000e+02 -9.023914e+00
3.819000e+02 -9.024622e+00
3.820000e+02 -9.025322e+00
3.821000e+02 -9.026009e+00
3.822000e+02 -9.026682e+00
3.823000e+02 -9.027336e+00
3.824000e+02 -9.027968e+00
3.825000e+02 -9.028576e+00
3.826000e+02 -9.029156e+00
3.827000e+02 -9.029706e+00
3.828000e+02 -9.030223e+00
3.829000e+02 -9.030705e+00
3.830000e+02 -9.031148e+00
3.831000e+02 -9.031552e+00
3.832000e+02 -9.031914e+00
3.833000e+02 -9.032233e+00
3.834000e+02 -9.032506e+00
3.835000e+02 -9.032733e+00
3.836000e+02 -9.032912e+00
3.837000e+02 -9.033043e+00
3.838000e+02 -9.033125e+00
3.839000e+02 -9.033157e+00
3.840000e+02 -9.033141e+00
3.841000e+02 -9.033074e+00
3.842000e+02 -9.032959e+00
3.843000e+02 -9.032795e+00
3.844000e+02 -9.032584e+00
3.845000e+02 -9.032326e+00
3.846000e+02 -9.032022e+00
3.847000e+02 -9.031675e+00
3.848000e+02 -9.031285e+00
3.849000e+02 -9.030855e+00
3.850000e+02 -9.030387e+00
3.851000e+02 -9.029883e+00
3.852000e+02 -9.029345e+00
3.853000e+02 -9.028777e+00
3.854000e+02 -9.028180e+00
3.855000e+02 -9.027559e+00
3.856000e+02 -9.026915e+00
3.857000e+02 -9.026252e+00
3.858000e+02 -9.025573e+00
3.859000e+02 -9.024881e+00
3.860000e+02 -9.024180e+00
3.861000e+02 -9.023474e+00
3.862000e+02 -9.022765e+00
3.863000e+02 -9.022056e+00
3.864000e+02 -9.021353e+00
3.865000e+02 -9.020657e+00
3.866000e+02 -9.019973e+00
3.867000e+02 -9.019303e+00
3.868000e+02 -9.018650e+00
3.869000e+02 -9.018019e+00
3.870000e+02 -9.017412e+00
3.871000e+02 -9.016831e+00
3.872000e+02 -9.016281e+00
3.873000e+02 -9.015762e+00
3.874000e+02 -9.015279e+00
3.875000e+02 -9.014833e+00
3.876000e+02 -9.014426e+00
3.877000e+02 -9.014061e+00
3.878000e+02 -9.013739e+00
3.879000e+02 -9.013462e+00
3.880000e+02 -9.013230e+00
3.881000e+02 -9.013046e+00
3.882000e+02 -9.012910e+00
3.883000e+02 -9.012823e+00
3.884000e+02 -9.012784e+00
3.885000e+02 -9.012795e+00
3.886000e+02 -9.012856e+00
3.887000e+02 -9.012965e+00
3.888000e+02 -9.013123e+00
3.889000e+02 -9.013329e+00
3.890000e+02 -9.013581e+00
3.891000e+02 -9.013879e+00
3.892000e+02 -9.014220e+00
3.893000e+02 -9.014605e+00
3.894000e+02 -9.015029e+00
3.895000e+02 -9.015493e+00
3.896000e+02 -9.015992e+00
3.897000e+02 -9.016525e+00
3.898000e+02 -9.017090e+00
3.899000e+02 -9.017683e+00
3.900000e+02 -9.018302e+00
3.901000e+02 -9.018943e+00
3.902000e+02 -9.019604e+00
3.903000e+02 -9.020282e+00
3.904000e+02 -9.020972e+00
3.905000e+02 -9.021672e+00
3.906000e+02 -9.022379e+00
3.907000e+02 -9.023089e+00
3.908000e+02 -9.023798e+00
3.909000e+02 -9.024503e+00
3.910000e+02 -9.025201e+00
3.911000e+02 -9.025888e+00
3.912000e+02 -9.026562e+00
3.913000e+02 -9.027218e+00
3.914000e+02 -9.027854e+00
3.915000e+02 -9.028466e+00
3.916000e+02 -9.029052e+00
3.917000e+02 -9.029609e+00
3.918000e+02 -9.030134e+00
3.919000e+02 -9.030624e+00
3.920000e+02 -9.031078e+00
3.921000e+02 -9.031492e+00
3.922000e+02 -9.031866e+00
3.923000e+02 -9.032197e+00
3.924000e+02 -9.032484e+00
3.925000e+02 -9.032725e+00
3.926000e+02 -9.032919e+00
3.927000e+02 -9.033066e+00
3.928000e+02 -9.033164e+00
3.929000e+02 -9.033214e+00
3.930000e+02 -9.033214e+00
3.931000e+02 -9.033165e+00
3.932000e+02 -9.033068e+00
3.933000e+02 -9.032922e+00
3.934000e+02 -9.032729e+00
3.935000e+02 -9.032489e+00
3.936000e+02 -9.032204e+00
3.937000e+02 -9.031874e+00
3.938000e+02 -9.031503e+00
3.939000e+02 -9.031091e+00
3.940000e+02 -9.030640e+00
3.941000e+02 -9.030153e+00
3.942000e+02 -9.029633e+00
3.943000e+02 -9.029080e+00
3.944000e+02 -9.028500e+00
3.945000e+02 -9.027893e+00
3.946000e+02 -9.027263e+00
3.947000e+02 -9.026614e+00
3.948000e+02 -9.025948e+00
3.949000e+02 -9.025268e+00
3.950000e+02 -9.024579e+00
3.951000e+02 -9.023882e+00
3.952000e+02 -9.023182e+00
3.953000e+02 -9.022483e+00
3.954000e+02 -9.021786e+00
3.955000e+02 -9.021097e+00
3.956000e+02 -9.020417e+00
3.957000e+02 -9.019751e+00
3.958000e+02 -9.019101e+00
3.959000e+02 -9.018471e+00
3.960000e+02 -9.017864e+00
3.961000e+02 -9.017283e+00
3.962000e+02 -9.016730e+00
3.963000e+02 -9.016208e+00
3.964000e+02 -9.015720e+00
3.965000e+02 -9.015268e+00
3.966000e+02 -9.014854e+00
3.967000e+02 -9.014481e+00
3.968000e+02 -9.014149e+00
3.969000e+02 -9.013861e+00
3.970000e+02 -9.013618e+00
3.971000e+02 -9.013420e+00
3.972000e+02 -9.013270e+00
3.973000e+02 -9.013168e+00
3.974000e+02 -9.013113e+00
3.975000e+02 -9.013108e+00
3.976000e+02 -9.013150e+00
3.977000e+02 -9.013241e+00
3.978000e+02 -9.013379e+00
3.979000e+02 -9.013564e+00
3.980000e+02 -9.013796e+00
3.981000e+02 -9.014072e+00
3.982000e+02 -9.014392e+00
3.983000e+02 -9.014753e+00
3.984000e+02 -9.015155e+00
3.985000e+02 -9.015596e+00
3.986000e+02 -9.016072e+00
3.987000e+02 -9.016582e+00
3.988000e+02 -9.017123e+00
3.989000e+02 -9.017693e+00
3.990000e+02 -9.018289e+00
3.991000e+02 -9.018908e+00
3.992000e+02 -9.019547e+00
3.993000e+02 -9.020202e+00
3.994000e+02 -9.020871e+00
3.995000e+02 -9.021551e+00
3.996000e+02 -9.022237e+00
3.997000e+02 -9.022928e+00
3.998000e+02 -9.023618e+00
3.999000e+02 -9.024306e+00
4.000000e+02 -9.024988e+00
4.001000e+02 -9.025660e+00
4.002000e+02 -9.026319e+00
4.003000e+02 -9.026962e+00
4.004000e+02 -9.027586e+00
4.005000e+02 -9.028188e+00
4.006000e+02 -9.028764e+00
4.007000e+02 -9.029313e+00
4.008000e+02 -9.029831e+00
4.009000e+02 -9.030317e+00
4.010000e+02 -9.030766e+00
4.011000e+02 -9.031179e+00
4.012000e+02 -9.031552e+00
4.013000e+02 -9.031883e+00
4.014000e+02 -9.032172e+00
4.015000e+02 -9.032416e+00
4.016000e+02 -9.032615e+00
4.017000e+02 -9.032767e+00
4.018000e+02 -9.032872e+00
4.019000e+02 -9.032929e+00
4.020000e+02 -9.032939e+00
4.021000e+02 -9.032900e+00
4.022000e+02 -9.032814e+00
4.023000e+02 -9.032680e+00
4.024000e+02 -9.032500e+00
4.025000e+02 -9.032273e+00
4.026000e+02 -9.032002e+00
4.027000e+02 -9.031687e+00
4.028000e+02 -9.031331e+00
4.029000e+02 -9.030934e+00
4.030000e+02 -9.030499e+00
4.031000e+02 -9.030028e+00
4.032000e+02 -9.029523e+00
4.033000e+02 -9.028986e+00
4.034000e+02 -9.028421e+00
4.035000e+02 -9.027829e+00
4.036000e+02 -9.027215e+00
4.037000e+02 -9.026579e+00
4.038000e+02 -9.025927e+00
4.039000e+02 -9.025261e+00
4.040000e+02 -9.024583e+00
4.041000e+02 -9.023898e+00
4.042000e+02 -9.023209e+00
4.043000e+02 -9.022519e+00
4.044000e+02 -9.021831e+00
4.045000e+02 -9.021149e+00
4.046000e+02 -9.020476e+00
4.047000e+02 -9.019815e+00
4.048000e+02 -9.019169e+00
4.049000e+02 -9.018542e+00
4.050000e+02 -9.017936e+00
4.051000e+02 -9.017355e+00
4.052000e+02 -9.016801e+00
4.053000e+02 -9.016277e+00
4.054000e+02 -9.015785e+00
4.055000e+02 -9.015328e+00
4.056000e+02 -9.014909e+00
4.057000e+02 -9.014528e+00
4.058000e+02 -9.014188e+00
4.059000e+02 -9.013890e+00
4.060000e+02 -9.013636e+00
4.061000e+02 -9.013427e+00
4.062000e+02 -9.013264e+00
4.063000e+02 -9.013149e+00
4.064000e+02 -9.013080e+00
4.065000e+02 -9.013059e+00
4.066000e+02 -9.013086e+00
4.067000e+02 -9.013160e+00
4.068000e+02 -9.013282e+00
4.069000e+02 -9.013450e+00
4.070000e+02 -9.013664e+00
4.071000e+02 -9.013923e+00
4.072000e+02 -9.014225e+00
4.073000e+02 -9.014569e+00
4.074000e+02 -9.014954e+00
4.075000e+02 -9.015376e+00
4.076000e+02 -9.015836e+00
4.077000e+02 -9.016329e+00
4.078000e+02 -9.016854e+00
4.079000e+02 -9.017408e+00
4.080000e+02 -9.017988e+00
4.081000e+02 -9.018592e+00
4.082000e+02 -9.019217e+00
4.083000e+02 -9.019859e+00
4.084000e+02 -9.020516e+00
4.085000e+02 -9.021184e+00
4.086000e+02 -9.021861e+00
4.087000e+02 -9.022542e+00
4.088000e+02 -9.023224e+00
4.089000e+02 -9.023905e+00
4.090000e+02 -9.024581e+00
4.091000e+02 -9.025248e+00
4.092000e+02 -9.025904e+00
4.093000e+02 -9.026545e+00
4.094000e+02 -9.027169e+00
4.095000e+02 -9.027771e+00
4.096000e+02 -9.028350e+00
4.097000e+02 -9.028902e+00
4.098000e+02 -9.029425e+00
4.099000e+02 -9.029916e+00
4.100000e+02 -9.030373e+00
4.101000e+02 -9.030794e+00
4.102000e+02 -9.031177e+00
4.103000e+02 -9.031520e+00
4.104000e+02 -9.031821e+00
4.105000e+02 -9.032078e+00
4.106000e+02 -9.032292e+00
4.107000e+02 -9.032460e+00
4.108000e+02 -9.032582e+00
4.109000e+02 -9.032657e+00
4.110000e+02 -9.032685e+00
4.111000e+02 -9.032666e+00
4.112000e+02 -9.032600e+00
4.113000e+02 -9.032487e+00
4.114000e+02 -9.032328e+00
4.115000e+02 -9.032124e+00
4.116000e+02 -9.031876e+00
4.117000e+02 -9.031584e+00
4.118000e+02 -9.031251e+00
4.119000e+02 -9.030878e+00
4.120000e+02 -9.030467e+00
4.121000e+02 -9.030020e+00
4.122000e+02 -9.029539e+00
4.123000e+02 -9.029027e+00
4.124000e+02 -9.028485e+00
4.125000e+02 -9.027918e+00
4.126000e+02 -9.027326e+00
4.127000e+02 -9.026714e+00
4.128000e+02 -9.026084e+00
4.129000e+02 -9.025440e+00
4.130000e+02 -9.024784e+00
4.131000e+02 -9.024119e+00
4.132000e+02 -9.023450e+00
4.133000e+02 -9.022778e+00
4.134000e+02 -9.022108e+00
4.135000e+02 -9.021443e+00
4.136000e+02 -9.020786e+00
4.137000e+02 -9.020140e+00
4.138000e+02 -9.019507e+00
4.139000e+02 -9.018893e+00
4.140000e+02 -9.018298e+00
4.141000e+02 -9.017727e+00
4.142000e+02 -9.017181e+00
4.143000e+02 -9.016664e+00
4.144000e+02 -9.016178e+00
4.145000e+02 -9.015725e+00
4.146000e+02 -9.015308e+00
4.147000e+02 -9.014929e+00
4.148000e+02 -9.014589e+00
4.149000e+02 -9.014289e+00
4.150000e+02 -9.014033e+00
4.151000e+02 -9.013820e+00
4.152000e+02 -9.013651e+00
4.153000e+02 -9.013528e+00
4.154000e+02 -9.013452e+00
4.155000e+02 -9.013421e+00
4.156000e+02 -9.013438e+00
4.157000e+02 -9.013500e+00
4.158000e+02 -9.013609e+00
4.159000e+02 -9.013764e+00
4.160000e+02 -9.013963e+00
4.161000e+02 -9.014207e+00
4.162000e+02 -9.014493e+00
4.163000e+02 -9.014820e+00
4.164000e+02 -9.015187e+00
4.165000e+02 -9.015592e+00
4.166000e+02 -9.016033e+00
4.167000e+02 -9.016508e+00
4.168000e+02 -9.017015e+00
4.169000e+02 -9.017550e+00
4.170000e+02 -9.018112e+00
4.171000e+02 -9.018698e+00
4.172000e+02 -9.019305e+00
4.173000e+02 -9.019930e+00
4.174000e+02 -9.020570e+00
4.175000e+02 -9.021222e+00
4.176000e+02 -9.021882e+00
4.177000e+02 -9.022549e+00
4.178000e+02 -9.023217e+00
4.179000e+02 -9.023885e+00
4.180000e+02 -9.024549e+00
4.181000e+02 -9.025206e+00
4.182000e+02 -9.025852e+00
4.183000e+02 -9.026484e+00
4.184000e+02 -9.027100e+00
4.185000e+02 -9.027697e+00
4.186000e+02 -9.028271e+00
4.187000e+02 -9.028820e+00
4.188000e+02 -9.029342e+00
4.189000e+02 -9.029833e+00
4.190000e+02 -9.030291e+00
4.191000e+02 -9.030715e+00
4.192000e+02 -9.031101e+00
4.193000e+02 -9.031449e+00
4.194000e+02 -9.031757e+00
4.195000e+02 -9.032023e+00
4.196000e+02 -9.032245e+00
4.197000e+02 -9.032424e+00
4.198000e+02 -9.032557e+00
4.199000e+02 -9.032645e+00
4.200000e+02 -9.032687e+00
4.201000e+02 -9.032683e+00
4.202000e+02 -9.032632e+00
4.203000e+02 -9.032535e+00
4.204000e+02 -9.032393e+00
4.205000e+02 -9.032207e+00
4.206000e+02 -9.031976e+00
4.207000e+02 -9.031703e+00
4.208000e+02 -9.031388e+00
4.209000e+02 -9.031033e+00
4.210000e+02 -9.030641e+00
4.211000e+02 -9.030212e+00
4.212000e+02 -9.029749e+00
4.213000e+02 -9.029254e+00
4.214000e+02 -9.028729e+00
4.215000e+02 -9.028178e+00
4.216000e+02 -9.027602e+00
4.217000e+02 -9.027005e+00
4.218000e+02 -9.026389e+00
4.219000e+02 -9.025757e+00
4.220000e+02 -9.025113e+00
4.221000e+02 -9.024459e+00
4.222000e+02 -9.023799e+00
4.223000e+02 -9.023136e+00
4.224000e+02 -9.022473e+00
4.225000e+02 -9.021814e+00
4.226000e+02 -9.021160e+00
4.227000e+02 -9.020516e+00
4.228000e+02 -9.019885e+00
4.229000e+02 -9.019270e+00
4.230000e+02 -9.018673e+00
4.231000e+02 -9.018098e+00
4.232000e+02 -9.017547e+00
4.233000e+02 -9.017023e+00
4.234000e+02 -9.016529e+00
4.235000e+02 -9.016066e+00
4.236000e+02 -9.015638e+00
4.237000e+02 -9.015245e+00
4.238000e+02 -9.014891e+00
4.239000e+02 -9.014576e+00
4.240000e+02 -9.014303e+00
4.241000e+02 -9.014072e+00
4.242000e+02 -9.013884e+00
4.243000e+02 -9.013741e+00
4.244000e+02 -9.013643e+00
4.245000e+02 -9.013591e+00
4.246000e+02 -9.013584e+00
4.247000e+02 -9.013623e+00
4.248000e+02 -9.013708e+00
4.249000e+02 -9.013838e+00
4.250000e+02 -9.014012e+00
4.251000e+02 -9.014230e+00
4.252000e+02 -9.014490e+00
4.253000e+02 -9.014792e+00
4.254000e+02 -9.015134e+00
4.255000e+02 -9.015513e+00
4.256000e+02 -9.015929e+00
4.257000e+02 -9.016378e+00
4.258000e+02 -9.016860e+00
4.259000e+02 -9.017372e+00
4.260000e+02 -9.017910e+00
4.261000e+02 -9.018473e+00
4.262000e+02 -9.019058e+00
4.263000e+02 -9.019661e+00
4.264000e+02 -9.020280e+00
4.265000e+02 -9.020913e+00
4.266000e+02 -9.021555e+00
4.267000e+02 -9.022204e+00
4.268000e+02 -9.022856e+00
4.269000e+02 -9.023509e+00
4.270000e+02 -9.024159e+00
4.271000e+02 -9.024803e+00
4.272000e+02 -9.025438e+00
4.273000e+02 -9.026061e+00
4.274000e+02 -9.026669e+00
4.275000e+02 -9.027258e+00
4.276000e+02 -9.027827e+00
4.277000e+02 -9.028372e+00
4.278000e+02 -9.028890e+00
4.279000e+02 -9.029380e+00
4.280000e+02 -9.029838e+00
4.281000e+02 -9.030263e+00
4.282000e+02 -9.030653e+00
4.283000e+02 -9.031005e+00
4.284000e+02 -9.031318e+00
4.285000e+02 -9.031590e+00
4.286000e+02 -9.031821e+00
4.287000e+02 -9.032009e+00
4.288000e+02 -9.032152e+00
4.289000e+02 -9.032251e+00
4.290000e+02 -9.032305e+00
4.291000e+02 -9.032314e+00
4.292000e+02 -9.032278e+00
4.293000e+02 -9.032196e+00
4.294000e+02 -9.032069e+00
4.295000e+02 -9.031899e+00
4.296000e+02 -9.031685e+00
4.297000e+02 -9.031429e+00
4.298000e+02 -9.031132e+00
4.299000e+02 -9.030795e+00
4.300000e+02 -9.030421e+00
4.301000e+02 -9.030011e+00
4.302000e+02 -9.029566e+00
4.303000e+02 -9.029089e+00
4.304000e+02 -9.028583e+00
4.305000e+02 -9.028050e+00
4.306000e+02 -9.027492e+00
4.307000e+02 -9.026913e+00
4.308000e+02 -9.026314e+00
4.309000e+02 -9.025699e+00
4.310000e+02 -9.025071e+00
4.311000e+02 -9.024433e+00
4.312000e+02 -9.023787e+00
4.313000e+02 -9.023138e+00
4.314000e+02 -9.022488e+00
4.315000e+02 -9.021840e+00
4.316000e+02 -9.021198e+00
4.317000e+02 -9.020564e+00
4.318000e+02 -9.019942e+00
4.319000e+02 -9.019334e+00
4.320000e+02 -9.018744e+00
4.321000e+02 -9.018175e+00
4.322000e+02 -9.017628e+00
4.323000e+02 -9.017107e+00
4.324000e+02 -9.016615e+00
4.325000e+02 -9.016153e+00
4.326000e+02 -9.015724e+00
4.327000e+02 -9.015329e+00
4.328000e+02 -9.014972e+00
4.329000e+02 -9.014653e+00
4.330000e+02 -9.014374e+00
4.331000e+02 -9.014137e+00
4.332000e+02 -9.013942e+00
4.333000e+02 -9.013790e+00
4.334000e+02 -9.013683e+00
4.335000e+02 -9.013620e+00
4.336000e+02 -9.013602e+00
4.337000e+02 -9.013629e+00
4.338000e+02 -9.013701e+00
4.339000e+02 -9.013818e+00
4.340000e+02 -9.013978e+00
4.341000e+02 -9.014182e+00
4.342000e+02 -9.014428e+00
4.343000e+02 -9.014715e+00
4.344000e+02 -9.015041e+00
4.345000e+02 -9.015405e+00
4.346000e+02 -9.015806e+00
4.347000e+02 -9.016241e+00
4.348000e+02 -9.016708e+00
4.349000e+02 -9.017206e+00
4.350000e+02 -9.017730e+00
4.351000e+02 -9.018280e+00
4.352000e+02 -9.018852e+00
4.353000e+02 -9.019444e+00
4.354000e+02 -9.020052e+00
4.355000e+02 -9.020674e+00
4.356000e+02 -9.021307e+00
4.357000e+02 -9.021948e+00
4.358000e+02 -9.022594e+00
4.359000e+02 -9.023241e+00
4.360000e+02 -9.023886e+00
4.361000e+02 -9.024527e+00
4.362000e+02 -9.025160e+00
4.363000e+02 -9.025783e+00
4.364000e+02 -9.026391e+00
4.365000e+02 -9.026983e+00
4.366000e+02 -9.027556e+00
4.367000e+02 -9.028106e+00
4.368000e+02 -9.028631e+00
4.369000e+02 -9.029129e+00
4.370000e+02 -9.029597e+00
4.371000e+02 -9.030033e+00
4.372000e+02 -9.030435e+00
4.373000e+02 -9.030800e+00
4.374000e+02 -9.031128e+00
4.375000e+02 -9.031417e+00
4.376000e+02 -9.031664e+00
4.377000e+02 -9.031870e+00
4.378000e+02 -9.032033e+00
4.379000e+02 -9.032152e+00
4.380000e+02 -9.032228e+00
4.381000e+02 -9.032258e+00
4.382000e+02 -9.032244e+00
4.383000e+02 -9.032185e+00
4.384000e+02 -9.032082e+00
4.385000e+02 -9.031935e+00
4.386000e+02 -9.031746e+00
4.387000e+02 -9.031514e+00
4.388000e+02 -9.031241e+00
4.389000e+02 -9.030929e+00
4.390000e+02 -9.030578e+00
4.391000e+02 -9.030192e+00
4.392000e+02 -9.029770e+00
4.393000e+02 -9.029317e+00
4.394000e+02 -9.028833e+00
4.395000e+02 -9.028321e+00
4.396000e+02 -9.027785e+00
4.397000e+02 -9.027225e+00
4.398000e+02 -9.026645e+00
4.399000e+02 -9.026049e+00
4.400000e+02 -9.025438e+00
4.401000e+02 -9.024816e+00
4.402000e+02 -9.024185e+00
4.403000e+02 -9.023549e+00
4.404000e+02 -9.022912e+00
4.405000e+02 -9.022275e+00
4.406000e+02 -9.021642e+00
4.407000e+02 -9.021017e+00
4.408000e+02 -9.020401e+00
4.409000e+02 -9.019799e+00
4.410000e+02 -9.019213e+00
4.411000e+02 -9.018646e+00
4.412000e+02 -9.018101e+00
4.413000e+02 -9.017580e+00
4.414000e+02 -9.017086e+00
4.415000e+02 -9.016621e+00
4.416000e+02 -9.016188e+00
4.417000e+02 -9.015788e+00
4.418000e+02 -9.015424e+00
4.419000e+02 -9.015097e+00
4.420000e+02 -9.014809e+00
4.421000e+02 -9.014561e+00
4.422000e+02 -9.014354e+00
4.423000e+02 -9.014191e+00
4.424000e+02 -9.014070e+00
4.425000e+02 -9.013993e+00
4.426000e+02 -9.013961e+00
4.427000e+02 -9.013972e+00
4.428000e+02 -9.014028e+00
4.429000e+02 -9.014128e+00
4.430000e+02 -9.014271e+00
4.431000e+02 -9.014458e+00
4.432000e+02 -9.014686e+00
4.433000e+02 -9.014954e+00
4.434000e+02 -9.015263e+00
4.435000e+02 -9.015609e+00
4.436000e+02 -9.015991e+00
4.437000e+02 -9.016408e+00
4.438000e+02 -9.016857e+00
4.439000e+02 -9.017336e+00
4.440000e+02 -9.017843e+00
4.441000e+02 -9.018375e+00
4.442000e+02 -9.018931e+00
4.443000e+02 -9.019506e+00
4.444000e+02 -9.020098e+00
4.445000e+02 -9.020705e+00
4.446000e+02 -9.021323e+00
4.447000e+02 -9.021950e+00
4.448000e+02 -9.022582e+00
4.449000e+02 -9.023217e+00
4.450000e+02 -9.023851e+00
4.451000e+02 -9.024480e+00
4.452000e+02 -9.025104e+00
4.453000e+02 -9.025717e+00
4.454000e+02 -9.026317e+00
4.455000e+02 -9.026902e+00
4.456000e+02 -9.027468e+00
4.457000e+02 -9.028012e+00
4.458000e+02 -9.028533e+00
4.459000e+02 -9.029027e+00
4.460000e+02 -9.029493e+00
4.461000e+02 -9.029927e+00
4.462000e+02 -9.030328e+00
4.463000e+02 -9.030694e+00
4.464000e+02 -9.031023e+00
4.465000e+02 -9.031314e+00
4.466000e+02 -9.031565e+00
4.467000e+02 -9.031774e+00
4.468000e+02 -9.031942e+00
4.469000e+02 -9.032067e+00
4.470000e+02 -9.032148e+00
4.471000e+02 -9.032185e+00
4.472000e+02 -9.032178e+00
4.473000e+02 -9.032128e+00
4.474000e+02 -9.032033e+00
4.475000e+02 -9.031895e+00
4.476000e+02 -9.031715e+00
4.477000e+02 -9.031493e+00
4.478000e+02 -9.031230e+00
4.479000e+02 -9.030928e+00
4.480000e+02 -9.030588e+00
4.481000e+02 -9.030212e+00
4.482000e+02 -9.029801e+00
4.483000e+02 -9.029358e+00
4.484000e+02 -9.028885e+00
4.485000e+02 -9.028383e+00
4.486000e+02 -9.027856e+00
4.487000e+02 -9.027306e+00
4.488000e+02 -9.026736e+00
4.489000e+02 -9.026148e+00
4.490000e+02 -9.025545e+00
4.491000e+02 -9.024931e+00
4.492000e+02 -9.024307e+00
4.493000e+02 -9.023678e+00
4.494000e+02 -9.023045e+00
4.495000e+02 -9.022413e+00
4.496000e+02 -9.021784e+00
4.497000e+02 -9.021162e+00
4.498000e+02 -9.020548e+00
4.499000e+02 -9.019947e+00
4.500000e+02 -9.019361e+00
4.501000e+02 -9.018792e+00
4.502000e+02 -9.018245e+00
4.503000e+02 -9.017720e+00
4.504000e+02 -9.017221e+00
4.505000e+02 -9.016751e+00
4.506000e+02 -9.016311e+00
4.507000e+02 -9.015903e+00
4.508000e+02 -9.015530e+00
4.509000e+02 -9.015193e+00
4.510000e+02 -9.014894e+00
4.511000e+02 -9.014634e+00
4.512000e+02 -9.014414e+00
4.513000e+02 -9.014236e+00
4.514000e+02 -9.014100e+00
4.515000e+02 -9.014008e+00
4.516000e+02 -9.013958e+00
4.517000e+02 -9.013953e+00
4.518000e+02 -9.013991e+00
4.519000e+02 -9.014072e+00
4.520000e+02 -9.014196e+00
4.521000e+02 -9.014363e+00
4.522000e+02 -9.014571e+00
4.523000e+02 -9.014819e+00
4.524000e+02 -9.015107e+00
4.525000e+02 -9.015433e+00
4.526000e+02 -9.015795e+00
4.527000e+02 -9.016191e+00
4.528000e+02 -9.016620e+00
4.529000e+02 -9.017079e+00
4.530000e+02 -9.017567e+00
4.531000e+02 -9.018080e+00
4.532000e+02 -9.018617e+00
4.533000e+02 -9.019174e+00
4.534000e+02 -9.019749e+00
4.535000e+02 -9.020340e+00
4.536000e+02 -9.020943e+00
4.537000e+02 -9.021555e+00
4.538000e+02 -9.022174e+00
4.539000e+02 -9.022796e+00
4.540000e+02 -9.023419e+00
4.541000e+02 -9.024038e+00
4.542000e+02 -9.024653e+00
4.543000e+02 -9.025259e+00
4.544000e+02 -9.025853e+00
4.545000e+02 -9.026433e+00
4.546000e+02 -9.026995e+00
4.547000e+02 -9.027538e+00
4.548000e+02 -9.028058e+00
4.549000e+02 -9.028553e+00
4.550000e+02 -9.029021e+00
4.551000e+02 -9.029459e+00
4.552000e+02 -9.029865e+00
4.553000e+02 -9.030237e+00
4.554000e+02 -9.030574e+00
4.555000e+02 -9.030873e+00
4.556000e+02 -9.031134e+00
4.557000e+02 -9.031355e+00
4.558000e+02 -9.031535e+00
4.559000e+02 -9.031673e+00
4.560000e+02 -9.031769e+00
4.561000e+02 -9.031822e+00
4.562000e+02 -9.031832e+00
4.563000e+02 -9.031798e+00
4.564000e+02 -9.031722e+00
4.565000e+02 -9.031603e+00
4.566000e+02 -9.031442e+00
4.567000e+02 -9.031239e+00
4.568000e+02 -9.030997e+00
4.569000e+02 -9.030715e+00
4.570000e+02 -9.030396e+00
4.571000e+02 -9.030040e+00
4.572000e+02 -9.029650e+00
4.573000e+02 -9.029228e+00
4.574000e+02 -9.028776e+00
4.575000e+02 -9.028295e+00
4.576000e+02 -9.027788e+00
4.577000e+02 -9.027258e+00
4.578000e+02 -9.026707e+00
4.579000e+02 -9.026138e+00
4.580000e+02 -9.025554e+00
4.581000e+02 -9.024957e+00
4.582000e+02 -9.024351e+00
4.583000e+02 -9.023738e+00
4.584000e+02 -9.023121e+00
4.585000e+02 -9.022504e+00
4.586000e+02 -9.021889e+00
4.587000e+02 -9.021279e+00
4.588000e+02 -9.020677e+00
4.589000e+02 -9.020087e+00
4.590000e+02 -9.019511e+00
4.591000e+02 -9.018952e+00
4.592000e+02 -9.018412e+00
4.593000e+02 -9.017894e+00
4.594000e+02 -9.017401e+00
4.595000e+02 -9.016935e+00
4.596000e+02 -9.016499e+00
4.597000e+02 -9.016094e+00
4.598000e+02 -9.015722e+00
4.599000e+02 -9.015386e+00
4.600000e+02 -9.015086e+00
4.601000e+02 -9.014825e+00
4.602000e+02 -9.014603e+00
4.603000e+02 -9.014422e+00
4.604000e+02 -9.014282e+00
4.605000e+02 -9.014184e+00
4.606000e+02 -9.014129e+00
4.607000e+02 -9.014117e+00
4.608000e+02 -9.014148e+00
4.609000e+02 -9.014222e+00
4.610000e+02 -9.014338e+00
4.611000e+02 -9.014496e+00
4.612000e+02 -9.014694e+00
4.613000e+02 -9.014933e+00
4.614000e+02 -9.015211e+00
4.615000e+02 -9.015527e+00
4.616000e+02 -9.015878e+00
4.617000e+02 -9.016264e+00
4.618000e+02 -9.016682e+00
4.619000e+02 -9.017131e+00
4.620000e+02 -9.017608e+00
4.621000e+02 -9.018111e+00
4.622000e+02 -9.018637e+00
4.623000e+02 -9.019185e+00
4.624000e+02 -9.019751e+00
4.625000e+02 -9.020332e+00
4.626000e+02 -9.020926e+00
4.627000e+02 -9.021530e+00
4.628000e+02 -9.022141e+00
4.629000e+02 -9.022756e+00
4.630000e+02 -9.023372e+00
4.631000e+02 -9.023987e+00
4.632000e+02 -9.024596e+00
4.633000e+02 -9.025198e+00
4.634000e+02 -9.025789e+00
4.635000e+02 -9.026367e+00
4.636000e+02 -9.026928e+00
4.637000e+02 -9.027470e+00
4.638000e+02 -9.027991e+00
4.639000e+02 -9.028487e+00
4.640000e+02 -9.028957e+00
4.641000e+02 -9.029399e+00
4.642000e+02 -9.029810e+00
4.643000e+02 -9.030187e+00
4.644000e+02 -9.030531e+00
4.645000e+02 -9.030838e+00
4.646000e+02 -9.031107e+00
4.647000e+02 -9.031338e+00
4.648000e+02 -9.031528e+00
4.649000e+02 -9.031678e+00
4.650000e+02 -9.031786e+00
4.651000e+02 -9.031852e+00
4.652000e+02 -9.031875e+00
4.653000e+02 -9.031856e+00
4.654000e+02 -9.031795e+00
4.655000e+02 -9.031692e+00
4.656000e+02 -9.031547e+00
4.657000e+02 -9.031362e+00
4.658000e+02 -9.031136e+00
4.659000e+02 -9.030872e+00
4.660000e+02 -9.030570e+00
4.661000e+02 -9.030233e+00
4.662000e+02 -9.029861e+00
4.663000e+02 -9.029457e+00
4.664000e+02 -9.029022e+00
4.665000e+02 -9.028559e+00
4.666000e+02 -9.028070e+00
4.667000e+02 -9.027557e+00
4.668000e+02 -9.027023e+00
4.669000e+02 -9.026470e+00
4.670000e+02 -9.025901e+00
4.671000e+02 -9.025319e+00
4.672000e+02 -9.024727e+00
4.673000e+02 -9.024127e+00
4.674000e+02 -9.023523e+00
4.675000e+02 -9.022916e+00
4.676000e+02 -9.022311e+00
4.677000e+02 -9.021711e+00
4.678000e+02 -9.021117e+00
4.679000e+02 -9.020533e+00
4.680000e+02 -9.019962e+00
4.681000e+02 -9.019407e+00
4.682000e+02 -9.018869e+00
4.683000e+02 -9.018353e+00
4.684000e+02 -9.017859e+00
4.685000e+02 -9.017391e+00
4.686000e+02 -9.016952e+00
4.687000e+02 -9.016542e+00
4.688000e+02 -9.016164e+00
4.689000e+02 -9.015820e+00
4.690000e+02 -9.015511e+00
4.691000e+02 -9.015239e+00
4.692000e+02 -9.015005e+00
4.693000e+02 -9.014811e+00
4.694000e+02 -9.014656e+00
4.695000e+02 -9.014543e+00
4.696000e+02 -9.014471e+00
4.697000e+02 -9.014441e+00
4.698000e+02 -9.014453e+00
4.699000e+02 -9.014507e+00
4.700000e+02 -9.014602e+00
4.701000e+02 -9.014738e+00
4.702000e+02 -9.014915e+00
4.703000e+02 -9.015131e+00
4.704000e+02 -9.015385e+00
4.705000e+02 -9.015677e+00
4.706000e+02 -9.016004e+00
4.707000e+02 -9.016366e+00
4.708000e+02 -9.016760e+00
4.709000e+02 -9.017184e+00
4.710000e+02 -9.017637e+00
4.711000e+02 -9.018116e+00
4.712000e+02 -9.018619e+00
4.713000e+02 -9.019144e+00
4.714000e+02 -9.019687e+00
4.715000e+02 -9.020246e+00
4.716000e+02 -9.020819e+00
4.717000e+02 -9.021402e+00
4.718000e+02 -9.021993e+00
4.719000e+02 -9.022590e+00
4.720000e+02 -9.023188e+00
4.721000e+02 -9.023786e+00
4.722000e+02 -9.024380e+00
4.723000e+02 -9.024967e+00
4.724000e+02 -9.025545e+00
4.725000e+02 -9.026110e+00
4.726000e+02 -9.026661e+00
4.727000e+02 -9.027194e+00
4.728000e+02 -9.027706e+00
4.729000e+02 -9.028196e+00
4.730000e+02 -9.028661e+00
4.731000e+02 -9.029099e+00
4.732000e+02 -9.029507e+00
4.733000e+02 -9.029883e+00
4.734000e+02 -9.030226e+00
4.735000e+02 -9.030535e+00
4.736000e+02 -9.030806e+00
4.737000e+02 -9.031041e+00
4.738000e+02 -9.031236e+00
4.739000e+02 -9.031391e+00
4.740000e+02 -9.031506e+00
4.741000e+02 -9.031580e+00
4.742000e+02 -9.031612e+00
4.743000e+02 -9.031603e+00
4.744000e+02 -9.031552e+00
4.745000e+02 -9.031459e+00
4.746000e+02 -9.031326e+00
4.747000e+02 -9.031153e+00
4.748000e+02 -9.030940e+00
4.749000e+02 -9.030689e+00
4.750000e+02 -9.030400e+00
4.751000e+02 -9.030076e+00
4.752000e+02 -9.029718e+00
4.753000e+02 -9.029327e+00
4.754000e+02 -9.028906e+00
4.755000e+02 -9.028456e+00
4.756000e+02 -9.027980e+00
4.757000e+02 -9.027480e+00
4.758000e+02 -9.026958e+00
4.759000e+02 -9.026417e+00
4.760000e+02 -9.025860e+00
4.761000e+02 -9.025289e+00
4.762000e+02 -9.024706e+00
4.763000e+02 -9.024116e+00
4.764000e+02 -9.023520e+00
4.765000e+02 -9.022922e+00
4.766000e+02 -9.022324e+00
4.767000e+02 -9.021729e+00
4.768000e+02 -9.021141e+00
4.769000e+02 -9.020561e+00
4.770000e+02 -9.019993e+00
4.771000e+02 -9.019440e+00
4.772000e+02 -9.018904e+00
4.773000e+02 -9.018387e+00
4.774000e+02 -9.017893e+00
4.775000e+02 -9.017423e+00
4.776000e+02 -9.016981e+00
4.777000e+02 -9.016567e+00
4.778000e+02 -9.016184e+00
4.779000e+02 -9.015834e+00
4.780000e+02 -9.015518e+00
4.781000e+02 -9.015238e+00
4.782000e+02 -9.014996e+00
4.783000e+02 -9.014792e+00
4.784000e+02 -9.014627e+00
4.785000e+02 -9.014502e+00
4.786000e+02 -9.014419e+00
4.787000e+02 -9.014376e+00
4.788000e+02 -9.014375e+00
4.789000e+02 -9.014414e+00
4.790000e+02 -9.014495e+00
4.791000e+02 -9.014617e+00
4.792000e+02 -9.014779e+00
4.793000e+02 -9.014980e+00
4.794000e+02 -9.015219e+00
4.795000e+02 -9.015495e+00
4.796000e+02 -9.015807e+00
4.797000e+02 -9.016153e+00
4.798000e+02 -9.016532e+00
4.799000e+02 -9.016942e+00
4.800000e+02 -9.017380e+00
4.801000e+02 -9.017844e+00
4.802000e+02 -9.018333e+00
4.803000e+02 -9.018844e+00
4.804000e+02 -9.019374e+00
4.805000e+02 -9.019921e+00
4.806000e+02 -9.020482e+00
4.807000e+02 -9.021055e+00
4.808000e+02 -9.021636e+00
4.809000e+02 -9.022224e+00
4.810000e+02 -9.022814e+00
4.811000e+02 -9.023405e+00
4.812000e+02 -9.023993e+00
4.813000e+02 -9.024575e+00
4.814000e+02 -9.025149e+00
4.815000e+02 -9.025713e+00
4.816000e+02 -9.026262e+00
4.817000e+02 -9.026795e+00
4.818000e+02 -9.027309e+00
4.819000e+02 -9.027802e+00
4.820000e+02 -9.028271e+00
4.821000e+02 -9.028714e+00
4.822000e+02 -9.029129e+00
4.823000e+02 -9.029513e+00
4.824000e+02 -9.029866e+00
4.825000e+02 -9.030185e+00
4.826000e+02 -9.030469e+00
4.827000e+02 -9.030716e+00
4.828000e+02 -9.030926e+00
4.829000e+02 -9.031097e+00
4.830000e+02 -9.031228e+00
4.831000e+02 -9.031320e+00
4.832000e+02 -9.031370e+00
4.833000e+02 -9.031381e+00
4.834000e+02 -9.031350e+00
4.835000e+02 -9.031279e+00
4.836000e+02 -9.031167e+00
4.837000e+02 -9.031016e+00
4.838000e+02 -9.030826e+00
4.839000e+02 -9.030599e+00
4.840000e+02 -9.030334e+00
4.841000e+02 -9.030034e+00
4.842000e+02 -9.029700e+00
4.843000e+02 -9.029333e+00
4.844000e+02 -9.028936e+00
4.845000e+02 -9.028510e+00
4.846000e+02 -9.028057e+00
4.847000e+02 -9.027581e+00
4.848000e+02 -9.027082e+00
4.849000e+02 -9.026563e+00
4.850000e+02 -9.026028e+00
4.851000e+02 -9.025478e+00
4.852000e+02 -9.024916e+00
4.853000e+02 -9.024345e+00
4.854000e+02 -9.023768e+00
4.855000e+02 -9.023187e+00
4.856000e+02 -9.022605e+00
4.857000e+02 -9.022026e+00
4.858000e+02 -9.021451e+00
4.859000e+02 -9.020885e+00
4.860000e+02 -9.020329e+00
4.861000e+02 -9.019786e+00
4.862000e+02 -9.019258e+00
4.863000e+02 -9.018749e+00
4.864000e+02 -9.018261e+00
4.865000e+02 -9.017797e+00
4.866000e+02 -9.017357e+00
4.867000e+02 -9.016945e+00
4.868000e+02 -9.016563e+00
4.869000e+02 -9.016212e+00
4.870000e+02 -9.015894e+00
4.871000e+02 -9.015611e+00
4.872000e+02 -9.015364e+00
4.873000e+02 -9.015154e+00
4.874000e+02 -9.014983e+00
4.875000e+02 -9.014850e+00
4.876000e+02 -9.014757e+00
4.877000e+02 -9.014705e+00
4.878000e+02 -9.014692e+00
4.879000e+02 -9.014721e+00
4.880000e+02 -9.014789e+00
4.881000e+02 -9.014898e+00
4.882000e+02 -9.015045e+00
4.883000e+02 -9.015232e+00
4.884000e+02 -9.015457e+00
4.885000e+02 -9.015718e+00
4.886000e+02 -9.016015e+00
4.887000e+02 -9.016346e+00
4.888000e+02 -9.016709e+00
4.889000e+02 -9.017104e+00
4.890000e+02 -9.017526e+00
4.891000e+02 -9.017976e+00
4.892000e+02 -9.018450e+00
4.893000e+02 -9.018947e+00
4.894000e+02 -9.019463e+00
4.895000e+02 -9.019997e+00
4.896000e+02 -9.020546e+00
4.897000e+02 -9.021107e+00
4.898000e+02 -9.021677e+00
4.899000e+02 -9.022254e+00
4.900000e+02 -9.022835e+00
4.901000e+02 -9.023418e+00
4.902000e+02 -9.023998e+00
4.903000e+02 -9.024574e+00
4.904000e+02 -9.025143e+00
4.905000e+02 -9.025701e+00
4.906000e+02 -9.026247e+00
4.907000e+02 -9.026778e+00
4.908000e+02 -9.027291e+00
4.909000e+02 -9.027783e+00
4.910000e+02 -9.028253e+00
4.911000e+02 -9.028697e+00
4.912000e+02 -9.029115e+00
4.913000e+02 -9.029503e+00
4.914000e+02 -9.029860e+00
4.915000e+02 -9.030185e+00
4.916000e+02 -9.030475e+00
4.917000e+02 -9.030730e+00
4.918000e+02 -9.030947e+00
4.919000e+02 -9.031127e+00
4.920000e+02 -9.031268e+00
4.921000e+02 -9.031369e+00
4.922000e+02 -9.031431e+00
4.923000e+02 -9.031452e+00
4.924000e+02 -9.031433e+00
4.925000e+02 -9.031374e+00
4.926000e+02 -9.031274e+00
4.927000e+02 -9.031136e+00
4.928000e+02 -9.030958e+00
4.929000e+02 -9.030743e+00
4.930000e+02 -9.030491e+00
4.931000e+02 -9.030203e+00
4.932000e+02 -9.029881e+00
4.933000e+02 -9.029527e+00
4.934000e+02 -9.029142e+00
4.935000e+02 -9.028727e+00
4.936000e+02 -9.028286e+00
4.937000e+02 -9.027819e+00
4.938000e+02 -9.027330e+00
4.939000e+02 -9.026821e+00
4.940000e+02 -9.026294e+00
4.941000e+02 -9.025752e+00
4.942000e+02 -9.025197e+00
4.943000e+02 -9.024632e+00
4.944000e+02 -9.024060e+00
4.945000e+02 -9.023484e+00
4.946000e+02 -9.022906e+00
4.947000e+02 -9.022329e+00
4.948000e+02 -9.021756e+00
4.949000e+02 -9.021190e+00
4.950000e+02 -9.020633e+00
4.951000e+02 -9.020088e+00
4.952000e+02 -9.019558e+00
4.953000e+02 -9.019045e+00
4.954000e+02 -9.018552e+00
4.955000e+02 -9.018081e+00
4.956000e+02 -9.017635e+00
4.957000e+02 -9.017214e+00
4.958000e+02 -9.016823e+00
4.959000e+02 -9.016462e+00
4.960000e+02 -9.016132e+00
4.961000e+02 -9.015837e+00
4.962000e+02 -9.015577e+00
4.963000e+02 -9.015353e+00
4.964000e+02 -9.015166e+00
4.965000e+02 -9.015017e+00
4.966000e+02 -9.014908e+00
4.967000e+02 -9.014838e+00
4.968000e+02 -9.014807e+00
4.969000e+02 -9.014817e+00
4.970000e+02 -9.014866e+00
4.971000e+02 -9.014955e+00
4.972000e+02 -9.015083e+00
4.973000e+02 -9.015249e+00
4.974000e+02 -9.015453e+00
4.975000e+02 -9.015693e+00
4.976000e+02 -9.015969e+00
4.977000e+02 -9.016279e+00
4.978000e+02 -9.016621e+00
4.979000e+02 -9.016994e+00
4.980000e+02 -9.017396e+00
4.981000e+02 -9.017825e+00
4.982000e+02 -9.018279e+00
4.983000e+02 -9.018756e+00
4.984000e+02 -9.019252e+00
4.985000e+02 -9.019767e+00
4.986000e+02 -9.020298e+00
4.987000e+02 -9.020841e+00
4.988000e+02 -9.021394e+00
4.989000e+02 -9.021955e+00
4.990000e+02 -9.022521e+00
4.991000e+02 -9.023088e+00
4.992000e+02 -9.023655e+00
4.993000e+02 -9.024219e+00
4.994000e+02 -9.024776e+00
4.995000e+02 -9.025324e+00
4.996000e+02 -9.025861e+00
4.997000e+02 -9.026383e+00
4.998000e+02 -9.026889e+00
4.999000e+02 -9.027376e+00
5.000000e+02 -9.027841e+00
