# SEA-Stack Verification Data
# format: timeseries
# source: pds
# model: f3of_decay_multicode
# quantity: 1.0000e-001 9.9511e+000_2.0000e-001 9.8050e+000
# units: s, unknown
# columns: Time(s) 2.0000e-001 9.8050e+000(unknown)
4.000000e-01 9.231000e+00
5.000000e-01 8.810500e+00
6.000000e-01 8.307700e+00
7.000000e-01 7.728700e+00
8.000000e-01 7.080000e+00
9.000000e-01 6.369400e+00
1.000000e+00 5.604500e+00
1.100000e+00 4.793900e+00
1.200000e+00 3.945700e+00
1.300000e+00 3.068700e+00
1.400000e+00 2.171200e+00
1.500000e+00 1.261600e+00
1.600000e+00 3.479400e-01
1.700000e+00 -5.616600e-01
1.800000e+00 -1.459400e+00
1.900000e+00 -2.337600e+00
2.000000e+00 -3.188800e+00
2.100000e+00 -4.005300e+00
2.200000e+00 -4.780400e+00
2.300000e+00 -5.508200e+00
2.400000e+00 -6.182700e+00
2.500000e+00 -6.798300e+00
2.600000e+00 -7.349800e+00
2.700000e+00 -7.833100e+00
2.800000e+00 -8.244300e+00
2.900000e+00 -8.580100e+00
3.000000e+00 -8.838500e+00
3.100000e+00 -9.017600e+00
3.200000e+00 -9.116900e+00
3.300000e+00 -9.136000e+00
3.400000e+00 -9.075600e+00
3.500000e+00 -8.936800e+00
3.600000e+00 -8.721300e+00
3.700000e+00 -8.431700e+00
3.800000e+00 -8.070800e+00
3.900000e+00 -7.642200e+00
4.000000e+00 -7.150100e+00
4.100000e+00 -6.599100e+00
4.200000e+00 -5.993800e+00
4.300000e+00 -5.339700e+00
4.400000e+00 -4.642300e+00
4.500000e+00 -3.907300e+00
4.600000e+00 -3.140800e+00
4.700000e+00 -2.349100e+00
4.800000e+00 -1.538700e+00
4.900000e+00 -7.161800e-01
5.000000e+00 1.116200e-01
5.100000e+00 9.378100e-01
5.200000e+00 1.755400e+00
5.300000e+00 2.557500e+00
5.400000e+00 3.337200e+00
5.500000e+00 4.087600e+00
5.600000e+00 4.802000e+00
5.700000e+00 5.474100e+00
5.800000e+00 6.097700e+00
5.900000e+00 6.667100e+00
6.000000e+00 7.177000e+00
6.100000e+00 7.622800e+00
6.200000e+00 8.000500e+00
6.300000e+00 8.306500e+00
6.400000e+00 8.538400e+00
6.500000e+00 8.694400e+00
6.600000e+00 8.773200e+00
6.700000e+00 8.774500e+00
6.800000e+00 8.698800e+00
6.900000e+00 8.547000e+00
7.000000e+00 8.320900e+00
7.100000e+00 8.022800e+00
7.200000e+00 7.655500e+00
7.300000e+00 7.222500e+00
7.400000e+00 6.727600e+00
7.500000e+00 6.175600e+00
7.600000e+00 5.571000e+00
7.700000e+00 4.919000e+00
7.800000e+00 4.225200e+00
7.900000e+00 3.495300e+00
8.000000e+00 2.735200e+00
8.100000e+00 1.951300e+00
8.200000e+00 1.149900e+00
8.300000e+00 3.376700e-01
8.400000e+00 -4.785000e-01
8.500000e+00 -1.291700e+00
8.600000e+00 -2.094800e+00
8.700000e+00 -2.880800e+00
8.800000e+00 -3.642400e+00
8.900000e+00 -4.372600e+00
9.000000e+00 -5.064300e+00
9.100000e+00 -5.710800e+00
9.200000e+00 -6.305600e+00
9.300000e+00 -6.842700e+00
9.400000e+00 -7.316300e+00
9.500000e+00 -7.721500e+00
9.600000e+00 -8.054000e+00
9.700000e+00 -8.310200e+00
9.800000e+00 -8.487400e+00
9.900000e+00 -8.583900e+00
1.000000e+01 -8.598700e+00
1.010000e+01 -8.531600e+00
1.020000e+01 -8.383700e+00
1.030000e+01 -8.156700e+00
1.040000e+01 -7.853000e+00
1.050000e+01 -7.476200e+00
1.060000e+01 -7.030400e+00
1.070000e+01 -6.520400e+00
1.080000e+01 -5.951600e+00
1.090000e+01 -5.330100e+00
1.100000e+01 -4.662200e+00
1.110000e+01 -3.954400e+00
1.120000e+01 -3.213800e+00
1.130000e+01 -2.447600e+00
1.140000e+01 -1.662800e+00
1.150000e+01 -8.668300e-01
1.160000e+01 -6.700500e-02
1.170000e+01 7.293800e-01
1.180000e+01 1.515100e+00
1.190000e+01 2.283200e+00
1.200000e+01 3.026700e+00
1.210000e+01 3.738900e+00
1.220000e+01 4.413600e+00
1.230000e+01 5.044600e+00
1.240000e+01 5.626400e+00
1.250000e+01 6.154000e+00
1.260000e+01 6.622700e+00
1.270000e+01 7.028300e+00
1.280000e+01 7.367700e+00
1.290000e+01 7.638100e+00
1.300000e+01 7.837500e+00
1.310000e+01 7.964600e+00
1.320000e+01 8.018800e+00
1.330000e+01 8.000200e+00
1.340000e+01 7.909600e+00
1.350000e+01 7.748500e+00
1.360000e+01 7.519000e+00
1.370000e+01 7.223800e+00
1.380000e+01 6.865900e+00
1.390000e+01 6.449200e+00
1.400000e+01 5.977400e+00
1.410000e+01 5.455100e+00
1.420000e+01 4.887100e+00
1.430000e+01 4.278200e+00
1.440000e+01 3.633900e+00
1.450000e+01 2.959500e+00
1.460000e+01 2.260900e+00
1.470000e+01 1.543800e+00
1.480000e+01 8.143300e-01
1.490000e+01 7.863500e-02
1.500000e+01 -6.570000e-01
1.510000e+01 -1.386300e+00
1.520000e+01 -2.102800e+00
1.530000e+01 -2.800300e+00
1.540000e+01 -3.472500e+00
1.550000e+01 -4.113300e+00
1.560000e+01 -4.716700e+00
1.570000e+01 -5.277200e+00
1.580000e+01 -5.789500e+00
1.590000e+01 -6.248800e+00
1.600000e+01 -6.650500e+00
1.610000e+01 -6.990900e+00
1.620000e+01 -7.266800e+00
1.630000e+01 -7.475700e+00
1.640000e+01 -7.615500e+00
1.650000e+01 -7.685300e+00
1.660000e+01 -7.684400e+00
1.670000e+01 -7.613200e+00
1.680000e+01 -7.472600e+00
1.690000e+01 -7.264400e+00
1.700000e+01 -6.991100e+00
1.710000e+01 -6.655500e+00
1.720000e+01 -6.261400e+00
1.730000e+01 -5.812800e+00
1.740000e+01 -5.314300e+00
1.750000e+01 -4.770900e+00
1.760000e+01 -4.187700e+00
1.770000e+01 -3.570300e+00
1.780000e+01 -2.924300e+00
1.790000e+01 -2.255400e+00
1.800000e+01 -1.569600e+00
1.810000e+01 -8.726700e-01
1.820000e+01 -1.704500e-01
1.830000e+01 5.312200e-01
1.840000e+01 1.226500e+00
1.850000e+01 1.909800e+00
1.860000e+01 2.575300e+00
1.870000e+01 3.217600e+00
1.880000e+01 3.831100e+00
1.890000e+01 4.410500e+00
1.900000e+01 4.950800e+00
1.910000e+01 5.447000e+00
1.920000e+01 5.894500e+00
1.930000e+01 6.289100e+00
1.940000e+01 6.626800e+00
1.950000e+01 6.904300e+00
1.960000e+01 7.118800e+00
1.970000e+01 7.267900e+00
1.980000e+01 7.350100e+00
1.990000e+01 7.364500e+00
2.000000e+01 7.310700e+00
2.010000e+01 7.189400e+00
2.020000e+01 7.001600e+00
2.030000e+01 6.749200e+00
2.040000e+01 6.434800e+00
2.050000e+01 6.061400e+00
2.060000e+01 5.632600e+00
2.070000e+01 5.152600e+00
2.080000e+01 4.626100e+00
2.090000e+01 4.057800e+00
2.100000e+01 3.453300e+00
2.110000e+01 2.818000e+00
2.120000e+01 2.157800e+00
2.130000e+01 1.478800e+00
2.140000e+01 7.869800e-01
2.150000e+01 8.876000e-02
2.160000e+01 -6.096100e-01
2.170000e+01 -1.301800e+00
2.180000e+01 -1.981600e+00
2.190000e+01 -2.642900e+00
2.200000e+01 -3.279600e+00
2.210000e+01 -3.886000e+00
2.220000e+01 -4.456600e+00
2.230000e+01 -4.986100e+00
2.240000e+01 -5.469700e+00
2.250000e+01 -5.903000e+00
2.260000e+01 -6.282000e+00
2.270000e+01 -6.603100e+00
2.280000e+01 -6.863500e+00
2.290000e+01 -7.061000e+00
2.300000e+01 -7.193900e+00
2.310000e+01 -7.261400e+00
2.320000e+01 -7.263000e+00
2.330000e+01 -7.199200e+00
2.340000e+01 -7.071100e+00
2.350000e+01 -6.880100e+00
2.360000e+01 -6.628700e+00
2.370000e+01 -6.319400e+00
2.380000e+01 -5.955500e+00
2.390000e+01 -5.540900e+00
2.400000e+01 -5.079600e+00
2.410000e+01 -4.576000e+00
2.420000e+01 -4.034700e+00
2.430000e+01 -3.460700e+00
2.440000e+01 -2.858900e+00
2.450000e+01 -2.234600e+00
2.460000e+01 -1.593000e+00
2.470000e+01 -9.395700e-01
2.480000e+01 -2.796100e-01
2.490000e+01 3.814200e-01
2.500000e+01 1.038100e+00
2.510000e+01 1.685000e+00
2.520000e+01 2.316600e+00
2.530000e+01 2.927800e+00
2.540000e+01 3.513200e+00
2.550000e+01 4.067800e+00
2.560000e+01 4.586500e+00
2.570000e+01 5.064500e+00
2.580000e+01 5.497500e+00
2.590000e+01 5.881100e+00
2.600000e+01 6.211600e+00
2.610000e+01 6.485600e+00
2.620000e+01 6.700500e+00
2.630000e+01 6.853900e+00
2.640000e+01 6.944200e+00
2.650000e+01 6.970300e+00
2.660000e+01 6.932100e+00
2.670000e+01 6.829800e+00
2.680000e+01 6.664500e+00
2.690000e+01 6.438200e+00
2.700000e+01 6.153100e+00
2.710000e+01 5.812200e+00
2.720000e+01 5.418900e+00
2.730000e+01 4.977400e+00
2.740000e+01 4.491900e+00
2.750000e+01 3.967400e+00
2.760000e+01 3.408800e+00
2.770000e+01 2.821400e+00
2.780000e+01 2.210800e+00
2.790000e+01 1.582300e+00
2.800000e+01 9.417000e-01
2.810000e+01 2.946200e-01
2.820000e+01 -3.532800e-01
2.830000e+01 -9.964000e-01
2.840000e+01 -1.629200e+00
2.850000e+01 -2.246300e+00
2.860000e+01 -2.842300e+00
2.870000e+01 -3.412200e+00
2.880000e+01 -3.951200e+00
2.890000e+01 -4.454500e+00
2.900000e+01 -4.917800e+00
2.910000e+01 -5.337000e+00
2.920000e+01 -5.708700e+00
2.930000e+01 -6.029500e+00
2.940000e+01 -6.296700e+00
2.950000e+01 -6.507800e+00
2.960000e+01 -6.661100e+00
2.970000e+01 -6.755400e+00
2.980000e+01 -6.790100e+00
2.990000e+01 -6.764900e+00
3.000000e+01 -6.680200e+00
3.010000e+01 -6.536900e+00
3.020000e+01 -6.336600e+00
3.030000e+01 -6.081000e+00
3.040000e+01 -5.772500e+00
3.050000e+01 -5.414100e+00
3.060000e+01 -5.009100e+00
3.070000e+01 -4.560800e+00
3.080000e+01 -4.073300e+00
3.090000e+01 -3.550800e+00
3.100000e+01 -2.998000e+00
3.110000e+01 -2.419500e+00
3.120000e+01 -1.820200e+00
3.130000e+01 -1.205500e+00
3.140000e+01 -5.805800e-01
3.150000e+01 4.904800e-02
3.160000e+01 6.778500e-01
3.170000e+01 1.300200e+00
3.180000e+01 1.910600e+00
3.190000e+01 2.503300e+00
3.200000e+01 3.073100e+00
3.210000e+01 3.614500e+00
3.220000e+01 4.122600e+00
3.230000e+01 4.592600e+00
3.240000e+01 5.020000e+00
3.250000e+01 5.401000e+00
3.260000e+01 5.732100e+00
3.270000e+01 6.010200e+00
3.280000e+01 6.232900e+00
3.290000e+01 6.398200e+00
3.300000e+01 6.504900e+00
3.310000e+01 6.552300e+00
3.320000e+01 6.540400e+00
3.330000e+01 6.469500e+00
3.340000e+01 6.340700e+00
3.350000e+01 6.155600e+00
3.360000e+01 5.916300e+00
3.370000e+01 5.625200e+00
3.380000e+01 5.285500e+00
3.390000e+01 4.900400e+00
3.400000e+01 4.473500e+00
3.410000e+01 4.009000e+00
3.420000e+01 3.511000e+00
3.430000e+01 2.984300e+00
3.440000e+01 2.433400e+00
3.450000e+01 1.863300e+00
3.460000e+01 1.279100e+00
3.470000e+01 6.858300e-01
3.480000e+01 8.872000e-02
3.490000e+01 -5.071000e-01
3.500000e+01 -1.096500e+00
3.510000e+01 -1.674400e+00
3.520000e+01 -2.236000e+00
3.530000e+01 -2.776400e+00
3.540000e+01 -3.291000e+00
3.550000e+01 -3.775600e+00
3.560000e+01 -4.226000e+00
3.570000e+01 -4.638300e+00
3.580000e+01 -5.009000e+00
3.590000e+01 -5.335100e+00
3.600000e+01 -5.613500e+00
3.610000e+01 -5.841900e+00
3.620000e+01 -6.018200e+00
3.630000e+01 -6.140900e+00
3.640000e+01 -6.208800e+00
3.650000e+01 -6.221300e+00
3.660000e+01 -6.178300e+00
3.670000e+01 -6.080000e+00
3.680000e+01 -5.927400e+00
3.690000e+01 -5.721800e+00
3.700000e+01 -5.465100e+00
3.710000e+01 -5.159600e+00
3.720000e+01 -4.808100e+00
3.730000e+01 -4.413900e+00
3.740000e+01 -3.980800e+00
3.750000e+01 -3.512500e+00
3.760000e+01 -3.013400e+00
3.770000e+01 -2.488200e+00
3.780000e+01 -1.941700e+00
3.790000e+01 -1.378700e+00
3.800000e+01 -8.045100e-01
3.810000e+01 -2.243200e-01
3.820000e+01 3.566100e-01
3.830000e+01 9.330000e-01
3.840000e+01 1.499600e+00
3.850000e+01 2.051300e+00
3.860000e+01 2.583100e+00
3.870000e+01 3.090200e+00
3.880000e+01 3.568000e+00
3.890000e+01 4.012300e+00
3.900000e+01 4.419000e+00
3.910000e+01 4.784700e+00
3.920000e+01 5.106100e+00
3.930000e+01 5.380700e+00
3.940000e+01 5.606100e+00
3.950000e+01 5.780700e+00
3.960000e+01 5.903200e+00
3.970000e+01 5.972900e+00
3.980000e+01 5.989400e+00
3.990000e+01 5.953000e+00
4.000000e+01 5.864400e+00
4.010000e+01 5.724700e+00
4.020000e+01 5.535600e+00
4.030000e+01 5.299000e+00
4.040000e+01 5.017200e+00
4.050000e+01 4.692700e+00
4.060000e+01 4.328700e+00
4.070000e+01 3.928300e+00
4.080000e+01 3.495100e+00
4.090000e+01 3.033100e+00
4.100000e+01 2.546000e+00
4.110000e+01 2.038200e+00
4.120000e+01 1.513900e+00
4.130000e+01 9.778100e-01
4.140000e+01 4.343800e-01
4.150000e+01 -1.116700e-01
4.160000e+01 -6.556000e-01
4.170000e+01 -1.192700e+00
4.180000e+01 -1.718200e+00
4.190000e+01 -2.227500e+00
4.200000e+01 -2.716100e+00
4.210000e+01 -3.179500e+00
4.220000e+01 -3.613500e+00
4.230000e+01 -4.014200e+00
4.240000e+01 -4.377900e+00
4.250000e+01 -4.701100e+00
4.260000e+01 -4.980700e+00
4.270000e+01 -5.214300e+00
4.280000e+01 -5.399600e+00
4.290000e+01 -5.535100e+00
4.300000e+01 -5.619500e+00
4.310000e+01 -5.652100e+00
4.320000e+01 -5.632800e+00
4.330000e+01 -5.561900e+00
4.340000e+01 -5.440200e+00
4.350000e+01 -5.269100e+00
4.360000e+01 -5.050400e+00
4.370000e+01 -4.786300e+00
4.380000e+01 -4.479500e+00
4.390000e+01 -4.133000e+00
4.400000e+01 -3.750200e+00
4.410000e+01 -3.334800e+00
4.420000e+01 -2.890700e+00
4.430000e+01 -2.422000e+00
4.440000e+01 -1.933200e+00
4.450000e+01 -1.428600e+00
4.460000e+01 -9.127400e-01
4.470000e+01 -3.902800e-01
4.480000e+01 1.341800e-01
4.490000e+01 6.560400e-01
4.500000e+01 1.170700e+00
4.510000e+01 1.673800e+00
4.520000e+01 2.160900e+00
4.530000e+01 2.627900e+00
4.540000e+01 3.070600e+00
4.550000e+01 3.485200e+00
4.560000e+01 3.868200e+00
4.570000e+01 4.216100e+00
4.580000e+01 4.526100e+00
4.590000e+01 4.795300e+00
4.600000e+01 5.021600e+00
4.610000e+01 5.202800e+00
4.620000e+01 5.337500e+00
4.630000e+01 5.424400e+00
4.640000e+01 5.463000e+00
4.650000e+01 5.452900e+00
4.660000e+01 5.394500e+00
4.670000e+01 5.288400e+00
4.680000e+01 5.135700e+00
4.690000e+01 4.938100e+00
4.700000e+01 4.697500e+00
4.710000e+01 4.416100e+00
4.720000e+01 4.096600e+00
4.730000e+01 3.741800e+00
4.740000e+01 3.355000e+00
4.750000e+01 2.939600e+00
4.760000e+01 2.499300e+00
4.770000e+01 2.038000e+00
4.780000e+01 1.559800e+00
4.790000e+01 1.068600e+00
4.800000e+01 5.689800e-01
4.810000e+01 6.513600e-02
4.820000e+01 -4.384700e-01
4.830000e+01 -9.374000e-01
4.840000e+01 -1.427200e+00
4.850000e+01 -1.903500e+00
4.860000e+01 -2.361900e+00
4.870000e+01 -2.798200e+00
4.880000e+01 -3.208300e+00
4.890000e+01 -3.588500e+00
4.900000e+01 -3.935300e+00
4.910000e+01 -4.245200e+00
4.920000e+01 -4.515300e+00
4.930000e+01 -4.743100e+00
4.940000e+01 -4.926400e+00
4.950000e+01 -5.063700e+00
4.960000e+01 -5.153800e+00
4.970000e+01 -5.196300e+00
4.980000e+01 -5.190900e+00
4.990000e+01 -5.137900e+00
5.000000e+01 -5.038400e+00
5.010000e+01 -4.893300e+00
5.020000e+01 -4.704600e+00
5.030000e+01 -4.474100e+00
5.040000e+01 -4.204400e+00
5.050000e+01 -3.898200e+00
5.060000e+01 -3.558500e+00
5.070000e+01 -3.188800e+00
5.080000e+01 -2.792100e+00
5.090000e+01 -2.372200e+00
5.100000e+01 -1.932600e+00
5.110000e+01 -1.477300e+00
5.120000e+01 -1.010100e+00
5.130000e+01 -5.349600e-01
5.140000e+01 -5.583800e-02
5.150000e+01 4.232100e-01
5.160000e+01 8.981500e-01
5.170000e+01 1.365000e+00
5.180000e+01 1.819700e+00
5.190000e+01 2.258400e+00
5.200000e+01 2.677200e+00
5.210000e+01 3.072500e+00
5.220000e+01 3.440800e+00
5.230000e+01 3.778700e+00
5.240000e+01 4.083100e+00
5.250000e+01 4.351200e+00
5.260000e+01 4.580500e+00
5.270000e+01 4.768800e+00
5.280000e+01 4.914300e+00
5.290000e+01 5.015600e+00
5.300000e+01 5.071700e+00
5.310000e+01 5.082100e+00
5.320000e+01 5.046500e+00
5.330000e+01 4.965500e+00
5.340000e+01 4.839700e+00
5.350000e+01 4.670500e+00
5.360000e+01 4.459400e+00
5.370000e+01 4.208500e+00
5.380000e+01 3.920300e+00
5.390000e+01 3.597400e+00
5.400000e+01 3.242800e+00
5.410000e+01 2.860100e+00
5.420000e+01 2.452700e+00
5.430000e+01 2.024500e+00
5.440000e+01 1.579300e+00
5.450000e+01 1.121300e+00
5.460000e+01 6.544600e-01
5.470000e+01 1.830500e-01
5.480000e+01 -2.887800e-01
5.490000e+01 -7.568500e-01
5.500000e+01 -1.217100e+00
5.510000e+01 -1.665400e+00
5.520000e+01 -2.097900e+00
5.530000e+01 -2.510700e+00
5.540000e+01 -2.900300e+00
5.550000e+01 -3.263200e+00
5.560000e+01 -3.596300e+00
5.570000e+01 -3.896500e+00
5.580000e+01 -4.161200e+00
5.590000e+01 -4.388000e+00
5.600000e+01 -4.575000e+00
5.610000e+01 -4.720500e+00
5.620000e+01 -4.823300e+00
5.630000e+01 -4.882700e+00
5.640000e+01 -4.898100e+00
5.650000e+01 -4.869700e+00
5.660000e+01 -4.797900e+00
5.670000e+01 -4.683500e+00
5.680000e+01 -4.527800e+00
5.690000e+01 -4.332400e+00
5.700000e+01 -4.099100e+00
5.710000e+01 -3.830300e+00
5.720000e+01 -3.528500e+00
5.730000e+01 -3.196500e+00
5.740000e+01 -2.837300e+00
5.750000e+01 -2.453900e+00
5.760000e+01 -2.049900e+00
5.770000e+01 -1.628600e+00
5.780000e+01 -1.193800e+00
5.790000e+01 -7.490900e-01
5.800000e+01 -2.983800e-01
5.810000e+01 1.544700e-01
5.820000e+01 6.055600e-01
5.830000e+01 1.051000e+00
5.840000e+01 1.486800e+00
5.850000e+01 1.909200e+00
5.860000e+01 2.314500e+00
5.870000e+01 2.699100e+00
5.880000e+01 3.059300e+00
5.890000e+01 3.392100e+00
5.900000e+01 3.694300e+00
5.910000e+01 3.963300e+00
5.920000e+01 4.196500e+00
5.930000e+01 4.391700e+00
5.940000e+01 4.547100e+00
5.950000e+01 4.661100e+00
5.960000e+01 4.732900e+00
5.970000e+01 4.761700e+00
5.980000e+01 4.747400e+00
5.990000e+01 4.690100e+00
6.000000e+01 4.590500e+00
6.010000e+01 4.449600e+00
6.020000e+01 4.268800e+00
6.030000e+01 4.049900e+00
6.040000e+01 3.795000e+00
6.050000e+01 3.506800e+00
6.060000e+01 3.187800e+00
6.070000e+01 2.841200e+00
6.080000e+01 2.470200e+00
6.090000e+01 2.078100e+00
6.100000e+01 1.668700e+00
6.110000e+01 1.245700e+00
6.120000e+01 8.128300e-01
6.130000e+01 3.740100e-01
6.140000e+01 -6.689000e-02
6.150000e+01 -5.060000e-01
6.160000e+01 -9.395000e-01
6.170000e+01 -1.363700e+00
6.180000e+01 -1.774900e+00
6.190000e+01 -2.169600e+00
6.200000e+01 -2.544600e+00
6.210000e+01 -2.896600e+00
6.220000e+01 -3.222800e+00
6.230000e+01 -3.520300e+00
6.240000e+01 -3.786900e+00
6.250000e+01 -4.020100e+00
6.260000e+01 -4.218000e+00
6.270000e+01 -4.379100e+00
6.280000e+01 -4.502100e+00
6.290000e+01 -4.585700e+00
6.300000e+01 -4.629400e+00
6.310000e+01 -4.632800e+00
6.320000e+01 -4.595600e+00
6.330000e+01 -4.518400e+00
6.340000e+01 -4.401500e+00
6.350000e+01 -4.246100e+00
6.360000e+01 -4.053500e+00
6.370000e+01 -3.825300e+00
6.380000e+01 -3.563500e+00
6.390000e+01 -3.270500e+00
6.400000e+01 -2.949000e+00
6.410000e+01 -2.601900e+00
6.420000e+01 -2.232400e+00
6.430000e+01 -1.844000e+00
6.440000e+01 -1.440100e+00
6.450000e+01 -1.024600e+00
6.460000e+01 -6.011000e-01
6.470000e+01 -1.735400e-01
6.480000e+01 2.542000e-01
6.490000e+01 6.782600e-01
6.500000e+01 1.094800e+00
6.510000e+01 1.500200e+00
6.520000e+01 1.890700e+00
6.530000e+01 2.263000e+00
6.540000e+01 2.613800e+00
6.550000e+01 2.939900e+00
6.560000e+01 3.238500e+00
6.570000e+01 3.507200e+00
6.580000e+01 3.743500e+00
6.590000e+01 3.945500e+00
6.600000e+01 4.111500e+00
6.610000e+01 4.240000e+00
6.620000e+01 4.330000e+00
6.630000e+01 4.380700e+00
6.640000e+01 4.391900e+00
6.650000e+01 4.363600e+00
6.660000e+01 4.296200e+00
6.670000e+01 4.190400e+00
6.680000e+01 4.047300e+00
6.690000e+01 3.868400e+00
6.700000e+01 3.655400e+00
6.710000e+01 3.410500e+00
6.720000e+01 3.135900e+00
6.730000e+01 2.834200e+00
6.740000e+01 2.508000e+00
6.750000e+01 2.160300e+00
6.760000e+01 1.794400e+00
6.770000e+01 1.413400e+00
6.780000e+01 1.020700e+00
6.790000e+01 6.198600e-01
6.800000e+01 2.142700e-01
6.810000e+01 -1.925200e-01
6.820000e+01 -5.970000e-01
6.830000e+01 -9.956800e-01
6.840000e+01 -1.385100e+00
6.850000e+01 -1.762000e+00
6.860000e+01 -2.123100e+00
6.870000e+01 -2.465200e+00
6.880000e+01 -2.785500e+00
6.890000e+01 -3.081000e+00
6.900000e+01 -3.349300e+00
6.910000e+01 -3.588000e+00
6.920000e+01 -3.795200e+00
6.930000e+01 -3.969000e+00
6.940000e+01 -4.107900e+00
6.950000e+01 -4.210500e+00
6.960000e+01 -4.276000e+00
6.970000e+01 -4.303800e+00
6.980000e+01 -4.293800e+00
6.990000e+01 -4.246100e+00
7.000000e+01 -4.161100e+00
7.010000e+01 -4.039700e+00
7.020000e+01 -3.882900e+00
7.030000e+01 -3.692300e+00
7.040000e+01 -3.469600e+00
7.050000e+01 -3.216800e+00
7.060000e+01 -2.936400e+00
7.070000e+01 -2.630800e+00
7.080000e+01 -2.302800e+00
7.090000e+01 -1.955400e+00
7.100000e+01 -1.591900e+00
7.110000e+01 -1.215600e+00
7.120000e+01 -8.298800e-01
7.130000e+01 -4.382900e-01
7.140000e+01 -4.441600e-02
7.150000e+01 3.481800e-01
7.160000e+01 7.359400e-01
7.170000e+01 1.115400e+00
7.180000e+01 1.483100e+00
7.190000e+01 1.835900e+00
7.200000e+01 2.170600e+00
7.210000e+01 2.484300e+00
7.220000e+01 2.774200e+00
7.230000e+01 3.038100e+00
7.240000e+01 3.273500e+00
7.250000e+01 3.478500e+00
7.260000e+01 3.651600e+00
7.270000e+01 3.791100e+00
7.280000e+01 3.896100e+00
7.290000e+01 3.965700e+00
7.300000e+01 3.999600e+00
7.310000e+01 3.997700e+00
7.320000e+01 3.960000e+00
7.330000e+01 3.887100e+00
7.340000e+01 3.779700e+00
7.350000e+01 3.639000e+00
7.360000e+01 3.466300e+00
7.370000e+01 3.263200e+00
7.380000e+01 3.031600e+00
7.390000e+01 2.773600e+00
7.400000e+01 2.491500e+00
7.410000e+01 2.187800e+00
7.420000e+01 1.865100e+00
7.430000e+01 1.526200e+00
7.440000e+01 1.174200e+00
7.450000e+01 8.119900e-01
7.460000e+01 4.428300e-01
7.470000e+01 6.992000e-02
7.480000e+01 -3.034900e-01
7.490000e+01 -6.740800e-01
7.500000e+01 -1.038600e+00
7.510000e+01 -1.393700e+00
7.520000e+01 -1.736300e+00
7.530000e+01 -2.063100e+00
7.540000e+01 -2.371300e+00
7.550000e+01 -2.658000e+00
7.560000e+01 -2.920600e+00
7.570000e+01 -3.156500e+00
7.580000e+01 -3.363700e+00
7.590000e+01 -3.540200e+00
7.600000e+01 -3.684700e+00
7.610000e+01 -3.795900e+00
7.620000e+01 -3.872700e+00
7.630000e+01 -3.914700e+00
7.640000e+01 -3.921500e+00
7.650000e+01 -3.893300e+00
7.660000e+01 -3.830500e+00
7.670000e+01 -3.734000e+00
7.680000e+01 -3.604700e+00
7.690000e+01 -3.444200e+00
7.700000e+01 -3.254000e+00
7.710000e+01 -3.035800e+00
7.720000e+01 -2.791800e+00
7.730000e+01 -2.524100e+00
7.740000e+01 -2.235300e+00
7.750000e+01 -1.928000e+00
7.760000e+01 -1.605000e+00
7.770000e+01 -1.269000e+00
7.780000e+01 -9.229600e-01
7.790000e+01 -5.699900e-01
7.800000e+01 -2.131200e-01
7.810000e+01 1.445600e-01
7.820000e+01 4.999500e-01
7.830000e+01 8.499600e-01
7.840000e+01 1.191500e+00
7.850000e+01 1.521700e+00
7.860000e+01 1.837600e+00
7.870000e+01 2.136400e+00
7.880000e+01 2.415600e+00
7.890000e+01 2.672600e+00
7.900000e+01 2.905100e+00
7.910000e+01 3.111200e+00
7.920000e+01 3.289000e+00
7.930000e+01 3.436900e+00
7.940000e+01 3.553900e+00
7.950000e+01 3.638800e+00
7.960000e+01 3.691000e+00
7.970000e+01 3.710000e+00
7.980000e+01 3.695900e+00
7.990000e+01 3.648900e+00
8.000000e+01 3.569500e+00
8.010000e+01 3.458400e+00
8.020000e+01 3.316900e+00
8.030000e+01 3.146200e+00
8.040000e+01 2.947900e+00
8.050000e+01 2.723800e+00
8.060000e+01 2.476000e+00
8.070000e+01 2.206600e+00
8.080000e+01 1.918100e+00
8.090000e+01 1.613000e+00
8.100000e+01 1.294100e+00
8.110000e+01 9.641200e-01
8.120000e+01 6.260500e-01
8.130000e+01 2.829200e-01
8.140000e+01 -6.222600e-02
8.150000e+01 -4.062600e-01
8.160000e+01 -7.460900e-01
8.170000e+01 -1.078600e+00
8.180000e+01 -1.400900e+00
8.190000e+01 -1.709900e+00
8.200000e+01 -2.002800e+00
8.210000e+01 -2.277100e+00
8.220000e+01 -2.530200e+00
8.230000e+01 -2.759700e+00
8.240000e+01 -2.963800e+00
8.250000e+01 -3.140400e+00
8.260000e+01 -3.288200e+00
8.270000e+01 -3.405800e+00
8.280000e+01 -3.492200e+00
8.290000e+01 -3.547000e+00
8.300000e+01 -3.569500e+00
8.310000e+01 -3.559900e+00
8.320000e+01 -3.518300e+00
8.330000e+01 -3.445300e+00
8.340000e+01 -3.341700e+00
8.350000e+01 -3.208600e+00
8.360000e+01 -3.047200e+00
8.370000e+01 -2.859300e+00
8.380000e+01 -2.646600e+00
8.390000e+01 -2.411000e+00
8.400000e+01 -2.154700e+00
8.410000e+01 -1.880200e+00
8.420000e+01 -1.589800e+00
8.430000e+01 -1.286000e+00
8.440000e+01 -9.715500e-01
8.450000e+01 -6.490900e-01
8.460000e+01 -3.213900e-01
8.470000e+01 8.768900e-03
8.480000e+01 3.385800e-01
8.490000e+01 6.652300e-01
8.500000e+01 9.859400e-01
8.510000e+01 1.297900e+00
8.520000e+01 1.598600e+00
8.530000e+01 1.885100e+00
8.540000e+01 2.155100e+00
8.550000e+01 2.406100e+00
8.560000e+01 2.635900e+00
8.570000e+01 2.842300e+00
8.580000e+01 3.023400e+00
8.590000e+01 3.177600e+00
8.600000e+01 3.303400e+00
8.610000e+01 3.399700e+00
8.620000e+01 3.465700e+00
8.630000e+01 3.500800e+00
8.640000e+01 3.504600e+00
8.650000e+01 3.477200e+00
8.660000e+01 3.419000e+00
8.670000e+01 3.330400e+00
8.680000e+01 3.212500e+00
8.690000e+01 3.066200e+00
8.700000e+01 2.893200e+00
8.710000e+01 2.695000e+00
8.720000e+01 2.473500e+00
8.730000e+01 2.230900e+00
8.740000e+01 1.969600e+00
8.750000e+01 1.691800e+00
8.760000e+01 1.400200e+00
8.770000e+01 1.097500e+00
8.780000e+01 7.863000e-01
8.790000e+01 4.694800e-01
8.800000e+01 1.498300e-01
8.810000e+01 -1.698300e-01
8.820000e+01 -4.866800e-01
8.830000e+01 -7.979400e-01
8.840000e+01 -1.100900e+00
8.850000e+01 -1.393000e+00
8.860000e+01 -1.671600e+00
8.870000e+01 -1.934300e+00
8.880000e+01 -2.179000e+00
8.890000e+01 -2.403500e+00
8.900000e+01 -2.605900e+00
8.910000e+01 -2.784400e+00
8.920000e+01 -2.937700e+00
8.930000e+01 -3.064200e+00
8.940000e+01 -3.163100e+00
8.950000e+01 -3.233500e+00
8.960000e+01 -3.274800e+00
8.970000e+01 -3.286700e+00
8.980000e+01 -3.269200e+00
8.990000e+01 -3.222200e+00
9.000000e+01 -3.146500e+00
9.010000e+01 -3.042500e+00
9.020000e+01 -2.911200e+00
9.030000e+01 -2.754000e+00
9.040000e+01 -2.572000e+00
9.050000e+01 -2.367100e+00
9.060000e+01 -2.141000e+00
9.070000e+01 -1.895900e+00
9.080000e+01 -1.634000e+00
9.090000e+01 -1.357500e+00
9.100000e+01 -1.069100e+00
9.110000e+01 -7.713600e-01
9.120000e+01 -4.668900e-01
9.130000e+01 -1.584200e-01
9.140000e+01 1.513200e-01
9.150000e+01 4.595900e-01
9.160000e+01 7.636900e-01
9.170000e+01 1.061000e+00
9.180000e+01 1.348800e+00
9.190000e+01 1.624800e+00
9.200000e+01 1.886400e+00
9.210000e+01 2.131400e+00
9.220000e+01 2.357600e+00
9.230000e+01 2.563100e+00
9.240000e+01 2.745900e+00
9.250000e+01 2.904600e+00
9.260000e+01 3.037500e+00
9.270000e+01 3.143700e+00
9.280000e+01 3.222000e+00
9.290000e+01 3.271800e+00
9.300000e+01 3.292800e+00
9.310000e+01 3.284600e+00
9.320000e+01 3.247400e+00
9.330000e+01 3.181700e+00
9.340000e+01 3.088000e+00
9.350000e+01 2.967400e+00
9.360000e+01 2.821100e+00
9.370000e+01 2.650400e+00
9.380000e+01 2.457000e+00
9.390000e+01 2.242800e+00
9.400000e+01 2.010000e+00
9.410000e+01 1.760600e+00
9.420000e+01 1.496900e+00
9.430000e+01 1.221500e+00
9.440000e+01 9.367400e-01
9.450000e+01 6.452100e-01
9.460000e+01 3.494900e-01
9.470000e+01 5.212700e-02
9.480000e+01 -2.443000e-01
9.490000e+01 -5.372600e-01
9.500000e+01 -8.242700e-01
9.510000e+01 -1.102900e+00
9.520000e+01 -1.370900e+00
9.530000e+01 -1.625900e+00
9.540000e+01 -1.865700e+00
9.550000e+01 -2.088500e+00
9.560000e+01 -2.292300e+00
9.570000e+01 -2.475400e+00
9.580000e+01 -2.636300e+00
9.590000e+01 -2.773400e+00
9.600000e+01 -2.885600e+00
9.610000e+01 -2.971800e+00
9.620000e+01 -3.031400e+00
9.630000e+01 -3.063800e+00
9.640000e+01 -3.068600e+00
9.650000e+01 -3.045800e+00
9.660000e+01 -2.995700e+00
9.670000e+01 -2.918500e+00
9.680000e+01 -2.815100e+00
9.690000e+01 -2.686400e+00
9.700000e+01 -2.533500e+00
9.710000e+01 -2.357800e+00
9.720000e+01 -2.161100e+00
9.730000e+01 -1.945000e+00
9.740000e+01 -1.711700e+00
9.750000e+01 -1.463300e+00
9.760000e+01 -1.201900e+00
9.770000e+01 -9.301300e-01
9.780000e+01 -6.503700e-01
9.790000e+01 -3.651800e-01
9.800000e+01 -7.718200e-02
9.810000e+01 2.110400e-01
9.820000e+01 4.968800e-01
9.830000e+01 7.777700e-01
9.840000e+01 1.051200e+00
9.850000e+01 1.314800e+00
9.860000e+01 1.566100e+00
9.870000e+01 1.803100e+00
9.880000e+01 2.023500e+00
9.890000e+01 2.225600e+00
9.900000e+01 2.407600e+00
9.910000e+01 2.568000e+00
9.920000e+01 2.705500e+00
9.930000e+01 2.818900e+00
9.940000e+01 2.907300e+00
9.950000e+01 2.970100e+00
9.960000e+01 3.006900e+00
9.970000e+01 3.017300e+00
9.980000e+01 3.001500e+00
9.990000e+01 2.959600e+00
1.000000e+02 2.892100e+00
1.001000e+02 2.799500e+00
1.002000e+02 2.682900e+00
1.003000e+02 2.543100e+00
1.004000e+02 2.381500e+00
1.005000e+02 2.199500e+00
1.006000e+02 1.998700e+00
1.007000e+02 1.780900e+00
1.008000e+02 1.548100e+00
1.009000e+02 1.302300e+00
1.010000e+02 1.045600e+00
1.011000e+02 7.804000e-01
1.012000e+02 5.089900e-01
1.013000e+02 2.338000e-01
1.014000e+02 -4.275400e-02
1.015000e+02 -3.182200e-01
1.016000e+02 -5.901700e-01
1.017000e+02 -8.562100e-01
1.018000e+02 -1.114000e+00
1.019000e+02 -1.361300e+00
1.020000e+02 -1.595800e+00
1.021000e+02 -1.815600e+00
1.022000e+02 -2.018700e+00
1.023000e+02 -2.203400e+00
1.024000e+02 -2.368100e+00
1.025000e+02 -2.511300e+00
1.026000e+02 -2.631700e+00
1.027000e+02 -2.728300e+00
1.028000e+02 -2.800300e+00
1.029000e+02 -2.847100e+00
1.030000e+02 -2.868400e+00
1.031000e+02 -2.863900e+00
1.032000e+02 -2.833900e+00
1.033000e+02 -2.778700e+00
1.034000e+02 -2.698800e+00
1.035000e+02 -2.595000e+00
1.036000e+02 -2.468300e+00
1.037000e+02 -2.320100e+00
1.038000e+02 -2.151700e+00
1.039000e+02 -1.964600e+00
1.040000e+02 -1.760700e+00
1.041000e+02 -1.541800e+00
1.042000e+02 -1.309800e+00
1.043000e+02 -1.066800e+00
1.044000e+02 -8.152000e-01
1.045000e+02 -5.571100e-01
1.046000e+02 -2.948800e-01
1.047000e+02 -3.085900e-02
1.048000e+02 2.325900e-01
1.049000e+02 4.931200e-01
1.050000e+02 7.484100e-01
1.051000e+02 9.962000e-01
1.052000e+02 1.234300e+00
1.053000e+02 1.460700e+00
1.054000e+02 1.673300e+00
1.055000e+02 1.870200e+00
1.056000e+02 2.049900e+00
1.057000e+02 2.210900e+00
1.058000e+02 2.351700e+00
1.059000e+02 2.471300e+00
1.060000e+02 2.568600e+00
1.061000e+02 2.642800e+00
1.062000e+02 2.693500e+00
1.063000e+02 2.720200e+00
1.064000e+02 2.722900e+00
1.065000e+02 2.701500e+00
1.066000e+02 2.656300e+00
1.067000e+02 2.587800e+00
1.068000e+02 2.496600e+00
1.069000e+02 2.383500e+00
1.070000e+02 2.249500e+00
1.071000e+02 2.095800e+00
1.072000e+02 1.923600e+00
1.073000e+02 1.734500e+00
1.074000e+02 1.530000e+00
1.075000e+02 1.312000e+00
1.076000e+02 1.082400e+00
1.077000e+02 8.431000e-01
1.078000e+02 5.963400e-01
1.079000e+02 3.443000e-01
1.080000e+02 8.925000e-02
1.081000e+02 -1.664900e-01
1.082000e+02 -4.205700e-01
1.083000e+02 -6.706900e-01
1.084000e+02 -9.145400e-01
1.085000e+02 -1.149900e+00
1.086000e+02 -1.374600e+00
1.087000e+02 -1.586600e+00
1.088000e+02 -1.784100e+00
1.089000e+02 -1.965200e+00
1.090000e+02 -2.128400e+00
1.091000e+02 -2.272200e+00
1.092000e+02 -2.395400e+00
1.093000e+02 -2.497100e+00
1.094000e+02 -2.576400e+00
1.095000e+02 -2.632600e+00
1.096000e+02 -2.665500e+00
1.097000e+02 -2.674800e+00
1.098000e+02 -2.660600e+00
1.099000e+02 -2.623000e+00
1.100000e+02 -2.562700e+00
1.101000e+02 -2.480200e+00
1.102000e+02 -2.376300e+00
1.103000e+02 -2.252100e+00
1.104000e+02 -2.108800e+00
1.105000e+02 -1.947800e+00
1.106000e+02 -1.770500e+00
1.107000e+02 -1.578500e+00
1.108000e+02 -1.373500e+00
1.109000e+02 -1.157300e+00
1.110000e+02 -9.319200e-01
1.111000e+02 -6.993000e-01
1.112000e+02 -4.614400e-01
1.113000e+02 -2.204300e-01
1.114000e+02 2.165400e-02
1.115000e+02 2.627000e-01
1.116000e+02 5.006100e-01
1.117000e+02 7.333200e-01
1.118000e+02 9.587800e-01
1.119000e+02 1.175000e+00
1.120000e+02 1.380200e+00
1.121000e+02 1.572400e+00
1.122000e+02 1.749900e+00
1.123000e+02 1.911100e+00
1.124000e+02 2.054800e+00
1.125000e+02 2.179500e+00
1.126000e+02 2.284200e+00
1.127000e+02 2.367900e+00
1.128000e+02 2.430000e+00
1.129000e+02 2.469800e+00
1.130000e+02 2.487000e+00
1.131000e+02 2.481600e+00
1.132000e+02 2.453600e+00
1.133000e+02 2.403200e+00
1.134000e+02 2.331200e+00
1.135000e+02 2.238000e+00
1.136000e+02 2.124800e+00
1.137000e+02 1.992400e+00
1.138000e+02 1.842200e+00
1.139000e+02 1.675600e+00
1.140000e+02 1.494000e+00
1.141000e+02 1.299100e+00
1.142000e+02 1.092600e+00
1.143000e+02 8.765500e-01
1.144000e+02 6.527800e-01
1.145000e+02 4.232900e-01
1.146000e+02 1.901400e-01
1.147000e+02 -4.461000e-02
1.148000e+02 -2.788600e-01
1.149000e+02 -5.105500e-01
1.150000e+02 -7.376100e-01
1.151000e+02 -9.580300e-01
1.152000e+02 -1.169900e+00
1.153000e+02 -1.371300e+00
1.154000e+02 -1.560400e+00
1.155000e+02 -1.735700e+00
1.156000e+02 -1.895400e+00
1.157000e+02 -2.038400e+00
1.158000e+02 -2.163200e+00
1.159000e+02 -2.268900e+00
1.160000e+02 -2.354600e+00
1.161000e+02 -2.419500e+00
1.162000e+02 -2.463200e+00
1.163000e+02 -2.485300e+00
1.164000e+02 -2.485800e+00
1.165000e+02 -2.464700e+00
1.166000e+02 -2.422200e+00
1.167000e+02 -2.358900e+00
1.168000e+02 -2.275400e+00
1.169000e+02 -2.172600e+00
1.170000e+02 -2.051300e+00
1.171000e+02 -1.912600e+00
1.172000e+02 -1.758000e+00
1.173000e+02 -1.588800e+00
1.174000e+02 -1.406400e+00
1.175000e+02 -1.212500e+00
1.176000e+02 -1.008800e+00
1.177000e+02 -7.969600e-01
1.178000e+02 -5.789400e-01
1.179000e+02 -3.566000e-01
1.180000e+02 -1.318600e-01
1.181000e+02 9.332500e-02
1.182000e+02 3.169900e-01
1.183000e+02 5.371600e-01
1.184000e+02 7.519200e-01
1.185000e+02 9.593500e-01
1.186000e+02 1.157600e+00
1.187000e+02 1.345000e+00
1.188000e+02 1.519700e+00
1.189000e+02 1.680200e+00
1.190000e+02 1.825100e+00
1.191000e+02 1.953100e+00
1.192000e+02 2.063000e+00
1.193000e+02 2.153800e+00
1.194000e+02 2.224700e+00
1.195000e+02 2.275000e+00
1.196000e+02 2.304400e+00
1.197000e+02 2.312600e+00
1.198000e+02 2.299400e+00
1.199000e+02 2.265200e+00
1.200000e+02 2.210300e+00
1.201000e+02 2.135300e+00
1.202000e+02 2.040900e+00
1.203000e+02 1.928200e+00
1.204000e+02 1.798100e+00
1.205000e+02 1.652000e+00
1.206000e+02 1.491300e+00
1.207000e+02 1.317600e+00
1.208000e+02 1.132300e+00
1.209000e+02 9.374400e-01
1.210000e+02 7.346400e-01
1.211000e+02 5.257500e-01
1.212000e+02 3.126200e-01
1.213000e+02 9.712800e-02
1.214000e+02 -1.188700e-01
1.215000e+02 -3.335200e-01
1.216000e+02 -5.450000e-01
1.217000e+02 -7.515100e-01
1.218000e+02 -9.513200e-01
1.219000e+02 -1.142700e+00
1.220000e+02 -1.324200e+00
1.221000e+02 -1.494000e+00
1.222000e+02 -1.650800e+00
1.223000e+02 -1.793200e+00
1.224000e+02 -1.920000e+00
1.225000e+02 -2.030100e+00
1.226000e+02 -2.122500e+00
1.227000e+02 -2.196400e+00
1.228000e+02 -2.251100e+00
1.229000e+02 -2.286100e+00
1.230000e+02 -2.301000e+00
1.231000e+02 -2.295900e+00
1.232000e+02 -2.270600e+00
1.233000e+02 -2.225400e+00
1.234000e+02 -2.160800e+00
1.235000e+02 -2.077300e+00
1.236000e+02 -1.975800e+00
1.237000e+02 -1.857000e+00
1.238000e+02 -1.722200e+00
1.239000e+02 -1.572500e+00
1.240000e+02 -1.409300e+00
1.241000e+02 -1.234000e+00
1.242000e+02 -1.048300e+00
1.243000e+02 -8.539400e-01
1.244000e+02 -6.525200e-01
1.245000e+02 -4.458900e-01
1.246000e+02 -2.358900e-01
1.247000e+02 -2.438500e-02
1.248000e+02 1.867400e-01
1.249000e+02 3.956100e-01
1.250000e+02 6.003800e-01
1.251000e+02 7.992200e-01
1.252000e+02 9.903800e-01
1.253000e+02 1.172200e+00
1.254000e+02 1.343000e+00
1.255000e+02 1.501300e+00
1.256000e+02 1.645800e+00
1.257000e+02 1.775100e+00
1.258000e+02 1.888300e+00
1.259000e+02 1.984200e+00
1.260000e+02 2.062200e+00
1.261000e+02 2.121500e+00
1.262000e+02 2.161700e+00
1.263000e+02 2.182500e+00
1.264000e+02 2.183700e+00
1.265000e+02 2.165500e+00
1.266000e+02 2.128000e+00
1.267000e+02 2.071600e+00
1.268000e+02 1.997000e+00
1.269000e+02 1.904900e+00
1.270000e+02 1.796100e+00
1.271000e+02 1.671600e+00
1.272000e+02 1.532700e+00
1.273000e+02 1.380500e+00
1.274000e+02 1.216600e+00
1.275000e+02 1.042400e+00
1.276000e+02 8.594000e-01
1.277000e+02 6.693500e-01
1.278000e+02 4.739200e-01
1.279000e+02 2.748400e-01
1.280000e+02 7.387500e-02
1.281000e+02 -1.272100e-01
1.282000e+02 -3.267600e-01
1.283000e+02 -5.229200e-01
1.284000e+02 -7.140200e-01
1.285000e+02 -8.984100e-01
1.286000e+02 -1.074500e+00
1.287000e+02 -1.240900e+00
1.288000e+02 -1.396000e+00
1.289000e+02 -1.538600e+00
1.290000e+02 -1.667300e+00
1.291000e+02 -1.781200e+00
1.292000e+02 -1.879100e+00
1.293000e+02 -1.960300e+00
1.294000e+02 -2.024000e+00
1.295000e+02 -2.069700e+00
1.296000e+02 -2.096900e+00
1.297000e+02 -2.105400e+00
1.298000e+02 -2.095100e+00
1.299000e+02 -2.066100e+00
1.300000e+02 -2.018600e+00
1.301000e+02 -1.953000e+00
1.302000e+02 -1.870000e+00
1.303000e+02 -1.770200e+00
1.304000e+02 -1.654500e+00
1.305000e+02 -1.524100e+00
1.306000e+02 -1.380100e+00
1.307000e+02 -1.223900e+00
1.308000e+02 -1.056900e+00
1.309000e+02 -8.807100e-01
1.310000e+02 -6.969100e-01
1.311000e+02 -5.072000e-01
1.312000e+02 -3.133200e-01
1.313000e+02 -1.170500e-01
1.314000e+02 7.983900e-02
1.315000e+02 2.755800e-01
1.316000e+02 4.684400e-01
1.317000e+02 6.567100e-01
1.318000e+02 8.387400e-01
1.319000e+02 1.013000e+00
1.320000e+02 1.177900e+00
1.321000e+02 1.332200e+00
1.322000e+02 1.474600e+00
1.323000e+02 1.603800e+00
1.324000e+02 1.718700e+00
1.325000e+02 1.818600e+00
1.326000e+02 1.902500e+00
1.327000e+02 1.969900e+00
1.328000e+02 2.020200e+00
1.329000e+02 2.053100e+00
1.330000e+02 2.068300e+00
1.331000e+02 2.065800e+00
1.332000e+02 2.045600e+00
1.333000e+02 2.007900e+00
1.334000e+02 1.953000e+00
1.335000e+02 1.881500e+00
1.336000e+02 1.793900e+00
1.337000e+02 1.691100e+00
1.338000e+02 1.573900e+00
1.339000e+02 1.443300e+00
1.340000e+02 1.300500e+00
1.341000e+02 1.146800e+00
1.342000e+02 9.834400e-01
1.343000e+02 8.119800e-01
1.344000e+02 6.339100e-01
1.345000e+02 4.508300e-01
1.346000e+02 2.643800e-01
1.347000e+02 7.623200e-02
1.348000e+02 -1.119000e-01
1.349000e+02 -2.983100e-01
1.350000e+02 -4.813100e-01
1.351000e+02 -6.592400e-01
1.352000e+02 -8.305000e-01
1.353000e+02 -9.935400e-01
1.354000e+02 -1.146900e+00
1.355000e+02 -1.289200e+00
1.356000e+02 -1.419200e+00
1.357000e+02 -1.535800e+00
1.358000e+02 -1.638000e+00
1.359000e+02 -1.724800e+00
1.360000e+02 -1.795700e+00
1.361000e+02 -1.850000e+00
1.362000e+02 -1.887200e+00
1.363000e+02 -1.907200e+00
1.364000e+02 -1.909800e+00
1.365000e+02 -1.895100e+00
1.366000e+02 -1.863200e+00
1.367000e+02 -1.814400e+00
1.368000e+02 -1.749200e+00
1.369000e+02 -1.668300e+00
1.370000e+02 -1.572400e+00
1.371000e+02 -1.462300e+00
1.372000e+02 -1.339200e+00
1.373000e+02 -1.204000e+00
1.374000e+02 -1.058000e+00
1.375000e+02 -9.026800e-01
1.376000e+02 -7.392800e-01
1.377000e+02 -5.693300e-01
1.378000e+02 -3.943600e-01
1.379000e+02 -2.159500e-01
1.380000e+02 -3.567400e-02
1.381000e+02 1.448400e-01
1.382000e+02 3.239900e-01
1.383000e+02 5.002000e-01
1.384000e+02 6.719400e-01
1.385000e+02 8.377000e-01
1.386000e+02 9.960600e-01
1.387000e+02 1.145700e+00
1.388000e+02 1.285300e+00
1.389000e+02 1.413700e+00
1.390000e+02 1.529800e+00
1.391000e+02 1.632600e+00
1.392000e+02 1.721300e+00
1.393000e+02 1.795100e+00
1.394000e+02 1.853400e+00
1.395000e+02 1.895800e+00
1.396000e+02 1.921900e+00
1.397000e+02 1.931600e+00
1.398000e+02 1.924700e+00
1.399000e+02 1.901300e+00
1.400000e+02 1.861700e+00
1.401000e+02 1.806200e+00
1.402000e+02 1.735400e+00
1.403000e+02 1.649700e+00
1.404000e+02 1.550100e+00
1.405000e+02 1.437400e+00
1.406000e+02 1.312500e+00
1.407000e+02 1.176700e+00
1.408000e+02 1.031200e+00
1.409000e+02 8.772000e-01
1.410000e+02 7.161400e-01
1.411000e+02 5.494500e-01
1.412000e+02 3.786100e-01
1.413000e+02 2.051700e-01
1.414000e+02 3.067500e-02
1.415000e+02 -1.432800e-01
1.416000e+02 -3.151400e-01
1.417000e+02 -4.833500e-01
1.418000e+02 -6.463800e-01
1.419000e+02 -8.027500e-01
1.420000e+02 -9.510500e-01
1.421000e+02 -1.090000e+00
1.422000e+02 -1.218300e+00
1.423000e+02 -1.334800e+00
1.424000e+02 -1.438600e+00
1.425000e+02 -1.528600e+00
1.426000e+02 -1.604300e+00
1.427000e+02 -1.664900e+00
1.428000e+02 -1.710000e+00
1.429000e+02 -1.739300e+00
1.430000e+02 -1.752700e+00
1.431000e+02 -1.750100e+00
1.432000e+02 -1.731600e+00
1.433000e+02 -1.697600e+00
1.434000e+02 -1.648400e+00
1.435000e+02 -1.584600e+00
1.436000e+02 -1.506700e+00
1.437000e+02 -1.415500e+00
1.438000e+02 -1.311900e+00
1.439000e+02 -1.196700e+00
1.440000e+02 -1.071000e+00
1.441000e+02 -9.359100e-01
1.442000e+02 -7.925600e-01
1.443000e+02 -6.421900e-01
1.444000e+02 -4.860900e-01
1.445000e+02 -3.256100e-01
1.446000e+02 -1.621400e-01
1.447000e+02 2.904700e-03
1.448000e+02 1.680700e-01
1.449000e+02 3.318900e-01
1.450000e+02 4.929100e-01
1.451000e+02 6.497100e-01
1.452000e+02 8.008600e-01
1.453000e+02 9.450300e-01
1.454000e+02 1.080900e+00
1.455000e+02 1.207200e+00
1.456000e+02 1.322900e+00
1.457000e+02 1.426900e+00
1.458000e+02 1.518300e+00
1.459000e+02 1.596200e+00
1.460000e+02 1.659900e+00
1.461000e+02 1.708900e+00
1.462000e+02 1.742800e+00
1.463000e+02 1.761300e+00
1.464000e+02 1.764200e+00
1.465000e+02 1.751600e+00
1.466000e+02 1.723600e+00
1.467000e+02 1.680500e+00
1.468000e+02 1.622700e+00
1.469000e+02 1.550800e+00
1.470000e+02 1.465500e+00
1.471000e+02 1.367600e+00
1.472000e+02 1.258100e+00
1.473000e+02 1.137800e+00
1.474000e+02 1.008100e+00
1.475000e+02 8.700600e-01
1.476000e+02 7.248900e-01
1.477000e+02 5.739200e-01
1.478000e+02 4.185000e-01
1.479000e+02 2.599900e-01
1.480000e+02 9.980400e-02
1.481000e+02 -6.065600e-02
1.482000e+02 -2.199900e-01
1.483000e+02 -3.768000e-01
1.484000e+02 -5.297300e-01
1.485000e+02 -6.774500e-01
1.486000e+02 -8.186600e-01
1.487000e+02 -9.521600e-01
1.488000e+02 -1.076800e+00
1.489000e+02 -1.191500e+00
1.490000e+02 -1.295200e+00
1.491000e+02 -1.387200e+00
1.492000e+02 -1.466400e+00
1.493000e+02 -1.532400e+00
1.494000e+02 -1.584500e+00
1.495000e+02 -1.622400e+00
1.496000e+02 -1.645600e+00
1.497000e+02 -1.654200e+00
1.498000e+02 -1.647900e+00
1.499000e+02 -1.627000e+00
1.500000e+02 -1.591700e+00
1.501000e+02 -1.542300e+00
1.502000e+02 -1.479400e+00
1.503000e+02 -1.403500e+00
1.504000e+02 -1.315400e+00
1.505000e+02 -1.215900e+00
1.506000e+02 -1.105900e+00
1.507000e+02 -9.864100e-01
1.508000e+02 -8.585400e-01
1.509000e+02 -7.234100e-01
1.510000e+02 -5.821700e-01
1.511000e+02 -4.361000e-01
1.512000e+02 -2.864400e-01
1.513000e+02 -1.345200e-01
1.514000e+02 1.833500e-02
1.515000e+02 1.708000e-01
1.516000e+02 3.215200e-01
1.517000e+02 4.691800e-01
1.518000e+02 6.124500e-01
1.519000e+02 7.500800e-01
1.520000e+02 8.808000e-01
1.521000e+02 1.003400e+00
1.522000e+02 1.116900e+00
1.523000e+02 1.220100e+00
1.524000e+02 1.312100e+00
1.525000e+02 1.392100e+00
1.526000e+02 1.459300e+00
1.527000e+02 1.513100e+00
1.528000e+02 1.553000e+00
1.529000e+02 1.578800e+00
1.530000e+02 1.590100e+00
1.531000e+02 1.586900e+00
1.532000e+02 1.569400e+00
1.533000e+02 1.537600e+00
1.534000e+02 1.492000e+00
1.535000e+02 1.433100e+00
1.536000e+02 1.361300e+00
1.537000e+02 1.277600e+00
1.538000e+02 1.182500e+00
1.539000e+02 1.077100e+00
1.540000e+02 9.622800e-01
1.541000e+02 8.391500e-01
1.542000e+02 7.088200e-01
1.543000e+02 5.724600e-01
1.544000e+02 4.312800e-01
1.545000e+02 2.865200e-01
1.546000e+02 1.394400e-01
1.547000e+02 -8.677700e-03
1.548000e+02 -1.565600e-01
1.549000e+02 -3.029300e-01
1.550000e+02 -4.465500e-01
1.551000e+02 -5.861800e-01
1.552000e+02 -7.206500e-01
1.553000e+02 -8.488200e-01
1.554000e+02 -9.695900e-01
1.555000e+02 -1.081900e+00
1.556000e+02 -1.185000e+00
1.557000e+02 -1.277700e+00
1.558000e+02 -1.359400e+00
1.559000e+02 -1.429400e+00
1.560000e+02 -1.486900e+00
1.561000e+02 -1.531500e+00
1.562000e+02 -1.562900e+00
1.563000e+02 -1.580600e+00
1.564000e+02 -1.584600e+00
1.565000e+02 -1.574800e+00
1.566000e+02 -1.551200e+00
1.567000e+02 -1.514100e+00
1.568000e+02 -1.463900e+00
1.569000e+02 -1.400900e+00
1.570000e+02 -1.325800e+00
1.571000e+02 -1.239300e+00
1.572000e+02 -1.142200e+00
1.573000e+02 -1.035500e+00
1.574000e+02 -9.200700e-01
1.575000e+02 -7.970800e-01
1.576000e+02 -6.676500e-01
1.577000e+02 -5.329700e-01
1.578000e+02 -3.942800e-01
1.579000e+02 -2.528600e-01
1.580000e+02 -1.099800e-01
1.581000e+02 3.306400e-02
1.582000e+02 1.750100e-01
1.583000e+02 3.146000e-01
1.584000e+02 4.506200e-01
1.585000e+02 5.818900e-01
1.586000e+02 7.072700e-01
1.587000e+02 8.256900e-01
1.588000e+02 9.361400e-01
1.589000e+02 1.037700e+00
1.590000e+02 1.129500e+00
1.591000e+02 1.210700e+00
1.592000e+02 1.280700e+00
1.593000e+02 1.338800e+00
1.594000e+02 1.384500e+00
1.595000e+02 1.417500e+00
1.596000e+02 1.437500e+00
1.597000e+02 1.444200e+00
1.598000e+02 1.437600e+00
1.599000e+02 1.417900e+00
1.600000e+02 1.385200e+00
1.601000e+02 1.339900e+00
1.602000e+02 1.282300e+00
1.603000e+02 1.213100e+00
1.604000e+02 1.132800e+00
1.605000e+02 1.042400e+00
1.606000e+02 9.424800e-01
1.607000e+02 8.340800e-01
1.608000e+02 7.181300e-01
1.609000e+02 5.957100e-01
1.610000e+02 4.678800e-01
1.611000e+02 3.358000e-01
1.612000e+02 2.006100e-01
1.613000e+02 6.352800e-02
1.614000e+02 -7.426200e-02
1.615000e+02 -2.115500e-01
1.616000e+02 -3.471300e-01
1.617000e+02 -4.798400e-01
1.618000e+02 -6.085200e-01
1.619000e+02 -7.320700e-01
1.620000e+02 -8.494000e-01
1.621000e+02 -9.595200e-01
1.622000e+02 -1.061500e+00
1.623000e+02 -1.154300e+00
1.624000e+02 -1.237400e+00
1.625000e+02 -1.309800e+00
1.626000e+02 -1.371100e+00
1.627000e+02 -1.420700e+00
1.628000e+02 -1.458100e+00
1.629000e+02 -1.483000e+00
1.630000e+02 -1.495300e+00
1.631000e+02 -1.494800e+00
1.632000e+02 -1.481500e+00
1.633000e+02 -1.455500e+00
1.634000e+02 -1.417200e+00
1.635000e+02 -1.366700e+00
1.636000e+02 -1.304600e+00
1.637000e+02 -1.231400e+00
1.638000e+02 -1.147800e+00
1.639000e+02 -1.054600e+00
1.640000e+02 -9.526200e-01
1.641000e+02 -8.427700e-01
1.642000e+02 -7.261000e-01
1.643000e+02 -6.036800e-01
1.644000e+02 -4.766500e-01
1.645000e+02 -3.461900e-01
1.646000e+02 -2.134900e-01
1.647000e+02 -7.976400e-02
1.648000e+02 5.376600e-02
1.649000e+02 1.859000e-01
1.650000e+02 3.154700e-01
1.651000e+02 4.413300e-01
1.652000e+02 5.623900e-01
1.653000e+02 6.776200e-01
1.654000e+02 7.860500e-01
1.655000e+02 8.867700e-01
1.656000e+02 9.789600e-01
1.657000e+02 1.061900e+00
1.658000e+02 1.134900e+00
1.659000e+02 1.197300e+00
1.660000e+02 1.248800e+00
1.661000e+02 1.288800e+00
1.662000e+02 1.317100e+00
1.663000e+02 1.333400e+00
1.664000e+02 1.337700e+00
1.665000e+02 1.329900e+00
1.666000e+02 1.310100e+00
1.667000e+02 1.278500e+00
1.668000e+02 1.235300e+00
1.669000e+02 1.180900e+00
1.670000e+02 1.115900e+00
1.671000e+02 1.040700e+00
1.672000e+02 9.561300e-01
1.673000e+02 8.628200e-01
1.674000e+02 7.616400e-01
1.675000e+02 6.534600e-01
1.676000e+02 5.392700e-01
1.677000e+02 4.200900e-01
1.678000e+02 2.970100e-01
1.679000e+02 1.711600e-01
1.680000e+02 4.367400e-02
1.681000e+02 -8.427100e-02
1.682000e+02 -2.115200e-01
1.683000e+02 -3.369000e-01
1.684000e+02 -4.593000e-01
1.685000e+02 -5.775900e-01
1.686000e+02 -6.907400e-01
1.687000e+02 -7.977300e-01
1.688000e+02 -8.976100e-01
1.689000e+02 -9.895300e-01
1.690000e+02 -1.072700e+00
1.691000e+02 -1.146400e+00
1.692000e+02 -1.210100e+00
1.693000e+02 -1.263100e+00
1.694000e+02 -1.305000e+00
1.695000e+02 -1.335600e+00
1.696000e+02 -1.354500e+00
1.697000e+02 -1.361700e+00
1.698000e+02 -1.357100e+00
1.699000e+02 -1.340800e+00
1.700000e+02 -1.313000e+00
1.701000e+02 -1.274000e+00
1.702000e+02 -1.224000e+00
1.703000e+02 -1.163700e+00
1.704000e+02 -1.093600e+00
1.705000e+02 -1.014200e+00
1.706000e+02 -9.262700e-01
1.707000e+02 -8.306400e-01
1.708000e+02 -7.281200e-01
1.709000e+02 -6.196100e-01
1.710000e+02 -5.060500e-01
1.711000e+02 -3.884600e-01
1.712000e+02 -2.678500e-01
1.713000e+02 -1.453000e-01
1.714000e+02 -2.189300e-02
1.715000e+02 1.012700e-01
1.716000e+02 2.230900e-01
1.717000e+02 3.424700e-01
1.718000e+02 4.583500e-01
1.719000e+02 5.697000e-01
1.720000e+02 6.755300e-01
1.721000e+02 7.749000e-01
1.722000e+02 8.669500e-01
1.723000e+02 9.508800e-01
1.724000e+02 1.026000e+00
1.725000e+02 1.091600e+00
1.726000e+02 1.147300e+00
1.727000e+02 1.192500e+00
1.728000e+02 1.227000e+00
1.729000e+02 1.250500e+00
1.730000e+02 1.262700e+00
1.731000e+02 1.263800e+00
1.732000e+02 1.253600e+00
1.733000e+02 1.232400e+00
1.734000e+02 1.200300e+00
1.735000e+02 1.157700e+00
1.736000e+02 1.104900e+00
1.737000e+02 1.042500e+00
1.738000e+02 9.710200e-01
1.739000e+02 8.910300e-01
1.740000e+02 8.032500e-01
1.741000e+02 7.084400e-01
1.742000e+02 6.074600e-01
1.743000e+02 5.012000e-01
1.744000e+02 3.906300e-01
1.745000e+02 2.767300e-01
1.746000e+02 1.605400e-01
1.747000e+02 4.314000e-02
1.748000e+02 -7.440200e-02
1.749000e+02 -1.910100e-01
1.750000e+02 -3.056200e-01
1.751000e+02 -4.171700e-01
1.752000e+02 -5.246500e-01
1.753000e+02 -6.270900e-01
1.754000e+02 -7.235500e-01
1.755000e+02 -8.131800e-01
1.756000e+02 -8.952100e-01
1.757000e+02 -9.689300e-01
1.758000e+02 -1.033700e+00
1.759000e+02 -1.088900e+00
1.760000e+02 -1.134200e+00
1.761000e+02 -1.169200e+00
1.762000e+02 -1.193500e+00
1.763000e+02 -1.207100e+00
1.764000e+02 -1.209800e+00
1.765000e+02 -1.201700e+00
1.766000e+02 -1.182800e+00
1.767000e+02 -1.153500e+00
1.768000e+02 -1.113800e+00
1.769000e+02 -1.064400e+00
1.770000e+02 -1.005500e+00
1.771000e+02 -9.378600e-01
1.772000e+02 -8.619700e-01
1.773000e+02 -7.785500e-01
1.774000e+02 -6.883200e-01
1.775000e+02 -5.920800e-01
1.776000e+02 -4.906800e-01
1.777000e+02 -3.850000e-01
1.778000e+02 -2.759400e-01
1.779000e+02 -1.644500e-01
1.780000e+02 -5.149100e-02
1.781000e+02 6.196300e-02
1.782000e+02 1.749400e-01
1.783000e+02 2.864500e-01
1.784000e+02 3.955300e-01
1.785000e+02 5.012200e-01
1.786000e+02 6.025900e-01
1.787000e+02 6.987400e-01
1.788000e+02 7.888000e-01
1.789000e+02 8.719600e-01
1.790000e+02 9.474700e-01
1.791000e+02 1.014600e+00
1.792000e+02 1.072800e+00
1.793000e+02 1.121600e+00
1.794000e+02 1.160400e+00
1.795000e+02 1.189000e+00
1.796000e+02 1.207100e+00
1.797000e+02 1.214700e+00
1.798000e+02 1.211600e+00
1.799000e+02 1.198000e+00
1.800000e+02 1.174100e+00
1.801000e+02 1.140100e+00
1.802000e+02 1.096300e+00
1.803000e+02 1.043400e+00
1.804000e+02 9.816600e-01
1.805000e+02 9.118100e-01
1.806000e+02 8.344800e-01
1.807000e+02 7.503800e-01
1.808000e+02 6.602700e-01
1.809000e+02 5.649400e-01
1.810000e+02 4.652400e-01
1.811000e+02 3.620400e-01
1.812000e+02 2.562300e-01
1.813000e+02 1.487400e-01
1.814000e+02 4.049900e-02
1.815000e+02 -6.753900e-02
1.816000e+02 -1.744200e-01
1.817000e+02 -2.792200e-01
1.818000e+02 -3.810000e-01
1.819000e+02 -4.788600e-01
1.820000e+02 -5.719200e-01
1.821000e+02 -6.593700e-01
1.822000e+02 -7.404100e-01
1.823000e+02 -8.143200e-01
1.824000e+02 -8.804200e-01
1.825000e+02 -9.381100e-01
1.826000e+02 -9.868900e-01
1.827000e+02 -1.026300e+00
1.828000e+02 -1.056100e+00
1.829000e+02 -1.076000e+00
1.830000e+02 -1.085700e+00
1.831000e+02 -1.085400e+00
1.832000e+02 -1.074800e+00
1.833000e+02 -1.054300e+00
1.834000e+02 -1.024000e+00
1.835000e+02 -9.842900e-01
1.836000e+02 -9.354500e-01
1.837000e+02 -8.780000e-01
1.838000e+02 -8.125000e-01
1.839000e+02 -7.395500e-01
1.840000e+02 -6.598200e-01
1.841000e+02 -5.740400e-01
1.842000e+02 -4.830000e-01
1.843000e+02 -3.874900e-01
1.844000e+02 -2.883800e-01
1.845000e+02 -1.865300e-01
1.846000e+02 -8.283600e-02
1.847000e+02 2.181700e-02
1.848000e+02 1.265300e-01
1.849000e+02 2.304000e-01
1.850000e+02 3.325400e-01
1.851000e+02 4.320700e-01
1.852000e+02 5.281200e-01
1.853000e+02 6.198600e-01
1.854000e+02 7.064900e-01
1.855000e+02 7.872600e-01
1.856000e+02 8.614500e-01
1.857000e+02 9.284200e-01
1.858000e+02 9.875800e-01
1.859000e+02 1.038400e+00
1.860000e+02 1.080400e+00
1.861000e+02 1.113200e+00
1.862000e+02 1.136500e+00
1.863000e+02 1.150200e+00
1.864000e+02 1.154000e+00
1.865000e+02 1.148000e+00
1.866000e+02 1.132200e+00
1.867000e+02 1.106800e+00
1.868000e+02 1.072000e+00
1.869000e+02 1.028200e+00
1.870000e+02 9.758000e-01
1.871000e+02 9.152900e-01
1.872000e+02 8.472400e-01
1.873000e+02 7.723000e-01
1.874000e+02 6.911900e-01
1.875000e+02 6.046500e-01
1.876000e+02 5.134900e-01
1.877000e+02 4.185400e-01
1.878000e+02 3.206300e-01
1.879000e+02 2.206500e-01
1.880000e+02 1.194500e-01
1.881000e+02 1.792300e-02
1.882000e+02 -8.306200e-02
1.883000e+02 -1.826400e-01
1.884000e+02 -2.799600e-01
1.885000e+02 -3.741900e-01
1.886000e+02 -4.645400e-01
1.887000e+02 -5.502300e-01
1.888000e+02 -6.305200e-01
1.889000e+02 -7.047100e-01
1.890000e+02 -7.721700e-01
1.891000e+02 -8.322900e-01
1.892000e+02 -8.845300e-01
1.893000e+02 -9.284300e-01
1.894000e+02 -9.636000e-01
1.895000e+02 -9.897300e-01
1.896000e+02 -1.006600e+00
1.897000e+02 -1.014000e+00
1.898000e+02 -1.012000e+00
1.899000e+02 -1.000500e+00
1.900000e+02 -9.797300e-01
1.901000e+02 -9.498400e-01
1.902000e+02 -9.111300e-01
1.903000e+02 -8.639800e-01
1.904000e+02 -8.088200e-01
1.905000e+02 -7.461900e-01
1.906000e+02 -6.766600e-01
1.907000e+02 -6.008800e-01
1.908000e+02 -5.195400e-01
1.909000e+02 -4.333900e-01
1.910000e+02 -3.432200e-01
1.911000e+02 -2.498500e-01
1.912000e+02 -1.541300e-01
1.913000e+02 -5.692500e-02
1.914000e+02 4.089400e-02
1.915000e+02 1.384500e-01
1.916000e+02 2.348700e-01
1.917000e+02 3.293100e-01
1.918000e+02 4.209300e-01
1.919000e+02 5.089300e-01
1.920000e+02 5.925800e-01
1.921000e+02 6.711400e-01
1.922000e+02 7.439500e-01
1.923000e+02 8.104000e-01
1.924000e+02 8.699200e-01
1.925000e+02 9.220400e-01
1.926000e+02 9.663100e-01
1.927000e+02 1.002400e+00
1.928000e+02 1.029900e+00
1.929000e+02 1.048700e+00
1.930000e+02 1.058600e+00
1.931000e+02 1.059400e+00
1.932000e+02 1.051200e+00
1.933000e+02 1.034100e+00
1.934000e+02 1.008000e+00
1.935000e+02 9.732900e-01
1.936000e+02 9.302200e-01
1.937000e+02 8.791600e-01
1.938000e+02 8.205500e-01
1.939000e+02 7.549000e-01
1.940000e+02 6.828100e-01
1.941000e+02 6.049400e-01
1.942000e+02 5.220200e-01
1.943000e+02 4.348100e-01
1.944000e+02 3.441500e-01
1.945000e+02 2.508900e-01
1.946000e+02 1.559000e-01
1.947000e+02 6.006100e-02
1.948000e+02 -3.575600e-02
1.949000e+02 -1.306900e-01
1.950000e+02 -2.239000e-01
1.951000e+02 -3.145800e-01
1.952000e+02 -4.019500e-01
1.953000e+02 -4.852800e-01
1.954000e+02 -5.639000e-01
1.955000e+02 -6.371700e-01
1.956000e+02 -7.045000e-01
1.957000e+02 -7.653800e-01
1.958000e+02 -8.193000e-01
1.959000e+02 -8.658600e-01
1.960000e+02 -9.046800e-01
1.961000e+02 -9.354600e-01
1.962000e+02 -9.579500e-01
1.963000e+02 -9.719800e-01
1.964000e+02 -9.774400e-01
1.965000e+02 -9.742800e-01
1.966000e+02 -9.625400e-01
1.967000e+02 -9.423000e-01
1.968000e+02 -9.137500e-01
1.969000e+02 -8.771300e-01
1.970000e+02 -8.327500e-01
1.971000e+02 -7.810400e-01
1.972000e+02 -7.224300e-01
1.973000e+02 -6.574800e-01
1.974000e+02 -5.867600e-01
1.975000e+02 -5.109300e-01
1.976000e+02 -4.306500e-01
1.977000e+02 -3.466800e-01
1.978000e+02 -2.597700e-01
1.979000e+02 -1.707200e-01
1.980000e+02 -8.034600e-02
1.981000e+02 1.052400e-02
1.982000e+02 1.010500e-01
1.983000e+02 1.904300e-01
1.984000e+02 2.778300e-01
1.985000e+02 3.624600e-01
1.986000e+02 4.435800e-01
1.987000e+02 5.204600e-01
1.988000e+02 5.924200e-01
1.989000e+02 6.588200e-01
1.990000e+02 7.191100e-01
1.991000e+02 7.727800e-01
1.992000e+02 8.193600e-01
1.993000e+02 8.584800e-01
1.994000e+02 8.898300e-01
1.995000e+02 9.131700e-01
1.996000e+02 9.283100e-01
1.997000e+02 9.351600e-01
1.998000e+02 9.336600e-01
1.999000e+02 9.238700e-01
2.000000e+02 9.058500e-01
2.001000e+02 8.797900e-01
2.002000e+02 8.458900e-01
2.003000e+02 8.044600e-01
2.004000e+02 7.558500e-01
2.005000e+02 7.004600e-01
2.006000e+02 6.387600e-01
2.007000e+02 5.712500e-01
2.008000e+02 4.985000e-01
2.009000e+02 4.211200e-01
2.010000e+02 3.397500e-01
2.011000e+02 2.550900e-01
2.012000e+02 1.678800e-01
2.013000e+02 7.886500e-02
2.014000e+02 -1.113900e-02
2.015000e+02 -1.013200e-01
2.016000e+02 -1.908700e-01
2.017000e+02 -2.789900e-01
2.018000e+02 -3.648600e-01
2.019000e+02 -4.476900e-01
2.020000e+02 -5.267300e-01
2.021000e+02 -6.012500e-01
2.022000e+02 -6.705500e-01
2.023000e+02 -7.340000e-01
2.024000e+02 -7.910000e-01
2.025000e+02 -8.410000e-01
2.026000e+02 -8.835400e-01
2.027000e+02 -9.182400e-01
2.028000e+02 -9.447700e-01
2.029000e+02 -9.629000e-01
2.030000e+02 -9.724600e-01
2.031000e+02 -9.733800e-01
2.032000e+02 -9.656800e-01
2.033000e+02 -9.494600e-01
2.034000e+02 -9.249000e-01
2.035000e+02 -8.922800e-01
2.036000e+02 -8.519500e-01
2.037000e+02 -8.043400e-01
2.038000e+02 -7.499400e-01
2.039000e+02 -6.893200e-01
2.040000e+02 -6.231100e-01
2.041000e+02 -5.519600e-01
2.042000e+02 -4.766000e-01
2.043000e+02 -3.977800e-01
2.044000e+02 -3.162600e-01
2.045000e+02 -2.328400e-01
2.046000e+02 -1.482900e-01
2.047000e+02 -6.341000e-02
2.048000e+02 2.104100e-02
2.049000e+02 1.043100e-01
2.050000e+02 1.857100e-01
2.051000e+02 2.645300e-01
2.052000e+02 3.401400e-01
2.053000e+02 4.119400e-01
2.054000e+02 4.793900e-01
2.055000e+02 5.419700e-01
2.056000e+02 5.992400e-01
2.057000e+02 6.507900e-01
2.058000e+02 6.962700e-01
2.059000e+02 7.353600e-01
2.060000e+02 7.678000e-01
2.061000e+02 7.933600e-01
2.062000e+02 8.118700e-01
2.063000e+02 8.232000e-01
2.064000e+02 8.272400e-01
2.065000e+02 8.239500e-01
2.066000e+02 8.133300e-01
2.067000e+02 7.954100e-01
2.068000e+02 7.702700e-01
2.069000e+02 7.380600e-01
2.070000e+02 6.989600e-01
2.071000e+02 6.532100e-01
2.072000e+02 6.011000e-01
2.073000e+02 5.429900e-01
2.074000e+02 4.793000e-01
2.075000e+02 4.105100e-01
2.076000e+02 3.371800e-01
2.077000e+02 2.599000e-01
2.078000e+02 1.793800e-01
2.079000e+02 9.631200e-02
2.080000e+02 1.149500e-02
2.081000e+02 -7.426500e-02
2.082000e+02 -1.601100e-01
2.083000e+02 -2.451900e-01
2.084000e+02 -3.286300e-01
2.085000e+02 -4.095800e-01
2.086000e+02 -4.872200e-01
2.087000e+02 -5.607500e-01
2.088000e+02 -6.294300e-01
2.089000e+02 -6.925800e-01
2.090000e+02 -7.496100e-01
2.091000e+02 -7.999500e-01
2.092000e+02 -8.431800e-01
2.093000e+02 -8.789100e-01
2.094000e+02 -9.068800e-01
2.095000e+02 -9.269000e-01
2.096000e+02 -9.388600e-01
2.097000e+02 -9.427500e-01
2.098000e+02 -9.386200e-01
2.099000e+02 -9.266300e-01
2.100000e+02 -9.069500e-01
2.101000e+02 -8.798600e-01
2.102000e+02 -8.456400e-01
2.103000e+02 -8.046800e-01
2.104000e+02 -7.573700e-01
2.105000e+02 -7.041800e-01
2.106000e+02 -6.455800e-01
2.107000e+02 -5.821100e-01
2.108000e+02 -5.142900e-01
2.109000e+02 -4.427200e-01
2.110000e+02 -3.679700e-01
2.111000e+02 -2.906700e-01
2.112000e+02 -2.114500e-01
2.113000e+02 -1.309600e-01
2.114000e+02 -4.985900e-02
2.115000e+02 3.119000e-02
2.116000e+02 1.115100e-01
2.117000e+02 1.904400e-01
2.118000e+02 2.673100e-01
2.119000e+02 3.414600e-01
2.120000e+02 4.122200e-01
2.121000e+02 4.789700e-01
2.122000e+02 5.411100e-01
2.123000e+02 5.980400e-01
2.124000e+02 6.492400e-01
2.125000e+02 6.942100e-01
2.126000e+02 7.324900e-01
2.127000e+02 7.637000e-01
2.128000e+02 7.875100e-01
2.129000e+02 8.036600e-01
2.130000e+02 8.119700e-01
2.131000e+02 8.123300e-01
2.132000e+02 8.047300e-01
2.133000e+02 7.892300e-01
2.134000e+02 7.659600e-01
2.135000e+02 7.351600e-01
2.136000e+02 6.971300e-01
2.137000e+02 6.522600e-01
2.138000e+02 6.010100e-01
2.139000e+02 5.438900e-01
2.140000e+02 4.814900e-01
2.141000e+02 4.144400e-01
2.142000e+02 3.434100e-01
2.143000e+02 2.691100e-01
2.144000e+02 1.922700e-01
2.145000e+02 1.136400e-01
2.146000e+02 3.396500e-02
2.147000e+02 -4.598400e-02
2.148000e+02 -1.254700e-01
2.149000e+02 -2.037700e-01
2.150000e+02 -2.801700e-01
2.151000e+02 -3.540000e-01
2.152000e+02 -4.246300e-01
2.153000e+02 -4.914400e-01
2.154000e+02 -5.539100e-01
2.155000e+02 -6.115300e-01
2.156000e+02 -6.638500e-01
2.157000e+02 -7.104800e-01
2.158000e+02 -7.510800e-01
2.159000e+02 -7.853600e-01
2.160000e+02 -8.131100e-01
2.161000e+02 -8.341400e-01
2.162000e+02 -8.483400e-01
2.163000e+02 -8.556300e-01
2.164000e+02 -8.559900e-01
2.165000e+02 -8.494600e-01
2.166000e+02 -8.361000e-01
2.167000e+02 -8.160400e-01
2.168000e+02 -7.894300e-01
2.169000e+02 -7.564800e-01
2.170000e+02 -7.174300e-01
2.171000e+02 -6.725600e-01
2.172000e+02 -6.222000e-01
2.173000e+02 -5.667000e-01
2.174000e+02 -5.064800e-01
2.175000e+02 -4.419700e-01
2.176000e+02 -3.736500e-01
2.177000e+02 -3.020700e-01
2.178000e+02 -2.278000e-01
2.179000e+02 -1.514400e-01
2.180000e+02 -7.363600e-02
2.181000e+02 4.934300e-03
2.182000e+02 8.355900e-02
2.183000e+02 1.615300e-01
2.184000e+02 2.380900e-01
2.185000e+02 3.125300e-01
2.186000e+02 3.841100e-01
2.187000e+02 4.521100e-01
2.188000e+02 5.158400e-01
2.189000e+02 5.746600e-01
2.190000e+02 6.279700e-01
2.191000e+02 6.752100e-01
2.192000e+02 7.159100e-01
2.193000e+02 7.496500e-01
2.194000e+02 7.761000e-01
2.195000e+02 7.950100e-01
2.196000e+02 8.062200e-01
2.197000e+02 8.096600e-01
2.198000e+02 8.053500e-01
2.199000e+02 7.934000e-01
2.200000e+02 7.739900e-01
2.201000e+02 7.473900e-01
2.202000e+02 7.139500e-01
2.203000e+02 6.740700e-01
2.204000e+02 6.282300e-01
2.205000e+02 5.769400e-01
2.206000e+02 5.207500e-01
2.207000e+02 4.602700e-01
2.208000e+02 3.960800e-01
2.209000e+02 3.288400e-01
2.210000e+02 2.591500e-01
2.211000e+02 1.876700e-01
2.212000e+02 1.150100e-01
2.213000e+02 4.180400e-02
2.214000e+02 -3.136700e-02
2.215000e+02 -1.039000e-01
2.216000e+02 -1.752500e-01
2.217000e+02 -2.448500e-01
2.218000e+02 -3.121700e-01
2.219000e+02 -3.767000e-01
2.220000e+02 -4.379400e-01
2.221000e+02 -4.954000e-01
2.222000e+02 -5.486400e-01
2.223000e+02 -5.972000e-01
2.224000e+02 -6.406800e-01
2.225000e+02 -6.787000e-01
2.226000e+02 -7.108700e-01
2.227000e+02 -7.368900e-01
2.228000e+02 -7.564600e-01
2.229000e+02 -7.693600e-01
2.230000e+02 -7.754000e-01
2.231000e+02 -7.744300e-01
2.232000e+02 -7.664100e-01
2.233000e+02 -7.513100e-01
2.234000e+02 -7.292200e-01
2.235000e+02 -7.002800e-01
2.236000e+02 -6.646900e-01
2.237000e+02 -6.227600e-01
2.238000e+02 -5.748300e-01
2.239000e+02 -5.213400e-01
2.240000e+02 -4.627800e-01
2.241000e+02 -3.997100e-01
2.242000e+02 -3.327400e-01
2.243000e+02 -2.625100e-01
2.244000e+02 -1.897300e-01
2.245000e+02 -1.151000e-01
2.246000e+02 -3.936500e-02
2.247000e+02 3.672900e-02
2.248000e+02 1.124300e-01
2.249000e+02 1.870100e-01
2.250000e+02 2.597400e-01
2.251000e+02 3.299400e-01
2.252000e+02 3.969700e-01
2.253000e+02 4.602100e-01
2.254000e+02 5.191200e-01
2.255000e+02 5.731900e-01
2.256000e+02 6.219800e-01
2.257000e+02 6.651000e-01
2.258000e+02 7.022600e-01
2.259000e+02 7.331800e-01
2.260000e+02 7.576900e-01
2.261000e+02 7.756600e-01
2.262000e+02 7.870200e-01
2.263000e+02 7.917800e-01
2.264000e+02 7.899600e-01
2.265000e+02 7.816800e-01
2.266000e+02 7.670600e-01
2.267000e+02 7.463000e-01
2.268000e+02 7.196000e-01
2.269000e+02 6.872500e-01
2.270000e+02 6.495100e-01
2.271000e+02 6.067300e-01
2.272000e+02 5.592400e-01
2.273000e+02 5.074500e-01
2.274000e+02 4.517400e-01
2.275000e+02 3.925700e-01
2.276000e+02 3.303900e-01
2.277000e+02 2.656900e-01
2.278000e+02 1.989900e-01
2.279000e+02 1.308100e-01
2.280000e+02 6.173400e-02
2.281000e+02 -7.690400e-03
2.282000e+02 -7.686800e-02
2.283000e+02 -1.452200e-01
2.284000e+02 -2.121300e-01
2.285000e+02 -2.770100e-01
2.286000e+02 -3.392600e-01
2.287000e+02 -3.982900e-01
2.288000e+02 -4.535400e-01
2.289000e+02 -5.044800e-01
2.290000e+02 -5.505600e-01
2.291000e+02 -5.913400e-01
2.292000e+02 -6.263500e-01
2.293000e+02 -6.552300e-01
2.294000e+02 -6.776500e-01
2.295000e+02 -6.933500e-01
2.296000e+02 -7.021200e-01
2.297000e+02 -7.038300e-01
2.298000e+02 -6.984400e-01
2.299000e+02 -6.859700e-01
2.300000e+02 -6.665500e-01
2.301000e+02 -6.403500e-01
2.302000e+02 -6.076400e-01
2.303000e+02 -5.687600e-01
2.304000e+02 -5.241300e-01
2.305000e+02 -4.742300e-01
2.306000e+02 -4.195900e-01
2.307000e+02 -3.608000e-01
2.308000e+02 -2.984700e-01
2.309000e+02 -2.332500e-01
2.310000e+02 -1.658300e-01
2.311000e+02 -9.688100e-02
2.312000e+02 -2.707100e-02
2.313000e+02 4.292600e-02
2.314000e+02 1.124700e-01
2.315000e+02 1.809500e-01
2.316000e+02 2.477700e-01
2.317000e+02 3.123700e-01
2.318000e+02 3.742500e-01
2.319000e+02 4.329300e-01
2.320000e+02 4.879700e-01
2.321000e+02 5.390000e-01
2.322000e+02 5.856700e-01
2.323000e+02 6.276600e-01
2.324000e+02 6.647000e-01
2.325000e+02 6.965500e-01
2.326000e+02 7.230000e-01
2.327000e+02 7.438700e-01
2.328000e+02 7.590100e-01
2.329000e+02 7.683200e-01
2.330000e+02 7.716900e-01
2.331000e+02 7.690900e-01
2.332000e+02 7.604800e-01
2.333000e+02 7.459000e-01
2.334000e+02 7.253900e-01
2.335000e+02 6.990600e-01
2.336000e+02 6.670700e-01
2.337000e+02 6.296000e-01
2.338000e+02 5.869100e-01
2.339000e+02 5.393000e-01
2.340000e+02 4.871200e-01
2.341000e+02 4.308000e-01
2.342000e+02 3.708100e-01
2.343000e+02 3.076500e-01
2.344000e+02 2.419100e-01
2.345000e+02 1.742000e-01
2.346000e+02 1.051700e-01
2.347000e+02 3.550000e-02
2.348000e+02 -3.410600e-02
2.349000e+02 -1.029400e-01
2.350000e+02 -1.702900e-01
2.351000e+02 -2.354600e-01
2.352000e+02 -2.977900e-01
2.353000e+02 -3.566300e-01
2.354000e+02 -4.114100e-01
2.355000e+02 -4.615700e-01
2.356000e+02 -5.066400e-01
2.357000e+02 -5.462000e-01
2.358000e+02 -5.799000e-01
2.359000e+02 -6.074900e-01
2.360000e+02 -6.287600e-01
2.361000e+02 -6.435800e-01
2.362000e+02 -6.519100e-01
2.363000e+02 -6.537600e-01
2.364000e+02 -6.492100e-01
2.365000e+02 -6.383900e-01
2.366000e+02 -6.215100e-01
2.367000e+02 -5.988000e-01
2.368000e+02 -5.705500e-01
2.369000e+02 -5.370800e-01
2.370000e+02 -4.987500e-01
2.371000e+02 -4.559600e-01
2.372000e+02 -4.091000e-01
2.373000e+02 -3.586000e-01
2.374000e+02 -3.049000e-01
2.375000e+02 -2.484600e-01
2.376000e+02 -1.897600e-01
2.377000e+02 -1.292900e-01
2.378000e+02 -6.751600e-02
2.379000e+02 -4.931300e-03
2.380000e+02 5.797700e-02
2.381000e+02 1.207200e-01
2.382000e+02 1.828000e-01
2.383000e+02 2.437400e-01
2.384000e+02 3.030500e-01
2.385000e+02 3.602500e-01
2.386000e+02 4.148700e-01
2.387000e+02 4.664500e-01
2.388000e+02 5.145300e-01
2.389000e+02 5.587000e-01
2.390000e+02 5.985500e-01
2.391000e+02 6.336800e-01
2.392000e+02 6.637500e-01
2.393000e+02 6.884400e-01
2.394000e+02 7.074600e-01
2.395000e+02 7.205900e-01
2.396000e+02 7.276200e-01
2.397000e+02 7.284300e-01
2.398000e+02 7.229300e-01
2.399000e+02 7.111100e-01
2.400000e+02 6.930300e-01
2.401000e+02 6.687900e-01
2.402000e+02 6.385800e-01
2.403000e+02 6.026400e-01
2.404000e+02 5.613200e-01
2.405000e+02 5.149900e-01
2.406000e+02 4.641000e-01
2.407000e+02 4.091300e-01
2.408000e+02 3.506500e-01
2.409000e+02 2.892400e-01
2.410000e+02 2.255200e-01
2.411000e+02 1.601400e-01
2.412000e+02 9.376400e-02
2.413000e+02 2.706700e-02
2.414000e+02 -3.929400e-02
2.415000e+02 -1.046600e-01
2.416000e+02 -1.684200e-01
2.417000e+02 -2.299500e-01
2.418000e+02 -2.887100e-01
2.419000e+02 -3.441600e-01
2.420000e+02 -3.958600e-01
2.421000e+02 -4.433700e-01
2.422000e+02 -4.863300e-01
2.423000e+02 -5.244400e-01
2.424000e+02 -5.574400e-01
2.425000e+02 -5.851500e-01
2.426000e+02 -6.074100e-01
2.427000e+02 -6.241400e-01
2.428000e+02 -6.352800e-01
2.429000e+02 -6.408500e-01
2.430000e+02 -6.408600e-01
2.431000e+02 -6.354000e-01
2.432000e+02 -6.245600e-01
2.433000e+02 -6.085000e-01
2.434000e+02 -5.873600e-01
2.435000e+02 -5.613400e-01
2.436000e+02 -5.306300e-01
2.437000e+02 -4.954800e-01
2.438000e+02 -4.561200e-01
2.439000e+02 -4.128500e-01
2.440000e+02 -3.659600e-01
2.441000e+02 -3.157900e-01
2.442000e+02 -2.626900e-01
2.443000e+02 -2.070500e-01
2.444000e+02 -1.493100e-01
2.445000e+02 -8.990300e-02
2.446000e+02 -2.933000e-02
2.447000e+02 3.190100e-02
2.448000e+02 9.322600e-02
2.449000e+02 1.540900e-01
2.450000e+02 2.139100e-01
2.451000e+02 2.721000e-01
2.452000e+02 3.280500e-01
2.453000e+02 3.811900e-01
2.454000e+02 4.309400e-01
2.455000e+02 4.767700e-01
2.456000e+02 5.181700e-01
2.457000e+02 5.546800e-01
2.458000e+02 5.859000e-01
2.459000e+02 6.114800e-01
2.460000e+02 6.311300e-01
2.461000e+02 6.446500e-01
2.462000e+02 6.519100e-01
2.463000e+02 6.528400e-01
2.464000e+02 6.474700e-01
2.465000e+02 6.358900e-01
2.466000e+02 6.182500e-01
2.467000e+02 5.948000e-01
2.468000e+02 5.658200e-01
2.469000e+02 5.316700e-01
2.470000e+02 4.927300e-01
2.471000e+02 4.494600e-01
2.472000e+02 4.023100e-01
2.473000e+02 3.517900e-01
2.474000e+02 2.984000e-01
2.475000e+02 2.426700e-01
2.476000e+02 1.851200e-01
2.477000e+02 1.262900e-01
2.478000e+02 6.667000e-02
2.479000e+02 6.780000e-03
2.480000e+02 -5.290400e-02
2.481000e+02 -1.119100e-01
2.482000e+02 -1.698000e-01
2.483000e+02 -2.261200e-01
2.484000e+02 -2.804900e-01
2.485000e+02 -3.324900e-01
2.486000e+02 -3.817700e-01
2.487000e+02 -4.279700e-01
2.488000e+02 -4.707600e-01
2.489000e+02 -5.098300e-01
2.490000e+02 -5.449000e-01
2.491000e+02 -5.756800e-01
2.492000e+02 -6.019300e-01
2.493000e+02 -6.234200e-01
2.494000e+02 -6.399600e-01
2.495000e+02 -6.513800e-01
2.496000e+02 -6.575400e-01
2.497000e+02 -6.583400e-01
2.498000e+02 -6.537100e-01
2.499000e+02 -6.436500e-01
2.500000e+02 -6.281800e-01
2.501000e+02 -6.073700e-01
2.502000e+02 -5.813500e-01
2.503000e+02 -5.503100e-01
2.504000e+02 -5.144800e-01
2.505000e+02 -4.741500e-01
2.506000e+02 -4.296700e-01
2.507000e+02 -3.814100e-01
2.508000e+02 -3.298400e-01
2.509000e+02 -2.754200e-01
2.510000e+02 -2.186900e-01
2.511000e+02 -1.602000e-01
2.512000e+02 -1.005300e-01
2.513000e+02 -4.028700e-02
2.514000e+02 1.992000e-02
2.515000e+02 7.947300e-02
2.516000e+02 1.377600e-01
2.517000e+02 1.941800e-01
2.518000e+02 2.481600e-01
2.519000e+02 2.991600e-01
2.520000e+02 3.466900e-01
2.521000e+02 3.902700e-01
2.522000e+02 4.295000e-01
2.523000e+02 4.640200e-01
2.524000e+02 4.935500e-01
2.525000e+02 5.178300e-01
2.526000e+02 5.367200e-01
2.527000e+02 5.500900e-01
2.528000e+02 5.579000e-01
2.529000e+02 5.601700e-01
2.530000e+02 5.569600e-01
2.531000e+02 5.484000e-01
2.532000e+02 5.346500e-01
2.533000e+02 5.159000e-01
2.534000e+02 4.924000e-01
2.535000e+02 4.644300e-01
2.536000e+02 4.322600e-01
2.537000e+02 3.962300e-01
2.538000e+02 3.566600e-01
2.539000e+02 3.139000e-01
2.540000e+02 2.683000e-01
2.541000e+02 2.202400e-01
2.542000e+02 1.700700e-01
2.543000e+02 1.181800e-01
2.544000e+02 6.493900e-02
2.545000e+02 1.075600e-02
2.546000e+02 -4.398000e-02
2.547000e+02 -9.887800e-02
2.548000e+02 -1.535300e-01
2.549000e+02 -2.075000e-01
2.550000e+02 -2.603700e-01
2.551000e+02 -3.117200e-01
2.552000e+02 -3.611100e-01
2.553000e+02 -4.081100e-01
2.554000e+02 -4.522800e-01
2.555000e+02 -4.932400e-01
2.556000e+02 -5.305500e-01
2.557000e+02 -5.638300e-01
2.558000e+02 -5.927100e-01
2.559000e+02 -6.168700e-01
2.560000e+02 -6.359900e-01
2.561000e+02 -6.498400e-01
2.562000e+02 -6.582200e-01
2.563000e+02 -6.609300e-01
2.564000e+02 -6.579200e-01
2.565000e+02 -6.491700e-01
2.566000e+02 -6.347200e-01
2.567000e+02 -6.147200e-01
2.568000e+02 -5.893500e-01
2.569000e+02 -5.588900e-01
2.570000e+02 -5.236600e-01
2.571000e+02 -4.840500e-01
2.572000e+02 -4.404900e-01
2.573000e+02 -3.934700e-01
2.574000e+02 -3.435000e-01
2.575000e+02 -2.911300e-01
2.576000e+02 -2.369100e-01
2.577000e+02 -1.814200e-01
2.578000e+02 -1.252200e-01
2.579000e+02 -6.887600e-02
2.580000e+02 -1.291900e-02
2.581000e+02 4.213900e-02
2.582000e+02 9.581000e-02
2.583000e+02 1.476400e-01
2.584000e+02 1.972300e-01
2.585000e+02 2.441700e-01
2.586000e+02 2.881300e-01
2.587000e+02 3.287900e-01
2.588000e+02 3.658900e-01
2.589000e+02 3.991900e-01
2.590000e+02 4.284700e-01
2.591000e+02 4.535700e-01
2.592000e+02 4.743400e-01
2.593000e+02 4.906600e-01
2.594000e+02 5.024300e-01
2.595000e+02 5.095700e-01
2.596000e+02 5.120500e-01
2.597000e+02 5.098500e-01
2.598000e+02 5.029600e-01
2.599000e+02 4.914100e-01
2.600000e+02 4.752800e-01
2.601000e+02 4.546400e-01
2.602000e+02 4.296200e-01
2.603000e+02 4.003800e-01
2.604000e+02 3.671300e-01
2.605000e+02 3.300800e-01
2.606000e+02 2.895200e-01
2.607000e+02 2.457600e-01
2.608000e+02 1.991500e-01
2.609000e+02 1.500700e-01
2.610000e+02 9.895500e-02
2.611000e+02 4.625000e-02
2.612000e+02 -7.556900e-03
2.613000e+02 -6.195400e-02
2.614000e+02 -1.164200e-01
2.615000e+02 -1.704100e-01
2.616000e+02 -2.234000e-01
2.617000e+02 -2.748400e-01
2.618000e+02 -3.242200e-01
2.619000e+02 -3.710100e-01
2.620000e+02 -4.147400e-01
2.621000e+02 -4.549600e-01
2.622000e+02 -4.912500e-01
2.623000e+02 -5.232400e-01
2.624000e+02 -5.506100e-01
2.625000e+02 -5.731000e-01
2.626000e+02 -5.904900e-01
2.627000e+02 -6.026500e-01
2.628000e+02 -6.094900e-01
2.629000e+02 -6.109800e-01
2.630000e+02 -6.071500e-01
2.631000e+02 -5.980900e-01
2.632000e+02 -5.839400e-01
2.633000e+02 -5.649000e-01
2.634000e+02 -5.412100e-01
2.635000e+02 -5.131500e-01
2.636000e+02 -4.810200e-01
2.637000e+02 -4.451700e-01
2.638000e+02 -4.059800e-01
2.639000e+02 -3.638300e-01
2.640000e+02 -3.191200e-01
2.641000e+02 -2.722600e-01
2.642000e+02 -2.236900e-01
2.643000e+02 -1.738000e-01
2.644000e+02 -1.230400e-01
2.645000e+02 -7.180000e-02
2.646000e+02 -2.050000e-02
2.647000e+02 3.047500e-02
2.648000e+02 8.074300e-02
2.649000e+02 1.299300e-01
2.650000e+02 1.776800e-01
2.651000e+02 2.236400e-01
2.652000e+02 2.674900e-01
2.653000e+02 3.088900e-01
2.654000e+02 3.475200e-01
2.655000e+02 3.831000e-01
2.656000e+02 4.153500e-01
2.657000e+02 4.440000e-01
2.658000e+02 4.687900e-01
2.659000e+02 4.894900e-01
2.660000e+02 5.059100e-01
2.661000e+02 5.178400e-01
2.662000e+02 5.251300e-01
2.663000e+02 5.276600e-01
2.664000e+02 5.253600e-01
2.665000e+02 5.181600e-01
2.666000e+02 5.060800e-01
2.667000e+02 4.891600e-01
2.668000e+02 4.675100e-01
2.669000e+02 4.412900e-01
2.670000e+02 4.107000e-01
2.671000e+02 3.760200e-01
2.672000e+02 3.375700e-01
2.673000e+02 2.957000e-01
2.674000e+02 2.508500e-01
2.675000e+02 2.034700e-01
2.676000e+02 1.540600e-01
2.677000e+02 1.031400e-01
2.678000e+02 5.124500e-02
2.679000e+02 -1.072100e-03
2.680000e+02 -5.326200e-02
2.681000e+02 -1.047800e-01
2.682000e+02 -1.550900e-01
2.683000e+02 -2.036800e-01
2.684000e+02 -2.500600e-01
2.685000e+02 -2.938000e-01
2.686000e+02 -3.344900e-01
2.687000e+02 -3.717700e-01
2.688000e+02 -4.053200e-01
2.689000e+02 -4.348900e-01
2.690000e+02 -4.602600e-01
2.691000e+02 -4.812700e-01
2.692000e+02 -4.978000e-01
2.693000e+02 -5.097800e-01
2.694000e+02 -5.171900e-01
2.695000e+02 -5.200300e-01
2.696000e+02 -5.183500e-01
2.697000e+02 -5.122200e-01
2.698000e+02 -5.017600e-01
2.699000e+02 -4.870800e-01
2.700000e+02 -4.683600e-01
2.701000e+02 -4.457500e-01
2.702000e+02 -4.194600e-01
2.703000e+02 -3.896900e-01
2.704000e+02 -3.566600e-01
2.705000e+02 -3.206200e-01
2.706000e+02 -2.818200e-01
2.707000e+02 -2.405500e-01
2.708000e+02 -1.970800e-01
2.709000e+02 -1.517300e-01
2.710000e+02 -1.048300e-01
2.711000e+02 -5.673600e-02
2.712000e+02 -7.810900e-03
2.713000e+02 4.155000e-02
2.714000e+02 9.094100e-02
2.715000e+02 1.399400e-01
2.716000e+02 1.881200e-01
2.717000e+02 2.350500e-01
2.718000e+02 2.802800e-01
2.719000e+02 3.233700e-01
2.720000e+02 3.639100e-01
2.721000e+02 4.014800e-01
2.722000e+02 4.357100e-01
2.723000e+02 4.662200e-01
2.724000e+02 4.927000e-01
2.725000e+02 5.148600e-01
2.726000e+02 5.324700e-01
2.727000e+02 5.453200e-01
2.728000e+02 5.533000e-01
2.729000e+02 5.563200e-01
2.730000e+02 5.543400e-01
2.731000e+02 5.474100e-01
2.732000e+02 5.356100e-01
2.733000e+02 5.190800e-01
2.734000e+02 4.980200e-01
2.735000e+02 4.726600e-01
2.736000e+02 4.432900e-01
2.737000e+02 4.102400e-01
2.738000e+02 3.738700e-01
2.739000e+02 3.345700e-01
2.740000e+02 2.927600e-01
2.741000e+02 2.488700e-01
2.742000e+02 2.033600e-01
2.743000e+02 1.566800e-01
2.744000e+02 1.092800e-01
2.745000e+02 6.161300e-02
2.746000e+02 1.411900e-02
2.747000e+02 -3.277900e-02
2.748000e+02 -7.867200e-02
2.749000e+02 -1.231700e-01
2.750000e+02 -1.659200e-01
2.751000e+02 -2.065700e-01
2.752000e+02 -2.448200e-01
2.753000e+02 -2.803800e-01
2.754000e+02 -3.129800e-01
2.755000e+02 -3.424000e-01
2.756000e+02 -3.684200e-01
2.757000e+02 -3.908800e-01
2.758000e+02 -4.096200e-01
2.759000e+02 -4.245000e-01
2.760000e+02 -4.354300e-01
2.761000e+02 -4.423300e-01
2.762000e+02 -4.451300e-01
2.763000e+02 -4.438100e-01
2.764000e+02 -4.383600e-01
2.765000e+02 -4.287800e-01
2.766000e+02 -4.151300e-01
2.767000e+02 -3.974800e-01
2.768000e+02 -3.759100e-01
2.769000e+02 -3.505700e-01
2.770000e+02 -3.216300e-01
2.771000e+02 -2.892800e-01
2.772000e+02 -2.537500e-01
2.773000e+02 -2.153300e-01
2.774000e+02 -1.743000e-01
2.775000e+02 -1.310200e-01
2.776000e+02 -8.585300e-02
2.777000e+02 -3.921000e-02
2.778000e+02 8.484100e-03
2.779000e+02 5.677300e-02
2.780000e+02 1.051800e-01
2.781000e+02 1.532400e-01
2.782000e+02 2.004600e-01
2.783000e+02 2.463700e-01
2.784000e+02 2.904800e-01
2.785000e+02 3.323400e-01
2.786000e+02 3.715400e-01
2.787000e+02 4.076600e-01
2.788000e+02 4.403300e-01
2.789000e+02 4.692500e-01
2.790000e+02 4.941300e-01
2.791000e+02 5.147500e-01
2.792000e+02 5.309300e-01
2.793000e+02 5.425600e-01
2.794000e+02 5.495600e-01
2.795000e+02 5.519300e-01
2.796000e+02 5.497200e-01
2.797000e+02 5.430000e-01
2.798000e+02 5.319200e-01
2.799000e+02 5.166500e-01
2.800000e+02 4.974000e-01
2.801000e+02 4.744200e-01
2.802000e+02 4.479700e-01
2.803000e+02 4.183400e-01
2.804000e+02 3.858200e-01
2.805000e+02 3.507500e-01
2.806000e+02 3.134400e-01
2.807000e+02 2.742100e-01
2.808000e+02 2.333900e-01
2.809000e+02 1.913100e-01
2.810000e+02 1.482900e-01
2.811000e+02 1.046700e-01
2.812000e+02 6.076800e-02
2.813000e+02 1.692200e-02
2.814000e+02 -2.655000e-02
2.815000e+02 -6.933000e-02
2.816000e+02 -1.110900e-01
2.817000e+02 -1.515100e-01
2.818000e+02 -1.902600e-01
2.819000e+02 -2.270200e-01
2.820000e+02 -2.614800e-01
2.821000e+02 -2.933400e-01
2.822000e+02 -3.223000e-01
2.823000e+02 -3.480900e-01
2.824000e+02 -3.704300e-01
2.825000e+02 -3.890900e-01
2.826000e+02 -4.038500e-01
2.827000e+02 -4.145500e-01
2.828000e+02 -4.210300e-01
2.829000e+02 -4.232000e-01
2.830000e+02 -4.209800e-01
2.831000e+02 -4.143500e-01
2.832000e+02 -4.033300e-01
2.833000e+02 -3.880100e-01
2.834000e+02 -3.685000e-01
2.835000e+02 -3.449800e-01
2.836000e+02 -3.176600e-01
2.837000e+02 -2.868100e-01
2.838000e+02 -2.527400e-01
2.839000e+02 -2.158100e-01
2.840000e+02 -1.763900e-01
2.841000e+02 -1.348800e-01
2.842000e+02 -9.172800e-02
2.843000e+02 -4.736600e-02
2.844000e+02 -2.250600e-03
2.845000e+02 4.316100e-02
2.846000e+02 8.841500e-02
2.847000e+02 1.330600e-01
2.848000e+02 1.766800e-01
2.849000e+02 2.188400e-01
2.850000e+02 2.591700e-01
2.851000e+02 2.973000e-01
2.852000e+02 3.328900e-01
2.853000e+02 3.656700e-01
2.854000e+02 3.953500e-01
2.855000e+02 4.217300e-01
2.856000e+02 4.446000e-01
2.857000e+02 4.638100e-01
2.858000e+02 4.792500e-01
2.859000e+02 4.908300e-01
2.860000e+02 4.985000e-01
2.861000e+02 5.022300e-01
2.862000e+02 5.020300e-01
2.863000e+02 4.979200e-01
2.864000e+02 4.899800e-01
2.865000e+02 4.782900e-01
2.866000e+02 4.629400e-01
2.867000e+02 4.440800e-01
2.868000e+02 4.218600e-01
2.869000e+02 3.964300e-01
2.870000e+02 3.680100e-01
2.871000e+02 3.368100e-01
2.872000e+02 3.030500e-01
2.873000e+02 2.669800e-01
2.874000e+02 2.288800e-01
2.875000e+02 1.890500e-01
2.876000e+02 1.477700e-01
2.877000e+02 1.053800e-01
2.878000e+02 6.221600e-02
2.879000e+02 1.862700e-02
2.880000e+02 -2.502000e-02
2.881000e+02 -6.834700e-02
2.882000e+02 -1.109700e-01
2.883000e+02 -1.525000e-01
2.884000e+02 -1.925600e-01
2.885000e+02 -2.307500e-01
2.886000e+02 -2.667200e-01
2.887000e+02 -3.000900e-01
2.888000e+02 -3.305300e-01
2.889000e+02 -3.577300e-01
2.890000e+02 -3.813900e-01
2.891000e+02 -4.012700e-01
2.892000e+02 -4.171500e-01
2.893000e+02 -4.288600e-01
2.894000e+02 -4.362900e-01
2.895000e+02 -4.393400e-01
2.896000e+02 -4.380100e-01
2.897000e+02 -4.323100e-01
2.898000e+02 -4.223300e-01
2.899000e+02 -4.082000e-01
2.900000e+02 -3.900900e-01
2.901000e+02 -3.682200e-01
2.902000e+02 -3.428500e-01
2.903000e+02 -3.142700e-01
2.904000e+02 -2.828100e-01
2.905000e+02 -2.488200e-01
2.906000e+02 -2.126700e-01
2.907000e+02 -1.747400e-01
2.908000e+02 -1.354100e-01
2.909000e+02 -9.507800e-02
2.910000e+02 -5.412200e-02
2.911000e+02 -1.291600e-02
2.912000e+02 2.817200e-02
2.913000e+02 6.879200e-02
2.914000e+02 1.086100e-01
2.915000e+02 1.473000e-01
2.916000e+02 1.845600e-01
2.917000e+02 2.201300e-01
2.918000e+02 2.537200e-01
2.919000e+02 2.850900e-01
2.920000e+02 3.140000e-01
2.921000e+02 3.402700e-01
2.922000e+02 3.636800e-01
2.923000e+02 3.840600e-01
2.924000e+02 4.012600e-01
2.925000e+02 4.151400e-01
2.926000e+02 4.255600e-01
2.927000e+02 4.324400e-01
2.928000e+02 4.356700e-01
2.929000e+02 4.351900e-01
2.930000e+02 4.309700e-01
2.931000e+02 4.229800e-01
2.932000e+02 4.112500e-01
2.933000e+02 3.958200e-01
2.934000e+02 3.767600e-01
2.935000e+02 3.542000e-01
2.936000e+02 3.282800e-01
2.937000e+02 2.991900e-01
2.938000e+02 2.671600e-01
2.939000e+02 2.324500e-01
2.940000e+02 1.953500e-01
2.941000e+02 1.562200e-01
2.942000e+02 1.154100e-01
2.943000e+02 7.329400e-02
2.944000e+02 3.029400e-02
2.945000e+02 -1.317900e-02
2.946000e+02 -5.669800e-02
2.947000e+02 -9.982900e-02
2.948000e+02 -1.421500e-01
2.949000e+02 -1.832400e-01
2.950000e+02 -2.227000e-01
2.951000e+02 -2.601400e-01
2.952000e+02 -2.952000e-01
2.953000e+02 -3.275600e-01
2.954000e+02 -3.569300e-01
2.955000e+02 -3.830400e-01
2.956000e+02 -4.057000e-01
2.957000e+02 -4.247100e-01
2.958000e+02 -4.399500e-01
2.959000e+02 -4.513300e-01
2.960000e+02 -4.588000e-01
2.961000e+02 -4.623400e-01
2.962000e+02 -4.619900e-01
2.963000e+02 -4.577900e-01
2.964000e+02 -4.498500e-01
2.965000e+02 -4.382800e-01
2.966000e+02 -4.232400e-01
2.967000e+02 -4.048900e-01
2.968000e+02 -3.834500e-01
2.969000e+02 -3.591100e-01
2.970000e+02 -3.321100e-01
2.971000e+02 -3.027100e-01
2.972000e+02 -2.711600e-01
2.973000e+02 -2.377400e-01
2.974000e+02 -2.027100e-01
2.975000e+02 -1.663600e-01
2.976000e+02 -1.289900e-01
2.977000e+02 -9.090300e-02
2.978000e+02 -5.239500e-02
2.979000e+02 -1.377400e-02
2.980000e+02 2.464900e-02
2.981000e+02 6.255900e-02
2.982000e+02 9.964700e-02
2.983000e+02 1.356000e-01
2.984000e+02 1.701200e-01
2.985000e+02 2.029000e-01
2.986000e+02 2.336500e-01
2.987000e+02 2.620800e-01
2.988000e+02 2.879200e-01
2.989000e+02 3.109300e-01
2.990000e+02 3.308500e-01
2.991000e+02 3.474900e-01
2.992000e+02 3.606500e-01
2.993000e+02 3.701800e-01
2.994000e+02 3.759600e-01
2.995000e+02 3.778800e-01
2.996000e+02 3.759100e-01
2.997000e+02 3.700300e-01
2.998000e+02 3.602500e-01
2.999000e+02 3.466500e-01
3.000000e+02 3.293400e-01
3.001000e+02 3.084700e-01
3.002000e+02 2.842300e-01
3.003000e+02 2.568500e-01
3.004000e+02 2.266100e-01
3.005000e+02 1.938000e-01
3.006000e+02 1.587500e-01
3.007000e+02 1.218300e-01
3.008000e+02 8.339700e-02
3.009000e+02 4.384400e-02
3.010000e+02 3.564200e-03
3.011000e+02 -3.704400e-02
3.012000e+02 -7.758300e-02
3.013000e+02 -1.176600e-01
3.014000e+02 -1.569000e-01
3.015000e+02 -1.949500e-01
3.016000e+02 -2.314600e-01
3.017000e+02 -2.661200e-01
3.018000e+02 -2.986300e-01
3.019000e+02 -3.287400e-01
3.020000e+02 -3.562100e-01
3.021000e+02 -3.808400e-01
3.022000e+02 -4.024900e-01
3.023000e+02 -4.210100e-01
3.024000e+02 -4.362900e-01
3.025000e+02 -4.482600e-01
3.026000e+02 -4.568700e-01
3.027000e+02 -4.620700e-01
3.028000e+02 -4.638800e-01
3.029000e+02 -4.622900e-01
3.030000e+02 -4.573300e-01
3.031000e+02 -4.490800e-01
3.032000e+02 -4.375800e-01
3.033000e+02 -4.229200e-01
3.034000e+02 -4.052100e-01
3.035000e+02 -3.845600e-01
3.036000e+02 -3.611300e-01
3.037000e+02 -3.350800e-01
3.038000e+02 -3.065800e-01
3.039000e+02 -2.758600e-01
3.040000e+02 -2.431400e-01
3.041000e+02 -2.086700e-01
3.042000e+02 -1.727500e-01
3.043000e+02 -1.356500e-01
3.044000e+02 -9.769800e-02
3.045000e+02 -5.922400e-02
3.046000e+02 -2.058200e-02
3.047000e+02 1.786100e-02
3.048000e+02 5.573900e-02
3.049000e+02 9.269100e-02
3.050000e+02 1.283500e-01
3.051000e+02 1.623500e-01
3.052000e+02 1.943600e-01
3.053000e+02 2.240300e-01
3.054000e+02 2.510800e-01
3.055000e+02 2.752100e-01
3.056000e+02 2.961800e-01
3.057000e+02 3.137800e-01
3.058000e+02 3.278400e-01
3.059000e+02 3.382300e-01
3.060000e+02 3.448700e-01
3.061000e+02 3.477000e-01
3.062000e+02 3.467400e-01
3.063000e+02 3.420100e-01
3.064000e+02 3.336000e-01
3.065000e+02 3.216300e-01
3.066000e+02 3.062500e-01
3.067000e+02 2.876500e-01
3.068000e+02 2.660500e-01
3.069000e+02 2.416800e-01
3.070000e+02 2.148000e-01
3.071000e+02 1.856900e-01
3.072000e+02 1.546400e-01
3.073000e+02 1.219500e-01
3.074000e+02 8.792200e-02
3.075000e+02 5.287700e-02
3.076000e+02 1.711900e-02
3.077000e+02 -1.904200e-02
3.078000e+02 -5.530200e-02
3.079000e+02 -9.136300e-02
3.080000e+02 -1.269300e-01
3.081000e+02 -1.617300e-01
3.082000e+02 -1.954800e-01
3.083000e+02 -2.279300e-01
3.084000e+02 -2.588000e-01
3.085000e+02 -2.878800e-01
3.086000e+02 -3.149100e-01
3.087000e+02 -3.396700e-01
3.088000e+02 -3.619800e-01
3.089000e+02 -3.816200e-01
3.090000e+02 -3.984400e-01
3.091000e+02 -4.122700e-01
3.092000e+02 -4.230000e-01
3.093000e+02 -4.305000e-01
3.094000e+02 -4.346800e-01
3.095000e+02 -4.354800e-01
3.096000e+02 -4.328600e-01
3.097000e+02 -4.268100e-01
3.098000e+02 -4.173400e-01
3.099000e+02 -4.045200e-01
3.100000e+02 -3.884200e-01
3.101000e+02 -3.691500e-01
3.102000e+02 -3.468600e-01
3.103000e+02 -3.217200e-01
3.104000e+02 -2.939500e-01
3.105000e+02 -2.637800e-01
3.106000e+02 -2.314700e-01
3.107000e+02 -1.973400e-01
3.108000e+02 -1.616800e-01
3.109000e+02 -1.248400e-01
3.110000e+02 -8.716900e-02
3.111000e+02 -4.902600e-02
3.112000e+02 -1.077900e-02
3.113000e+02 2.719800e-02
3.114000e+02 6.453600e-02
3.115000e+02 1.008700e-01
3.116000e+02 1.358700e-01
3.117000e+02 1.691800e-01
3.118000e+02 2.005000e-01
3.119000e+02 2.295400e-01
3.120000e+02 2.560500e-01
3.121000e+02 2.797800e-01
3.122000e+02 3.005500e-01
3.123000e+02 3.181900e-01
3.124000e+02 3.325800e-01
3.125000e+02 3.436400e-01
3.126000e+02 3.513100e-01
3.127000e+02 3.555600e-01
3.128000e+02 3.564100e-01
3.129000e+02 3.539100e-01
3.130000e+02 3.481300e-01
3.131000e+02 3.391700e-01
3.132000e+02 3.271400e-01
3.133000e+02 3.122000e-01
3.134000e+02 2.945000e-01
3.135000e+02 2.742100e-01
3.136000e+02 2.515400e-01
3.137000e+02 2.266700e-01
3.138000e+02 1.998300e-01
3.139000e+02 1.712500e-01
3.140000e+02 1.411400e-01
3.141000e+02 1.097600e-01
3.142000e+02 7.735100e-02
3.143000e+02 4.416800e-02
3.144000e+02 1.047600e-02
3.145000e+02 -2.345500e-02
3.146000e+02 -5.735300e-02
3.147000e+02 -9.093600e-02
3.148000e+02 -1.239200e-01
3.149000e+02 -1.560300e-01
3.150000e+02 -1.869800e-01
3.151000e+02 -2.164800e-01
3.152000e+02 -2.442700e-01
3.153000e+02 -2.700500e-01
3.154000e+02 -2.935900e-01
3.155000e+02 -3.146300e-01
3.156000e+02 -3.329400e-01
3.157000e+02 -3.483200e-01
3.158000e+02 -3.605800e-01
3.159000e+02 -3.695700e-01
3.160000e+02 -3.751700e-01
3.161000e+02 -3.772900e-01
3.162000e+02 -3.758900e-01
3.163000e+02 -3.709600e-01
3.164000e+02 -3.625300e-01
3.165000e+02 -3.506700e-01
3.166000e+02 -3.354900e-01
3.167000e+02 -3.171400e-01
3.168000e+02 -2.958100e-01
3.169000e+02 -2.717200e-01
3.170000e+02 -2.451100e-01
3.171000e+02 -2.162600e-01
3.172000e+02 -1.854600e-01
3.173000e+02 -1.530200e-01
3.174000e+02 -1.192600e-01
3.175000e+02 -8.451500e-02
3.176000e+02 -4.911200e-02
3.177000e+02 -1.338800e-02
3.178000e+02 2.234000e-02
3.179000e+02 5.775200e-02
3.180000e+02 9.254400e-02
3.181000e+02 1.264200e-01
3.182000e+02 1.591100e-01
3.183000e+02 1.903500e-01
3.184000e+02 2.199000e-01
3.185000e+02 2.475300e-01
3.186000e+02 2.730400e-01
3.187000e+02 2.962400e-01
3.188000e+02 3.169900e-01
3.189000e+02 3.351300e-01
3.190000e+02 3.505500e-01
3.191000e+02 3.631400e-01
3.192000e+02 3.728300e-01
3.193000e+02 3.795500e-01
3.194000e+02 3.832600e-01
3.195000e+02 3.839300e-01
3.196000e+02 3.815700e-01
3.197000e+02 3.761900e-01
3.198000e+02 3.678300e-01
3.199000e+02 3.565600e-01
3.200000e+02 3.424600e-01
3.201000e+02 3.256300e-01
3.202000e+02 3.062000e-01
3.203000e+02 2.843200e-01
3.204000e+02 2.601700e-01
3.205000e+02 2.339400e-01
3.206000e+02 2.058700e-01
3.207000e+02 1.761800e-01
3.208000e+02 1.451500e-01
3.209000e+02 1.130300e-01
3.210000e+02 8.013100e-02
3.211000e+02 4.675100e-02
3.212000e+02 1.320400e-02
3.213000e+02 -2.018900e-02
3.214000e+02 -5.310500e-02
3.215000e+02 -8.522500e-02
3.216000e+02 -1.162300e-01
3.217000e+02 -1.458000e-01
3.218000e+02 -1.736700e-01
3.219000e+02 -1.995300e-01
3.220000e+02 -2.231200e-01
3.221000e+02 -2.442200e-01
3.222000e+02 -2.626100e-01
3.223000e+02 -2.781100e-01
3.224000e+02 -2.905800e-01
3.225000e+02 -2.999000e-01
3.226000e+02 -3.059800e-01
3.227000e+02 -3.087800e-01
3.228000e+02 -3.083000e-01
3.229000e+02 -3.045600e-01
3.230000e+02 -2.976100e-01
3.231000e+02 -2.875600e-01
3.232000e+02 -2.745000e-01
3.233000e+02 -2.586100e-01
3.234000e+02 -2.400400e-01
3.235000e+02 -2.189900e-01
3.236000e+02 -1.956800e-01
3.237000e+02 -1.703400e-01
3.238000e+02 -1.432200e-01
3.239000e+02 -1.145600e-01
3.240000e+02 -8.463400e-02
3.241000e+02 -5.370300e-02
3.242000e+02 -2.203700e-02
3.243000e+02 1.009500e-02
3.244000e+02 4.242500e-02
3.245000e+02 7.469200e-02
3.246000e+02 1.066400e-01
3.247000e+02 1.380300e-01
3.248000e+02 1.686100e-01
3.249000e+02 1.981500e-01
3.250000e+02 2.264300e-01
3.251000e+02 2.532200e-01
3.252000e+02 2.783300e-01
3.253000e+02 3.015500e-01
3.254000e+02 3.227100e-01
3.255000e+02 3.416100e-01
3.256000e+02 3.581100e-01
3.257000e+02 3.720400e-01
3.258000e+02 3.832600e-01
3.259000e+02 3.916700e-01
3.260000e+02 3.971700e-01
3.261000e+02 3.996700e-01
3.262000e+02 3.991300e-01
3.263000e+02 3.955100e-01
3.264000e+02 3.888300e-01
3.265000e+02 3.791100e-01
3.266000e+02 3.664200e-01
3.267000e+02 3.508600e-01
3.268000e+02 3.325500e-01
3.269000e+02 3.116400e-01
3.270000e+02 2.883400e-01
3.271000e+02 2.628600e-01
3.272000e+02 2.354400e-01
3.273000e+02 2.063600e-01
3.274000e+02 1.758900e-01
3.275000e+02 1.443600e-01
3.276000e+02 1.120800e-01
3.277000e+02 7.937500e-02
3.278000e+02 4.657000e-02
3.279000e+02 1.399300e-02
3.280000e+02 -1.803300e-02
3.281000e+02 -4.919700e-02
3.282000e+02 -7.920800e-02
3.283000e+02 -1.077800e-01
3.284000e+02 -1.346700e-01
3.285000e+02 -1.596200e-01
3.286000e+02 -1.824400e-01
3.287000e+02 -2.029400e-01
3.288000e+02 -2.209600e-01
3.289000e+02 -2.363900e-01
3.290000e+02 -2.491000e-01
3.291000e+02 -2.590400e-01
3.292000e+02 -2.661500e-01
3.293000e+02 -2.704100e-01
3.294000e+02 -2.718100e-01
3.295000e+02 -2.703800e-01
3.296000e+02 -2.661600e-01
3.297000e+02 -2.592100e-01
3.298000e+02 -2.496100e-01
3.299000e+02 -2.374400e-01
3.300000e+02 -2.228200e-01
3.301000e+02 -2.058800e-01
3.302000e+02 -1.867600e-01
3.303000e+02 -1.656200e-01
3.304000e+02 -1.426200e-01
3.305000e+02 -1.179500e-01
3.306000e+02 -9.178900e-02
3.307000e+02 -6.435600e-02
3.308000e+02 -3.586800e-02
3.309000e+02 -6.553700e-03
3.310000e+02 2.334700e-02
3.311000e+02 5.358400e-02
3.312000e+02 8.390000e-02
3.313000e+02 1.140300e-01
3.314000e+02 1.437000e-01
3.315000e+02 1.726400e-01
3.316000e+02 2.005800e-01
3.317000e+02 2.272600e-01
3.318000e+02 2.524000e-01
3.319000e+02 2.757800e-01
3.320000e+02 2.971600e-01
3.321000e+02 3.163300e-01
3.322000e+02 3.330700e-01
3.323000e+02 3.472300e-01
3.324000e+02 3.586500e-01
3.325000e+02 3.672000e-01
3.326000e+02 3.728000e-01
3.327000e+02 3.753800e-01
3.328000e+02 3.749000e-01
3.329000e+02 3.713800e-01
3.330000e+02 3.648300e-01
3.331000e+02 3.553300e-01
3.332000e+02 3.429700e-01
3.333000e+02 3.278600e-01
3.334000e+02 3.101700e-01
3.335000e+02 2.900700e-01
3.336000e+02 2.677700e-01
3.337000e+02 2.434800e-01
3.338000e+02 2.174400e-01
3.339000e+02 1.899100e-01
3.340000e+02 1.611600e-01
3.341000e+02 1.314700e-01
3.342000e+02 1.011000e-01
3.343000e+02 7.035200e-02
3.344000e+02 3.949200e-02
3.345000e+02 8.797100e-03
3.346000e+02 -2.146600e-02
3.347000e+02 -5.104300e-02
3.348000e+02 -7.968200e-02
3.349000e+02 -1.071500e-01
3.350000e+02 -1.332400e-01
3.351000e+02 -1.577500e-01
3.352000e+02 -1.804900e-01
3.353000e+02 -2.013100e-01
3.354000e+02 -2.200400e-01
3.355000e+02 -2.365600e-01
3.356000e+02 -2.507500e-01
3.357000e+02 -2.625100e-01
3.358000e+02 -2.717500e-01
3.359000e+02 -2.784200e-01
3.360000e+02 -2.824700e-01
3.361000e+02 -2.838700e-01
3.362000e+02 -2.826200e-01
3.363000e+02 -2.787100e-01
3.364000e+02 -2.721700e-01
3.365000e+02 -2.630700e-01
3.366000e+02 -2.514500e-01
3.367000e+02 -2.374100e-01
3.368000e+02 -2.210400e-01
3.369000e+02 -2.024800e-01
3.370000e+02 -1.818900e-01
3.371000e+02 -1.594200e-01
3.372000e+02 -1.352700e-01
3.373000e+02 -1.096300e-01
3.374000e+02 -8.274800e-02
3.375000e+02 -5.485800e-02
3.376000e+02 -2.621500e-02
3.377000e+02 2.909100e-03
3.378000e+02 3.222900e-02
3.379000e+02 6.145300e-02
3.380000e+02 9.029100e-02
3.381000e+02 1.184500e-01
3.382000e+02 1.456300e-01
3.383000e+02 1.715700e-01
3.384000e+02 1.960000e-01
3.385000e+02 2.186500e-01
3.386000e+02 2.393200e-01
3.387000e+02 2.577700e-01
3.388000e+02 2.738200e-01
3.389000e+02 2.873300e-01
3.390000e+02 2.981700e-01
3.391000e+02 3.062500e-01
3.392000e+02 3.115100e-01
3.393000e+02 3.139200e-01
3.394000e+02 3.134800e-01
3.395000e+02 3.102200e-01
3.396000e+02 3.041900e-01
3.397000e+02 2.954700e-01
3.398000e+02 2.841700e-01
3.399000e+02 2.704100e-01
3.400000e+02 2.543500e-01
3.401000e+02 2.361400e-01
3.402000e+02 2.159500e-01
3.403000e+02 1.939600e-01
3.404000e+02 1.703800e-01
3.405000e+02 1.454100e-01
3.406000e+02 1.192500e-01
3.407000e+02 9.211100e-02
3.408000e+02 6.421500e-02
3.409000e+02 3.577700e-02
3.410000e+02 7.015800e-03
3.411000e+02 -2.184800e-02
3.412000e+02 -5.059200e-02
3.413000e+02 -7.898800e-02
3.414000e+02 -1.068100e-01
3.415000e+02 -1.338500e-01
3.416000e+02 -1.598900e-01
3.417000e+02 -1.847100e-01
3.418000e+02 -2.081200e-01
3.419000e+02 -2.299000e-01
3.420000e+02 -2.498800e-01
3.421000e+02 -2.678800e-01
3.422000e+02 -2.837200e-01
3.423000e+02 -2.972700e-01
3.424000e+02 -3.083900e-01
3.425000e+02 -3.169700e-01
3.426000e+02 -3.229100e-01
3.427000e+02 -3.261400e-01
3.428000e+02 -3.266200e-01
3.429000e+02 -3.243500e-01
3.430000e+02 -3.193100e-01
3.431000e+02 -3.115700e-01
3.432000e+02 -3.011700e-01
3.433000e+02 -2.882200e-01
3.434000e+02 -2.728300e-01
3.435000e+02 -2.551700e-01
3.436000e+02 -2.353900e-01
3.437000e+02 -2.137100e-01
3.438000e+02 -1.903300e-01
3.439000e+02 -1.654900e-01
3.440000e+02 -1.394500e-01
3.441000e+02 -1.124700e-01
3.442000e+02 -8.481000e-02
3.443000e+02 -5.675600e-02
3.444000e+02 -2.858800e-02
3.445000e+02 -5.790100e-04
3.446000e+02 2.700500e-02
3.447000e+02 5.390700e-02
3.448000e+02 7.987600e-02
3.449000e+02 1.046700e-01
3.450000e+02 1.280700e-01
3.451000e+02 1.498800e-01
3.452000e+02 1.698900e-01
3.453000e+02 1.879600e-01
3.454000e+02 2.039200e-01
3.455000e+02 2.176500e-01
3.456000e+02 2.290400e-01
3.457000e+02 2.380100e-01
3.458000e+02 2.445000e-01
3.459000e+02 2.484800e-01
3.460000e+02 2.499200e-01
3.461000e+02 2.488400e-01
3.462000e+02 2.452500e-01
3.463000e+02 2.392100e-01
3.464000e+02 2.307600e-01
3.465000e+02 2.200000e-01
3.466000e+02 2.070100e-01
3.467000e+02 1.919100e-01
3.468000e+02 1.748100e-01
3.469000e+02 1.558500e-01
3.470000e+02 1.351700e-01
3.471000e+02 1.129400e-01
3.472000e+02 8.931800e-02
3.473000e+02 6.449100e-02
3.474000e+02 3.865200e-02
3.475000e+02 1.200800e-02
3.476000e+02 -1.523100e-02
3.477000e+02 -4.283800e-02
3.478000e+02 -7.058800e-02
3.479000e+02 -9.824300e-02
3.480000e+02 -1.255700e-01
3.481000e+02 -1.523200e-01
3.482000e+02 -1.782600e-01
3.483000e+02 -2.031500e-01
3.484000e+02 -2.267400e-01
3.485000e+02 -2.488100e-01
3.486000e+02 -2.691500e-01
3.487000e+02 -2.875400e-01
3.488000e+02 -3.038100e-01
3.489000e+02 -3.177900e-01
3.490000e+02 -3.293400e-01
3.491000e+02 -3.383400e-01
3.492000e+02 -3.447000e-01
3.493000e+02 -3.483600e-01
3.494000e+02 -3.492800e-01
3.495000e+02 -3.474600e-01
3.496000e+02 -3.429400e-01
3.497000e+02 -3.357700e-01
3.498000e+02 -3.260400e-01
3.499000e+02 -3.138500e-01
3.500000e+02 -2.993500e-01
3.501000e+02 -2.826900e-01
3.502000e+02 -2.640600e-01
3.503000e+02 -2.436600e-01
3.504000e+02 -2.216900e-01
3.505000e+02 -1.983700e-01
3.506000e+02 -1.739500e-01
3.507000e+02 -1.486500e-01
3.508000e+02 -1.227200e-01
3.509000e+02 -9.637600e-02
3.510000e+02 -6.987000e-02
3.511000e+02 -4.342900e-02
3.512000e+02 -1.727600e-02
3.513000e+02 8.375600e-03
3.514000e+02 3.331800e-02
3.515000e+02 5.735400e-02
3.516000e+02 8.029700e-02
3.517000e+02 1.019700e-01
3.518000e+02 1.222100e-01
3.519000e+02 1.408700e-01
3.520000e+02 1.578000e-01
3.521000e+02 1.728700e-01
3.522000e+02 1.859600e-01
3.523000e+02 1.969800e-01
3.524000e+02 2.058200e-01
3.525000e+02 2.124100e-01
3.526000e+02 2.166700e-01
3.527000e+02 2.185800e-01
3.528000e+02 2.180900e-01
3.529000e+02 2.151900e-01
3.530000e+02 2.098800e-01
3.531000e+02 2.022100e-01
3.532000e+02 1.922000e-01
3.533000e+02 1.799500e-01
3.534000e+02 1.655300e-01
3.535000e+02 1.490700e-01
3.536000e+02 1.307000e-01
3.537000e+02 1.105900e-01
3.538000e+02 8.891000e-02
3.539000e+02 6.587000e-02
3.540000e+02 4.167300e-02
3.541000e+02 1.654900e-02
3.542000e+02 -9.264900e-03
3.543000e+02 -3.551500e-02
3.544000e+02 -6.194400e-02
3.545000e+02 -8.829500e-02
3.546000e+02 -1.143100e-01
3.547000e+02 -1.397400e-01
3.548000e+02 -1.643300e-01
3.549000e+02 -1.878600e-01
3.550000e+02 -2.100900e-01
3.551000e+02 -2.308100e-01
3.552000e+02 -2.498100e-01
3.553000e+02 -2.669300e-01
3.554000e+02 -2.820100e-01
3.555000e+02 -2.949100e-01
3.556000e+02 -3.055200e-01
3.557000e+02 -3.137700e-01
3.558000e+02 -3.196000e-01
3.559000e+02 -3.229700e-01
3.560000e+02 -3.238700e-01
3.561000e+02 -3.223200e-01
3.562000e+02 -3.183500e-01
3.563000e+02 -3.120100e-01
3.564000e+02 -3.033700e-01
3.565000e+02 -2.925200e-01
3.566000e+02 -2.795800e-01
3.567000e+02 -2.646600e-01
3.568000e+02 -2.479100e-01
3.569000e+02 -2.294600e-01
3.570000e+02 -2.095000e-01
3.571000e+02 -1.881900e-01
3.572000e+02 -1.657200e-01
3.573000e+02 -1.422700e-01
3.574000e+02 -1.180300e-01
3.575000e+02 -9.318400e-02
3.576000e+02 -6.794400e-02
3.577000e+02 -4.250800e-02
3.578000e+02 -1.707900e-02
3.579000e+02 8.146700e-03
3.580000e+02 3.296500e-02
3.581000e+02 5.717800e-02
3.582000e+02 8.059400e-02
3.583000e+02 1.030300e-01
3.584000e+02 1.242800e-01
3.585000e+02 1.441700e-01
3.586000e+02 1.625300e-01
3.587000e+02 1.791800e-01
3.588000e+02 1.939800e-01
3.589000e+02 2.068000e-01
3.590000e+02 2.175000e-01
3.591000e+02 2.259900e-01
3.592000e+02 2.321700e-01
3.593000e+02 2.359900e-01
3.594000e+02 2.373800e-01
3.595000e+02 2.363400e-01
3.596000e+02 2.328500e-01
3.597000e+02 2.269600e-01
3.598000e+02 2.187100e-01
3.599000e+02 2.081700e-01
3.600000e+02 1.954400e-01
3.601000e+02 1.806400e-01
3.602000e+02 1.639400e-01
3.603000e+02 1.454900e-01
3.604000e+02 1.254800e-01
3.605000e+02 1.041300e-01
3.606000e+02 8.163800e-02
3.607000e+02 5.824900e-02
3.608000e+02 3.420400e-02
3.609000e+02 9.742600e-03
3.610000e+02 -1.488300e-02
3.611000e+02 -3.942800e-02
3.612000e+02 -6.365100e-02
3.613000e+02 -8.731900e-02
3.614000e+02 -1.102100e-01
3.615000e+02 -1.321200e-01
3.616000e+02 -1.528600e-01
3.617000e+02 -1.722400e-01
3.618000e+02 -1.901000e-01
3.619000e+02 -2.063000e-01
3.620000e+02 -2.207100e-01
3.621000e+02 -2.332200e-01
3.622000e+02 -2.437400e-01
3.623000e+02 -2.521900e-01
3.624000e+02 -2.585200e-01
3.625000e+02 -2.626900e-01
3.626000e+02 -2.646800e-01
3.627000e+02 -2.644700e-01
3.628000e+02 -2.620700e-01
3.629000e+02 -2.575100e-01
3.630000e+02 -2.508100e-01
3.631000e+02 -2.420300e-01
3.632000e+02 -2.312400e-01
3.633000e+02 -2.184900e-01
3.634000e+02 -2.038900e-01
3.635000e+02 -1.875300e-01
3.636000e+02 -1.695500e-01
3.637000e+02 -1.500800e-01
3.638000e+02 -1.292600e-01
3.639000e+02 -1.072600e-01
3.640000e+02 -8.423700e-02
3.641000e+02 -6.038700e-02
3.642000e+02 -3.589900e-02
3.643000e+02 -1.097700e-02
3.644000e+02 1.416800e-02
3.645000e+02 3.931700e-02
3.646000e+02 6.424300e-02
3.647000e+02 8.872500e-02
3.648000e+02 1.125400e-01
3.649000e+02 1.354600e-01
3.650000e+02 1.572700e-01
3.651000e+02 1.777800e-01
3.652000e+02 1.967800e-01
3.653000e+02 2.141000e-01
3.654000e+02 2.295700e-01
3.655000e+02 2.430500e-01
3.656000e+02 2.544200e-01
3.657000e+02 2.635700e-01
3.658000e+02 2.704200e-01
3.659000e+02 2.749300e-01
3.660000e+02 2.770600e-01
3.661000e+02 2.768300e-01
3.662000e+02 2.742500e-01
3.663000e+02 2.693700e-01
3.664000e+02 2.622600e-01
3.665000e+02 2.530200e-01
3.666000e+02 2.417400e-01
3.667000e+02 2.285700e-01
3.668000e+02 2.136300e-01
3.669000e+02 1.971000e-01
3.670000e+02 1.791400e-01
3.671000e+02 1.599300e-01
3.672000e+02 1.396500e-01
3.673000e+02 1.185000e-01
3.674000e+02 9.668700e-02
3.675000e+02 7.439800e-02
3.676000e+02 5.184000e-02
3.677000e+02 2.921100e-02
3.678000e+02 6.706500e-03
3.679000e+02 -1.547600e-02
3.680000e+02 -3.714800e-02
3.681000e+02 -5.813100e-02
3.682000e+02 -7.825200e-02
3.683000e+02 -9.734200e-02
3.684000e+02 -1.152500e-01
3.685000e+02 -1.318200e-01
3.686000e+02 -1.469200e-01
3.687000e+02 -1.604300e-01
3.688000e+02 -1.722200e-01
3.689000e+02 -1.821900e-01
3.690000e+02 -1.902600e-01
3.691000e+02 -1.963400e-01
3.692000e+02 -2.003900e-01
3.693000e+02 -2.023400e-01
3.694000e+02 -2.021800e-01
3.695000e+02 -1.998900e-01
3.696000e+02 -1.954600e-01
3.697000e+02 -1.889300e-01
3.698000e+02 -1.803300e-01
3.699000e+02 -1.697200e-01
3.700000e+02 -1.571800e-01
3.701000e+02 -1.428100e-01
3.702000e+02 -1.267100e-01
3.703000e+02 -1.090200e-01
3.704000e+02 -8.989200e-02
3.705000e+02 -6.949100e-02
3.706000e+02 -4.799500e-02
3.707000e+02 -2.560200e-02
3.708000e+02 -2.518400e-03
3.709000e+02 2.104100e-02
3.710000e+02 4.485600e-02
3.711000e+02 6.869500e-02
3.712000e+02 9.233800e-02
3.713000e+02 1.155600e-01
3.714000e+02 1.381300e-01
3.715000e+02 1.598500e-01
3.716000e+02 1.805000e-01
3.717000e+02 1.999100e-01
3.718000e+02 2.178900e-01
3.719000e+02 2.343000e-01
3.720000e+02 2.489700e-01
3.721000e+02 2.617900e-01
3.722000e+02 2.726600e-01
3.723000e+02 2.814900e-01
3.724000e+02 2.882300e-01
3.725000e+02 2.928300e-01
3.726000e+02 2.952900e-01
3.727000e+02 2.956000e-01
3.728000e+02 2.938000e-01
3.729000e+02 2.899100e-01
3.730000e+02 2.840000e-01
3.731000e+02 2.761400e-01
3.732000e+02 2.664200e-01
3.733000e+02 2.549300e-01
3.734000e+02 2.418000e-01
3.735000e+02 2.271400e-01
3.736000e+02 2.110900e-01
3.737000e+02 1.937900e-01
3.738000e+02 1.753900e-01
3.739000e+02 1.560400e-01
3.740000e+02 1.359000e-01
3.741000e+02 1.151300e-01
3.742000e+02 9.389700e-02
3.743000e+02 7.237000e-02
3.744000e+02 5.071900e-02
3.745000e+02 2.912400e-02
3.746000e+02 7.762000e-03
3.747000e+02 -1.318800e-02
3.748000e+02 -3.354600e-02
3.749000e+02 -5.313600e-02
3.750000e+02 -7.178400e-02
3.751000e+02 -8.931800e-02
3.752000e+02 -1.055700e-01
3.753000e+02 -1.204000e-01
3.754000e+02 -1.336500e-01
3.755000e+02 -1.452000e-01
3.756000e+02 -1.549200e-01
3.757000e+02 -1.627300e-01
3.758000e+02 -1.685300e-01
3.759000e+02 -1.722600e-01
3.760000e+02 -1.738800e-01
3.761000e+02 -1.733600e-01
3.762000e+02 -1.707000e-01
3.763000e+02 -1.659300e-01
3.764000e+02 -1.590800e-01
3.765000e+02 -1.502400e-01
3.766000e+02 -1.394800e-01
3.767000e+02 -1.269200e-01
3.768000e+02 -1.126800e-01
3.769000e+02 -9.691500e-02
3.770000e+02 -7.976500e-02
3.771000e+02 -6.142300e-02
3.772000e+02 -4.205900e-02
3.773000e+02 -2.186500e-02
3.774000e+02 -1.043200e-03
3.775000e+02 2.020800e-02
3.776000e+02 4.168900e-02
3.777000e+02 6.319900e-02
3.778000e+02 8.453400e-02
3.779000e+02 1.055000e-01
3.780000e+02 1.259200e-01
3.781000e+02 1.456100e-01
3.782000e+02 1.643900e-01
3.783000e+02 1.821100e-01
3.784000e+02 1.986100e-01
3.785000e+02 2.137800e-01
3.786000e+02 2.274700e-01
3.787000e+02 2.395900e-01
3.788000e+02 2.500400e-01
3.789000e+02 2.587300e-01
3.790000e+02 2.656000e-01
3.791000e+02 2.706000e-01
3.792000e+02 2.736900e-01
3.793000e+02 2.748600e-01
3.794000e+02 2.740900e-01
3.795000e+02 2.713900e-01
3.796000e+02 2.667800e-01
3.797000e+02 2.603000e-01
3.798000e+02 2.519900e-01
3.799000e+02 2.419200e-01
3.800000e+02 2.301800e-01
3.801000e+02 2.168500e-01
3.802000e+02 2.020400e-01
3.803000e+02 1.858800e-01
3.804000e+02 1.684800e-01
3.805000e+02 1.499900e-01
3.806000e+02 1.305700e-01
3.807000e+02 1.103800e-01
3.808000e+02 8.958800e-02
3.809000e+02 6.838000e-02
3.810000e+02 4.694100e-02
3.811000e+02 2.545400e-02
3.812000e+02 4.107300e-03
3.813000e+02 -1.691500e-02
3.814000e+02 -3.742400e-02
3.815000e+02 -5.723400e-02
3.816000e+02 -7.616500e-02
3.817000e+02 -9.404600e-02
3.818000e+02 -1.107100e-01
3.819000e+02 -1.260100e-01
3.820000e+02 -1.398000e-01
3.821000e+02 -1.519600e-01
3.822000e+02 -1.623600e-01
3.823000e+02 -1.709400e-01
3.824000e+02 -1.776000e-01
3.825000e+02 -1.822900e-01
3.826000e+02 -1.849900e-01
3.827000e+02 -1.856800e-01
3.828000e+02 -1.843700e-01
3.829000e+02 -1.810900e-01
3.830000e+02 -1.758900e-01
3.831000e+02 -1.688300e-01
3.832000e+02 -1.599900e-01
3.833000e+02 -1.494900e-01
3.834000e+02 -1.374300e-01
3.835000e+02 -1.239500e-01
3.836000e+02 -1.091900e-01
3.837000e+02 -9.330700e-02
3.838000e+02 -7.645000e-02
3.839000e+02 -5.878100e-02
3.840000e+02 -4.047100e-02
3.841000e+02 -2.168700e-02
3.842000e+02 -2.601800e-03
3.843000e+02 1.661600e-02
3.844000e+02 3.579700e-02
3.845000e+02 5.477600e-02
3.846000e+02 7.339200e-02
3.847000e+02 9.148800e-02
3.848000e+02 1.089100e-01
3.849000e+02 1.255200e-01
3.850000e+02 1.411600e-01
3.851000e+02 1.557100e-01
3.852000e+02 1.690400e-01
3.853000e+02 1.810300e-01
3.854000e+02 1.915700e-01
3.855000e+02 2.005700e-01
3.856000e+02 2.079200e-01
3.857000e+02 2.135700e-01
3.858000e+02 2.174500e-01
3.859000e+02 2.195100e-01
3.860000e+02 2.197200e-01
3.861000e+02 2.180600e-01
3.862000e+02 2.145200e-01
3.863000e+02 2.091200e-01
3.864000e+02 2.019000e-01
3.865000e+02 1.928900e-01
3.866000e+02 1.821700e-01
3.867000e+02 1.698100e-01
3.868000e+02 1.559300e-01
3.869000e+02 1.406300e-01
3.870000e+02 1.240400e-01
3.871000e+02 1.063200e-01
3.872000e+02 8.762500e-02
3.873000e+02 6.812000e-02
3.874000e+02 4.798700e-02
3.875000e+02 2.741200e-02
3.876000e+02 6.581100e-03
3.877000e+02 -1.431000e-02
3.878000e+02 -3.506700e-02
3.879000e+02 -5.550000e-02
3.880000e+02 -7.542900e-02
3.881000e+02 -9.467100e-02
3.882000e+02 -1.130600e-01
3.883000e+02 -1.304300e-01
3.884000e+02 -1.466500e-01
3.885000e+02 -1.615700e-01
3.886000e+02 -1.750700e-01
3.887000e+02 -1.870600e-01
3.888000e+02 -1.974300e-01
3.889000e+02 -2.061200e-01
3.890000e+02 -2.130700e-01
3.891000e+02 -2.182400e-01
3.892000e+02 -2.215900e-01
3.893000e+02 -2.231100e-01
3.894000e+02 -2.228000e-01
3.895000e+02 -2.206800e-01
3.896000e+02 -2.167900e-01
3.897000e+02 -2.111800e-01
3.898000e+02 -2.039100e-01
3.899000e+02 -1.950400e-01
3.900000e+02 -1.846800e-01
3.901000e+02 -1.729100e-01
3.902000e+02 -1.598600e-01
3.903000e+02 -1.456500e-01
3.904000e+02 -1.304000e-01
3.905000e+02 -1.142500e-01
3.906000e+02 -9.734800e-02
3.907000e+02 -7.984000e-02
3.908000e+02 -6.188400e-02
3.909000e+02 -4.363400e-02
3.910000e+02 -2.525600e-02
3.911000e+02 -6.913000e-03
3.912000e+02 1.123000e-02
3.913000e+02 2.901300e-02
3.914000e+02 4.627400e-02
3.915000e+02 6.285600e-02
3.916000e+02 7.860700e-02
3.917000e+02 9.338200e-02
3.918000e+02 1.070500e-01
3.919000e+02 1.194700e-01
3.920000e+02 1.305300e-01
3.921000e+02 1.401100e-01
3.922000e+02 1.481300e-01
3.923000e+02 1.545100e-01
3.924000e+02 1.591700e-01
3.925000e+02 1.620600e-01
3.926000e+02 1.631500e-01
3.927000e+02 1.624200e-01
3.928000e+02 1.598700e-01
3.929000e+02 1.555100e-01
3.930000e+02 1.493800e-01
3.931000e+02 1.415300e-01
3.932000e+02 1.320300e-01
3.933000e+02 1.209500e-01
3.934000e+02 1.083900e-01
3.935000e+02 9.446300e-02
3.936000e+02 7.929700e-02
3.937000e+02 6.302800e-02
3.938000e+02 4.580900e-02
3.939000e+02 2.779400e-02
3.940000e+02 9.153800e-03
3.941000e+02 -9.946400e-03
3.942000e+02 -2.933700e-02
3.943000e+02 -4.884100e-02
3.944000e+02 -6.827900e-02
3.945000e+02 -8.748600e-02
3.946000e+02 -1.062900e-01
3.947000e+02 -1.245200e-01
3.948000e+02 -1.420300e-01
3.949000e+02 -1.586600e-01
3.950000e+02 -1.742800e-01
3.951000e+02 -1.887600e-01
3.952000e+02 -2.019900e-01
3.953000e+02 -2.138500e-01
3.954000e+02 -2.242800e-01
3.955000e+02 -2.331800e-01
3.956000e+02 -2.404800e-01
3.957000e+02 -2.461500e-01
3.958000e+02 -2.501400e-01
3.959000e+02 -2.524300e-01
3.960000e+02 -2.530000e-01
3.961000e+02 -2.518600e-01
3.962000e+02 -2.490000e-01
3.963000e+02 -2.444700e-01
3.964000e+02 -2.383000e-01
3.965000e+02 -2.305500e-01
3.966000e+02 -2.212800e-01
3.967000e+02 -2.105600e-01
3.968000e+02 -1.984900e-01
3.969000e+02 -1.851700e-01
3.970000e+02 -1.707200e-01
3.971000e+02 -1.552600e-01
3.972000e+02 -1.389100e-01
3.973000e+02 -1.218400e-01
3.974000e+02 -1.041900e-01
3.975000e+02 -8.612300e-02
3.976000e+02 -6.780000e-02
3.977000e+02 -4.938900e-02
3.978000e+02 -3.106100e-02
3.979000e+02 -1.298600e-02
3.980000e+02 4.663000e-03
3.981000e+02 2.172100e-02
3.982000e+02 3.803100e-02
3.983000e+02 5.344500e-02
3.984000e+02 6.781800e-02
3.985000e+02 8.101900e-02
3.986000e+02 9.293400e-02
3.987000e+02 1.034500e-01
3.988000e+02 1.124800e-01
3.989000e+02 1.199500e-01
3.990000e+02 1.257900e-01
3.991000e+02 1.299600e-01
3.992000e+02 1.324200e-01
3.993000e+02 1.331700e-01
3.994000e+02 1.321900e-01
3.995000e+02 1.295100e-01
3.996000e+02 1.251700e-01
3.997000e+02 1.192100e-01
3.998000e+02 1.116900e-01
3.999000e+02 1.026800e-01
4.000000e+02 9.228100e-02
4.001000e+02 8.058000e-02
4.002000e+02 6.768200e-02
4.003000e+02 5.370500e-02
4.004000e+02 3.877600e-02
4.005000e+02 2.303100e-02
4.006000e+02 6.602500e-03
4.007000e+02 -1.036100e-02
4.008000e+02 -2.771200e-02
4.009000e+02 -4.529600e-02
4.010000e+02 -6.296100e-02
4.011000e+02 -8.054900e-02
4.012000e+02 -9.790600e-02
4.013000e+02 -1.148800e-01
4.014000e+02 -1.313100e-01
4.015000e+02 -1.470700e-01
4.016000e+02 -1.620000e-01
4.017000e+02 -1.759800e-01
4.018000e+02 -1.888800e-01
4.019000e+02 -2.005900e-01
4.020000e+02 -2.110100e-01
4.021000e+02 -2.200400e-01
4.022000e+02 -2.276000e-01
4.023000e+02 -2.336100e-01
4.024000e+02 -2.380200e-01
4.025000e+02 -2.407900e-01
4.026000e+02 -2.418800e-01
4.027000e+02 -2.412900e-01
4.028000e+02 -2.390300e-01
4.029000e+02 -2.351100e-01
4.030000e+02 -2.295600e-01
4.031000e+02 -2.224300e-01
4.032000e+02 -2.137700e-01
4.033000e+02 -2.036500e-01
4.034000e+02 -1.921700e-01
4.035000e+02 -1.794300e-01
4.036000e+02 -1.655200e-01
4.037000e+02 -1.505700e-01
4.038000e+02 -1.347100e-01
4.039000e+02 -1.180800e-01
4.040000e+02 -1.008100e-01
4.041000e+02 -8.307500e-02
4.042000e+02 -6.501100e-02
4.043000e+02 -4.678200e-02
4.044000e+02 -2.855100e-02
4.045000e+02 -1.048500e-02
4.046000e+02 7.252700e-03
4.047000e+02 2.450200e-02
4.048000e+02 4.111000e-02
4.049000e+02 5.692600e-02
4.050000e+02 7.181200e-02
4.051000e+02 8.563200e-02
4.052000e+02 9.826400e-02
4.053000e+02 1.096000e-01
4.054000e+02 1.195400e-01
4.055000e+02 1.280200e-01
4.056000e+02 1.349600e-01
4.057000e+02 1.403100e-01
4.058000e+02 1.440300e-01
4.059000e+02 1.461200e-01
4.060000e+02 1.465500e-01
4.061000e+02 1.453500e-01
4.062000e+02 1.425400e-01
4.063000e+02 1.381700e-01
4.064000e+02 1.323000e-01
4.065000e+02 1.249700e-01
4.066000e+02 1.162900e-01
4.067000e+02 1.063400e-01
4.068000e+02 9.522200e-02
4.069000e+02 8.304200e-02
4.070000e+02 6.992000e-02
4.071000e+02 5.597800e-02
4.072000e+02 4.134500e-02
4.073000e+02 2.615400e-02
4.074000e+02 1.054800e-02
4.075000e+02 -5.344100e-03
4.076000e+02 -2.138300e-02
4.077000e+02 -3.743100e-02
4.078000e+02 -5.334900e-02
4.079000e+02 -6.900200e-02
4.080000e+02 -8.425500e-02
4.081000e+02 -9.897000e-02
4.082000e+02 -1.130200e-01
4.083000e+02 -1.262800e-01
4.084000e+02 -1.386400e-01
4.085000e+02 -1.499800e-01
4.086000e+02 -1.601900e-01
4.087000e+02 -1.691700e-01
4.088000e+02 -1.768200e-01
4.089000e+02 -1.830700e-01
4.090000e+02 -1.878400e-01
4.091000e+02 -1.910900e-01
4.092000e+02 -1.927600e-01
4.093000e+02 -1.928300e-01
4.094000e+02 -1.912700e-01
4.095000e+02 -1.881000e-01
4.096000e+02 -1.833400e-01
4.097000e+02 -1.770000e-01
4.098000e+02 -1.691300e-01
4.099000e+02 -1.598000e-01
4.100000e+02 -1.490900e-01
4.101000e+02 -1.370700e-01
4.102000e+02 -1.238600e-01
4.103000e+02 -1.095800e-01
4.104000e+02 -9.434200e-02
4.105000e+02 -7.828300e-02
4.106000e+02 -6.154800e-02
4.107000e+02 -4.428500e-02
4.108000e+02 -2.665300e-02
4.109000e+02 -8.807100e-03
4.110000e+02 9.091100e-03
4.111000e+02 2.688400e-02
4.112000e+02 4.441200e-02
4.113000e+02 6.151800e-02
4.114000e+02 7.805700e-02
4.115000e+02 9.388700e-02
4.116000e+02 1.088700e-01
4.117000e+02 1.228900e-01
4.118000e+02 1.358200e-01
4.119000e+02 1.475700e-01
4.120000e+02 1.580300e-01
4.121000e+02 1.671400e-01
4.122000e+02 1.748200e-01
4.123000e+02 1.810100e-01
4.124000e+02 1.856900e-01
4.125000e+02 1.888200e-01
4.126000e+02 1.904100e-01
4.127000e+02 1.904400e-01
4.128000e+02 1.889400e-01
4.129000e+02 1.859400e-01
4.130000e+02 1.814800e-01
4.131000e+02 1.756200e-01
4.132000e+02 1.684100e-01
4.133000e+02 1.599400e-01
4.134000e+02 1.502700e-01
4.135000e+02 1.395200e-01
4.136000e+02 1.277600e-01
4.137000e+02 1.151100e-01
4.138000e+02 1.016700e-01
4.139000e+02 8.756600e-02
4.140000e+02 7.291100e-02
4.141000e+02 5.783600e-02
4.142000e+02 4.246800e-02
4.143000e+02 2.694100e-02
4.144000e+02 1.139600e-02
4.145000e+02 -4.029000e-03
4.146000e+02 -1.919700e-02
4.147000e+02 -3.397300e-02
4.148000e+02 -4.821600e-02
4.149000e+02 -6.179200e-02
4.150000e+02 -7.457200e-02
4.151000e+02 -8.642900e-02
4.152000e+02 -9.724400e-02
4.153000e+02 -1.069100e-01
4.154000e+02 -1.153200e-01
4.155000e+02 -1.223800e-01
4.156000e+02 -1.280200e-01
4.157000e+02 -1.321800e-01
4.158000e+02 -1.347900e-01
4.159000e+02 -1.358200e-01
4.160000e+02 -1.352600e-01
4.161000e+02 -1.331000e-01
4.162000e+02 -1.293600e-01
4.163000e+02 -1.240500e-01
4.164000e+02 -1.172500e-01
4.165000e+02 -1.090100e-01
4.166000e+02 -9.941200e-02
4.167000e+02 -8.855100e-02
4.168000e+02 -7.654000e-02
4.169000e+02 -6.349700e-02
4.170000e+02 -4.954600e-02
4.171000e+02 -3.482200e-02
4.172000e+02 -1.946700e-02
4.173000e+02 -3.619900e-03
4.174000e+02 1.257300e-02
4.175000e+02 2.896800e-02
4.176000e+02 4.541900e-02
4.177000e+02 6.178700e-02
4.178000e+02 7.793300e-02
4.179000e+02 9.372800e-02
4.180000e+02 1.090500e-01
4.181000e+02 1.237700e-01
4.182000e+02 1.378000e-01
4.183000e+02 1.510100e-01
4.184000e+02 1.633200e-01
4.185000e+02 1.746500e-01
4.186000e+02 1.849100e-01
4.187000e+02 1.940200e-01
4.188000e+02 2.019300e-01
4.189000e+02 2.085700e-01
4.190000e+02 2.139100e-01
4.191000e+02 2.179000e-01
4.192000e+02 2.205100e-01
4.193000e+02 2.217100e-01
4.194000e+02 2.214900e-01
4.195000e+02 2.198500e-01
4.196000e+02 2.167900e-01
4.197000e+02 2.123400e-01
4.198000e+02 2.065200e-01
4.199000e+02 1.993700e-01
4.200000e+02 1.909400e-01
4.201000e+02 1.813100e-01
4.202000e+02 1.705400e-01
4.203000e+02 1.587200e-01
4.204000e+02 1.459600e-01
4.205000e+02 1.323600e-01
4.206000e+02 1.180400e-01
4.207000e+02 1.031400e-01
4.208000e+02 8.779500e-02
4.209000e+02 7.215000e-02
4.210000e+02 5.635400e-02
4.211000e+02 4.056200e-02
4.212000e+02 2.493100e-02
4.213000e+02 9.616700e-03
4.214000e+02 -5.227800e-03
4.215000e+02 -1.946200e-02
4.216000e+02 -3.294200e-02
4.217000e+02 -4.553500e-02
4.218000e+02 -5.712000e-02
4.219000e+02 -6.758300e-02
4.220000e+02 -7.682100e-02
4.221000e+02 -8.475000e-02
4.222000e+02 -9.130000e-02
4.223000e+02 -9.642000e-02
4.224000e+02 -1.000700e-01
4.225000e+02 -1.022400e-01
4.226000e+02 -1.029100e-01
4.227000e+02 -1.020900e-01
4.228000e+02 -9.981600e-02
4.229000e+02 -9.611700e-02
4.230000e+02 -9.105400e-02
4.231000e+02 -8.468200e-02
4.232000e+02 -7.707400e-02
4.233000e+02 -6.831500e-02
4.234000e+02 -5.849800e-02
4.235000e+02 -4.772500e-02
4.236000e+02 -3.609400e-02
4.237000e+02 -2.370800e-02
4.238000e+02 -1.068400e-02
4.239000e+02 2.866900e-03
4.240000e+02 1.683000e-02
4.241000e+02 3.108600e-02
4.242000e+02 4.552100e-02
4.243000e+02 6.002100e-02
4.244000e+02 7.446700e-02
4.245000e+02 8.874500e-02
4.246000e+02 1.027500e-01
4.247000e+02 1.163600e-01
4.248000e+02 1.294800e-01
4.249000e+02 1.420100e-01
4.250000e+02 1.538400e-01
4.251000e+02 1.648600e-01
4.252000e+02 1.749900e-01
4.253000e+02 1.841300e-01
4.254000e+02 1.922100e-01
4.255000e+02 1.991400e-01
4.256000e+02 2.048500e-01
4.257000e+02 2.092700e-01
4.258000e+02 2.123400e-01
4.259000e+02 2.140200e-01
4.260000e+02 2.142800e-01
4.261000e+02 2.130800e-01
4.262000e+02 2.104300e-01
4.263000e+02 2.063400e-01
4.264000e+02 2.008100e-01
4.265000e+02 1.939000e-01
4.266000e+02 1.856500e-01
4.267000e+02 1.761400e-01
4.268000e+02 1.654700e-01
4.269000e+02 1.537300e-01
4.270000e+02 1.410300e-01
4.271000e+02 1.275000e-01
4.272000e+02 1.132600e-01
4.273000e+02 9.847000e-02
4.274000e+02 8.326200e-02
4.275000e+02 6.779100e-02
4.276000e+02 5.220800e-02
4.277000e+02 3.666600e-02
4.278000e+02 2.131700e-02
4.279000e+02 6.304900e-03
4.280000e+02 -8.233300e-03
4.281000e+02 -2.216900e-02
4.282000e+02 -3.538500e-02
4.283000e+02 -4.777200e-02
4.284000e+02 -5.923500e-02
4.285000e+02 -6.969200e-02
4.286000e+02 -7.907300e-02
4.287000e+02 -8.732000e-02
4.288000e+02 -9.438700e-02
4.289000e+02 -1.002400e-01
4.290000e+02 -1.048600e-01
4.291000e+02 -1.082300e-01
4.292000e+02 -1.103500e-01
4.293000e+02 -1.112200e-01
4.294000e+02 -1.108600e-01
4.295000e+02 -1.092900e-01
4.296000e+02 -1.065300e-01
4.297000e+02 -1.026100e-01
4.298000e+02 -9.759000e-02
4.299000e+02 -9.148900e-02
4.300000e+02 -8.435000e-02
4.301000e+02 -7.623500e-02
4.302000e+02 -6.720200e-02
4.303000e+02 -5.731900e-02
4.304000e+02 -4.666100e-02
4.305000e+02 -3.530600e-02
4.306000e+02 -2.334600e-02
4.307000e+02 -1.087700e-02
4.308000e+02 2.002600e-03
4.309000e+02 1.519200e-02
4.310000e+02 2.857200e-02
4.311000e+02 4.200900e-02
4.312000e+02 5.537600e-02
4.313000e+02 6.853900e-02
4.314000e+02 8.136500e-02
4.315000e+02 9.371600e-02
4.316000e+02 1.054600e-01
4.317000e+02 1.164600e-01
4.318000e+02 1.265900e-01
4.319000e+02 1.357500e-01
4.320000e+02 1.438100e-01
4.321000e+02 1.506900e-01
4.322000e+02 1.563000e-01
4.323000e+02 1.605800e-01
4.324000e+02 1.634700e-01
4.325000e+02 1.649300e-01
4.326000e+02 1.649500e-01
4.327000e+02 1.635300e-01
4.328000e+02 1.606800e-01
4.329000e+02 1.564300e-01
4.330000e+02 1.508300e-01
4.331000e+02 1.439300e-01
4.332000e+02 1.358300e-01
4.333000e+02 1.266100e-01
4.334000e+02 1.163600e-01
4.335000e+02 1.051900e-01
4.336000e+02 9.323400e-02
4.337000e+02 8.059000e-02
4.338000e+02 6.738100e-02
4.339000e+02 5.373200e-02
4.340000e+02 3.976700e-02
4.341000e+02 2.560900e-02
4.342000e+02 1.137500e-02
4.343000e+02 -2.829700e-03
4.344000e+02 -1.689600e-02
4.345000e+02 -3.071300e-02
4.346000e+02 -4.417900e-02
4.347000e+02 -5.719900e-02
4.348000e+02 -6.968800e-02
4.349000e+02 -8.156200e-02
4.350000e+02 -9.274500e-02
4.351000e+02 -1.031600e-01
4.352000e+02 -1.127500e-01
4.353000e+02 -1.214500e-01
4.354000e+02 -1.292000e-01
4.355000e+02 -1.359500e-01
4.356000e+02 -1.416500e-01
4.357000e+02 -1.462700e-01
4.358000e+02 -1.497600e-01
4.359000e+02 -1.520900e-01
4.360000e+02 -1.532500e-01
4.361000e+02 -1.532000e-01
4.362000e+02 -1.519400e-01
4.363000e+02 -1.494800e-01
4.364000e+02 -1.458100e-01
4.365000e+02 -1.409600e-01
4.366000e+02 -1.349600e-01
4.367000e+02 -1.278500e-01
4.368000e+02 -1.196800e-01
4.369000e+02 -1.105300e-01
4.370000e+02 -1.004700e-01
4.371000e+02 -8.960300e-02
4.372000e+02 -7.802500e-02
4.373000e+02 -6.585300e-02
4.374000e+02 -5.321500e-02
4.375000e+02 -4.024400e-02
4.376000e+02 -2.707900e-02
4.377000e+02 -1.386400e-02
4.378000e+02 -7.474900e-04
4.379000e+02 1.212200e-02
4.380000e+02 2.459900e-02
4.381000e+02 3.654100e-02
4.382000e+02 4.781600e-02
4.383000e+02 5.830300e-02
4.384000e+02 6.788800e-02
4.385000e+02 7.646900e-02
4.386000e+02 8.396300e-02
4.387000e+02 9.030100e-02
4.388000e+02 9.542700e-02
4.389000e+02 9.930100e-02
4.390000e+02 1.019000e-01
4.391000e+02 1.032200e-01
4.392000e+02 1.032700e-01
4.393000e+02 1.020800e-01
4.394000e+02 9.966300e-02
4.395000e+02 9.607400e-02
4.396000e+02 9.136600e-02
4.397000e+02 8.559100e-02
4.398000e+02 7.881700e-02
4.399000e+02 7.111400e-02
4.400000e+02 6.255500e-02
4.401000e+02 5.321300e-02
4.402000e+02 4.316000e-02
4.403000e+02 3.247400e-02
4.404000e+02 2.123500e-02
4.405000e+02 9.523800e-03
4.406000e+02 -2.581800e-03
4.407000e+02 -1.500400e-02
4.408000e+02 -2.766500e-02
4.409000e+02 -4.048100e-02
4.410000e+02 -5.336900e-02
4.411000e+02 -6.624100e-02
4.412000e+02 -7.900500e-02
4.413000e+02 -9.157000e-02
4.414000e+02 -1.038400e-01
4.415000e+02 -1.157200e-01
4.416000e+02 -1.271100e-01
4.417000e+02 -1.379100e-01
4.418000e+02 -1.480100e-01
4.419000e+02 -1.573200e-01
4.420000e+02 -1.657400e-01
4.421000e+02 -1.731800e-01
4.422000e+02 -1.795600e-01
4.423000e+02 -1.847800e-01
4.424000e+02 -1.887900e-01
4.425000e+02 -1.915300e-01
4.426000e+02 -1.929500e-01
4.427000e+02 -1.930300e-01
4.428000e+02 -1.917500e-01
4.429000e+02 -1.891300e-01
4.430000e+02 -1.851800e-01
4.431000e+02 -1.799400e-01
4.432000e+02 -1.734800e-01
4.433000e+02 -1.658600e-01
4.434000e+02 -1.571800e-01
4.435000e+02 -1.475300e-01
4.436000e+02 -1.370200e-01
4.437000e+02 -1.257800e-01
4.438000e+02 -1.139400e-01
4.439000e+02 -1.016400e-01
4.440000e+02 -8.902300e-02
4.441000e+02 -7.622000e-02
4.442000e+02 -6.336700e-02
4.443000e+02 -5.059400e-02
4.444000e+02 -3.803100e-02
4.445000e+02 -2.579200e-02
4.446000e+02 -1.398000e-02
4.447000e+02 -2.697100e-03
4.448000e+02 7.971900e-03
4.449000e+02 1.793900e-02
4.450000e+02 2.713300e-02
4.451000e+02 3.549700e-02
4.452000e+02 4.298300e-02
4.453000e+02 4.955700e-02
4.454000e+02 5.517900e-02
4.455000e+02 5.983000e-02
4.456000e+02 6.348600e-02
4.457000e+02 6.614000e-02
4.458000e+02 6.777400e-02
4.459000e+02 6.838300e-02
4.460000e+02 6.797700e-02
4.461000e+02 6.656700e-02
4.462000e+02 6.415700e-02
4.463000e+02 6.075300e-02
4.464000e+02 5.637300e-02
4.465000e+02 5.104500e-02
4.466000e+02 4.479600e-02
4.467000e+02 3.765900e-02
4.468000e+02 2.967000e-02
4.469000e+02 2.088100e-02
4.470000e+02 1.133900e-02
4.471000e+02 1.113100e-03
4.472000e+02 -9.725600e-03
4.473000e+02 -2.109600e-02
4.474000e+02 -3.290900e-02
4.475000e+02 -4.506200e-02
4.476000e+02 -5.745000e-02
4.477000e+02 -6.996100e-02
4.478000e+02 -8.247000e-02
4.479000e+02 -9.485100e-02
4.480000e+02 -1.069800e-01
4.481000e+02 -1.187100e-01
4.482000e+02 -1.299300e-01
4.483000e+02 -1.405000e-01
4.484000e+02 -1.503000e-01
4.485000e+02 -1.592100e-01
4.486000e+02 -1.671300e-01
4.487000e+02 -1.739600e-01
4.488000e+02 -1.796400e-01
4.489000e+02 -1.841000e-01
4.490000e+02 -1.872900e-01
4.491000e+02 -1.891700e-01
4.492000e+02 -1.897400e-01
4.493000e+02 -1.890100e-01
4.494000e+02 -1.869800e-01
4.495000e+02 -1.837100e-01
4.496000e+02 -1.792400e-01
4.497000e+02 -1.736300e-01
4.498000e+02 -1.669700e-01
4.499000e+02 -1.593500e-01
4.500000e+02 -1.508400e-01
4.501000e+02 -1.415600e-01
4.502000e+02 -1.316100e-01
4.503000e+02 -1.210800e-01
4.504000e+02 -1.100800e-01
4.505000e+02 -9.871500e-02
4.506000e+02 -8.708200e-02
4.507000e+02 -7.527500e-02
4.508000e+02 -6.338500e-02
4.509000e+02 -5.149700e-02
4.510000e+02 -3.969300e-02
4.511000e+02 -2.804800e-02
4.512000e+02 -1.663500e-02
4.513000e+02 -5.522200e-03
4.514000e+02 5.222800e-03
4.515000e+02 1.554000e-02
4.516000e+02 2.536900e-02
4.517000e+02 3.464900e-02
4.518000e+02 4.332000e-02
4.519000e+02 5.132000e-02
4.520000e+02 5.858900e-02
4.521000e+02 6.506800e-02
4.522000e+02 7.070100e-02
4.523000e+02 7.543100e-02
4.524000e+02 7.920100e-02
4.525000e+02 8.197000e-02
4.526000e+02 8.369300e-02
4.527000e+02 8.433200e-02
4.528000e+02 8.386000e-02
4.529000e+02 8.225700e-02
4.530000e+02 7.951700e-02
4.531000e+02 7.564700e-02
4.532000e+02 7.066100e-02
4.533000e+02 6.459600e-02
4.534000e+02 5.750000e-02
4.535000e+02 4.944400e-02
4.536000e+02 4.050900e-02
4.537000e+02 3.079000e-02
4.538000e+02 2.039800e-02
4.539000e+02 9.450100e-03
4.540000e+02 -1.926000e-03
4.541000e+02 -1.359300e-02
4.542000e+02 -2.540800e-02
4.543000e+02 -3.723000e-02
4.544000e+02 -4.891800e-02
4.545000e+02 -6.033500e-02
4.546000e+02 -7.135100e-02
4.547000e+02 -8.184100e-02
4.548000e+02 -9.168900e-02
4.549000e+02 -1.008000e-01
4.550000e+02 -1.090700e-01
4.551000e+02 -1.164500e-01
4.552000e+02 -1.228500e-01
4.553000e+02 -1.282500e-01
4.554000e+02 -1.326000e-01
4.555000e+02 -1.358900e-01
4.556000e+02 -1.381000e-01
4.557000e+02 -1.392400e-01
4.558000e+02 -1.393100e-01
4.559000e+02 -1.383500e-01
4.560000e+02 -1.364000e-01
4.561000e+02 -1.334700e-01
4.562000e+02 -1.296200e-01
4.563000e+02 -1.248800e-01
4.564000e+02 -1.193000e-01
4.565000e+02 -1.129300e-01
4.566000e+02 -1.058200e-01
4.567000e+02 -9.801000e-02
4.568000e+02 -8.955900e-02
4.569000e+02 -8.050800e-02
4.570000e+02 -7.090400e-02
4.571000e+02 -6.080000e-02
4.572000e+02 -5.025100e-02
4.573000e+02 -3.931900e-02
4.574000e+02 -2.806700e-02
4.575000e+02 -1.655900e-02
4.576000e+02 -4.866500e-03
4.577000e+02 6.934000e-03
4.578000e+02 1.875800e-02
4.579000e+02 3.051800e-02
4.580000e+02 4.211200e-02
4.581000e+02 5.344600e-02
4.582000e+02 6.441400e-02
4.583000e+02 7.490300e-02
4.584000e+02 8.481000e-02
4.585000e+02 9.403000e-02
4.586000e+02 1.024600e-01
4.587000e+02 1.100000e-01
4.588000e+02 1.165700e-01
4.589000e+02 1.221000e-01
4.590000e+02 1.265000e-01
4.591000e+02 1.297300e-01
4.592000e+02 1.317600e-01
4.593000e+02 1.325500e-01
4.594000e+02 1.321000e-01
4.595000e+02 1.304100e-01
4.596000e+02 1.275200e-01
4.597000e+02 1.234700e-01
4.598000e+02 1.183200e-01
4.599000e+02 1.121400e-01
4.600000e+02 1.050200e-01
4.601000e+02 9.705600e-02
4.602000e+02 8.835600e-02
4.603000e+02 7.903500e-02
4.604000e+02 6.920900e-02
4.605000e+02 5.900100e-02
4.606000e+02 4.853400e-02
4.607000e+02 3.793000e-02
4.608000e+02 2.730500e-02
4.609000e+02 1.677200e-02
4.610000e+02 6.432200e-03
4.611000e+02 -3.615400e-03
4.612000e+02 -1.327400e-02
4.613000e+02 -2.247200e-02
4.614000e+02 -3.115600e-02
4.615000e+02 -3.926300e-02
4.616000e+02 -4.674100e-02
4.617000e+02 -5.355200e-02
4.618000e+02 -5.965500e-02
4.619000e+02 -6.502900e-02
4.620000e+02 -6.964500e-02
4.621000e+02 -7.347500e-02
4.622000e+02 -7.650300e-02
4.623000e+02 -7.871000e-02
4.624000e+02 -8.008000e-02
4.625000e+02 -8.059800e-02
4.626000e+02 -8.025000e-02
4.627000e+02 -7.902300e-02
4.628000e+02 -7.690600e-02
4.629000e+02 -7.389800e-02
4.630000e+02 -6.999300e-02
4.631000e+02 -6.519100e-02
4.632000e+02 -5.949900e-02
4.633000e+02 -5.293200e-02
4.634000e+02 -4.551000e-02
4.635000e+02 -3.726900e-02
4.636000e+02 -2.825400e-02
4.637000e+02 -1.852000e-02
4.638000e+02 -8.138100e-03
4.639000e+02 2.813500e-03
4.640000e+02 1.424400e-02
4.641000e+02 2.605100e-02
4.642000e+02 3.812400e-02
4.643000e+02 5.034100e-02
4.644000e+02 6.257600e-02
4.645000e+02 7.470100e-02
4.646000e+02 8.658600e-02
4.647000e+02 9.809900e-02
4.648000e+02 1.091100e-01
4.649000e+02 1.195000e-01
4.650000e+02 1.291500e-01
4.651000e+02 1.379600e-01
4.652000e+02 1.458400e-01
4.653000e+02 1.527100e-01
4.654000e+02 1.585200e-01
4.655000e+02 1.632200e-01
4.656000e+02 1.667700e-01
4.657000e+02 1.691600e-01
4.658000e+02 1.704000e-01
4.659000e+02 1.705000e-01
4.660000e+02 1.694900e-01
4.661000e+02 1.674200e-01
4.662000e+02 1.643300e-01
4.663000e+02 1.603000e-01
4.664000e+02 1.553800e-01
4.665000e+02 1.496500e-01
4.666000e+02 1.431900e-01
4.667000e+02 1.360800e-01
4.668000e+02 1.284000e-01
4.669000e+02 1.202200e-01
4.670000e+02 1.116200e-01
4.671000e+02 1.026700e-01
4.672000e+02 9.343600e-02
4.673000e+02 8.398300e-02
4.674000e+02 7.437900e-02
4.675000e+02 6.468200e-02
4.676000e+02 5.495000e-02
4.677000e+02 4.524400e-02
4.678000e+02 3.562300e-02
4.679000e+02 2.614800e-02
4.680000e+02 1.688200e-02
4.681000e+02 7.886500e-03
4.682000e+02 -7.718400e-04
4.683000e+02 -9.025400e-03
4.684000e+02 -1.679900e-02
4.685000e+02 -2.402000e-02
4.686000e+02 -3.062600e-02
4.687000e+02 -3.654400e-02
4.688000e+02 -4.170200e-02
4.689000e+02 -4.602600e-02
4.690000e+02 -4.944700e-02
4.691000e+02 -5.191200e-02
4.692000e+02 -5.337000e-02
4.693000e+02 -5.377500e-02
4.694000e+02 -5.310500e-02
4.695000e+02 -5.134400e-02
4.696000e+02 -4.848700e-02
4.697000e+02 -4.454400e-02
4.698000e+02 -3.953900e-02
4.699000e+02 -3.351600e-02
4.700000e+02 -2.653000e-02
4.701000e+02 -1.864900e-02
4.702000e+02 -9.950300e-03
4.703000e+02 -5.382400e-04
4.704000e+02 9.472300e-03
4.705000e+02 1.998100e-02
4.706000e+02 3.085900e-02
4.707000e+02 4.197600e-02
4.708000e+02 5.320600e-02
4.709000e+02 6.442400e-02
4.710000e+02 7.551000e-02
4.711000e+02 8.633700e-02
4.712000e+02 9.679200e-02
4.713000e+02 1.067700e-01
4.714000e+02 1.161800e-01
4.715000e+02 1.249400e-01
4.716000e+02 1.329800e-01
4.717000e+02 1.402400e-01
4.718000e+02 1.466700e-01
4.719000e+02 1.522300e-01
4.720000e+02 1.569100e-01
4.721000e+02 1.607000e-01
4.722000e+02 1.635800e-01
4.723000e+02 1.655600e-01
4.724000e+02 1.666400e-01
4.725000e+02 1.668400e-01
4.726000e+02 1.661800e-01
4.727000e+02 1.646900e-01
4.728000e+02 1.623800e-01
4.729000e+02 1.592700e-01
4.730000e+02 1.554000e-01
4.731000e+02 1.507900e-01
4.732000e+02 1.454700e-01
4.733000e+02 1.394600e-01
4.734000e+02 1.327800e-01
4.735000e+02 1.254800e-01
4.736000e+02 1.175800e-01
4.737000e+02 1.091200e-01
4.738000e+02 1.001400e-01
4.739000e+02 9.069300e-02
4.740000e+02 8.083300e-02
4.741000e+02 7.062000e-02
4.742000e+02 6.012400e-02
4.743000e+02 4.942400e-02
4.744000e+02 3.860500e-02
4.745000e+02 2.776200e-02
4.746000e+02 1.699500e-02
4.747000e+02 6.410700e-03
4.748000e+02 -3.881100e-03
4.749000e+02 -1.377500e-02
4.750000e+02 -2.316100e-02
4.751000e+02 -3.193100e-02
4.752000e+02 -3.998100e-02
4.753000e+02 -4.722000e-02
4.754000e+02 -5.356700e-02
4.755000e+02 -5.893600e-02
4.756000e+02 -6.327100e-02
4.757000e+02 -6.652400e-02
4.758000e+02 -6.866400e-02
4.759000e+02 -6.967000e-02
4.760000e+02 -6.954600e-02
4.761000e+02 -6.830500e-02
4.762000e+02 -6.598200e-02
4.763000e+02 -6.261900e-02
4.764000e+02 -5.828400e-02
4.765000e+02 -5.304500e-02
4.766000e+02 -4.698500e-02
4.767000e+02 -4.019500e-02
4.768000e+02 -3.277500e-02
4.769000e+02 -2.482400e-02
4.770000e+02 -1.644700e-02
4.771000e+02 -7.742700e-03
4.772000e+02 1.188100e-03
4.773000e+02 1.025000e-02
4.774000e+02 1.936000e-02
4.775000e+02 2.843100e-02
4.776000e+02 3.738700e-02
4.777000e+02 4.616200e-02
4.778000e+02 5.468500e-02
4.779000e+02 6.289800e-02
4.780000e+02 7.075100e-02
4.781000e+02 7.820400e-02
4.782000e+02 8.521700e-02
4.783000e+02 9.175600e-02
4.784000e+02 9.777600e-02
4.785000e+02 1.032400e-01
4.786000e+02 1.081100e-01
4.787000e+02 1.123600e-01
4.788000e+02 1.159500e-01
4.789000e+02 1.188500e-01
4.790000e+02 1.210200e-01
4.791000e+02 1.224300e-01
4.792000e+02 1.230500e-01
4.793000e+02 1.228400e-01
4.794000e+02 1.217700e-01
4.795000e+02 1.198300e-01
4.796000e+02 1.170000e-01
4.797000e+02 1.132600e-01
4.798000e+02 1.086200e-01
4.799000e+02 1.030900e-01
4.800000e+02 9.669200e-02
4.801000e+02 8.945000e-02
4.802000e+02 8.141600e-02
4.803000e+02 7.266200e-02
4.804000e+02 6.325300e-02
4.805000e+02 5.326900e-02
4.806000e+02 4.280600e-02
4.807000e+02 3.196300e-02
4.808000e+02 2.085000e-02
4.809000e+02 9.591200e-03
4.810000e+02 -1.698600e-03
4.811000e+02 -1.290300e-02
4.812000e+02 -2.389700e-02
4.813000e+02 -3.456500e-02
4.814000e+02 -4.479400e-02
4.815000e+02 -5.448200e-02
4.816000e+02 -6.353300e-02
4.817000e+02 -7.186400e-02
4.818000e+02 -7.940400e-02
4.819000e+02 -8.609200e-02
4.820000e+02 -9.188400e-02
4.821000e+02 -9.674800e-02
4.822000e+02 -1.006600e-01
4.823000e+02 -1.036300e-01
4.824000e+02 -1.056500e-01
4.825000e+02 -1.067300e-01
4.826000e+02 -1.069200e-01
4.827000e+02 -1.062500e-01
4.828000e+02 -1.047400e-01
4.829000e+02 -1.024600e-01
4.830000e+02 -9.944700e-02
4.831000e+02 -9.576300e-02
4.832000e+02 -9.146200e-02
4.833000e+02 -8.659200e-02
4.834000e+02 -8.121300e-02
4.835000e+02 -7.538000e-02
4.836000e+02 -6.914100e-02
4.837000e+02 -6.254300e-02
4.838000e+02 -5.563500e-02
4.839000e+02 -4.846100e-02
4.840000e+02 -4.106400e-02
4.841000e+02 -3.348400e-02
4.842000e+02 -2.577400e-02
4.843000e+02 -1.798700e-02
4.844000e+02 -1.017900e-02
4.845000e+02 -2.401000e-03
4.846000e+02 5.300000e-03
4.847000e+02 1.286000e-02
4.848000e+02 2.021900e-02
4.849000e+02 2.730700e-02
4.850000e+02 3.405200e-02
4.851000e+02 4.037100e-02
4.852000e+02 4.618300e-02
4.853000e+02 5.141600e-02
4.854000e+02 5.599000e-02
4.855000e+02 5.983000e-02
4.856000e+02 6.286900e-02
4.857000e+02 6.504800e-02
4.858000e+02 6.630900e-02
4.859000e+02 6.661000e-02
4.860000e+02 6.592300e-02
4.861000e+02 6.422800e-02
4.862000e+02 6.152500e-02
4.863000e+02 5.782800e-02
4.864000e+02 5.316200e-02
4.865000e+02 4.757200e-02
4.866000e+02 4.111800e-02
4.867000e+02 3.387200e-02
4.868000e+02 2.591500e-02
4.869000e+02 1.734000e-02
4.870000e+02 8.243900e-03
4.871000e+02 -1.263800e-03
4.872000e+02 -1.107300e-02
4.873000e+02 -2.107600e-02
4.874000e+02 -3.116200e-02
4.875000e+02 -4.122300e-02
4.876000e+02 -5.115700e-02
4.877000e+02 -6.086500e-02
4.878000e+02 -7.025700e-02
4.879000e+02 -7.925300e-02
4.880000e+02 -8.778300e-02
4.881000e+02 -9.579100e-02
4.882000e+02 -1.032300e-01
4.883000e+02 -1.100600e-01
4.884000e+02 -1.162500e-01
4.885000e+02 -1.217700e-01
4.886000e+02 -1.266200e-01
4.887000e+02 -1.307800e-01
4.888000e+02 -1.342600e-01
4.889000e+02 -1.370400e-01
4.890000e+02 -1.391500e-01
4.891000e+02 -1.405800e-01
4.892000e+02 -1.413400e-01
4.893000e+02 -1.414300e-01
4.894000e+02 -1.408500e-01
4.895000e+02 -1.396200e-01
4.896000e+02 -1.377200e-01
4.897000e+02 -1.351600e-01
4.898000e+02 -1.319600e-01
4.899000e+02 -1.281200e-01
4.900000e+02 -1.236400e-01
4.901000e+02 -1.185400e-01
4.902000e+02 -1.128300e-01
4.903000e+02 -1.065700e-01
4.904000e+02 -9.978300e-02
4.905000e+02 -9.250700e-02
4.906000e+02 -8.480100e-02
4.907000e+02 -7.671900e-02
4.908000e+02 -6.833300e-02
4.909000e+02 -5.972800e-02
4.910000e+02 -5.098600e-02
4.911000e+02 -4.220400e-02
4.912000e+02 -3.348200e-02
4.913000e+02 -2.491400e-02
4.914000e+02 -1.660100e-02
4.915000e+02 -8.646300e-03
4.916000e+02 -1.149200e-03
4.917000e+02 5.794300e-03
4.918000e+02 1.209500e-02
4.919000e+02 1.767600e-02
4.920000e+02 2.245700e-02
4.921000e+02 2.637700e-02
4.922000e+02 2.939300e-02
4.923000e+02 3.148000e-02
4.924000e+02 3.262100e-02
4.925000e+02 3.281800e-02
4.926000e+02 3.207900e-02
4.927000e+02 3.043100e-02
4.928000e+02 2.790800e-02
4.929000e+02 2.455700e-02
4.930000e+02 2.043600e-02
4.931000e+02 1.560600e-02
4.932000e+02 1.014100e-02
4.933000e+02 4.112400e-03
4.934000e+02 -2.409500e-03
4.935000e+02 -9.346200e-03
4.936000e+02 -1.662100e-02
4.937000e+02 -2.415900e-02
4.938000e+02 -3.188400e-02
4.939000e+02 -3.973500e-02
4.940000e+02 -4.764800e-02
4.941000e+02 -5.555700e-02
4.942000e+02 -6.340900e-02
4.943000e+02 -7.115200e-02
4.944000e+02 -7.874000e-02
4.945000e+02 -8.613500e-02
4.946000e+02 -9.328800e-02
4.947000e+02 -1.001600e-01
4.948000e+02 -1.067200e-01
4.949000e+02 -1.129300e-01
4.950000e+02 -1.187400e-01
4.951000e+02 -1.241300e-01
4.952000e+02 -1.290600e-01
4.953000e+02 -1.334800e-01
4.954000e+02 -1.373600e-01
4.955000e+02 -1.406500e-01
4.956000e+02 -1.433200e-01
4.957000e+02 -1.453200e-01
4.958000e+02 -1.466200e-01
4.959000e+02 -1.471700e-01
4.960000e+02 -1.469500e-01
4.961000e+02 -1.459300e-01
4.962000e+02 -1.440900e-01
4.963000e+02 -1.414200e-01
4.964000e+02 -1.379300e-01
4.965000e+02 -1.336200e-01
4.966000e+02 -1.285200e-01
4.967000e+02 -1.226500e-01
4.968000e+02 -1.160700e-01
4.969000e+02 -1.088300e-01
4.970000e+02 -1.010100e-01
4.971000e+02 -9.266700e-02
4.972000e+02 -8.390100e-02
4.973000e+02 -7.481400e-02
4.974000e+02 -6.550600e-02
4.975000e+02 -5.608400e-02
4.976000e+02 -4.665500e-02
4.977000e+02 -3.733100e-02
4.978000e+02 -2.821900e-02
4.979000e+02 -1.940900e-02
4.980000e+02 -1.099500e-02
4.981000e+02 -3.071700e-03
4.982000e+02 4.288800e-03
4.983000e+02 1.102700e-02
4.984000e+02 1.709600e-02
4.985000e+02 2.244800e-02
4.986000e+02 2.705400e-02
4.987000e+02 3.089800e-02
4.988000e+02 3.397500e-02
4.989000e+02 3.629300e-02
4.990000e+02 3.786200e-02
4.991000e+02 3.869700e-02
4.992000e+02 3.883000e-02
4.993000e+02 3.828600e-02
4.994000e+02 3.710500e-02
4.995000e+02 3.532000e-02
4.996000e+02 3.296000e-02
4.997000e+02 3.005700e-02
4.998000e+02 2.665200e-02
4.999000e+02 2.279300e-02
