# SEA-Stack Verification Data
# format: timeseries
# source: pds
# model: f3of_decay_multicode
# quantity: 1.0000e-001 2.3246e-005_2.0000e-001 5.9796e-005
# units: s, unknown
# columns: Time(s) 2.0000e-001 5.9796e-005(unknown)
4.000000e-01 5.556100e-06
5.000000e-01 2.697900e-05
6.000000e-01 1.976600e-05
7.000000e-01 -1.605700e-05
8.000000e-01 2.214500e-05
9.000000e-01 -2.281400e-05
1.000000e+00 -1.163700e-04
1.100000e+00 -2.533600e-04
1.200000e+00 -4.970600e-04
1.300000e+00 -9.099700e-04
1.400000e+00 -1.544700e-03
1.500000e+00 -2.471300e-03
1.600000e+00 -3.751000e-03
1.700000e+00 -5.438400e-03
1.800000e+00 -7.589300e-03
1.900000e+00 -1.025600e-02
2.000000e+00 -1.349100e-02
2.100000e+00 -1.733000e-02
2.200000e+00 -2.183500e-02
2.300000e+00 -2.707000e-02
2.400000e+00 -3.309200e-02
2.500000e+00 -3.996600e-02
2.600000e+00 -4.775000e-02
2.700000e+00 -5.651800e-02
2.800000e+00 -6.618000e-02
2.900000e+00 -7.658000e-02
3.000000e+00 -8.779300e-02
3.100000e+00 -9.990700e-02
3.200000e+00 -1.130100e-01
3.300000e+00 -1.270100e-01
3.400000e+00 -1.417600e-01
3.500000e+00 -1.573300e-01
3.600000e+00 -1.737800e-01
3.700000e+00 -1.909200e-01
3.800000e+00 -2.086400e-01
3.900000e+00 -2.269500e-01
4.000000e+00 -2.457100e-01
4.100000e+00 -2.647200e-01
4.200000e+00 -2.839500e-01
4.300000e+00 -3.032300e-01
4.400000e+00 -3.222700e-01
4.500000e+00 -3.409900e-01
4.600000e+00 -3.591000e-01
4.700000e+00 -3.762600e-01
4.800000e+00 -3.922800e-01
4.900000e+00 -4.068700e-01
5.000000e+00 -4.196500e-01
5.100000e+00 -4.301400e-01
5.200000e+00 -4.380000e-01
5.300000e+00 -4.430300e-01
5.400000e+00 -4.449500e-01
5.500000e+00 -4.434900e-01
5.600000e+00 -4.385200e-01
5.700000e+00 -4.297600e-01
5.800000e+00 -4.169900e-01
5.900000e+00 -4.000500e-01
6.000000e+00 -3.789700e-01
6.100000e+00 -3.537800e-01
6.200000e+00 -3.244600e-01
6.300000e+00 -2.911800e-01
6.400000e+00 -2.541000e-01
6.500000e+00 -2.134500e-01
6.600000e+00 -1.695800e-01
6.700000e+00 -1.229200e-01
6.800000e+00 -7.391600e-02
6.900000e+00 -2.312800e-02
7.000000e+00 2.883800e-02
7.100000e+00 8.133300e-02
7.200000e+00 1.337400e-01
7.300000e+00 1.854100e-01
7.400000e+00 2.357800e-01
7.500000e+00 2.841200e-01
7.600000e+00 3.297600e-01
7.700000e+00 3.721400e-01
7.800000e+00 4.107300e-01
7.900000e+00 4.450600e-01
8.000000e+00 4.748500e-01
8.100000e+00 4.997900e-01
8.200000e+00 5.197400e-01
8.300000e+00 5.346200e-01
8.400000e+00 5.445800e-01
8.500000e+00 5.498900e-01
8.600000e+00 5.508900e-01
8.700000e+00 5.481400e-01
8.800000e+00 5.422800e-01
8.900000e+00 5.338200e-01
9.000000e+00 5.237100e-01
9.100000e+00 5.131900e-01
9.200000e+00 5.030800e-01
9.300000e+00 4.944700e-01
9.400000e+00 4.881900e-01
9.500000e+00 4.850800e-01
9.600000e+00 4.857900e-01
9.700000e+00 4.908100e-01
9.800000e+00 5.004800e-01
9.900000e+00 5.149500e-01
1.000000e+01 5.343300e-01
1.010000e+01 5.583500e-01
1.020000e+01 5.866900e-01
1.030000e+01 6.186200e-01
1.040000e+01 6.533700e-01
1.050000e+01 6.898000e-01
1.060000e+01 7.267700e-01
1.070000e+01 7.628600e-01
1.080000e+01 7.967100e-01
1.090000e+01 8.268900e-01
1.100000e+01 8.520100e-01
1.110000e+01 8.708700e-01
1.120000e+01 8.822800e-01
1.130000e+01 8.855100e-01
1.140000e+01 8.798700e-01
1.150000e+01 8.652400e-01
1.160000e+01 8.416800e-01
1.170000e+01 8.097200e-01
1.180000e+01 7.702900e-01
1.190000e+01 7.244500e-01
1.200000e+01 6.736300e-01
1.210000e+01 6.196300e-01
1.220000e+01 5.636900e-01
1.230000e+01 5.077900e-01
1.240000e+01 4.536100e-01
1.250000e+01 4.024700e-01
1.260000e+01 3.557900e-01
1.270000e+01 3.146400e-01
1.280000e+01 2.796100e-01
1.290000e+01 2.509300e-01
1.300000e+01 2.282600e-01
1.310000e+01 2.110200e-01
1.320000e+01 1.984200e-01
1.330000e+01 1.887900e-01
1.340000e+01 1.804100e-01
1.350000e+01 1.716200e-01
1.360000e+01 1.610100e-01
1.370000e+01 1.467600e-01
1.380000e+01 1.272200e-01
1.390000e+01 1.011800e-01
1.400000e+01 6.797800e-02
1.410000e+01 2.715800e-02
1.420000e+01 -2.108600e-02
1.430000e+01 -7.608700e-02
1.440000e+01 -1.368100e-01
1.450000e+01 -2.019400e-01
1.460000e+01 -2.701400e-01
1.470000e+01 -3.391500e-01
1.480000e+01 -4.070000e-01
1.490000e+01 -4.721000e-01
1.500000e+01 -5.332000e-01
1.510000e+01 -5.888600e-01
1.520000e+01 -6.380800e-01
1.530000e+01 -6.804600e-01
1.540000e+01 -7.161100e-01
1.550000e+01 -7.455400e-01
1.560000e+01 -7.697300e-01
1.570000e+01 -7.899500e-01
1.580000e+01 -8.073900e-01
1.590000e+01 -8.238800e-01
1.600000e+01 -8.407600e-01
1.610000e+01 -8.592200e-01
1.620000e+01 -8.802000e-01
1.630000e+01 -9.041700e-01
1.640000e+01 -9.312600e-01
1.650000e+01 -9.610800e-01
1.660000e+01 -9.929400e-01
1.670000e+01 -1.025800e+00
1.680000e+01 -1.058500e+00
1.690000e+01 -1.089700e+00
1.700000e+01 -1.118300e+00
1.710000e+01 -1.143000e+00
1.720000e+01 -1.163200e+00
1.730000e+01 -1.178300e+00
1.740000e+01 -1.187900e+00
1.750000e+01 -1.192300e+00
1.760000e+01 -1.191600e+00
1.770000e+01 -1.186600e+00
1.780000e+01 -1.177800e+00
1.790000e+01 -1.166000e+00
1.800000e+01 -1.151800e+00
1.810000e+01 -1.135900e+00
1.820000e+01 -1.118700e+00
1.830000e+01 -1.100300e+00
1.840000e+01 -1.080800e+00
1.850000e+01 -1.060200e+00
1.860000e+01 -1.038200e+00
1.870000e+01 -1.014700e+00
1.880000e+01 -9.891900e-01
1.890000e+01 -9.615700e-01
1.900000e+01 -9.316700e-01
1.910000e+01 -8.993900e-01
1.920000e+01 -8.647500e-01
1.930000e+01 -8.278300e-01
1.940000e+01 -7.887900e-01
1.950000e+01 -7.477700e-01
1.960000e+01 -7.049000e-01
1.970000e+01 -6.602900e-01
1.980000e+01 -6.139600e-01
1.990000e+01 -5.658700e-01
2.000000e+01 -5.159600e-01
2.010000e+01 -4.641800e-01
2.020000e+01 -4.104600e-01
2.030000e+01 -3.547600e-01
2.040000e+01 -2.971700e-01
2.050000e+01 -2.378900e-01
2.060000e+01 -1.771700e-01
2.070000e+01 -1.153100e-01
2.080000e+01 -5.269300e-02
2.090000e+01 1.029500e-02
2.100000e+01 7.330100e-02
2.110000e+01 1.360400e-01
2.120000e+01 1.983000e-01
2.130000e+01 2.599400e-01
2.140000e+01 3.209500e-01
2.150000e+01 3.813600e-01
2.160000e+01 4.412500e-01
2.170000e+01 5.006800e-01
2.180000e+01 5.597000e-01
2.190000e+01 6.183000e-01
2.200000e+01 6.764300e-01
2.210000e+01 7.339400e-01
2.220000e+01 7.906600e-01
2.230000e+01 8.463900e-01
2.240000e+01 9.009300e-01
2.250000e+01 9.541100e-01
2.260000e+01 1.005800e+00
2.270000e+01 1.055900e+00
2.280000e+01 1.104300e+00
2.290000e+01 1.151100e+00
2.300000e+01 1.196200e+00
2.310000e+01 1.239600e+00
2.320000e+01 1.281100e+00
2.330000e+01 1.320700e+00
2.340000e+01 1.358100e+00
2.350000e+01 1.393000e+00
2.360000e+01 1.425400e+00
2.370000e+01 1.454900e+00
2.380000e+01 1.481400e+00
2.390000e+01 1.504700e+00
2.400000e+01 1.524700e+00
2.410000e+01 1.541500e+00
2.420000e+01 1.555100e+00
2.430000e+01 1.565500e+00
2.440000e+01 1.572800e+00
2.450000e+01 1.577100e+00
2.460000e+01 1.578300e+00
2.470000e+01 1.576500e+00
2.480000e+01 1.571600e+00
2.490000e+01 1.563500e+00
2.500000e+01 1.552400e+00
2.510000e+01 1.537900e+00
2.520000e+01 1.520200e+00
2.530000e+01 1.499100e+00
2.540000e+01 1.474700e+00
2.550000e+01 1.446900e+00
2.560000e+01 1.415900e+00
2.570000e+01 1.381700e+00
2.580000e+01 1.344400e+00
2.590000e+01 1.304100e+00
2.600000e+01 1.260800e+00
2.610000e+01 1.214700e+00
2.620000e+01 1.165800e+00
2.630000e+01 1.114300e+00
2.640000e+01 1.060100e+00
2.650000e+01 1.003500e+00
2.660000e+01 9.444400e-01
2.670000e+01 8.831000e-01
2.680000e+01 8.195600e-01
2.690000e+01 7.539600e-01
2.700000e+01 6.864300e-01
2.710000e+01 6.171200e-01
2.720000e+01 5.461700e-01
2.730000e+01 4.737300e-01
2.740000e+01 3.999500e-01
2.750000e+01 3.249900e-01
2.760000e+01 2.489800e-01
2.770000e+01 1.720800e-01
2.780000e+01 9.441400e-02
2.790000e+01 1.616700e-02
2.800000e+01 -6.254800e-02
2.810000e+01 -1.415700e-01
2.820000e+01 -2.208100e-01
2.830000e+01 -3.000400e-01
2.840000e+01 -3.791100e-01
2.850000e+01 -4.578300e-01
2.860000e+01 -5.360800e-01
2.870000e+01 -6.137200e-01
2.880000e+01 -6.906400e-01
2.890000e+01 -7.667200e-01
2.900000e+01 -8.418600e-01
2.910000e+01 -9.159600e-01
2.920000e+01 -9.888800e-01
2.930000e+01 -1.060500e+00
2.940000e+01 -1.130500e+00
2.950000e+01 -1.198900e+00
2.960000e+01 -1.265400e+00
2.970000e+01 -1.329800e+00
2.980000e+01 -1.392100e+00
2.990000e+01 -1.451900e+00
3.000000e+01 -1.509200e+00
3.010000e+01 -1.563900e+00
3.020000e+01 -1.615700e+00
3.030000e+01 -1.664500e+00
3.040000e+01 -1.710100e+00
3.050000e+01 -1.752300e+00
3.060000e+01 -1.790900e+00
3.070000e+01 -1.825800e+00
3.080000e+01 -1.856900e+00
3.090000e+01 -1.884100e+00
3.100000e+01 -1.907500e+00
3.110000e+01 -1.927000e+00
3.120000e+01 -1.942700e+00
3.130000e+01 -1.954600e+00
3.140000e+01 -1.962800e+00
3.150000e+01 -1.967300e+00
3.160000e+01 -1.968000e+00
3.170000e+01 -1.965000e+00
3.180000e+01 -1.958300e+00
3.190000e+01 -1.947800e+00
3.200000e+01 -1.933600e+00
3.210000e+01 -1.915700e+00
3.220000e+01 -1.894100e+00
3.230000e+01 -1.868800e+00
3.240000e+01 -1.839700e+00
3.250000e+01 -1.806800e+00
3.260000e+01 -1.770100e+00
3.270000e+01 -1.729600e+00
3.280000e+01 -1.685200e+00
3.290000e+01 -1.637000e+00
3.300000e+01 -1.584900e+00
3.310000e+01 -1.529000e+00
3.320000e+01 -1.469500e+00
3.330000e+01 -1.406300e+00
3.340000e+01 -1.339500e+00
3.350000e+01 -1.269300e+00
3.360000e+01 -1.195800e+00
3.370000e+01 -1.119200e+00
3.380000e+01 -1.039600e+00
3.390000e+01 -9.574400e-01
3.400000e+01 -8.728800e-01
3.410000e+01 -7.862600e-01
3.420000e+01 -6.978700e-01
3.430000e+01 -6.079700e-01
3.440000e+01 -5.168300e-01
3.450000e+01 -4.246900e-01
3.460000e+01 -3.317300e-01
3.470000e+01 -2.381600e-01
3.480000e+01 -1.441700e-01
3.490000e+01 -4.993000e-02
3.500000e+01 4.442200e-02
3.510000e+01 1.387500e-01
3.520000e+01 2.329500e-01
3.530000e+01 3.269100e-01
3.540000e+01 4.205700e-01
3.550000e+01 5.138700e-01
3.560000e+01 6.067700e-01
3.570000e+01 6.992500e-01
3.580000e+01 7.912700e-01
3.590000e+01 8.827900e-01
3.600000e+01 9.737300e-01
3.610000e+01 1.064000e+00
3.620000e+01 1.153300e+00
3.630000e+01 1.241500e+00
3.640000e+01 1.328400e+00
3.650000e+01 1.413500e+00
3.660000e+01 1.496600e+00
3.670000e+01 1.577200e+00
3.680000e+01 1.655000e+00
3.690000e+01 1.729600e+00
3.700000e+01 1.800500e+00
3.710000e+01 1.867500e+00
3.720000e+01 1.930200e+00
3.730000e+01 1.988500e+00
3.740000e+01 2.042000e+00
3.750000e+01 2.090800e+00
3.760000e+01 2.134900e+00
3.770000e+01 2.174100e+00
3.780000e+01 2.208600e+00
3.790000e+01 2.238500e+00
3.800000e+01 2.264000e+00
3.810000e+01 2.285200e+00
3.820000e+01 2.302200e+00
3.830000e+01 2.315300e+00
3.840000e+01 2.324700e+00
3.850000e+01 2.330500e+00
3.860000e+01 2.332700e+00
3.870000e+01 2.331300e+00
3.880000e+01 2.326300e+00
3.890000e+01 2.317500e+00
3.900000e+01 2.305000e+00
3.910000e+01 2.288400e+00
3.920000e+01 2.267500e+00
3.930000e+01 2.241800e+00
3.940000e+01 2.211100e+00
3.950000e+01 2.175200e+00
3.960000e+01 2.133800e+00
3.970000e+01 2.086700e+00
3.980000e+01 2.033900e+00
3.990000e+01 1.975500e+00
4.000000e+01 1.911500e+00
4.010000e+01 1.842100e+00
4.020000e+01 1.767700e+00
4.030000e+01 1.688700e+00
4.040000e+01 1.605600e+00
4.050000e+01 1.518900e+00
4.060000e+01 1.429300e+00
4.070000e+01 1.337100e+00
4.080000e+01 1.242900e+00
4.090000e+01 1.147100e+00
4.100000e+01 1.050100e+00
4.110000e+01 9.520700e-01
4.120000e+01 8.532400e-01
4.130000e+01 7.536300e-01
4.140000e+01 6.532200e-01
4.150000e+01 5.518800e-01
4.160000e+01 4.494600e-01
4.170000e+01 3.457300e-01
4.180000e+01 2.405000e-01
4.190000e+01 1.335800e-01
4.200000e+01 2.484200e-02
4.210000e+01 -8.579800e-02
4.220000e+01 -1.983000e-01
4.230000e+01 -3.124700e-01
4.240000e+01 -4.279800e-01
4.250000e+01 -5.444100e-01
4.260000e+01 -6.612100e-01
4.270000e+01 -7.777800e-01
4.280000e+01 -8.934400e-01
4.290000e+01 -1.007500e+00
4.300000e+01 -1.119400e+00
4.310000e+01 -1.228400e+00
4.320000e+01 -1.334100e+00
4.330000e+01 -1.435900e+00
4.340000e+01 -1.533800e+00
4.350000e+01 -1.627400e+00
4.360000e+01 -1.716800e+00
4.370000e+01 -1.802100e+00
4.380000e+01 -1.883300e+00
4.390000e+01 -1.960900e+00
4.400000e+01 -2.035000e+00
4.410000e+01 -2.106000e+00
4.420000e+01 -2.174100e+00
4.430000e+01 -2.239300e+00
4.440000e+01 -2.301800e+00
4.450000e+01 -2.361600e+00
4.460000e+01 -2.418300e+00
4.470000e+01 -2.471800e+00
4.480000e+01 -2.521500e+00
4.490000e+01 -2.567000e+00
4.500000e+01 -2.607800e+00
4.510000e+01 -2.643400e+00
4.520000e+01 -2.673200e+00
4.530000e+01 -2.696900e+00
4.540000e+01 -2.714000e+00
4.550000e+01 -2.724500e+00
4.560000e+01 -2.728200e+00
4.570000e+01 -2.725100e+00
4.580000e+01 -2.715300e+00
4.590000e+01 -2.699300e+00
4.600000e+01 -2.677400e+00
4.610000e+01 -2.649900e+00
4.620000e+01 -2.617300e+00
4.630000e+01 -2.580000e+00
4.640000e+01 -2.538300e+00
4.650000e+01 -2.492400e+00
4.660000e+01 -2.442500e+00
4.670000e+01 -2.388600e+00
4.680000e+01 -2.330700e+00
4.690000e+01 -2.268600e+00
4.700000e+01 -2.202200e+00
4.710000e+01 -2.131300e+00
4.720000e+01 -2.055700e+00
4.730000e+01 -1.975300e+00
4.740000e+01 -1.890000e+00
4.750000e+01 -1.799800e+00
4.760000e+01 -1.704800e+00
4.770000e+01 -1.605200e+00
4.780000e+01 -1.501200e+00
4.790000e+01 -1.393400e+00
4.800000e+01 -1.282100e+00
4.810000e+01 -1.167800e+00
4.820000e+01 -1.051000e+00
4.830000e+01 -9.322000e-01
4.840000e+01 -8.117000e-01
4.850000e+01 -6.898900e-01
4.860000e+01 -5.670500e-01
4.870000e+01 -4.433300e-01
4.880000e+01 -3.188700e-01
4.890000e+01 -1.937500e-01
4.900000e+01 -6.800000e-02
4.910000e+01 5.835800e-02
4.920000e+01 1.852800e-01
4.930000e+01 3.127000e-01
4.940000e+01 4.404500e-01
4.950000e+01 5.683100e-01
4.960000e+01 6.959800e-01
4.970000e+01 8.230900e-01
4.980000e+01 9.492600e-01
4.990000e+01 1.074100e+00
5.000000e+01 1.197000e+00
5.010000e+01 1.317800e+00
5.020000e+01 1.435900e+00
5.030000e+01 1.551200e+00
5.040000e+01 1.663300e+00
5.050000e+01 1.772000e+00
5.060000e+01 1.877300e+00
5.070000e+01 1.979000e+00
5.080000e+01 2.077100e+00
5.090000e+01 2.171500e+00
5.100000e+01 2.262200e+00
5.110000e+01 2.349200e+00
5.120000e+01 2.432200e+00
5.130000e+01 2.511000e+00
5.140000e+01 2.585500e+00
5.150000e+01 2.655400e+00
5.160000e+01 2.720300e+00
5.170000e+01 2.780000e+00
5.180000e+01 2.834100e+00
5.190000e+01 2.882500e+00
5.200000e+01 2.925000e+00
5.210000e+01 2.961300e+00
5.220000e+01 2.991600e+00
5.230000e+01 3.015600e+00
5.240000e+01 3.033500e+00
5.250000e+01 3.045300e+00
5.260000e+01 3.051100e+00
5.270000e+01 3.051000e+00
5.280000e+01 3.045000e+00
5.290000e+01 3.033200e+00
5.300000e+01 3.015500e+00
5.310000e+01 2.992000e+00
5.320000e+01 2.962600e+00
5.330000e+01 2.927300e+00
5.340000e+01 2.885900e+00
5.350000e+01 2.838500e+00
5.360000e+01 2.785000e+00
5.370000e+01 2.725700e+00
5.380000e+01 2.660400e+00
5.390000e+01 2.589400e+00
5.400000e+01 2.513000e+00
5.410000e+01 2.431300e+00
5.420000e+01 2.344600e+00
5.430000e+01 2.253200e+00
5.440000e+01 2.157200e+00
5.450000e+01 2.057000e+00
5.460000e+01 1.952700e+00
5.470000e+01 1.844400e+00
5.480000e+01 1.732200e+00
5.490000e+01 1.616200e+00
5.500000e+01 1.496600e+00
5.510000e+01 1.373400e+00
5.520000e+01 1.246900e+00
5.530000e+01 1.117100e+00
5.540000e+01 9.843900e-01
5.550000e+01 8.490400e-01
5.560000e+01 7.114300e-01
5.570000e+01 5.719100e-01
5.580000e+01 4.309300e-01
5.590000e+01 2.889600e-01
5.600000e+01 1.463400e-01
5.610000e+01 3.468200e-03
5.620000e+01 -1.393800e-01
5.630000e+01 -2.819200e-01
5.640000e+01 -4.239800e-01
5.650000e+01 -5.653500e-01
5.660000e+01 -7.059100e-01
5.670000e+01 -8.455200e-01
5.680000e+01 -9.840400e-01
5.690000e+01 -1.121300e+00
5.700000e+01 -1.257100e+00
5.710000e+01 -1.391100e+00
5.720000e+01 -1.523100e+00
5.730000e+01 -1.652700e+00
5.740000e+01 -1.779600e+00
5.750000e+01 -1.903400e+00
5.760000e+01 -2.023700e+00
5.770000e+01 -2.140100e+00
5.780000e+01 -2.252400e+00
5.790000e+01 -2.360300e+00
5.800000e+01 -2.463600e+00
5.810000e+01 -2.562100e+00
5.820000e+01 -2.655600e+00
5.830000e+01 -2.744100e+00
5.840000e+01 -2.827400e+00
5.850000e+01 -2.905400e+00
5.860000e+01 -2.978000e+00
5.870000e+01 -3.045100e+00
5.880000e+01 -3.106400e+00
5.890000e+01 -3.161900e+00
5.900000e+01 -3.211200e+00
5.910000e+01 -3.254200e+00
5.920000e+01 -3.290800e+00
5.930000e+01 -3.320800e+00
5.940000e+01 -3.344100e+00
5.950000e+01 -3.360700e+00
5.960000e+01 -3.370400e+00
5.970000e+01 -3.373500e+00
5.980000e+01 -3.369700e+00
5.990000e+01 -3.359200e+00
6.000000e+01 -3.342100e+00
6.010000e+01 -3.318400e+00
6.020000e+01 -3.288200e+00
6.030000e+01 -3.251300e+00
6.040000e+01 -3.208000e+00
6.050000e+01 -3.158100e+00
6.060000e+01 -3.101800e+00
6.070000e+01 -3.039100e+00
6.080000e+01 -2.970000e+00
6.090000e+01 -2.894800e+00
6.100000e+01 -2.813500e+00
6.110000e+01 -2.726400e+00
6.120000e+01 -2.633800e+00
6.130000e+01 -2.535700e+00
6.140000e+01 -2.432400e+00
6.150000e+01 -2.324200e+00
6.160000e+01 -2.211200e+00
6.170000e+01 -2.093600e+00
6.180000e+01 -1.971600e+00
6.190000e+01 -1.845200e+00
6.200000e+01 -1.714800e+00
6.210000e+01 -1.580500e+00
6.220000e+01 -1.442400e+00
6.230000e+01 -1.301000e+00
6.240000e+01 -1.156400e+00
6.250000e+01 -1.009000e+00
6.260000e+01 -8.592200e-01
6.270000e+01 -7.074100e-01
6.280000e+01 -5.539900e-01
6.290000e+01 -3.993100e-01
6.300000e+01 -2.437300e-01
6.310000e+01 -8.761800e-02
6.320000e+01 6.876600e-02
6.330000e+01 2.251800e-01
6.340000e+01 3.814000e-01
6.350000e+01 5.371600e-01
6.360000e+01 6.922300e-01
6.370000e+01 8.463400e-01
6.380000e+01 9.992500e-01
6.390000e+01 1.150600e+00
6.400000e+01 1.300200e+00
6.410000e+01 1.447700e+00
6.420000e+01 1.592500e+00
6.430000e+01 1.734700e+00
6.440000e+01 1.873800e+00
6.450000e+01 2.009700e+00
6.460000e+01 2.142100e+00
6.470000e+01 2.270600e+00
6.480000e+01 2.395200e+00
6.490000e+01 2.515400e+00
6.500000e+01 2.631000e+00
6.510000e+01 2.741700e+00
6.520000e+01 2.847400e+00
6.530000e+01 2.947800e+00
6.540000e+01 3.042500e+00
6.550000e+01 3.131200e+00
6.560000e+01 3.213800e+00
6.570000e+01 3.289800e+00
6.580000e+01 3.359100e+00
6.590000e+01 3.421400e+00
6.600000e+01 3.476700e+00
6.610000e+01 3.524900e+00
6.620000e+01 3.565900e+00
6.630000e+01 3.599800e+00
6.640000e+01 3.626600e+00
6.650000e+01 3.646400e+00
6.660000e+01 3.659300e+00
6.670000e+01 3.665300e+00
6.680000e+01 3.664400e+00
6.690000e+01 3.656700e+00
6.700000e+01 3.642200e+00
6.710000e+01 3.620700e+00
6.720000e+01 3.592300e+00
6.730000e+01 3.556800e+00
6.740000e+01 3.514200e+00
6.750000e+01 3.464400e+00
6.760000e+01 3.407500e+00
6.770000e+01 3.343400e+00
6.780000e+01 3.272200e+00
6.790000e+01 3.194000e+00
6.800000e+01 3.108900e+00
6.810000e+01 3.017100e+00
6.820000e+01 2.918700e+00
6.830000e+01 2.813900e+00
6.840000e+01 2.703000e+00
6.850000e+01 2.586200e+00
6.860000e+01 2.463900e+00
6.870000e+01 2.336200e+00
6.880000e+01 2.203800e+00
6.890000e+01 2.067000e+00
6.900000e+01 1.926100e+00
6.910000e+01 1.781600e+00
6.920000e+01 1.634000e+00
6.930000e+01 1.483300e+00
6.940000e+01 1.330000e+00
6.950000e+01 1.174400e+00
6.960000e+01 1.016600e+00
6.970000e+01 8.567600e-01
6.980000e+01 6.951200e-01
6.990000e+01 5.317900e-01
7.000000e+01 3.669000e-01
7.010000e+01 2.006600e-01
7.020000e+01 3.333000e-02
7.030000e+01 -1.348800e-01
7.040000e+01 -3.038100e-01
7.050000e+01 -4.731600e-01
7.060000e+01 -6.424300e-01
7.070000e+01 -8.110600e-01
7.080000e+01 -9.785500e-01
7.090000e+01 -1.144500e+00
7.100000e+01 -1.308400e+00
7.110000e+01 -1.469700e+00
7.120000e+01 -1.628100e+00
7.130000e+01 -1.783200e+00
7.140000e+01 -1.934600e+00
7.150000e+01 -2.081900e+00
7.160000e+01 -2.224800e+00
7.170000e+01 -2.363100e+00
7.180000e+01 -2.496600e+00
7.190000e+01 -2.625000e+00
7.200000e+01 -2.748300e+00
7.210000e+01 -2.866400e+00
7.220000e+01 -2.979100e+00
7.230000e+01 -3.086400e+00
7.240000e+01 -3.188100e+00
7.250000e+01 -3.284100e+00
7.260000e+01 -3.374300e+00
7.270000e+01 -3.458600e+00
7.280000e+01 -3.536800e+00
7.290000e+01 -3.608500e+00
7.300000e+01 -3.673700e+00
7.310000e+01 -3.731800e+00
7.320000e+01 -3.782600e+00
7.330000e+01 -3.825900e+00
7.340000e+01 -3.861200e+00
7.350000e+01 -3.888500e+00
7.360000e+01 -3.907600e+00
7.370000e+01 -3.918300e+00
7.380000e+01 -3.920800e+00
7.390000e+01 -3.915000e+00
7.400000e+01 -3.901000e+00
7.410000e+01 -3.879000e+00
7.420000e+01 -3.849000e+00
7.430000e+01 -3.811300e+00
7.440000e+01 -3.766100e+00
7.450000e+01 -3.713500e+00
7.460000e+01 -3.653800e+00
7.470000e+01 -3.587200e+00
7.480000e+01 -3.513800e+00
7.490000e+01 -3.433800e+00
7.500000e+01 -3.347200e+00
7.510000e+01 -3.254000e+00
7.520000e+01 -3.154400e+00
7.530000e+01 -3.048400e+00
7.540000e+01 -2.936200e+00
7.550000e+01 -2.817700e+00
7.560000e+01 -2.693200e+00
7.570000e+01 -2.562600e+00
7.580000e+01 -2.426400e+00
7.590000e+01 -2.284700e+00
7.600000e+01 -2.137900e+00
7.610000e+01 -1.986300e+00
7.620000e+01 -1.830300e+00
7.630000e+01 -1.670300e+00
7.640000e+01 -1.506900e+00
7.650000e+01 -1.340500e+00
7.660000e+01 -1.171300e+00
7.670000e+01 -9.999300e-01
7.680000e+01 -8.266800e-01
7.690000e+01 -6.518500e-01
7.700000e+01 -4.758200e-01
7.710000e+01 -2.988400e-01
7.720000e+01 -1.211700e-01
7.730000e+01 5.701800e-02
7.740000e+01 2.353800e-01
7.750000e+01 4.137800e-01
7.760000e+01 5.919400e-01
7.770000e+01 7.695300e-01
7.780000e+01 9.462900e-01
7.790000e+01 1.121900e+00
7.800000e+01 1.295800e+00
7.810000e+01 1.467700e+00
7.820000e+01 1.637100e+00
7.830000e+01 1.803500e+00
7.840000e+01 1.966500e+00
7.850000e+01 2.125700e+00
7.860000e+01 2.280700e+00
7.870000e+01 2.431100e+00
7.880000e+01 2.576700e+00
7.890000e+01 2.717100e+00
7.900000e+01 2.852100e+00
7.910000e+01 2.981500e+00
7.920000e+01 3.105100e+00
7.930000e+01 3.222800e+00
7.940000e+01 3.334400e+00
7.950000e+01 3.439800e+00
7.960000e+01 3.538900e+00
7.970000e+01 3.631400e+00
7.980000e+01 3.717300e+00
7.990000e+01 3.796200e+00
8.000000e+01 3.867900e+00
8.010000e+01 3.932100e+00
8.020000e+01 3.988700e+00
8.030000e+01 4.037300e+00
8.040000e+01 4.077800e+00
8.050000e+01 4.110000e+00
8.060000e+01 4.133600e+00
8.070000e+01 4.148700e+00
8.080000e+01 4.155300e+00
8.090000e+01 4.153400e+00
8.100000e+01 4.143000e+00
8.110000e+01 4.124300e+00
8.120000e+01 4.097500e+00
8.130000e+01 4.062500e+00
8.140000e+01 4.019700e+00
8.150000e+01 3.969000e+00
8.160000e+01 3.910700e+00
8.170000e+01 3.844900e+00
8.180000e+01 3.771500e+00
8.190000e+01 3.690700e+00
8.200000e+01 3.602600e+00
8.210000e+01 3.507100e+00
8.220000e+01 3.404600e+00
8.230000e+01 3.295000e+00
8.240000e+01 3.178500e+00
8.250000e+01 3.055300e+00
8.260000e+01 2.925500e+00
8.270000e+01 2.789600e+00
8.280000e+01 2.647700e+00
8.290000e+01 2.500200e+00
8.300000e+01 2.347300e+00
8.310000e+01 2.189500e+00
8.320000e+01 2.027100e+00
8.330000e+01 1.860600e+00
8.340000e+01 1.690300e+00
8.350000e+01 1.516500e+00
8.360000e+01 1.339800e+00
8.370000e+01 1.160300e+00
8.380000e+01 9.783900e-01
8.390000e+01 7.944000e-01
8.400000e+01 6.086900e-01
8.410000e+01 4.215700e-01
8.420000e+01 2.334800e-01
8.430000e+01 4.468700e-02
8.440000e+01 -1.445400e-01
8.450000e+01 -3.337000e-01
8.460000e+01 -5.225700e-01
8.470000e+01 -7.107800e-01
8.480000e+01 -8.980200e-01
8.490000e+01 -1.083700e+00
8.500000e+01 -1.267500e+00
8.510000e+01 -1.449300e+00
8.520000e+01 -1.628400e+00
8.530000e+01 -1.804700e+00
8.540000e+01 -1.977700e+00
8.550000e+01 -2.147100e+00
8.560000e+01 -2.312400e+00
8.570000e+01 -2.473500e+00
8.580000e+01 -2.630000e+00
8.590000e+01 -2.781500e+00
8.600000e+01 -2.927600e+00
8.610000e+01 -3.068000e+00
8.620000e+01 -3.202500e+00
8.630000e+01 -3.330900e+00
8.640000e+01 -3.452900e+00
8.650000e+01 -3.568200e+00
8.660000e+01 -3.676600e+00
8.670000e+01 -3.777800e+00
8.680000e+01 -3.871400e+00
8.690000e+01 -3.957300e+00
8.700000e+01 -4.035200e+00
8.710000e+01 -4.105100e+00
8.720000e+01 -4.166900e+00
8.730000e+01 -4.220600e+00
8.740000e+01 -4.266000e+00
8.750000e+01 -4.303300e+00
8.760000e+01 -4.332200e+00
8.770000e+01 -4.352700e+00
8.780000e+01 -4.364800e+00
8.790000e+01 -4.368500e+00
8.800000e+01 -4.363500e+00
8.810000e+01 -4.349900e+00
8.820000e+01 -4.327600e+00
8.830000e+01 -4.296500e+00
8.840000e+01 -4.256500e+00
8.850000e+01 -4.207800e+00
8.860000e+01 -4.150300e+00
8.870000e+01 -4.084400e+00
8.880000e+01 -4.010100e+00
8.890000e+01 -3.927600e+00
8.900000e+01 -3.837200e+00
8.910000e+01 -3.739100e+00
8.920000e+01 -3.633700e+00
8.930000e+01 -3.521100e+00
8.940000e+01 -3.401700e+00
8.950000e+01 -3.275500e+00
8.960000e+01 -3.142800e+00
8.970000e+01 -3.003900e+00
8.980000e+01 -2.858900e+00
8.990000e+01 -2.708000e+00
9.000000e+01 -2.551400e+00
9.010000e+01 -2.389300e+00
9.020000e+01 -2.222200e+00
9.030000e+01 -2.050300e+00
9.040000e+01 -1.874000e+00
9.050000e+01 -1.693500e+00
9.060000e+01 -1.509300e+00
9.070000e+01 -1.321900e+00
9.080000e+01 -1.131700e+00
9.090000e+01 -9.391000e-01
9.100000e+01 -7.445400e-01
9.110000e+01 -5.484900e-01
9.120000e+01 -3.513600e-01
9.130000e+01 -1.534800e-01
9.140000e+01 4.475200e-02
9.150000e+01 2.430900e-01
9.160000e+01 4.411100e-01
9.170000e+01 6.384700e-01
9.180000e+01 8.349100e-01
9.190000e+01 1.030000e+00
9.200000e+01 1.223500e+00
9.210000e+01 1.414900e+00
9.220000e+01 1.603800e+00
9.230000e+01 1.789900e+00
9.240000e+01 1.972800e+00
9.250000e+01 2.152000e+00
9.260000e+01 2.327300e+00
9.270000e+01 2.498200e+00
9.280000e+01 2.664500e+00
9.290000e+01 2.825600e+00
9.300000e+01 2.981400e+00
9.310000e+01 3.131400e+00
9.320000e+01 3.275400e+00
9.330000e+01 3.413200e+00
9.340000e+01 3.544400e+00
9.350000e+01 3.668900e+00
9.360000e+01 3.786300e+00
9.370000e+01 3.896200e+00
9.380000e+01 3.998400e+00
9.390000e+01 4.092800e+00
9.400000e+01 4.179100e+00
9.410000e+01 4.256900e+00
9.420000e+01 4.326200e+00
9.430000e+01 4.386800e+00
9.440000e+01 4.438600e+00
9.450000e+01 4.481500e+00
9.460000e+01 4.515600e+00
9.470000e+01 4.540700e+00
9.480000e+01 4.556900e+00
9.490000e+01 4.564300e+00
9.500000e+01 4.562800e+00
9.510000e+01 4.552600e+00
9.520000e+01 4.533600e+00
9.530000e+01 4.505900e+00
9.540000e+01 4.469300e+00
9.550000e+01 4.423900e+00
9.560000e+01 4.369700e+00
9.570000e+01 4.306700e+00
9.580000e+01 4.234800e+00
9.590000e+01 4.154200e+00
9.600000e+01 4.065000e+00
9.610000e+01 3.967400e+00
9.620000e+01 3.861400e+00
9.630000e+01 3.747400e+00
9.640000e+01 3.625700e+00
9.650000e+01 3.496500e+00
9.660000e+01 3.360200e+00
9.670000e+01 3.217100e+00
9.680000e+01 3.067700e+00
9.690000e+01 2.912200e+00
9.700000e+01 2.750800e+00
9.710000e+01 2.584200e+00
9.720000e+01 2.412400e+00
9.730000e+01 2.235800e+00
9.740000e+01 2.054900e+00
9.750000e+01 1.869800e+00
9.760000e+01 1.681000e+00
9.770000e+01 1.488800e+00
9.780000e+01 1.293600e+00
9.790000e+01 1.095700e+00
9.800000e+01 8.952800e-01
9.810000e+01 6.928600e-01
9.820000e+01 4.888300e-01
9.830000e+01 2.834700e-01
9.840000e+01 7.708500e-02
9.850000e+01 -1.299400e-01
9.860000e+01 -3.372400e-01
9.870000e+01 -5.442500e-01
9.880000e+01 -7.505300e-01
9.890000e+01 -9.557800e-01
9.900000e+01 -1.159300e+00
9.910000e+01 -1.360800e+00
9.920000e+01 -1.559900e+00
9.930000e+01 -1.755900e+00
9.940000e+01 -1.948400e+00
9.950000e+01 -2.137000e+00
9.960000e+01 -2.321200e+00
9.970000e+01 -2.500700e+00
9.980000e+01 -2.675100e+00
9.990000e+01 -2.844200e+00
1.000000e+02 -3.007700e+00
1.001000e+02 -3.165300e+00
1.002000e+02 -3.316900e+00
1.003000e+02 -3.462200e+00
1.004000e+02 -3.601000e+00
1.005000e+02 -3.733200e+00
1.006000e+02 -3.858300e+00
1.007000e+02 -3.976200e+00
1.008000e+02 -4.086700e+00
1.009000e+02 -4.189500e+00
1.010000e+02 -4.284500e+00
1.011000e+02 -4.371200e+00
1.012000e+02 -4.449500e+00
1.013000e+02 -4.519100e+00
1.014000e+02 -4.579700e+00
1.015000e+02 -4.631200e+00
1.016000e+02 -4.673300e+00
1.017000e+02 -4.706000e+00
1.018000e+02 -4.729200e+00
1.019000e+02 -4.742900e+00
1.020000e+02 -4.747000e+00
1.021000e+02 -4.741500e+00
1.022000e+02 -4.726500e+00
1.023000e+02 -4.702000e+00
1.024000e+02 -4.668300e+00
1.025000e+02 -4.625300e+00
1.026000e+02 -4.573300e+00
1.027000e+02 -4.512300e+00
1.028000e+02 -4.442400e+00
1.029000e+02 -4.363800e+00
1.030000e+02 -4.276700e+00
1.031000e+02 -4.181200e+00
1.032000e+02 -4.077600e+00
1.033000e+02 -3.965900e+00
1.034000e+02 -3.846300e+00
1.035000e+02 -3.719000e+00
1.036000e+02 -3.584300e+00
1.037000e+02 -3.442200e+00
1.038000e+02 -3.293200e+00
1.039000e+02 -3.137500e+00
1.040000e+02 -2.975200e+00
1.041000e+02 -2.806800e+00
1.042000e+02 -2.632500e+00
1.043000e+02 -2.452700e+00
1.044000e+02 -2.267700e+00
1.045000e+02 -2.078100e+00
1.046000e+02 -1.884100e+00
1.047000e+02 -1.686400e+00
1.048000e+02 -1.485300e+00
1.049000e+02 -1.281300e+00
1.050000e+02 -1.074700e+00
1.051000e+02 -8.660800e-01
1.052000e+02 -6.557900e-01
1.053000e+02 -4.440900e-01
1.054000e+02 -2.315600e-01
1.055000e+02 -1.831400e-02
1.056000e+02 1.953000e-01
1.057000e+02 4.089100e-01
1.058000e+02 6.220200e-01
1.059000e+02 8.343200e-01
1.060000e+02 1.045400e+00
1.061000e+02 1.254800e+00
1.062000e+02 1.462000e+00
1.063000e+02 1.666600e+00
1.064000e+02 1.868100e+00
1.065000e+02 2.066000e+00
1.066000e+02 2.259900e+00
1.067000e+02 2.449300e+00
1.068000e+02 2.634000e+00
1.069000e+02 2.813300e+00
1.070000e+02 2.987200e+00
1.071000e+02 3.155100e+00
1.072000e+02 3.316900e+00
1.073000e+02 3.472200e+00
1.074000e+02 3.620600e+00
1.075000e+02 3.762000e+00
1.076000e+02 3.895900e+00
1.077000e+02 4.022400e+00
1.078000e+02 4.141100e+00
1.079000e+02 4.251800e+00
1.080000e+02 4.354300e+00
1.081000e+02 4.448400e+00
1.082000e+02 4.533900e+00
1.083000e+02 4.610700e+00
1.084000e+02 4.678500e+00
1.085000e+02 4.737100e+00
1.086000e+02 4.786500e+00
1.087000e+02 4.826300e+00
1.088000e+02 4.856600e+00
1.089000e+02 4.876900e+00
1.090000e+02 4.887500e+00
1.091000e+02 4.888200e+00
1.092000e+02 4.878900e+00
1.093000e+02 4.859800e+00
1.094000e+02 4.831000e+00
1.095000e+02 4.792500e+00
1.096000e+02 4.744600e+00
1.097000e+02 4.687400e+00
1.098000e+02 4.621100e+00
1.099000e+02 4.545700e+00
1.100000e+02 4.461500e+00
1.101000e+02 4.368600e+00
1.102000e+02 4.267200e+00
1.103000e+02 4.157300e+00
1.104000e+02 4.039100e+00
1.105000e+02 3.912800e+00
1.106000e+02 3.778500e+00
1.107000e+02 3.636400e+00
1.108000e+02 3.486700e+00
1.109000e+02 3.329700e+00
1.110000e+02 3.165700e+00
1.111000e+02 2.995200e+00
1.112000e+02 2.818600e+00
1.113000e+02 2.636200e+00
1.114000e+02 2.448400e+00
1.115000e+02 2.255800e+00
1.116000e+02 2.058900e+00
1.117000e+02 1.857900e+00
1.118000e+02 1.653200e+00
1.119000e+02 1.445400e+00
1.120000e+02 1.234700e+00
1.121000e+02 1.021500e+00
1.122000e+02 8.063300e-01
1.123000e+02 5.894500e-01
1.124000e+02 3.714700e-01
1.125000e+02 1.526000e-01
1.126000e+02 -6.677700e-02
1.127000e+02 -2.863600e-01
1.128000e+02 -5.056600e-01
1.129000e+02 -7.242900e-01
1.130000e+02 -9.418800e-01
1.131000e+02 -1.158000e+00
1.132000e+02 -1.372000e+00
1.133000e+02 -1.583600e+00
1.134000e+02 -1.792400e+00
1.135000e+02 -1.997900e+00
1.136000e+02 -2.199700e+00
1.137000e+02 -2.397200e+00
1.138000e+02 -2.590100e+00
1.139000e+02 -2.777900e+00
1.140000e+02 -2.960200e+00
1.141000e+02 -3.136700e+00
1.142000e+02 -3.307000e+00
1.143000e+02 -3.470800e+00
1.144000e+02 -3.627800e+00
1.145000e+02 -3.777700e+00
1.146000e+02 -3.920200e+00
1.147000e+02 -4.054900e+00
1.148000e+02 -4.181700e+00
1.149000e+02 -4.300300e+00
1.150000e+02 -4.410500e+00
1.151000e+02 -4.512100e+00
1.152000e+02 -4.604800e+00
1.153000e+02 -4.688500e+00
1.154000e+02 -4.763000e+00
1.155000e+02 -4.828200e+00
1.156000e+02 -4.883800e+00
1.157000e+02 -4.929700e+00
1.158000e+02 -4.965800e+00
1.159000e+02 -4.992200e+00
1.160000e+02 -5.008800e+00
1.161000e+02 -5.015500e+00
1.162000e+02 -5.012200e+00
1.163000e+02 -4.998900e+00
1.164000e+02 -4.975800e+00
1.165000e+02 -4.942800e+00
1.166000e+02 -4.900000e+00
1.167000e+02 -4.847400e+00
1.168000e+02 -4.785100e+00
1.169000e+02 -4.713300e+00
1.170000e+02 -4.632000e+00
1.171000e+02 -4.541600e+00
1.172000e+02 -4.442000e+00
1.173000e+02 -4.333600e+00
1.174000e+02 -4.216400e+00
1.175000e+02 -4.090900e+00
1.176000e+02 -3.957300e+00
1.177000e+02 -3.815700e+00
1.178000e+02 -3.666600e+00
1.179000e+02 -3.510100e+00
1.180000e+02 -3.346600e+00
1.181000e+02 -3.176300e+00
1.182000e+02 -2.999600e+00
1.183000e+02 -2.816800e+00
1.184000e+02 -2.628200e+00
1.185000e+02 -2.434300e+00
1.186000e+02 -2.235500e+00
1.187000e+02 -2.032100e+00
1.188000e+02 -1.824700e+00
1.189000e+02 -1.613500e+00
1.190000e+02 -1.399000e+00
1.191000e+02 -1.181900e+00
1.192000e+02 -9.623700e-01
1.193000e+02 -7.407900e-01
1.194000e+02 -5.176100e-01
1.195000e+02 -2.934800e-01
1.196000e+02 -6.859900e-02
1.197000e+02 1.565700e-01
1.198000e+02 3.816100e-01
1.199000e+02 6.059100e-01
1.200000e+02 8.292000e-01
1.201000e+02 1.051000e+00
1.202000e+02 1.270900e+00
1.203000e+02 1.488500e+00
1.204000e+02 1.703500e+00
1.205000e+02 1.915400e+00
1.206000e+02 2.123700e+00
1.207000e+02 2.327900e+00
1.208000e+02 2.527600e+00
1.209000e+02 2.722700e+00
1.210000e+02 2.912400e+00
1.211000e+02 3.096600e+00
1.212000e+02 3.274900e+00
1.213000e+02 3.446900e+00
1.214000e+02 3.612000e+00
1.215000e+02 3.770000e+00
1.216000e+02 3.920300e+00
1.217000e+02 4.062700e+00
1.218000e+02 4.197000e+00
1.219000e+02 4.322900e+00
1.220000e+02 4.440200e+00
1.221000e+02 4.548600e+00
1.222000e+02 4.648100e+00
1.223000e+02 4.738300e+00
1.224000e+02 4.819300e+00
1.225000e+02 4.890900e+00
1.226000e+02 4.952900e+00
1.227000e+02 5.005200e+00
1.228000e+02 5.047800e+00
1.229000e+02 5.080700e+00
1.230000e+02 5.103600e+00
1.231000e+02 5.116500e+00
1.232000e+02 5.119400e+00
1.233000e+02 5.112200e+00
1.234000e+02 5.094700e+00
1.235000e+02 5.067100e+00
1.236000e+02 5.029300e+00
1.237000e+02 4.981500e+00
1.238000e+02 4.923600e+00
1.239000e+02 4.855900e+00
1.240000e+02 4.778400e+00
1.241000e+02 4.691400e+00
1.242000e+02 4.594900e+00
1.243000e+02 4.489100e+00
1.244000e+02 4.374400e+00
1.245000e+02 4.250900e+00
1.246000e+02 4.118900e+00
1.247000e+02 3.978700e+00
1.248000e+02 3.830600e+00
1.249000e+02 3.675000e+00
1.250000e+02 3.512000e+00
1.251000e+02 3.342100e+00
1.252000e+02 3.165500e+00
1.253000e+02 2.982600e+00
1.254000e+02 2.793700e+00
1.255000e+02 2.599200e+00
1.256000e+02 2.399700e+00
1.257000e+02 2.195300e+00
1.258000e+02 1.986600e+00
1.259000e+02 1.774200e+00
1.260000e+02 1.558400e+00
1.261000e+02 1.339600e+00
1.262000e+02 1.118100e+00
1.263000e+02 8.943200e-01
1.264000e+02 6.685600e-01
1.265000e+02 4.412300e-01
1.266000e+02 2.127300e-01
1.267000e+02 -1.658000e-02
1.268000e+02 -2.462500e-01
1.269000e+02 -4.759200e-01
1.270000e+02 -7.049100e-01
1.271000e+02 -9.325600e-01
1.272000e+02 -1.158300e+00
1.273000e+02 -1.381800e+00
1.274000e+02 -1.602200e+00
1.275000e+02 -1.819400e+00
1.276000e+02 -2.032700e+00
1.277000e+02 -2.242000e+00
1.278000e+02 -2.446700e+00
1.279000e+02 -2.646500e+00
1.280000e+02 -2.840900e+00
1.281000e+02 -3.029900e+00
1.282000e+02 -3.213000e+00
1.283000e+02 -3.390000e+00
1.284000e+02 -3.560400e+00
1.285000e+02 -3.724000e+00
1.286000e+02 -3.880600e+00
1.287000e+02 -4.029800e+00
1.288000e+02 -4.171200e+00
1.289000e+02 -4.304700e+00
1.290000e+02 -4.429800e+00
1.291000e+02 -4.546200e+00
1.292000e+02 -4.653700e+00
1.293000e+02 -4.752100e+00
1.294000e+02 -4.841000e+00
1.295000e+02 -4.920400e+00
1.296000e+02 -4.989800e+00
1.297000e+02 -5.049200e+00
1.298000e+02 -5.098500e+00
1.299000e+02 -5.137600e+00
1.300000e+02 -5.166400e+00
1.301000e+02 -5.184800e+00
1.302000e+02 -5.192800e+00
1.303000e+02 -5.190500e+00
1.304000e+02 -5.178000e+00
1.305000e+02 -5.155100e+00
1.306000e+02 -5.122200e+00
1.307000e+02 -5.079200e+00
1.308000e+02 -5.026200e+00
1.309000e+02 -4.963400e+00
1.310000e+02 -4.890800e+00
1.311000e+02 -4.808700e+00
1.312000e+02 -4.717100e+00
1.313000e+02 -4.616300e+00
1.314000e+02 -4.506200e+00
1.315000e+02 -4.387300e+00
1.316000e+02 -4.259600e+00
1.317000e+02 -4.123400e+00
1.318000e+02 -3.978900e+00
1.319000e+02 -3.826500e+00
1.320000e+02 -3.666300e+00
1.321000e+02 -3.498800e+00
1.322000e+02 -3.324100e+00
1.323000e+02 -3.142700e+00
1.324000e+02 -2.955000e+00
1.325000e+02 -2.761300e+00
1.326000e+02 -2.562200e+00
1.327000e+02 -2.358100e+00
1.328000e+02 -2.149400e+00
1.329000e+02 -1.936600e+00
1.330000e+02 -1.720200e+00
1.331000e+02 -1.500400e+00
1.332000e+02 -1.277900e+00
1.333000e+02 -1.053000e+00
1.334000e+02 -8.260200e-01
1.335000e+02 -5.975200e-01
1.336000e+02 -3.678100e-01
1.337000e+02 -1.372500e-01
1.338000e+02 9.378900e-02
1.339000e+02 3.251200e-01
1.340000e+02 5.561500e-01
1.341000e+02 7.862400e-01
1.342000e+02 1.014800e+00
1.343000e+02 1.241200e+00
1.344000e+02 1.465000e+00
1.345000e+02 1.685900e+00
1.346000e+02 1.903300e+00
1.347000e+02 2.116900e+00
1.348000e+02 2.326300e+00
1.349000e+02 2.531200e+00
1.350000e+02 2.731000e+00
1.351000e+02 2.925500e+00
1.352000e+02 3.114500e+00
1.353000e+02 3.297300e+00
1.354000e+02 3.474000e+00
1.355000e+02 3.644100e+00
1.356000e+02 3.807100e+00
1.357000e+02 3.962800e+00
1.358000e+02 4.110800e+00
1.359000e+02 4.250700e+00
1.360000e+02 4.382300e+00
1.361000e+02 4.505200e+00
1.362000e+02 4.619300e+00
1.363000e+02 4.724200e+00
1.364000e+02 4.819700e+00
1.365000e+02 4.905800e+00
1.366000e+02 4.982100e+00
1.367000e+02 5.048500e+00
1.368000e+02 5.104900e+00
1.369000e+02 5.151100e+00
1.370000e+02 5.187000e+00
1.371000e+02 5.212500e+00
1.372000e+02 5.227600e+00
1.373000e+02 5.232300e+00
1.374000e+02 5.226700e+00
1.375000e+02 5.210700e+00
1.376000e+02 5.184300e+00
1.377000e+02 5.147600e+00
1.378000e+02 5.100600e+00
1.379000e+02 5.043600e+00
1.380000e+02 4.976600e+00
1.381000e+02 4.899800e+00
1.382000e+02 4.813400e+00
1.383000e+02 4.717600e+00
1.384000e+02 4.612600e+00
1.385000e+02 4.498500e+00
1.386000e+02 4.375800e+00
1.387000e+02 4.244400e+00
1.388000e+02 4.104600e+00
1.389000e+02 3.956700e+00
1.390000e+02 3.800900e+00
1.391000e+02 3.637300e+00
1.392000e+02 3.466600e+00
1.393000e+02 3.288700e+00
1.394000e+02 3.104200e+00
1.395000e+02 2.913300e+00
1.396000e+02 2.716600e+00
1.397000e+02 2.514300e+00
1.398000e+02 2.307100e+00
1.399000e+02 2.095300e+00
1.400000e+02 1.879600e+00
1.401000e+02 1.660300e+00
1.402000e+02 1.437800e+00
1.403000e+02 1.212600e+00
1.404000e+02 9.851900e-01
1.405000e+02 7.558700e-01
1.406000e+02 5.250600e-01
1.407000e+02 2.932200e-01
1.408000e+02 6.067900e-02
1.409000e+02 -1.721600e-01
1.410000e+02 -4.048900e-01
1.411000e+02 -6.371100e-01
1.412000e+02 -8.683400e-01
1.413000e+02 -1.097900e+00
1.414000e+02 -1.325700e+00
1.415000e+02 -1.551200e+00
1.416000e+02 -1.773800e+00
1.417000e+02 -1.993000e+00
1.418000e+02 -2.208400e+00
1.419000e+02 -2.419600e+00
1.420000e+02 -2.626000e+00
1.421000e+02 -2.827300e+00
1.422000e+02 -3.023000e+00
1.423000e+02 -3.212500e+00
1.424000e+02 -3.395600e+00
1.425000e+02 -3.572100e+00
1.426000e+02 -3.741300e+00
1.427000e+02 -3.903000e+00
1.428000e+02 -4.057100e+00
1.429000e+02 -4.203100e+00
1.430000e+02 -4.340700e+00
1.431000e+02 -4.469800e+00
1.432000e+02 -4.590000e+00
1.433000e+02 -4.701200e+00
1.434000e+02 -4.803100e+00
1.435000e+02 -4.895700e+00
1.436000e+02 -4.978600e+00
1.437000e+02 -5.051900e+00
1.438000e+02 -5.115300e+00
1.439000e+02 -5.168700e+00
1.440000e+02 -5.212100e+00
1.441000e+02 -5.245200e+00
1.442000e+02 -5.268100e+00
1.443000e+02 -5.280700e+00
1.444000e+02 -5.282900e+00
1.445000e+02 -5.274500e+00
1.446000e+02 -5.255800e+00
1.447000e+02 -5.226600e+00
1.448000e+02 -5.187100e+00
1.449000e+02 -5.137300e+00
1.450000e+02 -5.077300e+00
1.451000e+02 -5.007400e+00
1.452000e+02 -4.927600e+00
1.453000e+02 -4.838000e+00
1.454000e+02 -4.738900e+00
1.455000e+02 -4.630300e+00
1.456000e+02 -4.512400e+00
1.457000e+02 -4.385500e+00
1.458000e+02 -4.250000e+00
1.459000e+02 -4.105900e+00
1.460000e+02 -3.953500e+00
1.461000e+02 -3.793200e+00
1.462000e+02 -3.625300e+00
1.463000e+02 -3.450100e+00
1.464000e+02 -3.268100e+00
1.465000e+02 -3.079600e+00
1.466000e+02 -2.885200e+00
1.467000e+02 -2.685200e+00
1.468000e+02 -2.479800e+00
1.469000e+02 -2.269700e+00
1.470000e+02 -2.055200e+00
1.471000e+02 -1.836700e+00
1.472000e+02 -1.614500e+00
1.473000e+02 -1.389000e+00
1.474000e+02 -1.160900e+00
1.475000e+02 -9.303600e-01
1.476000e+02 -6.979600e-01
1.477000e+02 -4.641700e-01
1.478000e+02 -2.294300e-01
1.479000e+02 5.835900e-03
1.480000e+02 2.411900e-01
1.481000e+02 4.762300e-01
1.482000e+02 7.104800e-01
1.483000e+02 9.434400e-01
1.484000e+02 1.174600e+00
1.485000e+02 1.403600e+00
1.486000e+02 1.630000e+00
1.487000e+02 1.853200e+00
1.488000e+02 2.072900e+00
1.489000e+02 2.288500e+00
1.490000e+02 2.499600e+00
1.491000e+02 2.705900e+00
1.492000e+02 2.906800e+00
1.493000e+02 3.102000e+00
1.494000e+02 3.291000e+00
1.495000e+02 3.473500e+00
1.496000e+02 3.649100e+00
1.497000e+02 3.817400e+00
1.498000e+02 3.978000e+00
1.499000e+02 4.130700e+00
1.500000e+02 4.275200e+00
1.501000e+02 4.411200e+00
1.502000e+02 4.538300e+00
1.503000e+02 4.656200e+00
1.504000e+02 4.764800e+00
1.505000e+02 4.863800e+00
1.506000e+02 4.953200e+00
1.507000e+02 5.032800e+00
1.508000e+02 5.102500e+00
1.509000e+02 5.162200e+00
1.510000e+02 5.211800e+00
1.511000e+02 5.251300e+00
1.512000e+02 5.280500e+00
1.513000e+02 5.299500e+00
1.514000e+02 5.308100e+00
1.515000e+02 5.306300e+00
1.516000e+02 5.294000e+00
1.517000e+02 5.271400e+00
1.518000e+02 5.238400e+00
1.519000e+02 5.195100e+00
1.520000e+02 5.141400e+00
1.521000e+02 5.077500e+00
1.522000e+02 5.003300e+00
1.523000e+02 4.919200e+00
1.524000e+02 4.825200e+00
1.525000e+02 4.721500e+00
1.526000e+02 4.608300e+00
1.527000e+02 4.486000e+00
1.528000e+02 4.354800e+00
1.529000e+02 4.214900e+00
1.530000e+02 4.066600e+00
1.531000e+02 3.910300e+00
1.532000e+02 3.746400e+00
1.533000e+02 3.575000e+00
1.534000e+02 3.396600e+00
1.535000e+02 3.211600e+00
1.536000e+02 3.020400e+00
1.537000e+02 2.823400e+00
1.538000e+02 2.620800e+00
1.539000e+02 2.413200e+00
1.540000e+02 2.200800e+00
1.541000e+02 1.984000e+00
1.542000e+02 1.763300e+00
1.543000e+02 1.539100e+00
1.544000e+02 1.311900e+00
1.545000e+02 1.082000e+00
1.546000e+02 8.497400e-01
1.547000e+02 6.156900e-01
1.548000e+02 3.803700e-01
1.549000e+02 1.442200e-01
1.550000e+02 -9.230500e-02
1.551000e+02 -3.287200e-01
1.552000e+02 -5.645200e-01
1.553000e+02 -7.992300e-01
1.554000e+02 -1.032400e+00
1.555000e+02 -1.263500e+00
1.556000e+02 -1.492100e+00
1.557000e+02 -1.717600e+00
1.558000e+02 -1.939600e+00
1.559000e+02 -2.157600e+00
1.560000e+02 -2.371400e+00
1.561000e+02 -2.580500e+00
1.562000e+02 -2.784500e+00
1.563000e+02 -2.983300e+00
1.564000e+02 -3.176300e+00
1.565000e+02 -3.363300e+00
1.566000e+02 -3.543900e+00
1.567000e+02 -3.717600e+00
1.568000e+02 -3.884200e+00
1.569000e+02 -4.043200e+00
1.570000e+02 -4.194400e+00
1.571000e+02 -4.337300e+00
1.572000e+02 -4.471700e+00
1.573000e+02 -4.597300e+00
1.574000e+02 -4.713800e+00
1.575000e+02 -4.820800e+00
1.576000e+02 -4.918300e+00
1.577000e+02 -5.006000e+00
1.578000e+02 -5.083700e+00
1.579000e+02 -5.151300e+00
1.580000e+02 -5.208600e+00
1.581000e+02 -5.255600e+00
1.582000e+02 -5.292100e+00
1.583000e+02 -5.318000e+00
1.584000e+02 -5.333400e+00
1.585000e+02 -5.338100e+00
1.586000e+02 -5.332300e+00
1.587000e+02 -5.316100e+00
1.588000e+02 -5.289400e+00
1.589000e+02 -5.252400e+00
1.590000e+02 -5.205200e+00
1.591000e+02 -5.147900e+00
1.592000e+02 -5.080600e+00
1.593000e+02 -5.003400e+00
1.594000e+02 -4.916500e+00
1.595000e+02 -4.820100e+00
1.596000e+02 -4.714200e+00
1.597000e+02 -4.599000e+00
1.598000e+02 -4.474700e+00
1.599000e+02 -4.341600e+00
1.600000e+02 -4.199800e+00
1.601000e+02 -4.049500e+00
1.602000e+02 -3.891100e+00
1.603000e+02 -3.725000e+00
1.604000e+02 -3.551400e+00
1.605000e+02 -3.370700e+00
1.606000e+02 -3.183400e+00
1.607000e+02 -2.989800e+00
1.608000e+02 -2.790300e+00
1.609000e+02 -2.585200e+00
1.610000e+02 -2.375100e+00
1.611000e+02 -2.160400e+00
1.612000e+02 -1.941500e+00
1.613000e+02 -1.718800e+00
1.614000e+02 -1.493000e+00
1.615000e+02 -1.264300e+00
1.616000e+02 -1.033300e+00
1.617000e+02 -8.003900e-01
1.618000e+02 -5.660900e-01
1.619000e+02 -3.308300e-01
1.620000e+02 -9.503300e-02
1.621000e+02 1.409200e-01
1.622000e+02 3.766600e-01
1.623000e+02 6.117200e-01
1.624000e+02 8.457900e-01
1.625000e+02 1.078200e+00
1.626000e+02 1.308300e+00
1.627000e+02 1.535800e+00
1.628000e+02 1.760200e+00
1.629000e+02 1.981100e+00
1.630000e+02 2.197900e+00
1.631000e+02 2.410300e+00
1.632000e+02 2.618000e+00
1.633000e+02 2.820600e+00
1.634000e+02 3.017500e+00
1.635000e+02 3.208500e+00
1.636000e+02 3.393100e+00
1.637000e+02 3.571200e+00
1.638000e+02 3.742300e+00
1.639000e+02 3.906200e+00
1.640000e+02 4.062400e+00
1.641000e+02 4.210800e+00
1.642000e+02 4.351000e+00
1.643000e+02 4.482600e+00
1.644000e+02 4.605400e+00
1.645000e+02 4.718900e+00
1.646000e+02 4.823000e+00
1.647000e+02 4.917400e+00
1.648000e+02 5.002100e+00
1.649000e+02 5.076700e+00
1.650000e+02 5.141100e+00
1.651000e+02 5.195300e+00
1.652000e+02 5.239200e+00
1.653000e+02 5.272600e+00
1.654000e+02 5.295500e+00
1.655000e+02 5.308000e+00
1.656000e+02 5.309900e+00
1.657000e+02 5.301400e+00
1.658000e+02 5.282600e+00
1.659000e+02 5.253500e+00
1.660000e+02 5.214100e+00
1.661000e+02 5.164600e+00
1.662000e+02 5.105100e+00
1.663000e+02 5.035500e+00
1.664000e+02 4.956100e+00
1.665000e+02 4.867000e+00
1.666000e+02 4.768400e+00
1.667000e+02 4.660400e+00
1.668000e+02 4.543200e+00
1.669000e+02 4.417000e+00
1.670000e+02 4.282000e+00
1.671000e+02 4.138400e+00
1.672000e+02 3.986500e+00
1.673000e+02 3.826600e+00
1.674000e+02 3.659100e+00
1.675000e+02 3.484300e+00
1.676000e+02 3.302400e+00
1.677000e+02 3.114000e+00
1.678000e+02 2.919400e+00
1.679000e+02 2.719200e+00
1.680000e+02 2.513700e+00
1.681000e+02 2.303400e+00
1.682000e+02 2.088800e+00
1.683000e+02 1.870300e+00
1.684000e+02 1.648400e+00
1.685000e+02 1.423500e+00
1.686000e+02 1.195800e+00
1.687000e+02 9.659600e-01
1.688000e+02 7.343300e-01
1.689000e+02 5.012500e-01
1.690000e+02 2.671200e-01
1.691000e+02 3.243900e-02
1.692000e+02 -2.024600e-01
1.693000e+02 -4.371200e-01
1.694000e+02 -6.710800e-01
1.695000e+02 -9.038800e-01
1.696000e+02 -1.135100e+00
1.697000e+02 -1.364100e+00
1.698000e+02 -1.590500e+00
1.699000e+02 -1.813800e+00
1.700000e+02 -2.033500e+00
1.701000e+02 -2.249300e+00
1.702000e+02 -2.460700e+00
1.703000e+02 -2.667400e+00
1.704000e+02 -2.868800e+00
1.705000e+02 -3.064400e+00
1.706000e+02 -3.253900e+00
1.707000e+02 -3.437000e+00
1.708000e+02 -3.612900e+00
1.709000e+02 -3.781700e+00
1.710000e+02 -3.942800e+00
1.711000e+02 -4.096000e+00
1.712000e+02 -4.241100e+00
1.713000e+02 -4.377800e+00
1.714000e+02 -4.505800e+00
1.715000e+02 -4.625100e+00
1.716000e+02 -4.735200e+00
1.717000e+02 -4.836200e+00
1.718000e+02 -4.927700e+00
1.719000e+02 -5.009600e+00
1.720000e+02 -5.081700e+00
1.721000e+02 -5.143800e+00
1.722000e+02 -5.195700e+00
1.723000e+02 -5.237400e+00
1.724000e+02 -5.268800e+00
1.725000e+02 -5.289800e+00
1.726000e+02 -5.300200e+00
1.727000e+02 -5.300100e+00
1.728000e+02 -5.289400e+00
1.729000e+02 -5.268200e+00
1.730000e+02 -5.236600e+00
1.731000e+02 -5.194600e+00
1.732000e+02 -5.142400e+00
1.733000e+02 -5.080000e+00
1.734000e+02 -5.007600e+00
1.735000e+02 -4.925300e+00
1.736000e+02 -4.833500e+00
1.737000e+02 -4.732200e+00
1.738000e+02 -4.621600e+00
1.739000e+02 -4.501800e+00
1.740000e+02 -4.373200e+00
1.741000e+02 -4.236000e+00
1.742000e+02 -4.090500e+00
1.743000e+02 -3.937100e+00
1.744000e+02 -3.775900e+00
1.745000e+02 -3.607400e+00
1.746000e+02 -3.431900e+00
1.747000e+02 -3.249600e+00
1.748000e+02 -3.061000e+00
1.749000e+02 -2.866500e+00
1.750000e+02 -2.666400e+00
1.751000e+02 -2.461100e+00
1.752000e+02 -2.251100e+00
1.753000e+02 -2.036800e+00
1.754000e+02 -1.818600e+00
1.755000e+02 -1.596700e+00
1.756000e+02 -1.371700e+00
1.757000e+02 -1.144100e+00
1.758000e+02 -9.141100e-01
1.759000e+02 -6.822200e-01
1.760000e+02 -4.489800e-01
1.761000e+02 -2.150100e-01
1.762000e+02 1.947400e-02
1.763000e+02 2.540300e-01
1.764000e+02 4.881100e-01
1.765000e+02 7.211600e-01
1.766000e+02 9.529000e-01
1.767000e+02 1.182800e+00
1.768000e+02 1.410400e+00
1.769000e+02 1.635200e+00
1.770000e+02 1.856600e+00
1.771000e+02 2.074500e+00
1.772000e+02 2.288300e+00
1.773000e+02 2.497600e+00
1.774000e+02 2.701900e+00
1.775000e+02 2.900900e+00
1.776000e+02 3.094000e+00
1.777000e+02 3.280900e+00
1.778000e+02 3.461200e+00
1.779000e+02 3.634600e+00
1.780000e+02 3.800700e+00
1.781000e+02 3.959200e+00
1.782000e+02 4.109900e+00
1.783000e+02 4.252300e+00
1.784000e+02 4.386300e+00
1.785000e+02 4.511600e+00
1.786000e+02 4.628100e+00
1.787000e+02 4.735400e+00
1.788000e+02 4.833500e+00
1.789000e+02 4.922100e+00
1.790000e+02 5.001000e+00
1.791000e+02 5.070000e+00
1.792000e+02 5.129100e+00
1.793000e+02 5.178000e+00
1.794000e+02 5.216700e+00
1.795000e+02 5.245200e+00
1.796000e+02 5.263400e+00
1.797000e+02 5.271200e+00
1.798000e+02 5.268800e+00
1.799000e+02 5.256000e+00
1.800000e+02 5.233000e+00
1.801000e+02 5.199700e+00
1.802000e+02 5.156200e+00
1.803000e+02 5.102500e+00
1.804000e+02 5.038800e+00
1.805000e+02 4.965200e+00
1.806000e+02 4.881700e+00
1.807000e+02 4.788500e+00
1.808000e+02 4.685800e+00
1.809000e+02 4.573700e+00
1.810000e+02 4.452400e+00
1.811000e+02 4.322300e+00
1.812000e+02 4.183600e+00
1.813000e+02 4.036700e+00
1.814000e+02 3.881800e+00
1.815000e+02 3.719400e+00
1.816000e+02 3.549900e+00
1.817000e+02 3.373500e+00
1.818000e+02 3.190700e+00
1.819000e+02 3.001800e+00
1.820000e+02 2.807300e+00
1.821000e+02 2.607400e+00
1.822000e+02 2.402400e+00
1.823000e+02 2.192900e+00
1.824000e+02 1.979200e+00
1.825000e+02 1.761600e+00
1.826000e+02 1.540500e+00
1.827000e+02 1.316400e+00
1.828000e+02 1.089600e+00
1.829000e+02 8.607000e-01
1.830000e+02 6.301400e-01
1.831000e+02 3.983300e-01
1.832000e+02 1.656900e-01
1.833000e+02 -6.731800e-02
1.834000e+02 -3.002400e-01
1.835000e+02 -5.325500e-01
1.836000e+02 -7.638600e-01
1.837000e+02 -9.938000e-01
1.838000e+02 -1.221700e+00
1.839000e+02 -1.447100e+00
1.840000e+02 -1.669900e+00
1.841000e+02 -1.889300e+00
1.842000e+02 -2.104900e+00
1.843000e+02 -2.316200e+00
1.844000e+02 -2.522800e+00
1.845000e+02 -2.724300e+00
1.846000e+02 -2.920400e+00
1.847000e+02 -3.110500e+00
1.848000e+02 -3.294400e+00
1.849000e+02 -3.471600e+00
1.850000e+02 -3.641700e+00
1.851000e+02 -3.804500e+00
1.852000e+02 -3.959700e+00
1.853000e+02 -4.107000e+00
1.854000e+02 -4.246200e+00
1.855000e+02 -4.377300e+00
1.856000e+02 -4.500000e+00
1.857000e+02 -4.614000e+00
1.858000e+02 -4.719100e+00
1.859000e+02 -4.815000e+00
1.860000e+02 -4.901500e+00
1.861000e+02 -4.978300e+00
1.862000e+02 -5.045300e+00
1.863000e+02 -5.102300e+00
1.864000e+02 -5.149300e+00
1.865000e+02 -5.186000e+00
1.866000e+02 -5.212400e+00
1.867000e+02 -5.228500e+00
1.868000e+02 -5.234300e+00
1.869000e+02 -5.229800e+00
1.870000e+02 -5.215000e+00
1.871000e+02 -5.190100e+00
1.872000e+02 -5.154900e+00
1.873000e+02 -5.109700e+00
1.874000e+02 -5.054400e+00
1.875000e+02 -4.989300e+00
1.876000e+02 -4.914500e+00
1.877000e+02 -4.830000e+00
1.878000e+02 -4.736100e+00
1.879000e+02 -4.632900e+00
1.880000e+02 -4.520700e+00
1.881000e+02 -4.399700e+00
1.882000e+02 -4.270000e+00
1.883000e+02 -4.132100e+00
1.884000e+02 -3.986100e+00
1.885000e+02 -3.832400e+00
1.886000e+02 -3.671500e+00
1.887000e+02 -3.503500e+00
1.888000e+02 -3.328800e+00
1.889000e+02 -3.147700e+00
1.890000e+02 -2.960500e+00
1.891000e+02 -2.767700e+00
1.892000e+02 -2.569500e+00
1.893000e+02 -2.366200e+00
1.894000e+02 -2.158100e+00
1.895000e+02 -1.945800e+00
1.896000e+02 -1.729500e+00
1.897000e+02 -1.509700e+00
1.898000e+02 -1.287000e+00
1.899000e+02 -1.061700e+00
1.900000e+02 -8.344500e-01
1.901000e+02 -6.056300e-01
1.902000e+02 -3.758300e-01
1.903000e+02 -1.454100e-01
1.904000e+02 8.528800e-02
1.905000e+02 3.158200e-01
1.906000e+02 5.458600e-01
1.907000e+02 7.746500e-01
1.908000e+02 1.001900e+00
1.909000e+02 1.227100e+00
1.910000e+02 1.449800e+00
1.911000e+02 1.669500e+00
1.912000e+02 1.885700e+00
1.913000e+02 2.098000e+00
1.914000e+02 2.306000e+00
1.915000e+02 2.509100e+00
1.916000e+02 2.707100e+00
1.917000e+02 2.899700e+00
1.918000e+02 3.086600e+00
1.919000e+02 3.267300e+00
1.920000e+02 3.441700e+00
1.921000e+02 3.609300e+00
1.922000e+02 3.769800e+00
1.923000e+02 3.923000e+00
1.924000e+02 4.068300e+00
1.925000e+02 4.205600e+00
1.926000e+02 4.334800e+00
1.927000e+02 4.455500e+00
1.928000e+02 4.567500e+00
1.929000e+02 4.670400e+00
1.930000e+02 4.764200e+00
1.931000e+02 4.848600e+00
1.932000e+02 4.923500e+00
1.933000e+02 4.988500e+00
1.934000e+02 5.043500e+00
1.935000e+02 5.088400e+00
1.936000e+02 5.123100e+00
1.937000e+02 5.147500e+00
1.938000e+02 5.161500e+00
1.939000e+02 5.165200e+00
1.940000e+02 5.158600e+00
1.941000e+02 5.141900e+00
1.942000e+02 5.115100e+00
1.943000e+02 5.078300e+00
1.944000e+02 5.031600e+00
1.945000e+02 4.975300e+00
1.946000e+02 4.909400e+00
1.947000e+02 4.834200e+00
1.948000e+02 4.749700e+00
1.949000e+02 4.656300e+00
1.950000e+02 4.554100e+00
1.951000e+02 4.443100e+00
1.952000e+02 4.323600e+00
1.953000e+02 4.195800e+00
1.954000e+02 4.059800e+00
1.955000e+02 3.915900e+00
1.956000e+02 3.764300e+00
1.957000e+02 3.605300e+00
1.958000e+02 3.439200e+00
1.959000e+02 3.266200e+00
1.960000e+02 3.086800e+00
1.961000e+02 2.901400e+00
1.962000e+02 2.710400e+00
1.963000e+02 2.514200e+00
1.964000e+02 2.313300e+00
1.965000e+02 2.107800e+00
1.966000e+02 1.898500e+00
1.967000e+02 1.685600e+00
1.968000e+02 1.469200e+00
1.969000e+02 1.250100e+00
1.970000e+02 1.028600e+00
1.971000e+02 8.048900e-01
1.972000e+02 5.797200e-01
1.973000e+02 3.534400e-01
1.974000e+02 1.266000e-01
1.975000e+02 -1.003300e-01
1.976000e+02 -3.268900e-01
1.977000e+02 -5.526900e-01
1.978000e+02 -7.772200e-01
1.979000e+02 -1.000100e+00
1.980000e+02 -1.220900e+00
1.981000e+02 -1.439200e+00
1.982000e+02 -1.654500e+00
1.983000e+02 -1.866500e+00
1.984000e+02 -2.074800e+00
1.985000e+02 -2.278900e+00
1.986000e+02 -2.478600e+00
1.987000e+02 -2.673300e+00
1.988000e+02 -2.862700e+00
1.989000e+02 -3.046400e+00
1.990000e+02 -3.224000e+00
1.991000e+02 -3.395300e+00
1.992000e+02 -3.559800e+00
1.993000e+02 -3.717300e+00
1.994000e+02 -3.867500e+00
1.995000e+02 -4.009900e+00
1.996000e+02 -4.144400e+00
1.997000e+02 -4.270800e+00
1.998000e+02 -4.388700e+00
1.999000e+02 -4.497900e+00
2.000000e+02 -4.598000e+00
2.001000e+02 -4.689000e+00
2.002000e+02 -4.770700e+00
2.003000e+02 -4.843000e+00
2.004000e+02 -4.905700e+00
2.005000e+02 -4.958700e+00
2.006000e+02 -5.002000e+00
2.007000e+02 -5.035400e+00
2.008000e+02 -5.059000e+00
2.009000e+02 -5.072800e+00
2.010000e+02 -5.076900e+00
2.011000e+02 -5.071300e+00
2.012000e+02 -5.056200e+00
2.013000e+02 -5.031900e+00
2.014000e+02 -4.998300e+00
2.015000e+02 -4.955600e+00
2.016000e+02 -4.904100e+00
2.017000e+02 -4.843900e+00
2.018000e+02 -4.775100e+00
2.019000e+02 -4.697900e+00
2.020000e+02 -4.612300e+00
2.021000e+02 -4.518400e+00
2.022000e+02 -4.416400e+00
2.023000e+02 -4.306200e+00
2.024000e+02 -4.188000e+00
2.025000e+02 -4.062100e+00
2.026000e+02 -3.928600e+00
2.027000e+02 -3.787700e+00
2.028000e+02 -3.639600e+00
2.029000e+02 -3.484700e+00
2.030000e+02 -3.323200e+00
2.031000e+02 -3.155500e+00
2.032000e+02 -2.982000e+00
2.033000e+02 -2.803100e+00
2.034000e+02 -2.619400e+00
2.035000e+02 -2.431300e+00
2.036000e+02 -2.239200e+00
2.037000e+02 -2.043800e+00
2.038000e+02 -1.845500e+00
2.039000e+02 -1.644900e+00
2.040000e+02 -1.442300e+00
2.041000e+02 -1.238200e+00
2.042000e+02 -1.032800e+00
2.043000e+02 -8.259400e-01
2.044000e+02 -6.181500e-01
2.045000e+02 -4.096700e-01
2.046000e+02 -2.007400e-01
2.047000e+02 8.434000e-03
2.048000e+02 2.176500e-01
2.049000e+02 4.264800e-01
2.050000e+02 6.346600e-01
2.051000e+02 8.417900e-01
2.052000e+02 1.047500e+00
2.053000e+02 1.251500e+00
2.054000e+02 1.453400e+00
2.055000e+02 1.652500e+00
2.056000e+02 1.848300e+00
2.057000e+02 2.040100e+00
2.058000e+02 2.227400e+00
2.059000e+02 2.409600e+00
2.060000e+02 2.586100e+00
2.061000e+02 2.756600e+00
2.062000e+02 2.920600e+00
2.063000e+02 3.077800e+00
2.064000e+02 3.227700e+00
2.065000e+02 3.370100e+00
2.066000e+02 3.504800e+00
2.067000e+02 3.631400e+00
2.068000e+02 3.749900e+00
2.069000e+02 3.860200e+00
2.070000e+02 3.962300e+00
2.071000e+02 4.056300e+00
2.072000e+02 4.142200e+00
2.073000e+02 4.220000e+00
2.074000e+02 4.289800e+00
2.075000e+02 4.351800e+00
2.076000e+02 4.405900e+00
2.077000e+02 4.452300e+00
2.078000e+02 4.491000e+00
2.079000e+02 4.522000e+00
2.080000e+02 4.545300e+00
2.081000e+02 4.560800e+00
2.082000e+02 4.568400e+00
2.083000e+02 4.567900e+00
2.084000e+02 4.559200e+00
2.085000e+02 4.541900e+00
2.086000e+02 4.515900e+00
2.087000e+02 4.481000e+00
2.088000e+02 4.437100e+00
2.089000e+02 4.384100e+00
2.090000e+02 4.321900e+00
2.091000e+02 4.250700e+00
2.092000e+02 4.170400e+00
2.093000e+02 4.081400e+00
2.094000e+02 3.983900e+00
2.095000e+02 3.878300e+00
2.096000e+02 3.765100e+00
2.097000e+02 3.644700e+00
2.098000e+02 3.517800e+00
2.099000e+02 3.384900e+00
2.100000e+02 3.246400e+00
2.101000e+02 3.103100e+00
2.102000e+02 2.955200e+00
2.103000e+02 2.803200e+00
2.104000e+02 2.647300e+00
2.105000e+02 2.488000e+00
2.106000e+02 2.325300e+00
2.107000e+02 2.159400e+00
2.108000e+02 1.990500e+00
2.109000e+02 1.818800e+00
2.110000e+02 1.644300e+00
2.111000e+02 1.467200e+00
2.112000e+02 1.287600e+00
2.113000e+02 1.105800e+00
2.114000e+02 9.218400e-01
2.115000e+02 7.359200e-01
2.116000e+02 5.482300e-01
2.117000e+02 3.591500e-01
2.118000e+02 1.689400e-01
2.119000e+02 -2.194000e-02
2.120000e+02 -2.130900e-01
2.121000e+02 -4.040000e-01
2.122000e+02 -5.942800e-01
2.123000e+02 -7.834400e-01
2.124000e+02 -9.707900e-01
2.125000e+02 -1.155900e+00
2.126000e+02 -1.338300e+00
2.127000e+02 -1.517500e+00
2.128000e+02 -1.693200e+00
2.129000e+02 -1.864900e+00
2.130000e+02 -2.032200e+00
2.131000e+02 -2.194600e+00
2.132000e+02 -2.351700e+00
2.133000e+02 -2.503300e+00
2.134000e+02 -2.649000e+00
2.135000e+02 -2.788600e+00
2.136000e+02 -2.921700e+00
2.137000e+02 -3.048100e+00
2.138000e+02 -3.167600e+00
2.139000e+02 -3.279900e+00
2.140000e+02 -3.384900e+00
2.141000e+02 -3.482300e+00
2.142000e+02 -3.572300e+00
2.143000e+02 -3.654800e+00
2.144000e+02 -3.729700e+00
2.145000e+02 -3.797300e+00
2.146000e+02 -3.857600e+00
2.147000e+02 -3.910700e+00
2.148000e+02 -3.956800e+00
2.149000e+02 -3.996000e+00
2.150000e+02 -4.028500e+00
2.151000e+02 -4.054300e+00
2.152000e+02 -4.073400e+00
2.153000e+02 -4.085800e+00
2.154000e+02 -4.091500e+00
2.155000e+02 -4.090500e+00
2.156000e+02 -4.082400e+00
2.157000e+02 -4.067400e+00
2.158000e+02 -4.045100e+00
2.159000e+02 -4.015400e+00
2.160000e+02 -3.978300e+00
2.161000e+02 -3.933700e+00
2.162000e+02 -3.881500e+00
2.163000e+02 -3.821500e+00
2.164000e+02 -3.753800e+00
2.165000e+02 -3.678300e+00
2.166000e+02 -3.595300e+00
2.167000e+02 -3.504900e+00
2.168000e+02 -3.407200e+00
2.169000e+02 -3.302400e+00
2.170000e+02 -3.190900e+00
2.171000e+02 -3.072900e+00
2.172000e+02 -2.948900e+00
2.173000e+02 -2.819000e+00
2.174000e+02 -2.683800e+00
2.175000e+02 -2.543700e+00
2.176000e+02 -2.399200e+00
2.177000e+02 -2.250600e+00
2.178000e+02 -2.098400e+00
2.179000e+02 -1.943100e+00
2.180000e+02 -1.785200e+00
2.181000e+02 -1.625000e+00
2.182000e+02 -1.462900e+00
2.183000e+02 -1.299500e+00
2.184000e+02 -1.135100e+00
2.185000e+02 -9.702300e-01
2.186000e+02 -8.050300e-01
2.187000e+02 -6.396900e-01
2.188000e+02 -4.744500e-01
2.189000e+02 -3.097100e-01
2.190000e+02 -1.454000e-01
2.191000e+02 1.840700e-02
2.192000e+02 1.815200e-01
2.193000e+02 3.438500e-01
2.194000e+02 5.053300e-01
2.195000e+02 6.658700e-01
2.196000e+02 8.253800e-01
2.197000e+02 9.837000e-01
2.198000e+02 1.140500e+00
2.199000e+02 1.295800e+00
2.200000e+02 1.449300e+00
2.201000e+02 1.600600e+00
2.202000e+02 1.749500e+00
2.203000e+02 1.895400e+00
2.204000e+02 2.037900e+00
2.205000e+02 2.176500e+00
2.206000e+02 2.310800e+00
2.207000e+02 2.440100e+00
2.208000e+02 2.564100e+00
2.209000e+02 2.682200e+00
2.210000e+02 2.794300e+00
2.211000e+02 2.899700e+00
2.212000e+02 2.998400e+00
2.213000e+02 3.090000e+00
2.214000e+02 3.174400e+00
2.215000e+02 3.251500e+00
2.216000e+02 3.321300e+00
2.217000e+02 3.383900e+00
2.218000e+02 3.439300e+00
2.219000e+02 3.487700e+00
2.220000e+02 3.529200e+00
2.221000e+02 3.564100e+00
2.222000e+02 3.592500e+00
2.223000e+02 3.614500e+00
2.224000e+02 3.630500e+00
2.225000e+02 3.640300e+00
2.226000e+02 3.644200e+00
2.227000e+02 3.642200e+00
2.228000e+02 3.634200e+00
2.229000e+02 3.620000e+00
2.230000e+02 3.599800e+00
2.231000e+02 3.573100e+00
2.232000e+02 3.540000e+00
2.233000e+02 3.500300e+00
2.234000e+02 3.453900e+00
2.235000e+02 3.400600e+00
2.236000e+02 3.340600e+00
2.237000e+02 3.273900e+00
2.238000e+02 3.200400e+00
2.239000e+02 3.120500e+00
2.240000e+02 3.034200e+00
2.241000e+02 2.941900e+00
2.242000e+02 2.843900e+00
2.243000e+02 2.740500e+00
2.244000e+02 2.632100e+00
2.245000e+02 2.519100e+00
2.246000e+02 2.402000e+00
2.247000e+02 2.281200e+00
2.248000e+02 2.157000e+00
2.249000e+02 2.029800e+00
2.250000e+02 1.899700e+00
2.251000e+02 1.767200e+00
2.252000e+02 1.632400e+00
2.253000e+02 1.495600e+00
2.254000e+02 1.357000e+00
2.255000e+02 1.216600e+00
2.256000e+02 1.074700e+00
2.257000e+02 9.311900e-01
2.258000e+02 7.863300e-01
2.259000e+02 6.402500e-01
2.260000e+02 4.931300e-01
2.261000e+02 3.452000e-01
2.262000e+02 1.965800e-01
2.263000e+02 4.772600e-02
2.264000e+02 -1.011500e-01
2.265000e+02 -2.496800e-01
2.266000e+02 -3.974400e-01
2.267000e+02 -5.441200e-01
2.268000e+02 -6.893800e-01
2.269000e+02 -8.330100e-01
2.270000e+02 -9.747400e-01
2.271000e+02 -1.114100e+00
2.272000e+02 -1.251000e+00
2.273000e+02 -1.385000e+00
2.274000e+02 -1.515900e+00
2.275000e+02 -1.643400e+00
2.276000e+02 -1.767100e+00
2.277000e+02 -1.886600e+00
2.278000e+02 -2.001700e+00
2.279000e+02 -2.112200e+00
2.280000e+02 -2.217800e+00
2.281000e+02 -2.318400e+00
2.282000e+02 -2.413900e+00
2.283000e+02 -2.504200e+00
2.284000e+02 -2.589200e+00
2.285000e+02 -2.668900e+00
2.286000e+02 -2.743400e+00
2.287000e+02 -2.812500e+00
2.288000e+02 -2.876300e+00
2.289000e+02 -2.934700e+00
2.290000e+02 -2.987800e+00
2.291000e+02 -3.035500e+00
2.292000e+02 -3.077800e+00
2.293000e+02 -3.114500e+00
2.294000e+02 -3.145800e+00
2.295000e+02 -3.171600e+00
2.296000e+02 -3.191600e+00
2.297000e+02 -3.205900e+00
2.298000e+02 -3.214400e+00
2.299000e+02 -3.216900e+00
2.300000e+02 -3.213400e+00
2.301000e+02 -3.203800e+00
2.302000e+02 -3.187900e+00
2.303000e+02 -3.165800e+00
2.304000e+02 -3.137300e+00
2.305000e+02 -3.102600e+00
2.306000e+02 -3.061600e+00
2.307000e+02 -3.014400e+00
2.308000e+02 -2.961300e+00
2.309000e+02 -2.902300e+00
2.310000e+02 -2.837600e+00
2.311000e+02 -2.767500e+00
2.312000e+02 -2.692300e+00
2.313000e+02 -2.612200e+00
2.314000e+02 -2.527500e+00
2.315000e+02 -2.438700e+00
2.316000e+02 -2.346000e+00
2.317000e+02 -2.249700e+00
2.318000e+02 -2.150200e+00
2.319000e+02 -2.047600e+00
2.320000e+02 -1.942200e+00
2.321000e+02 -1.834300e+00
2.322000e+02 -1.723900e+00
2.323000e+02 -1.611100e+00
2.324000e+02 -1.496100e+00
2.325000e+02 -1.379100e+00
2.326000e+02 -1.260000e+00
2.327000e+02 -1.139000e+00
2.328000e+02 -1.016000e+00
2.329000e+02 -8.913900e-01
2.330000e+02 -7.651000e-01
2.331000e+02 -6.372300e-01
2.332000e+02 -5.079800e-01
2.333000e+02 -3.775100e-01
2.334000e+02 -2.461100e-01
2.335000e+02 -1.140900e-01
2.336000e+02 1.827700e-02
2.337000e+02 1.505400e-01
2.338000e+02 2.822100e-01
2.339000e+02 4.128000e-01
2.340000e+02 5.419200e-01
2.341000e+02 6.691200e-01
2.342000e+02 7.940900e-01
2.343000e+02 9.164900e-01
2.344000e+02 1.036100e+00
2.345000e+02 1.152900e+00
2.346000e+02 1.266400e+00
2.347000e+02 1.376700e+00
2.348000e+02 1.483700e+00
2.349000e+02 1.587300e+00
2.350000e+02 1.687300e+00
2.351000e+02 1.783800e+00
2.352000e+02 1.876600e+00
2.353000e+02 1.965700e+00
2.354000e+02 2.050900e+00
2.355000e+02 2.132300e+00
2.356000e+02 2.209700e+00
2.357000e+02 2.283000e+00
2.358000e+02 2.352000e+00
2.359000e+02 2.416800e+00
2.360000e+02 2.477100e+00
2.361000e+02 2.532800e+00
2.362000e+02 2.583700e+00
2.363000e+02 2.629800e+00
2.364000e+02 2.671000e+00
2.365000e+02 2.707000e+00
2.366000e+02 2.737900e+00
2.367000e+02 2.763300e+00
2.368000e+02 2.783300e+00
2.369000e+02 2.797800e+00
2.370000e+02 2.806600e+00
2.371000e+02 2.809800e+00
2.372000e+02 2.807400e+00
2.373000e+02 2.799400e+00
2.374000e+02 2.786000e+00
2.375000e+02 2.767300e+00
2.376000e+02 2.743400e+00
2.377000e+02 2.714600e+00
2.378000e+02 2.680900e+00
2.379000e+02 2.642600e+00
2.380000e+02 2.599900e+00
2.381000e+02 2.552800e+00
2.382000e+02 2.501500e+00
2.383000e+02 2.446100e+00
2.384000e+02 2.386700e+00
2.385000e+02 2.323400e+00
2.386000e+02 2.256200e+00
2.387000e+02 2.185100e+00
2.388000e+02 2.110200e+00
2.389000e+02 2.031400e+00
2.390000e+02 1.948900e+00
2.391000e+02 1.862800e+00
2.392000e+02 1.773200e+00
2.393000e+02 1.680400e+00
2.394000e+02 1.584400e+00
2.395000e+02 1.485600e+00
2.396000e+02 1.384200e+00
2.397000e+02 1.280400e+00
2.398000e+02 1.174600e+00
2.399000e+02 1.066900e+00
2.400000e+02 9.578600e-01
2.401000e+02 8.477300e-01
2.402000e+02 7.367700e-01
2.403000e+02 6.253300e-01
2.404000e+02 5.135400e-01
2.405000e+02 4.016600e-01
2.406000e+02 2.899300e-01
2.407000e+02 1.786000e-01
2.408000e+02 6.770400e-02
2.409000e+02 -4.272300e-02
2.410000e+02 -1.525200e-01
2.411000e+02 -2.617600e-01
2.412000e+02 -3.704000e-01
2.413000e+02 -4.782900e-01
2.414000e+02 -5.852700e-01
2.415000e+02 -6.911800e-01
2.416000e+02 -7.959500e-01
2.417000e+02 -8.993600e-01
2.418000e+02 -1.001100e+00
2.419000e+02 -1.100800e+00
2.420000e+02 -1.198200e+00
2.421000e+02 -1.293100e+00
2.422000e+02 -1.385200e+00
2.423000e+02 -1.474200e+00
2.424000e+02 -1.559900e+00
2.425000e+02 -1.642000e+00
2.426000e+02 -1.720400e+00
2.427000e+02 -1.795000e+00
2.428000e+02 -1.865700e+00
2.429000e+02 -1.932300e+00
2.430000e+02 -1.994700e+00
2.431000e+02 -2.053000e+00
2.432000e+02 -2.107100e+00
2.433000e+02 -2.157000e+00
2.434000e+02 -2.202700e+00
2.435000e+02 -2.244200e+00
2.436000e+02 -2.281400e+00
2.437000e+02 -2.314300e+00
2.438000e+02 -2.343000e+00
2.439000e+02 -2.367500e+00
2.440000e+02 -2.387600e+00
2.441000e+02 -2.403400e+00
2.442000e+02 -2.414700e+00
2.443000e+02 -2.421800e+00
2.444000e+02 -2.424500e+00
2.445000e+02 -2.422800e+00
2.446000e+02 -2.416800e+00
2.447000e+02 -2.406600e+00
2.448000e+02 -2.392100e+00
2.449000e+02 -2.373300e+00
2.450000e+02 -2.350300e+00
2.451000e+02 -2.323100e+00
2.452000e+02 -2.291700e+00
2.453000e+02 -2.256100e+00
2.454000e+02 -2.216300e+00
2.455000e+02 -2.172300e+00
2.456000e+02 -2.124300e+00
2.457000e+02 -2.072200e+00
2.458000e+02 -2.016300e+00
2.459000e+02 -1.956500e+00
2.460000e+02 -1.893200e+00
2.461000e+02 -1.826300e+00
2.462000e+02 -1.756300e+00
2.463000e+02 -1.683200e+00
2.464000e+02 -1.607400e+00
2.465000e+02 -1.529000e+00
2.466000e+02 -1.448300e+00
2.467000e+02 -1.365500e+00
2.468000e+02 -1.280900e+00
2.469000e+02 -1.194800e+00
2.470000e+02 -1.107400e+00
2.471000e+02 -1.018900e+00
2.472000e+02 -9.294100e-01
2.473000e+02 -8.388700e-01
2.474000e+02 -7.475100e-01
2.475000e+02 -6.552600e-01
2.476000e+02 -5.621300e-01
2.477000e+02 -4.683200e-01
2.478000e+02 -3.738100e-01
2.479000e+02 -2.786200e-01
2.480000e+02 -1.830100e-01
2.481000e+02 -8.705100e-02
2.482000e+02 9.227400e-03
2.483000e+02 1.055400e-01
2.484000e+02 2.017600e-01
2.485000e+02 2.976600e-01
2.486000e+02 3.929000e-01
2.487000e+02 4.871600e-01
2.488000e+02 5.801700e-01
2.489000e+02 6.716600e-01
2.490000e+02 7.612800e-01
2.491000e+02 8.488400e-01
2.492000e+02 9.340900e-01
2.493000e+02 1.016800e+00
2.494000e+02 1.096800e+00
2.495000e+02 1.174000e+00
2.496000e+02 1.248200e+00
2.497000e+02 1.319400e+00
2.498000e+02 1.387500e+00
2.499000e+02 1.452600e+00
2.500000e+02 1.514400e+00
2.501000e+02 1.573200e+00
2.502000e+02 1.629100e+00
2.503000e+02 1.682000e+00
2.504000e+02 1.731900e+00
2.505000e+02 1.778800e+00
2.506000e+02 1.822600e+00
2.507000e+02 1.863500e+00
2.508000e+02 1.901100e+00
2.509000e+02 1.935500e+00
2.510000e+02 1.966500e+00
2.511000e+02 1.994000e+00
2.512000e+02 2.017900e+00
2.513000e+02 2.038000e+00
2.514000e+02 2.054300e+00
2.515000e+02 2.066500e+00
2.516000e+02 2.074700e+00
2.517000e+02 2.078800e+00
2.518000e+02 2.078700e+00
2.519000e+02 2.074600e+00
2.520000e+02 2.066200e+00
2.521000e+02 2.053800e+00
2.522000e+02 2.037400e+00
2.523000e+02 2.017100e+00
2.524000e+02 1.993100e+00
2.525000e+02 1.965400e+00
2.526000e+02 1.934200e+00
2.527000e+02 1.899800e+00
2.528000e+02 1.862200e+00
2.529000e+02 1.821700e+00
2.530000e+02 1.778300e+00
2.531000e+02 1.732200e+00
2.532000e+02 1.683500e+00
2.533000e+02 1.632200e+00
2.534000e+02 1.578500e+00
2.535000e+02 1.522300e+00
2.536000e+02 1.463800e+00
2.537000e+02 1.402900e+00
2.538000e+02 1.339700e+00
2.539000e+02 1.274000e+00
2.540000e+02 1.206200e+00
2.541000e+02 1.136300e+00
2.542000e+02 1.064500e+00
2.543000e+02 9.910500e-01
2.544000e+02 9.160100e-01
2.545000e+02 8.395300e-01
2.546000e+02 7.618300e-01
2.547000e+02 6.831100e-01
2.548000e+02 6.035500e-01
2.549000e+02 5.233300e-01
2.550000e+02 4.425400e-01
2.551000e+02 3.613400e-01
2.552000e+02 2.798800e-01
2.553000e+02 1.983000e-01
2.554000e+02 1.167200e-01
2.555000e+02 3.534100e-02
2.556000e+02 -4.581100e-02
2.557000e+02 -1.266600e-01
2.558000e+02 -2.070200e-01
2.559000e+02 -2.866400e-01
2.560000e+02 -3.654400e-01
2.561000e+02 -4.433200e-01
2.562000e+02 -5.200400e-01
2.563000e+02 -5.953800e-01
2.564000e+02 -6.691400e-01
2.565000e+02 -7.411400e-01
2.566000e+02 -8.112300e-01
2.567000e+02 -8.792600e-01
2.568000e+02 -9.451400e-01
2.569000e+02 -1.008800e+00
2.570000e+02 -1.070200e+00
2.571000e+02 -1.129200e+00
2.572000e+02 -1.186000e+00
2.573000e+02 -1.240400e+00
2.574000e+02 -1.292400e+00
2.575000e+02 -1.342100e+00
2.576000e+02 -1.389300e+00
2.577000e+02 -1.434100e+00
2.578000e+02 -1.476500e+00
2.579000e+02 -1.516200e+00
2.580000e+02 -1.553400e+00
2.581000e+02 -1.587800e+00
2.582000e+02 -1.619300e+00
2.583000e+02 -1.647800e+00
2.584000e+02 -1.673100e+00
2.585000e+02 -1.695100e+00
2.586000e+02 -1.713800e+00
2.587000e+02 -1.728900e+00
2.588000e+02 -1.740600e+00
2.589000e+02 -1.748700e+00
2.590000e+02 -1.753400e+00
2.591000e+02 -1.754500e+00
2.592000e+02 -1.752200e+00
2.593000e+02 -1.746600e+00
2.594000e+02 -1.737800e+00
2.595000e+02 -1.725900e+00
2.596000e+02 -1.711000e+00
2.597000e+02 -1.693300e+00
2.598000e+02 -1.672800e+00
2.599000e+02 -1.649700e+00
2.600000e+02 -1.624000e+00
2.601000e+02 -1.595800e+00
2.602000e+02 -1.565100e+00
2.603000e+02 -1.532100e+00
2.604000e+02 -1.496600e+00
2.605000e+02 -1.458800e+00
2.606000e+02 -1.418700e+00
2.607000e+02 -1.376100e+00
2.608000e+02 -1.331200e+00
2.609000e+02 -1.284000e+00
2.610000e+02 -1.234600e+00
2.611000e+02 -1.182900e+00
2.612000e+02 -1.129100e+00
2.613000e+02 -1.073300e+00
2.614000e+02 -1.015600e+00
2.615000e+02 -9.561400e-01
2.616000e+02 -8.950500e-01
2.617000e+02 -8.325200e-01
2.618000e+02 -7.687400e-01
2.619000e+02 -7.038900e-01
2.620000e+02 -6.381300e-01
2.621000e+02 -5.716700e-01
2.622000e+02 -5.046600e-01
2.623000e+02 -4.372700e-01
2.624000e+02 -3.696700e-01
2.625000e+02 -3.019800e-01
2.626000e+02 -2.343500e-01
2.627000e+02 -1.668800e-01
2.628000e+02 -9.967400e-02
2.629000e+02 -3.279000e-02
2.630000e+02 3.371600e-02
2.631000e+02 9.977300e-02
2.632000e+02 1.653200e-01
2.633000e+02 2.303300e-01
2.634000e+02 2.948100e-01
2.635000e+02 3.586500e-01
2.636000e+02 4.218100e-01
2.637000e+02 4.841900e-01
2.638000e+02 5.456700e-01
2.639000e+02 6.061200e-01
2.640000e+02 6.654000e-01
2.641000e+02 7.233700e-01
2.642000e+02 7.798500e-01
2.643000e+02 8.347000e-01
2.644000e+02 8.877600e-01
2.645000e+02 9.388800e-01
2.646000e+02 9.879200e-01
2.647000e+02 1.034800e+00
2.648000e+02 1.079300e+00
2.649000e+02 1.121300e+00
2.650000e+02 1.161000e+00
2.651000e+02 1.198100e+00
2.652000e+02 1.232800e+00
2.653000e+02 1.265100e+00
2.654000e+02 1.294900e+00
2.655000e+02 1.322300e+00
2.656000e+02 1.347300e+00
2.657000e+02 1.369800e+00
2.658000e+02 1.389900e+00
2.659000e+02 1.407500e+00
2.660000e+02 1.422700e+00
2.661000e+02 1.435300e+00
2.662000e+02 1.445500e+00
2.663000e+02 1.453200e+00
2.664000e+02 1.458400e+00
2.665000e+02 1.461100e+00
2.666000e+02 1.461200e+00
2.667000e+02 1.458800e+00
2.668000e+02 1.453900e+00
2.669000e+02 1.446300e+00
2.670000e+02 1.436100e+00
2.671000e+02 1.423300e+00
2.672000e+02 1.407900e+00
2.673000e+02 1.389900e+00
2.674000e+02 1.369300e+00
2.675000e+02 1.346200e+00
2.676000e+02 1.320500e+00
2.677000e+02 1.292500e+00
2.678000e+02 1.262200e+00
2.679000e+02 1.229600e+00
2.680000e+02 1.195000e+00
2.681000e+02 1.158600e+00
2.682000e+02 1.120200e+00
2.683000e+02 1.080300e+00
2.684000e+02 1.038900e+00
2.685000e+02 9.960200e-01
2.686000e+02 9.517900e-01
2.687000e+02 9.063400e-01
2.688000e+02 8.597800e-01
2.689000e+02 8.121200e-01
2.690000e+02 7.633400e-01
2.691000e+02 7.134300e-01
2.692000e+02 6.624900e-01
2.693000e+02 6.106100e-01
2.694000e+02 5.577300e-01
2.695000e+02 5.040000e-01
2.696000e+02 4.494900e-01
2.697000e+02 3.943100e-01
2.698000e+02 3.385400e-01
2.699000e+02 2.823000e-01
2.700000e+02 2.257100e-01
2.701000e+02 1.689100e-01
2.702000e+02 1.120300e-01
2.703000e+02 5.522000e-02
2.704000e+02 -1.410600e-03
2.705000e+02 -5.780000e-02
2.706000e+02 -1.138200e-01
2.707000e+02 -1.693300e-01
2.708000e+02 -2.241600e-01
2.709000e+02 -2.782500e-01
2.710000e+02 -3.315500e-01
2.711000e+02 -3.839400e-01
2.712000e+02 -4.353400e-01
2.713000e+02 -4.857200e-01
2.714000e+02 -5.349900e-01
2.715000e+02 -5.830600e-01
2.716000e+02 -6.298900e-01
2.717000e+02 -6.754000e-01
2.718000e+02 -7.195000e-01
2.719000e+02 -7.621200e-01
2.720000e+02 -8.032000e-01
2.721000e+02 -8.426400e-01
2.722000e+02 -8.803800e-01
2.723000e+02 -9.163700e-01
2.724000e+02 -9.505600e-01
2.725000e+02 -9.829100e-01
2.726000e+02 -1.013400e+00
2.727000e+02 -1.042000e+00
2.728000e+02 -1.068700e+00
2.729000e+02 -1.093400e+00
2.730000e+02 -1.116200e+00
2.731000e+02 -1.137100e+00
2.732000e+02 -1.156000e+00
2.733000e+02 -1.172800e+00
2.734000e+02 -1.187600e+00
2.735000e+02 -1.200300e+00
2.736000e+02 -1.210800e+00
2.737000e+02 -1.219000e+00
2.738000e+02 -1.225000e+00
2.739000e+02 -1.228600e+00
2.740000e+02 -1.230000e+00
2.741000e+02 -1.229200e+00
2.742000e+02 -1.226000e+00
2.743000e+02 -1.220400e+00
2.744000e+02 -1.212700e+00
2.745000e+02 -1.202700e+00
2.746000e+02 -1.190700e+00
2.747000e+02 -1.176500e+00
2.748000e+02 -1.160500e+00
2.749000e+02 -1.142600e+00
2.750000e+02 -1.122900e+00
2.751000e+02 -1.101500e+00
2.752000e+02 -1.078600e+00
2.753000e+02 -1.054100e+00
2.754000e+02 -1.028100e+00
2.755000e+02 -1.000700e+00
2.756000e+02 -9.719900e-01
2.757000e+02 -9.418300e-01
2.758000e+02 -9.102100e-01
2.759000e+02 -8.771800e-01
2.760000e+02 -8.427800e-01
2.761000e+02 -8.069700e-01
2.762000e+02 -7.696900e-01
2.763000e+02 -7.309400e-01
2.764000e+02 -6.908500e-01
2.765000e+02 -6.495700e-01
2.766000e+02 -6.071400e-01
2.767000e+02 -5.636300e-01
2.768000e+02 -5.192500e-01
2.769000e+02 -4.742200e-01
2.770000e+02 -4.286700e-01
2.771000e+02 -3.827200e-01
2.772000e+02 -3.364900e-01
2.773000e+02 -2.901300e-01
2.774000e+02 -2.438300e-01
2.775000e+02 -1.976100e-01
2.776000e+02 -1.514800e-01
2.777000e+02 -1.055500e-01
2.778000e+02 -5.985700e-02
2.779000e+02 -1.430900e-02
2.780000e+02 3.107000e-02
2.781000e+02 7.621100e-02
2.782000e+02 1.211200e-01
2.783000e+02 1.657600e-01
2.784000e+02 2.100700e-01
2.785000e+02 2.539700e-01
2.786000e+02 2.974300e-01
2.787000e+02 3.403100e-01
2.788000e+02 3.825300e-01
2.789000e+02 4.239900e-01
2.790000e+02 4.646000e-01
2.791000e+02 5.042400e-01
2.792000e+02 5.428100e-01
2.793000e+02 5.801900e-01
2.794000e+02 6.163400e-01
2.795000e+02 6.511500e-01
2.796000e+02 6.845700e-01
2.797000e+02 7.165300e-01
2.798000e+02 7.469700e-01
2.799000e+02 7.758500e-01
2.800000e+02 8.031600e-01
2.801000e+02 8.288800e-01
2.802000e+02 8.529900e-01
2.803000e+02 8.754700e-01
2.804000e+02 8.963200e-01
2.805000e+02 9.155900e-01
2.806000e+02 9.332700e-01
2.807000e+02 9.493100e-01
2.808000e+02 9.637700e-01
2.809000e+02 9.766200e-01
2.810000e+02 9.878500e-01
2.811000e+02 9.974600e-01
2.812000e+02 1.005400e+00
2.813000e+02 1.011700e+00
2.814000e+02 1.016300e+00
2.815000e+02 1.019200e+00
2.816000e+02 1.020300e+00
2.817000e+02 1.019600e+00
2.818000e+02 1.017200e+00
2.819000e+02 1.013000e+00
2.820000e+02 1.007000e+00
2.821000e+02 9.991500e-01
2.822000e+02 9.895500e-01
2.823000e+02 9.782900e-01
2.824000e+02 9.653700e-01
2.825000e+02 9.508700e-01
2.826000e+02 9.348100e-01
2.827000e+02 9.173300e-01
2.828000e+02 8.985300e-01
2.829000e+02 8.784300e-01
2.830000e+02 8.570100e-01
2.831000e+02 8.343900e-01
2.832000e+02 8.106600e-01
2.833000e+02 7.858300e-01
2.834000e+02 7.598500e-01
2.835000e+02 7.327300e-01
2.836000e+02 7.044800e-01
2.837000e+02 6.752100e-01
2.838000e+02 6.448000e-01
2.839000e+02 6.133800e-01
2.840000e+02 5.810600e-01
2.841000e+02 5.478700e-01
2.842000e+02 5.138600e-01
2.843000e+02 4.790900e-01
2.844000e+02 4.435900e-01
2.845000e+02 4.075400e-01
2.846000e+02 3.710500e-01
2.847000e+02 3.341600e-01
2.848000e+02 2.969500e-01
2.849000e+02 2.595400e-01
2.850000e+02 2.220500e-01
2.851000e+02 1.845000e-01
2.852000e+02 1.469100e-01
2.853000e+02 1.094300e-01
2.854000e+02 7.203800e-02
2.855000e+02 3.468800e-02
2.856000e+02 -2.589500e-03
2.857000e+02 -3.972500e-02
2.858000e+02 -7.669300e-02
2.859000e+02 -1.134600e-01
2.860000e+02 -1.500400e-01
2.861000e+02 -1.863900e-01
2.862000e+02 -2.223900e-01
2.863000e+02 -2.579900e-01
2.864000e+02 -2.930900e-01
2.865000e+02 -3.275400e-01
2.866000e+02 -3.613000e-01
2.867000e+02 -3.942000e-01
2.868000e+02 -4.262100e-01
2.869000e+02 -4.572200e-01
2.870000e+02 -4.871500e-01
2.871000e+02 -5.159600e-01
2.872000e+02 -5.436200e-01
2.873000e+02 -5.700800e-01
2.874000e+02 -5.953500e-01
2.875000e+02 -6.194400e-01
2.876000e+02 -6.423100e-01
2.877000e+02 -6.640300e-01
2.878000e+02 -6.845800e-01
2.879000e+02 -7.040000e-01
2.880000e+02 -7.224100e-01
2.881000e+02 -7.397200e-01
2.882000e+02 -7.559000e-01
2.883000e+02 -7.709500e-01
2.884000e+02 -7.848400e-01
2.885000e+02 -7.975300e-01
2.886000e+02 -8.089700e-01
2.887000e+02 -8.191300e-01
2.888000e+02 -8.279000e-01
2.889000e+02 -8.351700e-01
2.890000e+02 -8.409600e-01
2.891000e+02 -8.452700e-01
2.892000e+02 -8.480200e-01
2.893000e+02 -8.491800e-01
2.894000e+02 -8.487900e-01
2.895000e+02 -8.469600e-01
2.896000e+02 -8.436500e-01
2.897000e+02 -8.388800e-01
2.898000e+02 -8.327600e-01
2.899000e+02 -8.254100e-01
2.900000e+02 -8.168200e-01
2.901000e+02 -8.070100e-01
2.902000e+02 -7.959900e-01
2.903000e+02 -7.838400e-01
2.904000e+02 -7.706200e-01
2.905000e+02 -7.563300e-01
2.906000e+02 -7.410100e-01
2.907000e+02 -7.246500e-01
2.908000e+02 -7.072900e-01
2.909000e+02 -6.889800e-01
2.910000e+02 -6.696500e-01
2.911000e+02 -6.493200e-01
2.912000e+02 -6.281500e-01
2.913000e+02 -6.060700e-01
2.914000e+02 -5.830300e-01
2.915000e+02 -5.590700e-01
2.916000e+02 -5.342800e-01
2.917000e+02 -5.087500e-01
2.918000e+02 -4.825100e-01
2.919000e+02 -4.555400e-01
2.920000e+02 -4.278700e-01
2.921000e+02 -3.995800e-01
2.922000e+02 -3.707700e-01
2.923000e+02 -3.414500e-01
2.924000e+02 -3.116800e-01
2.925000e+02 -2.815400e-01
2.926000e+02 -2.511800e-01
2.927000e+02 -2.205900e-01
2.928000e+02 -1.898900e-01
2.929000e+02 -1.590600e-01
2.930000e+02 -1.282300e-01
2.931000e+02 -9.735500e-02
2.932000e+02 -6.656900e-02
2.933000e+02 -3.584200e-02
2.934000e+02 -5.238000e-03
2.935000e+02 2.526000e-02
2.936000e+02 5.559100e-02
2.937000e+02 8.578100e-02
2.938000e+02 1.157700e-01
2.939000e+02 1.455200e-01
2.940000e+02 1.750300e-01
2.941000e+02 2.042100e-01
2.942000e+02 2.330300e-01
2.943000e+02 2.614000e-01
2.944000e+02 2.893000e-01
2.945000e+02 3.166600e-01
2.946000e+02 3.434300e-01
2.947000e+02 3.695400e-01
2.948000e+02 3.949000e-01
2.949000e+02 4.195300e-01
2.950000e+02 4.433500e-01
2.951000e+02 4.663700e-01
2.952000e+02 4.885000e-01
2.953000e+02 5.097100e-01
2.954000e+02 5.299400e-01
2.955000e+02 5.492300e-01
2.956000e+02 5.676200e-01
2.957000e+02 5.850500e-01
2.958000e+02 6.015200e-01
2.959000e+02 6.169800e-01
2.960000e+02 6.314500e-01
2.961000e+02 6.450200e-01
2.962000e+02 6.576600e-01
2.963000e+02 6.692800e-01
2.964000e+02 6.797000e-01
2.965000e+02 6.889700e-01
2.966000e+02 6.971900e-01
2.967000e+02 7.043800e-01
2.968000e+02 7.104400e-01
2.969000e+02 7.153500e-01
2.970000e+02 7.191400e-01
2.971000e+02 7.216800e-01
2.972000e+02 7.230000e-01
2.973000e+02 7.231700e-01
2.974000e+02 7.221000e-01
2.975000e+02 7.198700e-01
2.976000e+02 7.166100e-01
2.977000e+02 7.123200e-01
2.978000e+02 7.069500e-01
2.979000e+02 7.006100e-01
2.980000e+02 6.933800e-01
2.981000e+02 6.851900e-01
2.982000e+02 6.759000e-01
2.983000e+02 6.655100e-01
2.984000e+02 6.540800e-01
2.985000e+02 6.416800e-01
2.986000e+02 6.283200e-01
2.987000e+02 6.140300e-01
2.988000e+02 5.988400e-01
2.989000e+02 5.827400e-01
2.990000e+02 5.657400e-01
2.991000e+02 5.478300e-01
2.992000e+02 5.291500e-01
2.993000e+02 5.096700e-01
2.994000e+02 4.894900e-01
2.995000e+02 4.687000e-01
2.996000e+02 4.473000e-01
2.997000e+02 4.252900e-01
2.998000e+02 4.027000e-01
2.999000e+02 3.796000e-01
3.000000e+02 3.560500e-01
3.001000e+02 3.319700e-01
3.002000e+02 3.075100e-01
3.003000e+02 2.826200e-01
3.004000e+02 2.573900e-01
3.005000e+02 2.318200e-01
3.006000e+02 2.059000e-01
3.007000e+02 1.797100e-01
3.008000e+02 1.532400e-01
3.009000e+02 1.266200e-01
3.010000e+02 9.979000e-02
3.011000e+02 7.290700e-02
3.012000e+02 4.591000e-02
3.013000e+02 1.894800e-02
3.014000e+02 -8.056900e-03
3.015000e+02 -3.495000e-02
3.016000e+02 -6.176800e-02
3.017000e+02 -8.840200e-02
3.018000e+02 -1.148600e-01
3.019000e+02 -1.411100e-01
3.020000e+02 -1.670400e-01
3.021000e+02 -1.926600e-01
3.022000e+02 -2.178100e-01
3.023000e+02 -2.425600e-01
3.024000e+02 -2.667200e-01
3.025000e+02 -2.903700e-01
3.026000e+02 -3.134000e-01
3.027000e+02 -3.358000e-01
3.028000e+02 -3.576000e-01
3.029000e+02 -3.787100e-01
3.030000e+02 -3.992100e-01
3.031000e+02 -4.190800e-01
3.032000e+02 -4.382800e-01
3.033000e+02 -4.568800e-01
3.034000e+02 -4.749400e-01
3.035000e+02 -4.924800e-01
3.036000e+02 -5.095800e-01
3.037000e+02 -5.261000e-01
3.038000e+02 -5.419600e-01
3.039000e+02 -5.570100e-01
3.040000e+02 -5.712300e-01
3.041000e+02 -5.846200e-01
3.042000e+02 -5.971200e-01
3.043000e+02 -6.085900e-01
3.044000e+02 -6.189000e-01
3.045000e+02 -6.279100e-01
3.046000e+02 -6.356900e-01
3.047000e+02 -6.423800e-01
3.048000e+02 -6.479900e-01
3.049000e+02 -6.525200e-01
3.050000e+02 -6.560600e-01
3.051000e+02 -6.587300e-01
3.052000e+02 -6.605100e-01
3.053000e+02 -6.613600e-01
3.054000e+02 -6.612700e-01
3.055000e+02 -6.602700e-01
3.056000e+02 -6.584600e-01
3.057000e+02 -6.558200e-01
3.058000e+02 -6.523300e-01
3.059000e+02 -6.480400e-01
3.060000e+02 -6.429900e-01
3.061000e+02 -6.370800e-01
3.062000e+02 -6.302200e-01
3.063000e+02 -6.223700e-01
3.064000e+02 -6.135400e-01
3.065000e+02 -6.036500e-01
3.066000e+02 -5.926700e-01
3.067000e+02 -5.806600e-01
3.068000e+02 -5.676800e-01
3.069000e+02 -5.536500e-01
3.070000e+02 -5.386300e-01
3.071000e+02 -5.227400e-01
3.072000e+02 -5.060100e-01
3.073000e+02 -4.884700e-01
3.074000e+02 -4.702000e-01
3.075000e+02 -4.512700e-01
3.076000e+02 -4.317600e-01
3.077000e+02 -4.116900e-01
3.078000e+02 -3.910600e-01
3.079000e+02 -3.700100e-01
3.080000e+02 -3.485300e-01
3.081000e+02 -3.265800e-01
3.082000e+02 -3.042800e-01
3.083000e+02 -2.815100e-01
3.084000e+02 -2.583700e-01
3.085000e+02 -2.348600e-01
3.086000e+02 -2.109200e-01
3.087000e+02 -1.866500e-01
3.088000e+02 -1.619600e-01
3.089000e+02 -1.370400e-01
3.090000e+02 -1.118300e-01
3.091000e+02 -8.638800e-02
3.092000e+02 -6.077700e-02
3.093000e+02 -3.505300e-02
3.094000e+02 -9.304300e-03
3.095000e+02 1.656000e-02
3.096000e+02 4.233400e-02
3.097000e+02 6.804900e-02
3.098000e+02 9.350300e-02
3.099000e+02 1.188200e-01
3.100000e+02 1.439400e-01
3.101000e+02 1.688800e-01
3.102000e+02 1.935500e-01
3.103000e+02 2.179000e-01
3.104000e+02 2.420600e-01
3.105000e+02 2.658100e-01
3.106000e+02 2.892700e-01
3.107000e+02 3.124000e-01
3.108000e+02 3.351000e-01
3.109000e+02 3.574400e-01
3.110000e+02 3.793400e-01
3.111000e+02 4.008000e-01
3.112000e+02 4.216800e-01
3.113000e+02 4.419300e-01
3.114000e+02 4.616300e-01
3.115000e+02 4.806900e-01
3.116000e+02 4.989400e-01
3.117000e+02 5.164300e-01
3.118000e+02 5.331500e-01
3.119000e+02 5.490000e-01
3.120000e+02 5.640100e-01
3.121000e+02 5.781800e-01
3.122000e+02 5.915100e-01
3.123000e+02 6.039800e-01
3.124000e+02 6.154700e-01
3.125000e+02 6.259900e-01
3.126000e+02 6.356200e-01
3.127000e+02 6.443500e-01
3.128000e+02 6.522000e-01
3.129000e+02 6.592200e-01
3.130000e+02 6.654100e-01
3.131000e+02 6.706600e-01
3.132000e+02 6.749400e-01
3.133000e+02 6.781900e-01
3.134000e+02 6.803500e-01
3.135000e+02 6.814400e-01
3.136000e+02 6.814900e-01
3.137000e+02 6.804500e-01
3.138000e+02 6.782500e-01
3.139000e+02 6.749200e-01
3.140000e+02 6.704700e-01
3.141000e+02 6.648700e-01
3.142000e+02 6.580800e-01
3.143000e+02 6.502000e-01
3.144000e+02 6.413700e-01
3.145000e+02 6.315700e-01
3.146000e+02 6.207800e-01
3.147000e+02 6.089500e-01
3.148000e+02 5.961600e-01
3.149000e+02 5.825000e-01
3.150000e+02 5.680200e-01
3.151000e+02 5.527000e-01
3.152000e+02 5.365800e-01
3.153000e+02 5.197300e-01
3.154000e+02 5.021500e-01
3.155000e+02 4.838600e-01
3.156000e+02 4.648400e-01
3.157000e+02 4.450900e-01
3.158000e+02 4.246200e-01
3.159000e+02 4.033600e-01
3.160000e+02 3.813500e-01
3.161000e+02 3.586200e-01
3.162000e+02 3.350700e-01
3.163000e+02 3.108200e-01
3.164000e+02 2.858500e-01
3.165000e+02 2.602400e-01
3.166000e+02 2.340300e-01
3.167000e+02 2.072800e-01
3.168000e+02 1.801700e-01
3.169000e+02 1.526900e-01
3.170000e+02 1.249600e-01
3.171000e+02 9.704100e-02
3.172000e+02 6.907000e-02
3.173000e+02 4.097500e-02
3.174000e+02 1.289600e-02
3.175000e+02 -1.518600e-02
3.176000e+02 -4.316700e-02
3.177000e+02 -7.121100e-02
3.178000e+02 -9.920600e-02
3.179000e+02 -1.272200e-01
3.180000e+02 -1.550400e-01
3.181000e+02 -1.827900e-01
3.182000e+02 -2.104100e-01
3.183000e+02 -2.379000e-01
3.184000e+02 -2.652100e-01
3.185000e+02 -2.924400e-01
3.186000e+02 -3.193900e-01
3.187000e+02 -3.459700e-01
3.188000e+02 -3.721500e-01
3.189000e+02 -3.979500e-01
3.190000e+02 -4.232800e-01
3.191000e+02 -4.479400e-01
3.192000e+02 -4.719200e-01
3.193000e+02 -4.952200e-01
3.194000e+02 -5.177900e-01
3.195000e+02 -5.396600e-01
3.196000e+02 -5.608300e-01
3.197000e+02 -5.811600e-01
3.198000e+02 -6.006300e-01
3.199000e+02 -6.191300e-01
3.200000e+02 -6.366500e-01
3.201000e+02 -6.532700e-01
3.202000e+02 -6.689000e-01
3.203000e+02 -6.834500e-01
3.204000e+02 -6.970400e-01
3.205000e+02 -7.096900e-01
3.206000e+02 -7.213800e-01
3.207000e+02 -7.319200e-01
3.208000e+02 -7.412700e-01
3.209000e+02 -7.495100e-01
3.210000e+02 -7.565800e-01
3.211000e+02 -7.625200e-01
3.212000e+02 -7.673200e-01
3.213000e+02 -7.709200e-01
3.214000e+02 -7.733300e-01
3.215000e+02 -7.745600e-01
3.216000e+02 -7.745500e-01
3.217000e+02 -7.732700e-01
3.218000e+02 -7.707100e-01
3.219000e+02 -7.668600e-01
3.220000e+02 -7.617400e-01
3.221000e+02 -7.554000e-01
3.222000e+02 -7.478300e-01
3.223000e+02 -7.390100e-01
3.224000e+02 -7.289000e-01
3.225000e+02 -7.174800e-01
3.226000e+02 -7.048100e-01
3.227000e+02 -6.909900e-01
3.228000e+02 -6.759900e-01
3.229000e+02 -6.597700e-01
3.230000e+02 -6.424200e-01
3.231000e+02 -6.240000e-01
3.232000e+02 -6.045000e-01
3.233000e+02 -5.839600e-01
3.234000e+02 -5.624300e-01
3.235000e+02 -5.398600e-01
3.236000e+02 -5.163000e-01
3.237000e+02 -4.918000e-01
3.238000e+02 -4.664300e-01
3.239000e+02 -4.402200e-01
3.240000e+02 -4.132100e-01
3.241000e+02 -3.853200e-01
3.242000e+02 -3.567100e-01
3.243000e+02 -3.273600e-01
3.244000e+02 -2.974200e-01
3.245000e+02 -2.668400e-01
3.246000e+02 -2.356700e-01
3.247000e+02 -2.039500e-01
3.248000e+02 -1.717900e-01
3.249000e+02 -1.391700e-01
3.250000e+02 -1.061000e-01
3.251000e+02 -7.272200e-02
3.252000e+02 -3.908500e-02
3.253000e+02 -5.257800e-03
3.254000e+02 2.881900e-02
3.255000e+02 6.302700e-02
3.256000e+02 9.720400e-02
3.257000e+02 1.314200e-01
3.258000e+02 1.656300e-01
3.259000e+02 1.996700e-01
3.260000e+02 2.334800e-01
3.261000e+02 2.669900e-01
3.262000e+02 3.002000e-01
3.263000e+02 3.330000e-01
3.264000e+02 3.654000e-01
3.265000e+02 3.972900e-01
3.266000e+02 4.286700e-01
3.267000e+02 4.594700e-01
3.268000e+02 4.896500e-01
3.269000e+02 5.192100e-01
3.270000e+02 5.481900e-01
3.271000e+02 5.765900e-01
3.272000e+02 6.042900e-01
3.273000e+02 6.311700e-01
3.274000e+02 6.570800e-01
3.275000e+02 6.819900e-01
3.276000e+02 7.058900e-01
3.277000e+02 7.287400e-01
3.278000e+02 7.504900e-01
3.279000e+02 7.711900e-01
3.280000e+02 7.907700e-01
3.281000e+02 8.090900e-01
3.282000e+02 8.261500e-01
3.283000e+02 8.418700e-01
3.284000e+02 8.562100e-01
3.285000e+02 8.691900e-01
3.286000e+02 8.807000e-01
3.287000e+02 8.907100e-01
3.288000e+02 8.992000e-01
3.289000e+02 9.062000e-01
3.290000e+02 9.116800e-01
3.291000e+02 9.156100e-01
3.292000e+02 9.179700e-01
3.293000e+02 9.187700e-01
3.294000e+02 9.180300e-01
3.295000e+02 9.157300e-01
3.296000e+02 9.119000e-01
3.297000e+02 9.065500e-01
3.298000e+02 8.997200e-01
3.299000e+02 8.914000e-01
3.300000e+02 8.816000e-01
3.301000e+02 8.703200e-01
3.302000e+02 8.575800e-01
3.303000e+02 8.433700e-01
3.304000e+02 8.277300e-01
3.305000e+02 8.106500e-01
3.306000e+02 7.921300e-01
3.307000e+02 7.721500e-01
3.308000e+02 7.507600e-01
3.309000e+02 7.279600e-01
3.310000e+02 7.036900e-01
3.311000e+02 6.780600e-01
3.312000e+02 6.511000e-01
3.313000e+02 6.228400e-01
3.314000e+02 5.932400e-01
3.315000e+02 5.624000e-01
3.316000e+02 5.303900e-01
3.317000e+02 4.972500e-01
3.318000e+02 4.630100e-01
3.319000e+02 4.278700e-01
3.320000e+02 3.918900e-01
3.321000e+02 3.551800e-01
3.322000e+02 3.177800e-01
3.323000e+02 2.798000e-01
3.324000e+02 2.413200e-01
3.325000e+02 2.023600e-01
3.326000e+02 1.630100e-01
3.327000e+02 1.233500e-01
3.328000e+02 8.340300e-02
3.329000e+02 4.321100e-02
3.330000e+02 2.820800e-03
3.331000e+02 -3.775900e-02
3.332000e+02 -7.846400e-02
3.333000e+02 -1.192600e-01
3.334000e+02 -1.600900e-01
3.335000e+02 -2.009300e-01
3.336000e+02 -2.417200e-01
3.337000e+02 -2.823700e-01
3.338000e+02 -3.228500e-01
3.339000e+02 -3.631600e-01
3.340000e+02 -4.032700e-01
3.341000e+02 -4.431400e-01
3.342000e+02 -4.827000e-01
3.343000e+02 -5.218000e-01
3.344000e+02 -5.603000e-01
3.345000e+02 -5.980200e-01
3.346000e+02 -6.347600e-01
3.347000e+02 -6.704700e-01
3.348000e+02 -7.050800e-01
3.349000e+02 -7.385100e-01
3.350000e+02 -7.706100e-01
3.351000e+02 -8.013400e-01
3.352000e+02 -8.307100e-01
3.353000e+02 -8.586800e-01
3.354000e+02 -8.852000e-01
3.355000e+02 -9.103400e-01
3.356000e+02 -9.340700e-01
3.357000e+02 -9.563500e-01
3.358000e+02 -9.771600e-01
3.359000e+02 -9.964500e-01
3.360000e+02 -1.014200e+00
3.361000e+02 -1.030500e+00
3.362000e+02 -1.045000e+00
3.363000e+02 -1.057900e+00
3.364000e+02 -1.069100e+00
3.365000e+02 -1.078400e+00
3.366000e+02 -1.085800e+00
3.367000e+02 -1.091300e+00
3.368000e+02 -1.094800e+00
3.369000e+02 -1.096400e+00
3.370000e+02 -1.095900e+00
3.371000e+02 -1.093500e+00
3.372000e+02 -1.089100e+00
3.373000e+02 -1.082700e+00
3.374000e+02 -1.074400e+00
3.375000e+02 -1.064100e+00
3.376000e+02 -1.051900e+00
3.377000e+02 -1.037900e+00
3.378000e+02 -1.022000e+00
3.379000e+02 -1.004300e+00
3.380000e+02 -9.848400e-01
3.381000e+02 -9.636000e-01
3.382000e+02 -9.406300e-01
3.383000e+02 -9.158700e-01
3.384000e+02 -8.893400e-01
3.385000e+02 -8.611100e-01
3.386000e+02 -8.312700e-01
3.387000e+02 -7.998800e-01
3.388000e+02 -7.669000e-01
3.389000e+02 -7.324400e-01
3.390000e+02 -6.965000e-01
3.391000e+02 -6.591200e-01
3.392000e+02 -6.204200e-01
3.393000e+02 -5.804600e-01
3.394000e+02 -5.392400e-01
3.395000e+02 -4.968800e-01
3.396000e+02 -4.534400e-01
3.397000e+02 -4.089000e-01
3.398000e+02 -3.633900e-01
3.399000e+02 -3.170300e-01
3.400000e+02 -2.698400e-01
3.401000e+02 -2.218800e-01
3.402000e+02 -1.733300e-01
3.403000e+02 -1.242700e-01
3.404000e+02 -7.473500e-02
3.405000e+02 -2.472700e-02
3.406000e+02 2.560400e-02
3.407000e+02 7.608400e-02
3.408000e+02 1.267000e-01
3.409000e+02 1.774500e-01
3.410000e+02 2.282000e-01
3.411000e+02 2.788500e-01
3.412000e+02 3.292900e-01
3.413000e+02 3.793600e-01
3.414000e+02 4.290100e-01
3.415000e+02 4.782300e-01
3.416000e+02 5.268900e-01
3.417000e+02 5.748000e-01
3.418000e+02 6.218900e-01
3.419000e+02 6.681300e-01
3.420000e+02 7.133500e-01
3.421000e+02 7.575100e-01
3.422000e+02 8.005700e-01
3.423000e+02 8.423300e-01
3.424000e+02 8.827400e-01
3.425000e+02 9.217700e-01
3.426000e+02 9.593100e-01
3.427000e+02 9.953300e-01
3.428000e+02 1.029800e+00
3.429000e+02 1.062500e+00
3.430000e+02 1.093600e+00
3.431000e+02 1.122900e+00
3.432000e+02 1.150400e+00
3.433000e+02 1.176000e+00
3.434000e+02 1.199600e+00
3.435000e+02 1.221200e+00
3.436000e+02 1.240700e+00
3.437000e+02 1.258100e+00
3.438000e+02 1.273300e+00
3.439000e+02 1.286200e+00
3.440000e+02 1.296800e+00
3.441000e+02 1.305100e+00
3.442000e+02 1.311000e+00
3.443000e+02 1.314600e+00
3.444000e+02 1.315900e+00
3.445000e+02 1.314700e+00
3.446000e+02 1.311200e+00
3.447000e+02 1.305400e+00
3.448000e+02 1.297200e+00
3.449000e+02 1.286700e+00
3.450000e+02 1.273800e+00
3.451000e+02 1.258600e+00
3.452000e+02 1.241000e+00
3.453000e+02 1.221200e+00
3.454000e+02 1.199200e+00
3.455000e+02 1.175100e+00
3.456000e+02 1.148600e+00
3.457000e+02 1.120100e+00
3.458000e+02 1.089400e+00
3.459000e+02 1.056700e+00
3.460000e+02 1.022000e+00
3.461000e+02 9.852200e-01
3.462000e+02 9.464400e-01
3.463000e+02 9.056300e-01
3.464000e+02 8.629100e-01
3.465000e+02 8.183600e-01
3.466000e+02 7.721500e-01
3.467000e+02 7.243300e-01
3.468000e+02 6.748900e-01
3.469000e+02 6.239500e-01
3.470000e+02 5.716800e-01
3.471000e+02 5.180900e-01
3.472000e+02 4.632500e-01
3.473000e+02 4.073200e-01
3.474000e+02 3.504800e-01
3.475000e+02 2.927800e-01
3.476000e+02 2.342900e-01
3.477000e+02 1.752700e-01
3.478000e+02 1.158200e-01
3.479000e+02 5.602200e-02
3.480000e+02 -4.061800e-03
3.481000e+02 -6.431900e-02
3.482000e+02 -1.247000e-01
3.483000e+02 -1.851600e-01
3.484000e+02 -2.456200e-01
3.485000e+02 -3.060000e-01
3.486000e+02 -3.661900e-01
3.487000e+02 -4.261000e-01
3.488000e+02 -4.856200e-01
3.489000e+02 -5.446200e-01
3.490000e+02 -6.029700e-01
3.491000e+02 -6.605200e-01
3.492000e+02 -7.171500e-01
3.493000e+02 -7.727100e-01
3.494000e+02 -8.270800e-01
3.495000e+02 -8.801300e-01
3.496000e+02 -9.317200e-01
3.497000e+02 -9.817700e-01
3.498000e+02 -1.030200e+00
3.499000e+02 -1.076800e+00
3.500000e+02 -1.121600e+00
3.501000e+02 -1.164500e+00
3.502000e+02 -1.205500e+00
3.503000e+02 -1.244600e+00
3.504000e+02 -1.281500e+00
3.505000e+02 -1.316300e+00
3.506000e+02 -1.348800e+00
3.507000e+02 -1.379000e+00
3.508000e+02 -1.406800e+00
3.509000e+02 -1.432200e+00
3.510000e+02 -1.455100e+00
3.511000e+02 -1.475500e+00
3.512000e+02 -1.493300e+00
3.513000e+02 -1.508500e+00
3.514000e+02 -1.521100e+00
3.515000e+02 -1.531000e+00
3.516000e+02 -1.538300e+00
3.517000e+02 -1.542800e+00
3.518000e+02 -1.544600e+00
3.519000e+02 -1.543700e+00
3.520000e+02 -1.540000e+00
3.521000e+02 -1.533500e+00
3.522000e+02 -1.524100e+00
3.523000e+02 -1.511900e+00
3.524000e+02 -1.496800e+00
3.525000e+02 -1.478900e+00
3.526000e+02 -1.458000e+00
3.527000e+02 -1.434200e+00
3.528000e+02 -1.407700e+00
3.529000e+02 -1.378400e+00
3.530000e+02 -1.346400e+00
3.531000e+02 -1.311600e+00
3.532000e+02 -1.274100e+00
3.533000e+02 -1.234100e+00
3.534000e+02 -1.191600e+00
3.535000e+02 -1.146900e+00
3.536000e+02 -1.100000e+00
3.537000e+02 -1.050800e+00
3.538000e+02 -9.995100e-01
3.539000e+02 -9.463700e-01
3.540000e+02 -8.913800e-01
3.541000e+02 -8.345300e-01
3.542000e+02 -7.759100e-01
3.543000e+02 -7.156600e-01
3.544000e+02 -6.539400e-01
3.545000e+02 -5.907700e-01
3.546000e+02 -5.261800e-01
3.547000e+02 -4.603300e-01
3.548000e+02 -3.933600e-01
3.549000e+02 -3.253200e-01
3.550000e+02 -2.562600e-01
3.551000e+02 -1.863500e-01
3.552000e+02 -1.157600e-01
3.553000e+02 -4.453700e-02
3.554000e+02 2.723700e-02
3.555000e+02 9.935700e-02
3.556000e+02 1.716400e-01
3.557000e+02 2.439900e-01
3.558000e+02 3.162900e-01
3.559000e+02 3.882300e-01
3.560000e+02 4.596800e-01
3.561000e+02 5.305200e-01
3.562000e+02 6.006100e-01
3.563000e+02 6.698300e-01
3.564000e+02 7.380500e-01
3.565000e+02 8.051500e-01
3.566000e+02 8.710100e-01
3.567000e+02 9.355100e-01
3.568000e+02 9.985400e-01
3.569000e+02 1.060000e+00
3.570000e+02 1.119700e+00
3.571000e+02 1.177500e+00
3.572000e+02 1.233500e+00
3.573000e+02 1.287400e+00
3.574000e+02 1.339100e+00
3.575000e+02 1.388600e+00
3.576000e+02 1.435600e+00
3.577000e+02 1.480300e+00
3.578000e+02 1.522400e+00
3.579000e+02 1.561900e+00
3.580000e+02 1.598800e+00
3.581000e+02 1.632900e+00
3.582000e+02 1.664100e+00
3.583000e+02 1.692500e+00
3.584000e+02 1.717900e+00
3.585000e+02 1.740300e+00
3.586000e+02 1.759600e+00
3.587000e+02 1.775700e+00
3.588000e+02 1.788700e+00
3.589000e+02 1.798500e+00
3.590000e+02 1.805000e+00
3.591000e+02 1.808100e+00
3.592000e+02 1.807900e+00
3.593000e+02 1.804100e+00
3.594000e+02 1.797000e+00
3.595000e+02 1.786400e+00
3.596000e+02 1.772400e+00
3.597000e+02 1.755000e+00
3.598000e+02 1.734100e+00
3.599000e+02 1.710000e+00
3.600000e+02 1.682600e+00
3.601000e+02 1.651900e+00
3.602000e+02 1.618100e+00
3.603000e+02 1.581300e+00
3.604000e+02 1.541500e+00
3.605000e+02 1.498800e+00
3.606000e+02 1.453400e+00
3.607000e+02 1.405300e+00
3.608000e+02 1.354500e+00
3.609000e+02 1.301100e+00
3.610000e+02 1.245100e+00
3.611000e+02 1.186700e+00
3.612000e+02 1.125900e+00
3.613000e+02 1.062700e+00
3.614000e+02 9.973100e-01
3.615000e+02 9.297700e-01
3.616000e+02 8.601900e-01
3.617000e+02 7.886800e-01
3.618000e+02 7.153600e-01
3.619000e+02 6.403800e-01
3.620000e+02 5.638700e-01
3.621000e+02 4.859700e-01
3.622000e+02 4.068200e-01
3.623000e+02 3.265900e-01
3.624000e+02 2.453500e-01
3.625000e+02 1.632900e-01
3.626000e+02 8.049100e-02
3.627000e+02 -2.931800e-03
3.628000e+02 -8.669100e-02
3.629000e+02 -1.705600e-01
3.630000e+02 -2.544500e-01
3.631000e+02 -3.382400e-01
3.632000e+02 -4.216800e-01
3.633000e+02 -5.046000e-01
3.634000e+02 -5.867900e-01
3.635000e+02 -6.681400e-01
3.636000e+02 -7.485500e-01
3.637000e+02 -8.278100e-01
3.638000e+02 -9.058100e-01
3.639000e+02 -9.824500e-01
3.640000e+02 -1.057500e+00
3.641000e+02 -1.130900e+00
3.642000e+02 -1.202600e+00
3.643000e+02 -1.272300e+00
3.644000e+02 -1.340000e+00
3.645000e+02 -1.405500e+00
3.646000e+02 -1.468600e+00
3.647000e+02 -1.529200e+00
3.648000e+02 -1.587300e+00
3.649000e+02 -1.642500e+00
3.650000e+02 -1.694900e+00
3.651000e+02 -1.744300e+00
3.652000e+02 -1.790600e+00
3.653000e+02 -1.833700e+00
3.654000e+02 -1.873400e+00
3.655000e+02 -1.909800e+00
3.656000e+02 -1.942700e+00
3.657000e+02 -1.972000e+00
3.658000e+02 -1.997800e+00
3.659000e+02 -2.020000e+00
3.660000e+02 -2.038500e+00
3.661000e+02 -2.053200e+00
3.662000e+02 -2.064200e+00
3.663000e+02 -2.071400e+00
3.664000e+02 -2.074900e+00
3.665000e+02 -2.074600e+00
3.666000e+02 -2.070500e+00
3.667000e+02 -2.062500e+00
3.668000e+02 -2.050700e+00
3.669000e+02 -2.035000e+00
3.670000e+02 -2.015400e+00
3.671000e+02 -1.991900e+00
3.672000e+02 -1.964400e+00
3.673000e+02 -1.933100e+00
3.674000e+02 -1.898100e+00
3.675000e+02 -1.859500e+00
3.676000e+02 -1.817200e+00
3.677000e+02 -1.771300e+00
3.678000e+02 -1.722000e+00
3.679000e+02 -1.669300e+00
3.680000e+02 -1.613200e+00
3.681000e+02 -1.554000e+00
3.682000e+02 -1.491700e+00
3.683000e+02 -1.426300e+00
3.684000e+02 -1.358000e+00
3.685000e+02 -1.286800e+00
3.686000e+02 -1.213000e+00
3.687000e+02 -1.136700e+00
3.688000e+02 -1.057900e+00
3.689000e+02 -9.768500e-01
3.690000e+02 -8.936200e-01
3.691000e+02 -8.084700e-01
3.692000e+02 -7.214600e-01
3.693000e+02 -6.326700e-01
3.694000e+02 -5.423000e-01
3.695000e+02 -4.505600e-01
3.696000e+02 -3.576400e-01
3.697000e+02 -2.636100e-01
3.698000e+02 -1.685800e-01
3.699000e+02 -7.275400e-02
3.700000e+02 2.364600e-02
3.701000e+02 1.204300e-01
3.702000e+02 2.173900e-01
3.703000e+02 3.143100e-01
3.704000e+02 4.109800e-01
3.705000e+02 5.072800e-01
3.706000e+02 6.030200e-01
3.707000e+02 6.979600e-01
3.708000e+02 7.918700e-01
3.709000e+02 8.846000e-01
3.710000e+02 9.760200e-01
3.711000e+02 1.065900e+00
3.712000e+02 1.154100e+00
3.713000e+02 1.240400e+00
3.714000e+02 1.324700e+00
3.715000e+02 1.406800e+00
3.716000e+02 1.486600e+00
3.717000e+02 1.563800e+00
3.718000e+02 1.638500e+00
3.719000e+02 1.710200e+00
3.720000e+02 1.778900e+00
3.721000e+02 1.844500e+00
3.722000e+02 1.906800e+00
3.723000e+02 1.965600e+00
3.724000e+02 2.021000e+00
3.725000e+02 2.072700e+00
3.726000e+02 2.120700e+00
3.727000e+02 2.164800e+00
3.728000e+02 2.205100e+00
3.729000e+02 2.241300e+00
3.730000e+02 2.273600e+00
3.731000e+02 2.301700e+00
3.732000e+02 2.325700e+00
3.733000e+02 2.345500e+00
3.734000e+02 2.361000e+00
3.735000e+02 2.372100e+00
3.736000e+02 2.378900e+00
3.737000e+02 2.381300e+00
3.738000e+02 2.379300e+00
3.739000e+02 2.372800e+00
3.740000e+02 2.361700e+00
3.741000e+02 2.346200e+00
3.742000e+02 2.326200e+00
3.743000e+02 2.301700e+00
3.744000e+02 2.272800e+00
3.745000e+02 2.239400e+00
3.746000e+02 2.201700e+00
3.747000e+02 2.159600e+00
3.748000e+02 2.113300e+00
3.749000e+02 2.062800e+00
3.750000e+02 2.008100e+00
3.751000e+02 1.949400e+00
3.752000e+02 1.886800e+00
3.753000e+02 1.820400e+00
3.754000e+02 1.750500e+00
3.755000e+02 1.677000e+00
3.756000e+02 1.600100e+00
3.757000e+02 1.520100e+00
3.758000e+02 1.437100e+00
3.759000e+02 1.351100e+00
3.760000e+02 1.262200e+00
3.761000e+02 1.170800e+00
3.762000e+02 1.076900e+00
3.763000e+02 9.806400e-01
3.764000e+02 8.821000e-01
3.765000e+02 7.815600e-01
3.766000e+02 6.791300e-01
3.767000e+02 5.748900e-01
3.768000e+02 4.690600e-01
3.769000e+02 3.618500e-01
3.770000e+02 2.535800e-01
3.771000e+02 1.443900e-01
3.772000e+02 3.446200e-02
3.773000e+02 -7.594000e-02
3.774000e+02 -1.865700e-01
3.775000e+02 -2.972400e-01
3.776000e+02 -4.078100e-01
3.777000e+02 -5.180300e-01
3.778000e+02 -6.276300e-01
3.779000e+02 -7.363300e-01
3.780000e+02 -8.439700e-01
3.781000e+02 -9.503500e-01
3.782000e+02 -1.055300e+00
3.783000e+02 -1.158500e+00
3.784000e+02 -1.259700e+00
3.785000e+02 -1.358900e+00
3.786000e+02 -1.455700e+00
3.787000e+02 -1.550000e+00
3.788000e+02 -1.641700e+00
3.789000e+02 -1.730700e+00
3.790000e+02 -1.816600e+00
3.791000e+02 -1.899400e+00
3.792000e+02 -1.978900e+00
3.793000e+02 -2.055000e+00
3.794000e+02 -2.127500e+00
3.795000e+02 -2.196200e+00
3.796000e+02 -2.261100e+00
3.797000e+02 -2.321900e+00
3.798000e+02 -2.378500e+00
3.799000e+02 -2.430800e+00
3.800000e+02 -2.478700e+00
3.801000e+02 -2.522000e+00
3.802000e+02 -2.560600e+00
3.803000e+02 -2.594500e+00
3.804000e+02 -2.623500e+00
3.805000e+02 -2.647600e+00
3.806000e+02 -2.666700e+00
3.807000e+02 -2.680800e+00
3.808000e+02 -2.689800e+00
3.809000e+02 -2.693700e+00
3.810000e+02 -2.692500e+00
3.811000e+02 -2.686300e+00
3.812000e+02 -2.675000e+00
3.813000e+02 -2.658600e+00
3.814000e+02 -2.637100e+00
3.815000e+02 -2.610600e+00
3.816000e+02 -2.579100e+00
3.817000e+02 -2.542700e+00
3.818000e+02 -2.501300e+00
3.819000e+02 -2.455000e+00
3.820000e+02 -2.404100e+00
3.821000e+02 -2.348400e+00
3.822000e+02 -2.288100e+00
3.823000e+02 -2.223200e+00
3.824000e+02 -2.154100e+00
3.825000e+02 -2.080600e+00
3.826000e+02 -2.003000e+00
3.827000e+02 -1.921200e+00
3.828000e+02 -1.835500e+00
3.829000e+02 -1.746000e+00
3.830000e+02 -1.652900e+00
3.831000e+02 -1.556200e+00
3.832000e+02 -1.456300e+00
3.833000e+02 -1.353200e+00
3.834000e+02 -1.247200e+00
3.835000e+02 -1.138400e+00
3.836000e+02 -1.027000e+00
3.837000e+02 -9.132800e-01
3.838000e+02 -7.975100e-01
3.839000e+02 -6.799100e-01
3.840000e+02 -5.606100e-01
3.841000e+02 -4.398500e-01
3.842000e+02 -3.179400e-01
3.843000e+02 -1.950500e-01
3.844000e+02 -7.136000e-02
3.845000e+02 5.281000e-02
3.846000e+02 1.773300e-01
3.847000e+02 3.020200e-01
3.848000e+02 4.265600e-01
3.849000e+02 5.506900e-01
3.850000e+02 6.741900e-01
3.851000e+02 7.968400e-01
3.852000e+02 9.182900e-01
3.853000e+02 1.038300e+00
3.854000e+02 1.156600e+00
3.855000e+02 1.273100e+00
3.856000e+02 1.387400e+00
3.857000e+02 1.499400e+00
3.858000e+02 1.608900e+00
3.859000e+02 1.715700e+00
3.860000e+02 1.819500e+00
3.861000e+02 1.920200e+00
3.862000e+02 2.017400e+00
3.863000e+02 2.111200e+00
3.864000e+02 2.201200e+00
3.865000e+02 2.287300e+00
3.866000e+02 2.369400e+00
3.867000e+02 2.447200e+00
3.868000e+02 2.520700e+00
3.869000e+02 2.589600e+00
3.870000e+02 2.653800e+00
3.871000e+02 2.713300e+00
3.872000e+02 2.767700e+00
3.873000e+02 2.817100e+00
3.874000e+02 2.861200e+00
3.875000e+02 2.900000e+00
3.876000e+02 2.933400e+00
3.877000e+02 2.961200e+00
3.878000e+02 2.983500e+00
3.879000e+02 3.000100e+00
3.880000e+02 3.011000e+00
3.881000e+02 3.016200e+00
3.882000e+02 3.015700e+00
3.883000e+02 3.009400e+00
3.884000e+02 2.997400e+00
3.885000e+02 2.979600e+00
3.886000e+02 2.956000e+00
3.887000e+02 2.926600e+00
3.888000e+02 2.891600e+00
3.889000e+02 2.851000e+00
3.890000e+02 2.805000e+00
3.891000e+02 2.753700e+00
3.892000e+02 2.697100e+00
3.893000e+02 2.635200e+00
3.894000e+02 2.568200e+00
3.895000e+02 2.496100e+00
3.896000e+02 2.419000e+00
3.897000e+02 2.336900e+00
3.898000e+02 2.250000e+00
3.899000e+02 2.158600e+00
3.900000e+02 2.062800e+00
3.901000e+02 1.962700e+00
3.902000e+02 1.858500e+00
3.903000e+02 1.750600e+00
3.904000e+02 1.639000e+00
3.905000e+02 1.524000e+00
3.906000e+02 1.405800e+00
3.907000e+02 1.284500e+00
3.908000e+02 1.160400e+00
3.909000e+02 1.033700e+00
3.910000e+02 9.046900e-01
3.911000e+02 7.735300e-01
3.912000e+02 6.404500e-01
3.913000e+02 5.057300e-01
3.914000e+02 3.696600e-01
3.915000e+02 2.325800e-01
3.916000e+02 9.471400e-02
3.917000e+02 -4.373200e-02
3.918000e+02 -1.824700e-01
3.919000e+02 -3.213200e-01
3.920000e+02 -4.600800e-01
3.921000e+02 -5.984200e-01
3.922000e+02 -7.360500e-01
3.923000e+02 -8.727400e-01
3.924000e+02 -1.008300e+00
3.925000e+02 -1.142400e+00
3.926000e+02 -1.274600e+00
3.927000e+02 -1.404800e+00
3.928000e+02 -1.532700e+00
3.929000e+02 -1.657900e+00
3.930000e+02 -1.780200e+00
3.931000e+02 -1.899400e+00
3.932000e+02 -2.015300e+00
3.933000e+02 -2.127600e+00
3.934000e+02 -2.236000e+00
3.935000e+02 -2.340500e+00
3.936000e+02 -2.440700e+00
3.937000e+02 -2.536500e+00
3.938000e+02 -2.627800e+00
3.939000e+02 -2.714300e+00
3.940000e+02 -2.795800e+00
3.941000e+02 -2.872300e+00
3.942000e+02 -2.943500e+00
3.943000e+02 -3.009400e+00
3.944000e+02 -3.069700e+00
3.945000e+02 -3.124500e+00
3.946000e+02 -3.173500e+00
3.947000e+02 -3.216600e+00
3.948000e+02 -3.253800e+00
3.949000e+02 -3.285000e+00
3.950000e+02 -3.310000e+00
3.951000e+02 -3.328700e+00
3.952000e+02 -3.341200e+00
3.953000e+02 -3.347200e+00
3.954000e+02 -3.346700e+00
3.955000e+02 -3.339800e+00
3.956000e+02 -3.326500e+00
3.957000e+02 -3.306700e+00
3.958000e+02 -3.280500e+00
3.959000e+02 -3.248000e+00
3.960000e+02 -3.209100e+00
3.961000e+02 -3.163800e+00
3.962000e+02 -3.112400e+00
3.963000e+02 -3.054900e+00
3.964000e+02 -2.991500e+00
3.965000e+02 -2.922300e+00
3.966000e+02 -2.847400e+00
3.967000e+02 -2.767000e+00
3.968000e+02 -2.681200e+00
3.969000e+02 -2.590100e+00
3.970000e+02 -2.494000e+00
3.971000e+02 -2.392700e+00
3.972000e+02 -2.286700e+00
3.973000e+02 -2.176000e+00
3.974000e+02 -2.060800e+00
3.975000e+02 -1.941100e+00
3.976000e+02 -1.817500e+00
3.977000e+02 -1.690000e+00
3.978000e+02 -1.558700e+00
3.979000e+02 -1.424100e+00
3.980000e+02 -1.286300e+00
3.981000e+02 -1.145600e+00
3.982000e+02 -1.002400e+00
3.983000e+02 -8.569700e-01
3.984000e+02 -7.094100e-01
3.985000e+02 -5.600900e-01
3.986000e+02 -4.093600e-01
3.987000e+02 -2.574500e-01
3.988000e+02 -1.046100e-01
3.989000e+02 4.885100e-02
3.990000e+02 2.025900e-01
3.991000e+02 3.563900e-01
3.992000e+02 5.100200e-01
3.993000e+02 6.631400e-01
3.994000e+02 8.154500e-01
3.995000e+02 9.666400e-01
3.996000e+02 1.116400e+00
3.997000e+02 1.264500e+00
3.998000e+02 1.410600e+00
3.999000e+02 1.554400e+00
4.000000e+02 1.695600e+00
4.001000e+02 1.833900e+00
4.002000e+02 1.969000e+00
4.003000e+02 2.100600e+00
4.004000e+02 2.228500e+00
4.005000e+02 2.352300e+00
4.006000e+02 2.471900e+00
4.007000e+02 2.587000e+00
4.008000e+02 2.697300e+00
4.009000e+02 2.802600e+00
4.010000e+02 2.902700e+00
4.011000e+02 2.997500e+00
4.012000e+02 3.086800e+00
4.013000e+02 3.170300e+00
4.014000e+02 3.248000e+00
4.015000e+02 3.319800e+00
4.016000e+02 3.385400e+00
4.017000e+02 3.444800e+00
4.018000e+02 3.497800e+00
4.019000e+02 3.544300e+00
4.020000e+02 3.584200e+00
4.021000e+02 3.617400e+00
4.022000e+02 3.643900e+00
4.023000e+02 3.663400e+00
4.024000e+02 3.676100e+00
4.025000e+02 3.681800e+00
4.026000e+02 3.680400e+00
4.027000e+02 3.671900e+00
4.028000e+02 3.656400e+00
4.029000e+02 3.633800e+00
4.030000e+02 3.604100e+00
4.031000e+02 3.567500e+00
4.032000e+02 3.524000e+00
4.033000e+02 3.473600e+00
4.034000e+02 3.416500e+00
4.035000e+02 3.352700e+00
4.036000e+02 3.282400e+00
4.037000e+02 3.205600e+00
4.038000e+02 3.122600e+00
4.039000e+02 3.033400e+00
4.040000e+02 2.938200e+00
4.041000e+02 2.837200e+00
4.042000e+02 2.730600e+00
4.043000e+02 2.618500e+00
4.044000e+02 2.501100e+00
4.045000e+02 2.378400e+00
4.046000e+02 2.250800e+00
4.047000e+02 2.118600e+00
4.048000e+02 1.982000e+00
4.049000e+02 1.841100e+00
4.050000e+02 1.696200e+00
4.051000e+02 1.547700e+00
4.052000e+02 1.396000e+00
4.053000e+02 1.241200e+00
4.054000e+02 1.083600e+00
4.055000e+02 9.235000e-01
4.056000e+02 7.613000e-01
4.057000e+02 5.972900e-01
4.058000e+02 4.317500e-01
4.059000e+02 2.649700e-01
4.060000e+02 9.738400e-02
4.061000e+02 -7.070500e-02
4.062000e+02 -2.390100e-01
4.063000e+02 -4.072300e-01
4.064000e+02 -5.750600e-01
4.065000e+02 -7.421900e-01
4.066000e+02 -9.083000e-01
4.067000e+02 -1.073100e+00
4.068000e+02 -1.236200e+00
4.069000e+02 -1.397400e+00
4.070000e+02 -1.556300e+00
4.071000e+02 -1.712600e+00
4.072000e+02 -1.866000e+00
4.073000e+02 -2.016200e+00
4.074000e+02 -2.162800e+00
4.075000e+02 -2.305700e+00
4.076000e+02 -2.444300e+00
4.077000e+02 -2.578600e+00
4.078000e+02 -2.708100e+00
4.079000e+02 -2.832700e+00
4.080000e+02 -2.952100e+00
4.081000e+02 -3.066000e+00
4.082000e+02 -3.174200e+00
4.083000e+02 -3.276500e+00
4.084000e+02 -3.372700e+00
4.085000e+02 -3.462600e+00
4.086000e+02 -3.545900e+00
4.087000e+02 -3.622600e+00
4.088000e+02 -3.692400e+00
4.089000e+02 -3.755300e+00
4.090000e+02 -3.811100e+00
4.091000e+02 -3.859600e+00
4.092000e+02 -3.900900e+00
4.093000e+02 -3.934700e+00
4.094000e+02 -3.961100e+00
4.095000e+02 -3.980000e+00
4.096000e+02 -3.991300e+00
4.097000e+02 -3.995000e+00
4.098000e+02 -3.991200e+00
4.099000e+02 -3.979700e+00
4.100000e+02 -3.960600e+00
4.101000e+02 -3.933900e+00
4.102000e+02 -3.899700e+00
4.103000e+02 -3.857900e+00
4.104000e+02 -3.808800e+00
4.105000e+02 -3.752300e+00
4.106000e+02 -3.688600e+00
4.107000e+02 -3.617800e+00
4.108000e+02 -3.540000e+00
4.109000e+02 -3.455300e+00
4.110000e+02 -3.363900e+00
4.111000e+02 -3.265900e+00
4.112000e+02 -3.161400e+00
4.113000e+02 -3.050700e+00
4.114000e+02 -2.933900e+00
4.115000e+02 -2.811000e+00
4.116000e+02 -2.682400e+00
4.117000e+02 -2.548200e+00
4.118000e+02 -2.408400e+00
4.119000e+02 -2.263500e+00
4.120000e+02 -2.113700e+00
4.121000e+02 -1.959300e+00
4.122000e+02 -1.800700e+00
4.123000e+02 -1.637900e+00
4.124000e+02 -1.471500e+00
4.125000e+02 -1.301800e+00
4.126000e+02 -1.129200e+00
4.127000e+02 -9.540300e-01
4.128000e+02 -7.766700e-01
4.129000e+02 -5.975500e-01
4.130000e+02 -4.170500e-01
4.131000e+02 -2.356700e-01
4.132000e+02 -5.378800e-02
4.133000e+02 1.282400e-01
4.134000e+02 3.100900e-01
4.135000e+02 4.914600e-01
4.136000e+02 6.719500e-01
4.137000e+02 8.512800e-01
4.138000e+02 1.029200e+00
4.139000e+02 1.205300e+00
4.140000e+02 1.379400e+00
4.141000e+02 1.551200e+00
4.142000e+02 1.720400e+00
4.143000e+02 1.886800e+00
4.144000e+02 2.050100e+00
4.145000e+02 2.210100e+00
4.146000e+02 2.366400e+00
4.147000e+02 2.518700e+00
4.148000e+02 2.666700e+00
4.149000e+02 2.810200e+00
4.150000e+02 2.948900e+00
4.151000e+02 3.082400e+00
4.152000e+02 3.210400e+00
4.153000e+02 3.332600e+00
4.154000e+02 3.448700e+00
4.155000e+02 3.558400e+00
4.156000e+02 3.661400e+00
4.157000e+02 3.757400e+00
4.158000e+02 3.846100e+00
4.159000e+02 3.927300e+00
4.160000e+02 4.000900e+00
4.161000e+02 4.066600e+00
4.162000e+02 4.124200e+00
4.163000e+02 4.173700e+00
4.164000e+02 4.215000e+00
4.165000e+02 4.247900e+00
4.166000e+02 4.272600e+00
4.167000e+02 4.288900e+00
4.168000e+02 4.297000e+00
4.169000e+02 4.296800e+00
4.170000e+02 4.288500e+00
4.171000e+02 4.272100e+00
4.172000e+02 4.247800e+00
4.173000e+02 4.215500e+00
4.174000e+02 4.175400e+00
4.175000e+02 4.127600e+00
4.176000e+02 4.072200e+00
4.177000e+02 4.009100e+00
4.178000e+02 3.938600e+00
4.179000e+02 3.860700e+00
4.180000e+02 3.775500e+00
4.181000e+02 3.683000e+00
4.182000e+02 3.583300e+00
4.183000e+02 3.476400e+00
4.184000e+02 3.362600e+00
4.185000e+02 3.242000e+00
4.186000e+02 3.114500e+00
4.187000e+02 2.980700e+00
4.188000e+02 2.840600e+00
4.189000e+02 2.694500e+00
4.190000e+02 2.542800e+00
4.191000e+02 2.385600e+00
4.192000e+02 2.223200e+00
4.193000e+02 2.056000e+00
4.194000e+02 1.884300e+00
4.195000e+02 1.708600e+00
4.196000e+02 1.529100e+00
4.197000e+02 1.346200e+00
4.198000e+02 1.160500e+00
4.199000e+02 9.722900e-01
4.200000e+02 7.819000e-01
4.201000e+02 5.897800e-01
4.202000e+02 3.963000e-01
4.203000e+02 2.017800e-01
4.204000e+02 6.659100e-03
4.205000e+02 -1.886500e-01
4.206000e+02 -3.837400e-01
4.207000e+02 -5.781600e-01
4.208000e+02 -7.715300e-01
4.209000e+02 -9.634900e-01
4.210000e+02 -1.153700e+00
4.211000e+02 -1.341800e+00
4.212000e+02 -1.527500e+00
4.213000e+02 -1.710500e+00
4.214000e+02 -1.890500e+00
4.215000e+02 -2.067100e+00
4.216000e+02 -2.240100e+00
4.217000e+02 -2.409200e+00
4.218000e+02 -2.574000e+00
4.219000e+02 -2.734400e+00
4.220000e+02 -2.890000e+00
4.221000e+02 -3.040600e+00
4.222000e+02 -3.185700e+00
4.223000e+02 -3.325200e+00
4.224000e+02 -3.458800e+00
4.225000e+02 -3.586100e+00
4.226000e+02 -3.706800e+00
4.227000e+02 -3.820700e+00
4.228000e+02 -3.927500e+00
4.229000e+02 -4.026900e+00
4.230000e+02 -4.118600e+00
4.231000e+02 -4.202500e+00
4.232000e+02 -4.278200e+00
4.233000e+02 -4.345800e+00
4.234000e+02 -4.404800e+00
4.235000e+02 -4.455400e+00
4.236000e+02 -4.497200e+00
4.237000e+02 -4.530300e+00
4.238000e+02 -4.554600e+00
4.239000e+02 -4.570000e+00
4.240000e+02 -4.576400e+00
4.241000e+02 -4.574000e+00
4.242000e+02 -4.562800e+00
4.243000e+02 -4.542800e+00
4.244000e+02 -4.514000e+00
4.245000e+02 -4.476500e+00
4.246000e+02 -4.430500e+00
4.247000e+02 -4.376000e+00
4.248000e+02 -4.313100e+00
4.249000e+02 -4.241900e+00
4.250000e+02 -4.162500e+00
4.251000e+02 -4.075000e+00
4.252000e+02 -3.979600e+00
4.253000e+02 -3.876400e+00
4.254000e+02 -3.765700e+00
4.255000e+02 -3.647700e+00
4.256000e+02 -3.522600e+00
4.257000e+02 -3.390600e+00
4.258000e+02 -3.252000e+00
4.259000e+02 -3.107000e+00
4.260000e+02 -2.955800e+00
4.261000e+02 -2.798700e+00
4.262000e+02 -2.636000e+00
4.263000e+02 -2.467900e+00
4.264000e+02 -2.294700e+00
4.265000e+02 -2.116700e+00
4.266000e+02 -1.934200e+00
4.267000e+02 -1.747700e+00
4.268000e+02 -1.557400e+00
4.269000e+02 -1.363900e+00
4.270000e+02 -1.167300e+00
4.271000e+02 -9.681900e-01
4.272000e+02 -7.668600e-01
4.273000e+02 -5.636900e-01
4.274000e+02 -3.590800e-01
4.275000e+02 -1.534000e-01
4.276000e+02 5.297600e-02
4.277000e+02 2.596200e-01
4.278000e+02 4.661300e-01
4.279000e+02 6.720700e-01
4.280000e+02 8.770300e-01
4.281000e+02 1.080600e+00
4.282000e+02 1.282300e+00
4.283000e+02 1.481700e+00
4.284000e+02 1.678600e+00
4.285000e+02 1.872400e+00
4.286000e+02 2.062700e+00
4.287000e+02 2.249300e+00
4.288000e+02 2.431700e+00
4.289000e+02 2.609500e+00
4.290000e+02 2.782500e+00
4.291000e+02 2.950300e+00
4.292000e+02 3.112600e+00
4.293000e+02 3.269000e+00
4.294000e+02 3.419300e+00
4.295000e+02 3.563300e+00
4.296000e+02 3.700600e+00
4.297000e+02 3.831000e+00
4.298000e+02 3.954300e+00
4.299000e+02 4.070200e+00
4.300000e+02 4.178500e+00
4.301000e+02 4.279000e+00
4.302000e+02 4.371500e+00
4.303000e+02 4.455700e+00
4.304000e+02 4.531500e+00
4.305000e+02 4.598600e+00
4.306000e+02 4.657000e+00
4.307000e+02 4.706500e+00
4.308000e+02 4.747000e+00
4.309000e+02 4.778300e+00
4.310000e+02 4.800300e+00
4.311000e+02 4.813100e+00
4.312000e+02 4.816700e+00
4.313000e+02 4.810800e+00
4.314000e+02 4.795800e+00
4.315000e+02 4.771400e+00
4.316000e+02 4.737900e+00
4.317000e+02 4.695200e+00
4.318000e+02 4.643400e+00
4.319000e+02 4.582600e+00
4.320000e+02 4.512900e+00
4.321000e+02 4.434500e+00
4.322000e+02 4.347500e+00
4.323000e+02 4.252100e+00
4.324000e+02 4.148400e+00
4.325000e+02 4.036500e+00
4.326000e+02 3.916900e+00
4.327000e+02 3.789600e+00
4.328000e+02 3.654700e+00
4.329000e+02 3.512800e+00
4.330000e+02 3.363800e+00
4.331000e+02 3.208200e+00
4.332000e+02 3.046200e+00
4.333000e+02 2.878100e+00
4.334000e+02 2.704200e+00
4.335000e+02 2.524800e+00
4.336000e+02 2.340100e+00
4.337000e+02 2.150600e+00
4.338000e+02 1.956600e+00
4.339000e+02 1.758500e+00
4.340000e+02 1.556700e+00
4.341000e+02 1.351500e+00
4.342000e+02 1.143400e+00
4.343000e+02 9.329600e-01
4.344000e+02 7.204600e-01
4.345000e+02 5.063500e-01
4.346000e+02 2.910800e-01
4.347000e+02 7.510100e-02
4.348000e+02 -1.411900e-01
4.349000e+02 -3.574000e-01
4.350000e+02 -5.731200e-01
4.351000e+02 -7.879600e-01
4.352000e+02 -1.001500e+00
4.353000e+02 -1.213400e+00
4.354000e+02 -1.423100e+00
4.355000e+02 -1.630300e+00
4.356000e+02 -1.834700e+00
4.357000e+02 -2.035800e+00
4.358000e+02 -2.233200e+00
4.359000e+02 -2.426600e+00
4.360000e+02 -2.615600e+00
4.361000e+02 -2.799900e+00
4.362000e+02 -2.979100e+00
4.363000e+02 -3.152800e+00
4.364000e+02 -3.320800e+00
4.365000e+02 -3.482700e+00
4.366000e+02 -3.638200e+00
4.367000e+02 -3.787000e+00
4.368000e+02 -3.928700e+00
4.369000e+02 -4.063100e+00
4.370000e+02 -4.189900e+00
4.371000e+02 -4.308700e+00
4.372000e+02 -4.419200e+00
4.373000e+02 -4.521200e+00
4.374000e+02 -4.614500e+00
4.375000e+02 -4.698900e+00
4.376000e+02 -4.774000e+00
4.377000e+02 -4.839900e+00
4.378000e+02 -4.896400e+00
4.379000e+02 -4.943200e+00
4.380000e+02 -4.980500e+00
4.381000e+02 -5.008100e+00
4.382000e+02 -5.026000e+00
4.383000e+02 -5.034100e+00
4.384000e+02 -5.032600e+00
4.385000e+02 -5.021400e+00
4.386000e+02 -5.000600e+00
4.387000e+02 -4.970300e+00
4.388000e+02 -4.930600e+00
4.389000e+02 -4.881500e+00
4.390000e+02 -4.823100e+00
4.391000e+02 -4.755500e+00
4.392000e+02 -4.678900e+00
4.393000e+02 -4.593400e+00
4.394000e+02 -4.499100e+00
4.395000e+02 -4.396100e+00
4.396000e+02 -4.284600e+00
4.397000e+02 -4.164800e+00
4.398000e+02 -4.036900e+00
4.399000e+02 -3.900900e+00
4.400000e+02 -3.757300e+00
4.401000e+02 -3.606300e+00
4.402000e+02 -3.447900e+00
4.403000e+02 -3.282500e+00
4.404000e+02 -3.110400e+00
4.405000e+02 -2.931900e+00
4.406000e+02 -2.747300e+00
4.407000e+02 -2.557000e+00
4.408000e+02 -2.361400e+00
4.409000e+02 -2.160900e+00
4.410000e+02 -1.956000e+00
4.411000e+02 -1.747000e+00
4.412000e+02 -1.534400e+00
4.413000e+02 -1.318700e+00
4.414000e+02 -1.100300e+00
4.415000e+02 -8.797300e-01
4.416000e+02 -6.574000e-01
4.417000e+02 -4.337300e-01
4.418000e+02 -2.091800e-01
4.419000e+02 1.577200e-02
4.420000e+02 2.407500e-01
4.421000e+02 4.654000e-01
4.422000e+02 6.893100e-01
4.423000e+02 9.120600e-01
4.424000e+02 1.133300e+00
4.425000e+02 1.352700e+00
4.426000e+02 1.569700e+00
4.427000e+02 1.784100e+00
4.428000e+02 1.995400e+00
4.429000e+02 2.203200e+00
4.430000e+02 2.407000e+00
4.431000e+02 2.606600e+00
4.432000e+02 2.801500e+00
4.433000e+02 2.991400e+00
4.434000e+02 3.175700e+00
4.435000e+02 3.354100e+00
4.436000e+02 3.526200e+00
4.437000e+02 3.691700e+00
4.438000e+02 3.850200e+00
4.439000e+02 4.001300e+00
4.440000e+02 4.144800e+00
4.441000e+02 4.280200e+00
4.442000e+02 4.407500e+00
4.443000e+02 4.526100e+00
4.444000e+02 4.636100e+00
4.445000e+02 4.737000e+00
4.446000e+02 4.828800e+00
4.447000e+02 4.911400e+00
4.448000e+02 4.984400e+00
4.449000e+02 5.047900e+00
4.450000e+02 5.101700e+00
4.451000e+02 5.145700e+00
4.452000e+02 5.179900e+00
4.453000e+02 5.204200e+00
4.454000e+02 5.218600e+00
4.455000e+02 5.223000e+00
4.456000e+02 5.217400e+00
4.457000e+02 5.201800e+00
4.458000e+02 5.176300e+00
4.459000e+02 5.140900e+00
4.460000e+02 5.095500e+00
4.461000e+02 5.040300e+00
4.462000e+02 4.975400e+00
4.463000e+02 4.900800e+00
4.464000e+02 4.816700e+00
4.465000e+02 4.723200e+00
4.466000e+02 4.620500e+00
4.467000e+02 4.508700e+00
4.468000e+02 4.388000e+00
4.469000e+02 4.258700e+00
4.470000e+02 4.121000e+00
4.471000e+02 3.975200e+00
4.472000e+02 3.821700e+00
4.473000e+02 3.660700e+00
4.474000e+02 3.492400e+00
4.475000e+02 3.317400e+00
4.476000e+02 3.135700e+00
4.477000e+02 2.948000e+00
4.478000e+02 2.754400e+00
4.479000e+02 2.555300e+00
4.480000e+02 2.351200e+00
4.481000e+02 2.142400e+00
4.482000e+02 1.929300e+00
4.483000e+02 1.712300e+00
4.484000e+02 1.491800e+00
4.485000e+02 1.268200e+00
4.486000e+02 1.041900e+00
4.487000e+02 8.133900e-01
4.488000e+02 5.830900e-01
4.489000e+02 3.514200e-01
4.490000e+02 1.189100e-01
4.491000e+02 -1.139800e-01
4.492000e+02 -3.468600e-01
4.493000e+02 -5.793200e-01
4.494000e+02 -8.109200e-01
4.495000e+02 -1.041200e+00
4.496000e+02 -1.269800e+00
4.497000e+02 -1.496100e+00
4.498000e+02 -1.719800e+00
4.499000e+02 -1.940400e+00
4.500000e+02 -2.157300e+00
4.501000e+02 -2.370300e+00
4.502000e+02 -2.578900e+00
4.503000e+02 -2.782700e+00
4.504000e+02 -2.981200e+00
4.505000e+02 -3.174000e+00
4.506000e+02 -3.360900e+00
4.507000e+02 -3.541400e+00
4.508000e+02 -3.715100e+00
4.509000e+02 -3.881800e+00
4.510000e+02 -4.041100e+00
4.511000e+02 -4.192600e+00
4.512000e+02 -4.336200e+00
4.513000e+02 -4.471400e+00
4.514000e+02 -4.598100e+00
4.515000e+02 -4.715900e+00
4.516000e+02 -4.824800e+00
4.517000e+02 -4.924400e+00
4.518000e+02 -5.014600e+00
4.519000e+02 -5.095200e+00
4.520000e+02 -5.166000e+00
4.521000e+02 -5.227000e+00
4.522000e+02 -5.278000e+00
4.523000e+02 -5.318900e+00
4.524000e+02 -5.349600e+00
4.525000e+02 -5.370100e+00
4.526000e+02 -5.380200e+00
4.527000e+02 -5.380000e+00
4.528000e+02 -5.369400e+00
4.529000e+02 -5.348500e+00
4.530000e+02 -5.317100e+00
4.531000e+02 -5.275400e+00
4.532000e+02 -5.223500e+00
4.533000e+02 -5.161400e+00
4.534000e+02 -5.089200e+00
4.535000e+02 -5.007100e+00
4.536000e+02 -4.915200e+00
4.537000e+02 -4.813800e+00
4.538000e+02 -4.703000e+00
4.539000e+02 -4.583100e+00
4.540000e+02 -4.454300e+00
4.541000e+02 -4.316800e+00
4.542000e+02 -4.170900e+00
4.543000e+02 -4.016900e+00
4.544000e+02 -3.855300e+00
4.545000e+02 -3.686100e+00
4.546000e+02 -3.509800e+00
4.547000e+02 -3.326700e+00
4.548000e+02 -3.137100e+00
4.549000e+02 -2.941400e+00
4.550000e+02 -2.739900e+00
4.551000e+02 -2.532900e+00
4.552000e+02 -2.320900e+00
4.553000e+02 -2.104100e+00
4.554000e+02 -1.883100e+00
4.555000e+02 -1.658200e+00
4.556000e+02 -1.429900e+00
4.557000e+02 -1.198600e+00
4.558000e+02 -9.647500e-01
4.559000e+02 -7.287900e-01
4.560000e+02 -4.912300e-01
4.561000e+02 -2.524900e-01
4.562000e+02 -1.307000e-02
4.563000e+02 2.265500e-01
4.564000e+02 4.659300e-01
4.565000e+02 7.045900e-01
4.566000e+02 9.420400e-01
4.567000e+02 1.177800e+00
4.568000e+02 1.411400e+00
4.569000e+02 1.642300e+00
4.570000e+02 1.870200e+00
4.571000e+02 2.094500e+00
4.572000e+02 2.314800e+00
4.573000e+02 2.530800e+00
4.574000e+02 2.741900e+00
4.575000e+02 2.947900e+00
4.576000e+02 3.148200e+00
4.577000e+02 3.342700e+00
4.578000e+02 3.530800e+00
4.579000e+02 3.712300e+00
4.580000e+02 3.886700e+00
4.581000e+02 4.053800e+00
4.582000e+02 4.213300e+00
4.583000e+02 4.364800e+00
4.584000e+02 4.508100e+00
4.585000e+02 4.642700e+00
4.586000e+02 4.768500e+00
4.587000e+02 4.885200e+00
4.588000e+02 4.992600e+00
4.589000e+02 5.090300e+00
4.590000e+02 5.178200e+00
4.591000e+02 5.256100e+00
4.592000e+02 5.323800e+00
4.593000e+02 5.381200e+00
4.594000e+02 5.428100e+00
4.595000e+02 5.464500e+00
4.596000e+02 5.490300e+00
4.597000e+02 5.505400e+00
4.598000e+02 5.509900e+00
4.599000e+02 5.503700e+00
4.600000e+02 5.486900e+00
4.601000e+02 5.459500e+00
4.602000e+02 5.421600e+00
4.603000e+02 5.373200e+00
4.604000e+02 5.314500e+00
4.605000e+02 5.245600e+00
4.606000e+02 5.166600e+00
4.607000e+02 5.077600e+00
4.608000e+02 4.979000e+00
4.609000e+02 4.870700e+00
4.610000e+02 4.753000e+00
4.611000e+02 4.626200e+00
4.612000e+02 4.490400e+00
4.613000e+02 4.345900e+00
4.614000e+02 4.193000e+00
4.615000e+02 4.031900e+00
4.616000e+02 3.862900e+00
4.617000e+02 3.686400e+00
4.618000e+02 3.502700e+00
4.619000e+02 3.312000e+00
4.620000e+02 3.114900e+00
4.621000e+02 2.911500e+00
4.622000e+02 2.702400e+00
4.623000e+02 2.487900e+00
4.624000e+02 2.268500e+00
4.625000e+02 2.044500e+00
4.626000e+02 1.816400e+00
4.627000e+02 1.584700e+00
4.628000e+02 1.349800e+00
4.629000e+02 1.112100e+00
4.630000e+02 8.721700e-01
4.631000e+02 6.304400e-01
4.632000e+02 3.874000e-01
4.633000e+02 1.435200e-01
4.634000e+02 -1.006700e-01
4.635000e+02 -3.447400e-01
4.636000e+02 -5.882200e-01
4.637000e+02 -8.307000e-01
4.638000e+02 -1.071700e+00
4.639000e+02 -1.310700e+00
4.640000e+02 -1.547300e+00
4.641000e+02 -1.781000e+00
4.642000e+02 -2.011400e+00
4.643000e+02 -2.238000e+00
4.644000e+02 -2.460400e+00
4.645000e+02 -2.678300e+00
4.646000e+02 -2.891100e+00
4.647000e+02 -3.098400e+00
4.648000e+02 -3.300000e+00
4.649000e+02 -3.495300e+00
4.650000e+02 -3.684000e+00
4.651000e+02 -3.865700e+00
4.652000e+02 -4.040100e+00
4.653000e+02 -4.206800e+00
4.654000e+02 -4.365400e+00
4.655000e+02 -4.515700e+00
4.656000e+02 -4.657200e+00
4.657000e+02 -4.789700e+00
4.658000e+02 -4.913000e+00
4.659000e+02 -5.026700e+00
4.660000e+02 -5.130700e+00
4.661000e+02 -5.224800e+00
4.662000e+02 -5.308700e+00
4.663000e+02 -5.382300e+00
4.664000e+02 -5.445500e+00
4.665000e+02 -5.498200e+00
4.666000e+02 -5.540200e+00
4.667000e+02 -5.571600e+00
4.668000e+02 -5.592200e+00
4.669000e+02 -5.602100e+00
4.670000e+02 -5.601200e+00
4.671000e+02 -5.589600e+00
4.672000e+02 -5.567200e+00
4.673000e+02 -5.534200e+00
4.674000e+02 -5.490600e+00
4.675000e+02 -5.436500e+00
4.676000e+02 -5.371900e+00
4.677000e+02 -5.297000e+00
4.678000e+02 -5.211800e+00
4.679000e+02 -5.116700e+00
4.680000e+02 -5.011600e+00
4.681000e+02 -4.896800e+00
4.682000e+02 -4.772500e+00
4.683000e+02 -4.638900e+00
4.684000e+02 -4.496200e+00
4.685000e+02 -4.344700e+00
4.686000e+02 -4.184800e+00
4.687000e+02 -4.016600e+00
4.688000e+02 -3.840600e+00
4.689000e+02 -3.657100e+00
4.690000e+02 -3.466400e+00
4.691000e+02 -3.269000e+00
4.692000e+02 -3.065200e+00
4.693000e+02 -2.855500e+00
4.694000e+02 -2.640200e+00
4.695000e+02 -2.419800e+00
4.696000e+02 -2.194700e+00
4.697000e+02 -1.965500e+00
4.698000e+02 -1.732400e+00
4.699000e+02 -1.496000e+00
4.700000e+02 -1.256700e+00
4.701000e+02 -1.014900e+00
4.702000e+02 -7.711200e-01
4.703000e+02 -5.257900e-01
4.704000e+02 -2.793500e-01
4.705000e+02 -3.224800e-02
4.706000e+02 2.150400e-01
4.707000e+02 4.620700e-01
4.708000e+02 7.084100e-01
4.709000e+02 9.536000e-01
4.710000e+02 1.197200e+00
4.711000e+02 1.438600e+00
4.712000e+02 1.677400e+00
4.713000e+02 1.913200e+00
4.714000e+02 2.145500e+00
4.715000e+02 2.373700e+00
4.716000e+02 2.597400e+00
4.717000e+02 2.816100e+00
4.718000e+02 3.029400e+00
4.719000e+02 3.236800e+00
4.720000e+02 3.437900e+00
4.721000e+02 3.632300e+00
4.722000e+02 3.819700e+00
4.723000e+02 3.999500e+00
4.724000e+02 4.171600e+00
4.725000e+02 4.335600e+00
4.726000e+02 4.491200e+00
4.727000e+02 4.638100e+00
4.728000e+02 4.776100e+00
4.729000e+02 4.904900e+00
4.730000e+02 5.024300e+00
4.731000e+02 5.134000e+00
4.732000e+02 5.234000e+00
4.733000e+02 5.324000e+00
4.734000e+02 5.403800e+00
4.735000e+02 5.473200e+00
4.736000e+02 5.532200e+00
4.737000e+02 5.580600e+00
4.738000e+02 5.618300e+00
4.739000e+02 5.645100e+00
4.740000e+02 5.661000e+00
4.741000e+02 5.666000e+00
4.742000e+02 5.660000e+00
4.743000e+02 5.643100e+00
4.744000e+02 5.615200e+00
4.745000e+02 5.576300e+00
4.746000e+02 5.526700e+00
4.747000e+02 5.466300e+00
4.748000e+02 5.395300e+00
4.749000e+02 5.313900e+00
4.750000e+02 5.222100e+00
4.751000e+02 5.120300e+00
4.752000e+02 5.008600e+00
4.753000e+02 4.887200e+00
4.754000e+02 4.756400e+00
4.755000e+02 4.616500e+00
4.756000e+02 4.467600e+00
4.757000e+02 4.310200e+00
4.758000e+02 4.144500e+00
4.759000e+02 3.970800e+00
4.760000e+02 3.789500e+00
4.761000e+02 3.600900e+00
4.762000e+02 3.405400e+00
4.763000e+02 3.203300e+00
4.764000e+02 2.995000e+00
4.765000e+02 2.781000e+00
4.766000e+02 2.561500e+00
4.767000e+02 2.337100e+00
4.768000e+02 2.108100e+00
4.769000e+02 1.874900e+00
4.770000e+02 1.638100e+00
4.771000e+02 1.398000e+00
4.772000e+02 1.155200e+00
4.773000e+02 9.100500e-01
4.774000e+02 6.630700e-01
4.775000e+02 4.147300e-01
4.776000e+02 1.655000e-01
4.777000e+02 -8.413400e-02
4.778000e+02 -3.336900e-01
4.779000e+02 -5.827000e-01
4.780000e+02 -8.306700e-01
4.781000e+02 -1.077100e+00
4.782000e+02 -1.321500e+00
4.783000e+02 -1.563400e+00
4.784000e+02 -1.802400e+00
4.785000e+02 -2.037900e+00
4.786000e+02 -2.269500e+00
4.787000e+02 -2.496800e+00
4.788000e+02 -2.719200e+00
4.789000e+02 -2.936400e+00
4.790000e+02 -3.147900e+00
4.791000e+02 -3.353300e+00
4.792000e+02 -3.552200e+00
4.793000e+02 -3.744200e+00
4.794000e+02 -3.928900e+00
4.795000e+02 -4.106100e+00
4.796000e+02 -4.275300e+00
4.797000e+02 -4.436200e+00
4.798000e+02 -4.588600e+00
4.799000e+02 -4.732100e+00
4.800000e+02 -4.866500e+00
4.801000e+02 -4.991600e+00
4.802000e+02 -5.107100e+00
4.803000e+02 -5.212700e+00
4.804000e+02 -5.308400e+00
4.805000e+02 -5.393800e+00
4.806000e+02 -5.469000e+00
4.807000e+02 -5.533600e+00
4.808000e+02 -5.587500e+00
4.809000e+02 -5.630800e+00
4.810000e+02 -5.663100e+00
4.811000e+02 -5.684500e+00
4.812000e+02 -5.694900e+00
4.813000e+02 -5.694300e+00
4.814000e+02 -5.682700e+00
4.815000e+02 -5.660000e+00
4.816000e+02 -5.626400e+00
4.817000e+02 -5.581800e+00
4.818000e+02 -5.526300e+00
4.819000e+02 -5.460100e+00
4.820000e+02 -5.383400e+00
4.821000e+02 -5.296300e+00
4.822000e+02 -5.198900e+00
4.823000e+02 -5.091500e+00
4.824000e+02 -4.974400e+00
4.825000e+02 -4.847700e+00
4.826000e+02 -4.711800e+00
4.827000e+02 -4.566900e+00
4.828000e+02 -4.413300e+00
4.829000e+02 -4.251300e+00
4.830000e+02 -4.081200e+00
4.831000e+02 -3.903200e+00
4.832000e+02 -3.717800e+00
4.833000e+02 -3.525300e+00
4.834000e+02 -3.325900e+00
4.835000e+02 -3.120100e+00
4.836000e+02 -2.908300e+00
4.837000e+02 -2.690800e+00
4.838000e+02 -2.468000e+00
4.839000e+02 -2.240500e+00
4.840000e+02 -2.008500e+00
4.841000e+02 -1.772500e+00
4.842000e+02 -1.533100e+00
4.843000e+02 -1.290700e+00
4.844000e+02 -1.045800e+00
4.845000e+02 -7.988000e-01
4.846000e+02 -5.503000e-01
4.847000e+02 -3.007400e-01
4.848000e+02 -5.062000e-02
4.849000e+02 1.995900e-01
4.850000e+02 4.494300e-01
4.851000e+02 6.984200e-01
4.852000e+02 9.460600e-01
4.853000e+02 1.191900e+00
4.854000e+02 1.435400e+00
4.855000e+02 1.676200e+00
4.856000e+02 1.913800e+00
4.857000e+02 2.147600e+00
4.858000e+02 2.377400e+00
4.859000e+02 2.602500e+00
4.860000e+02 2.822700e+00
4.861000e+02 3.037400e+00
4.862000e+02 3.246300e+00
4.863000e+02 3.448900e+00
4.864000e+02 3.644800e+00
4.865000e+02 3.833700e+00
4.866000e+02 4.015200e+00
4.867000e+02 4.188900e+00
4.868000e+02 4.354500e+00
4.869000e+02 4.511700e+00
4.870000e+02 4.660200e+00
4.871000e+02 4.799600e+00
4.872000e+02 4.929700e+00
4.873000e+02 5.050300e+00
4.874000e+02 5.161200e+00
4.875000e+02 5.262100e+00
4.876000e+02 5.352700e+00
4.877000e+02 5.433100e+00
4.878000e+02 5.502900e+00
4.879000e+02 5.562100e+00
4.880000e+02 5.610500e+00
4.881000e+02 5.648100e+00
4.882000e+02 5.674800e+00
4.883000e+02 5.690500e+00
4.884000e+02 5.695300e+00
4.885000e+02 5.689200e+00
4.886000e+02 5.672100e+00
4.887000e+02 5.644100e+00
4.888000e+02 5.605200e+00
4.889000e+02 5.555500e+00
4.890000e+02 5.495100e+00
4.891000e+02 5.424100e+00
4.892000e+02 5.342600e+00
4.893000e+02 5.250900e+00
4.894000e+02 5.149100e+00
4.895000e+02 5.037400e+00
4.896000e+02 4.915900e+00
4.897000e+02 4.785000e+00
4.898000e+02 4.645000e+00
4.899000e+02 4.496000e+00
4.900000e+02 4.338400e+00
4.901000e+02 4.172400e+00
4.902000e+02 3.998500e+00
4.903000e+02 3.817000e+00
4.904000e+02 3.628100e+00
4.905000e+02 3.432300e+00
4.906000e+02 3.230000e+00
4.907000e+02 3.021400e+00
4.908000e+02 2.807100e+00
4.909000e+02 2.587300e+00
4.910000e+02 2.362600e+00
4.911000e+02 2.133300e+00
4.912000e+02 1.900000e+00
4.913000e+02 1.663000e+00
4.914000e+02 1.422800e+00
4.915000e+02 1.179900e+00
4.916000e+02 9.347300e-01
4.917000e+02 6.878000e-01
4.918000e+02 4.396000e-01
4.919000e+02 1.905800e-01
4.920000e+02 -5.874900e-02
4.921000e+02 -3.079600e-01
4.922000e+02 -5.565900e-01
4.923000e+02 -8.041400e-01
4.924000e+02 -1.050100e+00
4.925000e+02 -1.294100e+00
4.926000e+02 -1.535700e+00
4.927000e+02 -1.774200e+00
4.928000e+02 -2.009300e+00
4.929000e+02 -2.240600e+00
4.930000e+02 -2.467500e+00
4.931000e+02 -2.689600e+00
4.932000e+02 -2.906600e+00
4.933000e+02 -3.117900e+00
4.934000e+02 -3.323100e+00
4.935000e+02 -3.521900e+00
4.936000e+02 -3.713900e+00
4.937000e+02 -3.898600e+00
4.938000e+02 -4.075700e+00
4.939000e+02 -4.244900e+00
4.940000e+02 -4.405800e+00
4.941000e+02 -4.558100e+00
4.942000e+02 -4.701500e+00
4.943000e+02 -4.835700e+00
4.944000e+02 -4.960500e+00
4.945000e+02 -5.075800e+00
4.946000e+02 -5.181100e+00
4.947000e+02 -5.276500e+00
4.948000e+02 -5.361600e+00
4.949000e+02 -5.436400e+00
4.950000e+02 -5.500700e+00
4.951000e+02 -5.554500e+00
4.952000e+02 -5.597600e+00
4.953000e+02 -5.629900e+00
4.954000e+02 -5.651400e+00
4.955000e+02 -5.662100e+00
4.956000e+02 -5.661900e+00
4.957000e+02 -5.650800e+00
4.958000e+02 -5.628800e+00
4.959000e+02 -5.595900e+00
4.960000e+02 -5.552300e+00
4.961000e+02 -5.498000e+00
4.962000e+02 -5.433100e+00
4.963000e+02 -5.357700e+00
4.964000e+02 -5.272000e+00
4.965000e+02 -5.176100e+00
4.966000e+02 -5.070100e+00
4.967000e+02 -4.954400e+00
4.968000e+02 -4.829200e+00
4.969000e+02 -4.694600e+00
4.970000e+02 -4.551100e+00
4.971000e+02 -4.398800e+00
4.972000e+02 -4.238100e+00
4.973000e+02 -4.069300e+00
4.974000e+02 -3.892800e+00
4.975000e+02 -3.708900e+00
4.976000e+02 -3.518000e+00
4.977000e+02 -3.320400e+00
4.978000e+02 -3.116600e+00
4.979000e+02 -2.906900e+00
4.980000e+02 -2.691700e+00
4.981000e+02 -2.471400e+00
4.982000e+02 -2.246400e+00
4.983000e+02 -2.017200e+00
4.984000e+02 -1.784200e+00
4.985000e+02 -1.547800e+00
4.986000e+02 -1.308400e+00
4.987000e+02 -1.066600e+00
4.988000e+02 -8.227400e-01
4.989000e+02 -5.773100e-01
4.990000e+02 -3.307700e-01
4.991000e+02 -8.358900e-02
4.992000e+02 1.638000e-01
4.993000e+02 4.108700e-01
4.994000e+02 6.571800e-01
4.995000e+02 9.022300e-01
4.996000e+02 1.145500e+00
4.997000e+02 1.386600e+00
4.998000e+02 1.625000e+00
4.999000e+02 1.860100e+00
