# SEA-Stack Verification Data
# format: timeseries
# source: pds
# model: f3of_decay_multicode
# quantity: 1.0000e-001 4.9993e+000_2.0000e-001 4.9972e+000
# units: s, unknown
# columns: Time(s) 2.0000e-001 4.9972e+000(unknown)
4.000000e-01 4.988800e+00
5.000000e-01 4.982600e+00
6.000000e-01 4.975100e+00
7.000000e-01 4.966300e+00
8.000000e-01 4.956300e+00
9.000000e-01 4.945200e+00
1.000000e+00 4.933000e+00
1.100000e+00 4.919700e+00
1.200000e+00 4.905500e+00
1.300000e+00 4.890300e+00
1.400000e+00 4.874200e+00
1.500000e+00 4.857300e+00
1.600000e+00 4.839600e+00
1.700000e+00 4.821100e+00
1.800000e+00 4.801800e+00
1.900000e+00 4.781900e+00
2.000000e+00 4.761300e+00
2.100000e+00 4.740000e+00
2.200000e+00 4.718000e+00
2.300000e+00 4.695400e+00
2.400000e+00 4.672200e+00
2.500000e+00 4.648400e+00
2.600000e+00 4.623900e+00
2.700000e+00 4.598900e+00
2.800000e+00 4.573200e+00
2.900000e+00 4.547000e+00
3.000000e+00 4.520100e+00
3.100000e+00 4.492700e+00
3.200000e+00 4.464600e+00
3.300000e+00 4.436000e+00
3.400000e+00 4.406800e+00
3.500000e+00 4.377000e+00
3.600000e+00 4.346700e+00
3.700000e+00 4.315800e+00
3.800000e+00 4.284300e+00
3.900000e+00 4.252300e+00
4.000000e+00 4.219700e+00
4.100000e+00 4.186500e+00
4.200000e+00 4.152800e+00
4.300000e+00 4.118500e+00
4.400000e+00 4.083600e+00
4.500000e+00 4.048100e+00
4.600000e+00 4.012100e+00
4.700000e+00 3.975500e+00
4.800000e+00 3.938300e+00
4.900000e+00 3.900400e+00
5.000000e+00 3.862000e+00
5.100000e+00 3.822900e+00
5.200000e+00 3.783200e+00
5.300000e+00 3.742800e+00
5.400000e+00 3.701800e+00
5.500000e+00 3.660000e+00
5.600000e+00 3.617600e+00
5.700000e+00 3.574500e+00
5.800000e+00 3.530600e+00
5.900000e+00 3.486000e+00
6.000000e+00 3.440700e+00
6.100000e+00 3.394600e+00
6.200000e+00 3.347700e+00
6.300000e+00 3.300100e+00
6.400000e+00 3.251700e+00
6.500000e+00 3.202500e+00
6.600000e+00 3.152500e+00
6.700000e+00 3.101700e+00
6.800000e+00 3.050200e+00
6.900000e+00 2.997900e+00
7.000000e+00 2.944700e+00
7.100000e+00 2.890900e+00
7.200000e+00 2.836200e+00
7.300000e+00 2.780800e+00
7.400000e+00 2.724600e+00
7.500000e+00 2.667800e+00
7.600000e+00 2.610200e+00
7.700000e+00 2.551900e+00
7.800000e+00 2.492900e+00
7.900000e+00 2.433300e+00
8.000000e+00 2.373000e+00
8.100000e+00 2.312100e+00
8.200000e+00 2.250700e+00
8.300000e+00 2.188700e+00
8.400000e+00 2.126200e+00
8.500000e+00 2.063100e+00
8.600000e+00 1.999700e+00
8.700000e+00 1.935800e+00
8.800000e+00 1.871600e+00
8.900000e+00 1.807000e+00
9.000000e+00 1.742100e+00
9.100000e+00 1.677000e+00
9.200000e+00 1.611700e+00
9.300000e+00 1.546200e+00
9.400000e+00 1.480500e+00
9.500000e+00 1.414800e+00
9.600000e+00 1.349100e+00
9.700000e+00 1.283300e+00
9.800000e+00 1.217600e+00
9.900000e+00 1.151900e+00
1.000000e+01 1.086300e+00
1.010000e+01 1.020800e+00
1.020000e+01 9.555000e-01
1.030000e+01 8.903200e-01
1.040000e+01 8.253200e-01
1.050000e+01 7.604900e-01
1.060000e+01 6.958400e-01
1.070000e+01 6.313700e-01
1.080000e+01 5.670700e-01
1.090000e+01 5.029300e-01
1.100000e+01 4.389400e-01
1.110000e+01 3.750900e-01
1.120000e+01 3.113400e-01
1.130000e+01 2.476800e-01
1.140000e+01 1.840800e-01
1.150000e+01 1.205300e-01
1.160000e+01 5.701600e-02
1.170000e+01 -6.503200e-03
1.180000e+01 -7.003900e-02
1.190000e+01 -1.336100e-01
1.200000e+01 -1.972200e-01
1.210000e+01 -2.608800e-01
1.220000e+01 -3.246100e-01
1.230000e+01 -3.884100e-01
1.240000e+01 -4.522900e-01
1.250000e+01 -5.162500e-01
1.260000e+01 -5.802700e-01
1.270000e+01 -6.443700e-01
1.280000e+01 -7.085200e-01
1.290000e+01 -7.727200e-01
1.300000e+01 -8.369600e-01
1.310000e+01 -9.012300e-01
1.320000e+01 -9.655100e-01
1.330000e+01 -1.029800e+00
1.340000e+01 -1.094100e+00
1.350000e+01 -1.158300e+00
1.360000e+01 -1.222600e+00
1.370000e+01 -1.286800e+00
1.380000e+01 -1.350900e+00
1.390000e+01 -1.415000e+00
1.400000e+01 -1.479000e+00
1.410000e+01 -1.543000e+00
1.420000e+01 -1.606800e+00
1.430000e+01 -1.670500e+00
1.440000e+01 -1.734100e+00
1.450000e+01 -1.797500e+00
1.460000e+01 -1.860700e+00
1.470000e+01 -1.923800e+00
1.480000e+01 -1.986600e+00
1.490000e+01 -2.049100e+00
1.500000e+01 -2.111400e+00
1.510000e+01 -2.173300e+00
1.520000e+01 -2.234800e+00
1.530000e+01 -2.296000e+00
1.540000e+01 -2.356700e+00
1.550000e+01 -2.417000e+00
1.560000e+01 -2.476800e+00
1.570000e+01 -2.536000e+00
1.580000e+01 -2.594800e+00
1.590000e+01 -2.652900e+00
1.600000e+01 -2.710400e+00
1.610000e+01 -2.767300e+00
1.620000e+01 -2.823500e+00
1.630000e+01 -2.879000e+00
1.640000e+01 -2.933800e+00
1.650000e+01 -2.987900e+00
1.660000e+01 -3.041300e+00
1.670000e+01 -3.093900e+00
1.680000e+01 -3.145700e+00
1.690000e+01 -3.196700e+00
1.700000e+01 -3.247000e+00
1.710000e+01 -3.296400e+00
1.720000e+01 -3.345000e+00
1.730000e+01 -3.392800e+00
1.740000e+01 -3.439800e+00
1.750000e+01 -3.486000e+00
1.760000e+01 -3.531400e+00
1.770000e+01 -3.576000e+00
1.780000e+01 -3.619800e+00
1.790000e+01 -3.662800e+00
1.800000e+01 -3.705100e+00
1.810000e+01 -3.746600e+00
1.820000e+01 -3.787400e+00
1.830000e+01 -3.827400e+00
1.840000e+01 -3.866700e+00
1.850000e+01 -3.905300e+00
1.860000e+01 -3.943200e+00
1.870000e+01 -3.980300e+00
1.880000e+01 -4.016800e+00
1.890000e+01 -4.052600e+00
1.900000e+01 -4.087600e+00
1.910000e+01 -4.122100e+00
1.920000e+01 -4.155800e+00
1.930000e+01 -4.188900e+00
1.940000e+01 -4.221400e+00
1.950000e+01 -4.253200e+00
1.960000e+01 -4.284500e+00
1.970000e+01 -4.315000e+00
1.980000e+01 -4.345000e+00
1.990000e+01 -4.374400e+00
2.000000e+01 -4.403200e+00
2.010000e+01 -4.431400e+00
2.020000e+01 -4.459000e+00
2.030000e+01 -4.486000e+00
2.040000e+01 -4.512400e+00
2.050000e+01 -4.538300e+00
2.060000e+01 -4.563500e+00
2.070000e+01 -4.588200e+00
2.080000e+01 -4.612200e+00
2.090000e+01 -4.635600e+00
2.100000e+01 -4.658300e+00
2.110000e+01 -4.680400e+00
2.120000e+01 -4.701800e+00
2.130000e+01 -4.722500e+00
2.140000e+01 -4.742500e+00
2.150000e+01 -4.761800e+00
2.160000e+01 -4.780200e+00
2.170000e+01 -4.797800e+00
2.180000e+01 -4.814600e+00
2.190000e+01 -4.830600e+00
2.200000e+01 -4.845600e+00
2.210000e+01 -4.859700e+00
2.220000e+01 -4.872900e+00
2.230000e+01 -4.885000e+00
2.240000e+01 -4.896200e+00
2.250000e+01 -4.906400e+00
2.260000e+01 -4.915500e+00
2.270000e+01 -4.923600e+00
2.280000e+01 -4.930600e+00
2.290000e+01 -4.936500e+00
2.300000e+01 -4.941400e+00
2.310000e+01 -4.945200e+00
2.320000e+01 -4.947900e+00
2.330000e+01 -4.949500e+00
2.340000e+01 -4.950100e+00
2.350000e+01 -4.949500e+00
2.360000e+01 -4.947900e+00
2.370000e+01 -4.945300e+00
2.380000e+01 -4.941600e+00
2.390000e+01 -4.936800e+00
2.400000e+01 -4.931000e+00
2.410000e+01 -4.924200e+00
2.420000e+01 -4.916300e+00
2.430000e+01 -4.907400e+00
2.440000e+01 -4.897600e+00
2.450000e+01 -4.886700e+00
2.460000e+01 -4.874900e+00
2.470000e+01 -4.862000e+00
2.480000e+01 -4.848200e+00
2.490000e+01 -4.833500e+00
2.500000e+01 -4.817800e+00
2.510000e+01 -4.801200e+00
2.520000e+01 -4.783600e+00
2.530000e+01 -4.765300e+00
2.540000e+01 -4.746000e+00
2.550000e+01 -4.725900e+00
2.560000e+01 -4.705000e+00
2.570000e+01 -4.683300e+00
2.580000e+01 -4.660800e+00
2.590000e+01 -4.637600e+00
2.600000e+01 -4.613600e+00
2.610000e+01 -4.589000e+00
2.620000e+01 -4.563600e+00
2.630000e+01 -4.537700e+00
2.640000e+01 -4.511100e+00
2.650000e+01 -4.483800e+00
2.660000e+01 -4.456000e+00
2.670000e+01 -4.427600e+00
2.680000e+01 -4.398600e+00
2.690000e+01 -4.369000e+00
2.700000e+01 -4.338800e+00
2.710000e+01 -4.308100e+00
2.720000e+01 -4.276800e+00
2.730000e+01 -4.244900e+00
2.740000e+01 -4.212400e+00
2.750000e+01 -4.179300e+00
2.760000e+01 -4.145700e+00
2.770000e+01 -4.111400e+00
2.780000e+01 -4.076500e+00
2.790000e+01 -4.041000e+00
2.800000e+01 -4.004900e+00
2.810000e+01 -3.968100e+00
2.820000e+01 -3.930600e+00
2.830000e+01 -3.892500e+00
2.840000e+01 -3.853700e+00
2.850000e+01 -3.814200e+00
2.860000e+01 -3.774000e+00
2.870000e+01 -3.733100e+00
2.880000e+01 -3.691500e+00
2.890000e+01 -3.649100e+00
2.900000e+01 -3.606100e+00
2.910000e+01 -3.562300e+00
2.920000e+01 -3.517700e+00
2.930000e+01 -3.472500e+00
2.940000e+01 -3.426400e+00
2.950000e+01 -3.379700e+00
2.960000e+01 -3.332100e+00
2.970000e+01 -3.283900e+00
2.980000e+01 -3.234900e+00
2.990000e+01 -3.185100e+00
3.000000e+01 -3.134600e+00
3.010000e+01 -3.083400e+00
3.020000e+01 -3.031500e+00
3.030000e+01 -2.978900e+00
3.040000e+01 -2.925600e+00
3.050000e+01 -2.871500e+00
3.060000e+01 -2.816900e+00
3.070000e+01 -2.761500e+00
3.080000e+01 -2.705500e+00
3.090000e+01 -2.648800e+00
3.100000e+01 -2.591600e+00
3.110000e+01 -2.533700e+00
3.120000e+01 -2.475200e+00
3.130000e+01 -2.416200e+00
3.140000e+01 -2.356600e+00
3.150000e+01 -2.296600e+00
3.160000e+01 -2.236000e+00
3.170000e+01 -2.175000e+00
3.180000e+01 -2.113600e+00
3.190000e+01 -2.051700e+00
3.200000e+01 -1.989500e+00
3.210000e+01 -1.927000e+00
3.220000e+01 -1.864200e+00
3.230000e+01 -1.801100e+00
3.240000e+01 -1.737800e+00
3.250000e+01 -1.674300e+00
3.260000e+01 -1.610600e+00
3.270000e+01 -1.546700e+00
3.280000e+01 -1.482800e+00
3.290000e+01 -1.418700e+00
3.300000e+01 -1.354600e+00
3.310000e+01 -1.290400e+00
3.320000e+01 -1.226200e+00
3.330000e+01 -1.162000e+00
3.340000e+01 -1.097700e+00
3.350000e+01 -1.033400e+00
3.360000e+01 -9.691400e-01
3.370000e+01 -9.048700e-01
3.380000e+01 -8.406100e-01
3.390000e+01 -7.763500e-01
3.400000e+01 -7.121200e-01
3.410000e+01 -6.479000e-01
3.420000e+01 -5.836900e-01
3.430000e+01 -5.194900e-01
3.440000e+01 -4.553100e-01
3.450000e+01 -3.911300e-01
3.460000e+01 -3.269600e-01
3.470000e+01 -2.628000e-01
3.480000e+01 -1.986300e-01
3.490000e+01 -1.344700e-01
3.500000e+01 -7.030000e-02
3.510000e+01 -6.127400e-03
3.520000e+01 5.804900e-02
3.530000e+01 1.222300e-01
3.540000e+01 1.864200e-01
3.550000e+01 2.506100e-01
3.560000e+01 3.148000e-01
3.570000e+01 3.790000e-01
3.580000e+01 4.432000e-01
3.590000e+01 5.074100e-01
3.600000e+01 5.716200e-01
3.610000e+01 6.358400e-01
3.620000e+01 7.000700e-01
3.630000e+01 7.643000e-01
3.640000e+01 8.285400e-01
3.650000e+01 8.928000e-01
3.660000e+01 9.570500e-01
3.670000e+01 1.021300e+00
3.680000e+01 1.085600e+00
3.690000e+01 1.149800e+00
3.700000e+01 1.214000e+00
3.710000e+01 1.278200e+00
3.720000e+01 1.342300e+00
3.730000e+01 1.406400e+00
3.740000e+01 1.470400e+00
3.750000e+01 1.534300e+00
3.760000e+01 1.598000e+00
3.770000e+01 1.661600e+00
3.780000e+01 1.725000e+00
3.790000e+01 1.788200e+00
3.800000e+01 1.851100e+00
3.810000e+01 1.913800e+00
3.820000e+01 1.976200e+00
3.830000e+01 2.038200e+00
3.840000e+01 2.099800e+00
3.850000e+01 2.161100e+00
3.860000e+01 2.221900e+00
3.870000e+01 2.282300e+00
3.880000e+01 2.342200e+00
3.890000e+01 2.401600e+00
3.900000e+01 2.460400e+00
3.910000e+01 2.518700e+00
3.920000e+01 2.576400e+00
3.930000e+01 2.633600e+00
3.940000e+01 2.690100e+00
3.950000e+01 2.745900e+00
3.960000e+01 2.801200e+00
3.970000e+01 2.855700e+00
3.980000e+01 2.909600e+00
3.990000e+01 2.962800e+00
4.000000e+01 3.015400e+00
4.010000e+01 3.067200e+00
4.020000e+01 3.118300e+00
4.030000e+01 3.168600e+00
4.040000e+01 3.218300e+00
4.050000e+01 3.267200e+00
4.060000e+01 3.315400e+00
4.070000e+01 3.362800e+00
4.080000e+01 3.409500e+00
4.090000e+01 3.455500e+00
4.100000e+01 3.500700e+00
4.110000e+01 3.545200e+00
4.120000e+01 3.589000e+00
4.130000e+01 3.632000e+00
4.140000e+01 3.674300e+00
4.150000e+01 3.715900e+00
4.160000e+01 3.756700e+00
4.170000e+01 3.796900e+00
4.180000e+01 3.836300e+00
4.190000e+01 3.875100e+00
4.200000e+01 3.913100e+00
4.210000e+01 3.950500e+00
4.220000e+01 3.987300e+00
4.230000e+01 4.023400e+00
4.240000e+01 4.058800e+00
4.250000e+01 4.093600e+00
4.260000e+01 4.127800e+00
4.270000e+01 4.161300e+00
4.280000e+01 4.194200e+00
4.290000e+01 4.226600e+00
4.300000e+01 4.258300e+00
4.310000e+01 4.289400e+00
4.320000e+01 4.320000e+00
4.330000e+01 4.349900e+00
4.340000e+01 4.379200e+00
4.350000e+01 4.408000e+00
4.360000e+01 4.436100e+00
4.370000e+01 4.463600e+00
4.380000e+01 4.490500e+00
4.390000e+01 4.516700e+00
4.400000e+01 4.542300e+00
4.410000e+01 4.567200e+00
4.420000e+01 4.591400e+00
4.430000e+01 4.615000e+00
4.440000e+01 4.637800e+00
4.450000e+01 4.659800e+00
4.460000e+01 4.681100e+00
4.470000e+01 4.701600e+00
4.480000e+01 4.721300e+00
4.490000e+01 4.740100e+00
4.500000e+01 4.758200e+00
4.510000e+01 4.775300e+00
4.520000e+01 4.791500e+00
4.530000e+01 4.806900e+00
4.540000e+01 4.821300e+00
4.550000e+01 4.834800e+00
4.560000e+01 4.847400e+00
4.570000e+01 4.859000e+00
4.580000e+01 4.869700e+00
4.590000e+01 4.879300e+00
4.600000e+01 4.888000e+00
4.610000e+01 4.895700e+00
4.620000e+01 4.902400e+00
4.630000e+01 4.908000e+00
4.640000e+01 4.912700e+00
4.650000e+01 4.916300e+00
4.660000e+01 4.918900e+00
4.670000e+01 4.920400e+00
4.680000e+01 4.920900e+00
4.690000e+01 4.920400e+00
4.700000e+01 4.918800e+00
4.710000e+01 4.916100e+00
4.720000e+01 4.912500e+00
4.730000e+01 4.907800e+00
4.740000e+01 4.902000e+00
4.750000e+01 4.895300e+00
4.760000e+01 4.887500e+00
4.770000e+01 4.878700e+00
4.780000e+01 4.868900e+00
4.790000e+01 4.858200e+00
4.800000e+01 4.846400e+00
4.810000e+01 4.833800e+00
4.820000e+01 4.820200e+00
4.830000e+01 4.805700e+00
4.840000e+01 4.790300e+00
4.850000e+01 4.774000e+00
4.860000e+01 4.756900e+00
4.870000e+01 4.739000e+00
4.880000e+01 4.720200e+00
4.890000e+01 4.700700e+00
4.900000e+01 4.680500e+00
4.910000e+01 4.659400e+00
4.920000e+01 4.637700e+00
4.930000e+01 4.615200e+00
4.940000e+01 4.592100e+00
4.950000e+01 4.568300e+00
4.960000e+01 4.543800e+00
4.970000e+01 4.518700e+00
4.980000e+01 4.492900e+00
4.990000e+01 4.466400e+00
5.000000e+01 4.439400e+00
5.010000e+01 4.411600e+00
5.020000e+01 4.383300e+00
5.030000e+01 4.354300e+00
5.040000e+01 4.324700e+00
5.050000e+01 4.294400e+00
5.060000e+01 4.263500e+00
5.070000e+01 4.232000e+00
5.080000e+01 4.199800e+00
5.090000e+01 4.167000e+00
5.100000e+01 4.133600e+00
5.110000e+01 4.099500e+00
5.120000e+01 4.064700e+00
5.130000e+01 4.029300e+00
5.140000e+01 3.993200e+00
5.150000e+01 3.956500e+00
5.160000e+01 3.919000e+00
5.170000e+01 3.880900e+00
5.180000e+01 3.842200e+00
5.190000e+01 3.802700e+00
5.200000e+01 3.762500e+00
5.210000e+01 3.721600e+00
5.220000e+01 3.680000e+00
5.230000e+01 3.637700e+00
5.240000e+01 3.594700e+00
5.250000e+01 3.550900e+00
5.260000e+01 3.506400e+00
5.270000e+01 3.461200e+00
5.280000e+01 3.415200e+00
5.290000e+01 3.368500e+00
5.300000e+01 3.321000e+00
5.310000e+01 3.272800e+00
5.320000e+01 3.223900e+00
5.330000e+01 3.174200e+00
5.340000e+01 3.123800e+00
5.350000e+01 3.072600e+00
5.360000e+01 3.020700e+00
5.370000e+01 2.968200e+00
5.380000e+01 2.914900e+00
5.390000e+01 2.861000e+00
5.400000e+01 2.806300e+00
5.410000e+01 2.751100e+00
5.420000e+01 2.695200e+00
5.430000e+01 2.638700e+00
5.440000e+01 2.581600e+00
5.450000e+01 2.524000e+00
5.460000e+01 2.465800e+00
5.470000e+01 2.407100e+00
5.480000e+01 2.347900e+00
5.490000e+01 2.288300e+00
5.500000e+01 2.228200e+00
5.510000e+01 2.167800e+00
5.520000e+01 2.106900e+00
5.530000e+01 2.045700e+00
5.540000e+01 1.984200e+00
5.550000e+01 1.922400e+00
5.560000e+01 1.860300e+00
5.570000e+01 1.797900e+00
5.580000e+01 1.735400e+00
5.590000e+01 1.672600e+00
5.600000e+01 1.609700e+00
5.610000e+01 1.546600e+00
5.620000e+01 1.483300e+00
5.630000e+01 1.419900e+00
5.640000e+01 1.356400e+00
5.650000e+01 1.292800e+00
5.660000e+01 1.229100e+00
5.670000e+01 1.165400e+00
5.680000e+01 1.101600e+00
5.690000e+01 1.037700e+00
5.700000e+01 9.737600e-01
5.710000e+01 9.098000e-01
5.720000e+01 8.458100e-01
5.730000e+01 7.818000e-01
5.740000e+01 7.177800e-01
5.750000e+01 6.537500e-01
5.760000e+01 5.897300e-01
5.770000e+01 5.257100e-01
5.780000e+01 4.617000e-01
5.790000e+01 3.977000e-01
5.800000e+01 3.337100e-01
5.810000e+01 2.697400e-01
5.820000e+01 2.057800e-01
5.830000e+01 1.418300e-01
5.840000e+01 7.789200e-02
5.850000e+01 1.395800e-02
5.860000e+01 -4.997300e-02
5.870000e+01 -1.139100e-01
5.880000e+01 -1.778500e-01
5.890000e+01 -2.418000e-01
5.900000e+01 -3.057600e-01
5.910000e+01 -3.697400e-01
5.920000e+01 -4.337400e-01
5.930000e+01 -4.977700e-01
5.940000e+01 -5.618200e-01
5.950000e+01 -6.258900e-01
5.960000e+01 -6.899800e-01
5.970000e+01 -7.540900e-01
5.980000e+01 -8.182100e-01
5.990000e+01 -8.823400e-01
6.000000e+01 -9.464500e-01
6.010000e+01 -1.010600e+00
6.020000e+01 -1.074600e+00
6.030000e+01 -1.138700e+00
6.040000e+01 -1.202600e+00
6.050000e+01 -1.266500e+00
6.060000e+01 -1.330300e+00
6.070000e+01 -1.394000e+00
6.080000e+01 -1.457500e+00
6.090000e+01 -1.520900e+00
6.100000e+01 -1.584200e+00
6.110000e+01 -1.647200e+00
6.120000e+01 -1.710000e+00
6.130000e+01 -1.772500e+00
6.140000e+01 -1.834800e+00
6.150000e+01 -1.896800e+00
6.160000e+01 -1.958500e+00
6.170000e+01 -2.019800e+00
6.180000e+01 -2.080800e+00
6.190000e+01 -2.141300e+00
6.200000e+01 -2.201500e+00
6.210000e+01 -2.261300e+00
6.220000e+01 -2.320600e+00
6.230000e+01 -2.379400e+00
6.240000e+01 -2.437700e+00
6.250000e+01 -2.495500e+00
6.260000e+01 -2.552800e+00
6.270000e+01 -2.609500e+00
6.280000e+01 -2.665700e+00
6.290000e+01 -2.721300e+00
6.300000e+01 -2.776300e+00
6.310000e+01 -2.830600e+00
6.320000e+01 -2.884300e+00
6.330000e+01 -2.937400e+00
6.340000e+01 -2.989800e+00
6.350000e+01 -3.041500e+00
6.360000e+01 -3.092500e+00
6.370000e+01 -3.142800e+00
6.380000e+01 -3.192400e+00
6.390000e+01 -3.241300e+00
6.400000e+01 -3.289500e+00
6.410000e+01 -3.336900e+00
6.420000e+01 -3.383700e+00
6.430000e+01 -3.429700e+00
6.440000e+01 -3.475000e+00
6.450000e+01 -3.519600e+00
6.460000e+01 -3.563500e+00
6.470000e+01 -3.606700e+00
6.480000e+01 -3.649100e+00
6.490000e+01 -3.690900e+00
6.500000e+01 -3.732000e+00
6.510000e+01 -3.772500e+00
6.520000e+01 -3.812200e+00
6.530000e+01 -3.851200e+00
6.540000e+01 -3.889600e+00
6.550000e+01 -3.927300e+00
6.560000e+01 -3.964400e+00
6.570000e+01 -4.000800e+00
6.580000e+01 -4.036600e+00
6.590000e+01 -4.071700e+00
6.600000e+01 -4.106200e+00
6.610000e+01 -4.140000e+00
6.620000e+01 -4.173300e+00
6.630000e+01 -4.205800e+00
6.640000e+01 -4.237800e+00
6.650000e+01 -4.269100e+00
6.660000e+01 -4.299800e+00
6.670000e+01 -4.329800e+00
6.680000e+01 -4.359200e+00
6.690000e+01 -4.387900e+00
6.700000e+01 -4.416000e+00
6.710000e+01 -4.443400e+00
6.720000e+01 -4.470100e+00
6.730000e+01 -4.496100e+00
6.740000e+01 -4.521400e+00
6.750000e+01 -4.546000e+00
6.760000e+01 -4.569800e+00
6.770000e+01 -4.592900e+00
6.780000e+01 -4.615200e+00
6.790000e+01 -4.636800e+00
6.800000e+01 -4.657600e+00
6.810000e+01 -4.677600e+00
6.820000e+01 -4.696800e+00
6.830000e+01 -4.715200e+00
6.840000e+01 -4.732800e+00
6.850000e+01 -4.749500e+00
6.860000e+01 -4.765400e+00
6.870000e+01 -4.780300e+00
6.880000e+01 -4.794400e+00
6.890000e+01 -4.807600e+00
6.900000e+01 -4.819900e+00
6.910000e+01 -4.831300e+00
6.920000e+01 -4.841700e+00
6.930000e+01 -4.851200e+00
6.940000e+01 -4.859700e+00
6.950000e+01 -4.867300e+00
6.960000e+01 -4.873900e+00
6.970000e+01 -4.879400e+00
6.980000e+01 -4.884000e+00
6.990000e+01 -4.887600e+00
7.000000e+01 -4.890200e+00
7.010000e+01 -4.891700e+00
7.020000e+01 -4.892300e+00
7.030000e+01 -4.891800e+00
7.040000e+01 -4.890300e+00
7.050000e+01 -4.887800e+00
7.060000e+01 -4.884300e+00
7.070000e+01 -4.879800e+00
7.080000e+01 -4.874400e+00
7.090000e+01 -4.867900e+00
7.100000e+01 -4.860500e+00
7.110000e+01 -4.852100e+00
7.120000e+01 -4.842700e+00
7.130000e+01 -4.832500e+00
7.140000e+01 -4.821300e+00
7.150000e+01 -4.809200e+00
7.160000e+01 -4.796300e+00
7.170000e+01 -4.782400e+00
7.180000e+01 -4.767700e+00
7.190000e+01 -4.752200e+00
7.200000e+01 -4.735800e+00
7.210000e+01 -4.718700e+00
7.220000e+01 -4.700700e+00
7.230000e+01 -4.681900e+00
7.240000e+01 -4.662300e+00
7.250000e+01 -4.642000e+00
7.260000e+01 -4.620900e+00
7.270000e+01 -4.599100e+00
7.280000e+01 -4.576500e+00
7.290000e+01 -4.553200e+00
7.300000e+01 -4.529200e+00
7.310000e+01 -4.504500e+00
7.320000e+01 -4.479000e+00
7.330000e+01 -4.452900e+00
7.340000e+01 -4.426100e+00
7.350000e+01 -4.398600e+00
7.360000e+01 -4.370400e+00
7.370000e+01 -4.341600e+00
7.380000e+01 -4.312100e+00
7.390000e+01 -4.281900e+00
7.400000e+01 -4.251000e+00
7.410000e+01 -4.219500e+00
7.420000e+01 -4.187300e+00
7.430000e+01 -4.154500e+00
7.440000e+01 -4.121000e+00
7.450000e+01 -4.086800e+00
7.460000e+01 -4.052000e+00
7.470000e+01 -4.016500e+00
7.480000e+01 -3.980300e+00
7.490000e+01 -3.943400e+00
7.500000e+01 -3.905900e+00
7.510000e+01 -3.867600e+00
7.520000e+01 -3.828700e+00
7.530000e+01 -3.789100e+00
7.540000e+01 -3.748800e+00
7.550000e+01 -3.707700e+00
7.560000e+01 -3.666000e+00
7.570000e+01 -3.623500e+00
7.580000e+01 -3.580400e+00
7.590000e+01 -3.536500e+00
7.600000e+01 -3.491900e+00
7.610000e+01 -3.446600e+00
7.620000e+01 -3.400600e+00
7.630000e+01 -3.353800e+00
7.640000e+01 -3.306400e+00
7.650000e+01 -3.258200e+00
7.660000e+01 -3.209400e+00
7.670000e+01 -3.159800e+00
7.680000e+01 -3.109600e+00
7.690000e+01 -3.058700e+00
7.700000e+01 -3.007100e+00
7.710000e+01 -2.954900e+00
7.720000e+01 -2.902100e+00
7.730000e+01 -2.848600e+00
7.740000e+01 -2.794500e+00
7.750000e+01 -2.739900e+00
7.760000e+01 -2.684700e+00
7.770000e+01 -2.628900e+00
7.780000e+01 -2.572600e+00
7.790000e+01 -2.515800e+00
7.800000e+01 -2.458400e+00
7.810000e+01 -2.400600e+00
7.820000e+01 -2.342400e+00
7.830000e+01 -2.283700e+00
7.840000e+01 -2.224600e+00
7.850000e+01 -2.165100e+00
7.860000e+01 -2.105300e+00
7.870000e+01 -2.045100e+00
7.880000e+01 -1.984500e+00
7.890000e+01 -1.923600e+00
7.900000e+01 -1.862500e+00
7.910000e+01 -1.801000e+00
7.920000e+01 -1.739300e+00
7.930000e+01 -1.677400e+00
7.940000e+01 -1.615200e+00
7.950000e+01 -1.552800e+00
7.960000e+01 -1.490200e+00
7.970000e+01 -1.427500e+00
7.980000e+01 -1.364500e+00
7.990000e+01 -1.301500e+00
8.000000e+01 -1.238300e+00
8.010000e+01 -1.174900e+00
8.020000e+01 -1.111500e+00
8.030000e+01 -1.048000e+00
8.040000e+01 -9.843400e-01
8.050000e+01 -9.206500e-01
8.060000e+01 -8.569000e-01
8.070000e+01 -7.930900e-01
8.080000e+01 -7.292400e-01
8.090000e+01 -6.653500e-01
8.100000e+01 -6.014200e-01
8.110000e+01 -5.374500e-01
8.120000e+01 -4.734700e-01
8.130000e+01 -4.094500e-01
8.140000e+01 -3.454100e-01
8.150000e+01 -2.813400e-01
8.160000e+01 -2.172400e-01
8.170000e+01 -1.531100e-01
8.180000e+01 -8.895200e-02
8.190000e+01 -2.476500e-02
8.200000e+01 3.945500e-02
8.210000e+01 1.037100e-01
8.220000e+01 1.679900e-01
8.230000e+01 2.323000e-01
8.240000e+01 2.966400e-01
8.250000e+01 3.609900e-01
8.260000e+01 4.253600e-01
8.270000e+01 4.897400e-01
8.280000e+01 5.541100e-01
8.290000e+01 6.184700e-01
8.300000e+01 6.828100e-01
8.310000e+01 7.471200e-01
8.320000e+01 8.113900e-01
8.330000e+01 8.756000e-01
8.340000e+01 9.397500e-01
8.350000e+01 1.003800e+00
8.360000e+01 1.067800e+00
8.370000e+01 1.131700e+00
8.380000e+01 1.195400e+00
8.390000e+01 1.259100e+00
8.400000e+01 1.322500e+00
8.410000e+01 1.385800e+00
8.420000e+01 1.448900e+00
8.430000e+01 1.511800e+00
8.440000e+01 1.574500e+00
8.450000e+01 1.636900e+00
8.460000e+01 1.699100e+00
8.470000e+01 1.761000e+00
8.480000e+01 1.822700e+00
8.490000e+01 1.884000e+00
8.500000e+01 1.944900e+00
8.510000e+01 2.005500e+00
8.520000e+01 2.065800e+00
8.530000e+01 2.125600e+00
8.540000e+01 2.185000e+00
8.550000e+01 2.244000e+00
8.560000e+01 2.302500e+00
8.570000e+01 2.360600e+00
8.580000e+01 2.418200e+00
8.590000e+01 2.475300e+00
8.600000e+01 2.531800e+00
8.610000e+01 2.587800e+00
8.620000e+01 2.643300e+00
8.630000e+01 2.698100e+00
8.640000e+01 2.752400e+00
8.650000e+01 2.806100e+00
8.660000e+01 2.859200e+00
8.670000e+01 2.911700e+00
8.680000e+01 2.963500e+00
8.690000e+01 3.014700e+00
8.700000e+01 3.065300e+00
8.710000e+01 3.115200e+00
8.720000e+01 3.164500e+00
8.730000e+01 3.213100e+00
8.740000e+01 3.261000e+00
8.750000e+01 3.308300e+00
8.760000e+01 3.355000e+00
8.770000e+01 3.400900e+00
8.780000e+01 3.446200e+00
8.790000e+01 3.490900e+00
8.800000e+01 3.534900e+00
8.810000e+01 3.578200e+00
8.820000e+01 3.620900e+00
8.830000e+01 3.662900e+00
8.840000e+01 3.704300e+00
8.850000e+01 3.745000e+00
8.860000e+01 3.785100e+00
8.870000e+01 3.824500e+00
8.880000e+01 3.863300e+00
8.890000e+01 3.901500e+00
8.900000e+01 3.939000e+00
8.910000e+01 3.975900e+00
8.920000e+01 4.012100e+00
8.930000e+01 4.047700e+00
8.940000e+01 4.082600e+00
8.950000e+01 4.116900e+00
8.960000e+01 4.150500e+00
8.970000e+01 4.183500e+00
8.980000e+01 4.215800e+00
8.990000e+01 4.247400e+00
9.000000e+01 4.278400e+00
9.010000e+01 4.308700e+00
9.020000e+01 4.338300e+00
9.030000e+01 4.367200e+00
9.040000e+01 4.395400e+00
9.050000e+01 4.422900e+00
9.060000e+01 4.449700e+00
9.070000e+01 4.475700e+00
9.080000e+01 4.501100e+00
9.090000e+01 4.525600e+00
9.100000e+01 4.549500e+00
9.110000e+01 4.572500e+00
9.120000e+01 4.594800e+00
9.130000e+01 4.616200e+00
9.140000e+01 4.636900e+00
9.150000e+01 4.656800e+00
9.160000e+01 4.675800e+00
9.170000e+01 4.694000e+00
9.180000e+01 4.711300e+00
9.190000e+01 4.727700e+00
9.200000e+01 4.743300e+00
9.210000e+01 4.758000e+00
9.220000e+01 4.771700e+00
9.230000e+01 4.784600e+00
9.240000e+01 4.796500e+00
9.250000e+01 4.807400e+00
9.260000e+01 4.817500e+00
9.270000e+01 4.826500e+00
9.280000e+01 4.834600e+00
9.290000e+01 4.841800e+00
9.300000e+01 4.848000e+00
9.310000e+01 4.853100e+00
9.320000e+01 4.857400e+00
9.330000e+01 4.860600e+00
9.340000e+01 4.862900e+00
9.350000e+01 4.864200e+00
9.360000e+01 4.864500e+00
9.370000e+01 4.863800e+00
9.380000e+01 4.862200e+00
9.390000e+01 4.859700e+00
9.400000e+01 4.856200e+00
9.410000e+01 4.851800e+00
9.420000e+01 4.846400e+00
9.430000e+01 4.840100e+00
9.440000e+01 4.832900e+00
9.450000e+01 4.824800e+00
9.460000e+01 4.815800e+00
9.470000e+01 4.806000e+00
9.480000e+01 4.795200e+00
9.490000e+01 4.783600e+00
9.500000e+01 4.771100e+00
9.510000e+01 4.757800e+00
9.520000e+01 4.743600e+00
9.530000e+01 4.728600e+00
9.540000e+01 4.712800e+00
9.550000e+01 4.696200e+00
9.560000e+01 4.678800e+00
9.570000e+01 4.660500e+00
9.580000e+01 4.641500e+00
9.590000e+01 4.621800e+00
9.600000e+01 4.601300e+00
9.610000e+01 4.580000e+00
9.620000e+01 4.558000e+00
9.630000e+01 4.535300e+00
9.640000e+01 4.511800e+00
9.650000e+01 4.487700e+00
9.660000e+01 4.462800e+00
9.670000e+01 4.437200e+00
9.680000e+01 4.410900e+00
9.690000e+01 4.384000e+00
9.700000e+01 4.356300e+00
9.710000e+01 4.327900e+00
9.720000e+01 4.298900e+00
9.730000e+01 4.269100e+00
9.740000e+01 4.238600e+00
9.750000e+01 4.207500e+00
9.760000e+01 4.175700e+00
9.770000e+01 4.143100e+00
9.780000e+01 4.109900e+00
9.790000e+01 4.075900e+00
9.800000e+01 4.041300e+00
9.810000e+01 4.006000e+00
9.820000e+01 3.969900e+00
9.830000e+01 3.933100e+00
9.840000e+01 3.895600e+00
9.850000e+01 3.857400e+00
9.860000e+01 3.818500e+00
9.870000e+01 3.778800e+00
9.880000e+01 3.738400e+00
9.890000e+01 3.697300e+00
9.900000e+01 3.655500e+00
9.910000e+01 3.612900e+00
9.920000e+01 3.569600e+00
9.930000e+01 3.525600e+00
9.940000e+01 3.480900e+00
9.950000e+01 3.435400e+00
9.960000e+01 3.389300e+00
9.970000e+01 3.342400e+00
9.980000e+01 3.294900e+00
9.990000e+01 3.246600e+00
1.000000e+02 3.197700e+00
1.001000e+02 3.148200e+00
1.002000e+02 3.097900e+00
1.003000e+02 3.047100e+00
1.004000e+02 2.995600e+00
1.005000e+02 2.943400e+00
1.006000e+02 2.890700e+00
1.007000e+02 2.837400e+00
1.008000e+02 2.783500e+00
1.009000e+02 2.729100e+00
1.010000e+02 2.674100e+00
1.011000e+02 2.618600e+00
1.012000e+02 2.562600e+00
1.013000e+02 2.506100e+00
1.014000e+02 2.449100e+00
1.015000e+02 2.391700e+00
1.016000e+02 2.333800e+00
1.017000e+02 2.275600e+00
1.018000e+02 2.216900e+00
1.019000e+02 2.157900e+00
1.020000e+02 2.098500e+00
1.021000e+02 2.038800e+00
1.022000e+02 1.978700e+00
1.023000e+02 1.918400e+00
1.024000e+02 1.857700e+00
1.025000e+02 1.796800e+00
1.026000e+02 1.735700e+00
1.027000e+02 1.674300e+00
1.028000e+02 1.612700e+00
1.029000e+02 1.550900e+00
1.030000e+02 1.489000e+00
1.031000e+02 1.426900e+00
1.032000e+02 1.364600e+00
1.033000e+02 1.302200e+00
1.034000e+02 1.239600e+00
1.035000e+02 1.176900e+00
1.036000e+02 1.114100e+00
1.037000e+02 1.051200e+00
1.038000e+02 9.882300e-01
1.039000e+02 9.251300e-01
1.040000e+02 8.619400e-01
1.041000e+02 7.986600e-01
1.042000e+02 7.353100e-01
1.043000e+02 6.718800e-01
1.044000e+02 6.083900e-01
1.045000e+02 5.448200e-01
1.046000e+02 4.811900e-01
1.047000e+02 4.174900e-01
1.048000e+02 3.537300e-01
1.049000e+02 2.899100e-01
1.050000e+02 2.260200e-01
1.051000e+02 1.620800e-01
1.052000e+02 9.808600e-02
1.053000e+02 3.405300e-02
1.054000e+02 -3.001400e-02
1.055000e+02 -9.412100e-02
1.056000e+02 -1.582600e-01
1.057000e+02 -2.224300e-01
1.058000e+02 -2.866200e-01
1.059000e+02 -3.508300e-01
1.060000e+02 -4.150400e-01
1.061000e+02 -4.792700e-01
1.062000e+02 -5.434800e-01
1.063000e+02 -6.076600e-01
1.064000e+02 -6.718200e-01
1.065000e+02 -7.359400e-01
1.066000e+02 -8.000200e-01
1.067000e+02 -8.640300e-01
1.068000e+02 -9.279700e-01
1.069000e+02 -9.918400e-01
1.070000e+02 -1.055600e+00
1.071000e+02 -1.119300e+00
1.072000e+02 -1.182800e+00
1.073000e+02 -1.246200e+00
1.074000e+02 -1.309500e+00
1.075000e+02 -1.372600e+00
1.076000e+02 -1.435500e+00
1.077000e+02 -1.498200e+00
1.078000e+02 -1.560700e+00
1.079000e+02 -1.623000e+00
1.080000e+02 -1.685000e+00
1.081000e+02 -1.746800e+00
1.082000e+02 -1.808200e+00
1.083000e+02 -1.869300e+00
1.084000e+02 -1.930100e+00
1.085000e+02 -1.990400e+00
1.086000e+02 -2.050400e+00
1.087000e+02 -2.110000e+00
1.088000e+02 -2.169200e+00
1.089000e+02 -2.227900e+00
1.090000e+02 -2.286200e+00
1.091000e+02 -2.344000e+00
1.092000e+02 -2.401200e+00
1.093000e+02 -2.458000e+00
1.094000e+02 -2.514300e+00
1.095000e+02 -2.570000e+00
1.096000e+02 -2.625100e+00
1.097000e+02 -2.679700e+00
1.098000e+02 -2.733700e+00
1.099000e+02 -2.787200e+00
1.100000e+02 -2.840000e+00
1.101000e+02 -2.892300e+00
1.102000e+02 -2.943900e+00
1.103000e+02 -2.994900e+00
1.104000e+02 -3.045300e+00
1.105000e+02 -3.095100e+00
1.106000e+02 -3.144200e+00
1.107000e+02 -3.192700e+00
1.108000e+02 -3.240600e+00
1.109000e+02 -3.287800e+00
1.110000e+02 -3.334300e+00
1.111000e+02 -3.380200e+00
1.112000e+02 -3.425500e+00
1.113000e+02 -3.470100e+00
1.114000e+02 -3.514100e+00
1.115000e+02 -3.557400e+00
1.116000e+02 -3.600100e+00
1.117000e+02 -3.642100e+00
1.118000e+02 -3.683500e+00
1.119000e+02 -3.724200e+00
1.120000e+02 -3.764200e+00
1.121000e+02 -3.803700e+00
1.122000e+02 -3.842400e+00
1.123000e+02 -3.880500e+00
1.124000e+02 -3.918000e+00
1.125000e+02 -3.954800e+00
1.126000e+02 -3.991000e+00
1.127000e+02 -4.026400e+00
1.128000e+02 -4.061300e+00
1.129000e+02 -4.095500e+00
1.130000e+02 -4.129000e+00
1.131000e+02 -4.161900e+00
1.132000e+02 -4.194100e+00
1.133000e+02 -4.225600e+00
1.134000e+02 -4.256400e+00
1.135000e+02 -4.286600e+00
1.136000e+02 -4.316100e+00
1.137000e+02 -4.344900e+00
1.138000e+02 -4.373000e+00
1.139000e+02 -4.400300e+00
1.140000e+02 -4.427000e+00
1.141000e+02 -4.452900e+00
1.142000e+02 -4.478100e+00
1.143000e+02 -4.502600e+00
1.144000e+02 -4.526200e+00
1.145000e+02 -4.549200e+00
1.146000e+02 -4.571300e+00
1.147000e+02 -4.592600e+00
1.148000e+02 -4.613100e+00
1.149000e+02 -4.632800e+00
1.150000e+02 -4.651700e+00
1.151000e+02 -4.669700e+00
1.152000e+02 -4.686900e+00
1.153000e+02 -4.703200e+00
1.154000e+02 -4.718600e+00
1.155000e+02 -4.733100e+00
1.156000e+02 -4.746700e+00
1.157000e+02 -4.759400e+00
1.158000e+02 -4.771200e+00
1.159000e+02 -4.782000e+00
1.160000e+02 -4.792000e+00
1.161000e+02 -4.801000e+00
1.162000e+02 -4.809100e+00
1.163000e+02 -4.816200e+00
1.164000e+02 -4.822400e+00
1.165000e+02 -4.827700e+00
1.166000e+02 -4.832000e+00
1.167000e+02 -4.835300e+00
1.168000e+02 -4.837800e+00
1.169000e+02 -4.839200e+00
1.170000e+02 -4.839800e+00
1.171000e+02 -4.839400e+00
1.172000e+02 -4.838000e+00
1.173000e+02 -4.835800e+00
1.174000e+02 -4.832600e+00
1.175000e+02 -4.828400e+00
1.176000e+02 -4.823300e+00
1.177000e+02 -4.817300e+00
1.178000e+02 -4.810400e+00
1.179000e+02 -4.802600e+00
1.180000e+02 -4.793900e+00
1.181000e+02 -4.784300e+00
1.182000e+02 -4.773800e+00
1.183000e+02 -4.762400e+00
1.184000e+02 -4.750200e+00
1.185000e+02 -4.737100e+00
1.186000e+02 -4.723200e+00
1.187000e+02 -4.708400e+00
1.188000e+02 -4.692900e+00
1.189000e+02 -4.676500e+00
1.190000e+02 -4.659300e+00
1.191000e+02 -4.641300e+00
1.192000e+02 -4.622600e+00
1.193000e+02 -4.603000e+00
1.194000e+02 -4.582800e+00
1.195000e+02 -4.561700e+00
1.196000e+02 -4.539900e+00
1.197000e+02 -4.517400e+00
1.198000e+02 -4.494200e+00
1.199000e+02 -4.470200e+00
1.200000e+02 -4.445500e+00
1.201000e+02 -4.420100e+00
1.202000e+02 -4.394000e+00
1.203000e+02 -4.367100e+00
1.204000e+02 -4.339600e+00
1.205000e+02 -4.311300e+00
1.206000e+02 -4.282400e+00
1.207000e+02 -4.252700e+00
1.208000e+02 -4.222300e+00
1.209000e+02 -4.191200e+00
1.210000e+02 -4.159400e+00
1.211000e+02 -4.126900e+00
1.212000e+02 -4.093600e+00
1.213000e+02 -4.059700e+00
1.214000e+02 -4.025000e+00
1.215000e+02 -3.989700e+00
1.216000e+02 -3.953600e+00
1.217000e+02 -3.916800e+00
1.218000e+02 -3.879400e+00
1.219000e+02 -3.841200e+00
1.220000e+02 -3.802300e+00
1.221000e+02 -3.762700e+00
1.222000e+02 -3.722500e+00
1.223000e+02 -3.681500e+00
1.224000e+02 -3.639800e+00
1.225000e+02 -3.597400e+00
1.226000e+02 -3.554400e+00
1.227000e+02 -3.510600e+00
1.228000e+02 -3.466100e+00
1.229000e+02 -3.421000e+00
1.230000e+02 -3.375200e+00
1.231000e+02 -3.328700e+00
1.232000e+02 -3.281500e+00
1.233000e+02 -3.233700e+00
1.234000e+02 -3.185200e+00
1.235000e+02 -3.136100e+00
1.236000e+02 -3.086300e+00
1.237000e+02 -3.035900e+00
1.238000e+02 -2.984900e+00
1.239000e+02 -2.933300e+00
1.240000e+02 -2.881100e+00
1.241000e+02 -2.828300e+00
1.242000e+02 -2.775000e+00
1.243000e+02 -2.721100e+00
1.244000e+02 -2.666600e+00
1.245000e+02 -2.611700e+00
1.246000e+02 -2.556200e+00
1.247000e+02 -2.500300e+00
1.248000e+02 -2.443800e+00
1.249000e+02 -2.387000e+00
1.250000e+02 -2.329700e+00
1.251000e+02 -2.272000e+00
1.252000e+02 -2.213800e+00
1.253000e+02 -2.155300e+00
1.254000e+02 -2.096500e+00
1.255000e+02 -2.037200e+00
1.256000e+02 -1.977700e+00
1.257000e+02 -1.917800e+00
1.258000e+02 -1.857700e+00
1.259000e+02 -1.797200e+00
1.260000e+02 -1.736500e+00
1.261000e+02 -1.675600e+00
1.262000e+02 -1.614400e+00
1.263000e+02 -1.553000e+00
1.264000e+02 -1.491400e+00
1.265000e+02 -1.429600e+00
1.266000e+02 -1.367600e+00
1.267000e+02 -1.305400e+00
1.268000e+02 -1.243100e+00
1.269000e+02 -1.180500e+00
1.270000e+02 -1.117900e+00
1.271000e+02 -1.055100e+00
1.272000e+02 -9.921400e-01
1.273000e+02 -9.290900e-01
1.274000e+02 -8.659300e-01
1.275000e+02 -8.026600e-01
1.276000e+02 -7.393000e-01
1.277000e+02 -6.758500e-01
1.278000e+02 -6.123100e-01
1.279000e+02 -5.486900e-01
1.280000e+02 -4.850000e-01
1.281000e+02 -4.212400e-01
1.282000e+02 -3.574100e-01
1.283000e+02 -2.935400e-01
1.284000e+02 -2.296300e-01
1.285000e+02 -1.656700e-01
1.286000e+02 -1.016900e-01
1.287000e+02 -3.768000e-02
1.288000e+02 2.634400e-02
1.289000e+02 9.038100e-02
1.290000e+02 1.544300e-01
1.291000e+02 2.184800e-01
1.292000e+02 2.825200e-01
1.293000e+02 3.465500e-01
1.294000e+02 4.105600e-01
1.295000e+02 4.745600e-01
1.296000e+02 5.385200e-01
1.297000e+02 6.024500e-01
1.298000e+02 6.663300e-01
1.299000e+02 7.301500e-01
1.300000e+02 7.939100e-01
1.301000e+02 8.575900e-01
1.302000e+02 9.211700e-01
1.303000e+02 9.846500e-01
1.304000e+02 1.048000e+00
1.305000e+02 1.111200e+00
1.306000e+02 1.174300e+00
1.307000e+02 1.237200e+00
1.308000e+02 1.300000e+00
1.309000e+02 1.362500e+00
1.310000e+02 1.424800e+00
1.311000e+02 1.486900e+00
1.312000e+02 1.548800e+00
1.313000e+02 1.610400e+00
1.314000e+02 1.671700e+00
1.315000e+02 1.732700e+00
1.316000e+02 1.793400e+00
1.317000e+02 1.853800e+00
1.318000e+02 1.913900e+00
1.319000e+02 1.973600e+00
1.320000e+02 2.032900e+00
1.321000e+02 2.091800e+00
1.322000e+02 2.150300e+00
1.323000e+02 2.208400e+00
1.324000e+02 2.266000e+00
1.325000e+02 2.323200e+00
1.326000e+02 2.380000e+00
1.327000e+02 2.436300e+00
1.328000e+02 2.492100e+00
1.329000e+02 2.547400e+00
1.330000e+02 2.602100e+00
1.331000e+02 2.656400e+00
1.332000e+02 2.710100e+00
1.333000e+02 2.763300e+00
1.334000e+02 2.816000e+00
1.335000e+02 2.868000e+00
1.336000e+02 2.919500e+00
1.337000e+02 2.970400e+00
1.338000e+02 3.020800e+00
1.339000e+02 3.070500e+00
1.340000e+02 3.119600e+00
1.341000e+02 3.168100e+00
1.342000e+02 3.216000e+00
1.343000e+02 3.263300e+00
1.344000e+02 3.310000e+00
1.345000e+02 3.356000e+00
1.346000e+02 3.401400e+00
1.347000e+02 3.446200e+00
1.348000e+02 3.490300e+00
1.349000e+02 3.533800e+00
1.350000e+02 3.576600e+00
1.351000e+02 3.618800e+00
1.352000e+02 3.660400e+00
1.353000e+02 3.701300e+00
1.354000e+02 3.741600e+00
1.355000e+02 3.781300e+00
1.356000e+02 3.820300e+00
1.357000e+02 3.858700e+00
1.358000e+02 3.896400e+00
1.359000e+02 3.933400e+00
1.360000e+02 3.969800e+00
1.361000e+02 4.005500e+00
1.362000e+02 4.040600e+00
1.363000e+02 4.075000e+00
1.364000e+02 4.108600e+00
1.365000e+02 4.141600e+00
1.366000e+02 4.173900e+00
1.367000e+02 4.205500e+00
1.368000e+02 4.236500e+00
1.369000e+02 4.266600e+00
1.370000e+02 4.296100e+00
1.371000e+02 4.324900e+00
1.372000e+02 4.352900e+00
1.373000e+02 4.380200e+00
1.374000e+02 4.406700e+00
1.375000e+02 4.432500e+00
1.376000e+02 4.457500e+00
1.377000e+02 4.481700e+00
1.378000e+02 4.505200e+00
1.379000e+02 4.527800e+00
1.380000e+02 4.549600e+00
1.381000e+02 4.570600e+00
1.382000e+02 4.590800e+00
1.383000e+02 4.610100e+00
1.384000e+02 4.628600e+00
1.385000e+02 4.646300e+00
1.386000e+02 4.663000e+00
1.387000e+02 4.679000e+00
1.388000e+02 4.694000e+00
1.389000e+02 4.708200e+00
1.390000e+02 4.721500e+00
1.391000e+02 4.733900e+00
1.392000e+02 4.745500e+00
1.393000e+02 4.756100e+00
1.394000e+02 4.765800e+00
1.395000e+02 4.774700e+00
1.396000e+02 4.782600e+00
1.397000e+02 4.789600e+00
1.398000e+02 4.795700e+00
1.399000e+02 4.800900e+00
1.400000e+02 4.805100e+00
1.401000e+02 4.808500e+00
1.402000e+02 4.810900e+00
1.403000e+02 4.812400e+00
1.404000e+02 4.813000e+00
1.405000e+02 4.812600e+00
1.406000e+02 4.811400e+00
1.407000e+02 4.809300e+00
1.408000e+02 4.806200e+00
1.409000e+02 4.802300e+00
1.410000e+02 4.797400e+00
1.411000e+02 4.791700e+00
1.412000e+02 4.785100e+00
1.413000e+02 4.777600e+00
1.414000e+02 4.769300e+00
1.415000e+02 4.760100e+00
1.416000e+02 4.750000e+00
1.417000e+02 4.739100e+00
1.418000e+02 4.727400e+00
1.419000e+02 4.714800e+00
1.420000e+02 4.701400e+00
1.421000e+02 4.687200e+00
1.422000e+02 4.672200e+00
1.423000e+02 4.656400e+00
1.424000e+02 4.639700e+00
1.425000e+02 4.622300e+00
1.426000e+02 4.604200e+00
1.427000e+02 4.585200e+00
1.428000e+02 4.565500e+00
1.429000e+02 4.545000e+00
1.430000e+02 4.523700e+00
1.431000e+02 4.501700e+00
1.432000e+02 4.478900e+00
1.433000e+02 4.455300e+00
1.434000e+02 4.431000e+00
1.435000e+02 4.406000e+00
1.436000e+02 4.380200e+00
1.437000e+02 4.353600e+00
1.438000e+02 4.326400e+00
1.439000e+02 4.298300e+00
1.440000e+02 4.269600e+00
1.441000e+02 4.240100e+00
1.442000e+02 4.209800e+00
1.443000e+02 4.178900e+00
1.444000e+02 4.147200e+00
1.445000e+02 4.114800e+00
1.446000e+02 4.081600e+00
1.447000e+02 4.047800e+00
1.448000e+02 4.013200e+00
1.449000e+02 3.977900e+00
1.450000e+02 3.941800e+00
1.451000e+02 3.905100e+00
1.452000e+02 3.867600e+00
1.453000e+02 3.829400e+00
1.454000e+02 3.790500e+00
1.455000e+02 3.750900e+00
1.456000e+02 3.710600e+00
1.457000e+02 3.669600e+00
1.458000e+02 3.627900e+00
1.459000e+02 3.585400e+00
1.460000e+02 3.542300e+00
1.461000e+02 3.498500e+00
1.462000e+02 3.454000e+00
1.463000e+02 3.408900e+00
1.464000e+02 3.363100e+00
1.465000e+02 3.316600e+00
1.466000e+02 3.269500e+00
1.467000e+02 3.221700e+00
1.468000e+02 3.173300e+00
1.469000e+02 3.124300e+00
1.470000e+02 3.074600e+00
1.471000e+02 3.024400e+00
1.472000e+02 2.973600e+00
1.473000e+02 2.922200e+00
1.474000e+02 2.870300e+00
1.475000e+02 2.817800e+00
1.476000e+02 2.764800e+00
1.477000e+02 2.711300e+00
1.478000e+02 2.657300e+00
1.479000e+02 2.602800e+00
1.480000e+02 2.547800e+00
1.481000e+02 2.492400e+00
1.482000e+02 2.436500e+00
1.483000e+02 2.380200e+00
1.484000e+02 2.323500e+00
1.485000e+02 2.266400e+00
1.486000e+02 2.208900e+00
1.487000e+02 2.151000e+00
1.488000e+02 2.092800e+00
1.489000e+02 2.034300e+00
1.490000e+02 1.975400e+00
1.491000e+02 1.916300e+00
1.492000e+02 1.856800e+00
1.493000e+02 1.797000e+00
1.494000e+02 1.737000e+00
1.495000e+02 1.676600e+00
1.496000e+02 1.616100e+00
1.497000e+02 1.555200e+00
1.498000e+02 1.494100e+00
1.499000e+02 1.432800e+00
1.500000e+02 1.371300e+00
1.501000e+02 1.309500e+00
1.502000e+02 1.247600e+00
1.503000e+02 1.185500e+00
1.504000e+02 1.123200e+00
1.505000e+02 1.060800e+00
1.506000e+02 9.981600e-01
1.507000e+02 9.354200e-01
1.508000e+02 8.725400e-01
1.509000e+02 8.095300e-01
1.510000e+02 7.464000e-01
1.511000e+02 6.831600e-01
1.512000e+02 6.198000e-01
1.513000e+02 5.563400e-01
1.514000e+02 4.927900e-01
1.515000e+02 4.291600e-01
1.516000e+02 3.654700e-01
1.517000e+02 3.017200e-01
1.518000e+02 2.379200e-01
1.519000e+02 1.740700e-01
1.520000e+02 1.101800e-01
1.521000e+02 4.624200e-02
1.522000e+02 -1.772400e-02
1.523000e+02 -8.172400e-02
1.524000e+02 -1.457600e-01
1.525000e+02 -2.098100e-01
1.526000e+02 -2.738800e-01
1.527000e+02 -3.379600e-01
1.528000e+02 -4.020500e-01
1.529000e+02 -4.661200e-01
1.530000e+02 -5.301600e-01
1.531000e+02 -5.941800e-01
1.532000e+02 -6.581400e-01
1.533000e+02 -7.220400e-01
1.534000e+02 -7.858600e-01
1.535000e+02 -8.496000e-01
1.536000e+02 -9.132200e-01
1.537000e+02 -9.767300e-01
1.538000e+02 -1.040100e+00
1.539000e+02 -1.103300e+00
1.540000e+02 -1.166400e+00
1.541000e+02 -1.229200e+00
1.542000e+02 -1.291900e+00
1.543000e+02 -1.354400e+00
1.544000e+02 -1.416600e+00
1.545000e+02 -1.478600e+00
1.546000e+02 -1.540300e+00
1.547000e+02 -1.601700e+00
1.548000e+02 -1.662800e+00
1.549000e+02 -1.723600e+00
1.550000e+02 -1.784100e+00
1.551000e+02 -1.844200e+00
1.552000e+02 -1.904000e+00
1.553000e+02 -1.963400e+00
1.554000e+02 -2.022400e+00
1.555000e+02 -2.081000e+00
1.556000e+02 -2.139200e+00
1.557000e+02 -2.197000e+00
1.558000e+02 -2.254300e+00
1.559000e+02 -2.311200e+00
1.560000e+02 -2.367700e+00
1.561000e+02 -2.423600e+00
1.562000e+02 -2.479100e+00
1.563000e+02 -2.534000e+00
1.564000e+02 -2.588500e+00
1.565000e+02 -2.642400e+00
1.566000e+02 -2.695800e+00
1.567000e+02 -2.748600e+00
1.568000e+02 -2.800900e+00
1.569000e+02 -2.852700e+00
1.570000e+02 -2.903900e+00
1.571000e+02 -2.954500e+00
1.572000e+02 -3.004500e+00
1.573000e+02 -3.054000e+00
1.574000e+02 -3.102800e+00
1.575000e+02 -3.151100e+00
1.576000e+02 -3.198800e+00
1.577000e+02 -3.245900e+00
1.578000e+02 -3.292300e+00
1.579000e+02 -3.338200e+00
1.580000e+02 -3.383400e+00
1.581000e+02 -3.428100e+00
1.582000e+02 -3.472100e+00
1.583000e+02 -3.515500e+00
1.584000e+02 -3.558300e+00
1.585000e+02 -3.600500e+00
1.586000e+02 -3.642000e+00
1.587000e+02 -3.683000e+00
1.588000e+02 -3.723300e+00
1.589000e+02 -3.762900e+00
1.590000e+02 -3.801900e+00
1.591000e+02 -3.840300e+00
1.592000e+02 -3.878000e+00
1.593000e+02 -3.915100e+00
1.594000e+02 -3.951500e+00
1.595000e+02 -3.987200e+00
1.596000e+02 -4.022300e+00
1.597000e+02 -4.056700e+00
1.598000e+02 -4.090500e+00
1.599000e+02 -4.123500e+00
1.600000e+02 -4.155900e+00
1.601000e+02 -4.187500e+00
1.602000e+02 -4.218500e+00
1.603000e+02 -4.248700e+00
1.604000e+02 -4.278200e+00
1.605000e+02 -4.306900e+00
1.606000e+02 -4.334900e+00
1.607000e+02 -4.362200e+00
1.608000e+02 -4.388700e+00
1.609000e+02 -4.414400e+00
1.610000e+02 -4.439400e+00
1.611000e+02 -4.463600e+00
1.612000e+02 -4.487000e+00
1.613000e+02 -4.509500e+00
1.614000e+02 -4.531300e+00
1.615000e+02 -4.552300e+00
1.616000e+02 -4.572400e+00
1.617000e+02 -4.591700e+00
1.618000e+02 -4.610200e+00
1.619000e+02 -4.627800e+00
1.620000e+02 -4.644600e+00
1.621000e+02 -4.660500e+00
1.622000e+02 -4.675600e+00
1.623000e+02 -4.689800e+00
1.624000e+02 -4.703100e+00
1.625000e+02 -4.715500e+00
1.626000e+02 -4.727100e+00
1.627000e+02 -4.737700e+00
1.628000e+02 -4.747500e+00
1.629000e+02 -4.756300e+00
1.630000e+02 -4.764300e+00
1.631000e+02 -4.771300e+00
1.632000e+02 -4.777400e+00
1.633000e+02 -4.782600e+00
1.634000e+02 -4.786900e+00
1.635000e+02 -4.790300e+00
1.636000e+02 -4.792700e+00
1.637000e+02 -4.794300e+00
1.638000e+02 -4.794900e+00
1.639000e+02 -4.794600e+00
1.640000e+02 -4.793500e+00
1.641000e+02 -4.791400e+00
1.642000e+02 -4.788500e+00
1.643000e+02 -4.784600e+00
1.644000e+02 -4.779900e+00
1.645000e+02 -4.774300e+00
1.646000e+02 -4.767900e+00
1.647000e+02 -4.760600e+00
1.648000e+02 -4.752400e+00
1.649000e+02 -4.743400e+00
1.650000e+02 -4.733500e+00
1.651000e+02 -4.722800e+00
1.652000e+02 -4.711300e+00
1.653000e+02 -4.699000e+00
1.654000e+02 -4.685800e+00
1.655000e+02 -4.671800e+00
1.656000e+02 -4.657100e+00
1.657000e+02 -4.641500e+00
1.658000e+02 -4.625100e+00
1.659000e+02 -4.607900e+00
1.660000e+02 -4.590000e+00
1.661000e+02 -4.571200e+00
1.662000e+02 -4.551700e+00
1.663000e+02 -4.531400e+00
1.664000e+02 -4.510300e+00
1.665000e+02 -4.488500e+00
1.666000e+02 -4.465900e+00
1.667000e+02 -4.442500e+00
1.668000e+02 -4.418400e+00
1.669000e+02 -4.393500e+00
1.670000e+02 -4.367900e+00
1.671000e+02 -4.341500e+00
1.672000e+02 -4.314400e+00
1.673000e+02 -4.286500e+00
1.674000e+02 -4.258000e+00
1.675000e+02 -4.228600e+00
1.676000e+02 -4.198600e+00
1.677000e+02 -4.167800e+00
1.678000e+02 -4.136300e+00
1.679000e+02 -4.104100e+00
1.680000e+02 -4.071100e+00
1.681000e+02 -4.037500e+00
1.682000e+02 -4.003100e+00
1.683000e+02 -3.967900e+00
1.684000e+02 -3.932100e+00
1.685000e+02 -3.895500e+00
1.686000e+02 -3.858200e+00
1.687000e+02 -3.820200e+00
1.688000e+02 -3.781500e+00
1.689000e+02 -3.742100e+00
1.690000e+02 -3.701900e+00
1.691000e+02 -3.661100e+00
1.692000e+02 -3.619600e+00
1.693000e+02 -3.577400e+00
1.694000e+02 -3.534500e+00
1.695000e+02 -3.490900e+00
1.696000e+02 -3.446700e+00
1.697000e+02 -3.401800e+00
1.698000e+02 -3.356200e+00
1.699000e+02 -3.309900e+00
1.700000e+02 -3.263100e+00
1.701000e+02 -3.215600e+00
1.702000e+02 -3.167400e+00
1.703000e+02 -3.118700e+00
1.704000e+02 -3.069300e+00
1.705000e+02 -3.019400e+00
1.706000e+02 -2.968900e+00
1.707000e+02 -2.917800e+00
1.708000e+02 -2.866200e+00
1.709000e+02 -2.814000e+00
1.710000e+02 -2.761300e+00
1.711000e+02 -2.708100e+00
1.712000e+02 -2.654400e+00
1.713000e+02 -2.600200e+00
1.714000e+02 -2.545500e+00
1.715000e+02 -2.490400e+00
1.716000e+02 -2.434800e+00
1.717000e+02 -2.378800e+00
1.718000e+02 -2.322400e+00
1.719000e+02 -2.265500e+00
1.720000e+02 -2.208300e+00
1.721000e+02 -2.150700e+00
1.722000e+02 -2.092800e+00
1.723000e+02 -2.034500e+00
1.724000e+02 -1.975800e+00
1.725000e+02 -1.916900e+00
1.726000e+02 -1.857600e+00
1.727000e+02 -1.798000e+00
1.728000e+02 -1.738200e+00
1.729000e+02 -1.678000e+00
1.730000e+02 -1.617700e+00
1.731000e+02 -1.557000e+00
1.732000e+02 -1.496200e+00
1.733000e+02 -1.435100e+00
1.734000e+02 -1.373800e+00
1.735000e+02 -1.312400e+00
1.736000e+02 -1.250700e+00
1.737000e+02 -1.188800e+00
1.738000e+02 -1.126800e+00
1.739000e+02 -1.064600e+00
1.740000e+02 -1.002300e+00
1.741000e+02 -9.398400e-01
1.742000e+02 -8.772400e-01
1.743000e+02 -8.145100e-01
1.744000e+02 -7.516600e-01
1.745000e+02 -6.887000e-01
1.746000e+02 -6.256300e-01
1.747000e+02 -5.624700e-01
1.748000e+02 -4.992200e-01
1.749000e+02 -4.358900e-01
1.750000e+02 -3.724800e-01
1.751000e+02 -3.090000e-01
1.752000e+02 -2.454600e-01
1.753000e+02 -1.818600e-01
1.754000e+02 -1.182100e-01
1.755000e+02 -5.451900e-02
1.756000e+02 9.204300e-03
1.757000e+02 7.295300e-02
1.758000e+02 1.367200e-01
1.759000e+02 2.005000e-01
1.760000e+02 2.642700e-01
1.761000e+02 3.280300e-01
1.762000e+02 3.917700e-01
1.763000e+02 4.554700e-01
1.764000e+02 5.191300e-01
1.765000e+02 5.827300e-01
1.766000e+02 6.462600e-01
1.767000e+02 7.097200e-01
1.768000e+02 7.730900e-01
1.769000e+02 8.363800e-01
1.770000e+02 8.995600e-01
1.771000e+02 9.626200e-01
1.772000e+02 1.025600e+00
1.773000e+02 1.088400e+00
1.774000e+02 1.151000e+00
1.775000e+02 1.213500e+00
1.776000e+02 1.275700e+00
1.777000e+02 1.337800e+00
1.778000e+02 1.399700e+00
1.779000e+02 1.461300e+00
1.780000e+02 1.522700e+00
1.781000e+02 1.583800e+00
1.782000e+02 1.644600e+00
1.783000e+02 1.705200e+00
1.784000e+02 1.765500e+00
1.785000e+02 1.825400e+00
1.786000e+02 1.885000e+00
1.787000e+02 1.944300e+00
1.788000e+02 2.003200e+00
1.789000e+02 2.061700e+00
1.790000e+02 2.119700e+00
1.791000e+02 2.177400e+00
1.792000e+02 2.234600e+00
1.793000e+02 2.291300e+00
1.794000e+02 2.347600e+00
1.795000e+02 2.403400e+00
1.796000e+02 2.458800e+00
1.797000e+02 2.513600e+00
1.798000e+02 2.568000e+00
1.799000e+02 2.621900e+00
1.800000e+02 2.675200e+00
1.801000e+02 2.728100e+00
1.802000e+02 2.780400e+00
1.803000e+02 2.832200e+00
1.804000e+02 2.883400e+00
1.805000e+02 2.934100e+00
1.806000e+02 2.984300e+00
1.807000e+02 3.033900e+00
1.808000e+02 3.082900e+00
1.809000e+02 3.131400e+00
1.810000e+02 3.179200e+00
1.811000e+02 3.226500e+00
1.812000e+02 3.273200e+00
1.813000e+02 3.319300e+00
1.814000e+02 3.364700e+00
1.815000e+02 3.409600e+00
1.816000e+02 3.453800e+00
1.817000e+02 3.497400e+00
1.818000e+02 3.540300e+00
1.819000e+02 3.582600e+00
1.820000e+02 3.624300e+00
1.821000e+02 3.665300e+00
1.822000e+02 3.705700e+00
1.823000e+02 3.745400e+00
1.824000e+02 3.784500e+00
1.825000e+02 3.822900e+00
1.826000e+02 3.860700e+00
1.827000e+02 3.897700e+00
1.828000e+02 3.934100e+00
1.829000e+02 3.969800e+00
1.830000e+02 4.004800e+00
1.831000e+02 4.039200e+00
1.832000e+02 4.072800e+00
1.833000e+02 4.105700e+00
1.834000e+02 4.137900e+00
1.835000e+02 4.169400e+00
1.836000e+02 4.200200e+00
1.837000e+02 4.230200e+00
1.838000e+02 4.259600e+00
1.839000e+02 4.288100e+00
1.840000e+02 4.316000e+00
1.841000e+02 4.343100e+00
1.842000e+02 4.369400e+00
1.843000e+02 4.394900e+00
1.844000e+02 4.419700e+00
1.845000e+02 4.443800e+00
1.846000e+02 4.467000e+00
1.847000e+02 4.489400e+00
1.848000e+02 4.511100e+00
1.849000e+02 4.531900e+00
1.850000e+02 4.551900e+00
1.851000e+02 4.571100e+00
1.852000e+02 4.589400e+00
1.853000e+02 4.607000e+00
1.854000e+02 4.623600e+00
1.855000e+02 4.639500e+00
1.856000e+02 4.654400e+00
1.857000e+02 4.668500e+00
1.858000e+02 4.681800e+00
1.859000e+02 4.694200e+00
1.860000e+02 4.705700e+00
1.861000e+02 4.716400e+00
1.862000e+02 4.726100e+00
1.863000e+02 4.735100e+00
1.864000e+02 4.743100e+00
1.865000e+02 4.750200e+00
1.866000e+02 4.756500e+00
1.867000e+02 4.761800e+00
1.868000e+02 4.766300e+00
1.869000e+02 4.769900e+00
1.870000e+02 4.772600e+00
1.871000e+02 4.774400e+00
1.872000e+02 4.775300e+00
1.873000e+02 4.775300e+00
1.874000e+02 4.774500e+00
1.875000e+02 4.772700e+00
1.876000e+02 4.770100e+00
1.877000e+02 4.766600e+00
1.878000e+02 4.762200e+00
1.879000e+02 4.757000e+00
1.880000e+02 4.750900e+00
1.881000e+02 4.743900e+00
1.882000e+02 4.736000e+00
1.883000e+02 4.727300e+00
1.884000e+02 4.717800e+00
1.885000e+02 4.707400e+00
1.886000e+02 4.696200e+00
1.887000e+02 4.684100e+00
1.888000e+02 4.671200e+00
1.889000e+02 4.657500e+00
1.890000e+02 4.642900e+00
1.891000e+02 4.627600e+00
1.892000e+02 4.611400e+00
1.893000e+02 4.594400e+00
1.894000e+02 4.576700e+00
1.895000e+02 4.558100e+00
1.896000e+02 4.538800e+00
1.897000e+02 4.518700e+00
1.898000e+02 4.497700e+00
1.899000e+02 4.476100e+00
1.900000e+02 4.453600e+00
1.901000e+02 4.430400e+00
1.902000e+02 4.406400e+00
1.903000e+02 4.381600e+00
1.904000e+02 4.356100e+00
1.905000e+02 4.329800e+00
1.906000e+02 4.302700e+00
1.907000e+02 4.274900e+00
1.908000e+02 4.246300e+00
1.909000e+02 4.217000e+00
1.910000e+02 4.187000e+00
1.911000e+02 4.156200e+00
1.912000e+02 4.124600e+00
1.913000e+02 4.092300e+00
1.914000e+02 4.059300e+00
1.915000e+02 4.025500e+00
1.916000e+02 3.991000e+00
1.917000e+02 3.955800e+00
1.918000e+02 3.919900e+00
1.919000e+02 3.883300e+00
1.920000e+02 3.846000e+00
1.921000e+02 3.807900e+00
1.922000e+02 3.769200e+00
1.923000e+02 3.729800e+00
1.924000e+02 3.689700e+00
1.925000e+02 3.648900e+00
1.926000e+02 3.607400e+00
1.927000e+02 3.565300e+00
1.928000e+02 3.522500e+00
1.929000e+02 3.479100e+00
1.930000e+02 3.435000e+00
1.931000e+02 3.390300e+00
1.932000e+02 3.344900e+00
1.933000e+02 3.299000e+00
1.934000e+02 3.252400e+00
1.935000e+02 3.205200e+00
1.936000e+02 3.157300e+00
1.937000e+02 3.108900e+00
1.938000e+02 3.060000e+00
1.939000e+02 3.010400e+00
1.940000e+02 2.960300e+00
1.941000e+02 2.909600e+00
1.942000e+02 2.858400e+00
1.943000e+02 2.806600e+00
1.944000e+02 2.754300e+00
1.945000e+02 2.701600e+00
1.946000e+02 2.648300e+00
1.947000e+02 2.594600e+00
1.948000e+02 2.540400e+00
1.949000e+02 2.485700e+00
1.950000e+02 2.430600e+00
1.951000e+02 2.375000e+00
1.952000e+02 2.319000e+00
1.953000e+02 2.262600e+00
1.954000e+02 2.205800e+00
1.955000e+02 2.148700e+00
1.956000e+02 2.091100e+00
1.957000e+02 2.033200e+00
1.958000e+02 1.974900e+00
1.959000e+02 1.916300e+00
1.960000e+02 1.857400e+00
1.961000e+02 1.798200e+00
1.962000e+02 1.738700e+00
1.963000e+02 1.679000e+00
1.964000e+02 1.619000e+00
1.965000e+02 1.558700e+00
1.966000e+02 1.498200e+00
1.967000e+02 1.437500e+00
1.968000e+02 1.376500e+00
1.969000e+02 1.315300e+00
1.970000e+02 1.254000e+00
1.971000e+02 1.192300e+00
1.972000e+02 1.130500e+00
1.973000e+02 1.068500e+00
1.974000e+02 1.006300e+00
1.975000e+02 9.439800e-01
1.976000e+02 8.814600e-01
1.977000e+02 8.187800e-01
1.978000e+02 7.559600e-01
1.979000e+02 6.930000e-01
1.980000e+02 6.299400e-01
1.981000e+02 5.667600e-01
1.982000e+02 5.034900e-01
1.983000e+02 4.401300e-01
1.984000e+02 3.767000e-01
1.985000e+02 3.131800e-01
1.986000e+02 2.496000e-01
1.987000e+02 1.859600e-01
1.988000e+02 1.222700e-01
1.989000e+02 5.854600e-02
1.990000e+02 -5.202200e-03
1.991000e+02 -6.896600e-02
1.992000e+02 -1.327400e-01
1.993000e+02 -1.965000e-01
1.994000e+02 -2.602600e-01
1.995000e+02 -3.240000e-01
1.996000e+02 -3.877000e-01
1.997000e+02 -4.513500e-01
1.998000e+02 -5.149600e-01
1.999000e+02 -5.785000e-01
2.000000e+02 -6.419600e-01
2.001000e+02 -7.053400e-01
2.002000e+02 -7.686100e-01
2.003000e+02 -8.317600e-01
2.004000e+02 -8.947900e-01
2.005000e+02 -9.576700e-01
2.006000e+02 -1.020400e+00
2.007000e+02 -1.082900e+00
2.008000e+02 -1.145300e+00
2.009000e+02 -1.207500e+00
2.010000e+02 -1.269400e+00
2.011000e+02 -1.331200e+00
2.012000e+02 -1.392700e+00
2.013000e+02 -1.453900e+00
2.014000e+02 -1.514900e+00
2.015000e+02 -1.575700e+00
2.016000e+02 -1.636100e+00
2.017000e+02 -1.696200e+00
2.018000e+02 -1.756100e+00
2.019000e+02 -1.815600e+00
2.020000e+02 -1.874700e+00
2.021000e+02 -1.933500e+00
2.022000e+02 -1.991900e+00
2.023000e+02 -2.050000e+00
2.024000e+02 -2.107700e+00
2.025000e+02 -2.165000e+00
2.026000e+02 -2.221800e+00
2.027000e+02 -2.278300e+00
2.028000e+02 -2.334300e+00
2.029000e+02 -2.389900e+00
2.030000e+02 -2.445000e+00
2.031000e+02 -2.499700e+00
2.032000e+02 -2.553900e+00
2.033000e+02 -2.607600e+00
2.034000e+02 -2.660800e+00
2.035000e+02 -2.713600e+00
2.036000e+02 -2.765800e+00
2.037000e+02 -2.817500e+00
2.038000e+02 -2.868700e+00
2.039000e+02 -2.919400e+00
2.040000e+02 -2.969500e+00
2.041000e+02 -3.019100e+00
2.042000e+02 -3.068100e+00
2.043000e+02 -3.116600e+00
2.044000e+02 -3.164600e+00
2.045000e+02 -3.212000e+00
2.046000e+02 -3.258900e+00
2.047000e+02 -3.305200e+00
2.048000e+02 -3.350900e+00
2.049000e+02 -3.396100e+00
2.050000e+02 -3.440600e+00
2.051000e+02 -3.484600e+00
2.052000e+02 -3.528000e+00
2.053000e+02 -3.570800e+00
2.054000e+02 -3.612900e+00
2.055000e+02 -3.654400e+00
2.056000e+02 -3.695300e+00
2.057000e+02 -3.735600e+00
2.058000e+02 -3.775200e+00
2.059000e+02 -3.814200e+00
2.060000e+02 -3.852500e+00
2.061000e+02 -3.890100e+00
2.062000e+02 -3.927100e+00
2.063000e+02 -3.963400e+00
2.064000e+02 -3.999100e+00
2.065000e+02 -4.034100e+00
2.066000e+02 -4.068300e+00
2.067000e+02 -4.102000e+00
2.068000e+02 -4.134900e+00
2.069000e+02 -4.167100e+00
2.070000e+02 -4.198600e+00
2.071000e+02 -4.229400e+00
2.072000e+02 -4.259500e+00
2.073000e+02 -4.288800e+00
2.074000e+02 -4.317400e+00
2.075000e+02 -4.345200e+00
2.076000e+02 -4.372400e+00
2.077000e+02 -4.398700e+00
2.078000e+02 -4.424300e+00
2.079000e+02 -4.449100e+00
2.080000e+02 -4.473200e+00
2.081000e+02 -4.496400e+00
2.082000e+02 -4.518900e+00
2.083000e+02 -4.540600e+00
2.084000e+02 -4.561400e+00
2.085000e+02 -4.581400e+00
2.086000e+02 -4.600600e+00
2.087000e+02 -4.619000e+00
2.088000e+02 -4.636500e+00
2.089000e+02 -4.653100e+00
2.090000e+02 -4.669000e+00
2.091000e+02 -4.683900e+00
2.092000e+02 -4.698000e+00
2.093000e+02 -4.711300e+00
2.094000e+02 -4.723700e+00
2.095000e+02 -4.735200e+00
2.096000e+02 -4.745900e+00
2.097000e+02 -4.755700e+00
2.098000e+02 -4.764700e+00
2.099000e+02 -4.772800e+00
2.100000e+02 -4.780000e+00
2.101000e+02 -4.786400e+00
2.102000e+02 -4.791800e+00
2.103000e+02 -4.796500e+00
2.104000e+02 -4.800200e+00
2.105000e+02 -4.803100e+00
2.106000e+02 -4.805100e+00
2.107000e+02 -4.806300e+00
2.108000e+02 -4.806600e+00
2.109000e+02 -4.806000e+00
2.110000e+02 -4.804600e+00
2.111000e+02 -4.802300e+00
2.112000e+02 -4.799200e+00
2.113000e+02 -4.795300e+00
2.114000e+02 -4.790500e+00
2.115000e+02 -4.784900e+00
2.116000e+02 -4.778400e+00
2.117000e+02 -4.771100e+00
2.118000e+02 -4.763000e+00
2.119000e+02 -4.754100e+00
2.120000e+02 -4.744300e+00
2.121000e+02 -4.733700e+00
2.122000e+02 -4.722300e+00
2.123000e+02 -4.710100e+00
2.124000e+02 -4.697100e+00
2.125000e+02 -4.683300e+00
2.126000e+02 -4.668700e+00
2.127000e+02 -4.653300e+00
2.128000e+02 -4.637100e+00
2.129000e+02 -4.620100e+00
2.130000e+02 -4.602300e+00
2.131000e+02 -4.583800e+00
2.132000e+02 -4.564500e+00
2.133000e+02 -4.544400e+00
2.134000e+02 -4.523600e+00
2.135000e+02 -4.502000e+00
2.136000e+02 -4.479700e+00
2.137000e+02 -4.456600e+00
2.138000e+02 -4.432700e+00
2.139000e+02 -4.408100e+00
2.140000e+02 -4.382700e+00
2.141000e+02 -4.356500e+00
2.142000e+02 -4.329600e+00
2.143000e+02 -4.301900e+00
2.144000e+02 -4.273500e+00
2.145000e+02 -4.244300e+00
2.146000e+02 -4.214400e+00
2.147000e+02 -4.183700e+00
2.148000e+02 -4.152300e+00
2.149000e+02 -4.120100e+00
2.150000e+02 -4.087200e+00
2.151000e+02 -4.053500e+00
2.152000e+02 -4.019200e+00
2.153000e+02 -3.984100e+00
2.154000e+02 -3.948200e+00
2.155000e+02 -3.911700e+00
2.156000e+02 -3.874400e+00
2.157000e+02 -3.836500e+00
2.158000e+02 -3.797800e+00
2.159000e+02 -3.758400e+00
2.160000e+02 -3.718400e+00
2.161000e+02 -3.677700e+00
2.162000e+02 -3.636300e+00
2.163000e+02 -3.594300e+00
2.164000e+02 -3.551600e+00
2.165000e+02 -3.508300e+00
2.166000e+02 -3.464300e+00
2.167000e+02 -3.419600e+00
2.168000e+02 -3.374400e+00
2.169000e+02 -3.328500e+00
2.170000e+02 -3.282000e+00
2.171000e+02 -3.234900e+00
2.172000e+02 -3.187200e+00
2.173000e+02 -3.139000e+00
2.174000e+02 -3.090100e+00
2.175000e+02 -3.040700e+00
2.176000e+02 -2.990700e+00
2.177000e+02 -2.940200e+00
2.178000e+02 -2.889100e+00
2.179000e+02 -2.837500e+00
2.180000e+02 -2.785400e+00
2.181000e+02 -2.732800e+00
2.182000e+02 -2.679700e+00
2.183000e+02 -2.626200e+00
2.184000e+02 -2.572200e+00
2.185000e+02 -2.517800e+00
2.186000e+02 -2.462900e+00
2.187000e+02 -2.407600e+00
2.188000e+02 -2.351900e+00
2.189000e+02 -2.295800e+00
2.190000e+02 -2.239400e+00
2.191000e+02 -2.182500e+00
2.192000e+02 -2.125400e+00
2.193000e+02 -2.067800e+00
2.194000e+02 -2.010000e+00
2.195000e+02 -1.951900e+00
2.196000e+02 -1.893400e+00
2.197000e+02 -1.834700e+00
2.198000e+02 -1.775600e+00
2.199000e+02 -1.716300e+00
2.200000e+02 -1.656700e+00
2.201000e+02 -1.596900e+00
2.202000e+02 -1.536700e+00
2.203000e+02 -1.476400e+00
2.204000e+02 -1.415800e+00
2.205000e+02 -1.354900e+00
2.206000e+02 -1.293900e+00
2.207000e+02 -1.232600e+00
2.208000e+02 -1.171100e+00
2.209000e+02 -1.109400e+00
2.210000e+02 -1.047600e+00
2.211000e+02 -9.855700e-01
2.212000e+02 -9.233900e-01
2.213000e+02 -8.610500e-01
2.214000e+02 -7.985600e-01
2.215000e+02 -7.359300e-01
2.216000e+02 -6.731700e-01
2.217000e+02 -6.102800e-01
2.218000e+02 -5.472700e-01
2.219000e+02 -4.841500e-01
2.220000e+02 -4.209400e-01
2.221000e+02 -3.576400e-01
2.222000e+02 -2.942700e-01
2.223000e+02 -2.308300e-01
2.224000e+02 -1.673300e-01
2.225000e+02 -1.037900e-01
2.226000e+02 -4.020800e-02
2.227000e+02 2.340600e-02
2.228000e+02 8.704400e-02
2.229000e+02 1.507000e-01
2.230000e+02 2.143600e-01
2.231000e+02 2.780200e-01
2.232000e+02 3.416700e-01
2.233000e+02 4.052800e-01
2.234000e+02 4.688500e-01
2.235000e+02 5.323700e-01
2.236000e+02 5.958200e-01
2.237000e+02 6.592000e-01
2.238000e+02 7.224900e-01
2.239000e+02 7.856700e-01
2.240000e+02 8.487400e-01
2.241000e+02 9.116800e-01
2.242000e+02 9.744800e-01
2.243000e+02 1.037100e+00
2.244000e+02 1.099600e+00
2.245000e+02 1.161900e+00
2.246000e+02 1.224000e+00
2.247000e+02 1.285900e+00
2.248000e+02 1.347500e+00
2.249000e+02 1.408900e+00
2.250000e+02 1.470100e+00
2.251000e+02 1.531000e+00
2.252000e+02 1.591600e+00
2.253000e+02 1.651900e+00
2.254000e+02 1.711900e+00
2.255000e+02 1.771600e+00
2.256000e+02 1.831000e+00
2.257000e+02 1.890000e+00
2.258000e+02 1.948700e+00
2.259000e+02 2.006900e+00
2.260000e+02 2.064900e+00
2.261000e+02 2.122400e+00
2.262000e+02 2.179500e+00
2.263000e+02 2.236200e+00
2.264000e+02 2.292500e+00
2.265000e+02 2.348300e+00
2.266000e+02 2.403700e+00
2.267000e+02 2.458700e+00
2.268000e+02 2.513200e+00
2.269000e+02 2.567300e+00
2.270000e+02 2.620900e+00
2.271000e+02 2.674000e+00
2.272000e+02 2.726600e+00
2.273000e+02 2.778700e+00
2.274000e+02 2.830300e+00
2.275000e+02 2.881400e+00
2.276000e+02 2.931900e+00
2.277000e+02 2.982000e+00
2.278000e+02 3.031400e+00
2.279000e+02 3.080300e+00
2.280000e+02 3.128700e+00
2.281000e+02 3.176500e+00
2.282000e+02 3.223700e+00
2.283000e+02 3.270300e+00
2.284000e+02 3.316400e+00
2.285000e+02 3.361800e+00
2.286000e+02 3.406700e+00
2.287000e+02 3.451000e+00
2.288000e+02 3.494600e+00
2.289000e+02 3.537700e+00
2.290000e+02 3.580100e+00
2.291000e+02 3.621900e+00
2.292000e+02 3.663100e+00
2.293000e+02 3.703700e+00
2.294000e+02 3.743700e+00
2.295000e+02 3.783000e+00
2.296000e+02 3.821600e+00
2.297000e+02 3.859700e+00
2.298000e+02 3.897000e+00
2.299000e+02 3.933800e+00
2.300000e+02 3.969800e+00
2.301000e+02 4.005200e+00
2.302000e+02 4.039900e+00
2.303000e+02 4.073900e+00
2.304000e+02 4.107200e+00
2.305000e+02 4.139900e+00
2.306000e+02 4.171800e+00
2.307000e+02 4.202900e+00
2.308000e+02 4.233400e+00
2.309000e+02 4.263100e+00
2.310000e+02 4.292000e+00
2.311000e+02 4.320200e+00
2.312000e+02 4.347700e+00
2.313000e+02 4.374300e+00
2.314000e+02 4.400200e+00
2.315000e+02 4.425300e+00
2.316000e+02 4.449700e+00
2.317000e+02 4.473200e+00
2.318000e+02 4.495900e+00
2.319000e+02 4.517800e+00
2.320000e+02 4.539000e+00
2.321000e+02 4.559300e+00
2.322000e+02 4.578800e+00
2.323000e+02 4.597500e+00
2.324000e+02 4.615400e+00
2.325000e+02 4.632400e+00
2.326000e+02 4.648700e+00
2.327000e+02 4.664100e+00
2.328000e+02 4.678600e+00
2.329000e+02 4.692300e+00
2.330000e+02 4.705200e+00
2.331000e+02 4.717200e+00
2.332000e+02 4.728300e+00
2.333000e+02 4.738600e+00
2.334000e+02 4.748100e+00
2.335000e+02 4.756700e+00
2.336000e+02 4.764400e+00
2.337000e+02 4.771200e+00
2.338000e+02 4.777200e+00
2.339000e+02 4.782400e+00
2.340000e+02 4.786600e+00
2.341000e+02 4.790000e+00
2.342000e+02 4.792600e+00
2.343000e+02 4.794200e+00
2.344000e+02 4.795000e+00
2.345000e+02 4.795000e+00
2.346000e+02 4.794000e+00
2.347000e+02 4.792300e+00
2.348000e+02 4.789700e+00
2.349000e+02 4.786200e+00
2.350000e+02 4.781900e+00
2.351000e+02 4.776700e+00
2.352000e+02 4.770800e+00
2.353000e+02 4.763900e+00
2.354000e+02 4.756300e+00
2.355000e+02 4.747800e+00
2.356000e+02 4.738500e+00
2.357000e+02 4.728400e+00
2.358000e+02 4.717500e+00
2.359000e+02 4.705700e+00
2.360000e+02 4.693100e+00
2.361000e+02 4.679700e+00
2.362000e+02 4.665500e+00
2.363000e+02 4.650500e+00
2.364000e+02 4.634700e+00
2.365000e+02 4.618100e+00
2.366000e+02 4.600700e+00
2.367000e+02 4.582400e+00
2.368000e+02 4.563400e+00
2.369000e+02 4.543700e+00
2.370000e+02 4.523100e+00
2.371000e+02 4.501700e+00
2.372000e+02 4.479600e+00
2.373000e+02 4.456700e+00
2.374000e+02 4.433000e+00
2.375000e+02 4.408500e+00
2.376000e+02 4.383200e+00
2.377000e+02 4.357200e+00
2.378000e+02 4.330500e+00
2.379000e+02 4.302900e+00
2.380000e+02 4.274600e+00
2.381000e+02 4.245600e+00
2.382000e+02 4.215800e+00
2.383000e+02 4.185300e+00
2.384000e+02 4.154000e+00
2.385000e+02 4.122000e+00
2.386000e+02 4.089300e+00
2.387000e+02 4.055800e+00
2.388000e+02 4.021700e+00
2.389000e+02 3.986800e+00
2.390000e+02 3.951200e+00
2.391000e+02 3.914900e+00
2.392000e+02 3.877900e+00
2.393000e+02 3.840200e+00
2.394000e+02 3.801800e+00
2.395000e+02 3.762700e+00
2.396000e+02 3.723000e+00
2.397000e+02 3.682600e+00
2.398000e+02 3.641500e+00
2.399000e+02 3.599700e+00
2.400000e+02 3.557300e+00
2.401000e+02 3.514300e+00
2.402000e+02 3.470500e+00
2.403000e+02 3.426200e+00
2.404000e+02 3.381200e+00
2.405000e+02 3.335600e+00
2.406000e+02 3.289400e+00
2.407000e+02 3.242500e+00
2.408000e+02 3.195100e+00
2.409000e+02 3.147200e+00
2.410000e+02 3.098600e+00
2.411000e+02 3.049500e+00
2.412000e+02 2.999900e+00
2.413000e+02 2.949800e+00
2.414000e+02 2.899100e+00
2.415000e+02 2.847900e+00
2.416000e+02 2.796300e+00
2.417000e+02 2.744100e+00
2.418000e+02 2.691500e+00
2.419000e+02 2.638400e+00
2.420000e+02 2.584800e+00
2.421000e+02 2.530800e+00
2.422000e+02 2.476300e+00
2.423000e+02 2.421500e+00
2.424000e+02 2.366200e+00
2.425000e+02 2.310500e+00
2.426000e+02 2.254400e+00
2.427000e+02 2.197900e+00
2.428000e+02 2.141000e+00
2.429000e+02 2.083800e+00
2.430000e+02 2.026200e+00
2.431000e+02 1.968200e+00
2.432000e+02 1.909900e+00
2.433000e+02 1.851300e+00
2.434000e+02 1.792400e+00
2.435000e+02 1.733200e+00
2.436000e+02 1.673600e+00
2.437000e+02 1.613800e+00
2.438000e+02 1.553600e+00
2.439000e+02 1.493300e+00
2.440000e+02 1.432600e+00
2.441000e+02 1.371700e+00
2.442000e+02 1.310600e+00
2.443000e+02 1.249300e+00
2.444000e+02 1.187700e+00
2.445000e+02 1.125900e+00
2.446000e+02 1.064000e+00
2.447000e+02 1.001900e+00
2.448000e+02 9.395900e-01
2.449000e+02 8.771400e-01
2.450000e+02 8.145500e-01
2.451000e+02 7.518100e-01
2.452000e+02 6.889300e-01
2.453000e+02 6.259300e-01
2.454000e+02 5.628200e-01
2.455000e+02 4.995900e-01
2.456000e+02 4.362700e-01
2.457000e+02 3.728500e-01
2.458000e+02 3.093500e-01
2.459000e+02 2.457700e-01
2.460000e+02 1.821400e-01
2.461000e+02 1.184500e-01
2.462000e+02 5.473200e-02
2.463000e+02 -9.013000e-03
2.464000e+02 -7.277000e-02
2.465000e+02 -1.365300e-01
2.466000e+02 -2.002700e-01
2.467000e+02 -2.639900e-01
2.468000e+02 -3.276800e-01
2.469000e+02 -3.913100e-01
2.470000e+02 -4.548800e-01
2.471000e+02 -5.183700e-01
2.472000e+02 -5.817800e-01
2.473000e+02 -6.450900e-01
2.474000e+02 -7.083000e-01
2.475000e+02 -7.713800e-01
2.476000e+02 -8.343200e-01
2.477000e+02 -8.971200e-01
2.478000e+02 -9.597600e-01
2.479000e+02 -1.022200e+00
2.480000e+02 -1.084500e+00
2.481000e+02 -1.146600e+00
2.482000e+02 -1.208400e+00
2.483000e+02 -1.270000e+00
2.484000e+02 -1.331500e+00
2.485000e+02 -1.392600e+00
2.486000e+02 -1.453500e+00
2.487000e+02 -1.514200e+00
2.488000e+02 -1.574500e+00
2.489000e+02 -1.634600e+00
2.490000e+02 -1.694400e+00
2.491000e+02 -1.753900e+00
2.492000e+02 -1.813100e+00
2.493000e+02 -1.871900e+00
2.494000e+02 -1.930400e+00
2.495000e+02 -1.988500e+00
2.496000e+02 -2.046300e+00
2.497000e+02 -2.103700e+00
2.498000e+02 -2.160700e+00
2.499000e+02 -2.217300e+00
2.500000e+02 -2.273600e+00
2.501000e+02 -2.329400e+00
2.502000e+02 -2.384800e+00
2.503000e+02 -2.439800e+00
2.504000e+02 -2.494300e+00
2.505000e+02 -2.548400e+00
2.506000e+02 -2.602000e+00
2.507000e+02 -2.655200e+00
2.508000e+02 -2.707900e+00
2.509000e+02 -2.760100e+00
2.510000e+02 -2.811800e+00
2.511000e+02 -2.863000e+00
2.512000e+02 -2.913700e+00
2.513000e+02 -2.963900e+00
2.514000e+02 -3.013600e+00
2.515000e+02 -3.062700e+00
2.516000e+02 -3.111300e+00
2.517000e+02 -3.159300e+00
2.518000e+02 -3.206800e+00
2.519000e+02 -3.253800e+00
2.520000e+02 -3.300200e+00
2.521000e+02 -3.346000e+00
2.522000e+02 -3.391300e+00
2.523000e+02 -3.436000e+00
2.524000e+02 -3.480100e+00
2.525000e+02 -3.523600e+00
2.526000e+02 -3.566600e+00
2.527000e+02 -3.608900e+00
2.528000e+02 -3.650600e+00
2.529000e+02 -3.691600e+00
2.530000e+02 -3.732000e+00
2.531000e+02 -3.771800e+00
2.532000e+02 -3.810900e+00
2.533000e+02 -3.849400e+00
2.534000e+02 -3.887200e+00
2.535000e+02 -3.924300e+00
2.536000e+02 -3.960800e+00
2.537000e+02 -3.996500e+00
2.538000e+02 -4.031600e+00
2.539000e+02 -4.065900e+00
2.540000e+02 -4.099600e+00
2.541000e+02 -4.132500e+00
2.542000e+02 -4.164700e+00
2.543000e+02 -4.196100e+00
2.544000e+02 -4.226900e+00
2.545000e+02 -4.256800e+00
2.546000e+02 -4.286000e+00
2.547000e+02 -4.314500e+00
2.548000e+02 -4.342200e+00
2.549000e+02 -4.369100e+00
2.550000e+02 -4.395300e+00
2.551000e+02 -4.420600e+00
2.552000e+02 -4.445200e+00
2.553000e+02 -4.469000e+00
2.554000e+02 -4.492000e+00
2.555000e+02 -4.514200e+00
2.556000e+02 -4.535600e+00
2.557000e+02 -4.556200e+00
2.558000e+02 -4.575900e+00
2.559000e+02 -4.594900e+00
2.560000e+02 -4.613000e+00
2.561000e+02 -4.630200e+00
2.562000e+02 -4.646700e+00
2.563000e+02 -4.662300e+00
2.564000e+02 -4.677000e+00
2.565000e+02 -4.690900e+00
2.566000e+02 -4.704000e+00
2.567000e+02 -4.716200e+00
2.568000e+02 -4.727500e+00
2.569000e+02 -4.738000e+00
2.570000e+02 -4.747600e+00
2.571000e+02 -4.756400e+00
2.572000e+02 -4.764300e+00
2.573000e+02 -4.771300e+00
2.574000e+02 -4.777500e+00
2.575000e+02 -4.782900e+00
2.576000e+02 -4.787400e+00
2.577000e+02 -4.791100e+00
2.578000e+02 -4.793900e+00
2.579000e+02 -4.795900e+00
2.580000e+02 -4.797100e+00
2.581000e+02 -4.797400e+00
2.582000e+02 -4.796800e+00
2.583000e+02 -4.795500e+00
2.584000e+02 -4.793300e+00
2.585000e+02 -4.790300e+00
2.586000e+02 -4.786400e+00
2.587000e+02 -4.781700e+00
2.588000e+02 -4.776200e+00
2.589000e+02 -4.769800e+00
2.590000e+02 -4.762600e+00
2.591000e+02 -4.754600e+00
2.592000e+02 -4.745700e+00
2.593000e+02 -4.736000e+00
2.594000e+02 -4.725500e+00
2.595000e+02 -4.714100e+00
2.596000e+02 -4.702000e+00
2.597000e+02 -4.689000e+00
2.598000e+02 -4.675200e+00
2.599000e+02 -4.660500e+00
2.600000e+02 -4.645100e+00
2.601000e+02 -4.628800e+00
2.602000e+02 -4.611800e+00
2.603000e+02 -4.593900e+00
2.604000e+02 -4.575200e+00
2.605000e+02 -4.555800e+00
2.606000e+02 -4.535500e+00
2.607000e+02 -4.514400e+00
2.608000e+02 -4.492500e+00
2.609000e+02 -4.469900e+00
2.610000e+02 -4.446400e+00
2.611000e+02 -4.422200e+00
2.612000e+02 -4.397200e+00
2.613000e+02 -4.371400e+00
2.614000e+02 -4.344800e+00
2.615000e+02 -4.317500e+00
2.616000e+02 -4.289400e+00
2.617000e+02 -4.260500e+00
2.618000e+02 -4.230900e+00
2.619000e+02 -4.200500e+00
2.620000e+02 -4.169400e+00
2.621000e+02 -4.137500e+00
2.622000e+02 -4.104800e+00
2.623000e+02 -4.071500e+00
2.624000e+02 -4.037400e+00
2.625000e+02 -4.002500e+00
2.626000e+02 -3.966900e+00
2.627000e+02 -3.930600e+00
2.628000e+02 -3.893600e+00
2.629000e+02 -3.855800e+00
2.630000e+02 -3.817400e+00
2.631000e+02 -3.778300e+00
2.632000e+02 -3.738400e+00
2.633000e+02 -3.697900e+00
2.634000e+02 -3.656700e+00
2.635000e+02 -3.614900e+00
2.636000e+02 -3.572400e+00
2.637000e+02 -3.529300e+00
2.638000e+02 -3.485500e+00
2.639000e+02 -3.441100e+00
2.640000e+02 -3.396100e+00
2.641000e+02 -3.350500e+00
2.642000e+02 -3.304400e+00
2.643000e+02 -3.257600e+00
2.644000e+02 -3.210300e+00
2.645000e+02 -3.162400e+00
2.646000e+02 -3.113900e+00
2.647000e+02 -3.065000e+00
2.648000e+02 -3.015500e+00
2.649000e+02 -2.965400e+00
2.650000e+02 -2.914900e+00
2.651000e+02 -2.863800e+00
2.652000e+02 -2.812300e+00
2.653000e+02 -2.760200e+00
2.654000e+02 -2.707700e+00
2.655000e+02 -2.654700e+00
2.656000e+02 -2.601300e+00
2.657000e+02 -2.547400e+00
2.658000e+02 -2.493100e+00
2.659000e+02 -2.438300e+00
2.660000e+02 -2.383100e+00
2.661000e+02 -2.327600e+00
2.662000e+02 -2.271600e+00
2.663000e+02 -2.215200e+00
2.664000e+02 -2.158500e+00
2.665000e+02 -2.101400e+00
2.666000e+02 -2.044000e+00
2.667000e+02 -1.986200e+00
2.668000e+02 -1.928100e+00
2.669000e+02 -1.869700e+00
2.670000e+02 -1.811000e+00
2.671000e+02 -1.751900e+00
2.672000e+02 -1.692600e+00
2.673000e+02 -1.633000e+00
2.674000e+02 -1.573100e+00
2.675000e+02 -1.513000e+00
2.676000e+02 -1.452600e+00
2.677000e+02 -1.391900e+00
2.678000e+02 -1.331000e+00
2.679000e+02 -1.269900e+00
2.680000e+02 -1.208500e+00
2.681000e+02 -1.146900e+00
2.682000e+02 -1.085100e+00
2.683000e+02 -1.023100e+00
2.684000e+02 -9.608700e-01
2.685000e+02 -8.984900e-01
2.686000e+02 -8.359300e-01
2.687000e+02 -7.732000e-01
2.688000e+02 -7.103100e-01
2.689000e+02 -6.472700e-01
2.690000e+02 -5.841000e-01
2.691000e+02 -5.208000e-01
2.692000e+02 -4.573900e-01
2.693000e+02 -3.938800e-01
2.694000e+02 -3.302800e-01
2.695000e+02 -2.666100e-01
2.696000e+02 -2.028800e-01
2.697000e+02 -1.390900e-01
2.698000e+02 -7.527100e-02
2.699000e+02 -1.142500e-02
2.700000e+02 5.243500e-02
2.701000e+02 1.163000e-01
2.702000e+02 1.801500e-01
2.703000e+02 2.439800e-01
2.704000e+02 3.077900e-01
2.705000e+02 3.715500e-01
2.706000e+02 4.352500e-01
2.707000e+02 4.988900e-01
2.708000e+02 5.624500e-01
2.709000e+02 6.259200e-01
2.710000e+02 6.892900e-01
2.711000e+02 7.525400e-01
2.712000e+02 8.156600e-01
2.713000e+02 8.786500e-01
2.714000e+02 9.414800e-01
2.715000e+02 1.004100e+00
2.716000e+02 1.066600e+00
2.717000e+02 1.128900e+00
2.718000e+02 1.191000e+00
2.719000e+02 1.252900e+00
2.720000e+02 1.314500e+00
2.721000e+02 1.375900e+00
2.722000e+02 1.437000e+00
2.723000e+02 1.497900e+00
2.724000e+02 1.558400e+00
2.725000e+02 1.618700e+00
2.726000e+02 1.678700e+00
2.727000e+02 1.738400e+00
2.728000e+02 1.797700e+00
2.729000e+02 1.856700e+00
2.730000e+02 1.915300e+00
2.731000e+02 1.973600e+00
2.732000e+02 2.031500e+00
2.733000e+02 2.089000e+00
2.734000e+02 2.146200e+00
2.735000e+02 2.202900e+00
2.736000e+02 2.259200e+00
2.737000e+02 2.315100e+00
2.738000e+02 2.370600e+00
2.739000e+02 2.425600e+00
2.740000e+02 2.480200e+00
2.741000e+02 2.534400e+00
2.742000e+02 2.588100e+00
2.743000e+02 2.641300e+00
2.744000e+02 2.694100e+00
2.745000e+02 2.746300e+00
2.746000e+02 2.798100e+00
2.747000e+02 2.849500e+00
2.748000e+02 2.900300e+00
2.749000e+02 2.950600e+00
2.750000e+02 3.000400e+00
2.751000e+02 3.049700e+00
2.752000e+02 3.098400e+00
2.753000e+02 3.146600e+00
2.754000e+02 3.194300e+00
2.755000e+02 3.241400e+00
2.756000e+02 3.288000e+00
2.757000e+02 3.334000e+00
2.758000e+02 3.379400e+00
2.759000e+02 3.424300e+00
2.760000e+02 3.468500e+00
2.761000e+02 3.512200e+00
2.762000e+02 3.555200e+00
2.763000e+02 3.597600e+00
2.764000e+02 3.639400e+00
2.765000e+02 3.680600e+00
2.766000e+02 3.721100e+00
2.767000e+02 3.761100e+00
2.768000e+02 3.800300e+00
2.769000e+02 3.838900e+00
2.770000e+02 3.876900e+00
2.771000e+02 3.914100e+00
2.772000e+02 3.950700e+00
2.773000e+02 3.986700e+00
2.774000e+02 4.021900e+00
2.775000e+02 4.056500e+00
2.776000e+02 4.090300e+00
2.777000e+02 4.123500e+00
2.778000e+02 4.155900e+00
2.779000e+02 4.187600e+00
2.780000e+02 4.218600e+00
2.781000e+02 4.248800e+00
2.782000e+02 4.278300e+00
2.783000e+02 4.307000e+00
2.784000e+02 4.335000e+00
2.785000e+02 4.362200e+00
2.786000e+02 4.388600e+00
2.787000e+02 4.414200e+00
2.788000e+02 4.439100e+00
2.789000e+02 4.463100e+00
2.790000e+02 4.486400e+00
2.791000e+02 4.508800e+00
2.792000e+02 4.530400e+00
2.793000e+02 4.551200e+00
2.794000e+02 4.571200e+00
2.795000e+02 4.590300e+00
2.796000e+02 4.608600e+00
2.797000e+02 4.626100e+00
2.798000e+02 4.642800e+00
2.799000e+02 4.658600e+00
2.800000e+02 4.673500e+00
2.801000e+02 4.687700e+00
2.802000e+02 4.701000e+00
2.803000e+02 4.713400e+00
2.804000e+02 4.725000e+00
2.805000e+02 4.735800e+00
2.806000e+02 4.745800e+00
2.807000e+02 4.754800e+00
2.808000e+02 4.763100e+00
2.809000e+02 4.770500e+00
2.810000e+02 4.777000e+00
2.811000e+02 4.782700e+00
2.812000e+02 4.787500e+00
2.813000e+02 4.791500e+00
2.814000e+02 4.794700e+00
2.815000e+02 4.797000e+00
2.816000e+02 4.798500e+00
2.817000e+02 4.799100e+00
2.818000e+02 4.798800e+00
2.819000e+02 4.797800e+00
2.820000e+02 4.795800e+00
2.821000e+02 4.793100e+00
2.822000e+02 4.789500e+00
2.823000e+02 4.785000e+00
2.824000e+02 4.779700e+00
2.825000e+02 4.773600e+00
2.826000e+02 4.766700e+00
2.827000e+02 4.758900e+00
2.828000e+02 4.750300e+00
2.829000e+02 4.740900e+00
2.830000e+02 4.730600e+00
2.831000e+02 4.719600e+00
2.832000e+02 4.707700e+00
2.833000e+02 4.695000e+00
2.834000e+02 4.681500e+00
2.835000e+02 4.667300e+00
2.836000e+02 4.652200e+00
2.837000e+02 4.636300e+00
2.838000e+02 4.619600e+00
2.839000e+02 4.602100e+00
2.840000e+02 4.583800e+00
2.841000e+02 4.564700e+00
2.842000e+02 4.544800e+00
2.843000e+02 4.524200e+00
2.844000e+02 4.502700e+00
2.845000e+02 4.480500e+00
2.846000e+02 4.457400e+00
2.847000e+02 4.433600e+00
2.848000e+02 4.409000e+00
2.849000e+02 4.383700e+00
2.850000e+02 4.357500e+00
2.851000e+02 4.330600e+00
2.852000e+02 4.302900e+00
2.853000e+02 4.274400e+00
2.854000e+02 4.245200e+00
2.855000e+02 4.215200e+00
2.856000e+02 4.184500e+00
2.857000e+02 4.153000e+00
2.858000e+02 4.120800e+00
2.859000e+02 4.087900e+00
2.860000e+02 4.054200e+00
2.861000e+02 4.019700e+00
2.862000e+02 3.984600e+00
2.863000e+02 3.948700e+00
2.864000e+02 3.912200e+00
2.865000e+02 3.874900e+00
2.866000e+02 3.836900e+00
2.867000e+02 3.798300e+00
2.868000e+02 3.758900e+00
2.869000e+02 3.718900e+00
2.870000e+02 3.678200e+00
2.871000e+02 3.636900e+00
2.872000e+02 3.594900e+00
2.873000e+02 3.552300e+00
2.874000e+02 3.509000e+00
2.875000e+02 3.465100e+00
2.876000e+02 3.420600e+00
2.877000e+02 3.375500e+00
2.878000e+02 3.329800e+00
2.879000e+02 3.283400e+00
2.880000e+02 3.236500e+00
2.881000e+02 3.189000e+00
2.882000e+02 3.140900e+00
2.883000e+02 3.092300e+00
2.884000e+02 3.043100e+00
2.885000e+02 2.993400e+00
2.886000e+02 2.943100e+00
2.887000e+02 2.892300e+00
2.888000e+02 2.841000e+00
2.889000e+02 2.789200e+00
2.890000e+02 2.737000e+00
2.891000e+02 2.684200e+00
2.892000e+02 2.631000e+00
2.893000e+02 2.577400e+00
2.894000e+02 2.523300e+00
2.895000e+02 2.468700e+00
2.896000e+02 2.413800e+00
2.897000e+02 2.358500e+00
2.898000e+02 2.302700e+00
2.899000e+02 2.246600e+00
2.900000e+02 2.190100e+00
2.901000e+02 2.133200e+00
2.902000e+02 2.075900e+00
2.903000e+02 2.018300e+00
2.904000e+02 1.960400e+00
2.905000e+02 1.902100e+00
2.906000e+02 1.843500e+00
2.907000e+02 1.784500e+00
2.908000e+02 1.725300e+00
2.909000e+02 1.665700e+00
2.910000e+02 1.605900e+00
2.911000e+02 1.545800e+00
2.912000e+02 1.485400e+00
2.913000e+02 1.424800e+00
2.914000e+02 1.363900e+00
2.915000e+02 1.302800e+00
2.916000e+02 1.241400e+00
2.917000e+02 1.179800e+00
2.918000e+02 1.118100e+00
2.919000e+02 1.056100e+00
2.920000e+02 9.939200e-01
2.921000e+02 9.315800e-01
2.922000e+02 8.690800e-01
2.923000e+02 8.064200e-01
2.924000e+02 7.436200e-01
2.925000e+02 6.806900e-01
2.926000e+02 6.176400e-01
2.927000e+02 5.544700e-01
2.928000e+02 4.912000e-01
2.929000e+02 4.278500e-01
2.930000e+02 3.644100e-01
2.931000e+02 3.009000e-01
2.932000e+02 2.373200e-01
2.933000e+02 1.737000e-01
2.934000e+02 1.100400e-01
2.935000e+02 4.634400e-02
2.936000e+02 -1.736900e-02
2.937000e+02 -8.109200e-02
2.938000e+02 -1.448100e-01
2.939000e+02 -2.085200e-01
2.940000e+02 -2.722100e-01
2.941000e+02 -3.358500e-01
2.942000e+02 -3.994500e-01
2.943000e+02 -4.629900e-01
2.944000e+02 -5.264600e-01
2.945000e+02 -5.898400e-01
2.946000e+02 -6.531200e-01
2.947000e+02 -7.163000e-01
2.948000e+02 -7.793500e-01
2.949000e+02 -8.422600e-01
2.950000e+02 -9.050200e-01
2.951000e+02 -9.676300e-01
2.952000e+02 -1.030100e+00
2.953000e+02 -1.092300e+00
2.954000e+02 -1.154300e+00
2.955000e+02 -1.216200e+00
2.956000e+02 -1.277800e+00
2.957000e+02 -1.339200e+00
2.958000e+02 -1.400300e+00
2.959000e+02 -1.461200e+00
2.960000e+02 -1.521800e+00
2.961000e+02 -1.582100e+00
2.962000e+02 -1.642200e+00
2.963000e+02 -1.702000e+00
2.964000e+02 -1.761400e+00
2.965000e+02 -1.820600e+00
2.966000e+02 -1.879400e+00
2.967000e+02 -1.937900e+00
2.968000e+02 -1.996000e+00
2.969000e+02 -2.053800e+00
2.970000e+02 -2.111200e+00
2.971000e+02 -2.168300e+00
2.972000e+02 -2.224900e+00
2.973000e+02 -2.281200e+00
2.974000e+02 -2.337100e+00
2.975000e+02 -2.392500e+00
2.976000e+02 -2.447600e+00
2.977000e+02 -2.502200e+00
2.978000e+02 -2.556400e+00
2.979000e+02 -2.610100e+00
2.980000e+02 -2.663300e+00
2.981000e+02 -2.716100e+00
2.982000e+02 -2.768400e+00
2.983000e+02 -2.820300e+00
2.984000e+02 -2.871600e+00
2.985000e+02 -2.922400e+00
2.986000e+02 -2.972700e+00
2.987000e+02 -3.022500e+00
2.988000e+02 -3.071800e+00
2.989000e+02 -3.120500e+00
2.990000e+02 -3.168700e+00
2.991000e+02 -3.216300e+00
2.992000e+02 -3.263300e+00
2.993000e+02 -3.309800e+00
2.994000e+02 -3.355700e+00
2.995000e+02 -3.401100e+00
2.996000e+02 -3.445800e+00
2.997000e+02 -3.489900e+00
2.998000e+02 -3.533500e+00
2.999000e+02 -3.576400e+00
3.000000e+02 -3.618700e+00
3.001000e+02 -3.660400e+00
3.002000e+02 -3.701400e+00
3.003000e+02 -3.741800e+00
3.004000e+02 -3.781600e+00
3.005000e+02 -3.820700e+00
3.006000e+02 -3.859100e+00
3.007000e+02 -3.896900e+00
3.008000e+02 -3.933900e+00
3.009000e+02 -3.970300e+00
3.010000e+02 -4.006000e+00
3.011000e+02 -4.041000e+00
3.012000e+02 -4.075300e+00
3.013000e+02 -4.108800e+00
3.014000e+02 -4.141600e+00
3.015000e+02 -4.173700e+00
3.016000e+02 -4.205000e+00
3.017000e+02 -4.235600e+00
3.018000e+02 -4.265400e+00
3.019000e+02 -4.294500e+00
3.020000e+02 -4.322800e+00
3.021000e+02 -4.350300e+00
3.022000e+02 -4.377100e+00
3.023000e+02 -4.403000e+00
3.024000e+02 -4.428200e+00
3.025000e+02 -4.452700e+00
3.026000e+02 -4.476300e+00
3.027000e+02 -4.499100e+00
3.028000e+02 -4.521200e+00
3.029000e+02 -4.542400e+00
3.030000e+02 -4.562900e+00
3.031000e+02 -4.582500e+00
3.032000e+02 -4.601400e+00
3.033000e+02 -4.619400e+00
3.034000e+02 -4.636600e+00
3.035000e+02 -4.653000e+00
3.036000e+02 -4.668600e+00
3.037000e+02 -4.683300e+00
3.038000e+02 -4.697200e+00
3.039000e+02 -4.710300e+00
3.040000e+02 -4.722500e+00
3.041000e+02 -4.734000e+00
3.042000e+02 -4.744500e+00
3.043000e+02 -4.754300e+00
3.044000e+02 -4.763200e+00
3.045000e+02 -4.771200e+00
3.046000e+02 -4.778500e+00
3.047000e+02 -4.784900e+00
3.048000e+02 -4.790400e+00
3.049000e+02 -4.795100e+00
3.050000e+02 -4.799000e+00
3.051000e+02 -4.802000e+00
3.052000e+02 -4.804200e+00
3.053000e+02 -4.805600e+00
3.054000e+02 -4.806100e+00
3.055000e+02 -4.805800e+00
3.056000e+02 -4.804600e+00
3.057000e+02 -4.802600e+00
3.058000e+02 -4.799800e+00
3.059000e+02 -4.796200e+00
3.060000e+02 -4.791700e+00
3.061000e+02 -4.786400e+00
3.062000e+02 -4.780300e+00
3.063000e+02 -4.773300e+00
3.064000e+02 -4.765500e+00
3.065000e+02 -4.756800e+00
3.066000e+02 -4.747400e+00
3.067000e+02 -4.737100e+00
3.068000e+02 -4.726000e+00
3.069000e+02 -4.714000e+00
3.070000e+02 -4.701300e+00
3.071000e+02 -4.687700e+00
3.072000e+02 -4.673200e+00
3.073000e+02 -4.658000e+00
3.074000e+02 -4.642000e+00
3.075000e+02 -4.625100e+00
3.076000e+02 -4.607400e+00
3.077000e+02 -4.588900e+00
3.078000e+02 -4.569600e+00
3.079000e+02 -4.549500e+00
3.080000e+02 -4.528500e+00
3.081000e+02 -4.506800e+00
3.082000e+02 -4.484300e+00
3.083000e+02 -4.460900e+00
3.084000e+02 -4.436800e+00
3.085000e+02 -4.411900e+00
3.086000e+02 -4.386300e+00
3.087000e+02 -4.359800e+00
3.088000e+02 -4.332600e+00
3.089000e+02 -4.304600e+00
3.090000e+02 -4.275800e+00
3.091000e+02 -4.246300e+00
3.092000e+02 -4.216000e+00
3.093000e+02 -4.185000e+00
3.094000e+02 -4.153200e+00
3.095000e+02 -4.120700e+00
3.096000e+02 -4.087500e+00
3.097000e+02 -4.053500e+00
3.098000e+02 -4.018800e+00
3.099000e+02 -3.983400e+00
3.100000e+02 -3.947300e+00
3.101000e+02 -3.910500e+00
3.102000e+02 -3.873000e+00
3.103000e+02 -3.834800e+00
3.104000e+02 -3.796000e+00
3.105000e+02 -3.756400e+00
3.106000e+02 -3.716200e+00
3.107000e+02 -3.675400e+00
3.108000e+02 -3.633900e+00
3.109000e+02 -3.591700e+00
3.110000e+02 -3.548900e+00
3.111000e+02 -3.505500e+00
3.112000e+02 -3.461500e+00
3.113000e+02 -3.416900e+00
3.114000e+02 -3.371700e+00
3.115000e+02 -3.325900e+00
3.116000e+02 -3.279500e+00
3.117000e+02 -3.232500e+00
3.118000e+02 -3.185000e+00
3.119000e+02 -3.137000e+00
3.120000e+02 -3.088400e+00
3.121000e+02 -3.039200e+00
3.122000e+02 -2.989600e+00
3.123000e+02 -2.939400e+00
3.124000e+02 -2.888800e+00
3.125000e+02 -2.837600e+00
3.126000e+02 -2.785900e+00
3.127000e+02 -2.733800e+00
3.128000e+02 -2.681200e+00
3.129000e+02 -2.628100e+00
3.130000e+02 -2.574600e+00
3.131000e+02 -2.520600e+00
3.132000e+02 -2.466200e+00
3.133000e+02 -2.411400e+00
3.134000e+02 -2.356100e+00
3.135000e+02 -2.300400e+00
3.136000e+02 -2.244300e+00
3.137000e+02 -2.187800e+00
3.138000e+02 -2.131000e+00
3.139000e+02 -2.073700e+00
3.140000e+02 -2.016100e+00
3.141000e+02 -1.958200e+00
3.142000e+02 -1.899900e+00
3.143000e+02 -1.841200e+00
3.144000e+02 -1.782200e+00
3.145000e+02 -1.722900e+00
3.146000e+02 -1.663300e+00
3.147000e+02 -1.603400e+00
3.148000e+02 -1.543200e+00
3.149000e+02 -1.482700e+00
3.150000e+02 -1.422000e+00
3.151000e+02 -1.361000e+00
3.152000e+02 -1.299800e+00
3.153000e+02 -1.238300e+00
3.154000e+02 -1.176600e+00
3.155000e+02 -1.114600e+00
3.156000e+02 -1.052500e+00
3.157000e+02 -9.901600e-01
3.158000e+02 -9.276300e-01
3.159000e+02 -8.649400e-01
3.160000e+02 -8.020700e-01
3.161000e+02 -7.390500e-01
3.162000e+02 -6.758800e-01
3.163000e+02 -6.125700e-01
3.164000e+02 -5.491500e-01
3.165000e+02 -4.856200e-01
3.166000e+02 -4.219800e-01
3.167000e+02 -3.582600e-01
3.168000e+02 -2.944700e-01
3.169000e+02 -2.306200e-01
3.170000e+02 -1.667300e-01
3.171000e+02 -1.027900e-01
3.172000e+02 -3.884100e-02
3.173000e+02 2.512000e-02
3.174000e+02 8.907700e-02
3.175000e+02 1.530200e-01
3.176000e+02 2.169300e-01
3.177000e+02 2.808000e-01
3.178000e+02 3.446100e-01
3.179000e+02 4.083600e-01
3.180000e+02 4.720200e-01
3.181000e+02 5.356000e-01
3.182000e+02 5.990700e-01
3.183000e+02 6.624200e-01
3.184000e+02 7.256400e-01
3.185000e+02 7.887200e-01
3.186000e+02 8.516500e-01
3.187000e+02 9.144100e-01
3.188000e+02 9.770000e-01
3.189000e+02 1.039400e+00
3.190000e+02 1.101600e+00
3.191000e+02 1.163600e+00
3.192000e+02 1.225400e+00
3.193000e+02 1.286900e+00
3.194000e+02 1.348300e+00
3.195000e+02 1.409300e+00
3.196000e+02 1.470100e+00
3.197000e+02 1.530700e+00
3.198000e+02 1.590900e+00
3.199000e+02 1.650900e+00
3.200000e+02 1.710600e+00
3.201000e+02 1.770000e+00
3.202000e+02 1.829000e+00
3.203000e+02 1.887800e+00
3.204000e+02 1.946200e+00
3.205000e+02 2.004200e+00
3.206000e+02 2.061900e+00
3.207000e+02 2.119200e+00
3.208000e+02 2.176200e+00
3.209000e+02 2.232700e+00
3.210000e+02 2.288900e+00
3.211000e+02 2.344700e+00
3.212000e+02 2.400000e+00
3.213000e+02 2.455000e+00
3.214000e+02 2.509500e+00
3.215000e+02 2.563600e+00
3.216000e+02 2.617200e+00
3.217000e+02 2.670400e+00
3.218000e+02 2.723100e+00
3.219000e+02 2.775400e+00
3.220000e+02 2.827200e+00
3.221000e+02 2.878500e+00
3.222000e+02 2.929300e+00
3.223000e+02 2.979600e+00
3.224000e+02 3.029500e+00
3.225000e+02 3.078800e+00
3.226000e+02 3.127500e+00
3.227000e+02 3.175800e+00
3.228000e+02 3.223500e+00
3.229000e+02 3.270700e+00
3.230000e+02 3.317300e+00
3.231000e+02 3.363300e+00
3.232000e+02 3.408800e+00
3.233000e+02 3.453700e+00
3.234000e+02 3.497900e+00
3.235000e+02 3.541600e+00
3.236000e+02 3.584700e+00
3.237000e+02 3.627100e+00
3.238000e+02 3.668900e+00
3.239000e+02 3.710100e+00
3.240000e+02 3.750600e+00
3.241000e+02 3.790500e+00
3.242000e+02 3.829700e+00
3.243000e+02 3.868200e+00
3.244000e+02 3.906000e+00
3.245000e+02 3.943200e+00
3.246000e+02 3.979600e+00
3.247000e+02 4.015400e+00
3.248000e+02 4.050400e+00
3.249000e+02 4.084700e+00
3.250000e+02 4.118300e+00
3.251000e+02 4.151200e+00
3.252000e+02 4.183300e+00
3.253000e+02 4.214700e+00
3.254000e+02 4.245300e+00
3.255000e+02 4.275200e+00
3.256000e+02 4.304300e+00
3.257000e+02 4.332600e+00
3.258000e+02 4.360200e+00
3.259000e+02 4.387000e+00
3.260000e+02 4.413000e+00
3.261000e+02 4.438200e+00
3.262000e+02 4.462600e+00
3.263000e+02 4.486200e+00
3.264000e+02 4.509000e+00
3.265000e+02 4.531000e+00
3.266000e+02 4.552200e+00
3.267000e+02 4.572600e+00
3.268000e+02 4.592200e+00
3.269000e+02 4.610900e+00
3.270000e+02 4.628800e+00
3.271000e+02 4.645900e+00
3.272000e+02 4.662200e+00
3.273000e+02 4.677600e+00
3.274000e+02 4.692200e+00
3.275000e+02 4.706000e+00
3.276000e+02 4.718900e+00
3.277000e+02 4.731000e+00
3.278000e+02 4.742300e+00
3.279000e+02 4.752800e+00
3.280000e+02 4.762400e+00
3.281000e+02 4.771200e+00
3.282000e+02 4.779100e+00
3.283000e+02 4.786200e+00
3.284000e+02 4.792500e+00
3.285000e+02 4.798000e+00
3.286000e+02 4.802600e+00
3.287000e+02 4.806400e+00
3.288000e+02 4.809400e+00
3.289000e+02 4.811500e+00
3.290000e+02 4.812800e+00
3.291000e+02 4.813300e+00
3.292000e+02 4.812900e+00
3.293000e+02 4.811700e+00
3.294000e+02 4.809700e+00
3.295000e+02 4.806800e+00
3.296000e+02 4.803100e+00
3.297000e+02 4.798600e+00
3.298000e+02 4.793300e+00
3.299000e+02 4.787100e+00
3.300000e+02 4.780000e+00
3.301000e+02 4.772200e+00
3.302000e+02 4.763500e+00
3.303000e+02 4.753900e+00
3.304000e+02 4.743600e+00
3.305000e+02 4.732400e+00
3.306000e+02 4.720400e+00
3.307000e+02 4.707600e+00
3.308000e+02 4.693900e+00
3.309000e+02 4.679400e+00
3.310000e+02 4.664100e+00
3.311000e+02 4.648000e+00
3.312000e+02 4.631100e+00
3.313000e+02 4.613400e+00
3.314000e+02 4.594800e+00
3.315000e+02 4.575400e+00
3.316000e+02 4.555300e+00
3.317000e+02 4.534300e+00
3.318000e+02 4.512500e+00
3.319000e+02 4.490000e+00
3.320000e+02 4.466600e+00
3.321000e+02 4.442500e+00
3.322000e+02 4.417500e+00
3.323000e+02 4.391800e+00
3.324000e+02 4.365200e+00
3.325000e+02 4.337900e+00
3.326000e+02 4.309800e+00
3.327000e+02 4.281000e+00
3.328000e+02 4.251400e+00
3.329000e+02 4.221000e+00
3.330000e+02 4.189800e+00
3.331000e+02 4.157900e+00
3.332000e+02 4.125200e+00
3.333000e+02 4.091800e+00
3.334000e+02 4.057700e+00
3.335000e+02 4.022900e+00
3.336000e+02 3.987300e+00
3.337000e+02 3.951000e+00
3.338000e+02 3.914000e+00
3.339000e+02 3.876300e+00
3.340000e+02 3.837900e+00
3.341000e+02 3.798800e+00
3.342000e+02 3.759100e+00
3.343000e+02 3.718700e+00
3.344000e+02 3.677600e+00
3.345000e+02 3.635900e+00
3.346000e+02 3.593500e+00
3.347000e+02 3.550500e+00
3.348000e+02 3.506900e+00
3.349000e+02 3.462700e+00
3.350000e+02 3.417900e+00
3.351000e+02 3.372500e+00
3.352000e+02 3.326500e+00
3.353000e+02 3.279900e+00
3.354000e+02 3.232700e+00
3.355000e+02 3.185000e+00
3.356000e+02 3.136700e+00
3.357000e+02 3.087900e+00
3.358000e+02 3.038600e+00
3.359000e+02 2.988700e+00
3.360000e+02 2.938300e+00
3.361000e+02 2.887400e+00
3.362000e+02 2.836000e+00
3.363000e+02 2.784100e+00
3.364000e+02 2.731700e+00
3.365000e+02 2.678900e+00
3.366000e+02 2.625600e+00
3.367000e+02 2.571800e+00
3.368000e+02 2.517600e+00
3.369000e+02 2.463000e+00
3.370000e+02 2.407900e+00
3.371000e+02 2.352500e+00
3.372000e+02 2.296600e+00
3.373000e+02 2.240400e+00
3.374000e+02 2.183700e+00
3.375000e+02 2.126700e+00
3.376000e+02 2.069300e+00
3.377000e+02 2.011600e+00
3.378000e+02 1.953500e+00
3.379000e+02 1.895100e+00
3.380000e+02 1.836300e+00
3.381000e+02 1.777300e+00
3.382000e+02 1.717900e+00
3.383000e+02 1.658200e+00
3.384000e+02 1.598200e+00
3.385000e+02 1.537900e+00
3.386000e+02 1.477300e+00
3.387000e+02 1.416500e+00
3.388000e+02 1.355400e+00
3.389000e+02 1.294100e+00
3.390000e+02 1.232500e+00
3.391000e+02 1.170700e+00
3.392000e+02 1.108600e+00
3.393000e+02 1.046400e+00
3.394000e+02 9.839900e-01
3.395000e+02 9.213700e-01
3.396000e+02 8.585800e-01
3.397000e+02 7.956300e-01
3.398000e+02 7.325300e-01
3.399000e+02 6.692900e-01
3.400000e+02 6.059200e-01
3.401000e+02 5.424400e-01
3.402000e+02 4.788500e-01
3.403000e+02 4.151800e-01
3.404000e+02 3.514200e-01
3.405000e+02 2.875900e-01
3.406000e+02 2.237000e-01
3.407000e+02 1.597700e-01
3.408000e+02 9.580100e-02
3.409000e+02 3.180600e-02
3.410000e+02 -3.220200e-02
3.411000e+02 -9.621200e-02
3.412000e+02 -1.602100e-01
3.413000e+02 -2.241900e-01
3.414000e+02 -2.881400e-01
3.415000e+02 -3.520500e-01
3.416000e+02 -4.158900e-01
3.417000e+02 -4.796800e-01
3.418000e+02 -5.433800e-01
3.419000e+02 -6.069800e-01
3.420000e+02 -6.704900e-01
3.421000e+02 -7.338700e-01
3.422000e+02 -7.971300e-01
3.423000e+02 -8.602400e-01
3.424000e+02 -9.232100e-01
3.425000e+02 -9.860000e-01
3.426000e+02 -1.048600e+00
3.427000e+02 -1.111000e+00
3.428000e+02 -1.173300e+00
3.429000e+02 -1.235300e+00
3.430000e+02 -1.297100e+00
3.431000e+02 -1.358600e+00
3.432000e+02 -1.419900e+00
3.433000e+02 -1.481000e+00
3.434000e+02 -1.541800e+00
3.435000e+02 -1.602300e+00
3.436000e+02 -1.662500e+00
3.437000e+02 -1.722400e+00
3.438000e+02 -1.782000e+00
3.439000e+02 -1.841300e+00
3.440000e+02 -1.900200e+00
3.441000e+02 -1.958800e+00
3.442000e+02 -2.017100e+00
3.443000e+02 -2.075000e+00
3.444000e+02 -2.132600e+00
3.445000e+02 -2.189700e+00
3.446000e+02 -2.246500e+00
3.447000e+02 -2.302900e+00
3.448000e+02 -2.358900e+00
3.449000e+02 -2.414400e+00
3.450000e+02 -2.469600e+00
3.451000e+02 -2.524300e+00
3.452000e+02 -2.578600e+00
3.453000e+02 -2.632400e+00
3.454000e+02 -2.685800e+00
3.455000e+02 -2.738700e+00
3.456000e+02 -2.791100e+00
3.457000e+02 -2.843000e+00
3.458000e+02 -2.894500e+00
3.459000e+02 -2.945400e+00
3.460000e+02 -2.995800e+00
3.461000e+02 -3.045700e+00
3.462000e+02 -3.095100e+00
3.463000e+02 -3.143900e+00
3.464000e+02 -3.192200e+00
3.465000e+02 -3.239900e+00
3.466000e+02 -3.287100e+00
3.467000e+02 -3.333600e+00
3.468000e+02 -3.379600e+00
3.469000e+02 -3.425000e+00
3.470000e+02 -3.469800e+00
3.471000e+02 -3.514000e+00
3.472000e+02 -3.557600e+00
3.473000e+02 -3.600500e+00
3.474000e+02 -3.642900e+00
3.475000e+02 -3.684600e+00
3.476000e+02 -3.725600e+00
3.477000e+02 -3.766000e+00
3.478000e+02 -3.805700e+00
3.479000e+02 -3.844800e+00
3.480000e+02 -3.883200e+00
3.481000e+02 -3.921000e+00
3.482000e+02 -3.958000e+00
3.483000e+02 -3.994300e+00
3.484000e+02 -4.030000e+00
3.485000e+02 -4.064900e+00
3.486000e+02 -4.099100e+00
3.487000e+02 -4.132700e+00
3.488000e+02 -4.165400e+00
3.489000e+02 -4.197500e+00
3.490000e+02 -4.228700e+00
3.491000e+02 -4.259300e+00
3.492000e+02 -4.289100e+00
3.493000e+02 -4.318100e+00
3.494000e+02 -4.346400e+00
3.495000e+02 -4.373900e+00
3.496000e+02 -4.400700e+00
3.497000e+02 -4.426600e+00
3.498000e+02 -4.451800e+00
3.499000e+02 -4.476200e+00
3.500000e+02 -4.499800e+00
3.501000e+02 -4.522600e+00
3.502000e+02 -4.544700e+00
3.503000e+02 -4.565900e+00
3.504000e+02 -4.586300e+00
3.505000e+02 -4.605900e+00
3.506000e+02 -4.624800e+00
3.507000e+02 -4.642800e+00
3.508000e+02 -4.660000e+00
3.509000e+02 -4.676300e+00
3.510000e+02 -4.691900e+00
3.511000e+02 -4.706600e+00
3.512000e+02 -4.720600e+00
3.513000e+02 -4.733700e+00
3.514000e+02 -4.745900e+00
3.515000e+02 -4.757400e+00
3.516000e+02 -4.768000e+00
3.517000e+02 -4.777800e+00
3.518000e+02 -4.786700e+00
3.519000e+02 -4.794800e+00
3.520000e+02 -4.802000e+00
3.521000e+02 -4.808400e+00
3.522000e+02 -4.814000e+00
3.523000e+02 -4.818700e+00
3.524000e+02 -4.822600e+00
3.525000e+02 -4.825600e+00
3.526000e+02 -4.827800e+00
3.527000e+02 -4.829200e+00
3.528000e+02 -4.829600e+00
3.529000e+02 -4.829300e+00
3.530000e+02 -4.828100e+00
3.531000e+02 -4.826100e+00
3.532000e+02 -4.823200e+00
3.533000e+02 -4.819400e+00
3.534000e+02 -4.814800e+00
3.535000e+02 -4.809400e+00
3.536000e+02 -4.803200e+00
3.537000e+02 -4.796000e+00
3.538000e+02 -4.788100e+00
3.539000e+02 -4.779300e+00
3.540000e+02 -4.769700e+00
3.541000e+02 -4.759200e+00
3.542000e+02 -4.747900e+00
3.543000e+02 -4.735800e+00
3.544000e+02 -4.722800e+00
3.545000e+02 -4.709000e+00
3.546000e+02 -4.694300e+00
3.547000e+02 -4.678900e+00
3.548000e+02 -4.662600e+00
3.549000e+02 -4.645400e+00
3.550000e+02 -4.627500e+00
3.551000e+02 -4.608700e+00
3.552000e+02 -4.589100e+00
3.553000e+02 -4.568700e+00
3.554000e+02 -4.547500e+00
3.555000e+02 -4.525400e+00
3.556000e+02 -4.502600e+00
3.557000e+02 -4.479000e+00
3.558000e+02 -4.454500e+00
3.559000e+02 -4.429300e+00
3.560000e+02 -4.403300e+00
3.561000e+02 -4.376500e+00
3.562000e+02 -4.348900e+00
3.563000e+02 -4.320600e+00
3.564000e+02 -4.291400e+00
3.565000e+02 -4.261600e+00
3.566000e+02 -4.230900e+00
3.567000e+02 -4.199600e+00
3.568000e+02 -4.167500e+00
3.569000e+02 -4.134600e+00
3.570000e+02 -4.101000e+00
3.571000e+02 -4.066800e+00
3.572000e+02 -4.031700e+00
3.573000e+02 -3.996000e+00
3.574000e+02 -3.959600e+00
3.575000e+02 -3.922500e+00
3.576000e+02 -3.884700e+00
3.577000e+02 -3.846200e+00
3.578000e+02 -3.807100e+00
3.579000e+02 -3.767200e+00
3.580000e+02 -3.726700e+00
3.581000e+02 -3.685600e+00
3.582000e+02 -3.643800e+00
3.583000e+02 -3.601400e+00
3.584000e+02 -3.558300e+00
3.585000e+02 -3.514600e+00
3.586000e+02 -3.470300e+00
3.587000e+02 -3.425400e+00
3.588000e+02 -3.379900e+00
3.589000e+02 -3.333800e+00
3.590000e+02 -3.287100e+00
3.591000e+02 -3.239800e+00
3.592000e+02 -3.191900e+00
3.593000e+02 -3.143500e+00
3.594000e+02 -3.094600e+00
3.595000e+02 -3.045100e+00
3.596000e+02 -2.995000e+00
3.597000e+02 -2.944500e+00
3.598000e+02 -2.893400e+00
3.599000e+02 -2.841800e+00
3.600000e+02 -2.789700e+00
3.601000e+02 -2.737100e+00
3.602000e+02 -2.684100e+00
3.603000e+02 -2.630500e+00
3.604000e+02 -2.576600e+00
3.605000e+02 -2.522100e+00
3.606000e+02 -2.467200e+00
3.607000e+02 -2.411900e+00
3.608000e+02 -2.356100e+00
3.609000e+02 -2.299900e+00
3.610000e+02 -2.243300e+00
3.611000e+02 -2.186300e+00
3.612000e+02 -2.128900e+00
3.613000e+02 -2.071100e+00
3.614000e+02 -2.012900e+00
3.615000e+02 -1.954400e+00
3.616000e+02 -1.895500e+00
3.617000e+02 -1.836300e+00
3.618000e+02 -1.776700e+00
3.619000e+02 -1.716900e+00
3.620000e+02 -1.656700e+00
3.621000e+02 -1.596200e+00
3.622000e+02 -1.535400e+00
3.623000e+02 -1.474300e+00
3.624000e+02 -1.413000e+00
3.625000e+02 -1.351400e+00
3.626000e+02 -1.289600e+00
3.627000e+02 -1.227500e+00
3.628000e+02 -1.165200e+00
3.629000e+02 -1.102800e+00
3.630000e+02 -1.040100e+00
3.631000e+02 -9.772100e-01
3.632000e+02 -9.141700e-01
3.633000e+02 -8.509600e-01
3.634000e+02 -7.876100e-01
3.635000e+02 -7.241200e-01
3.636000e+02 -6.605000e-01
3.637000e+02 -5.967600e-01
3.638000e+02 -5.329200e-01
3.639000e+02 -4.689900e-01
3.640000e+02 -4.049800e-01
3.641000e+02 -3.408900e-01
3.642000e+02 -2.767500e-01
3.643000e+02 -2.125600e-01
3.644000e+02 -1.483400e-01
3.645000e+02 -8.410200e-02
3.646000e+02 -1.984900e-02
3.647000e+02 4.440300e-02
3.648000e+02 1.086400e-01
3.649000e+02 1.728600e-01
3.650000e+02 2.370400e-01
3.651000e+02 3.011700e-01
3.652000e+02 3.652400e-01
3.653000e+02 4.292400e-01
3.654000e+02 4.931600e-01
3.655000e+02 5.569800e-01
3.656000e+02 6.206900e-01
3.657000e+02 6.842900e-01
3.658000e+02 7.477600e-01
3.659000e+02 8.110900e-01
3.660000e+02 8.742700e-01
3.661000e+02 9.373000e-01
3.662000e+02 1.000100e+00
3.663000e+02 1.062800e+00
3.664000e+02 1.125300e+00
3.665000e+02 1.187600e+00
3.666000e+02 1.249600e+00
3.667000e+02 1.311500e+00
3.668000e+02 1.373100e+00
3.669000e+02 1.434500e+00
3.670000e+02 1.495600e+00
3.671000e+02 1.556500e+00
3.672000e+02 1.617100e+00
3.673000e+02 1.677400e+00
3.674000e+02 1.737400e+00
3.675000e+02 1.797200e+00
3.676000e+02 1.856600e+00
3.677000e+02 1.915800e+00
3.678000e+02 1.974600e+00
3.679000e+02 2.033000e+00
3.680000e+02 2.091100e+00
3.681000e+02 2.148900e+00
3.682000e+02 2.206300e+00
3.683000e+02 2.263400e+00
3.684000e+02 2.320000e+00
3.685000e+02 2.376300e+00
3.686000e+02 2.432100e+00
3.687000e+02 2.487600e+00
3.688000e+02 2.542600e+00
3.689000e+02 2.597100e+00
3.690000e+02 2.651300e+00
3.691000e+02 2.704900e+00
3.692000e+02 2.758100e+00
3.693000e+02 2.810800e+00
3.694000e+02 2.863100e+00
3.695000e+02 2.914800e+00
3.696000e+02 2.966000e+00
3.697000e+02 3.016800e+00
3.698000e+02 3.066900e+00
3.699000e+02 3.116600e+00
3.700000e+02 3.165700e+00
3.701000e+02 3.214300e+00
3.702000e+02 3.262300e+00
3.703000e+02 3.309700e+00
3.704000e+02 3.356600e+00
3.705000e+02 3.402800e+00
3.706000e+02 3.448500e+00
3.707000e+02 3.493500e+00
3.708000e+02 3.538000e+00
3.709000e+02 3.581800e+00
3.710000e+02 3.625000e+00
3.711000e+02 3.667500e+00
3.712000e+02 3.709400e+00
3.713000e+02 3.750600e+00
3.714000e+02 3.791200e+00
3.715000e+02 3.831100e+00
3.716000e+02 3.870200e+00
3.717000e+02 3.908700e+00
3.718000e+02 3.946500e+00
3.719000e+02 3.983600e+00
3.720000e+02 4.020000e+00
3.721000e+02 4.055700e+00
3.722000e+02 4.090600e+00
3.723000e+02 4.124800e+00
3.724000e+02 4.158300e+00
3.725000e+02 4.191000e+00
3.726000e+02 4.223000e+00
3.727000e+02 4.254200e+00
3.728000e+02 4.284700e+00
3.729000e+02 4.314400e+00
3.730000e+02 4.343300e+00
3.731000e+02 4.371500e+00
3.732000e+02 4.398800e+00
3.733000e+02 4.425500e+00
3.734000e+02 4.451300e+00
3.735000e+02 4.476300e+00
3.736000e+02 4.500600e+00
3.737000e+02 4.524100e+00
3.738000e+02 4.546700e+00
3.739000e+02 4.568600e+00
3.740000e+02 4.589700e+00
3.741000e+02 4.610000e+00
3.742000e+02 4.629400e+00
3.743000e+02 4.648100e+00
3.744000e+02 4.665900e+00
3.745000e+02 4.682900e+00
3.746000e+02 4.699100e+00
3.747000e+02 4.714500e+00
3.748000e+02 4.729100e+00
3.749000e+02 4.742800e+00
3.750000e+02 4.755700e+00
3.751000e+02 4.767800e+00
3.752000e+02 4.779100e+00
3.753000e+02 4.789500e+00
3.754000e+02 4.799100e+00
3.755000e+02 4.807900e+00
3.756000e+02 4.815800e+00
3.757000e+02 4.822900e+00
3.758000e+02 4.829100e+00
3.759000e+02 4.834500e+00
3.760000e+02 4.839100e+00
3.761000e+02 4.842800e+00
3.762000e+02 4.845700e+00
3.763000e+02 4.847800e+00
3.764000e+02 4.849000e+00
3.765000e+02 4.849400e+00
3.766000e+02 4.848900e+00
3.767000e+02 4.847600e+00
3.768000e+02 4.845400e+00
3.769000e+02 4.842400e+00
3.770000e+02 4.838500e+00
3.771000e+02 4.833900e+00
3.772000e+02 4.828300e+00
3.773000e+02 4.821900e+00
3.774000e+02 4.814700e+00
3.775000e+02 4.806600e+00
3.776000e+02 4.797700e+00
3.777000e+02 4.787900e+00
3.778000e+02 4.777200e+00
3.779000e+02 4.765800e+00
3.780000e+02 4.753400e+00
3.781000e+02 4.740300e+00
3.782000e+02 4.726300e+00
3.783000e+02 4.711400e+00
3.784000e+02 4.695700e+00
3.785000e+02 4.679200e+00
3.786000e+02 4.661800e+00
3.787000e+02 4.643600e+00
3.788000e+02 4.624600e+00
3.789000e+02 4.604700e+00
3.790000e+02 4.584000e+00
3.791000e+02 4.562500e+00
3.792000e+02 4.540200e+00
3.793000e+02 4.517100e+00
3.794000e+02 4.493100e+00
3.795000e+02 4.468400e+00
3.796000e+02 4.442900e+00
3.797000e+02 4.416600e+00
3.798000e+02 4.389500e+00
3.799000e+02 4.361600e+00
3.800000e+02 4.332900e+00
3.801000e+02 4.303500e+00
3.802000e+02 4.273300e+00
3.803000e+02 4.242400e+00
3.804000e+02 4.210700e+00
3.805000e+02 4.178300e+00
3.806000e+02 4.145100e+00
3.807000e+02 4.111200e+00
3.808000e+02 4.076600e+00
3.809000e+02 4.041300e+00
3.810000e+02 4.005200e+00
3.811000e+02 3.968500e+00
3.812000e+02 3.931000e+00
3.813000e+02 3.892900e+00
3.814000e+02 3.854000e+00
3.815000e+02 3.814500e+00
3.816000e+02 3.774400e+00
3.817000e+02 3.733500e+00
3.818000e+02 3.692100e+00
3.819000e+02 3.649900e+00
3.820000e+02 3.607200e+00
3.821000e+02 3.563800e+00
3.822000e+02 3.519800e+00
3.823000e+02 3.475100e+00
3.824000e+02 3.429900e+00
3.825000e+02 3.384100e+00
3.826000e+02 3.337700e+00
3.827000e+02 3.290700e+00
3.828000e+02 3.243200e+00
3.829000e+02 3.195000e+00
3.830000e+02 3.146400e+00
3.831000e+02 3.097200e+00
3.832000e+02 3.047400e+00
3.833000e+02 2.997100e+00
3.834000e+02 2.946300e+00
3.835000e+02 2.895000e+00
3.836000e+02 2.843100e+00
3.837000e+02 2.790800e+00
3.838000e+02 2.738000e+00
3.839000e+02 2.684700e+00
3.840000e+02 2.630900e+00
3.841000e+02 2.576600e+00
3.842000e+02 2.521900e+00
3.843000e+02 2.466700e+00
3.844000e+02 2.411100e+00
3.845000e+02 2.355100e+00
3.846000e+02 2.298600e+00
3.847000e+02 2.241800e+00
3.848000e+02 2.184500e+00
3.849000e+02 2.126800e+00
3.850000e+02 2.068800e+00
3.851000e+02 2.010400e+00
3.852000e+02 1.951600e+00
3.853000e+02 1.892500e+00
3.854000e+02 1.833000e+00
3.855000e+02 1.773200e+00
3.856000e+02 1.713100e+00
3.857000e+02 1.652600e+00
3.858000e+02 1.591900e+00
3.859000e+02 1.530900e+00
3.860000e+02 1.469600e+00
3.861000e+02 1.408000e+00
3.862000e+02 1.346100e+00
3.863000e+02 1.284000e+00
3.864000e+02 1.221700e+00
3.865000e+02 1.159100e+00
3.866000e+02 1.096400e+00
3.867000e+02 1.033400e+00
3.868000e+02 9.701900e-01
3.869000e+02 9.068200e-01
3.870000e+02 8.432800e-01
3.871000e+02 7.795800e-01
3.872000e+02 7.157400e-01
3.873000e+02 6.517600e-01
3.874000e+02 5.876500e-01
3.875000e+02 5.234400e-01
3.876000e+02 4.591300e-01
3.877000e+02 3.947400e-01
3.878000e+02 3.302800e-01
3.879000e+02 2.657500e-01
3.880000e+02 2.011900e-01
3.881000e+02 1.365900e-01
3.882000e+02 7.197100e-02
3.883000e+02 7.344000e-03
3.884000e+02 -5.728000e-02
3.885000e+02 -1.218900e-01
3.886000e+02 -1.864700e-01
3.887000e+02 -2.510100e-01
3.888000e+02 -3.155100e-01
3.889000e+02 -3.799400e-01
3.890000e+02 -4.442900e-01
3.891000e+02 -5.085700e-01
3.892000e+02 -5.727500e-01
3.893000e+02 -6.368200e-01
3.894000e+02 -7.007700e-01
3.895000e+02 -7.646000e-01
3.896000e+02 -8.282900e-01
3.897000e+02 -8.918300e-01
3.898000e+02 -9.552100e-01
3.899000e+02 -1.018400e+00
3.900000e+02 -1.081500e+00
3.901000e+02 -1.144300e+00
3.902000e+02 -1.206900e+00
3.903000e+02 -1.269400e+00
3.904000e+02 -1.331600e+00
3.905000e+02 -1.393500e+00
3.906000e+02 -1.455200e+00
3.907000e+02 -1.516700e+00
3.908000e+02 -1.577900e+00
3.909000e+02 -1.638800e+00
3.910000e+02 -1.699500e+00
3.911000e+02 -1.759800e+00
3.912000e+02 -1.819800e+00
3.913000e+02 -1.879500e+00
3.914000e+02 -1.938900e+00
3.915000e+02 -1.998000e+00
3.916000e+02 -2.056700e+00
3.917000e+02 -2.115000e+00
3.918000e+02 -2.172900e+00
3.919000e+02 -2.230500e+00
3.920000e+02 -2.287700e+00
3.921000e+02 -2.344500e+00
3.922000e+02 -2.400900e+00
3.923000e+02 -2.456900e+00
3.924000e+02 -2.512500e+00
3.925000e+02 -2.567600e+00
3.926000e+02 -2.622300e+00
3.927000e+02 -2.676500e+00
3.928000e+02 -2.730200e+00
3.929000e+02 -2.783500e+00
3.930000e+02 -2.836300e+00
3.931000e+02 -2.888700e+00
3.932000e+02 -2.940500e+00
3.933000e+02 -2.991800e+00
3.934000e+02 -3.042600e+00
3.935000e+02 -3.092900e+00
3.936000e+02 -3.142600e+00
3.937000e+02 -3.191800e+00
3.938000e+02 -3.240400e+00
3.939000e+02 -3.288500e+00
3.940000e+02 -3.336000e+00
3.941000e+02 -3.382900e+00
3.942000e+02 -3.429200e+00
3.943000e+02 -3.474900e+00
3.944000e+02 -3.520100e+00
3.945000e+02 -3.564600e+00
3.946000e+02 -3.608400e+00
3.947000e+02 -3.651700e+00
3.948000e+02 -3.694300e+00
3.949000e+02 -3.736200e+00
3.950000e+02 -3.777500e+00
3.951000e+02 -3.818200e+00
3.952000e+02 -3.858100e+00
3.953000e+02 -3.897400e+00
3.954000e+02 -3.936000e+00
3.955000e+02 -3.974000e+00
3.956000e+02 -4.011200e+00
3.957000e+02 -4.047700e+00
3.958000e+02 -4.083500e+00
3.959000e+02 -4.118600e+00
3.960000e+02 -4.153000e+00
3.961000e+02 -4.186600e+00
3.962000e+02 -4.219500e+00
3.963000e+02 -4.251600e+00
3.964000e+02 -4.283000e+00
3.965000e+02 -4.313700e+00
3.966000e+02 -4.343600e+00
3.967000e+02 -4.372700e+00
3.968000e+02 -4.401000e+00
3.969000e+02 -4.428600e+00
3.970000e+02 -4.455400e+00
3.971000e+02 -4.481400e+00
3.972000e+02 -4.506600e+00
3.973000e+02 -4.531100e+00
3.974000e+02 -4.554700e+00
3.975000e+02 -4.577500e+00
3.976000e+02 -4.599500e+00
3.977000e+02 -4.620700e+00
3.978000e+02 -4.641100e+00
3.979000e+02 -4.660700e+00
3.980000e+02 -4.679400e+00
3.981000e+02 -4.697400e+00
3.982000e+02 -4.714500e+00
3.983000e+02 -4.730700e+00
3.984000e+02 -4.746200e+00
3.985000e+02 -4.760800e+00
3.986000e+02 -4.774600e+00
3.987000e+02 -4.787600e+00
3.988000e+02 -4.799700e+00
3.989000e+02 -4.811000e+00
3.990000e+02 -4.821400e+00
3.991000e+02 -4.831000e+00
3.992000e+02 -4.839700e+00
3.993000e+02 -4.847600e+00
3.994000e+02 -4.854600e+00
3.995000e+02 -4.860800e+00
3.996000e+02 -4.866200e+00
3.997000e+02 -4.870600e+00
3.998000e+02 -4.874300e+00
3.999000e+02 -4.877000e+00
4.000000e+02 -4.878900e+00
4.001000e+02 -4.880000e+00
4.002000e+02 -4.880100e+00
4.003000e+02 -4.879500e+00
4.004000e+02 -4.877900e+00
4.005000e+02 -4.875500e+00
4.006000e+02 -4.872200e+00
4.007000e+02 -4.868100e+00
4.008000e+02 -4.863100e+00
4.009000e+02 -4.857300e+00
4.010000e+02 -4.850600e+00
4.011000e+02 -4.843000e+00
4.012000e+02 -4.834600e+00
4.013000e+02 -4.825300e+00
4.014000e+02 -4.815200e+00
4.015000e+02 -4.804200e+00
4.016000e+02 -4.792400e+00
4.017000e+02 -4.779700e+00
4.018000e+02 -4.766200e+00
4.019000e+02 -4.751800e+00
4.020000e+02 -4.736600e+00
4.021000e+02 -4.720600e+00
4.022000e+02 -4.703700e+00
4.023000e+02 -4.686000e+00
4.024000e+02 -4.667500e+00
4.025000e+02 -4.648200e+00
4.026000e+02 -4.628000e+00
4.027000e+02 -4.607100e+00
4.028000e+02 -4.585300e+00
4.029000e+02 -4.562700e+00
4.030000e+02 -4.539300e+00
4.031000e+02 -4.515100e+00
4.032000e+02 -4.490100e+00
4.033000e+02 -4.464300e+00
4.034000e+02 -4.437700e+00
4.035000e+02 -4.410300e+00
4.036000e+02 -4.382100e+00
4.037000e+02 -4.353200e+00
4.038000e+02 -4.323500e+00
4.039000e+02 -4.293000e+00
4.040000e+02 -4.261800e+00
4.041000e+02 -4.229800e+00
4.042000e+02 -4.197100e+00
4.043000e+02 -4.163600e+00
4.044000e+02 -4.129400e+00
4.045000e+02 -4.094500e+00
4.046000e+02 -4.058900e+00
4.047000e+02 -4.022500e+00
4.048000e+02 -3.985500e+00
4.049000e+02 -3.947700e+00
4.050000e+02 -3.909200e+00
4.051000e+02 -3.870100e+00
4.052000e+02 -3.830300e+00
4.053000e+02 -3.789800e+00
4.054000e+02 -3.748600e+00
4.055000e+02 -3.706800e+00
4.056000e+02 -3.664300e+00
4.057000e+02 -3.621200e+00
4.058000e+02 -3.577400e+00
4.059000e+02 -3.533000e+00
4.060000e+02 -3.487900e+00
4.061000e+02 -3.442300e+00
4.062000e+02 -3.396000e+00
4.063000e+02 -3.349200e+00
4.064000e+02 -3.301700e+00
4.065000e+02 -3.253700e+00
4.066000e+02 -3.205100e+00
4.067000e+02 -3.155900e+00
4.068000e+02 -3.106200e+00
4.069000e+02 -3.055900e+00
4.070000e+02 -3.005000e+00
4.071000e+02 -2.953700e+00
4.072000e+02 -2.901800e+00
4.073000e+02 -2.849400e+00
4.074000e+02 -2.796400e+00
4.075000e+02 -2.743000e+00
4.076000e+02 -2.689100e+00
4.077000e+02 -2.634700e+00
4.078000e+02 -2.579900e+00
4.079000e+02 -2.524600e+00
4.080000e+02 -2.468800e+00
4.081000e+02 -2.412600e+00
4.082000e+02 -2.356000e+00
4.083000e+02 -2.299000e+00
4.084000e+02 -2.241500e+00
4.085000e+02 -2.183700e+00
4.086000e+02 -2.125500e+00
4.087000e+02 -2.066800e+00
4.088000e+02 -2.007900e+00
4.089000e+02 -1.948500e+00
4.090000e+02 -1.888800e+00
4.091000e+02 -1.828800e+00
4.092000e+02 -1.768400e+00
4.093000e+02 -1.707800e+00
4.094000e+02 -1.646800e+00
4.095000e+02 -1.585600e+00
4.096000e+02 -1.524000e+00
4.097000e+02 -1.462200e+00
4.098000e+02 -1.400100e+00
4.099000e+02 -1.337800e+00
4.100000e+02 -1.275200e+00
4.101000e+02 -1.212500e+00
4.102000e+02 -1.149500e+00
4.103000e+02 -1.086300e+00
4.104000e+02 -1.022900e+00
4.105000e+02 -9.593100e-01
4.106000e+02 -8.955800e-01
4.107000e+02 -8.316800e-01
4.108000e+02 -7.676500e-01
4.109000e+02 -7.034800e-01
4.110000e+02 -6.391900e-01
4.111000e+02 -5.747900e-01
4.112000e+02 -5.102900e-01
4.113000e+02 -4.457000e-01
4.114000e+02 -3.810400e-01
4.115000e+02 -3.163100e-01
4.116000e+02 -2.515300e-01
4.117000e+02 -1.867100e-01
4.118000e+02 -1.218600e-01
4.119000e+02 -5.697900e-02
4.120000e+02 7.908900e-03
4.121000e+02 7.279700e-02
4.122000e+02 1.376800e-01
4.123000e+02 2.025300e-01
4.124000e+02 2.673600e-01
4.125000e+02 3.321400e-01
4.126000e+02 3.968700e-01
4.127000e+02 4.615400e-01
4.128000e+02 5.261300e-01
4.129000e+02 5.906300e-01
4.130000e+02 6.550400e-01
4.131000e+02 7.193300e-01
4.132000e+02 7.835100e-01
4.133000e+02 8.475600e-01
4.134000e+02 9.114700e-01
4.135000e+02 9.752200e-01
4.136000e+02 1.038800e+00
4.137000e+02 1.102200e+00
4.138000e+02 1.165500e+00
4.139000e+02 1.228500e+00
4.140000e+02 1.291300e+00
4.141000e+02 1.353900e+00
4.142000e+02 1.416300e+00
4.143000e+02 1.478400e+00
4.144000e+02 1.540300e+00
4.145000e+02 1.602000e+00
4.146000e+02 1.663300e+00
4.147000e+02 1.724400e+00
4.148000e+02 1.785100e+00
4.149000e+02 1.845600e+00
4.150000e+02 1.905700e+00
4.151000e+02 1.965500e+00
4.152000e+02 2.025000e+00
4.153000e+02 2.084100e+00
4.154000e+02 2.142900e+00
4.155000e+02 2.201300e+00
4.156000e+02 2.259300e+00
4.157000e+02 2.317000e+00
4.158000e+02 2.374200e+00
4.159000e+02 2.431000e+00
4.160000e+02 2.487400e+00
4.161000e+02 2.543300e+00
4.162000e+02 2.598800e+00
4.163000e+02 2.653900e+00
4.164000e+02 2.708500e+00
4.165000e+02 2.762600e+00
4.166000e+02 2.816200e+00
4.167000e+02 2.869300e+00
4.168000e+02 2.921900e+00
4.169000e+02 2.974000e+00
4.170000e+02 3.025600e+00
4.171000e+02 3.076600e+00
4.172000e+02 3.127100e+00
4.173000e+02 3.177000e+00
4.174000e+02 3.226300e+00
4.175000e+02 3.275100e+00
4.176000e+02 3.323300e+00
4.177000e+02 3.370900e+00
4.178000e+02 3.417900e+00
4.179000e+02 3.464300e+00
4.180000e+02 3.510100e+00
4.181000e+02 3.555200e+00
4.182000e+02 3.599700e+00
4.183000e+02 3.643600e+00
4.184000e+02 3.686900e+00
4.185000e+02 3.729400e+00
4.186000e+02 3.771400e+00
4.187000e+02 3.812600e+00
4.188000e+02 3.853200e+00
4.189000e+02 3.893100e+00
4.190000e+02 3.932300e+00
4.191000e+02 3.970800e+00
4.192000e+02 4.008700e+00
4.193000e+02 4.045800e+00
4.194000e+02 4.082200e+00
4.195000e+02 4.117800e+00
4.196000e+02 4.152800e+00
4.197000e+02 4.187000e+00
4.198000e+02 4.220500e+00
4.199000e+02 4.253200e+00
4.200000e+02 4.285200e+00
4.201000e+02 4.316500e+00
4.202000e+02 4.347000e+00
4.203000e+02 4.376700e+00
4.204000e+02 4.405700e+00
4.205000e+02 4.433900e+00
4.206000e+02 4.461300e+00
4.207000e+02 4.488000e+00
4.208000e+02 4.513800e+00
4.209000e+02 4.538900e+00
4.210000e+02 4.563200e+00
4.211000e+02 4.586700e+00
4.212000e+02 4.609400e+00
4.213000e+02 4.631300e+00
4.214000e+02 4.652400e+00
4.215000e+02 4.672600e+00
4.216000e+02 4.692100e+00
4.217000e+02 4.710800e+00
4.218000e+02 4.728600e+00
4.219000e+02 4.745700e+00
4.220000e+02 4.761900e+00
4.221000e+02 4.777200e+00
4.222000e+02 4.791700e+00
4.223000e+02 4.805400e+00
4.224000e+02 4.818300e+00
4.225000e+02 4.830300e+00
4.226000e+02 4.841500e+00
4.227000e+02 4.851800e+00
4.228000e+02 4.861200e+00
4.229000e+02 4.869800e+00
4.230000e+02 4.877600e+00
4.231000e+02 4.884500e+00
4.232000e+02 4.890500e+00
4.233000e+02 4.895600e+00
4.234000e+02 4.899900e+00
4.235000e+02 4.903400e+00
4.236000e+02 4.905900e+00
4.237000e+02 4.907600e+00
4.238000e+02 4.908400e+00
4.239000e+02 4.908400e+00
4.240000e+02 4.907400e+00
4.241000e+02 4.905700e+00
4.242000e+02 4.903000e+00
4.243000e+02 4.899500e+00
4.244000e+02 4.895100e+00
4.245000e+02 4.889800e+00
4.246000e+02 4.883600e+00
4.247000e+02 4.876600e+00
4.248000e+02 4.868700e+00
4.249000e+02 4.860000e+00
4.250000e+02 4.850400e+00
4.251000e+02 4.839900e+00
4.252000e+02 4.828600e+00
4.253000e+02 4.816400e+00
4.254000e+02 4.803300e+00
4.255000e+02 4.789400e+00
4.256000e+02 4.774700e+00
4.257000e+02 4.759100e+00
4.258000e+02 4.742600e+00
4.259000e+02 4.725400e+00
4.260000e+02 4.707200e+00
4.261000e+02 4.688300e+00
4.262000e+02 4.668500e+00
4.263000e+02 4.647800e+00
4.264000e+02 4.626400e+00
4.265000e+02 4.604100e+00
4.266000e+02 4.581000e+00
4.267000e+02 4.557100e+00
4.268000e+02 4.532400e+00
4.269000e+02 4.507000e+00
4.270000e+02 4.480700e+00
4.271000e+02 4.453600e+00
4.272000e+02 4.425700e+00
4.273000e+02 4.397100e+00
4.274000e+02 4.367700e+00
4.275000e+02 4.337600e+00
4.276000e+02 4.306700e+00
4.277000e+02 4.275000e+00
4.278000e+02 4.242600e+00
4.279000e+02 4.209400e+00
4.280000e+02 4.175600e+00
4.281000e+02 4.140900e+00
4.282000e+02 4.105600e+00
4.283000e+02 4.069600e+00
4.284000e+02 4.032800e+00
4.285000e+02 3.995400e+00
4.286000e+02 3.957200e+00
4.287000e+02 3.918400e+00
4.288000e+02 3.878800e+00
4.289000e+02 3.838600e+00
4.290000e+02 3.797800e+00
4.291000e+02 3.756200e+00
4.292000e+02 3.714000e+00
4.293000e+02 3.671200e+00
4.294000e+02 3.627700e+00
4.295000e+02 3.583500e+00
4.296000e+02 3.538700e+00
4.297000e+02 3.493300e+00
4.298000e+02 3.447300e+00
4.299000e+02 3.400700e+00
4.300000e+02 3.353500e+00
4.301000e+02 3.305700e+00
4.302000e+02 3.257300e+00
4.303000e+02 3.208300e+00
4.304000e+02 3.158800e+00
4.305000e+02 3.108700e+00
4.306000e+02 3.058000e+00
4.307000e+02 3.006800e+00
4.308000e+02 2.955100e+00
4.309000e+02 2.902800e+00
4.310000e+02 2.850000e+00
4.311000e+02 2.796700e+00
4.312000e+02 2.742900e+00
4.313000e+02 2.688600e+00
4.314000e+02 2.633800e+00
4.315000e+02 2.578600e+00
4.316000e+02 2.522800e+00
4.317000e+02 2.466600e+00
4.318000e+02 2.410000e+00
4.319000e+02 2.352900e+00
4.320000e+02 2.295400e+00
4.321000e+02 2.237500e+00
4.322000e+02 2.179200e+00
4.323000e+02 2.120500e+00
4.324000e+02 2.061400e+00
4.325000e+02 2.001900e+00
4.326000e+02 1.942000e+00
4.327000e+02 1.881800e+00
4.328000e+02 1.821300e+00
4.329000e+02 1.760400e+00
4.330000e+02 1.699200e+00
4.331000e+02 1.637700e+00
4.332000e+02 1.575900e+00
4.333000e+02 1.513800e+00
4.334000e+02 1.451500e+00
4.335000e+02 1.388900e+00
4.336000e+02 1.326000e+00
4.337000e+02 1.262900e+00
4.338000e+02 1.199600e+00
4.339000e+02 1.136100e+00
4.340000e+02 1.072300e+00
4.341000e+02 1.008400e+00
4.342000e+02 9.443300e-01
4.343000e+02 8.800800e-01
4.344000e+02 8.156700e-01
4.345000e+02 7.511300e-01
4.346000e+02 6.864600e-01
4.347000e+02 6.216700e-01
4.348000e+02 5.567800e-01
4.349000e+02 4.917900e-01
4.350000e+02 4.267200e-01
4.351000e+02 3.615800e-01
4.352000e+02 2.963800e-01
4.353000e+02 2.311300e-01
4.354000e+02 1.658500e-01
4.355000e+02 1.005400e-01
4.356000e+02 3.521200e-02
4.357000e+02 -3.011600e-02
4.358000e+02 -9.543700e-02
4.359000e+02 -1.607400e-01
4.360000e+02 -2.260000e-01
4.361000e+02 -2.912300e-01
4.362000e+02 -3.563900e-01
4.363000e+02 -4.215000e-01
4.364000e+02 -4.865200e-01
4.365000e+02 -5.514500e-01
4.366000e+02 -6.162800e-01
4.367000e+02 -6.810000e-01
4.368000e+02 -7.455900e-01
4.369000e+02 -8.100600e-01
4.370000e+02 -8.743800e-01
4.371000e+02 -9.385400e-01
4.372000e+02 -1.002500e+00
4.373000e+02 -1.066400e+00
4.374000e+02 -1.130000e+00
4.375000e+02 -1.193400e+00
4.376000e+02 -1.256700e+00
4.377000e+02 -1.319700e+00
4.378000e+02 -1.382500e+00
4.379000e+02 -1.445100e+00
4.380000e+02 -1.507400e+00
4.381000e+02 -1.569400e+00
4.382000e+02 -1.631200e+00
4.383000e+02 -1.692700e+00
4.384000e+02 -1.754000e+00
4.385000e+02 -1.814900e+00
4.386000e+02 -1.875500e+00
4.387000e+02 -1.935800e+00
4.388000e+02 -1.995800e+00
4.389000e+02 -2.055500e+00
4.390000e+02 -2.114800e+00
4.391000e+02 -2.173700e+00
4.392000e+02 -2.232200e+00
4.393000e+02 -2.290400e+00
4.394000e+02 -2.348200e+00
4.395000e+02 -2.405600e+00
4.396000e+02 -2.462500e+00
4.397000e+02 -2.519000e+00
4.398000e+02 -2.575100e+00
4.399000e+02 -2.630800e+00
4.400000e+02 -2.686000e+00
4.401000e+02 -2.740700e+00
4.402000e+02 -2.794900e+00
4.403000e+02 -2.848700e+00
4.404000e+02 -2.902000e+00
4.405000e+02 -2.954700e+00
4.406000e+02 -3.007000e+00
4.407000e+02 -3.058700e+00
4.408000e+02 -3.109800e+00
4.409000e+02 -3.160500e+00
4.410000e+02 -3.210600e+00
4.411000e+02 -3.260100e+00
4.412000e+02 -3.309000e+00
4.413000e+02 -3.357400e+00
4.414000e+02 -3.405100e+00
4.415000e+02 -3.452300e+00
4.416000e+02 -3.498900e+00
4.417000e+02 -3.544800e+00
4.418000e+02 -3.590200e+00
4.419000e+02 -3.634800e+00
4.420000e+02 -3.678900e+00
4.421000e+02 -3.722300e+00
4.422000e+02 -3.765000e+00
4.423000e+02 -3.807100e+00
4.424000e+02 -3.848500e+00
4.425000e+02 -3.889200e+00
4.426000e+02 -3.929200e+00
4.427000e+02 -3.968500e+00
4.428000e+02 -4.007100e+00
4.429000e+02 -4.045000e+00
4.430000e+02 -4.082200e+00
4.431000e+02 -4.118700e+00
4.432000e+02 -4.154400e+00
4.433000e+02 -4.189400e+00
4.434000e+02 -4.223600e+00
4.435000e+02 -4.257100e+00
4.436000e+02 -4.289900e+00
4.437000e+02 -4.321900e+00
4.438000e+02 -4.353100e+00
4.439000e+02 -4.383600e+00
4.440000e+02 -4.413300e+00
4.441000e+02 -4.442200e+00
4.442000e+02 -4.470300e+00
4.443000e+02 -4.497700e+00
4.444000e+02 -4.524300e+00
4.445000e+02 -4.550100e+00
4.446000e+02 -4.575000e+00
4.447000e+02 -4.599200e+00
4.448000e+02 -4.622600e+00
4.449000e+02 -4.645200e+00
4.450000e+02 -4.666900e+00
4.451000e+02 -4.687800e+00
4.452000e+02 -4.708000e+00
4.453000e+02 -4.727200e+00
4.454000e+02 -4.745700e+00
4.455000e+02 -4.763300e+00
4.456000e+02 -4.780100e+00
4.457000e+02 -4.796000e+00
4.458000e+02 -4.811100e+00
4.459000e+02 -4.825400e+00
4.460000e+02 -4.838800e+00
4.461000e+02 -4.851400e+00
4.462000e+02 -4.863100e+00
4.463000e+02 -4.874000e+00
4.464000e+02 -4.884000e+00
4.465000e+02 -4.893100e+00
4.466000e+02 -4.901400e+00
4.467000e+02 -4.908800e+00
4.468000e+02 -4.915400e+00
4.469000e+02 -4.921100e+00
4.470000e+02 -4.926000e+00
4.471000e+02 -4.929900e+00
4.472000e+02 -4.933000e+00
4.473000e+02 -4.935300e+00
4.474000e+02 -4.936600e+00
4.475000e+02 -4.937100e+00
4.476000e+02 -4.936800e+00
4.477000e+02 -4.935500e+00
4.478000e+02 -4.933400e+00
4.479000e+02 -4.930500e+00
4.480000e+02 -4.926600e+00
4.481000e+02 -4.921900e+00
4.482000e+02 -4.916400e+00
4.483000e+02 -4.909900e+00
4.484000e+02 -4.902600e+00
4.485000e+02 -4.894400e+00
4.486000e+02 -4.885400e+00
4.487000e+02 -4.875500e+00
4.488000e+02 -4.864700e+00
4.489000e+02 -4.853000e+00
4.490000e+02 -4.840500e+00
4.491000e+02 -4.827200e+00
4.492000e+02 -4.812900e+00
4.493000e+02 -4.797800e+00
4.494000e+02 -4.781900e+00
4.495000e+02 -4.765100e+00
4.496000e+02 -4.747500e+00
4.497000e+02 -4.729000e+00
4.498000e+02 -4.709700e+00
4.499000e+02 -4.689600e+00
4.500000e+02 -4.668600e+00
4.501000e+02 -4.646800e+00
4.502000e+02 -4.624200e+00
4.503000e+02 -4.600800e+00
4.504000e+02 -4.576500e+00
4.505000e+02 -4.551500e+00
4.506000e+02 -4.525600e+00
4.507000e+02 -4.499000e+00
4.508000e+02 -4.471500e+00
4.509000e+02 -4.443300e+00
4.510000e+02 -4.414300e+00
4.511000e+02 -4.384500e+00
4.512000e+02 -4.353900e+00
4.513000e+02 -4.322500e+00
4.514000e+02 -4.290400e+00
4.515000e+02 -4.257500e+00
4.516000e+02 -4.223900e+00
4.517000e+02 -4.189500e+00
4.518000e+02 -4.154400e+00
4.519000e+02 -4.118600e+00
4.520000e+02 -4.082000e+00
4.521000e+02 -4.044700e+00
4.522000e+02 -4.006700e+00
4.523000e+02 -3.967900e+00
4.524000e+02 -3.928500e+00
4.525000e+02 -3.888400e+00
4.526000e+02 -3.847600e+00
4.527000e+02 -3.806100e+00
4.528000e+02 -3.764000e+00
4.529000e+02 -3.721200e+00
4.530000e+02 -3.677700e+00
4.531000e+02 -3.633600e+00
4.532000e+02 -3.588800e+00
4.533000e+02 -3.543500e+00
4.534000e+02 -3.497500e+00
4.535000e+02 -3.450800e+00
4.536000e+02 -3.403600e+00
4.537000e+02 -3.355800e+00
4.538000e+02 -3.307400e+00
4.539000e+02 -3.258400e+00
4.540000e+02 -3.208900e+00
4.541000e+02 -3.158700e+00
4.542000e+02 -3.108000e+00
4.543000e+02 -3.056800e+00
4.544000e+02 -3.005000e+00
4.545000e+02 -2.952700e+00
4.546000e+02 -2.899900e+00
4.547000e+02 -2.846500e+00
4.548000e+02 -2.792700e+00
4.549000e+02 -2.738300e+00
4.550000e+02 -2.683500e+00
4.551000e+02 -2.628100e+00
4.552000e+02 -2.572400e+00
4.553000e+02 -2.516100e+00
4.554000e+02 -2.459400e+00
4.555000e+02 -2.402300e+00
4.556000e+02 -2.344800e+00
4.557000e+02 -2.286800e+00
4.558000e+02 -2.228400e+00
4.559000e+02 -2.169700e+00
4.560000e+02 -2.110500e+00
4.561000e+02 -2.051000e+00
4.562000e+02 -1.991100e+00
4.563000e+02 -1.930900e+00
4.564000e+02 -1.870300e+00
4.565000e+02 -1.809400e+00
4.566000e+02 -1.748200e+00
4.567000e+02 -1.686700e+00
4.568000e+02 -1.624800e+00
4.569000e+02 -1.562700e+00
4.570000e+02 -1.500300e+00
4.571000e+02 -1.437600e+00
4.572000e+02 -1.374700e+00
4.573000e+02 -1.311500e+00
4.574000e+02 -1.248100e+00
4.575000e+02 -1.184500e+00
4.576000e+02 -1.120600e+00
4.577000e+02 -1.056600e+00
4.578000e+02 -9.923100e-01
4.579000e+02 -9.278800e-01
4.580000e+02 -8.632900e-01
4.581000e+02 -7.985400e-01
4.582000e+02 -7.336400e-01
4.583000e+02 -6.686000e-01
4.584000e+02 -6.034500e-01
4.585000e+02 -5.381800e-01
4.586000e+02 -4.728100e-01
4.587000e+02 -4.073600e-01
4.588000e+02 -3.418300e-01
4.589000e+02 -2.762300e-01
4.590000e+02 -2.105900e-01
4.591000e+02 -1.449000e-01
4.592000e+02 -7.917900e-02
4.593000e+02 -1.344400e-02
4.594000e+02 5.229700e-02
4.595000e+02 1.180300e-01
4.596000e+02 1.837500e-01
4.597000e+02 2.494400e-01
4.598000e+02 3.150900e-01
4.599000e+02 3.806900e-01
4.600000e+02 4.462200e-01
4.601000e+02 5.116900e-01
4.602000e+02 5.770600e-01
4.603000e+02 6.423400e-01
4.604000e+02 7.075200e-01
4.605000e+02 7.725800e-01
4.606000e+02 8.375000e-01
4.607000e+02 9.022900e-01
4.608000e+02 9.669300e-01
4.609000e+02 1.031400e+00
4.610000e+02 1.095700e+00
4.611000e+02 1.159800e+00
4.612000e+02 1.223700e+00
4.613000e+02 1.287400e+00
4.614000e+02 1.350900e+00
4.615000e+02 1.414100e+00
4.616000e+02 1.477100e+00
4.617000e+02 1.539900e+00
4.618000e+02 1.602400e+00
4.619000e+02 1.664500e+00
4.620000e+02 1.726400e+00
4.621000e+02 1.788000e+00
4.622000e+02 1.849300e+00
4.623000e+02 1.910200e+00
4.624000e+02 1.970800e+00
4.625000e+02 2.031100e+00
4.626000e+02 2.091000e+00
4.627000e+02 2.150500e+00
4.628000e+02 2.209700e+00
4.629000e+02 2.268400e+00
4.630000e+02 2.326800e+00
4.631000e+02 2.384800e+00
4.632000e+02 2.442300e+00
4.633000e+02 2.499400e+00
4.634000e+02 2.556100e+00
4.635000e+02 2.612300e+00
4.636000e+02 2.668000e+00
4.637000e+02 2.723300e+00
4.638000e+02 2.778100e+00
4.639000e+02 2.832400e+00
4.640000e+02 2.886200e+00
4.641000e+02 2.939500e+00
4.642000e+02 2.992300e+00
4.643000e+02 3.044600e+00
4.644000e+02 3.096300e+00
4.645000e+02 3.147500e+00
4.646000e+02 3.198100e+00
4.647000e+02 3.248100e+00
4.648000e+02 3.297600e+00
4.649000e+02 3.346500e+00
4.650000e+02 3.394800e+00
4.651000e+02 3.442500e+00
4.652000e+02 3.489600e+00
4.653000e+02 3.536100e+00
4.654000e+02 3.581900e+00
4.655000e+02 3.627200e+00
4.656000e+02 3.671700e+00
4.657000e+02 3.715700e+00
4.658000e+02 3.759000e+00
4.659000e+02 3.801600e+00
4.660000e+02 3.843600e+00
4.661000e+02 3.884800e+00
4.662000e+02 3.925500e+00
4.663000e+02 3.965400e+00
4.664000e+02 4.004600e+00
4.665000e+02 4.043100e+00
4.666000e+02 4.081000e+00
4.667000e+02 4.118100e+00
4.668000e+02 4.154500e+00
4.669000e+02 4.190100e+00
4.670000e+02 4.225100e+00
4.671000e+02 4.259300e+00
4.672000e+02 4.292800e+00
4.673000e+02 4.325500e+00
4.674000e+02 4.357400e+00
4.675000e+02 4.388600e+00
4.676000e+02 4.419100e+00
4.677000e+02 4.448700e+00
4.678000e+02 4.477600e+00
4.679000e+02 4.505700e+00
4.680000e+02 4.533000e+00
4.681000e+02 4.559500e+00
4.682000e+02 4.585200e+00
4.683000e+02 4.610100e+00
4.684000e+02 4.634200e+00
4.685000e+02 4.657500e+00
4.686000e+02 4.680000e+00
4.687000e+02 4.701600e+00
4.688000e+02 4.722400e+00
4.689000e+02 4.742400e+00
4.690000e+02 4.761500e+00
4.691000e+02 4.779800e+00
4.692000e+02 4.797300e+00
4.693000e+02 4.813900e+00
4.694000e+02 4.829700e+00
4.695000e+02 4.844600e+00
4.696000e+02 4.858700e+00
4.697000e+02 4.871900e+00
4.698000e+02 4.884300e+00
4.699000e+02 4.895800e+00
4.700000e+02 4.906400e+00
4.701000e+02 4.916200e+00
4.702000e+02 4.925100e+00
4.703000e+02 4.933100e+00
4.704000e+02 4.940300e+00
4.705000e+02 4.946600e+00
4.706000e+02 4.952000e+00
4.707000e+02 4.956500e+00
4.708000e+02 4.960100e+00
4.709000e+02 4.962900e+00
4.710000e+02 4.964800e+00
4.711000e+02 4.965800e+00
4.712000e+02 4.965900e+00
4.713000e+02 4.965100e+00
4.714000e+02 4.963500e+00
4.715000e+02 4.961000e+00
4.716000e+02 4.957500e+00
4.717000e+02 4.953300e+00
4.718000e+02 4.948100e+00
4.719000e+02 4.942000e+00
4.720000e+02 4.935100e+00
4.721000e+02 4.927300e+00
4.722000e+02 4.918700e+00
4.723000e+02 4.909200e+00
4.724000e+02 4.898800e+00
4.725000e+02 4.887500e+00
4.726000e+02 4.875400e+00
4.727000e+02 4.862400e+00
4.728000e+02 4.848600e+00
4.729000e+02 4.833900e+00
4.730000e+02 4.818400e+00
4.731000e+02 4.802000e+00
4.732000e+02 4.784800e+00
4.733000e+02 4.766800e+00
4.734000e+02 4.747900e+00
4.735000e+02 4.728100e+00
4.736000e+02 4.707600e+00
4.737000e+02 4.686200e+00
4.738000e+02 4.664000e+00
4.739000e+02 4.641000e+00
4.740000e+02 4.617200e+00
4.741000e+02 4.592500e+00
4.742000e+02 4.567100e+00
4.743000e+02 4.540800e+00
4.744000e+02 4.513800e+00
4.745000e+02 4.485900e+00
4.746000e+02 4.457300e+00
4.747000e+02 4.427900e+00
4.748000e+02 4.397700e+00
4.749000e+02 4.366700e+00
4.750000e+02 4.335000e+00
4.751000e+02 4.302500e+00
4.752000e+02 4.269300e+00
4.753000e+02 4.235300e+00
4.754000e+02 4.200600e+00
4.755000e+02 4.165100e+00
4.756000e+02 4.128900e+00
4.757000e+02 4.092000e+00
4.758000e+02 4.054300e+00
4.759000e+02 4.016000e+00
4.760000e+02 3.976900e+00
4.761000e+02 3.937200e+00
4.762000e+02 3.896700e+00
4.763000e+02 3.855600e+00
4.764000e+02 3.813700e+00
4.765000e+02 3.771200e+00
4.766000e+02 3.728000e+00
4.767000e+02 3.684200e+00
4.768000e+02 3.639700e+00
4.769000e+02 3.594500e+00
4.770000e+02 3.548700e+00
4.771000e+02 3.502300e+00
4.772000e+02 3.455200e+00
4.773000e+02 3.407600e+00
4.774000e+02 3.359300e+00
4.775000e+02 3.310400e+00
4.776000e+02 3.260900e+00
4.777000e+02 3.210800e+00
4.778000e+02 3.160200e+00
4.779000e+02 3.109000e+00
4.780000e+02 3.057200e+00
4.781000e+02 3.004900e+00
4.782000e+02 2.952000e+00
4.783000e+02 2.898600e+00
4.784000e+02 2.844700e+00
4.785000e+02 2.790300e+00
4.786000e+02 2.735300e+00
4.787000e+02 2.679900e+00
4.788000e+02 2.624100e+00
4.789000e+02 2.567700e+00
4.790000e+02 2.510900e+00
4.791000e+02 2.453700e+00
4.792000e+02 2.396000e+00
4.793000e+02 2.337900e+00
4.794000e+02 2.279300e+00
4.795000e+02 2.220400e+00
4.796000e+02 2.161000e+00
4.797000e+02 2.101300e+00
4.798000e+02 2.041200e+00
4.799000e+02 1.980800e+00
4.800000e+02 1.920000e+00
4.801000e+02 1.858800e+00
4.802000e+02 1.797400e+00
4.803000e+02 1.735600e+00
4.804000e+02 1.673500e+00
4.805000e+02 1.611100e+00
4.806000e+02 1.548400e+00
4.807000e+02 1.485400e+00
4.808000e+02 1.422200e+00
4.809000e+02 1.358800e+00
4.810000e+02 1.295100e+00
4.811000e+02 1.231200e+00
4.812000e+02 1.167100e+00
4.813000e+02 1.102800e+00
4.814000e+02 1.038300e+00
4.815000e+02 9.735700e-01
4.816000e+02 9.087200e-01
4.817000e+02 8.437200e-01
4.818000e+02 7.785800e-01
4.819000e+02 7.133000e-01
4.820000e+02 6.479000e-01
4.821000e+02 5.824000e-01
4.822000e+02 5.167900e-01
4.823000e+02 4.511000e-01
4.824000e+02 3.853300e-01
4.825000e+02 3.194900e-01
4.826000e+02 2.536000e-01
4.827000e+02 1.876600e-01
4.828000e+02 1.216900e-01
4.829000e+02 5.569300e-02
4.830000e+02 -1.031600e-02
4.831000e+02 -7.632800e-02
4.832000e+02 -1.423300e-01
4.833000e+02 -2.083200e-01
4.834000e+02 -2.742700e-01
4.835000e+02 -3.401800e-01
4.836000e+02 -4.060400e-01
4.837000e+02 -4.718400e-01
4.838000e+02 -5.375600e-01
4.839000e+02 -6.031900e-01
4.840000e+02 -6.687200e-01
4.841000e+02 -7.341500e-01
4.842000e+02 -7.994600e-01
4.843000e+02 -8.646300e-01
4.844000e+02 -9.296600e-01
4.845000e+02 -9.945300e-01
4.846000e+02 -1.059200e+00
4.847000e+02 -1.123800e+00
4.848000e+02 -1.188100e+00
4.849000e+02 -1.252200e+00
4.850000e+02 -1.316200e+00
4.851000e+02 -1.379900e+00
4.852000e+02 -1.443300e+00
4.853000e+02 -1.506600e+00
4.854000e+02 -1.569500e+00
4.855000e+02 -1.632200e+00
4.856000e+02 -1.694700e+00
4.857000e+02 -1.756800e+00
4.858000e+02 -1.818600e+00
4.859000e+02 -1.880200e+00
4.860000e+02 -1.941400e+00
4.861000e+02 -2.002200e+00
4.862000e+02 -2.062800e+00
4.863000e+02 -2.123000e+00
4.864000e+02 -2.182800e+00
4.865000e+02 -2.242200e+00
4.866000e+02 -2.301300e+00
4.867000e+02 -2.359900e+00
4.868000e+02 -2.418200e+00
4.869000e+02 -2.476000e+00
4.870000e+02 -2.533400e+00
4.871000e+02 -2.590300e+00
4.872000e+02 -2.646800e+00
4.873000e+02 -2.702800e+00
4.874000e+02 -2.758400e+00
4.875000e+02 -2.813400e+00
4.876000e+02 -2.868000e+00
4.877000e+02 -2.922100e+00
4.878000e+02 -2.975600e+00
4.879000e+02 -3.028600e+00
4.880000e+02 -3.081100e+00
4.881000e+02 -3.133000e+00
4.882000e+02 -3.184400e+00
4.883000e+02 -3.235200e+00
4.884000e+02 -3.285400e+00
4.885000e+02 -3.335000e+00
4.886000e+02 -3.384100e+00
4.887000e+02 -3.432500e+00
4.888000e+02 -3.480400e+00
4.889000e+02 -3.527600e+00
4.890000e+02 -3.574200e+00
4.891000e+02 -3.620200e+00
4.892000e+02 -3.665500e+00
4.893000e+02 -3.710200e+00
4.894000e+02 -3.754300e+00
4.895000e+02 -3.797600e+00
4.896000e+02 -3.840400e+00
4.897000e+02 -3.882400e+00
4.898000e+02 -3.923700e+00
4.899000e+02 -3.964400e+00
4.900000e+02 -4.004300e+00
4.901000e+02 -4.043600e+00
4.902000e+02 -4.082100e+00
4.903000e+02 -4.119900e+00
4.904000e+02 -4.157000e+00
4.905000e+02 -4.193400e+00
4.906000e+02 -4.229000e+00
4.907000e+02 -4.263800e+00
4.908000e+02 -4.298000e+00
4.909000e+02 -4.331300e+00
4.910000e+02 -4.363900e+00
4.911000e+02 -4.395800e+00
4.912000e+02 -4.426800e+00
4.913000e+02 -4.457100e+00
4.914000e+02 -4.486600e+00
4.915000e+02 -4.515300e+00
4.916000e+02 -4.543300e+00
4.917000e+02 -4.570400e+00
4.918000e+02 -4.596700e+00
4.919000e+02 -4.622300e+00
4.920000e+02 -4.647000e+00
4.921000e+02 -4.670900e+00
4.922000e+02 -4.694100e+00
4.923000e+02 -4.716300e+00
4.924000e+02 -4.737800e+00
4.925000e+02 -4.758500e+00
4.926000e+02 -4.778300e+00
4.927000e+02 -4.797300e+00
4.928000e+02 -4.815400e+00
4.929000e+02 -4.832700e+00
4.930000e+02 -4.849100e+00
4.931000e+02 -4.864700e+00
4.932000e+02 -4.879500e+00
4.933000e+02 -4.893400e+00
4.934000e+02 -4.906400e+00
4.935000e+02 -4.918600e+00
4.936000e+02 -4.929900e+00
4.937000e+02 -4.940300e+00
4.938000e+02 -4.949900e+00
4.939000e+02 -4.958600e+00
4.940000e+02 -4.966400e+00
4.941000e+02 -4.973400e+00
4.942000e+02 -4.979400e+00
4.943000e+02 -4.984600e+00
4.944000e+02 -4.988900e+00
4.945000e+02 -4.992300e+00
4.946000e+02 -4.994900e+00
4.947000e+02 -4.996500e+00
4.948000e+02 -4.997300e+00
4.949000e+02 -4.997200e+00
4.950000e+02 -4.996200e+00
4.951000e+02 -4.994300e+00
4.952000e+02 -4.991600e+00
4.953000e+02 -4.988000e+00
4.954000e+02 -4.983400e+00
4.955000e+02 -4.978000e+00
4.956000e+02 -4.971800e+00
4.957000e+02 -4.964600e+00
4.958000e+02 -4.956600e+00
4.959000e+02 -4.947700e+00
4.960000e+02 -4.937900e+00
4.961000e+02 -4.927200e+00
4.962000e+02 -4.915700e+00
4.963000e+02 -4.903200e+00
4.964000e+02 -4.890000e+00
4.965000e+02 -4.875800e+00
4.966000e+02 -4.860800e+00
4.967000e+02 -4.844900e+00
4.968000e+02 -4.828200e+00
4.969000e+02 -4.810600e+00
4.970000e+02 -4.792100e+00
4.971000e+02 -4.772800e+00
4.972000e+02 -4.752700e+00
4.973000e+02 -4.731700e+00
4.974000e+02 -4.709900e+00
4.975000e+02 -4.687200e+00
4.976000e+02 -4.663800e+00
4.977000e+02 -4.639500e+00
4.978000e+02 -4.614400e+00
4.979000e+02 -4.588400e+00
4.980000e+02 -4.561700e+00
4.981000e+02 -4.534200e+00
4.982000e+02 -4.505800e+00
4.983000e+02 -4.476700e+00
4.984000e+02 -4.446800e+00
4.985000e+02 -4.416100e+00
4.986000e+02 -4.384700e+00
4.987000e+02 -4.352500e+00
4.988000e+02 -4.319500e+00
4.989000e+02 -4.285700e+00
4.990000e+02 -4.251200e+00
4.991000e+02 -4.216000e+00
4.992000e+02 -4.180000e+00
4.993000e+02 -4.143300e+00
4.994000e+02 -4.105800e+00
4.995000e+02 -4.067600e+00
4.996000e+02 -4.028700e+00
4.997000e+02 -3.989100e+00
4.998000e+02 -3.948800e+00
4.999000e+02 -3.907800e+00
