# SEA-Stack Verification Data
# format: timeseries
# source: pds
# model: f3of_decay_multicode
# quantity: 1.0000e-001 2.0955e-003_2.0000e-001 8.3653e-003
# units: s, unknown
# columns: Time(s) 2.0000e-001 8.3653e-003(unknown)
4.000000e-01 3.346900e-02
5.000000e-01 5.226600e-02
6.000000e-01 7.520100e-02
7.000000e-01 1.022300e-01
8.000000e-01 1.332800e-01
9.000000e-01 1.682600e-01
1.000000e+00 2.070500e-01
1.100000e+00 2.494800e-01
1.200000e+00 2.953100e-01
1.300000e+00 3.443100e-01
1.400000e+00 3.961400e-01
1.500000e+00 4.503900e-01
1.600000e+00 5.066300e-01
1.700000e+00 5.643400e-01
1.800000e+00 6.229900e-01
1.900000e+00 6.820100e-01
2.000000e+00 7.408200e-01
2.100000e+00 7.989300e-01
2.200000e+00 8.557200e-01
2.300000e+00 9.104400e-01
2.400000e+00 9.624800e-01
2.500000e+00 1.011300e+00
2.600000e+00 1.056200e+00
2.700000e+00 1.096800e+00
2.800000e+00 1.132600e+00
2.900000e+00 1.163200e+00
3.000000e+00 1.188200e+00
3.100000e+00 1.207300e+00
3.200000e+00 1.220200e+00
3.300000e+00 1.226800e+00
3.400000e+00 1.227000e+00
3.500000e+00 1.220800e+00
3.600000e+00 1.208200e+00
3.700000e+00 1.189400e+00
3.800000e+00 1.164500e+00
3.900000e+00 1.133800e+00
4.000000e+00 1.097500e+00
4.100000e+00 1.055900e+00
4.200000e+00 1.009400e+00
4.300000e+00 9.584900e-01
4.400000e+00 9.034800e-01
4.500000e+00 8.449100e-01
4.600000e+00 7.832900e-01
4.700000e+00 7.191100e-01
4.800000e+00 6.529300e-01
4.900000e+00 5.852800e-01
5.000000e+00 5.167100e-01
5.100000e+00 4.477900e-01
5.200000e+00 3.790800e-01
5.300000e+00 3.111300e-01
5.400000e+00 2.445000e-01
5.500000e+00 1.797300e-01
5.600000e+00 1.173500e-01
5.700000e+00 5.786700e-02
5.800000e+00 1.759300e-03
5.900000e+00 -5.052100e-02
6.000000e+00 -9.857000e-02
6.100000e+00 -1.420000e-01
6.200000e+00 -1.804800e-01
6.300000e+00 -2.137200e-01
6.400000e+00 -2.415100e-01
6.500000e+00 -2.636600e-01
6.600000e+00 -2.800500e-01
6.700000e+00 -2.906300e-01
6.800000e+00 -2.954000e-01
6.900000e+00 -2.944300e-01
7.000000e+00 -2.878500e-01
7.100000e+00 -2.758200e-01
7.200000e+00 -2.586000e-01
7.300000e+00 -2.364700e-01
7.400000e+00 -2.097700e-01
7.500000e+00 -1.788600e-01
7.600000e+00 -1.441400e-01
7.700000e+00 -1.060700e-01
7.800000e+00 -6.509100e-02
7.900000e+00 -2.170200e-02
8.000000e+00 2.360200e-02
8.100000e+00 7.030800e-02
8.200000e+00 1.179000e-01
8.300000e+00 1.658600e-01
8.400000e+00 2.136900e-01
8.500000e+00 2.608500e-01
8.600000e+00 3.068800e-01
8.700000e+00 3.512900e-01
8.800000e+00 3.936200e-01
8.900000e+00 4.334500e-01
9.000000e+00 4.703700e-01
9.100000e+00 5.040000e-01
9.200000e+00 5.340400e-01
9.300000e+00 5.601700e-01
9.400000e+00 5.821600e-01
9.500000e+00 5.998000e-01
9.600000e+00 6.129300e-01
9.700000e+00 6.214400e-01
9.800000e+00 6.252500e-01
9.900000e+00 6.243400e-01
1.000000e+01 6.187200e-01
1.010000e+01 6.084400e-01
1.020000e+01 5.935900e-01
1.030000e+01 5.742800e-01
1.040000e+01 5.506700e-01
1.050000e+01 5.229100e-01
1.060000e+01 4.912000e-01
1.070000e+01 4.557500e-01
1.080000e+01 4.167800e-01
1.090000e+01 3.745000e-01
1.100000e+01 3.291800e-01
1.110000e+01 2.810600e-01
1.120000e+01 2.304200e-01
1.130000e+01 1.775500e-01
1.140000e+01 1.227400e-01
1.150000e+01 6.631200e-02
1.160000e+01 8.603200e-03
1.170000e+01 -5.004200e-02
1.180000e+01 -1.092400e-01
1.190000e+01 -1.686000e-01
1.200000e+01 -2.277000e-01
1.210000e+01 -2.861300e-01
1.220000e+01 -3.434100e-01
1.230000e+01 -3.991100e-01
1.240000e+01 -4.527300e-01
1.250000e+01 -5.038200e-01
1.260000e+01 -5.519300e-01
1.270000e+01 -5.966000e-01
1.280000e+01 -6.374100e-01
1.290000e+01 -6.739800e-01
1.300000e+01 -7.059600e-01
1.310000e+01 -7.330600e-01
1.320000e+01 -7.550600e-01
1.330000e+01 -7.717800e-01
1.340000e+01 -7.831300e-01
1.350000e+01 -7.890500e-01
1.360000e+01 -7.896200e-01
1.370000e+01 -7.849000e-01
1.380000e+01 -7.751000e-01
1.390000e+01 -7.604200e-01
1.400000e+01 -7.411600e-01
1.410000e+01 -7.176400e-01
1.420000e+01 -6.902000e-01
1.430000e+01 -6.592600e-01
1.440000e+01 -6.252200e-01
1.450000e+01 -5.885000e-01
1.460000e+01 -5.495300e-01
1.470000e+01 -5.087600e-01
1.480000e+01 -4.666400e-01
1.490000e+01 -4.235800e-01
1.500000e+01 -3.800400e-01
1.510000e+01 -3.364500e-01
1.520000e+01 -2.932300e-01
1.530000e+01 -2.508000e-01
1.540000e+01 -2.095800e-01
1.550000e+01 -1.699900e-01
1.560000e+01 -1.324100e-01
1.570000e+01 -9.724300e-02
1.580000e+01 -6.485900e-02
1.590000e+01 -3.561600e-02
1.600000e+01 -9.838400e-03
1.610000e+01 1.216800e-02
1.620000e+01 3.013700e-02
1.630000e+01 4.378100e-02
1.640000e+01 5.291900e-02
1.650000e+01 5.741600e-02
1.660000e+01 5.718600e-02
1.670000e+01 5.219100e-02
1.680000e+01 4.244100e-02
1.690000e+01 2.799600e-02
1.700000e+01 8.959700e-03
1.710000e+01 -1.452100e-02
1.720000e+01 -4.226200e-02
1.730000e+01 -7.404000e-02
1.740000e+01 -1.096000e-01
1.750000e+01 -1.486400e-01
1.760000e+01 -1.908500e-01
1.770000e+01 -2.358800e-01
1.780000e+01 -2.833700e-01
1.790000e+01 -3.329300e-01
1.800000e+01 -3.841500e-01
1.810000e+01 -4.366000e-01
1.820000e+01 -4.898400e-01
1.830000e+01 -5.434300e-01
1.840000e+01 -5.969000e-01
1.850000e+01 -6.497900e-01
1.860000e+01 -7.016500e-01
1.870000e+01 -7.520200e-01
1.880000e+01 -8.004600e-01
1.890000e+01 -8.465600e-01
1.900000e+01 -8.899000e-01
1.910000e+01 -9.301300e-01
1.920000e+01 -9.669100e-01
1.930000e+01 -9.999200e-01
1.940000e+01 -1.028900e+00
1.950000e+01 -1.053700e+00
1.960000e+01 -1.074000e+00
1.970000e+01 -1.089800e+00
1.980000e+01 -1.100900e+00
1.990000e+01 -1.107300e+00
2.000000e+01 -1.109100e+00
2.010000e+01 -1.106200e+00
2.020000e+01 -1.098800e+00
2.030000e+01 -1.086900e+00
2.040000e+01 -1.070900e+00
2.050000e+01 -1.050700e+00
2.060000e+01 -1.026800e+00
2.070000e+01 -9.993600e-01
2.080000e+01 -9.686700e-01
2.090000e+01 -9.350800e-01
2.100000e+01 -8.989000e-01
2.110000e+01 -8.604800e-01
2.120000e+01 -8.201600e-01
2.130000e+01 -7.783000e-01
2.140000e+01 -7.352600e-01
2.150000e+01 -6.913700e-01
2.160000e+01 -6.470000e-01
2.170000e+01 -6.025000e-01
2.180000e+01 -5.582100e-01
2.190000e+01 -5.144600e-01
2.200000e+01 -4.716100e-01
2.210000e+01 -4.299900e-01
2.220000e+01 -3.899200e-01
2.230000e+01 -3.517400e-01
2.240000e+01 -3.157600e-01
2.250000e+01 -2.823000e-01
2.260000e+01 -2.516600e-01
2.270000e+01 -2.240900e-01
2.280000e+01 -1.998800e-01
2.290000e+01 -1.792700e-01
2.300000e+01 -1.624700e-01
2.310000e+01 -1.496800e-01
2.320000e+01 -1.410500e-01
2.330000e+01 -1.367000e-01
2.340000e+01 -1.367100e-01
2.350000e+01 -1.411000e-01
2.360000e+01 -1.498600e-01
2.370000e+01 -1.629200e-01
2.380000e+01 -1.801600e-01
2.390000e+01 -2.014300e-01
2.400000e+01 -2.265000e-01
2.410000e+01 -2.551300e-01
2.420000e+01 -2.869900e-01
2.430000e+01 -3.217500e-01
2.440000e+01 -3.590400e-01
2.450000e+01 -3.984400e-01
2.460000e+01 -4.395500e-01
2.470000e+01 -4.819000e-01
2.480000e+01 -5.250500e-01
2.490000e+01 -5.685500e-01
2.500000e+01 -6.119500e-01
2.510000e+01 -6.547900e-01
2.520000e+01 -6.966400e-01
2.530000e+01 -7.371000e-01
2.540000e+01 -7.757700e-01
2.550000e+01 -8.122600e-01
2.560000e+01 -8.462600e-01
2.570000e+01 -8.774300e-01
2.580000e+01 -9.055100e-01
2.590000e+01 -9.302300e-01
2.600000e+01 -9.513900e-01
2.610000e+01 -9.687900e-01
2.620000e+01 -9.822800e-01
2.630000e+01 -9.917400e-01
2.640000e+01 -9.970800e-01
2.650000e+01 -9.982400e-01
2.660000e+01 -9.951900e-01
2.670000e+01 -9.879300e-01
2.680000e+01 -9.764900e-01
2.690000e+01 -9.609300e-01
2.700000e+01 -9.413200e-01
2.710000e+01 -9.178100e-01
2.720000e+01 -8.905300e-01
2.730000e+01 -8.596900e-01
2.740000e+01 -8.254800e-01
2.750000e+01 -7.881500e-01
2.760000e+01 -7.479700e-01
2.770000e+01 -7.052400e-01
2.780000e+01 -6.602700e-01
2.790000e+01 -6.134300e-01
2.800000e+01 -5.650600e-01
2.810000e+01 -5.155500e-01
2.820000e+01 -4.652900e-01
2.830000e+01 -4.146800e-01
2.840000e+01 -3.641200e-01
2.850000e+01 -3.140300e-01
2.860000e+01 -2.647900e-01
2.870000e+01 -2.168000e-01
2.880000e+01 -1.704400e-01
2.890000e+01 -1.260900e-01
2.900000e+01 -8.406500e-02
2.910000e+01 -4.470400e-02
2.920000e+01 -8.304800e-03
2.930000e+01 2.486400e-02
2.940000e+01 5.456800e-02
2.950000e+01 8.060600e-02
2.960000e+01 1.028100e-01
2.970000e+01 1.210500e-01
2.980000e+01 1.352100e-01
2.990000e+01 1.452500e-01
3.000000e+01 1.511400e-01
3.010000e+01 1.529000e-01
3.020000e+01 1.505900e-01
3.030000e+01 1.443200e-01
3.040000e+01 1.342200e-01
3.050000e+01 1.204600e-01
3.060000e+01 1.032700e-01
3.070000e+01 8.289900e-02
3.080000e+01 5.962600e-02
3.090000e+01 3.375200e-02
3.100000e+01 5.601600e-03
3.110000e+01 -2.447100e-02
3.120000e+01 -5.610600e-02
3.130000e+01 -8.893700e-02
3.140000e+01 -1.225900e-01
3.150000e+01 -1.566800e-01
3.160000e+01 -1.908400e-01
3.170000e+01 -2.247100e-01
3.180000e+01 -2.579300e-01
3.190000e+01 -2.901500e-01
3.200000e+01 -3.210600e-01
3.210000e+01 -3.503200e-01
3.220000e+01 -3.776500e-01
3.230000e+01 -4.027700e-01
3.240000e+01 -4.254100e-01
3.250000e+01 -4.453400e-01
3.260000e+01 -4.623100e-01
3.270000e+01 -4.761400e-01
3.280000e+01 -4.866500e-01
3.290000e+01 -4.936700e-01
3.300000e+01 -4.971000e-01
3.310000e+01 -4.968200e-01
3.320000e+01 -4.927600e-01
3.330000e+01 -4.848800e-01
3.340000e+01 -4.731600e-01
3.350000e+01 -4.576200e-01
3.360000e+01 -4.383100e-01
3.370000e+01 -4.153100e-01
3.380000e+01 -3.887400e-01
3.390000e+01 -3.587400e-01
3.400000e+01 -3.254900e-01
3.410000e+01 -2.892200e-01
3.420000e+01 -2.501600e-01
3.430000e+01 -2.085600e-01
3.440000e+01 -1.647200e-01
3.450000e+01 -1.189500e-01
3.460000e+01 -7.159600e-02
3.470000e+01 -2.299600e-02
3.480000e+01 2.647800e-02
3.490000e+01 7.644400e-02
3.500000e+01 1.265100e-01
3.510000e+01 1.762900e-01
3.520000e+01 2.253700e-01
3.530000e+01 2.733600e-01
3.540000e+01 3.198700e-01
3.550000e+01 3.645400e-01
3.560000e+01 4.070000e-01
3.570000e+01 4.469300e-01
3.580000e+01 4.840200e-01
3.590000e+01 5.180200e-01
3.600000e+01 5.486800e-01
3.610000e+01 5.758200e-01
3.620000e+01 5.992800e-01
3.630000e+01 6.189700e-01
3.640000e+01 6.348000e-01
3.650000e+01 6.467700e-01
3.660000e+01 6.548800e-01
3.670000e+01 6.591700e-01
3.680000e+01 6.597400e-01
3.690000e+01 6.566800e-01
3.700000e+01 6.501500e-01
3.710000e+01 6.402900e-01
3.720000e+01 6.272800e-01
3.730000e+01 6.113200e-01
3.740000e+01 5.926300e-01
3.750000e+01 5.714200e-01
3.760000e+01 5.479500e-01
3.770000e+01 5.224700e-01
3.780000e+01 4.952500e-01
3.790000e+01 4.665600e-01
3.800000e+01 4.367000e-01
3.810000e+01 4.059700e-01
3.820000e+01 3.746700e-01
3.830000e+01 3.431300e-01
3.840000e+01 3.116500e-01
3.850000e+01 2.805700e-01
3.860000e+01 2.502100e-01
3.870000e+01 2.209000e-01
3.880000e+01 1.929400e-01
3.890000e+01 1.666700e-01
3.900000e+01 1.423900e-01
3.910000e+01 1.203700e-01
3.920000e+01 1.009000e-01
3.930000e+01 8.422300e-02
3.940000e+01 7.057300e-02
3.950000e+01 6.014800e-02
3.960000e+01 5.311400e-02
3.970000e+01 4.959900e-02
3.980000e+01 4.969200e-02
3.990000e+01 5.344400e-02
4.000000e+01 6.086700e-02
4.010000e+01 7.193200e-02
4.020000e+01 8.657300e-02
4.030000e+01 1.046800e-01
4.040000e+01 1.261200e-01
4.050000e+01 1.507000e-01
4.060000e+01 1.782200e-01
4.070000e+01 2.084500e-01
4.080000e+01 2.411500e-01
4.090000e+01 2.760600e-01
4.100000e+01 3.128700e-01
4.110000e+01 3.512900e-01
4.120000e+01 3.910200e-01
4.130000e+01 4.317400e-01
4.140000e+01 4.731200e-01
4.150000e+01 5.148300e-01
4.160000e+01 5.565600e-01
4.170000e+01 5.979600e-01
4.180000e+01 6.387000e-01
4.190000e+01 6.784700e-01
4.200000e+01 7.169500e-01
4.210000e+01 7.538400e-01
4.220000e+01 7.888400e-01
4.230000e+01 8.216800e-01
4.240000e+01 8.521100e-01
4.250000e+01 8.799000e-01
4.260000e+01 9.048500e-01
4.270000e+01 9.267700e-01
4.280000e+01 9.455200e-01
4.290000e+01 9.609600e-01
4.300000e+01 9.730000e-01
4.310000e+01 9.815800e-01
4.320000e+01 9.866700e-01
4.330000e+01 9.882600e-01
4.340000e+01 9.864000e-01
4.350000e+01 9.811300e-01
4.360000e+01 9.725500e-01
4.370000e+01 9.607500e-01
4.380000e+01 9.458800e-01
4.390000e+01 9.280800e-01
4.400000e+01 9.075300e-01
4.410000e+01 8.844100e-01
4.420000e+01 8.589200e-01
4.430000e+01 8.313000e-01
4.440000e+01 8.017900e-01
4.450000e+01 7.706200e-01
4.460000e+01 7.380700e-01
4.470000e+01 7.044300e-01
4.480000e+01 6.699700e-01
4.490000e+01 6.350200e-01
4.500000e+01 5.998700e-01
4.510000e+01 5.648600e-01
4.520000e+01 5.303100e-01
4.530000e+01 4.965400e-01
4.540000e+01 4.638900e-01
4.550000e+01 4.326700e-01
4.560000e+01 4.031800e-01
4.570000e+01 3.757300e-01
4.580000e+01 3.505800e-01
4.590000e+01 3.279800e-01
4.600000e+01 3.081500e-01
4.610000e+01 2.912800e-01
4.620000e+01 2.775100e-01
4.630000e+01 2.669600e-01
4.640000e+01 2.597200e-01
4.650000e+01 2.558200e-01
4.660000e+01 2.552700e-01
4.670000e+01 2.580500e-01
4.680000e+01 2.640800e-01
4.690000e+01 2.732700e-01
4.700000e+01 2.854900e-01
4.710000e+01 3.005700e-01
4.720000e+01 3.183400e-01
4.730000e+01 3.385600e-01
4.740000e+01 3.610300e-01
4.750000e+01 3.854700e-01
4.760000e+01 4.116500e-01
4.770000e+01 4.392700e-01
4.780000e+01 4.680600e-01
4.790000e+01 4.977400e-01
4.800000e+01 5.280100e-01
4.810000e+01 5.586000e-01
4.820000e+01 5.892100e-01
4.830000e+01 6.195700e-01
4.840000e+01 6.494000e-01
4.850000e+01 6.784300e-01
4.860000e+01 7.064100e-01
4.870000e+01 7.330800e-01
4.880000e+01 7.582200e-01
4.890000e+01 7.815900e-01
4.900000e+01 8.029600e-01
4.910000e+01 8.221500e-01
4.920000e+01 8.389600e-01
4.930000e+01 8.532300e-01
4.940000e+01 8.648000e-01
4.950000e+01 8.735200e-01
4.960000e+01 8.792500e-01
4.970000e+01 8.819100e-01
4.980000e+01 8.813900e-01
4.990000e+01 8.776400e-01
5.000000e+01 8.706400e-01
5.010000e+01 8.603800e-01
5.020000e+01 8.469000e-01
5.030000e+01 8.302600e-01
5.040000e+01 8.105600e-01
5.050000e+01 7.879100e-01
5.060000e+01 7.624700e-01
5.070000e+01 7.344200e-01
5.080000e+01 7.039700e-01
5.090000e+01 6.713900e-01
5.100000e+01 6.369100e-01
5.110000e+01 6.008300e-01
5.120000e+01 5.634300e-01
5.130000e+01 5.250100e-01
5.140000e+01 4.858900e-01
5.150000e+01 4.463800e-01
5.160000e+01 4.067800e-01
5.170000e+01 3.674100e-01
5.180000e+01 3.285600e-01
5.190000e+01 2.905300e-01
5.200000e+01 2.536000e-01
5.210000e+01 2.180400e-01
5.220000e+01 1.841000e-01
5.230000e+01 1.520300e-01
5.240000e+01 1.220400e-01
5.250000e+01 9.434700e-02
5.260000e+01 6.911900e-02
5.270000e+01 4.651600e-02
5.280000e+01 2.667200e-02
5.290000e+01 9.693800e-03
5.300000e+01 -4.338400e-03
5.310000e+01 -1.537400e-02
5.320000e+01 -2.339000e-02
5.330000e+01 -2.838900e-02
5.340000e+01 -3.040300e-02
5.350000e+01 -2.949100e-02
5.360000e+01 -2.574000e-02
5.370000e+01 -1.926200e-02
5.380000e+01 -1.019300e-02
5.390000e+01 1.303600e-03
5.400000e+01 1.504600e-02
5.410000e+01 3.084100e-02
5.420000e+01 4.847800e-02
5.430000e+01 6.772600e-02
5.440000e+01 8.834400e-02
5.450000e+01 1.100800e-01
5.460000e+01 1.326800e-01
5.470000e+01 1.558800e-01
5.480000e+01 1.794000e-01
5.490000e+01 2.029700e-01
5.500000e+01 2.263200e-01
5.510000e+01 2.491800e-01
5.520000e+01 2.712900e-01
5.530000e+01 2.923800e-01
5.540000e+01 3.122100e-01
5.550000e+01 3.305200e-01
5.560000e+01 3.471000e-01
5.570000e+01 3.617300e-01
5.580000e+01 3.742100e-01
5.590000e+01 3.843400e-01
5.600000e+01 3.919800e-01
5.610000e+01 3.969600e-01
5.620000e+01 3.991700e-01
5.630000e+01 3.985100e-01
5.640000e+01 3.948900e-01
5.650000e+01 3.882600e-01
5.660000e+01 3.786000e-01
5.670000e+01 3.659100e-01
5.680000e+01 3.502200e-01
5.690000e+01 3.315900e-01
5.700000e+01 3.101200e-01
5.710000e+01 2.859300e-01
5.720000e+01 2.591600e-01
5.730000e+01 2.300000e-01
5.740000e+01 1.986500e-01
5.750000e+01 1.653600e-01
5.760000e+01 1.303600e-01
5.770000e+01 9.391100e-02
5.780000e+01 5.629600e-02
5.790000e+01 1.779500e-02
5.800000e+01 -2.130700e-02
5.810000e+01 -6.072200e-02
5.820000e+01 -1.001700e-01
5.830000e+01 -1.393600e-01
5.840000e+01 -1.780300e-01
5.850000e+01 -2.159100e-01
5.860000e+01 -2.527500e-01
5.870000e+01 -2.883200e-01
5.880000e+01 -3.223900e-01
5.890000e+01 -3.547500e-01
5.900000e+01 -3.852000e-01
5.910000e+01 -4.135600e-01
5.920000e+01 -4.396800e-01
5.930000e+01 -4.634100e-01
5.940000e+01 -4.846400e-01
5.950000e+01 -5.032700e-01
5.960000e+01 -5.192100e-01
5.970000e+01 -5.324000e-01
5.980000e+01 -5.428000e-01
5.990000e+01 -5.503800e-01
6.000000e+01 -5.551500e-01
6.010000e+01 -5.571200e-01
6.020000e+01 -5.563300e-01
6.030000e+01 -5.528600e-01
6.040000e+01 -5.467800e-01
6.050000e+01 -5.382000e-01
6.060000e+01 -5.272600e-01
6.070000e+01 -5.141100e-01
6.080000e+01 -4.989300e-01
6.090000e+01 -4.818900e-01
6.100000e+01 -4.632200e-01
6.110000e+01 -4.431400e-01
6.120000e+01 -4.218800e-01
6.130000e+01 -3.997100e-01
6.140000e+01 -3.768900e-01
6.150000e+01 -3.536800e-01
6.160000e+01 -3.303700e-01
6.170000e+01 -3.072300e-01
6.180000e+01 -2.845600e-01
6.190000e+01 -2.626100e-01
6.200000e+01 -2.416700e-01
6.210000e+01 -2.219900e-01
6.220000e+01 -2.038100e-01
6.230000e+01 -1.873800e-01
6.240000e+01 -1.728900e-01
6.250000e+01 -1.605500e-01
6.260000e+01 -1.505300e-01
6.270000e+01 -1.429600e-01
6.280000e+01 -1.379700e-01
6.290000e+01 -1.356500e-01
6.300000e+01 -1.360500e-01
6.310000e+01 -1.392000e-01
6.320000e+01 -1.451100e-01
6.330000e+01 -1.537400e-01
6.340000e+01 -1.650500e-01
6.350000e+01 -1.789600e-01
6.360000e+01 -1.953700e-01
6.370000e+01 -2.141600e-01
6.380000e+01 -2.352000e-01
6.390000e+01 -2.583200e-01
6.400000e+01 -2.833700e-01
6.410000e+01 -3.101600e-01
6.420000e+01 -3.385200e-01
6.430000e+01 -3.682400e-01
6.440000e+01 -3.991100e-01
6.450000e+01 -4.309100e-01
6.460000e+01 -4.634000e-01
6.470000e+01 -4.963500e-01
6.480000e+01 -5.295200e-01
6.490000e+01 -5.626600e-01
6.500000e+01 -5.955200e-01
6.510000e+01 -6.278600e-01
6.520000e+01 -6.594400e-01
6.530000e+01 -6.900100e-01
6.540000e+01 -7.193300e-01
6.550000e+01 -7.472000e-01
6.560000e+01 -7.733900e-01
6.570000e+01 -7.977100e-01
6.580000e+01 -8.199800e-01
6.590000e+01 -8.400200e-01
6.600000e+01 -8.577000e-01
6.610000e+01 -8.729100e-01
6.620000e+01 -8.855300e-01
6.630000e+01 -8.954900e-01
6.640000e+01 -9.027400e-01
6.650000e+01 -9.072400e-01
6.660000e+01 -9.089800e-01
6.670000e+01 -9.079700e-01
6.680000e+01 -9.042500e-01
6.690000e+01 -8.978600e-01
6.700000e+01 -8.888900e-01
6.710000e+01 -8.774300e-01
6.720000e+01 -8.635800e-01
6.730000e+01 -8.475200e-01
6.740000e+01 -8.293800e-01
6.750000e+01 -8.093500e-01
6.760000e+01 -7.876000e-01
6.770000e+01 -7.643600e-01
6.780000e+01 -7.398400e-01
6.790000e+01 -7.142700e-01
6.800000e+01 -6.879000e-01
6.810000e+01 -6.609900e-01
6.820000e+01 -6.337800e-01
6.830000e+01 -6.065400e-01
6.840000e+01 -5.795300e-01
6.850000e+01 -5.530100e-01
6.860000e+01 -5.272200e-01
6.870000e+01 -5.024100e-01
6.880000e+01 -4.788100e-01
6.890000e+01 -4.566300e-01
6.900000e+01 -4.360700e-01
6.910000e+01 -4.173200e-01
6.920000e+01 -4.005300e-01
6.930000e+01 -3.858600e-01
6.940000e+01 -3.734000e-01
6.950000e+01 -3.632500e-01
6.960000e+01 -3.554700e-01
6.970000e+01 -3.501100e-01
6.980000e+01 -3.471900e-01
6.990000e+01 -3.467000e-01
7.000000e+01 -3.486200e-01
7.010000e+01 -3.529000e-01
7.020000e+01 -3.594700e-01
7.030000e+01 -3.682500e-01
7.040000e+01 -3.791300e-01
7.050000e+01 -3.920000e-01
7.060000e+01 -4.067000e-01
7.070000e+01 -4.231100e-01
7.080000e+01 -4.410500e-01
7.090000e+01 -4.603600e-01
7.100000e+01 -4.808700e-01
7.110000e+01 -5.023800e-01
7.120000e+01 -5.247000e-01
7.130000e+01 -5.476300e-01
7.140000e+01 -5.709600e-01
7.150000e+01 -5.944600e-01
7.160000e+01 -6.179300e-01
7.170000e+01 -6.411300e-01
7.180000e+01 -6.638300e-01
7.190000e+01 -6.858000e-01
7.200000e+01 -7.068200e-01
7.210000e+01 -7.266600e-01
7.220000e+01 -7.451000e-01
7.230000e+01 -7.619300e-01
7.240000e+01 -7.769500e-01
7.250000e+01 -7.899900e-01
7.260000e+01 -8.008800e-01
7.270000e+01 -8.094900e-01
7.280000e+01 -8.156900e-01
7.290000e+01 -8.193900e-01
7.300000e+01 -8.205100e-01
7.310000e+01 -8.190200e-01
7.320000e+01 -8.148900e-01
7.330000e+01 -8.081300e-01
7.340000e+01 -7.987800e-01
7.350000e+01 -7.869000e-01
7.360000e+01 -7.725600e-01
7.370000e+01 -7.558700e-01
7.380000e+01 -7.369500e-01
7.390000e+01 -7.159500e-01
7.400000e+01 -6.930100e-01
7.410000e+01 -6.683200e-01
7.420000e+01 -6.420600e-01
7.430000e+01 -6.144300e-01
7.440000e+01 -5.856300e-01
7.450000e+01 -5.558800e-01
7.460000e+01 -5.254000e-01
7.470000e+01 -4.944000e-01
7.480000e+01 -4.631300e-01
7.490000e+01 -4.317900e-01
7.500000e+01 -4.006000e-01
7.510000e+01 -3.697900e-01
7.520000e+01 -3.395500e-01
7.530000e+01 -3.101000e-01
7.540000e+01 -2.816200e-01
7.550000e+01 -2.542900e-01
7.560000e+01 -2.282800e-01
7.570000e+01 -2.037500e-01
7.580000e+01 -1.808500e-01
7.590000e+01 -1.597200e-01
7.600000e+01 -1.404800e-01
7.610000e+01 -1.232400e-01
7.620000e+01 -1.080800e-01
7.630000e+01 -9.507800e-02
7.640000e+01 -8.428000e-02
7.650000e+01 -7.572100e-02
7.660000e+01 -6.942200e-02
7.670000e+01 -6.537700e-02
7.680000e+01 -6.356700e-02
7.690000e+01 -6.394200e-02
7.700000e+01 -6.643600e-02
7.710000e+01 -7.095200e-02
7.720000e+01 -7.738200e-02
7.730000e+01 -8.559900e-02
7.740000e+01 -9.546500e-02
7.750000e+01 -1.068200e-01
7.760000e+01 -1.195100e-01
7.770000e+01 -1.333300e-01
7.780000e+01 -1.480900e-01
7.790000e+01 -1.635900e-01
7.800000e+01 -1.796300e-01
7.810000e+01 -1.959900e-01
7.820000e+01 -2.124500e-01
7.830000e+01 -2.288000e-01
7.840000e+01 -2.448100e-01
7.850000e+01 -2.602800e-01
7.860000e+01 -2.750000e-01
7.870000e+01 -2.887600e-01
7.880000e+01 -3.013600e-01
7.890000e+01 -3.126300e-01
7.900000e+01 -3.223800e-01
7.910000e+01 -3.304500e-01
7.920000e+01 -3.367100e-01
7.930000e+01 -3.410000e-01
7.940000e+01 -3.432200e-01
7.950000e+01 -3.432800e-01
7.960000e+01 -3.410900e-01
7.970000e+01 -3.366200e-01
7.980000e+01 -3.298100e-01
7.990000e+01 -3.206700e-01
8.000000e+01 -3.092200e-01
8.010000e+01 -2.954900e-01
8.020000e+01 -2.795400e-01
8.030000e+01 -2.614700e-01
8.040000e+01 -2.413800e-01
8.050000e+01 -2.193900e-01
8.060000e+01 -1.956400e-01
8.070000e+01 -1.702900e-01
8.080000e+01 -1.435100e-01
8.090000e+01 -1.154700e-01
8.100000e+01 -8.635900e-02
8.110000e+01 -5.636400e-02
8.120000e+01 -2.568200e-02
8.130000e+01 5.494900e-03
8.140000e+01 3.696900e-02
8.150000e+01 6.854900e-02
8.160000e+01 1.000400e-01
8.170000e+01 1.312600e-01
8.180000e+01 1.620100e-01
8.190000e+01 1.921100e-01
8.200000e+01 2.213900e-01
8.210000e+01 2.496600e-01
8.220000e+01 2.767700e-01
8.230000e+01 3.025500e-01
8.240000e+01 3.268500e-01
8.250000e+01 3.495300e-01
8.260000e+01 3.704500e-01
8.270000e+01 3.894900e-01
8.280000e+01 4.065600e-01
8.290000e+01 4.215500e-01
8.300000e+01 4.343900e-01
8.310000e+01 4.450400e-01
8.320000e+01 4.534600e-01
8.330000e+01 4.596400e-01
8.340000e+01 4.635900e-01
8.350000e+01 4.653400e-01
8.360000e+01 4.649400e-01
8.370000e+01 4.624800e-01
8.380000e+01 4.580400e-01
8.390000e+01 4.517400e-01
8.400000e+01 4.437100e-01
8.410000e+01 4.341000e-01
8.420000e+01 4.230700e-01
8.430000e+01 4.108100e-01
8.440000e+01 3.975000e-01
8.450000e+01 3.833500e-01
8.460000e+01 3.685500e-01
8.470000e+01 3.533200e-01
8.480000e+01 3.378700e-01
8.490000e+01 3.224000e-01
8.500000e+01 3.071300e-01
8.510000e+01 2.922500e-01
8.520000e+01 2.779500e-01
8.530000e+01 2.644200e-01
8.540000e+01 2.518400e-01
8.550000e+01 2.403700e-01
8.560000e+01 2.301600e-01
8.570000e+01 2.213400e-01
8.580000e+01 2.140300e-01
8.590000e+01 2.083400e-01
8.600000e+01 2.043800e-01
8.610000e+01 2.022100e-01
8.620000e+01 2.019200e-01
8.630000e+01 2.035400e-01
8.640000e+01 2.071200e-01
8.650000e+01 2.126600e-01
8.660000e+01 2.201700e-01
8.670000e+01 2.296300e-01
8.680000e+01 2.410000e-01
8.690000e+01 2.542400e-01
8.700000e+01 2.692800e-01
8.710000e+01 2.860200e-01
8.720000e+01 3.043800e-01
8.730000e+01 3.242500e-01
8.740000e+01 3.455000e-01
8.750000e+01 3.679900e-01
8.760000e+01 3.915700e-01
8.770000e+01 4.160800e-01
8.780000e+01 4.413400e-01
8.790000e+01 4.671700e-01
8.800000e+01 4.933900e-01
8.810000e+01 5.198100e-01
8.820000e+01 5.462400e-01
8.830000e+01 5.724800e-01
8.840000e+01 5.983400e-01
8.850000e+01 6.236300e-01
8.860000e+01 6.481700e-01
8.870000e+01 6.717700e-01
8.880000e+01 6.942500e-01
8.890000e+01 7.154500e-01
8.900000e+01 7.352200e-01
8.910000e+01 7.534000e-01
8.920000e+01 7.698800e-01
8.930000e+01 7.845200e-01
8.940000e+01 7.972300e-01
8.950000e+01 8.079200e-01
8.960000e+01 8.165200e-01
8.970000e+01 8.230000e-01
8.980000e+01 8.273100e-01
8.990000e+01 8.294700e-01
9.000000e+01 8.294600e-01
9.010000e+01 8.273400e-01
9.020000e+01 8.231500e-01
9.030000e+01 8.169600e-01
9.040000e+01 8.088500e-01
9.050000e+01 7.989200e-01
9.060000e+01 7.873000e-01
9.070000e+01 7.741100e-01
9.080000e+01 7.594900e-01
9.090000e+01 7.435900e-01
9.100000e+01 7.265800e-01
9.110000e+01 7.086300e-01
9.120000e+01 6.899100e-01
9.130000e+01 6.706100e-01
9.140000e+01 6.509100e-01
9.150000e+01 6.310000e-01
9.160000e+01 6.110700e-01
9.170000e+01 5.913200e-01
9.180000e+01 5.719100e-01
9.190000e+01 5.530400e-01
9.200000e+01 5.348700e-01
9.210000e+01 5.175600e-01
9.220000e+01 5.012600e-01
9.230000e+01 4.861100e-01
9.240000e+01 4.722400e-01
9.250000e+01 4.597600e-01
9.260000e+01 4.487600e-01
9.270000e+01 4.393300e-01
9.280000e+01 4.315300e-01
9.290000e+01 4.254400e-01
9.300000e+01 4.210700e-01
9.310000e+01 4.184700e-01
9.320000e+01 4.176500e-01
9.330000e+01 4.186000e-01
9.340000e+01 4.213100e-01
9.350000e+01 4.257500e-01
9.360000e+01 4.318700e-01
9.370000e+01 4.396200e-01
9.380000e+01 4.489300e-01
9.390000e+01 4.597100e-01
9.400000e+01 4.718600e-01
9.410000e+01 4.852700e-01
9.420000e+01 4.998100e-01
9.430000e+01 5.153200e-01
9.440000e+01 5.316600e-01
9.450000e+01 5.486600e-01
9.460000e+01 5.661400e-01
9.470000e+01 5.839300e-01
9.480000e+01 6.018200e-01
9.490000e+01 6.196300e-01
9.500000e+01 6.371700e-01
9.510000e+01 6.542400e-01
9.520000e+01 6.706500e-01
9.530000e+01 6.862300e-01
9.540000e+01 7.008100e-01
9.550000e+01 7.142100e-01
9.560000e+01 7.262900e-01
9.570000e+01 7.369200e-01
9.580000e+01 7.459600e-01
9.590000e+01 7.533300e-01
9.600000e+01 7.589400e-01
9.610000e+01 7.627000e-01
9.620000e+01 7.645800e-01
9.630000e+01 7.645200e-01
9.640000e+01 7.625100e-01
9.650000e+01 7.585400e-01
9.660000e+01 7.526300e-01
9.670000e+01 7.448000e-01
9.680000e+01 7.350800e-01
9.690000e+01 7.235400e-01
9.700000e+01 7.102500e-01
9.710000e+01 6.952700e-01
9.720000e+01 6.787000e-01
9.730000e+01 6.606300e-01
9.740000e+01 6.411900e-01
9.750000e+01 6.204900e-01
9.760000e+01 5.986800e-01
9.770000e+01 5.758700e-01
9.780000e+01 5.522400e-01
9.790000e+01 5.279200e-01
9.800000e+01 5.030900e-01
9.810000e+01 4.779000e-01
9.820000e+01 4.525200e-01
9.830000e+01 4.271300e-01
9.840000e+01 4.018900e-01
9.850000e+01 3.769700e-01
9.860000e+01 3.525500e-01
9.870000e+01 3.287800e-01
9.880000e+01 3.058300e-01
9.890000e+01 2.838400e-01
9.900000e+01 2.629500e-01
9.910000e+01 2.433100e-01
9.920000e+01 2.250200e-01
9.930000e+01 2.082000e-01
9.940000e+01 1.929400e-01
9.950000e+01 1.793200e-01
9.960000e+01 1.674100e-01
9.970000e+01 1.572400e-01
9.980000e+01 1.488400e-01
9.990000e+01 1.422300e-01
1.000000e+02 1.373900e-01
1.001000e+02 1.342900e-01
1.002000e+02 1.329000e-01
1.003000e+02 1.331500e-01
1.004000e+02 1.349600e-01
1.005000e+02 1.382500e-01
1.006000e+02 1.429100e-01
1.007000e+02 1.488300e-01
1.008000e+02 1.558800e-01
1.009000e+02 1.639300e-01
1.010000e+02 1.728300e-01
1.011000e+02 1.824300e-01
1.012000e+02 1.925700e-01
1.013000e+02 2.031000e-01
1.014000e+02 2.138500e-01
1.015000e+02 2.246500e-01
1.016000e+02 2.353300e-01
1.017000e+02 2.457300e-01
1.018000e+02 2.556900e-01
1.019000e+02 2.650400e-01
1.020000e+02 2.736400e-01
1.021000e+02 2.813300e-01
1.022000e+02 2.879900e-01
1.023000e+02 2.934900e-01
1.024000e+02 2.977000e-01
1.025000e+02 3.005300e-01
1.026000e+02 3.019000e-01
1.027000e+02 3.017200e-01
1.028000e+02 2.999500e-01
1.029000e+02 2.965300e-01
1.030000e+02 2.914300e-01
1.031000e+02 2.846300e-01
1.032000e+02 2.761200e-01
1.033000e+02 2.659300e-01
1.034000e+02 2.540600e-01
1.035000e+02 2.405600e-01
1.036000e+02 2.254700e-01
1.037000e+02 2.088500e-01
1.038000e+02 1.907700e-01
1.039000e+02 1.713200e-01
1.040000e+02 1.505900e-01
1.041000e+02 1.286800e-01
1.042000e+02 1.057200e-01
1.043000e+02 8.182800e-02
1.044000e+02 5.713200e-02
1.045000e+02 3.177600e-02
1.046000e+02 5.905600e-03
1.047000e+02 -2.032800e-02
1.048000e+02 -4.677200e-02
1.049000e+02 -7.326700e-02
1.050000e+02 -9.965400e-02
1.051000e+02 -1.257700e-01
1.052000e+02 -1.514700e-01
1.053000e+02 -1.765800e-01
1.054000e+02 -2.009600e-01
1.055000e+02 -2.244500e-01
1.056000e+02 -2.469300e-01
1.057000e+02 -2.682400e-01
1.058000e+02 -2.882800e-01
1.059000e+02 -3.069200e-01
1.060000e+02 -3.240800e-01
1.061000e+02 -3.396600e-01
1.062000e+02 -3.536000e-01
1.063000e+02 -3.658400e-01
1.064000e+02 -3.763500e-01
1.065000e+02 -3.851100e-01
1.066000e+02 -3.921100e-01
1.067000e+02 -3.973900e-01
1.068000e+02 -4.009600e-01
1.069000e+02 -4.028800e-01
1.070000e+02 -4.032200e-01
1.071000e+02 -4.020700e-01
1.072000e+02 -3.995100e-01
1.073000e+02 -3.956600e-01
1.074000e+02 -3.906400e-01
1.075000e+02 -3.845600e-01
1.076000e+02 -3.775500e-01
1.077000e+02 -3.697600e-01
1.078000e+02 -3.613100e-01
1.079000e+02 -3.523500e-01
1.080000e+02 -3.430200e-01
1.081000e+02 -3.334600e-01
1.082000e+02 -3.238000e-01
1.083000e+02 -3.141900e-01
1.084000e+02 -3.047500e-01
1.085000e+02 -2.956400e-01
1.086000e+02 -2.869900e-01
1.087000e+02 -2.789100e-01
1.088000e+02 -2.715500e-01
1.089000e+02 -2.650300e-01
1.090000e+02 -2.594500e-01
1.091000e+02 -2.549400e-01
1.092000e+02 -2.515900e-01
1.093000e+02 -2.494900e-01
1.094000e+02 -2.487200e-01
1.095000e+02 -2.493600e-01
1.096000e+02 -2.514500e-01
1.097000e+02 -2.550400e-01
1.098000e+02 -2.601500e-01
1.099000e+02 -2.667900e-01
1.100000e+02 -2.749600e-01
1.101000e+02 -2.846300e-01
1.102000e+02 -2.957700e-01
1.103000e+02 -3.083300e-01
1.104000e+02 -3.222400e-01
1.105000e+02 -3.374300e-01
1.106000e+02 -3.538100e-01
1.107000e+02 -3.712700e-01
1.108000e+02 -3.897100e-01
1.109000e+02 -4.089800e-01
1.110000e+02 -4.289800e-01
1.111000e+02 -4.495600e-01
1.112000e+02 -4.705800e-01
1.113000e+02 -4.919000e-01
1.114000e+02 -5.133500e-01
1.115000e+02 -5.348000e-01
1.116000e+02 -5.560900e-01
1.117000e+02 -5.770800e-01
1.118000e+02 -5.976100e-01
1.119000e+02 -6.175400e-01
1.120000e+02 -6.367400e-01
1.121000e+02 -6.550800e-01
1.122000e+02 -6.724400e-01
1.123000e+02 -6.887000e-01
1.124000e+02 -7.037500e-01
1.125000e+02 -7.175000e-01
1.126000e+02 -7.298700e-01
1.127000e+02 -7.407700e-01
1.128000e+02 -7.501600e-01
1.129000e+02 -7.579800e-01
1.130000e+02 -7.642100e-01
1.131000e+02 -7.688200e-01
1.132000e+02 -7.718100e-01
1.133000e+02 -7.731800e-01
1.134000e+02 -7.729400e-01
1.135000e+02 -7.711400e-01
1.136000e+02 -7.678000e-01
1.137000e+02 -7.630000e-01
1.138000e+02 -7.567900e-01
1.139000e+02 -7.492700e-01
1.140000e+02 -7.405100e-01
1.141000e+02 -7.306300e-01
1.142000e+02 -7.197100e-01
1.143000e+02 -7.078800e-01
1.144000e+02 -6.952600e-01
1.145000e+02 -6.819700e-01
1.146000e+02 -6.681400e-01
1.147000e+02 -6.539100e-01
1.148000e+02 -6.394000e-01
1.149000e+02 -6.247600e-01
1.150000e+02 -6.101200e-01
1.151000e+02 -5.956200e-01
1.152000e+02 -5.813900e-01
1.153000e+02 -5.675500e-01
1.154000e+02 -5.542500e-01
1.155000e+02 -5.415800e-01
1.156000e+02 -5.296800e-01
1.157000e+02 -5.186500e-01
1.158000e+02 -5.086000e-01
1.159000e+02 -4.996100e-01
1.160000e+02 -4.917700e-01
1.161000e+02 -4.851500e-01
1.162000e+02 -4.798100e-01
1.163000e+02 -4.758100e-01
1.164000e+02 -4.731700e-01
1.165000e+02 -4.719300e-01
1.166000e+02 -4.720800e-01
1.167000e+02 -4.736300e-01
1.168000e+02 -4.765400e-01
1.169000e+02 -4.807800e-01
1.170000e+02 -4.863100e-01
1.171000e+02 -4.930400e-01
1.172000e+02 -5.009200e-01
1.173000e+02 -5.098300e-01
1.174000e+02 -5.196800e-01
1.175000e+02 -5.303600e-01
1.176000e+02 -5.417400e-01
1.177000e+02 -5.536900e-01
1.178000e+02 -5.660900e-01
1.179000e+02 -5.787900e-01
1.180000e+02 -5.916500e-01
1.181000e+02 -6.045400e-01
1.182000e+02 -6.173100e-01
1.183000e+02 -6.298300e-01
1.184000e+02 -6.419700e-01
1.185000e+02 -6.535900e-01
1.186000e+02 -6.645800e-01
1.187000e+02 -6.748100e-01
1.188000e+02 -6.841800e-01
1.189000e+02 -6.925800e-01
1.190000e+02 -6.999200e-01
1.191000e+02 -7.061200e-01
1.192000e+02 -7.111000e-01
1.193000e+02 -7.147800e-01
1.194000e+02 -7.171200e-01
1.195000e+02 -7.180600e-01
1.196000e+02 -7.175800e-01
1.197000e+02 -7.156400e-01
1.198000e+02 -7.122200e-01
1.199000e+02 -7.073300e-01
1.200000e+02 -7.009700e-01
1.201000e+02 -6.931500e-01
1.202000e+02 -6.839000e-01
1.203000e+02 -6.732500e-01
1.204000e+02 -6.612500e-01
1.205000e+02 -6.479700e-01
1.206000e+02 -6.334700e-01
1.207000e+02 -6.178400e-01
1.208000e+02 -6.011500e-01
1.209000e+02 -5.835100e-01
1.210000e+02 -5.650300e-01
1.211000e+02 -5.458200e-01
1.212000e+02 -5.260200e-01
1.213000e+02 -5.057400e-01
1.214000e+02 -4.851400e-01
1.215000e+02 -4.643400e-01
1.216000e+02 -4.434900e-01
1.217000e+02 -4.227200e-01
1.218000e+02 -4.021900e-01
1.219000e+02 -3.820100e-01
1.220000e+02 -3.623200e-01
1.221000e+02 -3.432400e-01
1.222000e+02 -3.248900e-01
1.223000e+02 -3.073600e-01
1.224000e+02 -2.907600e-01
1.225000e+02 -2.751700e-01
1.226000e+02 -2.606700e-01
1.227000e+02 -2.473300e-01
1.228000e+02 -2.351900e-01
1.229000e+02 -2.243000e-01
1.230000e+02 -2.146800e-01
1.231000e+02 -2.063600e-01
1.232000e+02 -1.993400e-01
1.233000e+02 -1.936200e-01
1.234000e+02 -1.891900e-01
1.235000e+02 -1.860100e-01
1.236000e+02 -1.840500e-01
1.237000e+02 -1.832600e-01
1.238000e+02 -1.835700e-01
1.239000e+02 -1.849200e-01
1.240000e+02 -1.872300e-01
1.241000e+02 -1.904100e-01
1.242000e+02 -1.943600e-01
1.243000e+02 -1.989800e-01
1.244000e+02 -2.041600e-01
1.245000e+02 -2.097800e-01
1.246000e+02 -2.157300e-01
1.247000e+02 -2.218800e-01
1.248000e+02 -2.281100e-01
1.249000e+02 -2.342900e-01
1.250000e+02 -2.403100e-01
1.251000e+02 -2.460400e-01
1.252000e+02 -2.513600e-01
1.253000e+02 -2.561700e-01
1.254000e+02 -2.603400e-01
1.255000e+02 -2.637900e-01
1.256000e+02 -2.664000e-01
1.257000e+02 -2.680900e-01
1.258000e+02 -2.687700e-01
1.259000e+02 -2.683600e-01
1.260000e+02 -2.668100e-01
1.261000e+02 -2.640400e-01
1.262000e+02 -2.600100e-01
1.263000e+02 -2.546800e-01
1.264000e+02 -2.480300e-01
1.265000e+02 -2.400500e-01
1.266000e+02 -2.307200e-01
1.267000e+02 -2.200500e-01
1.268000e+02 -2.080700e-01
1.269000e+02 -1.948100e-01
1.270000e+02 -1.803100e-01
1.271000e+02 -1.646200e-01
1.272000e+02 -1.478100e-01
1.273000e+02 -1.299700e-01
1.274000e+02 -1.111600e-01
1.275000e+02 -9.149900e-02
1.276000e+02 -7.107100e-02
1.277000e+02 -4.999400e-02
1.278000e+02 -2.838100e-02
1.279000e+02 -6.356000e-03
1.280000e+02 1.595700e-02
1.281000e+02 3.842800e-02
1.282000e+02 6.090400e-02
1.283000e+02 8.327500e-02
1.284000e+02 1.054100e-01
1.285000e+02 1.271900e-01
1.286000e+02 1.484800e-01
1.287000e+02 1.691700e-01
1.288000e+02 1.891600e-01
1.289000e+02 2.083200e-01
1.290000e+02 2.265900e-01
1.291000e+02 2.438700e-01
1.292000e+02 2.600800e-01
1.293000e+02 2.751700e-01
1.294000e+02 2.890800e-01
1.295000e+02 3.017600e-01
1.296000e+02 3.132000e-01
1.297000e+02 3.233600e-01
1.298000e+02 3.322500e-01
1.299000e+02 3.398500e-01
1.300000e+02 3.461900e-01
1.301000e+02 3.512900e-01
1.302000e+02 3.551700e-01
1.303000e+02 3.578800e-01
1.304000e+02 3.594600e-01
1.305000e+02 3.599700e-01
1.306000e+02 3.594700e-01
1.307000e+02 3.580300e-01
1.308000e+02 3.557100e-01
1.309000e+02 3.526100e-01
1.310000e+02 3.488000e-01
1.311000e+02 3.443900e-01
1.312000e+02 3.394700e-01
1.313000e+02 3.341400e-01
1.314000e+02 3.285100e-01
1.315000e+02 3.226900e-01
1.316000e+02 3.168100e-01
1.317000e+02 3.109600e-01
1.318000e+02 3.052800e-01
1.319000e+02 2.998700e-01
1.320000e+02 2.948600e-01
1.321000e+02 2.903500e-01
1.322000e+02 2.864500e-01
1.323000e+02 2.832600e-01
1.324000e+02 2.808700e-01
1.325000e+02 2.793700e-01
1.326000e+02 2.788300e-01
1.327000e+02 2.793300e-01
1.328000e+02 2.809200e-01
1.329000e+02 2.836300e-01
1.330000e+02 2.875100e-01
1.331000e+02 2.925700e-01
1.332000e+02 2.988100e-01
1.333000e+02 3.062400e-01
1.334000e+02 3.148200e-01
1.335000e+02 3.245400e-01
1.336000e+02 3.353400e-01
1.337000e+02 3.471800e-01
1.338000e+02 3.599900e-01
1.339000e+02 3.737000e-01
1.340000e+02 3.882300e-01
1.341000e+02 4.035000e-01
1.342000e+02 4.194200e-01
1.343000e+02 4.358800e-01
1.344000e+02 4.527900e-01
1.345000e+02 4.700400e-01
1.346000e+02 4.875200e-01
1.347000e+02 5.051100e-01
1.348000e+02 5.227200e-01
1.349000e+02 5.402400e-01
1.350000e+02 5.575400e-01
1.351000e+02 5.745200e-01
1.352000e+02 5.910900e-01
1.353000e+02 6.071300e-01
1.354000e+02 6.225500e-01
1.355000e+02 6.372500e-01
1.356000e+02 6.511400e-01
1.357000e+02 6.641300e-01
1.358000e+02 6.761600e-01
1.359000e+02 6.871400e-01
1.360000e+02 6.970100e-01
1.361000e+02 7.057200e-01
1.362000e+02 7.132300e-01
1.363000e+02 7.194900e-01
1.364000e+02 7.244900e-01
1.365000e+02 7.282100e-01
1.366000e+02 7.306500e-01
1.367000e+02 7.318200e-01
1.368000e+02 7.317300e-01
1.369000e+02 7.304200e-01
1.370000e+02 7.279200e-01
1.371000e+02 7.242900e-01
1.372000e+02 7.195800e-01
1.373000e+02 7.138400e-01
1.374000e+02 7.071700e-01
1.375000e+02 6.996200e-01
1.376000e+02 6.912800e-01
1.377000e+02 6.822500e-01
1.378000e+02 6.726100e-01
1.379000e+02 6.624700e-01
1.380000e+02 6.519300e-01
1.381000e+02 6.411000e-01
1.382000e+02 6.300700e-01
1.383000e+02 6.189700e-01
1.384000e+02 6.079100e-01
1.385000e+02 5.969800e-01
1.386000e+02 5.863100e-01
1.387000e+02 5.760000e-01
1.388000e+02 5.661500e-01
1.389000e+02 5.568600e-01
1.390000e+02 5.482200e-01
1.391000e+02 5.403100e-01
1.392000e+02 5.332000e-01
1.393000e+02 5.269600e-01
1.394000e+02 5.216400e-01
1.395000e+02 5.172900e-01
1.396000e+02 5.139400e-01
1.397000e+02 5.116200e-01
1.398000e+02 5.103200e-01
1.399000e+02 5.100600e-01
1.400000e+02 5.108200e-01
1.401000e+02 5.125800e-01
1.402000e+02 5.153000e-01
1.403000e+02 5.189500e-01
1.404000e+02 5.234700e-01
1.405000e+02 5.288200e-01
1.406000e+02 5.349100e-01
1.407000e+02 5.416900e-01
1.408000e+02 5.490800e-01
1.409000e+02 5.570000e-01
1.410000e+02 5.653600e-01
1.411000e+02 5.740800e-01
1.412000e+02 5.830500e-01
1.413000e+02 5.921900e-01
1.414000e+02 6.013900e-01
1.415000e+02 6.105800e-01
1.416000e+02 6.196300e-01
1.417000e+02 6.284700e-01
1.418000e+02 6.369900e-01
1.419000e+02 6.451100e-01
1.420000e+02 6.527200e-01
1.421000e+02 6.597400e-01
1.422000e+02 6.660900e-01
1.423000e+02 6.716800e-01
1.424000e+02 6.764400e-01
1.425000e+02 6.802900e-01
1.426000e+02 6.831700e-01
1.427000e+02 6.850200e-01
1.428000e+02 6.857800e-01
1.429000e+02 6.854200e-01
1.430000e+02 6.838900e-01
1.431000e+02 6.811600e-01
1.432000e+02 6.772200e-01
1.433000e+02 6.720700e-01
1.434000e+02 6.657100e-01
1.435000e+02 6.581600e-01
1.436000e+02 6.494400e-01
1.437000e+02 6.396000e-01
1.438000e+02 6.286900e-01
1.439000e+02 6.167700e-01
1.440000e+02 6.039000e-01
1.441000e+02 5.901800e-01
1.442000e+02 5.756800e-01
1.443000e+02 5.605000e-01
1.444000e+02 5.447300e-01
1.445000e+02 5.284800e-01
1.446000e+02 5.118400e-01
1.447000e+02 4.949300e-01
1.448000e+02 4.778400e-01
1.449000e+02 4.606800e-01
1.450000e+02 4.435500e-01
1.451000e+02 4.265500e-01
1.452000e+02 4.097700e-01
1.453000e+02 3.933200e-01
1.454000e+02 3.772600e-01
1.455000e+02 3.617000e-01
1.456000e+02 3.467000e-01
1.457000e+02 3.323400e-01
1.458000e+02 3.186800e-01
1.459000e+02 3.057900e-01
1.460000e+02 2.937200e-01
1.461000e+02 2.825100e-01
1.462000e+02 2.721900e-01
1.463000e+02 2.628100e-01
1.464000e+02 2.543700e-01
1.465000e+02 2.468900e-01
1.466000e+02 2.403700e-01
1.467000e+02 2.348100e-01
1.468000e+02 2.301900e-01
1.469000e+02 2.264900e-01
1.470000e+02 2.236700e-01
1.471000e+02 2.217000e-01
1.472000e+02 2.205300e-01
1.473000e+02 2.201000e-01
1.474000e+02 2.203600e-01
1.475000e+02 2.212400e-01
1.476000e+02 2.226600e-01
1.477000e+02 2.245400e-01
1.478000e+02 2.268000e-01
1.479000e+02 2.293500e-01
1.480000e+02 2.321000e-01
1.481000e+02 2.349500e-01
1.482000e+02 2.378200e-01
1.483000e+02 2.406000e-01
1.484000e+02 2.432100e-01
1.485000e+02 2.455500e-01
1.486000e+02 2.475300e-01
1.487000e+02 2.490700e-01
1.488000e+02 2.500700e-01
1.489000e+02 2.504700e-01
1.490000e+02 2.501800e-01
1.491000e+02 2.491300e-01
1.492000e+02 2.472700e-01
1.493000e+02 2.445500e-01
1.494000e+02 2.409000e-01
1.495000e+02 2.363000e-01
1.496000e+02 2.307000e-01
1.497000e+02 2.240900e-01
1.498000e+02 2.164500e-01
1.499000e+02 2.077700e-01
1.500000e+02 1.980600e-01
1.501000e+02 1.873300e-01
1.502000e+02 1.756000e-01
1.503000e+02 1.629100e-01
1.504000e+02 1.492900e-01
1.505000e+02 1.347900e-01
1.506000e+02 1.194800e-01
1.507000e+02 1.034100e-01
1.508000e+02 8.665600e-02
1.509000e+02 6.930200e-02
1.510000e+02 5.143300e-02
1.511000e+02 3.313900e-02
1.512000e+02 1.451300e-02
1.513000e+02 -4.351000e-03
1.514000e+02 -2.335600e-02
1.515000e+02 -4.240600e-02
1.516000e+02 -6.140500e-02
1.517000e+02 -8.026000e-02
1.518000e+02 -9.888200e-02
1.519000e+02 -1.171800e-01
1.520000e+02 -1.350700e-01
1.521000e+02 -1.524800e-01
1.522000e+02 -1.693300e-01
1.523000e+02 -1.855600e-01
1.524000e+02 -2.011000e-01
1.525000e+02 -2.158900e-01
1.526000e+02 -2.298800e-01
1.527000e+02 -2.430300e-01
1.528000e+02 -2.553000e-01
1.529000e+02 -2.666500e-01
1.530000e+02 -2.770600e-01
1.531000e+02 -2.864900e-01
1.532000e+02 -2.949500e-01
1.533000e+02 -3.024200e-01
1.534000e+02 -3.089100e-01
1.535000e+02 -3.144100e-01
1.536000e+02 -3.189700e-01
1.537000e+02 -3.226000e-01
1.538000e+02 -3.253300e-01
1.539000e+02 -3.272100e-01
1.540000e+02 -3.283000e-01
1.541000e+02 -3.286500e-01
1.542000e+02 -3.283300e-01
1.543000e+02 -3.274100e-01
1.544000e+02 -3.259800e-01
1.545000e+02 -3.241100e-01
1.546000e+02 -3.219000e-01
1.547000e+02 -3.194400e-01
1.548000e+02 -3.168200e-01
1.549000e+02 -3.141200e-01
1.550000e+02 -3.114600e-01
1.551000e+02 -3.089100e-01
1.552000e+02 -3.065800e-01
1.553000e+02 -3.045400e-01
1.554000e+02 -3.028800e-01
1.555000e+02 -3.016800e-01
1.556000e+02 -3.010200e-01
1.557000e+02 -3.009500e-01
1.558000e+02 -3.015400e-01
1.559000e+02 -3.028400e-01
1.560000e+02 -3.048900e-01
1.561000e+02 -3.077300e-01
1.562000e+02 -3.113800e-01
1.563000e+02 -3.158600e-01
1.564000e+02 -3.211800e-01
1.565000e+02 -3.273500e-01
1.566000e+02 -3.343500e-01
1.567000e+02 -3.421800e-01
1.568000e+02 -3.508100e-01
1.569000e+02 -3.602200e-01
1.570000e+02 -3.703700e-01
1.571000e+02 -3.812400e-01
1.572000e+02 -3.927700e-01
1.573000e+02 -4.049100e-01
1.574000e+02 -4.176200e-01
1.575000e+02 -4.308200e-01
1.576000e+02 -4.444600e-01
1.577000e+02 -4.584700e-01
1.578000e+02 -4.727600e-01
1.579000e+02 -4.872700e-01
1.580000e+02 -5.019100e-01
1.581000e+02 -5.166000e-01
1.582000e+02 -5.312400e-01
1.583000e+02 -5.457700e-01
1.584000e+02 -5.600800e-01
1.585000e+02 -5.741000e-01
1.586000e+02 -5.877300e-01
1.587000e+02 -6.009000e-01
1.588000e+02 -6.135200e-01
1.589000e+02 -6.255200e-01
1.590000e+02 -6.368400e-01
1.591000e+02 -6.474000e-01
1.592000e+02 -6.571500e-01
1.593000e+02 -6.660500e-01
1.594000e+02 -6.740500e-01
1.595000e+02 -6.811100e-01
1.596000e+02 -6.872100e-01
1.597000e+02 -6.923200e-01
1.598000e+02 -6.964400e-01
1.599000e+02 -6.995600e-01
1.600000e+02 -7.016800e-01
1.601000e+02 -7.028000e-01
1.602000e+02 -7.029400e-01
1.603000e+02 -7.021300e-01
1.604000e+02 -7.004000e-01
1.605000e+02 -6.977700e-01
1.606000e+02 -6.943100e-01
1.607000e+02 -6.900600e-01
1.608000e+02 -6.850700e-01
1.609000e+02 -6.794300e-01
1.610000e+02 -6.731900e-01
1.611000e+02 -6.664300e-01
1.612000e+02 -6.592400e-01
1.613000e+02 -6.516900e-01
1.614000e+02 -6.438700e-01
1.615000e+02 -6.358800e-01
1.616000e+02 -6.277800e-01
1.617000e+02 -6.196800e-01
1.618000e+02 -6.116500e-01
1.619000e+02 -6.037900e-01
1.620000e+02 -5.961600e-01
1.621000e+02 -5.888500e-01
1.622000e+02 -5.819200e-01
1.623000e+02 -5.754400e-01
1.624000e+02 -5.694700e-01
1.625000e+02 -5.640700e-01
1.626000e+02 -5.592800e-01
1.627000e+02 -5.551400e-01
1.628000e+02 -5.516900e-01
1.629000e+02 -5.489500e-01
1.630000e+02 -5.469400e-01
1.631000e+02 -5.456600e-01
1.632000e+02 -5.451300e-01
1.633000e+02 -5.453400e-01
1.634000e+02 -5.462700e-01
1.635000e+02 -5.479100e-01
1.636000e+02 -5.502300e-01
1.637000e+02 -5.531900e-01
1.638000e+02 -5.567700e-01
1.639000e+02 -5.609300e-01
1.640000e+02 -5.656000e-01
1.641000e+02 -5.707500e-01
1.642000e+02 -5.763100e-01
1.643000e+02 -5.822200e-01
1.644000e+02 -5.884300e-01
1.645000e+02 -5.948700e-01
1.646000e+02 -6.014600e-01
1.647000e+02 -6.081300e-01
1.648000e+02 -6.148100e-01
1.649000e+02 -6.214200e-01
1.650000e+02 -6.278700e-01
1.651000e+02 -6.341100e-01
1.652000e+02 -6.400300e-01
1.653000e+02 -6.455600e-01
1.654000e+02 -6.506400e-01
1.655000e+02 -6.551700e-01
1.656000e+02 -6.590900e-01
1.657000e+02 -6.623300e-01
1.658000e+02 -6.648400e-01
1.659000e+02 -6.665500e-01
1.660000e+02 -6.674300e-01
1.661000e+02 -6.674200e-01
1.662000e+02 -6.665100e-01
1.663000e+02 -6.646600e-01
1.664000e+02 -6.618600e-01
1.665000e+02 -6.581100e-01
1.666000e+02 -6.534100e-01
1.667000e+02 -6.477700e-01
1.668000e+02 -6.412100e-01
1.669000e+02 -6.337500e-01
1.670000e+02 -6.254300e-01
1.671000e+02 -6.162800e-01
1.672000e+02 -6.063500e-01
1.673000e+02 -5.956900e-01
1.674000e+02 -5.843600e-01
1.675000e+02 -5.724100e-01
1.676000e+02 -5.599000e-01
1.677000e+02 -5.469100e-01
1.678000e+02 -5.335000e-01
1.679000e+02 -5.197300e-01
1.680000e+02 -5.056900e-01
1.681000e+02 -4.914300e-01
1.682000e+02 -4.770500e-01
1.683000e+02 -4.626000e-01
1.684000e+02 -4.481600e-01
1.685000e+02 -4.338100e-01
1.686000e+02 -4.196200e-01
1.687000e+02 -4.056700e-01
1.688000e+02 -3.920100e-01
1.689000e+02 -3.787200e-01
1.690000e+02 -3.658600e-01
1.691000e+02 -3.534900e-01
1.692000e+02 -3.416700e-01
1.693000e+02 -3.304300e-01
1.694000e+02 -3.198300e-01
1.695000e+02 -3.098900e-01
1.696000e+02 -3.006500e-01
1.697000e+02 -2.921200e-01
1.698000e+02 -2.843200e-01
1.699000e+02 -2.772700e-01
1.700000e+02 -2.709500e-01
1.701000e+02 -2.653600e-01
1.702000e+02 -2.604900e-01
1.703000e+02 -2.563100e-01
1.704000e+02 -2.528100e-01
1.705000e+02 -2.499300e-01
1.706000e+02 -2.476400e-01
1.707000e+02 -2.458900e-01
1.708000e+02 -2.446200e-01
1.709000e+02 -2.437900e-01
1.710000e+02 -2.433300e-01
1.711000e+02 -2.431700e-01
1.712000e+02 -2.432400e-01
1.713000e+02 -2.434800e-01
1.714000e+02 -2.438200e-01
1.715000e+02 -2.441800e-01
1.716000e+02 -2.444900e-01
1.717000e+02 -2.446900e-01
1.718000e+02 -2.446900e-01
1.719000e+02 -2.444400e-01
1.720000e+02 -2.438600e-01
1.721000e+02 -2.428900e-01
1.722000e+02 -2.414700e-01
1.723000e+02 -2.395400e-01
1.724000e+02 -2.370400e-01
1.725000e+02 -2.339200e-01
1.726000e+02 -2.301400e-01
1.727000e+02 -2.256500e-01
1.728000e+02 -2.204200e-01
1.729000e+02 -2.144200e-01
1.730000e+02 -2.076300e-01
1.731000e+02 -2.000500e-01
1.732000e+02 -1.916600e-01
1.733000e+02 -1.824600e-01
1.734000e+02 -1.724700e-01
1.735000e+02 -1.617100e-01
1.736000e+02 -1.502100e-01
1.737000e+02 -1.379900e-01
1.738000e+02 -1.250900e-01
1.739000e+02 -1.115700e-01
1.740000e+02 -9.746800e-02
1.741000e+02 -8.284400e-02
1.742000e+02 -6.775500e-02
1.743000e+02 -5.226200e-02
1.744000e+02 -3.642800e-02
1.745000e+02 -2.031700e-02
1.746000e+02 -3.993800e-03
1.747000e+02 1.247600e-02
1.748000e+02 2.902400e-02
1.749000e+02 4.558500e-02
1.750000e+02 6.209000e-02
1.751000e+02 7.847500e-02
1.752000e+02 9.467300e-02
1.753000e+02 1.106200e-01
1.754000e+02 1.262500e-01
1.755000e+02 1.415100e-01
1.756000e+02 1.563200e-01
1.757000e+02 1.706400e-01
1.758000e+02 1.844200e-01
1.759000e+02 1.976000e-01
1.760000e+02 2.101300e-01
1.761000e+02 2.219900e-01
1.762000e+02 2.331400e-01
1.763000e+02 2.435500e-01
1.764000e+02 2.532000e-01
1.765000e+02 2.620900e-01
1.766000e+02 2.701900e-01
1.767000e+02 2.775100e-01
1.768000e+02 2.840700e-01
1.769000e+02 2.898700e-01
1.770000e+02 2.949300e-01
1.771000e+02 2.992800e-01
1.772000e+02 3.029600e-01
1.773000e+02 3.060100e-01
1.774000e+02 3.084700e-01
1.775000e+02 3.103900e-01
1.776000e+02 3.118300e-01
1.777000e+02 3.128500e-01
1.778000e+02 3.135000e-01
1.779000e+02 3.138700e-01
1.780000e+02 3.140100e-01
1.781000e+02 3.139900e-01
1.782000e+02 3.138800e-01
1.783000e+02 3.137600e-01
1.784000e+02 3.136800e-01
1.785000e+02 3.137100e-01
1.786000e+02 3.139200e-01
1.787000e+02 3.143700e-01
1.788000e+02 3.151000e-01
1.789000e+02 3.161900e-01
1.790000e+02 3.176600e-01
1.791000e+02 3.195800e-01
1.792000e+02 3.219700e-01
1.793000e+02 3.248700e-01
1.794000e+02 3.283200e-01
1.795000e+02 3.323400e-01
1.796000e+02 3.369500e-01
1.797000e+02 3.421800e-01
1.798000e+02 3.480300e-01
1.799000e+02 3.545100e-01
1.800000e+02 3.616200e-01
1.801000e+02 3.693600e-01
1.802000e+02 3.777100e-01
1.803000e+02 3.866500e-01
1.804000e+02 3.961700e-01
1.805000e+02 4.062200e-01
1.806000e+02 4.167800e-01
1.807000e+02 4.277900e-01
1.808000e+02 4.392000e-01
1.809000e+02 4.509700e-01
1.810000e+02 4.630300e-01
1.811000e+02 4.753200e-01
1.812000e+02 4.877700e-01
1.813000e+02 5.003100e-01
1.814000e+02 5.128900e-01
1.815000e+02 5.254200e-01
1.816000e+02 5.378500e-01
1.817000e+02 5.501000e-01
1.818000e+02 5.621100e-01
1.819000e+02 5.738100e-01
1.820000e+02 5.851500e-01
1.821000e+02 5.960700e-01
1.822000e+02 6.065100e-01
1.823000e+02 6.164200e-01
1.824000e+02 6.257600e-01
1.825000e+02 6.344800e-01
1.826000e+02 6.425400e-01
1.827000e+02 6.499000e-01
1.828000e+02 6.565500e-01
1.829000e+02 6.624400e-01
1.830000e+02 6.675800e-01
1.831000e+02 6.719300e-01
1.832000e+02 6.754900e-01
1.833000e+02 6.782700e-01
1.834000e+02 6.802600e-01
1.835000e+02 6.814700e-01
1.836000e+02 6.819300e-01
1.837000e+02 6.816400e-01
1.838000e+02 6.806400e-01
1.839000e+02 6.789600e-01
1.840000e+02 6.766400e-01
1.841000e+02 6.737200e-01
1.842000e+02 6.702400e-01
1.843000e+02 6.662700e-01
1.844000e+02 6.618600e-01
1.845000e+02 6.570500e-01
1.846000e+02 6.519300e-01
1.847000e+02 6.465500e-01
1.848000e+02 6.409700e-01
1.849000e+02 6.352700e-01
1.850000e+02 6.295000e-01
1.851000e+02 6.237400e-01
1.852000e+02 6.180400e-01
1.853000e+02 6.124700e-01
1.854000e+02 6.070900e-01
1.855000e+02 6.019300e-01
1.856000e+02 5.970700e-01
1.857000e+02 5.925400e-01
1.858000e+02 5.883900e-01
1.859000e+02 5.846500e-01
1.860000e+02 5.813500e-01
1.861000e+02 5.785300e-01
1.862000e+02 5.762000e-01
1.863000e+02 5.743800e-01
1.864000e+02 5.730800e-01
1.865000e+02 5.723200e-01
1.866000e+02 5.720900e-01
1.867000e+02 5.723900e-01
1.868000e+02 5.732200e-01
1.869000e+02 5.745500e-01
1.870000e+02 5.763800e-01
1.871000e+02 5.786800e-01
1.872000e+02 5.814200e-01
1.873000e+02 5.845700e-01
1.874000e+02 5.880900e-01
1.875000e+02 5.919400e-01
1.876000e+02 5.960700e-01
1.877000e+02 6.004300e-01
1.878000e+02 6.049800e-01
1.879000e+02 6.096400e-01
1.880000e+02 6.143600e-01
1.881000e+02 6.190800e-01
1.882000e+02 6.237300e-01
1.883000e+02 6.282400e-01
1.884000e+02 6.325600e-01
1.885000e+02 6.366200e-01
1.886000e+02 6.403500e-01
1.887000e+02 6.437100e-01
1.888000e+02 6.466300e-01
1.889000e+02 6.490700e-01
1.890000e+02 6.509800e-01
1.891000e+02 6.523200e-01
1.892000e+02 6.530500e-01
1.893000e+02 6.531300e-01
1.894000e+02 6.525500e-01
1.895000e+02 6.512800e-01
1.896000e+02 6.493000e-01
1.897000e+02 6.466000e-01
1.898000e+02 6.431700e-01
1.899000e+02 6.390000e-01
1.900000e+02 6.341000e-01
1.901000e+02 6.284700e-01
1.902000e+02 6.221400e-01
1.903000e+02 6.151000e-01
1.904000e+02 6.073900e-01
1.905000e+02 5.990400e-01
1.906000e+02 5.900800e-01
1.907000e+02 5.805400e-01
1.908000e+02 5.704700e-01
1.909000e+02 5.599100e-01
1.910000e+02 5.489100e-01
1.911000e+02 5.375400e-01
1.912000e+02 5.258300e-01
1.913000e+02 5.138400e-01
1.914000e+02 5.016500e-01
1.915000e+02 4.893000e-01
1.916000e+02 4.768500e-01
1.917000e+02 4.643700e-01
1.918000e+02 4.519200e-01
1.919000e+02 4.395500e-01
1.920000e+02 4.273300e-01
1.921000e+02 4.153100e-01
1.922000e+02 4.035500e-01
1.923000e+02 3.920900e-01
1.924000e+02 3.809800e-01
1.925000e+02 3.702800e-01
1.926000e+02 3.600100e-01
1.927000e+02 3.502100e-01
1.928000e+02 3.409000e-01
1.929000e+02 3.321200e-01
1.930000e+02 3.238700e-01
1.931000e+02 3.161600e-01
1.932000e+02 3.090000e-01
1.933000e+02 3.023800e-01
1.934000e+02 2.963100e-01
1.935000e+02 2.907500e-01
1.936000e+02 2.857000e-01
1.937000e+02 2.811400e-01
1.938000e+02 2.770300e-01
1.939000e+02 2.733500e-01
1.940000e+02 2.700600e-01
1.941000e+02 2.671400e-01
1.942000e+02 2.645400e-01
1.943000e+02 2.622200e-01
1.944000e+02 2.601500e-01
1.945000e+02 2.582800e-01
1.946000e+02 2.565600e-01
1.947000e+02 2.549400e-01
1.948000e+02 2.533800e-01
1.949000e+02 2.518300e-01
1.950000e+02 2.502200e-01
1.951000e+02 2.485000e-01
1.952000e+02 2.466200e-01
1.953000e+02 2.445200e-01
1.954000e+02 2.421400e-01
1.955000e+02 2.394300e-01
1.956000e+02 2.363300e-01
1.957000e+02 2.328000e-01
1.958000e+02 2.288000e-01
1.959000e+02 2.242800e-01
1.960000e+02 2.192100e-01
1.961000e+02 2.135700e-01
1.962000e+02 2.073200e-01
1.963000e+02 2.004600e-01
1.964000e+02 1.929700e-01
1.965000e+02 1.848600e-01
1.966000e+02 1.761200e-01
1.967000e+02 1.667600e-01
1.968000e+02 1.568000e-01
1.969000e+02 1.462400e-01
1.970000e+02 1.351300e-01
1.971000e+02 1.234700e-01
1.972000e+02 1.113100e-01
1.973000e+02 9.866700e-02
1.974000e+02 8.559400e-02
1.975000e+02 7.212400e-02
1.976000e+02 5.830300e-02
1.977000e+02 4.417900e-02
1.978000e+02 2.980200e-02
1.979000e+02 1.521900e-02
1.980000e+02 4.842200e-04
1.981000e+02 -1.434700e-02
1.982000e+02 -2.922100e-02
1.983000e+02 -4.408300e-02
1.984000e+02 -5.887800e-02
1.985000e+02 -7.355400e-02
1.986000e+02 -8.805600e-02
1.987000e+02 -1.023300e-01
1.988000e+02 -1.163300e-01
1.989000e+02 -1.300000e-01
1.990000e+02 -1.433000e-01
1.991000e+02 -1.561800e-01
1.992000e+02 -1.686100e-01
1.993000e+02 -1.805400e-01
1.994000e+02 -1.919500e-01
1.995000e+02 -2.028000e-01
1.996000e+02 -2.130900e-01
1.997000e+02 -2.227800e-01
1.998000e+02 -2.318700e-01
1.999000e+02 -2.403500e-01
2.000000e+02 -2.482300e-01
2.001000e+02 -2.555000e-01
2.002000e+02 -2.621900e-01
2.003000e+02 -2.682900e-01
2.004000e+02 -2.738500e-01
2.005000e+02 -2.788800e-01
2.006000e+02 -2.834200e-01
2.007000e+02 -2.875100e-01
2.008000e+02 -2.911900e-01
2.009000e+02 -2.945100e-01
2.010000e+02 -2.975100e-01
2.011000e+02 -3.002500e-01
2.012000e+02 -3.027700e-01
2.013000e+02 -3.051200e-01
2.014000e+02 -3.073600e-01
2.015000e+02 -3.095300e-01
2.016000e+02 -3.116800e-01
2.017000e+02 -3.138600e-01
2.018000e+02 -3.161200e-01
2.019000e+02 -3.184900e-01
2.020000e+02 -3.210300e-01
2.021000e+02 -3.237700e-01
2.022000e+02 -3.267500e-01
2.023000e+02 -3.300000e-01
2.024000e+02 -3.335400e-01
2.025000e+02 -3.374100e-01
2.026000e+02 -3.416200e-01
2.027000e+02 -3.461900e-01
2.028000e+02 -3.511400e-01
2.029000e+02 -3.564800e-01
2.030000e+02 -3.622200e-01
2.031000e+02 -3.683600e-01
2.032000e+02 -3.749100e-01
2.033000e+02 -3.818700e-01
2.034000e+02 -3.892400e-01
2.035000e+02 -3.970100e-01
2.036000e+02 -4.051900e-01
2.037000e+02 -4.137500e-01
2.038000e+02 -4.227000e-01
2.039000e+02 -4.320100e-01
2.040000e+02 -4.416600e-01
2.041000e+02 -4.516400e-01
2.042000e+02 -4.619200e-01
2.043000e+02 -4.724700e-01
2.044000e+02 -4.832500e-01
2.045000e+02 -4.942200e-01
2.046000e+02 -5.053600e-01
2.047000e+02 -5.165900e-01
2.048000e+02 -5.278900e-01
2.049000e+02 -5.391900e-01
2.050000e+02 -5.504300e-01
2.051000e+02 -5.615500e-01
2.052000e+02 -5.724900e-01
2.053000e+02 -5.831900e-01
2.054000e+02 -5.935800e-01
2.055000e+02 -6.036000e-01
2.056000e+02 -6.131900e-01
2.057000e+02 -6.222900e-01
2.058000e+02 -6.308400e-01
2.059000e+02 -6.388000e-01
2.060000e+02 -6.461300e-01
2.061000e+02 -6.527900e-01
2.062000e+02 -6.587500e-01
2.063000e+02 -6.640000e-01
2.064000e+02 -6.685200e-01
2.065000e+02 -6.723200e-01
2.066000e+02 -6.753900e-01
2.067000e+02 -6.777600e-01
2.068000e+02 -6.794400e-01
2.069000e+02 -6.804600e-01
2.070000e+02 -6.808700e-01
2.071000e+02 -6.807000e-01
2.072000e+02 -6.800000e-01
2.073000e+02 -6.788200e-01
2.074000e+02 -6.772000e-01
2.075000e+02 -6.752100e-01
2.076000e+02 -6.728800e-01
2.077000e+02 -6.702700e-01
2.078000e+02 -6.674300e-01
2.079000e+02 -6.644000e-01
2.080000e+02 -6.612200e-01
2.081000e+02 -6.579400e-01
2.082000e+02 -6.545900e-01
2.083000e+02 -6.512000e-01
2.084000e+02 -6.478100e-01
2.085000e+02 -6.444400e-01
2.086000e+02 -6.411300e-01
2.087000e+02 -6.378900e-01
2.088000e+02 -6.347700e-01
2.089000e+02 -6.317800e-01
2.090000e+02 -6.289500e-01
2.091000e+02 -6.263000e-01
2.092000e+02 -6.238800e-01
2.093000e+02 -6.217000e-01
2.094000e+02 -6.197900e-01
2.095000e+02 -6.181700e-01
2.096000e+02 -6.168800e-01
2.097000e+02 -6.159400e-01
2.098000e+02 -6.153700e-01
2.099000e+02 -6.151700e-01
2.100000e+02 -6.153700e-01
2.101000e+02 -6.159700e-01
2.102000e+02 -6.169700e-01
2.103000e+02 -6.183700e-01
2.104000e+02 -6.201500e-01
2.105000e+02 -6.222900e-01
2.106000e+02 -6.247700e-01
2.107000e+02 -6.275700e-01
2.108000e+02 -6.306300e-01
2.109000e+02 -6.339200e-01
2.110000e+02 -6.373900e-01
2.111000e+02 -6.409900e-01
2.112000e+02 -6.446700e-01
2.113000e+02 -6.483700e-01
2.114000e+02 -6.520300e-01
2.115000e+02 -6.556000e-01
2.116000e+02 -6.590200e-01
2.117000e+02 -6.622400e-01
2.118000e+02 -6.651900e-01
2.119000e+02 -6.678400e-01
2.120000e+02 -6.701300e-01
2.121000e+02 -6.720300e-01
2.122000e+02 -6.734900e-01
2.123000e+02 -6.744900e-01
2.124000e+02 -6.749900e-01
2.125000e+02 -6.749800e-01
2.126000e+02 -6.744300e-01
2.127000e+02 -6.733400e-01
2.128000e+02 -6.716900e-01
2.129000e+02 -6.694700e-01
2.130000e+02 -6.667000e-01
2.131000e+02 -6.633500e-01
2.132000e+02 -6.594500e-01
2.133000e+02 -6.549900e-01
2.134000e+02 -6.499800e-01
2.135000e+02 -6.444300e-01
2.136000e+02 -6.383500e-01
2.137000e+02 -6.317600e-01
2.138000e+02 -6.246700e-01
2.139000e+02 -6.170900e-01
2.140000e+02 -6.090500e-01
2.141000e+02 -6.005700e-01
2.142000e+02 -5.916700e-01
2.143000e+02 -5.823700e-01
2.144000e+02 -5.727300e-01
2.145000e+02 -5.627500e-01
2.146000e+02 -5.524900e-01
2.147000e+02 -5.419900e-01
2.148000e+02 -5.312800e-01
2.149000e+02 -5.204100e-01
2.150000e+02 -5.094300e-01
2.151000e+02 -4.984000e-01
2.152000e+02 -4.873500e-01
2.153000e+02 -4.763500e-01
2.154000e+02 -4.654400e-01
2.155000e+02 -4.546900e-01
2.156000e+02 -4.441300e-01
2.157000e+02 -4.338200e-01
2.158000e+02 -4.238000e-01
2.159000e+02 -4.141200e-01
2.160000e+02 -4.048200e-01
2.161000e+02 -3.959300e-01
2.162000e+02 -3.874800e-01
2.163000e+02 -3.795000e-01
2.164000e+02 -3.719900e-01
2.165000e+02 -3.649800e-01
2.166000e+02 -3.584500e-01
2.167000e+02 -3.524200e-01
2.168000e+02 -3.468600e-01
2.169000e+02 -3.417600e-01
2.170000e+02 -3.370900e-01
2.171000e+02 -3.328200e-01
2.172000e+02 -3.289100e-01
2.173000e+02 -3.253300e-01
2.174000e+02 -3.220100e-01
2.175000e+02 -3.189200e-01
2.176000e+02 -3.160000e-01
2.177000e+02 -3.132100e-01
2.178000e+02 -3.104800e-01
2.179000e+02 -3.077700e-01
2.180000e+02 -3.050200e-01
2.181000e+02 -3.022000e-01
2.182000e+02 -2.992500e-01
2.183000e+02 -2.961500e-01
2.184000e+02 -2.928400e-01
2.185000e+02 -2.893000e-01
2.186000e+02 -2.855000e-01
2.187000e+02 -2.814100e-01
2.188000e+02 -2.770200e-01
2.189000e+02 -2.723000e-01
2.190000e+02 -2.672400e-01
2.191000e+02 -2.618200e-01
2.192000e+02 -2.560300e-01
2.193000e+02 -2.498600e-01
2.194000e+02 -2.433000e-01
2.195000e+02 -2.363300e-01
2.196000e+02 -2.289500e-01
2.197000e+02 -2.211500e-01
2.198000e+02 -2.129200e-01
2.199000e+02 -2.042500e-01
2.200000e+02 -1.951300e-01
2.201000e+02 -1.855700e-01
2.202000e+02 -1.755500e-01
2.203000e+02 -1.650700e-01
2.204000e+02 -1.541500e-01
2.205000e+02 -1.427900e-01
2.206000e+02 -1.310000e-01
2.207000e+02 -1.187900e-01
2.208000e+02 -1.062000e-01
2.209000e+02 -9.325100e-02
2.210000e+02 -7.997800e-02
2.211000e+02 -6.642200e-02
2.212000e+02 -5.263100e-02
2.213000e+02 -3.865400e-02
2.214000e+02 -2.454900e-02
2.215000e+02 -1.037100e-02
2.216000e+02 3.816800e-03
2.217000e+02 1.795500e-02
2.218000e+02 3.198100e-02
2.219000e+02 4.583700e-02
2.220000e+02 5.946600e-02
2.221000e+02 7.281400e-02
2.222000e+02 8.583400e-02
2.223000e+02 9.848200e-02
2.224000e+02 1.107200e-01
2.225000e+02 1.225200e-01
2.226000e+02 1.338600e-01
2.227000e+02 1.447200e-01
2.228000e+02 1.550900e-01
2.229000e+02 1.649600e-01
2.230000e+02 1.743400e-01
2.231000e+02 1.832300e-01
2.232000e+02 1.916400e-01
2.233000e+02 1.995800e-01
2.234000e+02 2.070800e-01
2.235000e+02 2.141500e-01
2.236000e+02 2.208100e-01
2.237000e+02 2.270800e-01
2.238000e+02 2.329800e-01
2.239000e+02 2.385500e-01
2.240000e+02 2.437900e-01
2.241000e+02 2.487400e-01
2.242000e+02 2.534200e-01
2.243000e+02 2.578500e-01
2.244000e+02 2.620700e-01
2.245000e+02 2.660900e-01
2.246000e+02 2.699400e-01
2.247000e+02 2.736600e-01
2.248000e+02 2.772700e-01
2.249000e+02 2.808000e-01
2.250000e+02 2.842800e-01
2.251000e+02 2.877600e-01
2.252000e+02 2.912500e-01
2.253000e+02 2.948100e-01
2.254000e+02 2.984600e-01
2.255000e+02 3.022500e-01
2.256000e+02 3.062000e-01
2.257000e+02 3.103700e-01
2.258000e+02 3.147800e-01
2.259000e+02 3.194800e-01
2.260000e+02 3.244900e-01
2.261000e+02 3.298400e-01
2.262000e+02 3.355700e-01
2.263000e+02 3.417000e-01
2.264000e+02 3.482500e-01
2.265000e+02 3.552200e-01
2.266000e+02 3.626300e-01
2.267000e+02 3.704700e-01
2.268000e+02 3.787500e-01
2.269000e+02 3.874400e-01
2.270000e+02 3.965300e-01
2.271000e+02 4.060000e-01
2.272000e+02 4.158100e-01
2.273000e+02 4.259300e-01
2.274000e+02 4.363000e-01
2.275000e+02 4.469000e-01
2.276000e+02 4.576500e-01
2.277000e+02 4.685300e-01
2.278000e+02 4.794600e-01
2.279000e+02 4.904100e-01
2.280000e+02 5.013000e-01
2.281000e+02 5.121000e-01
2.282000e+02 5.227500e-01
2.283000e+02 5.331900e-01
2.284000e+02 5.434000e-01
2.285000e+02 5.533200e-01
2.286000e+02 5.629200e-01
2.287000e+02 5.721600e-01
2.288000e+02 5.810100e-01
2.289000e+02 5.894600e-01
2.290000e+02 5.974700e-01
2.291000e+02 6.050400e-01
2.292000e+02 6.121500e-01
2.293000e+02 6.187900e-01
2.294000e+02 6.249500e-01
2.295000e+02 6.306400e-01
2.296000e+02 6.358600e-01
2.297000e+02 6.406000e-01
2.298000e+02 6.448700e-01
2.299000e+02 6.486700e-01
2.300000e+02 6.520100e-01
2.301000e+02 6.548900e-01
2.302000e+02 6.573200e-01
2.303000e+02 6.593000e-01
2.304000e+02 6.608400e-01
2.305000e+02 6.619400e-01
2.306000e+02 6.626200e-01
2.307000e+02 6.628900e-01
2.308000e+02 6.627500e-01
2.309000e+02 6.622300e-01
2.310000e+02 6.613400e-01
2.311000e+02 6.601100e-01
2.312000e+02 6.585700e-01
2.313000e+02 6.567400e-01
2.314000e+02 6.546700e-01
2.315000e+02 6.523800e-01
2.316000e+02 6.499400e-01
2.317000e+02 6.473800e-01
2.318000e+02 6.447500e-01
2.319000e+02 6.421000e-01
2.320000e+02 6.395000e-01
2.321000e+02 6.369800e-01
2.322000e+02 6.346100e-01
2.323000e+02 6.324300e-01
2.324000e+02 6.304800e-01
2.325000e+02 6.288000e-01
2.326000e+02 6.274300e-01
2.327000e+02 6.264000e-01
2.328000e+02 6.257300e-01
2.329000e+02 6.254300e-01
2.330000e+02 6.255000e-01
2.331000e+02 6.259600e-01
2.332000e+02 6.267800e-01
2.333000e+02 6.279600e-01
2.334000e+02 6.294800e-01
2.335000e+02 6.313100e-01
2.336000e+02 6.334100e-01
2.337000e+02 6.357700e-01
2.338000e+02 6.383300e-01
2.339000e+02 6.410700e-01
2.340000e+02 6.439300e-01
2.341000e+02 6.468900e-01
2.342000e+02 6.499000e-01
2.343000e+02 6.529300e-01
2.344000e+02 6.559300e-01
2.345000e+02 6.588900e-01
2.346000e+02 6.617600e-01
2.347000e+02 6.645100e-01
2.348000e+02 6.671300e-01
2.349000e+02 6.695900e-01
2.350000e+02 6.718500e-01
2.351000e+02 6.739000e-01
2.352000e+02 6.757300e-01
2.353000e+02 6.772900e-01
2.354000e+02 6.785900e-01
2.355000e+02 6.795800e-01
2.356000e+02 6.802500e-01
2.357000e+02 6.805800e-01
2.358000e+02 6.805500e-01
2.359000e+02 6.801200e-01
2.360000e+02 6.792700e-01
2.361000e+02 6.779800e-01
2.362000e+02 6.762200e-01
2.363000e+02 6.739800e-01
2.364000e+02 6.712400e-01
2.365000e+02 6.679800e-01
2.366000e+02 6.641900e-01
2.367000e+02 6.598500e-01
2.368000e+02 6.549700e-01
2.369000e+02 6.495500e-01
2.370000e+02 6.436000e-01
2.371000e+02 6.371200e-01
2.372000e+02 6.301500e-01
2.373000e+02 6.226900e-01
2.374000e+02 6.147900e-01
2.375000e+02 6.064800e-01
2.376000e+02 5.978000e-01
2.377000e+02 5.887900e-01
2.378000e+02 5.795000e-01
2.379000e+02 5.699800e-01
2.380000e+02 5.602800e-01
2.381000e+02 5.504600e-01
2.382000e+02 5.405700e-01
2.383000e+02 5.306600e-01
2.384000e+02 5.207700e-01
2.385000e+02 5.109700e-01
2.386000e+02 5.012900e-01
2.387000e+02 4.917700e-01
2.388000e+02 4.824600e-01
2.389000e+02 4.733700e-01
2.390000e+02 4.645400e-01
2.391000e+02 4.560000e-01
2.392000e+02 4.477500e-01
2.393000e+02 4.398000e-01
2.394000e+02 4.321700e-01
2.395000e+02 4.248500e-01
2.396000e+02 4.178400e-01
2.397000e+02 4.111400e-01
2.398000e+02 4.047300e-01
2.399000e+02 3.986000e-01
2.400000e+02 3.927400e-01
2.401000e+02 3.871300e-01
2.402000e+02 3.817700e-01
2.403000e+02 3.766200e-01
2.404000e+02 3.716800e-01
2.405000e+02 3.669300e-01
2.406000e+02 3.623400e-01
2.407000e+02 3.579200e-01
2.408000e+02 3.536200e-01
2.409000e+02 3.494500e-01
2.410000e+02 3.453800e-01
2.411000e+02 3.414000e-01
2.412000e+02 3.374700e-01
2.413000e+02 3.336000e-01
2.414000e+02 3.297400e-01
2.415000e+02 3.258700e-01
2.416000e+02 3.219700e-01
2.417000e+02 3.180100e-01
2.418000e+02 3.139600e-01
2.419000e+02 3.097800e-01
2.420000e+02 3.054400e-01
2.421000e+02 3.009000e-01
2.422000e+02 2.961200e-01
2.423000e+02 2.910600e-01
2.424000e+02 2.857000e-01
2.425000e+02 2.799800e-01
2.426000e+02 2.738800e-01
2.427000e+02 2.673700e-01
2.428000e+02 2.604100e-01
2.429000e+02 2.529900e-01
2.430000e+02 2.450800e-01
2.431000e+02 2.366800e-01
2.432000e+02 2.277700e-01
2.433000e+02 2.183600e-01
2.434000e+02 2.084600e-01
2.435000e+02 1.980800e-01
2.436000e+02 1.872500e-01
2.437000e+02 1.759800e-01
2.438000e+02 1.643300e-01
2.439000e+02 1.523100e-01
2.440000e+02 1.399800e-01
2.441000e+02 1.273900e-01
2.442000e+02 1.145800e-01
2.443000e+02 1.016000e-01
2.444000e+02 8.849500e-02
2.445000e+02 7.532500e-02
2.446000e+02 6.213100e-02
2.447000e+02 4.895900e-02
2.448000e+02 3.584600e-02
2.449000e+02 2.283000e-02
2.450000e+02 9.944300e-03
2.451000e+02 -2.782000e-03
2.452000e+02 -1.532600e-02
2.453000e+02 -2.766500e-02
2.454000e+02 -3.978300e-02
2.455000e+02 -5.166400e-02
2.456000e+02 -6.329700e-02
2.457000e+02 -7.467000e-02
2.458000e+02 -8.577200e-02
2.459000e+02 -9.659800e-02
2.460000e+02 -1.071400e-01
2.461000e+02 -1.173800e-01
2.462000e+02 -1.273200e-01
2.463000e+02 -1.369400e-01
2.464000e+02 -1.462400e-01
2.465000e+02 -1.552100e-01
2.466000e+02 -1.638400e-01
2.467000e+02 -1.721100e-01
2.468000e+02 -1.800300e-01
2.469000e+02 -1.875900e-01
2.470000e+02 -1.947900e-01
2.471000e+02 -2.016200e-01
2.472000e+02 -2.081000e-01
2.473000e+02 -2.142200e-01
2.474000e+02 -2.200100e-01
2.475000e+02 -2.254900e-01
2.476000e+02 -2.306600e-01
2.477000e+02 -2.355700e-01
2.478000e+02 -2.402400e-01
2.479000e+02 -2.447100e-01
2.480000e+02 -2.490200e-01
2.481000e+02 -2.532200e-01
2.482000e+02 -2.573400e-01
2.483000e+02 -2.614500e-01
2.484000e+02 -2.655800e-01
2.485000e+02 -2.697800e-01
2.486000e+02 -2.741000e-01
2.487000e+02 -2.785800e-01
2.488000e+02 -2.832700e-01
2.489000e+02 -2.882000e-01
2.490000e+02 -2.934000e-01
2.491000e+02 -2.989100e-01
2.492000e+02 -3.047300e-01
2.493000e+02 -3.108900e-01
2.494000e+02 -3.174000e-01
2.495000e+02 -3.242600e-01
2.496000e+02 -3.314700e-01
2.497000e+02 -3.390200e-01
2.498000e+02 -3.469000e-01
2.499000e+02 -3.550900e-01
2.500000e+02 -3.635900e-01
2.501000e+02 -3.723500e-01
2.502000e+02 -3.813700e-01
2.503000e+02 -3.906000e-01
2.504000e+02 -4.000200e-01
2.505000e+02 -4.096100e-01
2.506000e+02 -4.193400e-01
2.507000e+02 -4.291700e-01
2.508000e+02 -4.390800e-01
2.509000e+02 -4.490400e-01
2.510000e+02 -4.590200e-01
2.511000e+02 -4.690000e-01
2.512000e+02 -4.789600e-01
2.513000e+02 -4.888600e-01
2.514000e+02 -4.987000e-01
2.515000e+02 -5.084300e-01
2.516000e+02 -5.180500e-01
2.517000e+02 -5.275200e-01
2.518000e+02 -5.368400e-01
2.519000e+02 -5.459600e-01
2.520000e+02 -5.548800e-01
2.521000e+02 -5.635600e-01
2.522000e+02 -5.719900e-01
2.523000e+02 -5.801400e-01
2.524000e+02 -5.879700e-01
2.525000e+02 -5.954800e-01
2.526000e+02 -6.026200e-01
2.527000e+02 -6.093700e-01
2.528000e+02 -6.157200e-01
2.529000e+02 -6.216300e-01
2.530000e+02 -6.270800e-01
2.531000e+02 -6.320600e-01
2.532000e+02 -6.365600e-01
2.533000e+02 -6.405500e-01
2.534000e+02 -6.440400e-01
2.535000e+02 -6.470200e-01
2.536000e+02 -6.495000e-01
2.537000e+02 -6.514900e-01
2.538000e+02 -6.530100e-01
2.539000e+02 -6.540800e-01
2.540000e+02 -6.547300e-01
2.541000e+02 -6.549800e-01
2.542000e+02 -6.548800e-01
2.543000e+02 -6.544800e-01
2.544000e+02 -6.538100e-01
2.545000e+02 -6.529200e-01
2.546000e+02 -6.518600e-01
2.547000e+02 -6.506800e-01
2.548000e+02 -6.494200e-01
2.549000e+02 -6.481300e-01
2.550000e+02 -6.468600e-01
2.551000e+02 -6.456300e-01
2.552000e+02 -6.444900e-01
2.553000e+02 -6.434600e-01
2.554000e+02 -6.425800e-01
2.555000e+02 -6.418600e-01
2.556000e+02 -6.413300e-01
2.557000e+02 -6.409800e-01
2.558000e+02 -6.408300e-01
2.559000e+02 -6.408800e-01
2.560000e+02 -6.411300e-01
2.561000e+02 -6.415700e-01
2.562000e+02 -6.422100e-01
2.563000e+02 -6.430200e-01
2.564000e+02 -6.439900e-01
2.565000e+02 -6.451300e-01
2.566000e+02 -6.464100e-01
2.567000e+02 -6.478400e-01
2.568000e+02 -6.494000e-01
2.569000e+02 -6.510800e-01
2.570000e+02 -6.528900e-01
2.571000e+02 -6.548100e-01
2.572000e+02 -6.568400e-01
2.573000e+02 -6.589700e-01
2.574000e+02 -6.612000e-01
2.575000e+02 -6.635100e-01
2.576000e+02 -6.658800e-01
2.577000e+02 -6.683200e-01
2.578000e+02 -6.707900e-01
2.579000e+02 -6.732800e-01
2.580000e+02 -6.757600e-01
2.581000e+02 -6.782000e-01
2.582000e+02 -6.805700e-01
2.583000e+02 -6.828300e-01
2.584000e+02 -6.849500e-01
2.585000e+02 -6.868800e-01
2.586000e+02 -6.885800e-01
2.587000e+02 -6.900200e-01
2.588000e+02 -6.911400e-01
2.589000e+02 -6.919200e-01
2.590000e+02 -6.923100e-01
2.591000e+02 -6.922800e-01
2.592000e+02 -6.918000e-01
2.593000e+02 -6.908400e-01
2.594000e+02 -6.893900e-01
2.595000e+02 -6.874300e-01
2.596000e+02 -6.849500e-01
2.597000e+02 -6.819600e-01
2.598000e+02 -6.784400e-01
2.599000e+02 -6.744300e-01
2.600000e+02 -6.699200e-01
2.601000e+02 -6.649400e-01
2.602000e+02 -6.595200e-01
2.603000e+02 -6.536700e-01
2.604000e+02 -6.474400e-01
2.605000e+02 -6.408400e-01
2.606000e+02 -6.339200e-01
2.607000e+02 -6.267100e-01
2.608000e+02 -6.192400e-01
2.609000e+02 -6.115600e-01
2.610000e+02 -6.036800e-01
2.611000e+02 -5.956600e-01
2.612000e+02 -5.875000e-01
2.613000e+02 -5.792600e-01
2.614000e+02 -5.709400e-01
2.615000e+02 -5.625800e-01
2.616000e+02 -5.542100e-01
2.617000e+02 -5.458300e-01
2.618000e+02 -5.374800e-01
2.619000e+02 -5.291600e-01
2.620000e+02 -5.209000e-01
2.621000e+02 -5.127100e-01
2.622000e+02 -5.046100e-01
2.623000e+02 -4.966100e-01
2.624000e+02 -4.887300e-01
2.625000e+02 -4.809800e-01
2.626000e+02 -4.733800e-01
2.627000e+02 -4.659400e-01
2.628000e+02 -4.586700e-01
2.629000e+02 -4.516000e-01
2.630000e+02 -4.447200e-01
2.631000e+02 -4.380600e-01
2.632000e+02 -4.316200e-01
2.633000e+02 -4.254100e-01
2.634000e+02 -4.194400e-01
2.635000e+02 -4.137100e-01
2.636000e+02 -4.082300e-01
2.637000e+02 -4.029700e-01
2.638000e+02 -3.979500e-01
2.639000e+02 -3.931400e-01
2.640000e+02 -3.885400e-01
2.641000e+02 -3.841100e-01
2.642000e+02 -3.798500e-01
2.643000e+02 -3.757100e-01
2.644000e+02 -3.716600e-01
2.645000e+02 -3.676800e-01
2.646000e+02 -3.637300e-01
2.647000e+02 -3.597500e-01
2.648000e+02 -3.557300e-01
2.649000e+02 -3.516000e-01
2.650000e+02 -3.473300e-01
2.651000e+02 -3.428900e-01
2.652000e+02 -3.382200e-01
2.653000e+02 -3.332900e-01
2.654000e+02 -3.280800e-01
2.655000e+02 -3.225500e-01
2.656000e+02 -3.166700e-01
2.657000e+02 -3.104400e-01
2.658000e+02 -3.038200e-01
2.659000e+02 -2.968200e-01
2.660000e+02 -2.894200e-01
2.661000e+02 -2.816300e-01
2.662000e+02 -2.734500e-01
2.663000e+02 -2.648900e-01
2.664000e+02 -2.559700e-01
2.665000e+02 -2.467000e-01
2.666000e+02 -2.370900e-01
2.667000e+02 -2.271800e-01
2.668000e+02 -2.169800e-01
2.669000e+02 -2.065100e-01
2.670000e+02 -1.957900e-01
2.671000e+02 -1.848500e-01
2.672000e+02 -1.737100e-01
2.673000e+02 -1.623900e-01
2.674000e+02 -1.509000e-01
2.675000e+02 -1.392600e-01
2.676000e+02 -1.275000e-01
2.677000e+02 -1.156200e-01
2.678000e+02 -1.036400e-01
2.679000e+02 -9.159100e-02
2.680000e+02 -7.947600e-02
2.681000e+02 -6.731800e-02
2.682000e+02 -5.513600e-02
2.683000e+02 -4.295200e-02
2.684000e+02 -3.079000e-02
2.685000e+02 -1.867400e-02
2.686000e+02 -6.631400e-03
2.687000e+02 5.308900e-03
2.688000e+02 1.711800e-02
2.689000e+02 2.876400e-02
2.690000e+02 4.021700e-02
2.691000e+02 5.144500e-02
2.692000e+02 6.241900e-02
2.693000e+02 7.310900e-02
2.694000e+02 8.349000e-02
2.695000e+02 9.353800e-02
2.696000e+02 1.032300e-01
2.697000e+02 1.125600e-01
2.698000e+02 1.215100e-01
2.699000e+02 1.300700e-01
2.700000e+02 1.382400e-01
2.701000e+02 1.460400e-01
2.702000e+02 1.534700e-01
2.703000e+02 1.605500e-01
2.704000e+02 1.672900e-01
2.705000e+02 1.737300e-01
2.706000e+02 1.799000e-01
2.707000e+02 1.858200e-01
2.708000e+02 1.915300e-01
2.709000e+02 1.970700e-01
2.710000e+02 2.024800e-01
2.711000e+02 2.077900e-01
2.712000e+02 2.130500e-01
2.713000e+02 2.182800e-01
2.714000e+02 2.235200e-01
2.715000e+02 2.288100e-01
2.716000e+02 2.341600e-01
2.717000e+02 2.396200e-01
2.718000e+02 2.451800e-01
2.719000e+02 2.508900e-01
2.720000e+02 2.567400e-01
2.721000e+02 2.627500e-01
2.722000e+02 2.689400e-01
2.723000e+02 2.753100e-01
2.724000e+02 2.818600e-01
2.725000e+02 2.885900e-01
2.726000e+02 2.955200e-01
2.727000e+02 3.026400e-01
2.728000e+02 3.099500e-01
2.729000e+02 3.174500e-01
2.730000e+02 3.251400e-01
2.731000e+02 3.330100e-01
2.732000e+02 3.410800e-01
2.733000e+02 3.493300e-01
2.734000e+02 3.577600e-01
2.735000e+02 3.663700e-01
2.736000e+02 3.751600e-01
2.737000e+02 3.841100e-01
2.738000e+02 3.932100e-01
2.739000e+02 4.024600e-01
2.740000e+02 4.118500e-01
2.741000e+02 4.213600e-01
2.742000e+02 4.309700e-01
2.743000e+02 4.406700e-01
2.744000e+02 4.504300e-01
2.745000e+02 4.602200e-01
2.746000e+02 4.700300e-01
2.747000e+02 4.798100e-01
2.748000e+02 4.895400e-01
2.749000e+02 4.991900e-01
2.750000e+02 5.087100e-01
2.751000e+02 5.180800e-01
2.752000e+02 5.272500e-01
2.753000e+02 5.362000e-01
2.754000e+02 5.448700e-01
2.755000e+02 5.532500e-01
2.756000e+02 5.612900e-01
2.757000e+02 5.689800e-01
2.758000e+02 5.762800e-01
2.759000e+02 5.831700e-01
2.760000e+02 5.896500e-01
2.761000e+02 5.956800e-01
2.762000e+02 6.012700e-01
2.763000e+02 6.064200e-01
2.764000e+02 6.111200e-01
2.765000e+02 6.153800e-01
2.766000e+02 6.192200e-01
2.767000e+02 6.226500e-01
2.768000e+02 6.256900e-01
2.769000e+02 6.283600e-01
2.770000e+02 6.306800e-01
2.771000e+02 6.326900e-01
2.772000e+02 6.344100e-01
2.773000e+02 6.358600e-01
2.774000e+02 6.370700e-01
2.775000e+02 6.380800e-01
2.776000e+02 6.389000e-01
2.777000e+02 6.395700e-01
2.778000e+02 6.401000e-01
2.779000e+02 6.405200e-01
2.780000e+02 6.408400e-01
2.781000e+02 6.410900e-01
2.782000e+02 6.412800e-01
2.783000e+02 6.414300e-01
2.784000e+02 6.415500e-01
2.785000e+02 6.416600e-01
2.786000e+02 6.417700e-01
2.787000e+02 6.419000e-01
2.788000e+02 6.420500e-01
2.789000e+02 6.422500e-01
2.790000e+02 6.424900e-01
2.791000e+02 6.428100e-01
2.792000e+02 6.432100e-01
2.793000e+02 6.437000e-01
2.794000e+02 6.443100e-01
2.795000e+02 6.450400e-01
2.796000e+02 6.459100e-01
2.797000e+02 6.469400e-01
2.798000e+02 6.481200e-01
2.799000e+02 6.494800e-01
2.800000e+02 6.510100e-01
2.801000e+02 6.527300e-01
2.802000e+02 6.546200e-01
2.803000e+02 6.566900e-01
2.804000e+02 6.589200e-01
2.805000e+02 6.613000e-01
2.806000e+02 6.638000e-01
2.807000e+02 6.664200e-01
2.808000e+02 6.691200e-01
2.809000e+02 6.718700e-01
2.810000e+02 6.746300e-01
2.811000e+02 6.773800e-01
2.812000e+02 6.800700e-01
2.813000e+02 6.826600e-01
2.814000e+02 6.851200e-01
2.815000e+02 6.874100e-01
2.816000e+02 6.894900e-01
2.817000e+02 6.913400e-01
2.818000e+02 6.929000e-01
2.819000e+02 6.941700e-01
2.820000e+02 6.951000e-01
2.821000e+02 6.956900e-01
2.822000e+02 6.959100e-01
2.823000e+02 6.957500e-01
2.824000e+02 6.952000e-01
2.825000e+02 6.942600e-01
2.826000e+02 6.929200e-01
2.827000e+02 6.911900e-01
2.828000e+02 6.890600e-01
2.829000e+02 6.865500e-01
2.830000e+02 6.836600e-01
2.831000e+02 6.804100e-01
2.832000e+02 6.767900e-01
2.833000e+02 6.728400e-01
2.834000e+02 6.685500e-01
2.835000e+02 6.639400e-01
2.836000e+02 6.590300e-01
2.837000e+02 6.538200e-01
2.838000e+02 6.483300e-01
2.839000e+02 6.425700e-01
2.840000e+02 6.365500e-01
2.841000e+02 6.302900e-01
2.842000e+02 6.238100e-01
2.843000e+02 6.171000e-01
2.844000e+02 6.102000e-01
2.845000e+02 6.031200e-01
2.846000e+02 5.958700e-01
2.847000e+02 5.884800e-01
2.848000e+02 5.809700e-01
2.849000e+02 5.733600e-01
2.850000e+02 5.656800e-01
2.851000e+02 5.579400e-01
2.852000e+02 5.501800e-01
2.853000e+02 5.424300e-01
2.854000e+02 5.347100e-01
2.855000e+02 5.270500e-01
2.856000e+02 5.194800e-01
2.857000e+02 5.120300e-01
2.858000e+02 5.047100e-01
2.859000e+02 4.975600e-01
2.860000e+02 4.905900e-01
2.861000e+02 4.838200e-01
2.862000e+02 4.772600e-01
2.863000e+02 4.709300e-01
2.864000e+02 4.648200e-01
2.865000e+02 4.589400e-01
2.866000e+02 4.532800e-01
2.867000e+02 4.478500e-01
2.868000e+02 4.426300e-01
2.869000e+02 4.376000e-01
2.870000e+02 4.327400e-01
2.871000e+02 4.280400e-01
2.872000e+02 4.234700e-01
2.873000e+02 4.190100e-01
2.874000e+02 4.146100e-01
2.875000e+02 4.102700e-01
2.876000e+02 4.059300e-01
2.877000e+02 4.015800e-01
2.878000e+02 3.971900e-01
2.879000e+02 3.927200e-01
2.880000e+02 3.881400e-01
2.881000e+02 3.834400e-01
2.882000e+02 3.785800e-01
2.883000e+02 3.735400e-01
2.884000e+02 3.683100e-01
2.885000e+02 3.628700e-01
2.886000e+02 3.572100e-01
2.887000e+02 3.513000e-01
2.888000e+02 3.451500e-01
2.889000e+02 3.387500e-01
2.890000e+02 3.321000e-01
2.891000e+02 3.251800e-01
2.892000e+02 3.179900e-01
2.893000e+02 3.105400e-01
2.894000e+02 3.028300e-01
2.895000e+02 2.948400e-01
2.896000e+02 2.865900e-01
2.897000e+02 2.780700e-01
2.898000e+02 2.692900e-01
2.899000e+02 2.602300e-01
2.900000e+02 2.509200e-01
2.901000e+02 2.413300e-01
2.902000e+02 2.314900e-01
2.903000e+02 2.213900e-01
2.904000e+02 2.110400e-01
2.905000e+02 2.004500e-01
2.906000e+02 1.896300e-01
2.907000e+02 1.785900e-01
2.908000e+02 1.673400e-01
2.909000e+02 1.559100e-01
2.910000e+02 1.443200e-01
2.911000e+02 1.326000e-01
2.912000e+02 1.207600e-01
2.913000e+02 1.088500e-01
2.914000e+02 9.689200e-02
2.915000e+02 8.491900e-02
2.916000e+02 7.296900e-02
2.917000e+02 6.107600e-02
2.918000e+02 4.927400e-02
2.919000e+02 3.759800e-02
2.920000e+02 2.608000e-02
2.921000e+02 1.475100e-02
2.922000e+02 3.636500e-03
2.923000e+02 -7.238100e-03
2.924000e+02 -1.785200e-02
2.925000e+02 -2.818800e-02
2.926000e+02 -3.823600e-02
2.927000e+02 -4.798600e-02
2.928000e+02 -5.743500e-02
2.929000e+02 -6.658400e-02
2.930000e+02 -7.543700e-02
2.931000e+02 -8.400100e-02
2.932000e+02 -9.228800e-02
2.933000e+02 -1.003100e-01
2.934000e+02 -1.080900e-01
2.935000e+02 -1.156300e-01
2.936000e+02 -1.229700e-01
2.937000e+02 -1.301100e-01
2.938000e+02 -1.370800e-01
2.939000e+02 -1.439000e-01
2.940000e+02 -1.505800e-01
2.941000e+02 -1.571500e-01
2.942000e+02 -1.636200e-01
2.943000e+02 -1.700000e-01
2.944000e+02 -1.763100e-01
2.945000e+02 -1.825700e-01
2.946000e+02 -1.887900e-01
2.947000e+02 -1.949900e-01
2.948000e+02 -2.011700e-01
2.949000e+02 -2.073500e-01
2.950000e+02 -2.135500e-01
2.951000e+02 -2.197800e-01
2.952000e+02 -2.260600e-01
2.953000e+02 -2.324000e-01
2.954000e+02 -2.388200e-01
2.955000e+02 -2.453200e-01
2.956000e+02 -2.519400e-01
2.957000e+02 -2.586800e-01
2.958000e+02 -2.655600e-01
2.959000e+02 -2.726000e-01
2.960000e+02 -2.798100e-01
2.961000e+02 -2.872000e-01
2.962000e+02 -2.947800e-01
2.963000e+02 -3.025600e-01
2.964000e+02 -3.105500e-01
2.965000e+02 -3.187600e-01
2.966000e+02 -3.271800e-01
2.967000e+02 -3.358000e-01
2.968000e+02 -3.446300e-01
2.969000e+02 -3.536600e-01
2.970000e+02 -3.628600e-01
2.971000e+02 -3.722300e-01
2.972000e+02 -3.817400e-01
2.973000e+02 -3.913700e-01
2.974000e+02 -4.011000e-01
2.975000e+02 -4.109000e-01
2.976000e+02 -4.207300e-01
2.977000e+02 -4.305700e-01
2.978000e+02 -4.403800e-01
2.979000e+02 -4.501300e-01
2.980000e+02 -4.597900e-01
2.981000e+02 -4.693300e-01
2.982000e+02 -4.787100e-01
2.983000e+02 -4.879100e-01
2.984000e+02 -4.968900e-01
2.985000e+02 -5.056400e-01
2.986000e+02 -5.141400e-01
2.987000e+02 -5.223500e-01
2.988000e+02 -5.302800e-01
2.989000e+02 -5.378900e-01
2.990000e+02 -5.451900e-01
2.991000e+02 -5.521700e-01
2.992000e+02 -5.588200e-01
2.993000e+02 -5.651300e-01
2.994000e+02 -5.711200e-01
2.995000e+02 -5.767700e-01
2.996000e+02 -5.821000e-01
2.997000e+02 -5.871100e-01
2.998000e+02 -5.918100e-01
2.999000e+02 -5.962000e-01
3.000000e+02 -6.002900e-01
3.001000e+02 -6.040900e-01
3.002000e+02 -6.076100e-01
3.003000e+02 -6.108500e-01
3.004000e+02 -6.138300e-01
3.005000e+02 -6.165600e-01
3.006000e+02 -6.190400e-01
3.007000e+02 -6.212900e-01
3.008000e+02 -6.233100e-01
3.009000e+02 -6.251200e-01
3.010000e+02 -6.267400e-01
3.011000e+02 -6.281700e-01
3.012000e+02 -6.294300e-01
3.013000e+02 -6.305400e-01
3.014000e+02 -6.315200e-01
3.015000e+02 -6.323900e-01
3.016000e+02 -6.331700e-01
3.017000e+02 -6.338700e-01
3.018000e+02 -6.345300e-01
3.019000e+02 -6.351700e-01
3.020000e+02 -6.358100e-01
3.021000e+02 -6.364700e-01
3.022000e+02 -6.371900e-01
3.023000e+02 -6.379900e-01
3.024000e+02 -6.388800e-01
3.025000e+02 -6.398800e-01
3.026000e+02 -6.410200e-01
3.027000e+02 -6.423100e-01
3.028000e+02 -6.437500e-01
3.029000e+02 -6.453500e-01
3.030000e+02 -6.471200e-01
3.031000e+02 -6.490600e-01
3.032000e+02 -6.511500e-01
3.033000e+02 -6.533900e-01
3.034000e+02 -6.557800e-01
3.035000e+02 -6.582800e-01
3.036000e+02 -6.608800e-01
3.037000e+02 -6.635700e-01
3.038000e+02 -6.663100e-01
3.039000e+02 -6.690800e-01
3.040000e+02 -6.718500e-01
3.041000e+02 -6.746000e-01
3.042000e+02 -6.773000e-01
3.043000e+02 -6.799300e-01
3.044000e+02 -6.824500e-01
3.045000e+02 -6.848600e-01
3.046000e+02 -6.871200e-01
3.047000e+02 -6.892100e-01
3.048000e+02 -6.911200e-01
3.049000e+02 -6.928400e-01
3.050000e+02 -6.943300e-01
3.051000e+02 -6.956000e-01
3.052000e+02 -6.966300e-01
3.053000e+02 -6.974100e-01
3.054000e+02 -6.979300e-01
3.055000e+02 -6.981700e-01
3.056000e+02 -6.981400e-01
3.057000e+02 -6.978200e-01
3.058000e+02 -6.972000e-01
3.059000e+02 -6.962800e-01
3.060000e+02 -6.950600e-01
3.061000e+02 -6.935200e-01
3.062000e+02 -6.916600e-01
3.063000e+02 -6.894700e-01
3.064000e+02 -6.869600e-01
3.065000e+02 -6.841100e-01
3.066000e+02 -6.809300e-01
3.067000e+02 -6.774100e-01
3.068000e+02 -6.735700e-01
3.069000e+02 -6.693900e-01
3.070000e+02 -6.648900e-01
3.071000e+02 -6.600800e-01
3.072000e+02 -6.549600e-01
3.073000e+02 -6.495600e-01
3.074000e+02 -6.438800e-01
3.075000e+02 -6.379600e-01
3.076000e+02 -6.318000e-01
3.077000e+02 -6.254500e-01
3.078000e+02 -6.189100e-01
3.079000e+02 -6.122300e-01
3.080000e+02 -6.054300e-01
3.081000e+02 -5.985400e-01
3.082000e+02 -5.915900e-01
3.083000e+02 -5.846000e-01
3.084000e+02 -5.776100e-01
3.085000e+02 -5.706500e-01
3.086000e+02 -5.637300e-01
3.087000e+02 -5.568900e-01
3.088000e+02 -5.501300e-01
3.089000e+02 -5.434900e-01
3.090000e+02 -5.369700e-01
3.091000e+02 -5.305800e-01
3.092000e+02 -5.243400e-01
3.093000e+02 -5.182500e-01
3.094000e+02 -5.123100e-01
3.095000e+02 -5.065200e-01
3.096000e+02 -5.008700e-01
3.097000e+02 -4.953800e-01
3.098000e+02 -4.900200e-01
3.099000e+02 -4.847900e-01
3.100000e+02 -4.796700e-01
3.101000e+02 -4.746500e-01
3.102000e+02 -4.697200e-01
3.103000e+02 -4.648600e-01
3.104000e+02 -4.600600e-01
3.105000e+02 -4.553100e-01
3.106000e+02 -4.505800e-01
3.107000e+02 -4.458700e-01
3.108000e+02 -4.411600e-01
3.109000e+02 -4.364300e-01
3.110000e+02 -4.316700e-01
3.111000e+02 -4.268700e-01
3.112000e+02 -4.220100e-01
3.113000e+02 -4.170800e-01
3.114000e+02 -4.120600e-01
3.115000e+02 -4.069500e-01
3.116000e+02 -4.017200e-01
3.117000e+02 -3.963700e-01
3.118000e+02 -3.908700e-01
3.119000e+02 -3.852200e-01
3.120000e+02 -3.794100e-01
3.121000e+02 -3.734100e-01
3.122000e+02 -3.672100e-01
3.123000e+02 -3.608000e-01
3.124000e+02 -3.541600e-01
3.125000e+02 -3.472800e-01
3.126000e+02 -3.401400e-01
3.127000e+02 -3.327300e-01
3.128000e+02 -3.250500e-01
3.129000e+02 -3.170800e-01
3.130000e+02 -3.088200e-01
3.131000e+02 -3.002600e-01
3.132000e+02 -2.914100e-01
3.133000e+02 -2.822700e-01
3.134000e+02 -2.728400e-01
3.135000e+02 -2.631300e-01
3.136000e+02 -2.531600e-01
3.137000e+02 -2.429400e-01
3.138000e+02 -2.324900e-01
3.139000e+02 -2.218300e-01
3.140000e+02 -2.109800e-01
3.141000e+02 -1.999800e-01
3.142000e+02 -1.888400e-01
3.143000e+02 -1.776000e-01
3.144000e+02 -1.662900e-01
3.145000e+02 -1.549400e-01
3.146000e+02 -1.435700e-01
3.147000e+02 -1.322100e-01
3.148000e+02 -1.208900e-01
3.149000e+02 -1.096400e-01
3.150000e+02 -9.848200e-02
3.151000e+02 -8.743200e-02
3.152000e+02 -7.650900e-02
3.153000e+02 -6.572900e-02
3.154000e+02 -5.510600e-02
3.155000e+02 -4.464900e-02
3.156000e+02 -3.436600e-02
3.157000e+02 -2.426500e-02
3.158000e+02 -1.434900e-02
3.159000e+02 -4.622000e-03
3.160000e+02 4.915400e-03
3.161000e+02 1.426200e-02
3.162000e+02 2.341900e-02
3.163000e+02 3.238700e-02
3.164000e+02 4.116900e-02
3.165000e+02 4.976500e-02
3.166000e+02 5.817800e-02
3.167000e+02 6.641100e-02
3.168000e+02 7.446600e-02
3.169000e+02 8.234600e-02
3.170000e+02 9.005600e-02
3.171000e+02 9.760200e-02
3.172000e+02 1.049900e-01
3.173000e+02 1.122300e-01
3.174000e+02 1.193200e-01
3.175000e+02 1.262800e-01
3.176000e+02 1.331300e-01
3.177000e+02 1.398700e-01
3.178000e+02 1.465300e-01
3.179000e+02 1.531100e-01
3.180000e+02 1.596500e-01
3.181000e+02 1.661500e-01
3.182000e+02 1.726400e-01
3.183000e+02 1.791500e-01
3.184000e+02 1.857000e-01
3.185000e+02 1.923000e-01
3.186000e+02 1.989800e-01
3.187000e+02 2.057600e-01
3.188000e+02 2.126600e-01
3.189000e+02 2.197000e-01
3.190000e+02 2.268900e-01
3.191000e+02 2.342400e-01
3.192000e+02 2.417800e-01
3.193000e+02 2.495000e-01
3.194000e+02 2.574000e-01
3.195000e+02 2.655100e-01
3.196000e+02 2.738000e-01
3.197000e+02 2.822800e-01
3.198000e+02 2.909400e-01
3.199000e+02 2.997600e-01
3.200000e+02 3.087500e-01
3.201000e+02 3.178800e-01
3.202000e+02 3.271300e-01
3.203000e+02 3.364800e-01
3.204000e+02 3.459300e-01
3.205000e+02 3.554400e-01
3.206000e+02 3.650000e-01
3.207000e+02 3.745800e-01
3.208000e+02 3.841700e-01
3.209000e+02 3.937400e-01
3.210000e+02 4.032700e-01
3.211000e+02 4.127400e-01
3.212000e+02 4.221400e-01
3.213000e+02 4.314400e-01
3.214000e+02 4.406300e-01
3.215000e+02 4.496800e-01
3.216000e+02 4.586000e-01
3.217000e+02 4.673500e-01
3.218000e+02 4.759200e-01
3.219000e+02 4.843200e-01
3.220000e+02 4.925100e-01
3.221000e+02 5.005000e-01
3.222000e+02 5.082600e-01
3.223000e+02 5.157800e-01
3.224000e+02 5.230700e-01
3.225000e+02 5.301000e-01
3.226000e+02 5.368800e-01
3.227000e+02 5.433800e-01
3.228000e+02 5.496200e-01
3.229000e+02 5.555600e-01
3.230000e+02 5.612200e-01
3.231000e+02 5.665900e-01
3.232000e+02 5.716600e-01
3.233000e+02 5.764400e-01
3.234000e+02 5.809300e-01
3.235000e+02 5.851200e-01
3.236000e+02 5.890200e-01
3.237000e+02 5.926400e-01
3.238000e+02 5.959900e-01
3.239000e+02 5.990900e-01
3.240000e+02 6.019300e-01
3.241000e+02 6.045500e-01
3.242000e+02 6.069500e-01
3.243000e+02 6.091700e-01
3.244000e+02 6.112100e-01
3.245000e+02 6.131100e-01
3.246000e+02 6.148900e-01
3.247000e+02 6.165700e-01
3.248000e+02 6.181800e-01
3.249000e+02 6.197400e-01
3.250000e+02 6.212800e-01
3.251000e+02 6.228200e-01
3.252000e+02 6.243700e-01
3.253000e+02 6.259700e-01
3.254000e+02 6.276200e-01
3.255000e+02 6.293400e-01
3.256000e+02 6.311400e-01
3.257000e+02 6.330200e-01
3.258000e+02 6.350000e-01
3.259000e+02 6.370700e-01
3.260000e+02 6.392400e-01
3.261000e+02 6.415100e-01
3.262000e+02 6.438600e-01
3.263000e+02 6.463000e-01
3.264000e+02 6.488000e-01
3.265000e+02 6.513800e-01
3.266000e+02 6.540000e-01
3.267000e+02 6.566700e-01
3.268000e+02 6.593700e-01
3.269000e+02 6.620900e-01
3.270000e+02 6.648200e-01
3.271000e+02 6.675500e-01
3.272000e+02 6.702500e-01
3.273000e+02 6.729300e-01
3.274000e+02 6.755700e-01
3.275000e+02 6.781600e-01
3.276000e+02 6.806900e-01
3.277000e+02 6.831400e-01
3.278000e+02 6.855000e-01
3.279000e+02 6.877600e-01
3.280000e+02 6.899100e-01
3.281000e+02 6.919300e-01
3.282000e+02 6.938000e-01
3.283000e+02 6.955100e-01
3.284000e+02 6.970600e-01
3.285000e+02 6.984000e-01
3.286000e+02 6.995400e-01
3.287000e+02 7.004600e-01
3.288000e+02 7.011300e-01
3.289000e+02 7.015400e-01
3.290000e+02 7.016700e-01
3.291000e+02 7.015200e-01
3.292000e+02 7.010600e-01
3.293000e+02 7.002800e-01
3.294000e+02 6.991800e-01
3.295000e+02 6.977500e-01
3.296000e+02 6.959800e-01
3.297000e+02 6.938700e-01
3.298000e+02 6.914200e-01
3.299000e+02 6.886400e-01
3.300000e+02 6.855300e-01
3.301000e+02 6.821000e-01
3.302000e+02 6.783700e-01
3.303000e+02 6.743500e-01
3.304000e+02 6.700600e-01
3.305000e+02 6.655100e-01
3.306000e+02 6.607200e-01
3.307000e+02 6.557200e-01
3.308000e+02 6.505300e-01
3.309000e+02 6.451700e-01
3.310000e+02 6.396700e-01
3.311000e+02 6.340300e-01
3.312000e+02 6.283000e-01
3.313000e+02 6.224900e-01
3.314000e+02 6.166100e-01
3.315000e+02 6.106900e-01
3.316000e+02 6.047400e-01
3.317000e+02 5.987800e-01
3.318000e+02 5.928300e-01
3.319000e+02 5.868900e-01
3.320000e+02 5.809800e-01
3.321000e+02 5.751000e-01
3.322000e+02 5.692600e-01
3.323000e+02 5.634800e-01
3.324000e+02 5.577500e-01
3.325000e+02 5.520800e-01
3.326000e+02 5.464900e-01
3.327000e+02 5.409600e-01
3.328000e+02 5.355000e-01
3.329000e+02 5.301200e-01
3.330000e+02 5.248100e-01
3.331000e+02 5.195700e-01
3.332000e+02 5.144000e-01
3.333000e+02 5.093000e-01
3.334000e+02 5.042700e-01
3.335000e+02 4.993000e-01
3.336000e+02 4.943800e-01
3.337000e+02 4.895200e-01
3.338000e+02 4.847100e-01
3.339000e+02 4.799400e-01
3.340000e+02 4.751900e-01
3.341000e+02 4.704600e-01
3.342000e+02 4.657300e-01
3.343000e+02 4.610000e-01
3.344000e+02 4.562400e-01
3.345000e+02 4.514400e-01
3.346000e+02 4.465800e-01
3.347000e+02 4.416500e-01
3.348000e+02 4.366200e-01
3.349000e+02 4.314700e-01
3.350000e+02 4.261900e-01
3.351000e+02 4.207500e-01
3.352000e+02 4.151400e-01
3.353000e+02 4.093400e-01
3.354000e+02 4.033400e-01
3.355000e+02 3.971100e-01
3.356000e+02 3.906400e-01
3.357000e+02 3.839300e-01
3.358000e+02 3.769500e-01
3.359000e+02 3.697200e-01
3.360000e+02 3.622100e-01
3.361000e+02 3.544400e-01
3.362000e+02 3.464000e-01
3.363000e+02 3.380900e-01
3.364000e+02 3.295200e-01
3.365000e+02 3.207100e-01
3.366000e+02 3.116500e-01
3.367000e+02 3.023700e-01
3.368000e+02 2.928800e-01
3.369000e+02 2.832000e-01
3.370000e+02 2.733400e-01
3.371000e+02 2.633200e-01
3.372000e+02 2.531600e-01
3.373000e+02 2.428800e-01
3.374000e+02 2.325000e-01
3.375000e+02 2.220300e-01
3.376000e+02 2.115000e-01
3.377000e+02 2.009100e-01
3.378000e+02 1.902900e-01
3.379000e+02 1.796500e-01
3.380000e+02 1.690000e-01
3.381000e+02 1.583600e-01
3.382000e+02 1.477400e-01
3.383000e+02 1.371500e-01
3.384000e+02 1.266100e-01
3.385000e+02 1.161300e-01
3.386000e+02 1.057200e-01
3.387000e+02 9.538300e-02
3.388000e+02 8.514200e-02
3.389000e+02 7.500300e-02
3.390000e+02 6.497900e-02
3.391000e+02 5.507900e-02
3.392000e+02 4.531400e-02
3.393000e+02 3.569500e-02
3.394000e+02 2.623200e-02
3.395000e+02 1.693300e-02
3.396000e+02 7.805900e-03
3.397000e+02 -1.142600e-03
3.398000e+02 -9.908000e-03
3.399000e+02 -1.848800e-02
3.400000e+02 -2.688200e-02
3.401000e+02 -3.509200e-02
3.402000e+02 -4.312600e-02
3.403000e+02 -5.099000e-02
3.404000e+02 -5.869200e-02
3.405000e+02 -6.624200e-02
3.406000e+02 -7.365500e-02
3.407000e+02 -8.094600e-02
3.408000e+02 -8.813300e-02
3.409000e+02 -9.523500e-02
3.410000e+02 -1.022700e-01
3.411000e+02 -1.092600e-01
3.412000e+02 -1.162300e-01
3.413000e+02 -1.232000e-01
3.414000e+02 -1.301800e-01
3.415000e+02 -1.371900e-01
3.416000e+02 -1.442600e-01
3.417000e+02 -1.514100e-01
3.418000e+02 -1.586400e-01
3.419000e+02 -1.659700e-01
3.420000e+02 -1.734000e-01
3.421000e+02 -1.809600e-01
3.422000e+02 -1.886500e-01
3.423000e+02 -1.964600e-01
3.424000e+02 -2.044100e-01
3.425000e+02 -2.125000e-01
3.426000e+02 -2.207100e-01
3.427000e+02 -2.290700e-01
3.428000e+02 -2.375500e-01
3.429000e+02 -2.461500e-01
3.430000e+02 -2.548700e-01
3.431000e+02 -2.637100e-01
3.432000e+02 -2.726400e-01
3.433000e+02 -2.816800e-01
3.434000e+02 -2.908000e-01
3.435000e+02 -2.999900e-01
3.436000e+02 -3.092600e-01
3.437000e+02 -3.185900e-01
3.438000e+02 -3.279600e-01
3.439000e+02 -3.373700e-01
3.440000e+02 -3.468000e-01
3.441000e+02 -3.562400e-01
3.442000e+02 -3.656800e-01
3.443000e+02 -3.751000e-01
3.444000e+02 -3.845000e-01
3.445000e+02 -3.938500e-01
3.446000e+02 -4.031400e-01
3.447000e+02 -4.123600e-01
3.448000e+02 -4.214900e-01
3.449000e+02 -4.305100e-01
3.450000e+02 -4.394100e-01
3.451000e+02 -4.481600e-01
3.452000e+02 -4.567600e-01
3.453000e+02 -4.651800e-01
3.454000e+02 -4.734000e-01
3.455000e+02 -4.814300e-01
3.456000e+02 -4.892200e-01
3.457000e+02 -4.967800e-01
3.458000e+02 -5.041000e-01
3.459000e+02 -5.111500e-01
3.460000e+02 -5.179300e-01
3.461000e+02 -5.244400e-01
3.462000e+02 -5.306600e-01
3.463000e+02 -5.366100e-01
3.464000e+02 -5.422700e-01
3.465000e+02 -5.476400e-01
3.466000e+02 -5.527400e-01
3.467000e+02 -5.575700e-01
3.468000e+02 -5.621400e-01
3.469000e+02 -5.664600e-01
3.470000e+02 -5.705400e-01
3.471000e+02 -5.744000e-01
3.472000e+02 -5.780500e-01
3.473000e+02 -5.815100e-01
3.474000e+02 -5.847900e-01
3.475000e+02 -5.879300e-01
3.476000e+02 -5.909300e-01
3.477000e+02 -5.938100e-01
3.478000e+02 -5.965900e-01
3.479000e+02 -5.992900e-01
3.480000e+02 -6.019200e-01
3.481000e+02 -6.044900e-01
3.482000e+02 -6.070300e-01
3.483000e+02 -6.095400e-01
3.484000e+02 -6.120300e-01
3.485000e+02 -6.145200e-01
3.486000e+02 -6.170000e-01
3.487000e+02 -6.194900e-01
3.488000e+02 -6.220000e-01
3.489000e+02 -6.245200e-01
3.490000e+02 -6.270700e-01
3.491000e+02 -6.296400e-01
3.492000e+02 -6.322400e-01
3.493000e+02 -6.348700e-01
3.494000e+02 -6.375300e-01
3.495000e+02 -6.402300e-01
3.496000e+02 -6.429600e-01
3.497000e+02 -6.457200e-01
3.498000e+02 -6.485200e-01
3.499000e+02 -6.513500e-01
3.500000e+02 -6.542200e-01
3.501000e+02 -6.571100e-01
3.502000e+02 -6.600200e-01
3.503000e+02 -6.629500e-01
3.504000e+02 -6.658900e-01
3.505000e+02 -6.688300e-01
3.506000e+02 -6.717700e-01
3.507000e+02 -6.747000e-01
3.508000e+02 -6.775900e-01
3.509000e+02 -6.804300e-01
3.510000e+02 -6.832200e-01
3.511000e+02 -6.859200e-01
3.512000e+02 -6.885300e-01
3.513000e+02 -6.910200e-01
3.514000e+02 -6.933800e-01
3.515000e+02 -6.955800e-01
3.516000e+02 -6.976100e-01
3.517000e+02 -6.994400e-01
3.518000e+02 -7.010500e-01
3.519000e+02 -7.024300e-01
3.520000e+02 -7.035700e-01
3.521000e+02 -7.044400e-01
3.522000e+02 -7.050300e-01
3.523000e+02 -7.053400e-01
3.524000e+02 -7.053600e-01
3.525000e+02 -7.050800e-01
3.526000e+02 -7.044900e-01
3.527000e+02 -7.036100e-01
3.528000e+02 -7.024300e-01
3.529000e+02 -7.009400e-01
3.530000e+02 -6.991700e-01
3.531000e+02 -6.971100e-01
3.532000e+02 -6.947800e-01
3.533000e+02 -6.921800e-01
3.534000e+02 -6.893200e-01
3.535000e+02 -6.862300e-01
3.536000e+02 -6.829000e-01
3.537000e+02 -6.793500e-01
3.538000e+02 -6.756000e-01
3.539000e+02 -6.716500e-01
3.540000e+02 -6.675300e-01
3.541000e+02 -6.632300e-01
3.542000e+02 -6.587800e-01
3.543000e+02 -6.542000e-01
3.544000e+02 -6.494800e-01
3.545000e+02 -6.446400e-01
3.546000e+02 -6.397000e-01
3.547000e+02 -6.346700e-01
3.548000e+02 -6.295600e-01
3.549000e+02 -6.243900e-01
3.550000e+02 -6.191500e-01
3.551000e+02 -6.138700e-01
3.552000e+02 -6.085600e-01
3.553000e+02 -6.032300e-01
3.554000e+02 -5.978900e-01
3.555000e+02 -5.925500e-01
3.556000e+02 -5.872200e-01
3.557000e+02 -5.819200e-01
3.558000e+02 -5.766500e-01
3.559000e+02 -5.714100e-01
3.560000e+02 -5.662300e-01
3.561000e+02 -5.611000e-01
3.562000e+02 -5.560300e-01
3.563000e+02 -5.510200e-01
3.564000e+02 -5.460800e-01
3.565000e+02 -5.412100e-01
3.566000e+02 -5.364000e-01
3.567000e+02 -5.316500e-01
3.568000e+02 -5.269700e-01
3.569000e+02 -5.223300e-01
3.570000e+02 -5.177400e-01
3.571000e+02 -5.131800e-01
3.572000e+02 -5.086400e-01
3.573000e+02 -5.041000e-01
3.574000e+02 -4.995600e-01
3.575000e+02 -4.949800e-01
3.576000e+02 -4.903700e-01
3.577000e+02 -4.857000e-01
3.578000e+02 -4.809600e-01
3.579000e+02 -4.761200e-01
3.580000e+02 -4.711800e-01
3.581000e+02 -4.661000e-01
3.582000e+02 -4.608800e-01
3.583000e+02 -4.555000e-01
3.584000e+02 -4.499400e-01
3.585000e+02 -4.442100e-01
3.586000e+02 -4.382800e-01
3.587000e+02 -4.321500e-01
3.588000e+02 -4.258100e-01
3.589000e+02 -4.192500e-01
3.590000e+02 -4.124800e-01
3.591000e+02 -4.054900e-01
3.592000e+02 -3.982800e-01
3.593000e+02 -3.908400e-01
3.594000e+02 -3.831900e-01
3.595000e+02 -3.753300e-01
3.596000e+02 -3.672600e-01
3.597000e+02 -3.589800e-01
3.598000e+02 -3.505100e-01
3.599000e+02 -3.418400e-01
3.600000e+02 -3.330000e-01
3.601000e+02 -3.239800e-01
3.602000e+02 -3.147900e-01
3.603000e+02 -3.054400e-01
3.604000e+02 -2.959400e-01
3.605000e+02 -2.863000e-01
3.606000e+02 -2.765300e-01
3.607000e+02 -2.666400e-01
3.608000e+02 -2.566500e-01
3.609000e+02 -2.465500e-01
3.610000e+02 -2.363700e-01
3.611000e+02 -2.261200e-01
3.612000e+02 -2.158000e-01
3.613000e+02 -2.054500e-01
3.614000e+02 -1.950700e-01
3.615000e+02 -1.846700e-01
3.616000e+02 -1.742800e-01
3.617000e+02 -1.639200e-01
3.618000e+02 -1.535800e-01
3.619000e+02 -1.433100e-01
3.620000e+02 -1.331000e-01
3.621000e+02 -1.229800e-01
3.622000e+02 -1.129700e-01
3.623000e+02 -1.030700e-01
3.624000e+02 -9.329100e-02
3.625000e+02 -8.365300e-02
3.626000e+02 -7.416300e-02
3.627000e+02 -6.482700e-02
3.628000e+02 -5.564900e-02
3.629000e+02 -4.663200e-02
3.630000e+02 -3.777400e-02
3.631000e+02 -2.907400e-02
3.632000e+02 -2.053100e-02
3.633000e+02 -1.213400e-02
3.634000e+02 -3.875400e-03
3.635000e+02 4.251300e-03
3.636000e+02 1.225900e-02
3.637000e+02 2.016100e-02
3.638000e+02 2.796700e-02
3.639000e+02 3.569300e-02
3.640000e+02 4.335000e-02
3.641000e+02 5.095400e-02
3.642000e+02 5.851900e-02
3.643000e+02 6.605900e-02
3.644000e+02 7.358600e-02
3.645000e+02 8.111200e-02
3.646000e+02 8.864900e-02
3.647000e+02 9.620700e-02
3.648000e+02 1.038000e-01
3.649000e+02 1.114300e-01
3.650000e+02 1.191100e-01
3.651000e+02 1.268400e-01
3.652000e+02 1.346400e-01
3.653000e+02 1.425100e-01
3.654000e+02 1.504500e-01
3.655000e+02 1.584700e-01
3.656000e+02 1.665700e-01
3.657000e+02 1.747700e-01
3.658000e+02 1.830500e-01
3.659000e+02 1.914300e-01
3.660000e+02 1.999000e-01
3.661000e+02 2.084700e-01
3.662000e+02 2.171400e-01
3.663000e+02 2.259100e-01
3.664000e+02 2.347800e-01
3.665000e+02 2.437400e-01
3.666000e+02 2.527900e-01
3.667000e+02 2.619400e-01
3.668000e+02 2.711700e-01
3.669000e+02 2.804700e-01
3.670000e+02 2.898500e-01
3.671000e+02 2.992800e-01
3.672000e+02 3.087600e-01
3.673000e+02 3.182800e-01
3.674000e+02 3.278200e-01
3.675000e+02 3.373600e-01
3.676000e+02 3.469000e-01
3.677000e+02 3.564200e-01
3.678000e+02 3.658900e-01
3.679000e+02 3.753100e-01
3.680000e+02 3.846500e-01
3.681000e+02 3.938900e-01
3.682000e+02 4.030200e-01
3.683000e+02 4.120300e-01
3.684000e+02 4.208800e-01
3.685000e+02 4.295700e-01
3.686000e+02 4.380900e-01
3.687000e+02 4.464100e-01
3.688000e+02 4.545300e-01
3.689000e+02 4.624400e-01
3.690000e+02 4.701200e-01
3.691000e+02 4.775800e-01
3.692000e+02 4.848000e-01
3.693000e+02 4.917800e-01
3.694000e+02 4.985300e-01
3.695000e+02 5.050400e-01
3.696000e+02 5.113100e-01
3.697000e+02 5.173400e-01
3.698000e+02 5.231500e-01
3.699000e+02 5.287300e-01
3.700000e+02 5.341000e-01
3.701000e+02 5.392700e-01
3.702000e+02 5.442300e-01
3.703000e+02 5.490100e-01
3.704000e+02 5.536000e-01
3.705000e+02 5.580300e-01
3.706000e+02 5.623000e-01
3.707000e+02 5.664100e-01
3.708000e+02 5.703900e-01
3.709000e+02 5.742400e-01
3.710000e+02 5.779700e-01
3.711000e+02 5.815800e-01
3.712000e+02 5.850900e-01
3.713000e+02 5.885100e-01
3.714000e+02 5.918500e-01
3.715000e+02 5.951200e-01
3.716000e+02 5.983200e-01
3.717000e+02 6.014700e-01
3.718000e+02 6.045800e-01
3.719000e+02 6.076500e-01
3.720000e+02 6.106900e-01
3.721000e+02 6.137200e-01
3.722000e+02 6.167400e-01
3.723000e+02 6.197700e-01
3.724000e+02 6.228000e-01
3.725000e+02 6.258400e-01
3.726000e+02 6.289100e-01
3.727000e+02 6.320000e-01
3.728000e+02 6.351200e-01
3.729000e+02 6.382700e-01
3.730000e+02 6.414600e-01
3.731000e+02 6.446800e-01
3.732000e+02 6.479300e-01
3.733000e+02 6.512200e-01
3.734000e+02 6.545200e-01
3.735000e+02 6.578400e-01
3.736000e+02 6.611700e-01
3.737000e+02 6.644900e-01
3.738000e+02 6.677900e-01
3.739000e+02 6.710700e-01
3.740000e+02 6.743000e-01
3.741000e+02 6.774700e-01
3.742000e+02 6.805600e-01
3.743000e+02 6.835600e-01
3.744000e+02 6.864500e-01
3.745000e+02 6.892100e-01
3.746000e+02 6.918300e-01
3.747000e+02 6.942900e-01
3.748000e+02 6.965900e-01
3.749000e+02 6.987000e-01
3.750000e+02 7.006100e-01
3.751000e+02 7.023100e-01
3.752000e+02 7.038000e-01
3.753000e+02 7.050600e-01
3.754000e+02 7.060900e-01
3.755000e+02 7.068800e-01
3.756000e+02 7.074300e-01
3.757000e+02 7.077300e-01
3.758000e+02 7.077900e-01
3.759000e+02 7.076000e-01
3.760000e+02 7.071700e-01
3.761000e+02 7.064800e-01
3.762000e+02 7.055500e-01
3.763000e+02 7.043800e-01
3.764000e+02 7.029600e-01
3.765000e+02 7.013000e-01
3.766000e+02 6.994100e-01
3.767000e+02 6.972900e-01
3.768000e+02 6.949400e-01
3.769000e+02 6.923600e-01
3.770000e+02 6.895700e-01
3.771000e+02 6.865800e-01
3.772000e+02 6.833800e-01
3.773000e+02 6.799900e-01
3.774000e+02 6.764100e-01
3.775000e+02 6.726700e-01
3.776000e+02 6.687700e-01
3.777000e+02 6.647100e-01
3.778000e+02 6.605200e-01
3.779000e+02 6.562000e-01
3.780000e+02 6.517800e-01
3.781000e+02 6.472500e-01
3.782000e+02 6.426500e-01
3.783000e+02 6.379800e-01
3.784000e+02 6.332500e-01
3.785000e+02 6.284900e-01
3.786000e+02 6.236900e-01
3.787000e+02 6.188900e-01
3.788000e+02 6.140700e-01
3.789000e+02 6.092700e-01
3.790000e+02 6.044800e-01
3.791000e+02 5.997200e-01
3.792000e+02 5.949800e-01
3.793000e+02 5.902800e-01
3.794000e+02 5.856100e-01
3.795000e+02 5.809900e-01
3.796000e+02 5.764000e-01
3.797000e+02 5.718600e-01
3.798000e+02 5.673500e-01
3.799000e+02 5.628700e-01
3.800000e+02 5.584100e-01
3.801000e+02 5.539700e-01
3.802000e+02 5.495400e-01
3.803000e+02 5.451100e-01
3.804000e+02 5.406600e-01
3.805000e+02 5.361900e-01
3.806000e+02 5.316900e-01
3.807000e+02 5.271400e-01
3.808000e+02 5.225300e-01
3.809000e+02 5.178500e-01
3.810000e+02 5.131000e-01
3.811000e+02 5.082500e-01
3.812000e+02 5.033000e-01
3.813000e+02 4.982300e-01
3.814000e+02 4.930400e-01
3.815000e+02 4.877200e-01
3.816000e+02 4.822600e-01
3.817000e+02 4.766600e-01
3.818000e+02 4.708900e-01
3.819000e+02 4.649700e-01
3.820000e+02 4.588800e-01
3.821000e+02 4.526100e-01
3.822000e+02 4.461700e-01
3.823000e+02 4.395500e-01
3.824000e+02 4.327400e-01
3.825000e+02 4.257500e-01
3.826000e+02 4.185800e-01
3.827000e+02 4.112100e-01
3.828000e+02 4.036600e-01
3.829000e+02 3.959100e-01
3.830000e+02 3.879800e-01
3.831000e+02 3.798600e-01
3.832000e+02 3.715600e-01
3.833000e+02 3.630700e-01
3.834000e+02 3.544100e-01
3.835000e+02 3.455700e-01
3.836000e+02 3.365700e-01
3.837000e+02 3.274200e-01
3.838000e+02 3.181200e-01
3.839000e+02 3.086800e-01
3.840000e+02 2.991100e-01
3.841000e+02 2.894400e-01
3.842000e+02 2.796600e-01
3.843000e+02 2.698000e-01
3.844000e+02 2.598700e-01
3.845000e+02 2.498900e-01
3.846000e+02 2.398600e-01
3.847000e+02 2.298200e-01
3.848000e+02 2.197600e-01
3.849000e+02 2.097200e-01
3.850000e+02 1.996900e-01
3.851000e+02 1.897100e-01
3.852000e+02 1.797800e-01
3.853000e+02 1.699100e-01
3.854000e+02 1.601100e-01
3.855000e+02 1.504000e-01
3.856000e+02 1.407700e-01
3.857000e+02 1.312500e-01
3.858000e+02 1.218200e-01
3.859000e+02 1.125000e-01
3.860000e+02 1.032900e-01
3.861000e+02 9.418700e-02
3.862000e+02 8.519200e-02
3.863000e+02 7.630100e-02
3.864000e+02 6.751300e-02
3.865000e+02 5.882500e-02
3.866000e+02 5.023200e-02
3.867000e+02 4.173000e-02
3.868000e+02 3.331300e-02
3.869000e+02 2.497700e-02
3.870000e+02 1.671200e-02
3.871000e+02 8.513300e-03
3.872000e+02 3.729100e-04
3.873000e+02 -7.716100e-03
3.874000e+02 -1.576100e-02
3.875000e+02 -2.376900e-02
3.876000e+02 -3.174700e-02
3.877000e+02 -3.970500e-02
3.878000e+02 -4.765000e-02
3.879000e+02 -5.559200e-02
3.880000e+02 -6.353700e-02
3.881000e+02 -7.149700e-02
3.882000e+02 -7.947800e-02
3.883000e+02 -8.748900e-02
3.884000e+02 -9.554000e-02
3.885000e+02 -1.036400e-01
3.886000e+02 -1.117900e-01
3.887000e+02 -1.200100e-01
3.888000e+02 -1.282900e-01
3.889000e+02 -1.366500e-01
3.890000e+02 -1.451000e-01
3.891000e+02 -1.536300e-01
3.892000e+02 -1.622500e-01
3.893000e+02 -1.709600e-01
3.894000e+02 -1.797700e-01
3.895000e+02 -1.886700e-01
3.896000e+02 -1.976700e-01
3.897000e+02 -2.067500e-01
3.898000e+02 -2.159300e-01
3.899000e+02 -2.251800e-01
3.900000e+02 -2.345100e-01
3.901000e+02 -2.439100e-01
3.902000e+02 -2.533700e-01
3.903000e+02 -2.628700e-01
3.904000e+02 -2.724200e-01
3.905000e+02 -2.819900e-01
3.906000e+02 -2.915700e-01
3.907000e+02 -3.011600e-01
3.908000e+02 -3.107300e-01
3.909000e+02 -3.202700e-01
3.910000e+02 -3.297700e-01
3.911000e+02 -3.392200e-01
3.912000e+02 -3.485900e-01
3.913000e+02 -3.578800e-01
3.914000e+02 -3.670800e-01
3.915000e+02 -3.761700e-01
3.916000e+02 -3.851300e-01
3.917000e+02 -3.939700e-01
3.918000e+02 -4.026600e-01
3.919000e+02 -4.112000e-01
3.920000e+02 -4.195800e-01
3.921000e+02 -4.277900e-01
3.922000e+02 -4.358200e-01
3.923000e+02 -4.436800e-01
3.924000e+02 -4.513400e-01
3.925000e+02 -4.588200e-01
3.926000e+02 -4.661100e-01
3.927000e+02 -4.732000e-01
3.928000e+02 -4.800900e-01
3.929000e+02 -4.867900e-01
3.930000e+02 -4.933000e-01
3.931000e+02 -4.996100e-01
3.932000e+02 -5.057300e-01
3.933000e+02 -5.116700e-01
3.934000e+02 -5.174200e-01
3.935000e+02 -5.229900e-01
3.936000e+02 -5.283800e-01
3.937000e+02 -5.336000e-01
3.938000e+02 -5.386600e-01
3.939000e+02 -5.435700e-01
3.940000e+02 -5.483200e-01
3.941000e+02 -5.529300e-01
3.942000e+02 -5.574000e-01
3.943000e+02 -5.617600e-01
3.944000e+02 -5.659900e-01
3.945000e+02 -5.701200e-01
3.946000e+02 -5.741600e-01
3.947000e+02 -5.781100e-01
3.948000e+02 -5.819900e-01
3.949000e+02 -5.858000e-01
3.950000e+02 -5.895600e-01
3.951000e+02 -5.932700e-01
3.952000e+02 -5.969400e-01
3.953000e+02 -6.006000e-01
3.954000e+02 -6.042300e-01
3.955000e+02 -6.078600e-01
3.956000e+02 -6.114800e-01
3.957000e+02 -6.151000e-01
3.958000e+02 -6.187400e-01
3.959000e+02 -6.223800e-01
3.960000e+02 -6.260400e-01
3.961000e+02 -6.297100e-01
3.962000e+02 -6.333900e-01
3.963000e+02 -6.370800e-01
3.964000e+02 -6.407700e-01
3.965000e+02 -6.444700e-01
3.966000e+02 -6.481600e-01
3.967000e+02 -6.518400e-01
3.968000e+02 -6.555000e-01
3.969000e+02 -6.591300e-01
3.970000e+02 -6.627200e-01
3.971000e+02 -6.662700e-01
3.972000e+02 -6.697500e-01
3.973000e+02 -6.731700e-01
3.974000e+02 -6.765100e-01
3.975000e+02 -6.797600e-01
3.976000e+02 -6.829000e-01
3.977000e+02 -6.859400e-01
3.978000e+02 -6.888500e-01
3.979000e+02 -6.916300e-01
3.980000e+02 -6.942600e-01
3.981000e+02 -6.967400e-01
3.982000e+02 -6.990600e-01
3.983000e+02 -7.012100e-01
3.984000e+02 -7.031800e-01
3.985000e+02 -7.049500e-01
3.986000e+02 -7.065300e-01
3.987000e+02 -7.079100e-01
3.988000e+02 -7.090700e-01
3.989000e+02 -7.100300e-01
3.990000e+02 -7.107500e-01
3.991000e+02 -7.112600e-01
3.992000e+02 -7.115300e-01
3.993000e+02 -7.115600e-01
3.994000e+02 -7.113700e-01
3.995000e+02 -7.109300e-01
3.996000e+02 -7.102600e-01
3.997000e+02 -7.093600e-01
3.998000e+02 -7.082200e-01
3.999000e+02 -7.068500e-01
4.000000e+02 -7.052500e-01
4.001000e+02 -7.034300e-01
4.002000e+02 -7.013900e-01
4.003000e+02 -6.991500e-01
4.004000e+02 -6.967100e-01
4.005000e+02 -6.940800e-01
4.006000e+02 -6.912600e-01
4.007000e+02 -6.882800e-01
4.008000e+02 -6.851300e-01
4.009000e+02 -6.818400e-01
4.010000e+02 -6.784100e-01
4.011000e+02 -6.748600e-01
4.012000e+02 -6.711900e-01
4.013000e+02 -6.674200e-01
4.014000e+02 -6.635600e-01
4.015000e+02 -6.596200e-01
4.016000e+02 -6.556100e-01
4.017000e+02 -6.515400e-01
4.018000e+02 -6.474200e-01
4.019000e+02 -6.432700e-01
4.020000e+02 -6.390700e-01
4.021000e+02 -6.348600e-01
4.022000e+02 -6.306300e-01
4.023000e+02 -6.263900e-01
4.024000e+02 -6.221400e-01
4.025000e+02 -6.178900e-01
4.026000e+02 -6.136400e-01
4.027000e+02 -6.093900e-01
4.028000e+02 -6.051400e-01
4.029000e+02 -6.009000e-01
4.030000e+02 -5.966600e-01
4.031000e+02 -5.924100e-01
4.032000e+02 -5.881700e-01
4.033000e+02 -5.839100e-01
4.034000e+02 -5.796400e-01
4.035000e+02 -5.753600e-01
4.036000e+02 -5.710500e-01
4.037000e+02 -5.667100e-01
4.038000e+02 -5.623300e-01
4.039000e+02 -5.579000e-01
4.040000e+02 -5.534200e-01
4.041000e+02 -5.488800e-01
4.042000e+02 -5.442700e-01
4.043000e+02 -5.395800e-01
4.044000e+02 -5.348000e-01
4.045000e+02 -5.299300e-01
4.046000e+02 -5.249500e-01
4.047000e+02 -5.198500e-01
4.048000e+02 -5.146400e-01
4.049000e+02 -5.093000e-01
4.050000e+02 -5.038200e-01
4.051000e+02 -4.982000e-01
4.052000e+02 -4.924200e-01
4.053000e+02 -4.864900e-01
4.054000e+02 -4.804000e-01
4.055000e+02 -4.741400e-01
4.056000e+02 -4.677100e-01
4.057000e+02 -4.611100e-01
4.058000e+02 -4.543200e-01
4.059000e+02 -4.473500e-01
4.060000e+02 -4.402000e-01
4.061000e+02 -4.328600e-01
4.062000e+02 -4.253300e-01
4.063000e+02 -4.176200e-01
4.064000e+02 -4.097300e-01
4.065000e+02 -4.016600e-01
4.066000e+02 -3.934100e-01
4.067000e+02 -3.850000e-01
4.068000e+02 -3.764200e-01
4.069000e+02 -3.676900e-01
4.070000e+02 -3.588100e-01
4.071000e+02 -3.497900e-01
4.072000e+02 -3.406500e-01
4.073000e+02 -3.313900e-01
4.074000e+02 -3.220300e-01
4.075000e+02 -3.125800e-01
4.076000e+02 -3.030500e-01
4.077000e+02 -2.934600e-01
4.078000e+02 -2.838100e-01
4.079000e+02 -2.741300e-01
4.080000e+02 -2.644200e-01
4.081000e+02 -2.547000e-01
4.082000e+02 -2.449800e-01
4.083000e+02 -2.352800e-01
4.084000e+02 -2.256000e-01
4.085000e+02 -2.159500e-01
4.086000e+02 -2.063400e-01
4.087000e+02 -1.967800e-01
4.088000e+02 -1.872800e-01
4.089000e+02 -1.778400e-01
4.090000e+02 -1.684700e-01
4.091000e+02 -1.591700e-01
4.092000e+02 -1.499500e-01
4.093000e+02 -1.408000e-01
4.094000e+02 -1.317300e-01
4.095000e+02 -1.227400e-01
4.096000e+02 -1.138200e-01
4.097000e+02 -1.049800e-01
4.098000e+02 -9.620700e-02
4.099000e+02 -8.750900e-02
4.100000e+02 -7.887700e-02
4.101000e+02 -7.031000e-02
4.102000e+02 -6.180300e-02
4.103000e+02 -5.335100e-02
4.104000e+02 -4.495000e-02
4.105000e+02 -3.659300e-02
4.106000e+02 -2.827700e-02
4.107000e+02 -1.999500e-02
4.108000e+02 -1.173900e-02
4.109000e+02 -3.503800e-03
4.110000e+02 4.717100e-03
4.111000e+02 1.293000e-02
4.112000e+02 2.114400e-02
4.113000e+02 2.936500e-02
4.114000e+02 3.760000e-02
4.115000e+02 4.585500e-02
4.116000e+02 5.413800e-02
4.117000e+02 6.245600e-02
4.118000e+02 7.081600e-02
4.119000e+02 7.922400e-02
4.120000e+02 8.768600e-02
4.121000e+02 9.620800e-02
4.122000e+02 1.047900e-01
4.123000e+02 1.134500e-01
4.124000e+02 1.221800e-01
4.125000e+02 1.309900e-01
4.126000e+02 1.398800e-01
4.127000e+02 1.488500e-01
4.128000e+02 1.579000e-01
4.129000e+02 1.670400e-01
4.130000e+02 1.762500e-01
4.131000e+02 1.855400e-01
4.132000e+02 1.949100e-01
4.133000e+02 2.043400e-01
4.134000e+02 2.138400e-01
4.135000e+02 2.233800e-01
4.136000e+02 2.329700e-01
4.137000e+02 2.425900e-01
4.138000e+02 2.522300e-01
4.139000e+02 2.618900e-01
4.140000e+02 2.715400e-01
4.141000e+02 2.811800e-01
4.142000e+02 2.908000e-01
4.143000e+02 3.003800e-01
4.144000e+02 3.099000e-01
4.145000e+02 3.193600e-01
4.146000e+02 3.287500e-01
4.147000e+02 3.380400e-01
4.148000e+02 3.472400e-01
4.149000e+02 3.563200e-01
4.150000e+02 3.652900e-01
4.151000e+02 3.741300e-01
4.152000e+02 3.828300e-01
4.153000e+02 3.913900e-01
4.154000e+02 3.998100e-01
4.155000e+02 4.080700e-01
4.156000e+02 4.161700e-01
4.157000e+02 4.241200e-01
4.158000e+02 4.319000e-01
4.159000e+02 4.395100e-01
4.160000e+02 4.469600e-01
4.161000e+02 4.542400e-01
4.162000e+02 4.613500e-01
4.163000e+02 4.682900e-01
4.164000e+02 4.750600e-01
4.165000e+02 4.816700e-01
4.166000e+02 4.881000e-01
4.167000e+02 4.943700e-01
4.168000e+02 5.004700e-01
4.169000e+02 5.064100e-01
4.170000e+02 5.121800e-01
4.171000e+02 5.178100e-01
4.172000e+02 5.232800e-01
4.173000e+02 5.286000e-01
4.174000e+02 5.337900e-01
4.175000e+02 5.388400e-01
4.176000e+02 5.437600e-01
4.177000e+02 5.485700e-01
4.178000e+02 5.532700e-01
4.179000e+02 5.578700e-01
4.180000e+02 5.623800e-01
4.181000e+02 5.668100e-01
4.182000e+02 5.711700e-01
4.183000e+02 5.754800e-01
4.184000e+02 5.797400e-01
4.185000e+02 5.839700e-01
4.186000e+02 5.881600e-01
4.187000e+02 5.923300e-01
4.188000e+02 5.964900e-01
4.189000e+02 6.006400e-01
4.190000e+02 6.047900e-01
4.191000e+02 6.089300e-01
4.192000e+02 6.130800e-01
4.193000e+02 6.172200e-01
4.194000e+02 6.213700e-01
4.195000e+02 6.255100e-01
4.196000e+02 6.296500e-01
4.197000e+02 6.337700e-01
4.198000e+02 6.378800e-01
4.199000e+02 6.419600e-01
4.200000e+02 6.460100e-01
4.201000e+02 6.500300e-01
4.202000e+02 6.539900e-01
4.203000e+02 6.579000e-01
4.204000e+02 6.617400e-01
4.205000e+02 6.655100e-01
4.206000e+02 6.691900e-01
4.207000e+02 6.727800e-01
4.208000e+02 6.762700e-01
4.209000e+02 6.796600e-01
4.210000e+02 6.829300e-01
4.211000e+02 6.860700e-01
4.212000e+02 6.890800e-01
4.213000e+02 6.919600e-01
4.214000e+02 6.947000e-01
4.215000e+02 6.972800e-01
4.216000e+02 6.997200e-01
4.217000e+02 7.019800e-01
4.218000e+02 7.040900e-01
4.219000e+02 7.060200e-01
4.220000e+02 7.077700e-01
4.221000e+02 7.093300e-01
4.222000e+02 7.107100e-01
4.223000e+02 7.118900e-01
4.224000e+02 7.128700e-01
4.225000e+02 7.136400e-01
4.226000e+02 7.142000e-01
4.227000e+02 7.145500e-01
4.228000e+02 7.146800e-01
4.229000e+02 7.145800e-01
4.230000e+02 7.142600e-01
4.231000e+02 7.137200e-01
4.232000e+02 7.129600e-01
4.233000e+02 7.119700e-01
4.234000e+02 7.107700e-01
4.235000e+02 7.093500e-01
4.236000e+02 7.077300e-01
4.237000e+02 7.059000e-01
4.238000e+02 7.038800e-01
4.239000e+02 7.016700e-01
4.240000e+02 6.992800e-01
4.241000e+02 6.967300e-01
4.242000e+02 6.940300e-01
4.243000e+02 6.911800e-01
4.244000e+02 6.882000e-01
4.245000e+02 6.851100e-01
4.246000e+02 6.819100e-01
4.247000e+02 6.786200e-01
4.248000e+02 6.752400e-01
4.249000e+02 6.718000e-01
4.250000e+02 6.682900e-01
4.251000e+02 6.647300e-01
4.252000e+02 6.611300e-01
4.253000e+02 6.574900e-01
4.254000e+02 6.538200e-01
4.255000e+02 6.501300e-01
4.256000e+02 6.464100e-01
4.257000e+02 6.426600e-01
4.258000e+02 6.389000e-01
4.259000e+02 6.351100e-01
4.260000e+02 6.313000e-01
4.261000e+02 6.274700e-01
4.262000e+02 6.236100e-01
4.263000e+02 6.197300e-01
4.264000e+02 6.158000e-01
4.265000e+02 6.118400e-01
4.266000e+02 6.078400e-01
4.267000e+02 6.038000e-01
4.268000e+02 5.997100e-01
4.269000e+02 5.955600e-01
4.270000e+02 5.913600e-01
4.271000e+02 5.871100e-01
4.272000e+02 5.827900e-01
4.273000e+02 5.784000e-01
4.274000e+02 5.739500e-01
4.275000e+02 5.694300e-01
4.276000e+02 5.648300e-01
4.277000e+02 5.601400e-01
4.278000e+02 5.553800e-01
4.279000e+02 5.505200e-01
4.280000e+02 5.455600e-01
4.281000e+02 5.405000e-01
4.282000e+02 5.353300e-01
4.283000e+02 5.300400e-01
4.284000e+02 5.246300e-01
4.285000e+02 5.190800e-01
4.286000e+02 5.133900e-01
4.287000e+02 5.075400e-01
4.288000e+02 5.015500e-01
4.289000e+02 4.953800e-01
4.290000e+02 4.890400e-01
4.291000e+02 4.825300e-01
4.292000e+02 4.758300e-01
4.293000e+02 4.689500e-01
4.294000e+02 4.618800e-01
4.295000e+02 4.546200e-01
4.296000e+02 4.471700e-01
4.297000e+02 4.395400e-01
4.298000e+02 4.317200e-01
4.299000e+02 4.237400e-01
4.300000e+02 4.155900e-01
4.301000e+02 4.072800e-01
4.302000e+02 3.988300e-01
4.303000e+02 3.902400e-01
4.304000e+02 3.815300e-01
4.305000e+02 3.727000e-01
4.306000e+02 3.637700e-01
4.307000e+02 3.547600e-01
4.308000e+02 3.456700e-01
4.309000e+02 3.365200e-01
4.310000e+02 3.273100e-01
4.311000e+02 3.180500e-01
4.312000e+02 3.087700e-01
4.313000e+02 2.994600e-01
4.314000e+02 2.901300e-01
4.315000e+02 2.807900e-01
4.316000e+02 2.714500e-01
4.317000e+02 2.621100e-01
4.318000e+02 2.527800e-01
4.319000e+02 2.434500e-01
4.320000e+02 2.341400e-01
4.321000e+02 2.248500e-01
4.322000e+02 2.155800e-01
4.323000e+02 2.063300e-01
4.324000e+02 1.971100e-01
4.325000e+02 1.879100e-01
4.326000e+02 1.787600e-01
4.327000e+02 1.696400e-01
4.328000e+02 1.605600e-01
4.329000e+02 1.515200e-01
4.330000e+02 1.425200e-01
4.331000e+02 1.335800e-01
4.332000e+02 1.246800e-01
4.333000e+02 1.158400e-01
4.334000e+02 1.070500e-01
4.335000e+02 9.831100e-02
4.336000e+02 8.962800e-02
4.337000e+02 8.099600e-02
4.338000e+02 7.241600e-02
4.339000e+02 6.388300e-02
4.340000e+02 5.539300e-02
4.341000e+02 4.694100e-02
4.342000e+02 3.851900e-02
4.343000e+02 3.012200e-02
4.344000e+02 2.174000e-02
4.345000e+02 1.336400e-02
4.346000e+02 4.985000e-03
4.347000e+02 -3.407600e-03
4.348000e+02 -1.182500e-02
4.349000e+02 -2.027600e-02
4.350000e+02 -2.877100e-02
4.351000e+02 -3.731800e-02
4.352000e+02 -4.592500e-02
4.353000e+02 -5.459900e-02
4.354000e+02 -6.334600e-02
4.355000e+02 -7.216900e-02
4.356000e+02 -8.107100e-02
4.357000e+02 -9.005600e-02
4.358000e+02 -9.912300e-02
4.359000e+02 -1.082700e-01
4.360000e+02 -1.175000e-01
4.361000e+02 -1.268000e-01
4.362000e+02 -1.361700e-01
4.363000e+02 -1.456100e-01
4.364000e+02 -1.550900e-01
4.365000e+02 -1.646300e-01
4.366000e+02 -1.742000e-01
4.367000e+02 -1.838000e-01
4.368000e+02 -1.934200e-01
4.369000e+02 -2.030500e-01
4.370000e+02 -2.126800e-01
4.371000e+02 -2.223100e-01
4.372000e+02 -2.319200e-01
4.373000e+02 -2.415100e-01
4.374000e+02 -2.510800e-01
4.375000e+02 -2.606000e-01
4.376000e+02 -2.700900e-01
4.377000e+02 -2.795200e-01
4.378000e+02 -2.889100e-01
4.379000e+02 -2.982300e-01
4.380000e+02 -3.074900e-01
4.381000e+02 -3.166900e-01
4.382000e+02 -3.258100e-01
4.383000e+02 -3.348500e-01
4.384000e+02 -3.438100e-01
4.385000e+02 -3.526800e-01
4.386000e+02 -3.614500e-01
4.387000e+02 -3.701200e-01
4.388000e+02 -3.786700e-01
4.389000e+02 -3.871100e-01
4.390000e+02 -3.954100e-01
4.391000e+02 -4.035800e-01
4.392000e+02 -4.116100e-01
4.393000e+02 -4.194900e-01
4.394000e+02 -4.272100e-01
4.395000e+02 -4.347700e-01
4.396000e+02 -4.421700e-01
4.397000e+02 -4.493900e-01
4.398000e+02 -4.564300e-01
4.399000e+02 -4.633000e-01
4.400000e+02 -4.700000e-01
4.401000e+02 -4.765200e-01
4.402000e+02 -4.828800e-01
4.403000e+02 -4.890800e-01
4.404000e+02 -4.951200e-01
4.405000e+02 -5.010200e-01
4.406000e+02 -5.067800e-01
4.407000e+02 -5.124100e-01
4.408000e+02 -5.179300e-01
4.409000e+02 -5.233400e-01
4.410000e+02 -5.286700e-01
4.411000e+02 -5.339000e-01
4.412000e+02 -5.390700e-01
4.413000e+02 -5.441800e-01
4.414000e+02 -5.492300e-01
4.415000e+02 -5.542400e-01
4.416000e+02 -5.592000e-01
4.417000e+02 -5.641400e-01
4.418000e+02 -5.690400e-01
4.419000e+02 -5.739100e-01
4.420000e+02 -5.787600e-01
4.421000e+02 -5.835800e-01
4.422000e+02 -5.883700e-01
4.423000e+02 -5.931300e-01
4.424000e+02 -5.978600e-01
4.425000e+02 -6.025500e-01
4.426000e+02 -6.072100e-01
4.427000e+02 -6.118200e-01
4.428000e+02 -6.163800e-01
4.429000e+02 -6.208900e-01
4.430000e+02 -6.253500e-01
4.431000e+02 -6.297500e-01
4.432000e+02 -6.340900e-01
4.433000e+02 -6.383600e-01
4.434000e+02 -6.425800e-01
4.435000e+02 -6.467200e-01
4.436000e+02 -6.508100e-01
4.437000e+02 -6.548200e-01
4.438000e+02 -6.587700e-01
4.439000e+02 -6.626400e-01
4.440000e+02 -6.664300e-01
4.441000e+02 -6.701500e-01
4.442000e+02 -6.737900e-01
4.443000e+02 -6.773400e-01
4.444000e+02 -6.807900e-01
4.445000e+02 -6.841400e-01
4.446000e+02 -6.873800e-01
4.447000e+02 -6.905000e-01
4.448000e+02 -6.934900e-01
4.449000e+02 -6.963500e-01
4.450000e+02 -6.990500e-01
4.451000e+02 -7.016000e-01
4.452000e+02 -7.039700e-01
4.453000e+02 -7.061600e-01
4.454000e+02 -7.081700e-01
4.455000e+02 -7.099800e-01
4.456000e+02 -7.115700e-01
4.457000e+02 -7.129500e-01
4.458000e+02 -7.141200e-01
4.459000e+02 -7.150600e-01
4.460000e+02 -7.157800e-01
4.461000e+02 -7.162700e-01
4.462000e+02 -7.165400e-01
4.463000e+02 -7.165800e-01
4.464000e+02 -7.164100e-01
4.465000e+02 -7.160300e-01
4.466000e+02 -7.154400e-01
4.467000e+02 -7.146600e-01
4.468000e+02 -7.136900e-01
4.469000e+02 -7.125400e-01
4.470000e+02 -7.112300e-01
4.471000e+02 -7.097500e-01
4.472000e+02 -7.081300e-01
4.473000e+02 -7.063600e-01
4.474000e+02 -7.044700e-01
4.475000e+02 -7.024500e-01
4.476000e+02 -7.003200e-01
4.477000e+02 -6.980800e-01
4.478000e+02 -6.957400e-01
4.479000e+02 -6.933000e-01
4.480000e+02 -6.907700e-01
4.481000e+02 -6.881500e-01
4.482000e+02 -6.854400e-01
4.483000e+02 -6.826500e-01
4.484000e+02 -6.797700e-01
4.485000e+02 -6.768200e-01
4.486000e+02 -6.737800e-01
4.487000e+02 -6.706600e-01
4.488000e+02 -6.674700e-01
4.489000e+02 -6.642000e-01
4.490000e+02 -6.608600e-01
4.491000e+02 -6.574500e-01
4.492000e+02 -6.539800e-01
4.493000e+02 -6.504400e-01
4.494000e+02 -6.468500e-01
4.495000e+02 -6.432100e-01
4.496000e+02 -6.395200e-01
4.497000e+02 -6.357800e-01
4.498000e+02 -6.320000e-01
4.499000e+02 -6.281800e-01
4.500000e+02 -6.243200e-01
4.501000e+02 -6.204300e-01
4.502000e+02 -6.165100e-01
4.503000e+02 -6.125500e-01
4.504000e+02 -6.085500e-01
4.505000e+02 -6.045100e-01
4.506000e+02 -6.004200e-01
4.507000e+02 -5.962700e-01
4.508000e+02 -5.920600e-01
4.509000e+02 -5.877800e-01
4.510000e+02 -5.834200e-01
4.511000e+02 -5.789600e-01
4.512000e+02 -5.744000e-01
4.513000e+02 -5.697300e-01
4.514000e+02 -5.649200e-01
4.515000e+02 -5.599900e-01
4.516000e+02 -5.549000e-01
4.517000e+02 -5.496500e-01
4.518000e+02 -5.442400e-01
4.519000e+02 -5.386600e-01
4.520000e+02 -5.329100e-01
4.521000e+02 -5.269700e-01
4.522000e+02 -5.208500e-01
4.523000e+02 -5.145500e-01
4.524000e+02 -5.080700e-01
4.525000e+02 -5.014200e-01
4.526000e+02 -4.945900e-01
4.527000e+02 -4.876000e-01
4.528000e+02 -4.804500e-01
4.529000e+02 -4.731500e-01
4.530000e+02 -4.657000e-01
4.531000e+02 -4.581200e-01
4.532000e+02 -4.504100e-01
4.533000e+02 -4.425700e-01
4.534000e+02 -4.346200e-01
4.535000e+02 -4.265700e-01
4.536000e+02 -4.184100e-01
4.537000e+02 -4.101500e-01
4.538000e+02 -4.018000e-01
4.539000e+02 -3.933700e-01
4.540000e+02 -3.848400e-01
4.541000e+02 -3.762400e-01
4.542000e+02 -3.675500e-01
4.543000e+02 -3.587900e-01
4.544000e+02 -3.499600e-01
4.545000e+02 -3.410600e-01
4.546000e+02 -3.320900e-01
4.547000e+02 -3.230600e-01
4.548000e+02 -3.139800e-01
4.549000e+02 -3.048400e-01
4.550000e+02 -2.956700e-01
4.551000e+02 -2.864600e-01
4.552000e+02 -2.772200e-01
4.553000e+02 -2.679600e-01
4.554000e+02 -2.587000e-01
4.555000e+02 -2.494400e-01
4.556000e+02 -2.401900e-01
4.557000e+02 -2.309600e-01
4.558000e+02 -2.217600e-01
4.559000e+02 -2.126000e-01
4.560000e+02 -2.034900e-01
4.561000e+02 -1.944300e-01
4.562000e+02 -1.854200e-01
4.563000e+02 -1.764700e-01
4.564000e+02 -1.675900e-01
4.565000e+02 -1.587700e-01
4.566000e+02 -1.500100e-01
4.567000e+02 -1.413100e-01
4.568000e+02 -1.326600e-01
4.569000e+02 -1.240600e-01
4.570000e+02 -1.154800e-01
4.571000e+02 -1.069400e-01
4.572000e+02 -9.841200e-02
4.573000e+02 -8.989600e-02
4.574000e+02 -8.138000e-02
4.575000e+02 -7.285300e-02
4.576000e+02 -6.430600e-02
4.577000e+02 -5.573100e-02
4.578000e+02 -4.712200e-02
4.579000e+02 -3.847100e-02
4.580000e+02 -2.977300e-02
4.581000e+02 -2.102300e-02
4.582000e+02 -1.221900e-02
4.583000e+02 -3.360900e-03
4.584000e+02 5.555900e-03
4.585000e+02 1.453100e-02
4.586000e+02 2.356100e-02
4.587000e+02 3.264300e-02
4.588000e+02 4.177700e-02
4.589000e+02 5.095900e-02
4.590000e+02 6.018400e-02
4.591000e+02 6.945100e-02
4.592000e+02 7.875800e-02
4.593000e+02 8.810000e-02
4.594000e+02 9.747400e-02
4.595000e+02 1.068800e-01
4.596000e+02 1.163100e-01
4.597000e+02 1.257600e-01
4.598000e+02 1.352400e-01
4.599000e+02 1.447500e-01
4.600000e+02 1.542700e-01
4.601000e+02 1.638100e-01
4.602000e+02 1.733800e-01
4.603000e+02 1.829600e-01
4.604000e+02 1.925600e-01
4.605000e+02 2.021700e-01
4.606000e+02 2.118000e-01
4.607000e+02 2.214300e-01
4.608000e+02 2.310700e-01
4.609000e+02 2.407000e-01
4.610000e+02 2.503200e-01
4.611000e+02 2.599200e-01
4.612000e+02 2.694900e-01
4.613000e+02 2.790200e-01
4.614000e+02 2.884900e-01
4.615000e+02 2.979100e-01
4.616000e+02 3.072400e-01
4.617000e+02 3.164900e-01
4.618000e+02 3.256300e-01
4.619000e+02 3.346700e-01
4.620000e+02 3.435700e-01
4.621000e+02 3.523400e-01
4.622000e+02 3.609700e-01
4.623000e+02 3.694500e-01
4.624000e+02 3.777700e-01
4.625000e+02 3.859300e-01
4.626000e+02 3.939300e-01
4.627000e+02 4.017700e-01
4.628000e+02 4.094500e-01
4.629000e+02 4.169800e-01
4.630000e+02 4.243500e-01
4.631000e+02 4.315700e-01
4.632000e+02 4.386600e-01
4.633000e+02 4.456100e-01
4.634000e+02 4.524400e-01
4.635000e+02 4.591500e-01
4.636000e+02 4.657500e-01
4.637000e+02 4.722500e-01
4.638000e+02 4.786500e-01
4.639000e+02 4.849600e-01
4.640000e+02 4.911900e-01
4.641000e+02 4.973300e-01
4.642000e+02 5.033900e-01
4.643000e+02 5.093800e-01
4.644000e+02 5.152900e-01
4.645000e+02 5.211300e-01
4.646000e+02 5.269000e-01
4.647000e+02 5.325900e-01
4.648000e+02 5.382000e-01
4.649000e+02 5.437400e-01
4.650000e+02 5.492100e-01
4.651000e+02 5.545900e-01
4.652000e+02 5.599100e-01
4.653000e+02 5.651500e-01
4.654000e+02 5.703200e-01
4.655000e+02 5.754200e-01
4.656000e+02 5.804500e-01
4.657000e+02 5.854300e-01
4.658000e+02 5.903400e-01
4.659000e+02 5.952000e-01
4.660000e+02 6.000200e-01
4.661000e+02 6.047900e-01
4.662000e+02 6.095200e-01
4.663000e+02 6.142100e-01
4.664000e+02 6.188700e-01
4.665000e+02 6.235000e-01
4.666000e+02 6.281000e-01
4.667000e+02 6.326700e-01
4.668000e+02 6.372000e-01
4.669000e+02 6.417000e-01
4.670000e+02 6.461400e-01
4.671000e+02 6.505400e-01
4.672000e+02 6.548800e-01
4.673000e+02 6.591500e-01
4.674000e+02 6.633400e-01
4.675000e+02 6.674400e-01
4.676000e+02 6.714300e-01
4.677000e+02 6.753100e-01
4.678000e+02 6.790600e-01
4.679000e+02 6.826600e-01
4.680000e+02 6.861200e-01
4.681000e+02 6.894100e-01
4.682000e+02 6.925300e-01
4.683000e+02 6.954800e-01
4.684000e+02 6.982300e-01
4.685000e+02 7.008000e-01
4.686000e+02 7.031700e-01
4.687000e+02 7.053400e-01
4.688000e+02 7.073100e-01
4.689000e+02 7.090900e-01
4.690000e+02 7.106700e-01
4.691000e+02 7.120600e-01
4.692000e+02 7.132500e-01
4.693000e+02 7.142500e-01
4.694000e+02 7.150800e-01
4.695000e+02 7.157200e-01
4.696000e+02 7.162000e-01
4.697000e+02 7.165000e-01
4.698000e+02 7.166400e-01
4.699000e+02 7.166200e-01
4.700000e+02 7.164400e-01
4.701000e+02 7.161000e-01
4.702000e+02 7.156000e-01
4.703000e+02 7.149500e-01
4.704000e+02 7.141500e-01
4.705000e+02 7.132000e-01
4.706000e+02 7.121000e-01
4.707000e+02 7.108500e-01
4.708000e+02 7.094500e-01
4.709000e+02 7.079000e-01
4.710000e+02 7.062000e-01
4.711000e+02 7.043600e-01
4.712000e+02 7.023800e-01
4.713000e+02 7.002700e-01
4.714000e+02 6.980300e-01
4.715000e+02 6.956600e-01
4.716000e+02 6.931800e-01
4.717000e+02 6.905900e-01
4.718000e+02 6.879000e-01
4.719000e+02 6.851200e-01
4.720000e+02 6.822700e-01
4.721000e+02 6.793400e-01
4.722000e+02 6.763400e-01
4.723000e+02 6.732900e-01
4.724000e+02 6.702000e-01
4.725000e+02 6.670600e-01
4.726000e+02 6.638900e-01
4.727000e+02 6.606900e-01
4.728000e+02 6.574600e-01
4.729000e+02 6.542000e-01
4.730000e+02 6.509100e-01
4.731000e+02 6.475900e-01
4.732000e+02 6.442400e-01
4.733000e+02 6.408500e-01
4.734000e+02 6.374100e-01
4.735000e+02 6.339200e-01
4.736000e+02 6.303600e-01
4.737000e+02 6.267300e-01
4.738000e+02 6.230200e-01
4.739000e+02 6.192100e-01
4.740000e+02 6.153100e-01
4.741000e+02 6.112900e-01
4.742000e+02 6.071600e-01
4.743000e+02 6.029000e-01
4.744000e+02 5.985000e-01
4.745000e+02 5.939800e-01
4.746000e+02 5.893100e-01
4.747000e+02 5.845000e-01
4.748000e+02 5.795500e-01
4.749000e+02 5.744500e-01
4.750000e+02 5.692100e-01
4.751000e+02 5.638300e-01
4.752000e+02 5.583000e-01
4.753000e+02 5.526300e-01
4.754000e+02 5.468300e-01
4.755000e+02 5.409000e-01
4.756000e+02 5.348300e-01
4.757000e+02 5.286300e-01
4.758000e+02 5.223100e-01
4.759000e+02 5.158500e-01
4.760000e+02 5.092600e-01
4.761000e+02 5.025400e-01
4.762000e+02 4.956900e-01
4.763000e+02 4.887000e-01
4.764000e+02 4.815900e-01
4.765000e+02 4.743300e-01
4.766000e+02 4.669400e-01
4.767000e+02 4.594000e-01
4.768000e+02 4.517300e-01
4.769000e+02 4.439200e-01
4.770000e+02 4.359700e-01
4.771000e+02 4.278900e-01
4.772000e+02 4.196700e-01
4.773000e+02 4.113300e-01
4.774000e+02 4.028700e-01
4.775000e+02 3.942900e-01
4.776000e+02 3.856100e-01
4.777000e+02 3.768400e-01
4.778000e+02 3.679800e-01
4.779000e+02 3.590600e-01
4.780000e+02 3.500800e-01
4.781000e+02 3.410600e-01
4.782000e+02 3.320000e-01
4.783000e+02 3.229200e-01
4.784000e+02 3.138300e-01
4.785000e+02 3.047500e-01
4.786000e+02 2.956800e-01
4.787000e+02 2.866200e-01
4.788000e+02 2.775900e-01
4.789000e+02 2.685800e-01
4.790000e+02 2.596100e-01
4.791000e+02 2.506700e-01
4.792000e+02 2.417700e-01
4.793000e+02 2.329000e-01
4.794000e+02 2.240600e-01
4.795000e+02 2.152400e-01
4.796000e+02 2.064600e-01
4.797000e+02 1.976900e-01
4.798000e+02 1.889300e-01
4.799000e+02 1.801800e-01
4.800000e+02 1.714300e-01
4.801000e+02 1.626700e-01
4.802000e+02 1.539000e-01
4.803000e+02 1.451200e-01
4.804000e+02 1.363300e-01
4.805000e+02 1.275200e-01
4.806000e+02 1.187000e-01
4.807000e+02 1.098500e-01
4.808000e+02 1.009900e-01
4.809000e+02 9.210900e-02
4.810000e+02 8.321000e-02
4.811000e+02 7.429400e-02
4.812000e+02 6.536100e-02
4.813000e+02 5.641300e-02
4.814000e+02 4.744900e-02
4.815000e+02 3.846900e-02
4.816000e+02 2.947400e-02
4.817000e+02 2.046300e-02
4.818000e+02 1.143400e-02
4.819000e+02 2.385800e-03
4.820000e+02 -6.684500e-03
4.821000e+02 -1.578100e-02
4.822000e+02 -2.490700e-02
4.823000e+02 -3.406800e-02
4.824000e+02 -4.326800e-02
4.825000e+02 -5.251100e-02
4.826000e+02 -6.180100e-02
4.827000e+02 -7.114300e-02
4.828000e+02 -8.054000e-02
4.829000e+02 -8.999400e-02
4.830000e+02 -9.950600e-02
4.831000e+02 -1.090800e-01
4.832000e+02 -1.187000e-01
4.833000e+02 -1.283800e-01
4.834000e+02 -1.381100e-01
4.835000e+02 -1.478900e-01
4.836000e+02 -1.577000e-01
4.837000e+02 -1.675300e-01
4.838000e+02 -1.773900e-01
4.839000e+02 -1.872500e-01
4.840000e+02 -1.971000e-01
4.841000e+02 -2.069400e-01
4.842000e+02 -2.167500e-01
4.843000e+02 -2.265200e-01
4.844000e+02 -2.362400e-01
4.845000e+02 -2.459000e-01
4.846000e+02 -2.554900e-01
4.847000e+02 -2.650000e-01
4.848000e+02 -2.744100e-01
4.849000e+02 -2.837300e-01
4.850000e+02 -2.929400e-01
4.851000e+02 -3.020500e-01
4.852000e+02 -3.110500e-01
4.853000e+02 -3.199300e-01
4.854000e+02 -3.287000e-01
4.855000e+02 -3.373600e-01
4.856000e+02 -3.459100e-01
4.857000e+02 -3.543400e-01
4.858000e+02 -3.626700e-01
4.859000e+02 -3.708900e-01
4.860000e+02 -3.790100e-01
4.861000e+02 -3.870300e-01
4.862000e+02 -3.949400e-01
4.863000e+02 -4.027500e-01
4.864000e+02 -4.104600e-01
4.865000e+02 -4.180600e-01
4.866000e+02 -4.255700e-01
4.867000e+02 -4.329700e-01
4.868000e+02 -4.402700e-01
4.869000e+02 -4.474600e-01
4.870000e+02 -4.545400e-01
4.871000e+02 -4.615100e-01
4.872000e+02 -4.683700e-01
4.873000e+02 -4.751100e-01
4.874000e+02 -4.817400e-01
4.875000e+02 -4.882500e-01
4.876000e+02 -4.946400e-01
4.877000e+02 -5.009200e-01
4.878000e+02 -5.071000e-01
4.879000e+02 -5.131600e-01
4.880000e+02 -5.191300e-01
4.881000e+02 -5.250000e-01
4.882000e+02 -5.307800e-01
4.883000e+02 -5.364900e-01
4.884000e+02 -5.421300e-01
4.885000e+02 -5.477000e-01
4.886000e+02 -5.532100e-01
4.887000e+02 -5.586800e-01
4.888000e+02 -5.641000e-01
4.889000e+02 -5.694900e-01
4.890000e+02 -5.748500e-01
4.891000e+02 -5.801900e-01
4.892000e+02 -5.854900e-01
4.893000e+02 -5.907700e-01
4.894000e+02 -5.960200e-01
4.895000e+02 -6.012400e-01
4.896000e+02 -6.064300e-01
4.897000e+02 -6.115900e-01
4.898000e+02 -6.166900e-01
4.899000e+02 -6.217500e-01
4.900000e+02 -6.267400e-01
4.901000e+02 -6.316700e-01
4.902000e+02 -6.365100e-01
4.903000e+02 -6.412700e-01
4.904000e+02 -6.459300e-01
4.905000e+02 -6.504900e-01
4.906000e+02 -6.549300e-01
4.907000e+02 -6.592500e-01
4.908000e+02 -6.634400e-01
4.909000e+02 -6.675000e-01
4.910000e+02 -6.714200e-01
4.911000e+02 -6.752100e-01
4.912000e+02 -6.788500e-01
4.913000e+02 -6.823400e-01
4.914000e+02 -6.857000e-01
4.915000e+02 -6.889000e-01
4.916000e+02 -6.919500e-01
4.917000e+02 -6.948600e-01
4.918000e+02 -6.976200e-01
4.919000e+02 -7.002300e-01
4.920000e+02 -7.027000e-01
4.921000e+02 -7.050200e-01
4.922000e+02 -7.071800e-01
4.923000e+02 -7.091900e-01
4.924000e+02 -7.110500e-01
4.925000e+02 -7.127600e-01
4.926000e+02 -7.143000e-01
4.927000e+02 -7.156800e-01
4.928000e+02 -7.168900e-01
4.929000e+02 -7.179300e-01
4.930000e+02 -7.188000e-01
4.931000e+02 -7.194800e-01
4.932000e+02 -7.199900e-01
4.933000e+02 -7.203100e-01
4.934000e+02 -7.204500e-01
4.935000e+02 -7.204000e-01
4.936000e+02 -7.201700e-01
4.937000e+02 -7.197500e-01
4.938000e+02 -7.191600e-01
4.939000e+02 -7.184000e-01
4.940000e+02 -7.174700e-01
4.941000e+02 -7.163700e-01
4.942000e+02 -7.151300e-01
4.943000e+02 -7.137400e-01
4.944000e+02 -7.122100e-01
4.945000e+02 -7.105600e-01
4.946000e+02 -7.087900e-01
4.947000e+02 -7.069200e-01
4.948000e+02 -7.049500e-01
4.949000e+02 -7.028900e-01
4.950000e+02 -7.007600e-01
4.951000e+02 -6.985500e-01
4.952000e+02 -6.962800e-01
4.953000e+02 -6.939400e-01
4.954000e+02 -6.915500e-01
4.955000e+02 -6.891000e-01
4.956000e+02 -6.865900e-01
4.957000e+02 -6.840300e-01
4.958000e+02 -6.814100e-01
4.959000e+02 -6.787300e-01
4.960000e+02 -6.759900e-01
4.961000e+02 -6.731700e-01
4.962000e+02 -6.702800e-01
4.963000e+02 -6.673200e-01
4.964000e+02 -6.642700e-01
4.965000e+02 -6.611300e-01
4.966000e+02 -6.578900e-01
4.967000e+02 -6.545600e-01
4.968000e+02 -6.511200e-01
4.969000e+02 -6.475900e-01
4.970000e+02 -6.439400e-01
4.971000e+02 -6.402000e-01
4.972000e+02 -6.363400e-01
4.973000e+02 -6.323800e-01
4.974000e+02 -6.283100e-01
4.975000e+02 -6.241400e-01
4.976000e+02 -6.198600e-01
4.977000e+02 -6.154800e-01
4.978000e+02 -6.109900e-01
4.979000e+02 -6.064000e-01
4.980000e+02 -6.017100e-01
4.981000e+02 -5.969200e-01
4.982000e+02 -5.920200e-01
4.983000e+02 -5.870000e-01
4.984000e+02 -5.818800e-01
4.985000e+02 -5.766300e-01
4.986000e+02 -5.712700e-01
4.987000e+02 -5.657800e-01
4.988000e+02 -5.601600e-01
4.989000e+02 -5.544000e-01
4.990000e+02 -5.485000e-01
4.991000e+02 -5.424500e-01
4.992000e+02 -5.362500e-01
4.993000e+02 -5.298900e-01
4.994000e+02 -5.233700e-01
4.995000e+02 -5.166900e-01
4.996000e+02 -5.098500e-01
4.997000e+02 -5.028500e-01
4.998000e+02 -4.956800e-01
4.999000e+02 -4.883700e-01
