Time (s)     Heave (m)
----------  ----------
0.015        -1.999764
0.030        -1.999295
0.045        -1.998596
0.060        -1.997669
0.075        -1.996519
0.090        -1.995148
0.105        -1.993559
0.120        -1.991757
0.135        -1.989744
0.150        -1.987524
0.165        -1.985101
0.180        -1.982479
0.195        -1.979661
0.210        -1.976652
0.225        -1.973456
0.240        -1.970076
0.255        -1.966517
0.270        -1.962784
0.285        -1.958879
0.300        -1.954809
0.315        -1.950577
0.330        -1.946187
0.345        -1.941645
0.360        -1.936955
0.375        -1.932122
0.390        -1.927150
0.405        -1.922045
0.420        -1.916810
0.435        -1.911452
0.450        -1.905974
0.465        -1.900383
0.480        -1.894682
0.495        -1.888877
0.510        -1.882972
0.525        -1.876974
0.540        -1.870887
0.555        -1.864716
0.570        -1.858467
0.585        -1.852144
0.600        -1.845753
0.615        -1.839298
0.630        -1.832786
0.645        -1.826221
0.660        -1.819608
0.675        -1.812953
0.690        -1.806261
0.705        -1.799537
0.720        -1.792787
0.735        -1.786014
0.750        -1.779225
0.765        -1.772425
0.780        -1.765619
0.795        -1.758812
0.810        -1.752008
0.825        -1.745214
0.840        -1.738434
0.855        -1.731673
0.870        -1.724936
0.885        -1.718227
0.900        -1.711553
0.915        -1.704917
0.930        -1.698324
0.945        -1.691780
0.960        -1.685288
0.975        -1.678854
0.990        -1.672482
1.005        -1.666177
1.020        -1.659942
1.035        -1.653783
1.050        -1.647704
1.065        -1.641709
1.080        -1.635802
1.095        -1.629988
1.110        -1.624270
1.125        -1.618653
1.140        -1.613140
1.155        -1.607735
1.170        -1.602443
1.185        -1.597266
1.200        -1.592209
1.215        -1.587275
1.230        -1.582467
1.245        -1.577789
1.260        -1.573244
1.275        -1.568835
1.290        -1.564566
1.305        -1.560439
1.320        -1.556457
1.335        -1.552623
1.350        -1.548940
1.365        -1.545411
1.380        -1.542038
1.395        -1.538823
1.410        -1.535769
1.425        -1.532877
1.440        -1.530151
1.455        -1.527593
1.470        -1.525203
1.485        -1.522984
1.500        -1.520939
1.515        -1.519067
1.530        -1.517371
1.545        -1.515853
1.560        -1.514513
1.575        -1.513353
1.590        -1.512374
1.605        -1.511577
1.620        -1.510963
1.635        -1.510533
1.650        -1.510286
1.665        -1.510225
1.680        -1.510349
1.695        -1.510659
1.710        -1.511155
1.725        -1.511837
1.740        -1.512705
1.755        -1.513760
1.770        -1.515000
1.785        -1.516427
1.800        -1.518038
1.815        -1.519835
1.830        -1.521816
1.845        -1.523981
1.860        -1.526329
1.875        -1.528859
1.890        -1.531571
1.905        -1.534462
1.920        -1.537533
1.935        -1.540781
1.950        -1.544206
1.965        -1.547805
1.980        -1.551578
1.995        -1.555523
2.010        -1.559638
2.025        -1.563922
2.040        -1.568372
2.055        -1.572986
2.070        -1.577763
2.085        -1.582700
2.100        -1.587795
2.115        -1.593045
2.130        -1.598450
2.145        -1.604005
2.160        -1.609708
2.175        -1.615557
2.190        -1.621550
2.205        -1.627682
2.220        -1.633952
2.235        -1.640357
2.250        -1.646893
2.265        -1.653558
2.280        -1.660349
2.295        -1.667262
2.310        -1.674294
2.325        -1.681442
2.340        -1.688702
2.355        -1.696072
2.370        -1.703548
2.385        -1.711126
2.400        -1.718802
2.415        -1.726574
2.430        -1.734438
2.445        -1.742389
2.460        -1.750425
2.475        -1.758541
2.490        -1.766734
2.505        -1.775000
2.520        -1.783335
2.535        -1.791736
2.550        -1.800197
2.565        -1.808717
2.580        -1.817289
2.595        -1.825912
2.610        -1.834580
2.625        -1.843289
2.640        -1.852036
2.655        -1.860817
2.670        -1.869627
2.685        -1.878463
2.700        -1.887320
2.715        -1.896194
2.730        -1.905082
2.745        -1.913979
2.760        -1.922881
2.775        -1.931785
2.790        -1.940685
2.805        -1.949579
2.820        -1.958462
2.835        -1.967330
2.850        -1.976179
2.865        -1.985004
2.880        -1.993803
2.895        -2.002572
2.910        -2.011305
2.925        -2.020000
2.940        -2.028652
2.955        -2.037258
2.970        -2.045813
2.985        -2.054315
3.000        -2.062758
3.015        -2.071141
3.030        -2.079458
3.045        -2.087706
3.060        -2.095882
3.075        -2.103982
3.090        -2.112002
3.105        -2.119940
3.120        -2.127791
3.135        -2.135552
3.150        -2.143220
3.165        -2.150791
3.180        -2.158263
3.195        -2.165633
3.210        -2.172896
3.225        -2.180050
3.240        -2.187093
3.255        -2.194020
3.270        -2.200829
3.285        -2.207518
3.300        -2.214084
3.315        -2.220523
3.330        -2.226834
3.345        -2.233013
3.360        -2.239059
3.375        -2.244968
3.390        -2.250739
3.405        -2.256369
3.420        -2.261856
3.435        -2.267197
3.450        -2.272392
3.465        -2.277437
3.480        -2.282331
3.495        -2.287072
3.510        -2.291658
3.525        -2.296087
3.540        -2.300359
3.555        -2.304471
3.570        -2.308422
3.585        -2.312210
3.600        -2.315834
3.615        -2.319294
3.630        -2.322587
3.645        -2.325714
3.660        -2.328672
3.675        -2.331461
3.690        -2.334080
3.705        -2.336528
3.720        -2.338806
3.735        -2.340911
3.750        -2.342844
3.765        -2.344605
3.780        -2.346192
3.795        -2.347607
3.810        -2.348847
3.825        -2.349915
3.840        -2.350808
3.855        -2.351529
3.870        -2.352076
3.885        -2.352450
3.900        -2.352651
3.915        -2.352680
3.930        -2.352538
3.945        -2.352224
3.960        -2.351739
3.975        -2.351085
3.990        -2.350261
4.005        -2.349269
4.020        -2.348110
4.035        -2.346785
4.050        -2.345295
4.065        -2.343640
4.080        -2.341823
4.095        -2.339845
4.110        -2.337706
4.125        -2.335409
4.140        -2.332955
4.155        -2.330345
4.170        -2.327581
4.185        -2.324666
4.200        -2.321600
4.215        -2.318385
4.230        -2.315025
4.245        -2.311519
4.260        -2.307872
4.275        -2.304083
4.290        -2.300157
4.305        -2.296095
4.320        -2.291899
4.335        -2.287571
4.350        -2.283115
4.365        -2.278532
4.380        -2.273825
4.395        -2.268996
4.410        -2.264049
4.425        -2.258985
4.440        -2.253808
4.455        -2.248520
4.470        -2.243123
4.485        -2.237622
4.500        -2.232018
4.515        -2.226314
4.530        -2.220514
4.545        -2.214620
4.560        -2.208635
4.575        -2.202563
4.590        -2.196406
4.605        -2.190168
4.620        -2.183851
4.635        -2.177460
4.650        -2.170996
4.665        -2.164463
4.680        -2.157865
4.695        -2.151204
4.710        -2.144484
4.725        -2.137709
4.740        -2.130880
4.755        -2.124003
4.770        -2.117079
4.785        -2.110113
4.800        -2.103108
4.815        -2.096066
4.830        -2.088992
4.845        -2.081889
4.860        -2.074760
4.875        -2.067608
4.890        -2.060438
4.905        -2.053251
4.920        -2.046052
4.935        -2.038844
4.950        -2.031630
4.965        -2.024414
4.980        -2.017199
4.995        -2.009988
5.010        -2.002784
5.025        -1.995591
5.040        -1.988413
5.055        -1.981252
5.070        -1.974111
5.085        -1.966994
5.100        -1.959905
5.115        -1.952845
5.130        -1.945819
5.145        -1.938830
5.160        -1.931880
5.175        -1.924973
5.190        -1.918111
5.205        -1.911299
5.220        -1.904538
5.235        -1.897832
5.250        -1.891183
5.265        -1.884595
5.280        -1.878071
5.295        -1.871612
5.310        -1.865223
5.325        -1.858905
5.340        -1.852662
5.355        -1.846496
5.370        -1.840409
5.385        -1.834405
5.400        -1.828486
5.415        -1.822653
5.430        -1.816911
5.445        -1.811260
5.460        -1.805704
5.475        -1.800245
5.490        -1.794884
5.505        -1.789625
5.520        -1.784469
5.535        -1.779418
5.550        -1.774475
5.565        -1.769640
5.580        -1.764917
5.595        -1.760307
5.610        -1.755812
5.625        -1.751434
5.640        -1.747174
5.655        -1.743034
5.670        -1.739015
5.685        -1.735120
5.700        -1.731349
5.715        -1.727704
5.730        -1.724186
5.745        -1.720797
5.760        -1.717537
5.775        -1.714409
5.790        -1.711412
5.805        -1.708549
5.820        -1.705819
5.835        -1.703225
5.850        -1.700766
5.865        -1.698443
5.880        -1.696258
5.895        -1.694211
5.910        -1.692303
5.925        -1.690534
5.940        -1.688904
5.955        -1.687414
5.970        -1.686064
5.985        -1.684855
6.000        -1.683787
6.015        -1.682860
6.030        -1.682074
6.045        -1.681429
6.060        -1.680925
6.075        -1.680563
6.090        -1.680341
6.105        -1.680260
6.120        -1.680319
6.135        -1.680519
6.150        -1.680858
6.165        -1.681337
6.180        -1.681954
6.195        -1.682709
6.210        -1.683603
6.225        -1.684633
6.240        -1.685799
6.255        -1.687101
6.270        -1.688537
6.285        -1.690107
6.300        -1.691810
6.315        -1.693645
6.330        -1.695610
6.345        -1.697705
6.360        -1.699928
6.375        -1.702279
6.390        -1.704755
6.405        -1.707356
6.420        -1.710081
6.435        -1.712927
6.450        -1.715894
6.465        -1.718979
6.480        -1.722183
6.495        -1.725501
6.510        -1.728934
6.525        -1.732480
6.540        -1.736136
6.555        -1.739901
6.570        -1.743773
6.585        -1.747751
6.600        -1.751832
6.615        -1.756015
6.630        -1.760298
6.645        -1.764678
6.660        -1.769153
6.675        -1.773723
6.690        -1.778383
6.705        -1.783134
6.720        -1.787971
6.735        -1.792893
6.750        -1.797899
6.765        -1.802985
6.780        -1.808149
6.795        -1.813389
6.810        -1.818703
6.825        -1.824089
6.840        -1.829544
6.855        -1.835066
6.870        -1.840651
6.885        -1.846299
6.900        -1.852007
6.915        -1.857772
6.930        -1.863591
6.945        -1.869463
6.960        -1.875384
6.975        -1.881353
6.990        -1.887367
7.005        -1.893422
7.020        -1.899518
7.035        -1.905651
7.050        -1.911819
7.065        -1.918019
7.080        -1.924248
7.095        -1.930505
7.110        -1.936787
7.125        -1.943090
7.140        -1.949413
7.155        -1.955754
7.170        -1.962109
7.185        -1.968476
7.200        -1.974852
7.215        -1.981236
7.230        -1.987624
7.245        -1.994014
7.260        -2.000404
7.275        -2.006791
7.290        -2.013173
7.305        -2.019547
7.320        -2.025911
7.335        -2.032262
7.350        -2.038599
7.365        -2.044918
7.380        -2.051217
7.395        -2.057494
7.410        -2.063747
7.425        -2.069974
7.440        -2.076172
7.455        -2.082338
7.470        -2.088471
7.485        -2.094569
7.500        -2.100629
7.515        -2.106649
7.530        -2.112627
7.545        -2.118561
7.560        -2.124449
7.575        -2.130289
7.590        -2.136079
7.605        -2.141817
7.620        -2.147500
7.635        -2.153128
7.650        -2.158698
7.665        -2.164208
7.680        -2.169657
7.695        -2.175043
7.710        -2.180364
7.725        -2.185618
7.740        -2.190803
7.755        -2.195919
7.770        -2.200964
7.785        -2.205935
7.800        -2.210832
7.815        -2.215653
7.830        -2.220397
7.845        -2.225062
7.860        -2.229646
7.875        -2.234150
7.890        -2.238570
7.905        -2.242907
7.920        -2.247159
7.935        -2.251324
7.950        -2.255403
7.965        -2.259393
7.980        -2.263293
7.995        -2.267104
8.010        -2.270823
8.025        -2.274450
8.040        -2.277984
8.055        -2.281425
8.070        -2.284771
8.085        -2.288022
8.100        -2.291178
8.115        -2.294237
8.130        -2.297199
8.145        -2.300064
8.160        -2.302831
8.175        -2.305500
8.190        -2.308070
8.205        -2.310541
8.220        -2.312913
8.235        -2.315185
8.250        -2.317357
8.265        -2.319430
8.280        -2.321402
8.295        -2.323275
8.310        -2.325047
8.325        -2.326719
8.340        -2.328291
8.355        -2.329763
8.370        -2.331135
8.385        -2.332408
8.400        -2.333581
8.415        -2.334655
8.430        -2.335630
8.445        -2.336507
8.460        -2.337286
8.475        -2.337966
8.490        -2.338550
8.505        -2.339037
8.520        -2.339427
8.535        -2.339722
8.550        -2.339922
8.565        -2.340028
8.580        -2.340040
8.595        -2.339959
8.610        -2.339786
8.625        -2.339521
8.640        -2.339166
8.655        -2.338721
8.670        -2.338187
8.685        -2.337565
8.700        -2.336857
8.715        -2.336062
8.730        -2.335182
8.745        -2.334219
8.760        -2.333172
8.775        -2.332044
8.790        -2.330836
8.805        -2.329547
8.820        -2.328181
8.835        -2.326737
8.850        -2.325218
8.865        -2.323624
8.880        -2.321956
8.895        -2.320217
8.910        -2.318407
8.925        -2.316528
8.940        -2.314580
8.955        -2.312566
8.970        -2.310487
8.985        -2.308344
9.000        -2.306139
9.015        -2.303873
9.030        -2.301547
9.045        -2.299163
9.060        -2.296723
9.075        -2.294228
9.090        -2.291680
9.105        -2.289079
9.120        -2.286428
9.135        -2.283729
9.150        -2.280982
9.165        -2.278190
9.180        -2.275353
9.195        -2.272474
9.210        -2.269554
9.225        -2.266595
9.240        -2.263597
9.255        -2.260564
9.270        -2.257497
9.285        -2.254396
9.300        -2.251264
9.315        -2.248102
9.330        -2.244912
9.345        -2.241696
9.360        -2.238455
9.375        -2.235191
9.390        -2.231905
9.405        -2.228598
9.420        -2.225274
9.435        -2.221932
9.450        -2.218575
9.465        -2.215205
9.480        -2.211822
9.495        -2.208428
9.510        -2.205026
9.525        -2.201616
9.540        -2.198200
9.555        -2.194779
9.570        -2.191355
9.585        -2.187930
9.600        -2.184505
9.615        -2.181081
9.630        -2.177660
9.645        -2.174244
9.660        -2.170833
9.675        -2.167429
9.690        -2.164034
9.705        -2.160649
9.720        -2.157275
9.735        -2.153914
9.750        -2.150567
9.765        -2.147235
9.780        -2.143919
9.795        -2.140621
9.810        -2.137342
9.825        -2.134084
9.840        -2.130847
9.855        -2.127632
9.870        -2.124442
9.885        -2.121276
9.900        -2.118136
9.915        -2.115023
9.930        -2.111939
9.945        -2.108883
9.960        -2.105858
9.975        -2.102864
9.990        -2.099903
10.005       -2.096974
10.020       -2.094080
10.035       -2.091220
10.050       -2.088396
10.065       -2.085609
10.080       -2.082859
10.095       -2.080148
10.110       -2.077475
10.125       -2.074842
10.140       -2.072250
10.155       -2.069699
10.170       -2.067190
10.185       -2.064722
10.200       -2.062298
10.215       -2.059918
10.230       -2.057582
10.245       -2.055290
10.260       -2.053043
10.275       -2.050842
10.290       -2.048687
10.305       -2.046579
10.320       -2.044517
10.335       -2.042502
10.350       -2.040535
10.365       -2.038616
10.380       -2.036744
10.395       -2.034921
10.410       -2.033147
10.425       -2.031421
10.440       -2.029744
10.455       -2.028116
10.470       -2.026537
10.485       -2.025007
10.500       -2.023526
10.515       -2.022095
10.530       -2.020713
10.545       -2.019380
10.560       -2.018096
10.575       -2.016862
10.590       -2.015676
10.605       -2.014540
10.620       -2.013452
10.635       -2.012412
10.650       -2.011421
10.665       -2.010478
10.680       -2.009583
10.695       -2.008736
10.710       -2.007936
10.725       -2.007183
10.740       -2.006476
10.755       -2.005816
10.770       -2.005202
10.785       -2.004634
10.800       -2.004110
10.815       -2.003632
10.830       -2.003197
10.845       -2.002806
10.860       -2.002459
10.875       -2.002154
10.890       -2.001891
10.905       -2.001670
10.920       -2.001490
10.935       -2.001350
10.950       -2.001251
10.965       -2.001190
10.980       -2.001168
10.995       -2.001184
11.010       -2.001237
11.025       -2.001327
11.040       -2.001452
11.055       -2.001613
11.070       -2.001808
11.085       -2.002036
11.100       -2.002298
11.115       -2.002592
11.130       -2.002917
11.145       -2.003272
11.160       -2.003657
11.175       -2.004072
11.190       -2.004514
11.205       -2.004984
11.220       -2.005480
11.235       -2.006001
11.250       -2.006548
11.265       -2.007118
11.280       -2.007711
11.295       -2.008326
11.310       -2.008963
11.325       -2.009620
11.340       -2.010296
11.355       -2.010991
11.370       -2.011704
11.385       -2.012433
11.400       -2.013178
11.415       -2.013938
11.430       -2.014712
11.445       -2.015500
11.460       -2.016299
11.475       -2.017110
11.490       -2.017931
11.505       -2.018761
11.520       -2.019600
11.535       -2.020447
11.550       -2.021301
11.565       -2.022160
11.580       -2.023024
11.595       -2.023892
11.610       -2.024763
11.625       -2.025636
11.640       -2.026511
11.655       -2.027386
11.670       -2.028261
11.685       -2.029134
11.700       -2.030005
11.715       -2.030873
11.730       -2.031738
11.745       -2.032597
11.760       -2.033451
11.775       -2.034298
11.790       -2.035138
11.805       -2.035970
11.820       -2.036794
11.835       -2.037607
11.850       -2.038410
11.865       -2.039202
11.880       -2.039982
11.895       -2.040750
11.910       -2.041503
11.925       -2.042243
11.940       -2.042968
11.955       -2.043677
11.970       -2.044370
11.985       -2.045046
12.000       -2.045704
12.015       -2.046344
12.030       -2.046965
12.045       -2.047567
12.060       -2.048148
12.075       -2.048709
12.090       -2.049248
12.105       -2.049766
12.120       -2.050261
12.135       -2.050734
12.150       -2.051183
12.165       -2.051608
12.180       -2.052009
12.195       -2.052385
12.210       -2.052735
12.225       -2.053060
12.240       -2.053359
12.255       -2.053631
12.270       -2.053876
12.285       -2.054094
12.300       -2.054285
12.315       -2.054447
12.330       -2.054582
12.345       -2.054687
12.360       -2.054765
12.375       -2.054813
12.390       -2.054831
12.405       -2.054821
12.420       -2.054781
12.435       -2.054710
12.450       -2.054610
12.465       -2.054480
12.480       -2.054320
12.495       -2.054129
12.510       -2.053907
12.525       -2.053656
12.540       -2.053373
12.555       -2.053060
12.570       -2.052717
12.585       -2.052343
12.600       -2.051939
12.615       -2.051503
12.630       -2.051038
12.645       -2.050542
12.660       -2.050016
12.675       -2.049460
12.690       -2.048874
12.705       -2.048258
12.720       -2.047612
12.735       -2.046937
12.750       -2.046233
12.765       -2.045500
12.780       -2.044737
12.795       -2.043947
12.810       -2.043128
12.825       -2.042281
12.840       -2.041406
12.855       -2.040505
12.870       -2.039576
12.885       -2.038620
12.900       -2.037639
12.915       -2.036631
12.930       -2.035598
12.945       -2.034540
12.960       -2.033457
12.975       -2.032350
12.990       -2.031220
13.005       -2.030066
13.020       -2.028889
13.035       -2.027691
13.050       -2.026470
13.065       -2.025228
13.080       -2.023966
13.095       -2.022684
13.110       -2.021382
13.125       -2.020061
13.140       -2.018721
13.155       -2.017364
13.170       -2.015990
13.185       -2.014599
13.200       -2.013192
13.215       -2.011770
13.230       -2.010334
13.245       -2.008883
13.260       -2.007419
13.275       -2.005942
13.290       -2.004454
13.305       -2.002954
13.320       -2.001443
13.335       -1.999923
13.350       -1.998393
13.365       -1.996855
13.380       -1.995310
13.395       -1.993757
13.410       -1.992198
13.425       -1.990633
13.440       -1.989063
13.455       -1.987490
13.470       -1.985913
13.485       -1.984333
13.500       -1.982751
13.515       -1.981169
13.530       -1.979586
13.545       -1.978003
13.560       -1.976421
13.575       -1.974842
13.590       -1.973265
13.605       -1.971691
13.620       -1.970121
13.635       -1.968557
13.650       -1.966998
13.665       -1.965445
13.680       -1.963899
13.695       -1.962362
13.710       -1.960833
13.725       -1.959313
13.740       -1.957803
13.755       -1.956304
13.770       -1.954816
13.785       -1.953341
13.800       -1.951879
13.815       -1.950430
13.830       -1.948995
13.845       -1.947576
13.860       -1.946172
13.875       -1.944785
13.890       -1.943414
13.905       -1.942062
13.920       -1.940727
13.935       -1.939412
13.950       -1.938116
13.965       -1.936841
13.980       -1.935586
13.995       -1.934353
14.010       -1.933142
14.025       -1.931954
14.040       -1.930789
14.055       -1.929648
14.070       -1.928531
14.085       -1.927439
14.100       -1.926372
14.115       -1.925332
14.130       -1.924318
14.145       -1.923331
14.160       -1.922371
14.175       -1.921440
14.190       -1.920536
14.205       -1.919662
14.220       -1.918817
14.235       -1.918001
14.250       -1.917216
14.265       -1.916461
14.280       -1.915737
14.295       -1.915044
14.310       -1.914382
14.325       -1.913753
14.340       -1.913156
14.355       -1.912591
14.370       -1.912059
14.385       -1.911560
14.400       -1.911094
14.415       -1.910662
14.430       -1.910264
14.445       -1.909899
14.460       -1.909569
14.475       -1.909273
14.490       -1.909012
14.505       -1.908785
14.520       -1.908593
14.535       -1.908436
14.550       -1.908314
14.565       -1.908227
14.580       -1.908175
14.595       -1.908159
14.610       -1.908177
14.625       -1.908231
14.640       -1.908320
14.655       -1.908444
14.670       -1.908603
14.685       -1.908797
14.700       -1.909027
14.715       -1.909291
14.730       -1.909590
14.745       -1.909924
14.760       -1.910293
14.775       -1.910695
14.790       -1.911133
14.805       -1.911604
14.820       -1.912110
14.835       -1.912649
14.850       -1.913221
14.865       -1.913827
14.880       -1.914466
14.895       -1.915138
14.910       -1.915842
14.925       -1.916578
14.940       -1.917346
14.955       -1.918146
14.970       -1.918976
14.985       -1.919838
15.000       -1.920730
15.015       -1.921653
15.030       -1.922605
15.045       -1.923586
15.060       -1.924596
15.075       -1.925635
15.090       -1.926701
15.105       -1.927796
15.120       -1.928917
15.135       -1.930065
15.150       -1.931240
15.165       -1.932439
15.180       -1.933665
15.195       -1.934914
15.210       -1.936188
15.225       -1.937486
15.240       -1.938806
15.255       -1.940149
15.270       -1.941514
15.285       -1.942900
15.300       -1.944307
15.315       -1.945735
15.330       -1.947182
15.345       -1.948647
15.360       -1.950132
15.375       -1.951634
15.390       -1.953153
15.405       -1.954689
15.420       -1.956241
15.435       -1.957808
15.450       -1.959390
15.465       -1.960986
15.480       -1.962595
15.495       -1.964217
15.510       -1.965851
15.525       -1.967496
15.540       -1.969152
15.555       -1.970818
15.570       -1.972494
15.585       -1.974178
15.600       -1.975871
15.615       -1.977571
15.630       -1.979277
15.645       -1.980990
15.660       -1.982708
15.675       -1.984431
15.690       -1.986158
15.705       -1.987889
15.720       -1.989622
15.735       -1.991358
15.750       -1.993094
15.765       -1.994832
15.780       -1.996570
15.795       -1.998307
15.810       -2.000043
15.825       -2.001777
15.840       -2.003509
15.855       -2.005238
15.870       -2.006963
15.885       -2.008684
15.900       -2.010399
15.915       -2.012110
15.930       -2.013814
15.945       -2.015511
15.960       -2.017201
15.975       -2.018882
15.990       -2.020556
16.005       -2.022220
16.020       -2.023874
16.035       -2.025518
16.050       -2.027152
16.065       -2.028774
16.080       -2.030384
16.095       -2.031981
16.110       -2.033566
16.125       -2.035137
16.140       -2.036695
16.155       -2.038238
16.170       -2.039766
16.185       -2.041278
16.200       -2.042775
16.215       -2.044255
16.230       -2.045719
16.245       -2.047165
16.260       -2.048594
16.275       -2.050005
16.290       -2.051398
16.305       -2.052772
16.320       -2.054126
16.335       -2.055461
16.350       -2.056777
16.365       -2.058072
16.380       -2.059346
16.395       -2.060600
16.410       -2.061833
16.425       -2.063044
16.440       -2.064234
16.455       -2.065401
16.470       -2.066547
16.485       -2.067670
16.500       -2.068770
16.515       -2.069848
16.530       -2.070902
16.545       -2.071933
16.560       -2.072941
16.575       -2.073926
16.590       -2.074886
16.605       -2.075823
16.620       -2.076736
16.635       -2.077624
16.650       -2.078489
16.665       -2.079329
16.680       -2.080145
16.695       -2.080936
16.710       -2.081704
16.725       -2.082446
16.740       -2.083165
16.755       -2.083858
16.770       -2.084528
16.785       -2.085172
16.800       -2.085793
16.815       -2.086389
16.830       -2.086961
16.845       -2.087508
16.860       -2.088032
16.875       -2.088531
16.890       -2.089006
16.905       -2.089458
16.920       -2.089885
16.935       -2.090290
16.950       -2.090670
16.965       -2.091028
16.980       -2.091362
16.995       -2.091673
17.010       -2.091962
17.025       -2.092228
17.040       -2.092471
17.055       -2.092693
17.070       -2.092893
17.085       -2.093070
17.100       -2.093227
17.115       -2.093362
17.130       -2.093477
17.145       -2.093570
17.160       -2.093644
17.175       -2.093697
17.190       -2.093730
17.205       -2.093744
17.220       -2.093739
17.235       -2.093715
17.250       -2.093672
17.265       -2.093611
17.280       -2.093532
17.295       -2.093436
17.310       -2.093322
17.325       -2.093191
17.340       -2.093044
17.355       -2.092880
17.370       -2.092701
17.385       -2.092506
17.400       -2.092296
17.415       -2.092071
17.430       -2.091832
17.445       -2.091579
17.460       -2.091312
17.475       -2.091032
17.490       -2.090739
17.505       -2.090434
17.520       -2.090116
17.535       -2.089787
17.550       -2.089446
17.565       -2.089094
17.580       -2.088731
17.595       -2.088359
17.610       -2.087976
17.625       -2.087584
17.640       -2.087183
17.655       -2.086773
17.670       -2.086355
17.685       -2.085928
17.700       -2.085495
17.715       -2.085054
17.730       -2.084606
17.745       -2.084151
17.760       -2.083690
17.775       -2.083224
17.790       -2.082752
17.805       -2.082275
17.820       -2.081793
17.835       -2.081307
17.850       -2.080817
17.865       -2.080323
17.880       -2.079826
17.895       -2.079325
17.910       -2.078822
17.925       -2.078316
17.940       -2.077808
17.955       -2.077299
17.970       -2.076787
17.985       -2.076275
18.000       -2.075761
18.015       -2.075247
18.030       -2.074732
18.045       -2.074217
18.060       -2.073702
18.075       -2.073187
18.090       -2.072673
18.105       -2.072159
18.120       -2.071647
18.135       -2.071136
18.150       -2.070626
18.165       -2.070118
18.180       -2.069611
18.195       -2.069107
18.210       -2.068605
18.225       -2.068105
18.240       -2.067608
18.255       -2.067113
18.270       -2.066621
18.285       -2.066132
18.300       -2.065646
18.315       -2.065163
18.330       -2.064684
18.345       -2.064208
18.360       -2.063735
18.375       -2.063266
18.390       -2.062801
18.405       -2.062339
18.420       -2.061882
18.435       -2.061428
18.450       -2.060978
18.465       -2.060531
18.480       -2.060089
18.495       -2.059651
18.510       -2.059217
18.525       -2.058786
18.540       -2.058360
18.555       -2.057938
18.570       -2.057519
18.585       -2.057105
18.600       -2.056694
18.615       -2.056287
18.630       -2.055884
18.645       -2.055485
18.660       -2.055089
18.675       -2.054697
18.690       -2.054308
18.705       -2.053922
18.720       -2.053540
18.735       -2.053161
18.750       -2.052786
18.765       -2.052413
18.780       -2.052042
18.795       -2.051675
18.810       -2.051310
18.825       -2.050948
18.840       -2.050588
18.855       -2.050229
18.870       -2.049873
18.885       -2.049519
18.900       -2.049166
18.915       -2.048815
18.930       -2.048464
18.945       -2.048115
18.960       -2.047767
18.975       -2.047419
18.990       -2.047072
19.005       -2.046725
19.020       -2.046378
19.035       -2.046031
19.050       -2.045683
19.065       -2.045335
19.080       -2.044986
19.095       -2.044636
19.110       -2.044285
19.125       -2.043932
19.140       -2.043577
19.155       -2.043220
19.170       -2.042861
19.185       -2.042500
19.200       -2.042135
19.215       -2.041768
19.230       -2.041398
19.245       -2.041024
19.260       -2.040646
19.275       -2.040264
19.290       -2.039879
19.305       -2.039488
19.320       -2.039093
19.335       -2.038693
19.350       -2.038288
19.365       -2.037878
19.380       -2.037461
19.395       -2.037039
19.410       -2.036611
19.425       -2.036176
19.440       -2.035735
19.455       -2.035287
19.470       -2.034831
19.485       -2.034369
19.500       -2.033898
19.515       -2.033420
19.530       -2.032935
19.545       -2.032440
19.560       -2.031938
19.575       -2.031427
19.590       -2.030907
19.605       -2.030378
19.620       -2.029840
19.635       -2.029292
19.650       -2.028735
19.665       -2.028168
19.680       -2.027591
19.695       -2.027004
19.710       -2.026407
19.725       -2.025800
19.740       -2.025182
19.755       -2.024553
19.770       -2.023913
19.785       -2.023263
19.800       -2.022601
19.815       -2.021928
19.830       -2.021244
19.845       -2.020549
19.860       -2.019842
19.875       -2.019123
19.890       -2.018393
19.905       -2.017652
19.920       -2.016898
19.935       -2.016133
19.950       -2.015355
19.965       -2.014566
19.980       -2.013765
19.995       -2.012952
20.010       -2.012127
20.025       -2.011290
20.040       -2.010441
20.055       -2.009580
20.070       -2.008707
20.085       -2.007822
20.100       -2.006926
20.115       -2.006017
20.130       -2.005097
20.145       -2.004165
20.160       -2.003221
20.175       -2.002266
20.190       -2.001299
20.205       -2.000321
20.220       -1.999332
20.235       -1.998332
20.250       -1.997320
20.265       -1.996298
20.280       -1.995264
20.295       -1.994221
20.310       -1.993166
20.325       -1.992102
20.340       -1.991027
20.355       -1.989942
20.370       -1.988848
20.385       -1.987744
20.400       -1.986631
20.415       -1.985508
20.430       -1.984376
20.445       -1.983236
20.460       -1.982087
20.475       -1.980930
20.490       -1.979765
20.505       -1.978593
20.520       -1.977412
20.535       -1.976225
20.550       -1.975030
20.565       -1.973829
20.580       -1.972621
20.595       -1.971407
20.610       -1.970187
20.625       -1.968962
20.640       -1.967732
20.655       -1.966496
20.670       -1.965256
20.685       -1.964012
20.700       -1.962764
20.715       -1.961512
20.730       -1.960256
20.745       -1.958998
20.760       -1.957737
20.775       -1.956474
20.790       -1.955209
20.805       -1.953942
20.820       -1.952674
20.835       -1.951405
20.850       -1.950135
20.865       -1.948866
20.880       -1.947596
20.895       -1.946327
20.910       -1.945059
20.925       -1.943793
20.940       -1.942528
20.955       -1.941265
20.970       -1.940005
20.985       -1.938747
21.000       -1.937492
21.015       -1.936241
21.030       -1.934994
21.045       -1.933752
21.060       -1.932514
21.075       -1.931281
21.090       -1.930053
21.105       -1.928832
21.120       -1.927616
21.135       -1.926407
21.150       -1.925205
21.165       -1.924011
21.180       -1.922824
21.195       -1.921645
21.210       -1.920474
21.225       -1.919313
21.240       -1.918160
21.255       -1.917017
21.270       -1.915884
21.285       -1.914761
21.300       -1.913649
21.315       -1.912548
21.330       -1.911458
21.345       -1.910380
21.360       -1.909313
21.375       -1.908259
21.390       -1.907218
21.405       -1.906189
21.420       -1.905174
21.435       -1.904173
21.450       -1.903185
21.465       -1.902212
21.480       -1.901253
21.495       -1.900309
21.510       -1.899380
21.525       -1.898467
21.540       -1.897569
21.555       -1.896688
21.570       -1.895822
21.585       -1.894974
21.600       -1.894142
21.615       -1.893327
21.630       -1.892529
21.645       -1.891749
21.660       -1.890987
21.675       -1.890243
21.690       -1.889517
21.705       -1.888809
21.720       -1.888120
21.735       -1.887450
21.750       -1.886799
21.765       -1.886168
21.780       -1.885556
21.795       -1.884963
21.810       -1.884391
21.825       -1.883838
21.840       -1.883305
21.855       -1.882793
21.870       -1.882301
21.885       -1.881830
21.900       -1.881379
21.915       -1.880949
21.930       -1.880540
21.945       -1.880152
21.960       -1.879785
21.975       -1.879439
21.990       -1.879115
22.005       -1.878811
22.020       -1.878530
22.035       -1.878269
22.050       -1.878030
22.065       -1.877813
22.080       -1.877617
22.095       -1.877443
22.110       -1.877291
22.125       -1.877160
22.140       -1.877051
22.155       -1.876963
22.170       -1.876897
22.185       -1.876853
22.200       -1.876830
22.215       -1.876829
22.230       -1.876849
22.245       -1.876891
22.260       -1.876954
22.275       -1.877038
22.290       -1.877144
22.305       -1.877271
22.320       -1.877419
22.335       -1.877588
22.350       -1.877778
22.365       -1.877989
22.380       -1.878221
22.395       -1.878473
22.410       -1.878745
22.425       -1.879039
22.440       -1.879352
22.455       -1.879685
22.470       -1.880038
22.485       -1.880412
22.500       -1.880804
22.515       -1.881217
22.530       -1.881648
22.545       -1.882099
22.560       -1.882569
22.575       -1.883057
22.590       -1.883565
22.605       -1.884090
22.620       -1.884634
22.635       -1.885196
22.650       -1.885776
22.665       -1.886374
22.680       -1.886989
22.695       -1.887621
22.710       -1.888271
22.725       -1.888937
22.740       -1.889620
22.755       -1.890319
22.770       -1.891035
22.785       -1.891766
22.800       -1.892514
22.815       -1.893277
22.830       -1.894055
22.845       -1.894848
22.860       -1.895656
22.875       -1.896479
22.890       -1.897317
22.905       -1.898168
22.920       -1.899034
22.935       -1.899913
22.950       -1.900806
22.965       -1.901712
22.980       -1.902631
22.995       -1.903564
23.010       -1.904508
23.025       -1.905466
23.040       -1.906435
23.055       -1.907417
23.070       -1.908410
23.085       -1.909415
23.100       -1.910431
23.115       -1.911459
23.130       -1.912498
23.145       -1.913547
23.160       -1.914607
23.175       -1.915677
23.190       -1.916758
23.205       -1.917849
23.220       -1.918949
23.235       -1.920059
23.250       -1.921179
23.265       -1.922308
23.280       -1.923447
23.295       -1.924594
23.310       -1.925750
23.325       -1.926916
23.340       -1.928089
23.355       -1.929271
23.370       -1.930462
23.385       -1.931661
23.400       -1.932868
23.415       -1.934083
23.430       -1.935306
23.445       -1.936536
23.460       -1.937775
23.475       -1.939021
23.490       -1.940274
23.505       -1.941535
23.520       -1.942804
23.535       -1.944080
23.550       -1.945363
23.565       -1.946653
23.580       -1.947950
23.595       -1.949255
23.610       -1.950567
23.625       -1.951886
23.640       -1.953212
23.655       -1.954545
23.670       -1.955885
23.685       -1.957232
23.700       -1.958587
23.715       -1.959948
23.730       -1.961317
23.745       -1.962692
23.760       -1.964075
23.775       -1.965465
23.790       -1.966862
23.805       -1.968267
23.820       -1.969679
23.835       -1.971099
23.850       -1.972525
23.865       -1.973960
23.880       -1.975402
23.895       -1.976852
23.910       -1.978310
23.925       -1.979775
23.940       -1.981249
23.955       -1.982730
23.970       -1.984220
23.985       -1.985718
24.000       -1.987225
24.015       -1.988740
24.030       -1.990264
24.045       -1.991796
24.060       -1.993338
24.075       -1.994888
24.090       -1.996448
24.105       -1.998017
24.120       -1.999595
24.135       -2.001183
24.150       -2.002781
24.165       -2.004388
24.180       -2.006006
24.195       -2.007633
24.210       -2.009271
24.225       -2.010920
24.240       -2.012579
24.255       -2.014248
24.270       -2.015929
24.285       -2.017620
24.300       -2.019323
24.315       -2.021037
24.330       -2.022763
24.345       -2.024500
24.360       -2.026249
24.375       -2.028010
24.390       -2.029782
24.405       -2.031567
24.420       -2.033365
24.435       -2.035174
24.450       -2.036997
24.465       -2.038832
24.480       -2.040680
24.495       -2.042541
24.510       -2.044415
24.525       -2.046302
24.540       -2.048202
24.555       -2.050116
24.570       -2.052044
24.585       -2.053985
24.600       -2.055940
24.615       -2.057908
24.630       -2.059891
24.645       -2.061887
24.660       -2.063898
24.675       -2.065923
24.690       -2.067962
24.705       -2.070015
24.720       -2.072082
24.735       -2.074164
24.750       -2.076261
24.765       -2.078372
24.780       -2.080497
24.795       -2.082637
24.810       -2.084791
24.825       -2.086960
24.840       -2.089144
24.855       -2.091342
24.870       -2.093555
24.885       -2.095782
24.900       -2.098024
24.915       -2.100280
24.930       -2.102551
24.945       -2.104836
24.960       -2.107136
24.975       -2.109449
24.990       -2.111778
25.005       -2.114120
25.020       -2.116476
25.035       -2.118846
25.050       -2.121231
25.065       -2.123629
25.080       -2.126041
25.095       -2.128466
25.110       -2.130905
25.125       -2.133357
25.140       -2.135822
25.155       -2.138300
25.170       -2.140792
25.185       -2.143296
25.200       -2.145812
25.215       -2.148341
25.230       -2.150882
25.245       -2.153434
25.260       -2.155999
25.275       -2.158575
25.290       -2.161163
25.305       -2.163761
25.320       -2.166371
25.335       -2.168991
25.350       -2.171621
25.365       -2.174261
25.380       -2.176912
25.395       -2.179571
25.410       -2.182240
25.425       -2.184918
25.440       -2.187605
25.455       -2.190300
25.470       -2.193003
25.485       -2.195714
25.500       -2.198433
25.515       -2.201158
25.530       -2.203890
25.545       -2.206629
25.560       -2.209374
25.575       -2.212124
25.590       -2.214880
25.605       -2.217640
25.620       -2.220405
25.635       -2.223175
25.650       -2.225948
25.665       -2.228725
25.680       -2.231504
25.695       -2.234287
25.710       -2.237071
25.725       -2.239857
25.740       -2.242645
25.755       -2.245434
25.770       -2.248223
25.785       -2.251012
25.800       -2.253800
25.815       -2.256588
25.830       -2.259375
25.845       -2.262160
25.860       -2.264942
25.875       -2.267723
25.890       -2.270499
25.905       -2.273273
25.920       -2.276042
25.935       -2.278807
25.950       -2.281567
25.965       -2.284321
25.980       -2.287069
25.995       -2.289811
26.010       -2.292546
26.025       -2.295273
26.040       -2.297993
26.055       -2.300704
26.070       -2.303406
26.085       -2.306098
26.100       -2.308781
26.115       -2.311453
26.130       -2.314115
26.145       -2.316764
26.160       -2.319402
26.175       -2.322028
26.190       -2.324640
26.205       -2.327239
26.220       -2.329824
26.235       -2.332394
26.250       -2.334950
26.265       -2.337490
26.280       -2.340013
26.295       -2.342521
26.310       -2.345011
26.325       -2.347484
26.340       -2.349938
26.355       -2.352375
26.370       -2.354792
26.385       -2.357189
26.400       -2.359566
26.415       -2.361923
26.430       -2.364259
26.445       -2.366573
26.460       -2.368865
26.475       -2.371135
26.490       -2.373381
26.505       -2.375605
26.520       -2.377804
26.535       -2.379978
26.550       -2.382128
26.565       -2.384252
26.580       -2.386350
26.595       -2.388422
26.610       -2.390466
26.625       -2.392484
26.640       -2.394474
26.655       -2.396435
26.670       -2.398368
26.685       -2.400272
26.700       -2.402146
26.715       -2.403990
26.730       -2.405803
26.745       -2.407586
26.760       -2.409337
26.775       -2.411057
26.790       -2.412744
26.805       -2.414398
26.820       -2.416020
26.835       -2.417608
26.850       -2.419162
26.865       -2.420682
26.880       -2.422168
26.895       -2.423618
26.910       -2.425033
26.925       -2.426411
26.940       -2.427754
26.955       -2.429060
26.970       -2.430330
26.985       -2.431561
27.000       -2.432756
27.015       -2.433912
27.030       -2.435030
27.045       -2.436109
27.060       -2.437148
27.075       -2.438149
27.090       -2.439110
27.105       -2.440030
27.120       -2.440911
27.135       -2.441750
27.150       -2.442549
27.165       -2.443306
27.180       -2.444022
27.195       -2.444695
27.210       -2.445327
27.225       -2.445916
27.240       -2.446462
27.255       -2.446965
27.270       -2.447425
27.285       -2.447841
27.300       -2.448213
27.315       -2.448541
27.330       -2.448825
27.345       -2.449064
27.360       -2.449258
27.375       -2.449407
27.390       -2.449511
27.405       -2.449570
27.420       -2.449582
27.435       -2.449549
27.450       -2.449469
27.465       -2.449343
27.480       -2.449170
27.495       -2.448951
27.510       -2.448684
27.525       -2.448370
27.540       -2.448009
27.555       -2.447600
27.570       -2.447144
27.585       -2.446640
27.600       -2.446087
27.615       -2.445487
27.630       -2.444838
27.645       -2.444140
27.660       -2.443394
27.675       -2.442599
27.690       -2.441755
27.705       -2.440862
27.720       -2.439919
27.735       -2.438928
27.750       -2.437887
27.765       -2.436796
27.780       -2.435656
27.795       -2.434466
27.810       -2.433226
27.825       -2.431936
27.840       -2.430596
27.855       -2.429206
27.870       -2.427766
27.885       -2.426276
27.900       -2.424735
27.915       -2.423144
27.930       -2.421502
27.945       -2.419810
27.960       -2.418067
27.975       -2.416273
27.990       -2.414429
28.005       -2.412534
28.020       -2.410589
28.035       -2.408592
28.050       -2.406545
28.065       -2.404447
28.080       -2.402298
28.095       -2.400099
28.110       -2.397849
28.125       -2.395547
28.140       -2.393195
28.155       -2.390793
28.170       -2.388339
28.185       -2.385835
28.200       -2.383280
28.215       -2.380675
28.230       -2.378018
28.245       -2.375312
28.260       -2.372554
28.275       -2.369746
28.290       -2.366888
28.305       -2.363980
28.320       -2.361021
28.335       -2.358012
28.350       -2.354953
28.365       -2.351844
28.380       -2.348686
28.395       -2.345477
28.410       -2.342219
28.425       -2.338911
28.440       -2.335554
28.455       -2.332147
28.470       -2.328692
28.485       -2.325187
28.500       -2.321634
28.515       -2.318031
28.530       -2.314381
28.545       -2.310682
28.560       -2.306934
28.575       -2.303139
28.590       -2.299296
28.605       -2.295406
28.620       -2.291468
28.635       -2.287483
28.650       -2.283451
28.665       -2.279372
28.680       -2.275246
28.695       -2.271075
28.710       -2.266857
28.725       -2.262594
28.740       -2.258285
28.755       -2.253931
28.770       -2.249532
28.785       -2.245089
28.800       -2.240601
28.815       -2.236069
28.830       -2.231493
28.845       -2.226874
28.860       -2.222212
28.875       -2.217507
28.890       -2.212760
28.905       -2.207971
28.920       -2.203140
28.935       -2.198267
28.950       -2.193354
28.965       -2.188400
28.980       -2.183406
28.995       -2.178372
29.010       -2.173299
29.025       -2.168187
29.040       -2.163036
29.055       -2.157848
29.070       -2.152621
29.085       -2.147357
29.100       -2.142057
29.115       -2.136720
29.130       -2.131348
29.145       -2.125940
29.160       -2.120497
29.175       -2.115020
29.190       -2.109509
29.205       -2.103964
29.220       -2.098387
29.235       -2.092778
29.250       -2.087136
29.265       -2.081464
29.280       -2.075760
29.295       -2.070027
29.310       -2.064264
29.325       -2.058472
29.340       -2.052652
29.355       -2.046803
29.370       -2.040928
29.385       -2.035026
29.400       -2.029098
29.415       -2.023144
29.430       -2.017165
29.445       -2.011163
29.460       -2.005137
29.475       -1.999088
29.490       -1.993017
29.505       -1.986924
29.520       -1.980810
29.535       -1.974676
29.550       -1.968522
29.565       -1.962350
29.580       -1.956159
29.595       -1.949951
29.610       -1.943726
29.625       -1.937485
29.640       -1.931228
29.655       -1.924957
29.670       -1.918672
29.685       -1.912373
29.700       -1.906062
29.715       -1.899739
29.730       -1.893406
29.745       -1.887062
29.760       -1.880708
29.775       -1.874346
29.790       -1.867975
29.805       -1.861598
29.820       -1.855214
29.835       -1.848824
29.850       -1.842429
29.865       -1.836031
29.880       -1.829629
29.895       -1.823224
29.910       -1.816818
29.925       -1.810410
29.940       -1.804003
29.955       -1.797596
29.970       -1.791191
29.985       -1.784788
30.000       -1.778388
30.015       -1.771992
30.030       -1.765600
30.045       -1.759215
30.060       -1.752835
30.075       -1.746463
30.090       -1.740099
30.105       -1.733744
30.120       -1.727398
30.135       -1.721063
30.150       -1.714739
30.165       -1.708428
30.180       -1.702130
30.195       -1.695845
30.210       -1.689576
30.225       -1.683321
30.240       -1.677084
30.255       -1.670863
30.270       -1.664661
30.285       -1.658478
30.300       -1.652314
30.315       -1.646171
30.330       -1.640050
30.345       -1.633951
30.360       -1.627875
30.375       -1.621823
30.390       -1.615796
30.405       -1.609795
30.420       -1.603821
30.435       -1.597874
30.450       -1.591955
30.465       -1.586065
30.480       -1.580205
30.495       -1.574377
30.510       -1.568579
30.525       -1.562814
30.540       -1.557083
30.555       -1.551385
30.570       -1.545723
30.585       -1.540096
30.600       -1.534506
30.615       -1.528954
30.630       -1.523439
30.645       -1.517964
30.660       -1.512529
30.675       -1.507134
30.690       -1.501781
30.705       -1.496471
30.720       -1.491203
30.735       -1.485979
30.750       -1.480800
30.765       -1.475667
30.780       -1.470580
30.795       -1.465540
30.810       -1.460548
30.825       -1.455605
30.840       -1.450711
30.855       -1.445867
30.870       -1.441075
30.885       -1.436334
30.900       -1.431645
30.915       -1.427010
30.930       -1.422429
30.945       -1.417903
30.960       -1.413432
30.975       -1.409017
30.990       -1.404659
31.005       -1.400359
31.020       -1.396117
31.035       -1.391935
31.050       -1.387812
31.065       -1.383750
31.080       -1.379749
31.095       -1.375809
31.110       -1.371933
31.125       -1.368119
31.140       -1.364370
31.155       -1.360685
31.170       -1.357065
31.185       -1.353511
31.200       -1.350023
31.215       -1.346603
31.230       -1.343251
31.245       -1.339967
31.260       -1.336751
31.275       -1.333606
31.290       -1.330531
31.305       -1.327526
31.320       -1.324593
31.335       -1.321732
31.350       -1.318944
31.365       -1.316228
31.380       -1.313586
31.395       -1.311019
31.410       -1.308526
31.425       -1.306108
31.440       -1.303767
31.455       -1.301501
31.470       -1.299313
31.485       -1.297201
31.500       -1.295168
31.515       -1.293213
31.530       -1.291336
31.545       -1.289539
31.560       -1.287822
31.575       -1.286185
31.590       -1.284628
31.605       -1.283152
31.620       -1.281758
31.635       -1.280446
31.650       -1.279215
31.665       -1.278068
31.680       -1.277003
31.695       -1.276022
31.710       -1.275125
31.725       -1.274312
31.740       -1.273583
31.755       -1.272939
31.770       -1.272380
31.785       -1.271907
31.800       -1.271519
31.815       -1.271217
31.830       -1.271002
31.845       -1.270874
31.860       -1.270832
31.875       -1.270877
31.890       -1.271010
31.905       -1.271230
31.920       -1.271538
31.935       -1.271935
31.950       -1.272419
31.965       -1.272992
31.980       -1.273654
31.995       -1.274404
32.010       -1.275244
32.025       -1.276172
32.040       -1.277190
32.055       -1.278297
32.070       -1.279494
32.085       -1.280780
32.100       -1.282156
32.115       -1.283622
32.130       -1.285177
32.145       -1.286823
32.160       -1.288558
32.175       -1.290383
32.190       -1.292299
32.205       -1.294304
32.220       -1.296399
32.235       -1.298585
32.250       -1.300860
32.265       -1.303225
32.280       -1.305680
32.295       -1.308225
32.310       -1.310859
32.325       -1.313584
32.340       -1.316397
32.355       -1.319300
32.370       -1.322293
32.385       -1.325374
32.400       -1.328545
32.415       -1.331804
32.430       -1.335152
32.445       -1.338588
32.460       -1.342113
32.475       -1.345725
32.490       -1.349425
32.505       -1.353213
32.520       -1.357088
32.535       -1.361050
32.550       -1.365099
32.565       -1.369234
32.580       -1.373455
32.595       -1.377761
32.610       -1.382153
32.625       -1.386630
32.640       -1.391192
32.655       -1.395837
32.670       -1.400567
32.685       -1.405380
32.700       -1.410276
32.715       -1.415254
32.730       -1.420314
32.745       -1.425456
32.760       -1.430679
32.775       -1.435982
32.790       -1.441366
32.805       -1.446828
32.820       -1.452370
32.835       -1.457990
32.850       -1.463688
32.865       -1.469463
32.880       -1.475314
32.895       -1.481242
32.910       -1.487244
32.925       -1.493321
32.940       -1.499472
32.955       -1.505696
32.970       -1.511993
32.985       -1.518362
33.000       -1.524801
33.015       -1.531311
33.030       -1.537890
33.045       -1.544538
33.060       -1.551254
33.075       -1.558037
33.090       -1.564887
33.105       -1.571802
33.120       -1.578781
33.135       -1.585825
33.150       -1.592931
33.165       -1.600099
33.180       -1.607328
33.195       -1.614617
33.210       -1.621966
33.225       -1.629373
33.240       -1.636837
33.255       -1.644357
33.270       -1.651932
33.285       -1.659562
33.300       -1.667245
33.315       -1.674980
33.330       -1.682767
33.345       -1.690603
33.360       -1.698489
33.375       -1.706422
33.390       -1.714403
33.405       -1.722429
33.420       -1.730499
33.435       -1.738613
33.450       -1.746770
33.465       -1.754967
33.480       -1.763205
33.495       -1.771481
33.510       -1.779795
33.525       -1.788145
33.540       -1.796531
33.555       -1.804950
33.570       -1.813402
33.585       -1.821886
33.600       -1.830399
33.615       -1.838942
33.630       -1.847512
33.645       -1.856109
33.660       -1.864731
33.675       -1.873376
33.690       -1.882044
33.705       -1.890733
33.720       -1.899442
33.735       -1.908170
33.750       -1.916914
33.765       -1.925674
33.780       -1.934449
33.795       -1.943236
33.810       -1.952035
33.825       -1.960845
33.840       -1.969663
33.855       -1.978489
33.870       -1.987321
33.885       -1.996158
33.900       -2.004997
33.915       -2.013839
33.930       -2.022681
33.945       -2.031522
33.960       -2.040361
33.975       -2.049196
33.990       -2.058025
34.005       -2.066848
34.020       -2.075662
34.035       -2.084467
34.050       -2.093261
34.065       -2.102043
34.080       -2.110810
34.095       -2.119562
34.110       -2.128297
34.125       -2.137014
34.140       -2.145711
34.155       -2.154386
34.170       -2.163039
34.185       -2.171668
34.200       -2.180271
34.215       -2.188848
34.230       -2.197395
34.245       -2.205913
34.260       -2.214399
34.275       -2.222853
34.290       -2.231272
34.305       -2.239655
34.320       -2.248001
34.335       -2.256309
34.350       -2.264577
34.365       -2.272803
34.380       -2.280986
34.395       -2.289125
34.410       -2.297218
34.425       -2.305264
34.440       -2.313262
34.455       -2.321210
34.470       -2.329106
34.485       -2.336950
34.500       -2.344739
34.515       -2.352474
34.530       -2.360151
34.545       -2.367771
34.560       -2.375331
34.575       -2.382830
34.590       -2.390267
34.605       -2.397641
34.620       -2.404951
34.635       -2.412194
34.650       -2.419370
34.665       -2.426477
34.680       -2.433515
34.695       -2.440481
34.710       -2.447376
34.725       -2.454197
34.740       -2.460943
34.755       -2.467614
34.770       -2.474207
34.785       -2.480722
34.800       -2.487158
34.815       -2.493513
34.830       -2.499787
34.845       -2.505978
34.860       -2.512086
34.875       -2.518108
34.890       -2.524044
34.905       -2.529894
34.920       -2.535655
34.935       -2.541328
34.950       -2.546910
34.965       -2.552402
34.980       -2.557801
34.995       -2.563108
35.010       -2.568321
35.025       -2.573439
35.040       -2.578462
35.055       -2.583388
35.070       -2.588217
35.085       -2.592947
35.100       -2.597579
35.115       -2.602112
35.130       -2.606543
35.145       -2.610874
35.160       -2.615102
35.175       -2.619228
35.190       -2.623251
35.205       -2.627170
35.220       -2.630984
35.235       -2.634693
35.250       -2.638296
35.265       -2.641792
35.280       -2.645182
35.295       -2.648464
35.310       -2.651639
35.325       -2.654705
35.340       -2.657662
35.355       -2.660509
35.370       -2.663247
35.385       -2.665875
35.400       -2.668393
35.415       -2.670799
35.430       -2.673095
35.445       -2.675279
35.460       -2.677351
35.475       -2.679312
35.490       -2.681160
35.505       -2.682896
35.520       -2.684520
35.535       -2.686031
35.550       -2.687429
35.565       -2.688714
35.580       -2.689887
35.595       -2.690946
35.610       -2.691893
35.625       -2.692726
35.640       -2.693447
35.655       -2.694055
35.670       -2.694550
35.685       -2.694933
35.700       -2.695203
35.715       -2.695361
35.730       -2.695406
35.745       -2.695340
35.760       -2.695162
35.775       -2.694872
35.790       -2.694472
35.805       -2.693960
35.820       -2.693338
35.835       -2.692606
35.850       -2.691765
35.865       -2.690814
35.880       -2.689754
35.895       -2.688586
35.910       -2.687310
35.925       -2.685926
35.940       -2.684436
35.955       -2.682839
35.970       -2.681137
35.985       -2.679330
36.000       -2.677419
36.015       -2.675404
36.030       -2.673285
36.045       -2.671065
36.060       -2.668743
36.075       -2.666320
36.090       -2.663797
36.105       -2.661175
36.120       -2.658455
36.135       -2.655637
36.150       -2.652723
36.165       -2.649713
36.180       -2.646608
36.195       -2.643410
36.210       -2.640118
36.225       -2.636735
36.240       -2.633262
36.255       -2.629698
36.270       -2.626046
36.285       -2.622306
36.300       -2.618480
36.315       -2.614569
36.330       -2.610573
36.345       -2.606495
36.360       -2.602335
36.375       -2.598094
36.390       -2.593774
36.405       -2.589376
36.420       -2.584901
36.435       -2.580351
36.450       -2.575726
36.465       -2.571029
36.480       -2.566261
36.495       -2.561422
36.510       -2.556515
36.525       -2.551540
36.540       -2.546500
36.555       -2.541395
36.570       -2.536227
36.585       -2.530998
36.600       -2.525709
36.615       -2.520361
36.630       -2.514957
36.645       -2.509497
36.660       -2.503984
36.675       -2.498418
36.690       -2.492801
36.705       -2.487136
36.720       -2.481423
36.735       -2.475664
36.750       -2.469861
36.765       -2.464016
36.780       -2.458130
36.795       -2.452204
36.810       -2.446241
36.825       -2.440242
36.840       -2.434210
36.855       -2.428144
36.870       -2.422048
36.885       -2.415923
36.900       -2.409771
36.915       -2.403594
36.930       -2.397392
36.945       -2.391169
36.960       -2.384926
36.975       -2.378664
36.990       -2.372385
37.005       -2.366092
37.020       -2.359786
37.035       -2.353468
37.050       -2.347141
37.065       -2.340806
37.080       -2.334465
37.095       -2.328120
37.110       -2.321773
37.125       -2.315425
37.140       -2.309079
37.155       -2.302736
37.170       -2.296397
37.185       -2.290065
37.200       -2.283742
37.215       -2.277429
37.230       -2.271128
37.245       -2.264841
37.260       -2.258569
37.275       -2.252315
37.290       -2.246080
37.305       -2.239866
37.320       -2.233675
37.335       -2.227508
37.350       -2.221368
37.365       -2.215255
37.380       -2.209172
37.395       -2.203120
37.410       -2.197101
37.425       -2.191117
37.440       -2.185170
37.455       -2.179261
37.470       -2.173391
37.485       -2.167563
37.500       -2.161779
37.515       -2.156038
37.530       -2.150345
37.545       -2.144699
37.560       -2.139102
37.575       -2.133557
37.590       -2.128064
37.605       -2.122626
37.620       -2.117243
37.635       -2.111918
37.650       -2.106651
37.665       -2.101444
37.680       -2.096299
37.695       -2.091216
37.710       -2.086199
37.725       -2.081247
37.740       -2.076362
37.755       -2.071545
37.770       -2.066799
37.785       -2.062123
37.800       -2.057520
37.815       -2.052991
37.830       -2.048536
37.845       -2.044157
37.860       -2.039856
37.875       -2.035633
37.890       -2.031489
37.905       -2.027426
37.920       -2.023445
37.935       -2.019547
37.950       -2.015732
37.965       -2.012001
37.980       -2.008357
37.995       -2.004799
38.010       -2.001329
38.025       -1.997946
38.040       -1.994653
38.055       -1.991451
38.070       -1.988338
38.085       -1.985318
38.100       -1.982389
38.115       -1.979554
38.130       -1.976812
38.145       -1.974165
38.160       -1.971612
38.175       -1.969154
38.190       -1.966793
38.205       -1.964527
38.220       -1.962359
38.235       -1.960287
38.250       -1.958314
38.265       -1.956438
38.280       -1.954660
38.295       -1.952981
38.310       -1.951401
38.325       -1.949920
38.340       -1.948538
38.355       -1.947255
38.370       -1.946072
38.385       -1.944988
38.400       -1.944004
38.415       -1.943119
38.430       -1.942334
38.445       -1.941648
38.460       -1.941061
38.475       -1.940574
38.490       -1.940185
38.505       -1.939895
38.520       -1.939703
38.535       -1.939610
38.550       -1.939614
38.565       -1.939716
38.580       -1.939915
38.595       -1.940210
38.610       -1.940602
38.625       -1.941089
38.640       -1.941671
38.655       -1.942348
38.670       -1.943119
38.685       -1.943982
38.700       -1.944939
38.715       -1.945987
38.730       -1.947126
38.745       -1.948355
38.760       -1.949674
38.775       -1.951081
38.790       -1.952576
38.805       -1.954157
38.820       -1.955824
38.835       -1.957577
38.850       -1.959412
38.865       -1.961331
38.880       -1.963331
38.895       -1.965411
38.910       -1.967571
38.925       -1.969809
38.940       -1.972124
38.955       -1.974515
38.970       -1.976980
38.985       -1.979518
39.000       -1.982128
39.015       -1.984808
39.030       -1.987558
39.045       -1.990375
39.060       -1.993258
39.075       -1.996206
39.090       -1.999218
39.105       -2.002291
39.120       -2.005424
39.135       -2.008616
39.150       -2.011865
39.165       -2.015170
39.180       -2.018529
39.195       -2.021939
39.210       -2.025401
39.225       -2.028911
39.240       -2.032469
39.255       -2.036072
39.270       -2.039718
39.285       -2.043407
39.300       -2.047136
39.315       -2.050903
39.330       -2.054707
39.345       -2.058546
39.360       -2.062418
39.375       -2.066321
39.390       -2.070253
39.405       -2.074213
39.420       -2.078198
39.435       -2.082207
39.450       -2.086237
39.465       -2.090288
39.480       -2.094356
39.495       -2.098441
39.510       -2.102539
39.525       -2.106650
39.540       -2.110770
39.555       -2.114899
39.570       -2.119035
39.585       -2.123174
39.600       -2.127316
39.615       -2.131459
39.630       -2.135600
39.645       -2.139737
39.660       -2.143869
39.675       -2.147994
39.690       -2.152109
39.705       -2.156213
39.720       -2.160303
39.735       -2.164379
39.750       -2.168437
39.765       -2.172476
39.780       -2.176493
39.795       -2.180488
39.810       -2.184458
39.825       -2.188401
39.840       -2.192316
39.855       -2.196199
39.870       -2.200051
39.885       -2.203867
39.900       -2.207648
39.915       -2.211390
39.930       -2.215092
39.945       -2.218753
39.960       -2.222370
39.975       -2.225941
39.990       -2.229465
40.005       -2.232940
40.020       -2.236365
40.035       -2.239737
40.050       -2.243054
40.065       -2.246316
40.080       -2.249520
40.095       -2.252665
40.110       -2.255748
40.125       -2.258770
40.140       -2.261727
40.155       -2.264618
40.170       -2.267442
40.185       -2.270196
40.200       -2.272881
40.215       -2.275493
40.230       -2.278033
40.245       -2.280497
40.260       -2.282885
40.275       -2.285195
40.290       -2.287426
40.305       -2.289577
40.320       -2.291645
40.335       -2.293631
40.350       -2.295533
40.365       -2.297349
40.380       -2.299078
40.395       -2.300719
40.410       -2.302271
40.425       -2.303732
40.440       -2.305103
40.455       -2.306380
40.470       -2.307565
40.485       -2.308654
40.500       -2.309649
40.515       -2.310547
40.530       -2.311347
40.545       -2.312049
40.560       -2.312652
40.575       -2.313156
40.590       -2.313558
40.605       -2.313859
40.620       -2.314058
40.635       -2.314155
40.650       -2.314147
40.665       -2.314036
40.680       -2.313819
40.695       -2.313498
40.710       -2.313071
40.725       -2.312537
40.740       -2.311897
40.755       -2.311150
40.770       -2.310295
40.785       -2.309332
40.800       -2.308262
40.815       -2.307083
40.830       -2.305795
40.845       -2.304399
40.860       -2.302893
40.875       -2.301278
40.890       -2.299555
40.905       -2.297722
40.920       -2.295779
40.935       -2.293728
40.950       -2.291567
40.965       -2.289298
40.980       -2.286919
40.995       -2.284431
41.010       -2.281835
41.025       -2.279131
41.040       -2.276318
41.055       -2.273398
41.070       -2.270370
41.085       -2.267236
41.100       -2.263994
41.115       -2.260647
41.130       -2.257194
41.145       -2.253635
41.160       -2.249973
41.175       -2.246206
41.190       -2.242335
41.205       -2.238362
41.220       -2.234288
41.235       -2.230111
41.250       -2.225835
41.265       -2.221458
41.280       -2.216983
41.295       -2.212410
41.310       -2.207740
41.325       -2.202974
41.340       -2.198112
41.355       -2.193157
41.370       -2.188108
41.385       -2.182967
41.400       -2.177736
41.415       -2.172415
41.430       -2.167005
41.445       -2.161507
41.460       -2.155924
41.475       -2.150256
41.490       -2.144504
41.505       -2.138670
41.520       -2.132755
41.535       -2.126760
41.550       -2.120687
41.565       -2.114538
41.580       -2.108313
41.595       -2.102015
41.610       -2.095645
41.625       -2.089204
41.640       -2.082694
41.655       -2.076116
41.670       -2.069473
41.685       -2.062766
41.700       -2.055996
41.715       -2.049166
41.730       -2.042277
41.745       -2.035330
41.760       -2.028328
41.775       -2.021273
41.790       -2.014165
41.805       -2.007008
41.820       -1.999803
41.835       -1.992552
41.850       -1.985256
41.865       -1.977918
41.880       -1.970540
41.895       -1.963123
41.910       -1.955670
41.925       -1.948182
41.940       -1.940662
41.955       -1.933112
41.970       -1.925534
41.985       -1.917929
42.000       -1.910301
42.015       -1.902650
42.030       -1.894979
42.045       -1.887291
42.060       -1.879586
42.075       -1.871869
42.090       -1.864140
42.105       -1.856402
42.120       -1.848657
42.135       -1.840906
42.150       -1.833154
42.165       -1.825401
42.180       -1.817649
42.195       -1.809902
42.210       -1.802161
42.225       -1.794428
42.240       -1.786705
42.255       -1.778996
42.270       -1.771301
42.285       -1.763624
42.300       -1.755966
42.315       -1.748330
42.330       -1.740718
42.345       -1.733132
42.360       -1.725574
42.375       -1.718047
42.390       -1.710552
42.405       -1.703093
42.420       -1.695671
42.435       -1.688287
42.450       -1.680946
42.465       -1.673648
42.480       -1.666396
42.495       -1.659192
42.510       -1.652038
42.525       -1.644936
42.540       -1.637888
42.555       -1.630897
42.570       -1.623965
42.585       -1.617093
42.600       -1.610283
42.615       -1.603539
42.630       -1.596861
42.645       -1.590252
42.660       -1.583714
42.675       -1.577248
42.690       -1.570857
42.705       -1.564542
42.720       -1.558306
42.735       -1.552151
42.750       -1.546077
42.765       -1.540088
42.780       -1.534184
42.795       -1.528368
42.810       -1.522642
42.825       -1.517006
42.840       -1.511464
42.855       -1.506016
42.870       -1.500664
42.885       -1.495410
42.900       -1.490256
42.915       -1.485202
42.930       -1.480251
42.945       -1.475404
42.960       -1.470663
42.975       -1.466028
42.990       -1.461502
43.005       -1.457085
43.020       -1.452780
43.035       -1.448587
43.050       -1.444507
43.065       -1.440543
43.080       -1.436694
43.095       -1.432963
43.110       -1.429350
43.125       -1.425856
43.140       -1.422483
43.155       -1.419231
43.170       -1.416102
43.185       -1.413096
43.200       -1.410214
43.215       -1.407458
43.230       -1.404827
43.245       -1.402323
43.260       -1.399946
43.275       -1.397697
43.290       -1.395577
43.305       -1.393587
43.320       -1.391726
43.335       -1.389995
43.350       -1.388395
43.365       -1.386927
43.380       -1.385590
43.395       -1.384385
43.410       -1.383312
43.425       -1.382372
43.440       -1.381564
43.455       -1.380889
43.470       -1.380347
43.485       -1.379938
43.500       -1.379663
43.515       -1.379520
43.530       -1.379510
43.545       -1.379633
43.560       -1.379888
43.575       -1.380276
43.590       -1.380796
43.605       -1.381448
43.620       -1.382232
43.635       -1.383147
43.650       -1.384192
43.665       -1.385368
43.680       -1.386673
43.695       -1.388108
43.710       -1.389671
43.725       -1.391362
43.740       -1.393181
43.755       -1.395125
43.770       -1.397196
43.785       -1.399391
43.800       -1.401711
43.815       -1.404153
43.830       -1.406718
43.845       -1.409404
43.860       -1.412210
43.875       -1.415135
43.890       -1.418178
43.905       -1.421338
43.920       -1.424613
43.935       -1.428002
43.950       -1.431505
43.965       -1.435119
43.980       -1.438844
43.995       -1.442678
44.010       -1.446619
44.025       -1.450667
44.040       -1.454819
44.055       -1.459074
44.070       -1.463431
44.085       -1.467888
44.100       -1.472443
44.115       -1.477095
44.130       -1.481841
44.145       -1.486681
44.160       -1.491613
44.175       -1.496634
44.190       -1.501743
44.205       -1.506938
44.220       -1.512217
44.235       -1.517579
44.250       -1.523021
44.265       -1.528541
44.280       -1.534137
44.295       -1.539809
44.310       -1.545552
44.325       -1.551366
44.340       -1.557249
44.355       -1.563197
44.370       -1.569210
44.385       -1.575285
44.400       -1.581419
44.415       -1.587612
44.430       -1.593860
44.445       -1.600161
44.460       -1.606514
44.475       -1.612915
44.490       -1.619364
44.505       -1.625857
44.520       -1.632392
44.535       -1.638967
44.550       -1.645581
44.565       -1.652229
44.580       -1.658911
44.595       -1.665624
44.610       -1.672366
44.625       -1.679134
44.640       -1.685926
44.655       -1.692740
44.670       -1.699573
44.685       -1.706424
44.700       -1.713289
44.715       -1.720167
44.730       -1.727056
44.745       -1.733952
44.760       -1.740855
44.775       -1.747760
44.790       -1.754667
44.805       -1.761573
44.820       -1.768476
44.835       -1.775373
44.850       -1.782262
44.865       -1.789141
44.880       -1.796008
44.895       -1.802860
44.910       -1.809696
44.925       -1.816513
44.940       -1.823309
44.955       -1.830081
44.970       -1.836829
44.985       -1.843549
45.000       -1.850239
45.015       -1.856898
45.030       -1.863523
45.045       -1.870113
45.060       -1.876664
45.075       -1.883176
45.090       -1.889646
45.105       -1.896073
45.120       -1.902454
45.135       -1.908787
45.150       -1.915071
45.165       -1.921304
45.180       -1.927484
45.195       -1.933609
45.210       -1.939677
45.225       -1.945687
45.240       -1.951636
45.255       -1.957524
45.270       -1.963348
45.285       -1.969107
45.300       -1.974799
45.315       -1.980423
45.330       -1.985978
45.345       -1.991460
45.360       -1.996870
45.375       -2.002206
45.390       -2.007466
45.405       -2.012648
45.420       -2.017753
45.435       -2.022777
45.450       -2.027721
45.465       -2.032582
45.480       -2.037360
45.495       -2.042053
45.510       -2.046661
45.525       -2.051181
45.540       -2.055614
45.555       -2.059958
45.570       -2.064211
45.585       -2.068374
45.600       -2.072445
45.615       -2.076423
45.630       -2.080308
45.645       -2.084098
45.660       -2.087794
45.675       -2.091393
45.690       -2.094896
45.705       -2.098301
45.720       -2.101609
45.735       -2.104819
45.750       -2.107929
45.765       -2.110940
45.780       -2.113851
45.795       -2.116662
45.810       -2.119372
45.825       -2.121981
45.840       -2.124489
45.855       -2.126894
45.870       -2.129198
45.885       -2.131400
45.900       -2.133499
45.915       -2.135497
45.930       -2.137391
45.945       -2.139183
45.960       -2.140872
45.975       -2.142459
45.990       -2.143943
46.005       -2.145325
46.020       -2.146604
46.035       -2.147781
46.050       -2.148856
46.065       -2.149829
46.080       -2.150701
46.095       -2.151472
46.110       -2.152141
46.125       -2.152710
46.140       -2.153179
46.155       -2.153549
46.170       -2.153819
46.185       -2.153990
46.200       -2.154063
46.215       -2.154038
46.230       -2.153916
46.245       -2.153697
46.260       -2.153383
46.275       -2.152973
46.290       -2.152469
46.305       -2.151871
46.320       -2.151181
46.335       -2.150398
46.350       -2.149523
46.365       -2.148558
46.380       -2.147504
46.395       -2.146360
46.410       -2.145129
46.425       -2.143811
46.440       -2.142406
46.455       -2.140917
46.470       -2.139344
46.485       -2.137689
46.500       -2.135951
46.515       -2.134133
46.530       -2.132235
46.545       -2.130258
46.560       -2.128204
46.575       -2.126075
46.590       -2.123870
46.605       -2.121591
46.620       -2.119241
46.635       -2.116818
46.650       -2.114326
46.665       -2.111766
46.680       -2.109138
46.695       -2.106444
46.710       -2.103685
46.725       -2.100863
46.740       -2.097980
46.755       -2.095035
46.770       -2.092032
46.785       -2.088971
46.800       -2.085853
46.815       -2.082681
46.830       -2.079455
46.845       -2.076178
46.860       -2.072850
46.875       -2.069473
46.890       -2.066049
46.905       -2.062579
46.920       -2.059064
46.935       -2.055507
46.950       -2.051908
46.965       -2.048269
46.980       -2.044592
46.995       -2.040879
47.010       -2.037130
47.025       -2.033348
47.040       -2.029534
47.055       -2.025689
47.070       -2.021816
47.085       -2.017915
47.100       -2.013989
47.115       -2.010038
47.130       -2.006065
47.145       -2.002072
47.160       -1.998059
47.175       -1.994028
47.190       -1.989981
47.205       -1.985920
47.220       -1.981845
47.235       -1.977760
47.250       -1.973665
47.265       -1.969561
47.280       -1.965451
47.295       -1.961336
47.310       -1.957218
47.325       -1.953098
47.340       -1.948978
47.355       -1.944859
47.370       -1.940742
47.385       -1.936631
47.400       -1.932525
47.415       -1.928427
47.430       -1.924338
47.445       -1.920259
47.460       -1.916193
47.475       -1.912140
47.490       -1.908102
47.505       -1.904081
47.520       -1.900078
47.535       -1.896095
47.550       -1.892133
47.565       -1.888193
47.580       -1.884277
47.595       -1.880387
47.610       -1.876523
47.625       -1.872688
47.640       -1.868882
47.655       -1.865107
47.670       -1.861364
47.685       -1.857656
47.700       -1.853982
47.715       -1.850345
47.730       -1.846745
47.745       -1.843185
47.760       -1.839665
47.775       -1.836186
47.790       -1.832751
47.805       -1.829359
47.820       -1.826013
47.835       -1.822713
47.850       -1.819461
47.865       -1.816258
47.880       -1.813105
47.895       -1.810004
47.910       -1.806955
47.925       -1.803959
47.940       -1.801018
47.955       -1.798133
47.970       -1.795304
47.985       -1.792533
48.000       -1.789821
48.015       -1.787169
48.030       -1.784577
48.045       -1.782048
48.060       -1.779581
48.075       -1.777177
48.090       -1.774839
48.105       -1.772566
48.120       -1.770359
48.135       -1.768219
48.150       -1.766148
48.165       -1.764145
48.180       -1.762212
48.195       -1.760349
48.210       -1.758557
48.225       -1.756838
48.240       -1.755191
48.255       -1.753617
48.270       -1.752117
48.285       -1.750692
48.300       -1.749342
48.315       -1.748069
48.330       -1.746871
48.345       -1.745751
48.360       -1.744708
48.375       -1.743743
48.390       -1.742857
48.405       -1.742050
48.420       -1.741322
48.435       -1.740675
48.450       -1.740108
48.465       -1.739622
48.480       -1.739217
48.495       -1.738893
48.510       -1.738652
48.525       -1.738493
48.540       -1.738416
48.555       -1.738422
48.570       -1.738511
48.585       -1.738683
48.600       -1.738939
48.615       -1.739279
48.630       -1.739703
48.645       -1.740210
48.660       -1.740802
48.675       -1.741478
48.690       -1.742238
48.705       -1.743083
48.720       -1.744013
48.735       -1.745027
48.750       -1.746125
48.765       -1.747308
48.780       -1.748576
48.795       -1.749928
48.810       -1.751365
48.825       -1.752886
48.840       -1.754492
48.855       -1.756181
48.870       -1.757955
48.885       -1.759812
48.900       -1.761754
48.915       -1.763778
48.930       -1.765887
48.945       -1.768078
48.960       -1.770352
48.975       -1.772709
48.990       -1.775148
49.005       -1.777669
49.020       -1.780272
49.035       -1.782957
49.050       -1.785722
49.065       -1.788569
49.080       -1.791495
49.095       -1.794502
49.110       -1.797588
49.125       -1.800754
49.140       -1.803998
49.155       -1.807320
49.170       -1.810721
49.185       -1.814198
49.200       -1.817752
49.215       -1.821383
49.230       -1.825090
49.245       -1.828871
49.260       -1.832728
49.275       -1.836658
49.290       -1.840662
49.305       -1.844739
49.320       -1.848888
49.335       -1.853109
49.350       -1.857401
49.365       -1.861763
49.380       -1.866195
49.395       -1.870696
49.410       -1.875265
49.425       -1.879902
49.440       -1.884605
49.455       -1.889375
49.470       -1.894210
49.485       -1.899109
49.500       -1.904073
49.515       -1.909099
49.530       -1.914188
49.545       -1.919338
49.560       -1.924548
49.575       -1.929818
49.590       -1.935147
49.605       -1.940534
49.620       -1.945978
49.635       -1.951478
49.650       -1.957033
49.665       -1.962643
49.680       -1.968306
49.695       -1.974022
49.710       -1.979789
49.725       -1.985606
49.740       -1.991473
49.755       -1.997389
49.770       -2.003352
49.785       -2.009362
49.800       -2.015417
49.815       -2.021517
49.830       -2.027660
49.845       -2.033846
49.860       -2.040072
49.875       -2.046340
49.890       -2.052646
49.905       -2.058990
49.920       -2.065372
49.935       -2.071789
49.950       -2.078241
49.965       -2.084726
49.980       -2.091244
49.995       -2.097793
50.010       -2.104373
50.025       -2.110981
50.040       -2.117617
50.055       -2.124280
50.070       -2.130968
50.085       -2.137680
50.100       -2.144415
50.115       -2.151172
50.130       -2.157950
50.145       -2.164747
50.160       -2.171562
50.175       -2.178394
50.190       -2.185241
50.205       -2.192103
50.220       -2.198978
50.235       -2.205864
50.250       -2.212761
50.265       -2.219667
50.280       -2.226581
50.295       -2.233502
50.310       -2.240428
50.325       -2.247358
50.340       -2.254291
50.355       -2.261225
50.370       -2.268159
50.385       -2.275092
50.400       -2.282023
50.415       -2.288949
50.430       -2.295870
50.445       -2.302785
50.460       -2.309691
50.475       -2.316588
50.490       -2.323475
50.505       -2.330349
50.520       -2.337210
50.535       -2.344057
50.550       -2.350887
50.565       -2.357700
50.580       -2.364493
50.595       -2.371267
50.610       -2.378019
50.625       -2.384748
50.640       -2.391453
50.655       -2.398132
50.670       -2.404784
50.685       -2.411407
50.700       -2.418001
50.715       -2.424563
50.730       -2.431093
50.745       -2.437589
50.760       -2.444050
50.775       -2.450473
50.790       -2.456859
50.805       -2.463206
50.820       -2.469511
50.835       -2.475775
50.850       -2.481994
50.865       -2.488169
50.880       -2.494298
50.895       -2.500380
50.910       -2.506412
50.925       -2.512394
50.940       -2.518325
50.955       -2.524202
50.970       -2.530026
50.985       -2.535793
51.000       -2.541504
51.015       -2.547157
51.030       -2.552751
51.045       -2.558283
51.060       -2.563754
51.075       -2.569161
51.090       -2.574504
51.105       -2.579780
51.120       -2.584990
51.135       -2.590131
51.150       -2.595203
51.165       -2.600204
51.180       -2.605133
51.195       -2.609989
51.210       -2.614771
51.225       -2.619476
51.240       -2.624105
51.255       -2.628657
51.270       -2.633129
51.285       -2.637521
51.300       -2.641832
51.315       -2.646060
51.330       -2.650205
51.345       -2.654265
51.360       -2.658240
51.375       -2.662128
51.390       -2.665929
51.405       -2.669640
51.420       -2.673262
51.435       -2.676794
51.450       -2.680233
51.465       -2.683580
51.480       -2.686834
51.495       -2.689993
51.510       -2.693057
51.525       -2.696025
51.540       -2.698895
51.555       -2.701668
51.570       -2.704342
51.585       -2.706916
51.600       -2.709390
51.615       -2.711763
51.630       -2.714035
51.645       -2.716203
51.660       -2.718269
51.675       -2.720230
51.690       -2.722087
51.705       -2.723839
51.720       -2.725485
51.735       -2.727025
51.750       -2.728458
51.765       -2.729783
51.780       -2.731000
51.795       -2.732109
51.810       -2.733109
51.825       -2.733999
51.840       -2.734779
51.855       -2.735450
51.870       -2.736009
51.885       -2.736458
51.900       -2.736795
51.915       -2.737021
51.930       -2.737135
51.945       -2.737136
51.960       -2.737026
51.975       -2.736803
51.990       -2.736467
52.005       -2.736018
52.020       -2.735456
52.035       -2.734782
52.050       -2.733994
52.065       -2.733093
52.080       -2.732078
52.095       -2.730951
52.110       -2.729710
52.125       -2.728357
52.140       -2.726890
52.155       -2.725311
52.170       -2.723619
52.185       -2.721814
52.200       -2.719897
52.215       -2.717868
52.230       -2.715727
52.245       -2.713475
52.260       -2.711111
52.275       -2.708637
52.290       -2.706052
52.305       -2.703357
52.320       -2.700552
52.335       -2.697638
52.350       -2.694615
52.365       -2.691484
52.380       -2.688245
52.395       -2.684899
52.410       -2.681447
52.425       -2.677888
52.440       -2.674224
52.455       -2.670455
52.470       -2.666583
52.485       -2.662607
52.500       -2.658528
52.515       -2.654348
52.530       -2.650067
52.545       -2.645685
52.560       -2.641205
52.575       -2.636626
52.590       -2.631949
52.605       -2.627175
52.620       -2.622306
52.635       -2.617342
52.650       -2.612285
52.665       -2.607134
52.680       -2.601892
52.695       -2.596560
52.710       -2.591138
52.725       -2.585627
52.740       -2.580029
52.755       -2.574345
52.770       -2.568576
52.785       -2.562723
52.800       -2.556787
52.815       -2.550770
52.830       -2.544673
52.845       -2.538498
52.860       -2.532244
52.875       -2.525915
52.890       -2.519511
52.905       -2.513033
52.920       -2.506483
52.935       -2.499862
52.950       -2.493172
52.965       -2.486415
52.980       -2.479590
52.995       -2.472701
53.010       -2.465748
53.025       -2.458734
53.040       -2.451659
53.055       -2.444524
53.070       -2.437333
53.085       -2.430086
53.100       -2.422784
53.115       -2.415430
53.130       -2.408024
53.145       -2.400570
53.160       -2.393067
53.175       -2.385518
53.190       -2.377925
53.205       -2.370288
53.220       -2.362611
53.235       -2.354894
53.250       -2.347139
53.265       -2.339348
53.280       -2.331523
53.295       -2.323665
53.310       -2.315776
53.325       -2.307858
53.340       -2.299912
53.355       -2.291941
53.370       -2.283946
53.385       -2.275929
53.400       -2.267891
53.415       -2.259835
53.430       -2.251762
53.445       -2.243673
53.460       -2.235572
53.475       -2.227459
53.490       -2.219337
53.505       -2.211206
53.520       -2.203070
53.535       -2.194929
53.550       -2.186786
53.565       -2.178643
53.580       -2.170500
53.595       -2.162361
53.610       -2.154226
53.625       -2.146098
53.640       -2.137978
53.655       -2.129869
53.670       -2.121772
53.685       -2.113688
53.700       -2.105620
53.715       -2.097570
53.730       -2.089538
53.745       -2.081528
53.760       -2.073540
53.775       -2.065577
53.790       -2.057640
53.805       -2.049730
53.820       -2.041851
53.835       -2.034003
53.850       -2.026188
53.865       -2.018408
53.880       -2.010665
53.895       -2.002959
53.910       -1.995294
53.925       -1.987670
53.940       -1.980090
53.955       -1.972554
53.970       -1.965065
53.985       -1.957624
54.000       -1.950233
54.015       -1.942893
54.030       -1.935606
54.045       -1.928373
54.060       -1.921196
54.075       -1.914077
54.090       -1.907017
54.105       -1.900017
54.120       -1.893079
54.135       -1.886204
54.150       -1.879394
54.165       -1.872650
54.180       -1.865974
54.195       -1.859367
54.210       -1.852830
54.225       -1.846365
54.240       -1.839972
54.255       -1.833654
54.270       -1.827411
54.285       -1.821245
54.300       -1.815156
54.315       -1.809147
54.330       -1.803218
54.345       -1.797370
54.360       -1.791605
54.375       -1.785923
54.390       -1.780325
54.405       -1.774814
54.420       -1.769389
54.435       -1.764051
54.450       -1.758802
54.465       -1.753642
54.480       -1.748573
54.495       -1.743595
54.510       -1.738709
54.525       -1.733916
54.540       -1.729217
54.555       -1.724612
54.570       -1.720102
54.585       -1.715688
54.600       -1.711370
54.615       -1.707150
54.630       -1.703027
54.645       -1.699002
54.660       -1.695076
54.675       -1.691250
54.690       -1.687523
54.705       -1.683896
54.720       -1.680371
54.735       -1.676946
54.750       -1.673622
54.765       -1.670401
54.780       -1.667281
54.795       -1.664264
54.810       -1.661349
54.825       -1.658536
54.840       -1.655827
54.855       -1.653221
54.870       -1.650717
54.885       -1.648317
54.900       -1.646020
54.915       -1.643826
54.930       -1.641735
54.945       -1.639748
54.960       -1.637863
54.975       -1.636082
54.990       -1.634403
55.005       -1.632826
55.020       -1.631352
55.035       -1.629980
55.050       -1.628710
55.065       -1.627541
55.080       -1.626474
55.095       -1.625507
55.110       -1.624640
55.125       -1.623874
55.140       -1.623207
55.155       -1.622639
55.170       -1.622170
55.185       -1.621798
55.200       -1.621524
55.215       -1.621347
55.230       -1.621265
55.245       -1.621280
55.260       -1.621388
55.275       -1.621591
55.290       -1.621888
55.305       -1.622277
55.320       -1.622757
55.335       -1.623329
55.350       -1.623990
55.365       -1.624741
55.380       -1.625580
55.395       -1.626506
55.410       -1.627519
55.425       -1.628617
55.440       -1.629800
55.455       -1.631066
55.470       -1.632415
55.485       -1.633845
55.500       -1.635355
55.515       -1.636945
55.530       -1.638612
55.545       -1.640356
55.560       -1.642177
55.575       -1.644071
55.590       -1.646039
55.605       -1.648080
55.620       -1.650191
55.635       -1.652372
55.650       -1.654621
55.665       -1.656937
55.680       -1.659320
55.695       -1.661767
55.710       -1.664277
55.725       -1.666849
55.740       -1.669481
55.755       -1.672173
55.770       -1.674923
55.785       -1.677729
55.800       -1.680590
55.815       -1.683505
55.830       -1.686472
55.845       -1.689490
55.860       -1.692557
55.875       -1.695673
55.890       -1.698834
55.905       -1.702041
55.920       -1.705292
55.935       -1.708585
55.950       -1.711919
55.965       -1.715292
55.980       -1.718703
55.995       -1.722150
56.010       -1.725632
56.025       -1.729148
56.040       -1.732695
56.055       -1.736273
56.070       -1.739881
56.085       -1.743515
56.100       -1.747176
56.115       -1.750862
56.130       -1.754571
56.145       -1.758302
56.160       -1.762052
56.175       -1.765822
56.190       -1.769610
56.205       -1.773413
56.220       -1.777231
56.235       -1.781062
56.250       -1.784905
56.265       -1.788758
56.280       -1.792620
56.295       -1.796490
56.310       -1.800366
56.325       -1.804247
56.340       -1.808131
56.355       -1.812018
56.370       -1.815905
56.385       -1.819792
56.400       -1.823677
56.415       -1.827559
56.430       -1.831436
56.445       -1.835308
56.460       -1.839173
56.475       -1.843030
56.490       -1.846877
56.505       -1.850714
56.520       -1.854539
56.535       -1.858351
56.550       -1.862148
56.565       -1.865931
56.580       -1.869697
56.595       -1.873445
56.610       -1.877175
56.625       -1.880885
56.640       -1.884575
56.655       -1.888242
56.670       -1.891887
56.685       -1.895507
56.700       -1.899103
56.715       -1.902673
56.730       -1.906216
56.745       -1.909731
56.760       -1.913218
56.775       -1.916675
56.790       -1.920102
56.805       -1.923497
56.820       -1.926860
56.835       -1.930190
56.850       -1.933486
56.865       -1.936748
56.880       -1.939974
56.895       -1.943165
56.910       -1.946318
56.925       -1.949434
56.940       -1.952512
56.955       -1.955551
56.970       -1.958550
56.985       -1.961509
57.000       -1.964428
57.015       -1.967305
57.030       -1.970140
57.045       -1.972933
57.060       -1.975683
57.075       -1.978389
57.090       -1.981051
57.105       -1.983669
57.120       -1.986243
57.135       -1.988770
57.150       -1.991253
57.165       -1.993689
57.180       -1.996078
57.195       -1.998421
57.210       -2.000716
57.225       -2.002965
57.240       -2.005165
57.255       -2.007317
57.270       -2.009421
57.285       -2.011477
57.300       -2.013483
57.315       -2.015441
57.330       -2.017350
57.345       -2.019209
57.360       -2.021019
57.375       -2.022779
57.390       -2.024490
57.405       -2.026150
57.420       -2.027761
57.435       -2.029322
57.450       -2.030832
57.465       -2.032293
57.480       -2.033704
57.495       -2.035064
57.510       -2.036375
57.525       -2.037635
57.540       -2.038845
57.555       -2.040006
57.570       -2.041116
57.585       -2.042177
57.600       -2.043188
57.615       -2.044149
57.630       -2.045061
57.645       -2.045924
57.660       -2.046738
57.675       -2.047502
57.690       -2.048218
57.705       -2.048885
57.720       -2.049503
57.735       -2.050074
57.750       -2.050596
57.765       -2.051071
57.780       -2.051498
57.795       -2.051878
57.810       -2.052211
57.825       -2.052497
57.840       -2.052737
57.855       -2.052931
57.870       -2.053079
57.885       -2.053182
57.900       -2.053239
57.915       -2.053252
57.930       -2.053221
57.945       -2.053145
57.960       -2.053025
57.975       -2.052863
57.990       -2.052657
58.005       -2.052408
58.020       -2.052118
58.035       -2.051786
58.050       -2.051412
58.065       -2.050998
58.080       -2.050542
58.095       -2.050047
58.110       -2.049512
58.125       -2.048938
58.140       -2.048325
58.155       -2.047674
58.170       -2.046985
58.185       -2.046258
58.200       -2.045495
58.215       -2.044694
58.230       -2.043858
58.245       -2.042986
58.260       -2.042079
58.275       -2.041138
58.290       -2.040162
58.305       -2.039152
58.320       -2.038109
58.335       -2.037033
58.350       -2.035926
58.365       -2.034786
58.380       -2.033615
58.395       -2.032413
58.410       -2.031180
58.425       -2.029918
58.440       -2.028626
58.455       -2.027306
58.470       -2.025957
58.485       -2.024579
58.500       -2.023175
58.515       -2.021743
58.530       -2.020285
58.545       -2.018800
58.560       -2.017290
58.575       -2.015755
58.590       -2.014195
58.605       -2.012611
58.620       -2.011003
58.635       -2.009371
58.650       -2.007717
58.665       -2.006040
58.680       -2.004341
58.695       -2.002621
58.710       -2.000879
58.725       -1.999116
58.740       -1.997334
58.755       -1.995531
58.770       -1.993709
58.785       -1.991867
58.800       -1.990007
58.815       -1.988129
58.830       -1.986233
58.845       -1.984319
58.860       -1.982388
58.875       -1.980440
58.890       -1.978476
58.905       -1.976496
58.920       -1.974500
58.935       -1.972489
58.950       -1.970463
58.965       -1.968422
58.980       -1.966367
58.995       -1.964297
59.010       -1.962214
59.025       -1.960118
59.040       -1.958008
59.055       -1.955886
59.070       -1.953751
59.085       -1.951604
59.100       -1.949444
59.115       -1.947274
59.130       -1.945091
59.145       -1.942898
59.160       -1.940693
59.175       -1.938478
59.190       -1.936253
59.205       -1.934017
59.220       -1.931771
59.235       -1.929515
59.250       -1.927249
59.265       -1.924975
59.280       -1.922690
59.295       -1.920397
59.310       -1.918095
59.325       -1.915784
59.340       -1.913465
59.355       -1.911137
59.370       -1.908801
59.385       -1.906457
59.400       -1.904105
59.415       -1.901745
59.430       -1.899377
59.445       -1.897002
59.460       -1.894619
59.475       -1.892229
59.490       -1.889832
59.505       -1.887427
59.520       -1.885016
59.535       -1.882597
59.550       -1.880171
59.565       -1.877739
59.580       -1.875299
59.595       -1.872853
59.610       -1.870401
59.625       -1.867941
59.640       -1.865475
59.655       -1.863003
59.670       -1.860524
59.685       -1.858039
59.700       -1.855547
59.715       -1.853049
59.730       -1.850544
59.745       -1.848034
59.760       -1.845517
59.775       -1.842993
59.790       -1.840464
59.805       -1.837928
59.820       -1.835386
59.835       -1.832838
59.850       -1.830284
59.865       -1.827723
59.880       -1.825157
59.895       -1.822584
59.910       -1.820005
59.925       -1.817420
59.940       -1.814829
59.955       -1.812232
59.970       -1.809628
59.985       -1.807019
60.000       -1.804404
60.015       -1.801782
60.030       -1.799155
60.045       -1.796521
60.060       -1.793882
60.075       -1.791236
60.090       -1.788585
60.105       -1.785928
60.120       -1.783265
60.135       -1.780596
60.150       -1.777921
60.165       -1.775240
60.180       -1.772554
60.195       -1.769862
60.210       -1.767165
60.225       -1.764462
60.240       -1.761754
60.255       -1.759040
60.270       -1.756321
60.285       -1.753597
60.300       -1.750868
60.315       -1.748133
60.330       -1.745394
60.345       -1.742650
60.360       -1.739901
60.375       -1.737148
60.390       -1.734391
60.405       -1.731629
60.420       -1.728863
60.435       -1.726093
60.450       -1.723319
60.465       -1.720542
60.480       -1.717762
60.495       -1.714978
60.510       -1.712191
60.525       -1.709402
60.540       -1.706610
60.555       -1.703816
60.570       -1.701019
60.585       -1.698221
60.600       -1.695422
60.615       -1.692621
60.630       -1.689819
60.645       -1.687017
60.660       -1.684215
60.675       -1.681412
60.690       -1.678610
60.705       -1.675809
60.720       -1.673009
60.735       -1.670210
60.750       -1.667413
60.765       -1.664619
60.780       -1.661827
60.795       -1.659038
60.810       -1.656253
60.825       -1.653472
60.840       -1.650695
60.855       -1.647923
60.870       -1.645157
60.885       -1.642397
60.900       -1.639643
60.915       -1.636896
60.930       -1.634157
60.945       -1.631426
60.960       -1.628703
60.975       -1.625990
60.990       -1.623287
61.005       -1.620594
61.020       -1.617912
61.035       -1.615242
61.050       -1.612584
61.065       -1.609939
61.080       -1.607308
61.095       -1.604691
61.110       -1.602089
61.125       -1.599503
61.140       -1.596933
61.155       -1.594381
61.170       -1.591846
61.185       -1.589330
61.200       -1.586833
61.215       -1.584357
61.230       -1.581902
61.245       -1.579468
61.260       -1.577057
61.275       -1.574669
61.290       -1.572305
61.305       -1.569967
61.320       -1.567654
61.335       -1.565368
61.350       -1.563109
61.365       -1.560879
61.380       -1.558678
61.395       -1.556508
61.410       -1.554368
61.425       -1.552260
61.440       -1.550185
61.455       -1.548144
61.470       -1.546138
61.485       -1.544167
61.500       -1.542232
61.515       -1.540335
61.530       -1.538476
61.545       -1.536656
61.560       -1.534877
61.575       -1.533139
61.590       -1.531443
61.605       -1.529789
61.620       -1.528180
61.635       -1.526616
61.650       -1.525097
61.665       -1.523625
61.680       -1.522201
61.695       -1.520826
61.710       -1.519500
61.725       -1.518225
61.740       -1.517001
61.755       -1.515830
61.770       -1.514711
61.785       -1.513648
61.800       -1.512639
61.815       -1.511687
61.830       -1.510791
61.845       -1.509954
61.860       -1.509175
61.875       -1.508456
61.890       -1.507798
61.905       -1.507201
61.920       -1.506666
61.935       -1.506195
61.950       -1.505787
61.965       -1.505445
61.980       -1.505168
61.995       -1.504957
62.010       -1.504814
62.025       -1.504739
62.040       -1.504733
62.055       -1.504796
62.070       -1.504930
62.085       -1.505135
62.100       -1.505412
62.115       -1.505761
62.130       -1.506183
62.145       -1.506679
62.160       -1.507250
62.175       -1.507896
62.190       -1.508617
62.205       -1.509415
62.220       -1.510290
62.235       -1.511242
62.250       -1.512272
62.265       -1.513380
62.280       -1.514568
62.295       -1.515835
62.310       -1.517181
62.325       -1.518608
62.340       -1.520116
62.355       -1.521704
62.370       -1.523375
62.385       -1.525126
62.400       -1.526960
62.415       -1.528876
62.430       -1.530875
62.445       -1.532956
62.460       -1.535120
62.475       -1.537368
62.490       -1.539698
62.505       -1.542112
62.520       -1.544610
62.535       -1.547191
62.550       -1.549856
62.565       -1.552604
62.580       -1.555436
62.595       -1.558351
62.610       -1.561350
62.625       -1.564432
62.640       -1.567597
62.655       -1.570846
62.670       -1.574177
62.685       -1.577591
62.700       -1.581088
62.715       -1.584666
62.730       -1.588327
62.745       -1.592069
62.760       -1.595892
62.775       -1.599796
62.790       -1.603781
62.805       -1.607845
62.820       -1.611989
62.835       -1.616212
62.850       -1.620513
62.865       -1.624893
62.880       -1.629350
62.895       -1.633883
62.910       -1.638493
62.925       -1.643178
62.940       -1.647938
62.955       -1.652773
62.970       -1.657680
62.985       -1.662661
63.000       -1.667713
63.015       -1.672837
63.030       -1.678030
63.045       -1.683293
63.060       -1.688625
63.075       -1.694025
63.090       -1.699491
63.105       -1.705023
63.120       -1.710620
63.135       -1.716280
63.150       -1.722004
63.165       -1.727790
63.180       -1.733636
63.195       -1.739543
63.210       -1.745508
63.225       -1.751531
63.240       -1.757610
63.255       -1.763745
63.270       -1.769934
63.285       -1.776176
63.300       -1.782471
63.315       -1.788816
63.330       -1.795210
63.345       -1.801654
63.360       -1.808144
63.375       -1.814680
63.390       -1.821261
63.405       -1.827885
63.420       -1.834552
63.435       -1.841260
63.450       -1.848007
63.465       -1.854792
63.480       -1.861615
63.495       -1.868473
63.510       -1.875366
63.525       -1.882292
63.540       -1.889249
63.555       -1.896237
63.570       -1.903254
63.585       -1.910299
63.600       -1.917371
63.615       -1.924467
63.630       -1.931587
63.645       -1.938730
63.660       -1.945893
63.675       -1.953076
63.690       -1.960278
63.705       -1.967496
63.720       -1.974730
63.735       -1.981979
63.750       -1.989240
63.765       -1.996513
63.780       -2.003796
63.795       -2.011088
63.810       -2.018388
63.825       -2.025693
63.840       -2.033004
63.855       -2.040318
63.870       -2.047635
63.885       -2.054952
63.900       -2.062270
63.915       -2.069585
63.930       -2.076898
63.945       -2.084206
63.960       -2.091509
63.975       -2.098805
63.990       -2.106094
64.005       -2.113373
64.020       -2.120641
64.035       -2.127898
64.050       -2.135142
64.065       -2.142371
64.080       -2.149586
64.095       -2.156784
64.110       -2.163964
64.125       -2.171125
64.140       -2.178266
64.155       -2.185387
64.170       -2.192484
64.185       -2.199559
64.200       -2.206609
64.215       -2.213633
64.230       -2.220631
64.245       -2.227600
64.260       -2.234541
64.275       -2.241453
64.290       -2.248333
64.305       -2.255181
64.320       -2.261997
64.335       -2.268779
64.350       -2.275525
64.365       -2.282236
64.380       -2.288910
64.395       -2.295547
64.410       -2.302145
64.425       -2.308703
64.440       -2.315221
64.455       -2.321698
64.470       -2.328132
64.485       -2.334524
64.500       -2.340871
64.515       -2.347174
64.530       -2.353432
64.545       -2.359643
64.560       -2.365807
64.575       -2.371924
64.590       -2.377991
64.605       -2.384010
64.620       -2.389978
64.635       -2.395896
64.650       -2.401763
64.665       -2.407577
64.680       -2.413338
64.695       -2.419046
64.710       -2.424700
64.725       -2.430300
64.740       -2.435844
64.755       -2.441332
64.770       -2.446763
64.785       -2.452138
64.800       -2.457455
64.815       -2.462714
64.830       -2.467914
64.845       -2.473054
64.860       -2.478135
64.875       -2.483156
64.890       -2.488116
64.905       -2.493015
64.920       -2.497853
64.935       -2.502628
64.950       -2.507341
64.965       -2.511990
64.980       -2.516577
64.995       -2.521099
65.010       -2.525558
65.025       -2.529951
65.040       -2.534280
65.055       -2.538544
65.070       -2.542742
65.085       -2.546875
65.100       -2.550940
65.115       -2.554940
65.130       -2.558872
65.145       -2.562738
65.160       -2.566536
65.175       -2.570266
65.190       -2.573928
65.205       -2.577522
65.220       -2.581047
65.235       -2.584504
65.250       -2.587892
65.265       -2.591210
65.280       -2.594459
65.295       -2.597639
65.310       -2.600749
65.325       -2.603789
65.340       -2.606759
65.355       -2.609658
65.370       -2.612487
65.385       -2.615246
65.400       -2.617933
65.415       -2.620550
65.430       -2.623096
65.445       -2.625570
65.460       -2.627974
65.475       -2.630306
65.490       -2.632566
65.505       -2.634755
65.520       -2.636872
65.535       -2.638918
65.550       -2.640891
65.565       -2.642793
65.580       -2.644623
65.595       -2.646380
65.610       -2.648066
65.625       -2.649680
65.640       -2.651221
65.655       -2.652690
65.670       -2.654087
65.685       -2.655411
65.700       -2.656663
65.715       -2.657843
65.730       -2.658950
65.745       -2.659985
65.760       -2.660948
65.775       -2.661838
65.790       -2.662656
65.805       -2.663402
65.820       -2.664075
65.835       -2.664675
65.850       -2.665204
65.865       -2.665660
65.880       -2.666044
65.895       -2.666355
65.910       -2.666594
65.925       -2.666761
65.940       -2.666856
65.955       -2.666878
65.970       -2.666829
65.985       -2.666707
66.000       -2.666514
66.015       -2.666248
66.030       -2.665910
66.045       -2.665501
66.060       -2.665020
66.075       -2.664467
66.090       -2.663842
66.105       -2.663146
66.120       -2.662379
66.135       -2.661539
66.150       -2.660629
66.165       -2.659647
66.180       -2.658594
66.195       -2.657470
66.210       -2.656275
66.225       -2.655009
66.240       -2.653672
66.255       -2.652265
66.270       -2.650786
66.285       -2.649238
66.300       -2.647618
66.315       -2.645929
66.330       -2.644169
66.345       -2.642340
66.360       -2.640440
66.375       -2.638471
66.390       -2.636432
66.405       -2.634323
66.420       -2.632145
66.435       -2.629898
66.450       -2.627582
66.465       -2.625196
66.480       -2.622742
66.495       -2.620220
66.510       -2.617628
66.525       -2.614969
66.540       -2.612241
66.555       -2.609446
66.570       -2.606583
66.585       -2.603652
66.600       -2.600654
66.615       -2.597589
66.630       -2.594456
66.645       -2.591257
66.660       -2.587992
66.675       -2.584660
66.690       -2.581262
66.705       -2.577799
66.720       -2.574270
66.735       -2.570675
66.750       -2.567016
66.765       -2.563292
66.780       -2.559503
66.795       -2.555650
66.810       -2.551733
66.825       -2.547753
66.840       -2.543709
66.855       -2.539602
66.870       -2.535433
66.885       -2.531201
66.900       -2.526908
66.915       -2.522552
66.930       -2.518136
66.945       -2.513658
66.960       -2.509120
66.975       -2.504522
66.990       -2.499864
67.005       -2.495147
67.020       -2.490371
67.035       -2.485536
67.050       -2.480644
67.065       -2.475694
67.080       -2.470687
67.095       -2.465623
67.110       -2.460503
67.125       -2.455328
67.140       -2.450097
67.155       -2.444812
67.170       -2.439473
67.185       -2.434080
67.200       -2.428634
67.215       -2.423137
67.230       -2.417587
67.245       -2.411986
67.260       -2.406335
67.275       -2.400634
67.290       -2.394883
67.305       -2.389084
67.320       -2.383237
67.335       -2.377343
67.350       -2.371402
67.365       -2.365416
67.380       -2.359384
67.395       -2.353308
67.410       -2.347189
67.425       -2.341027
67.440       -2.334822
67.455       -2.328577
67.470       -2.322291
67.485       -2.315966
67.500       -2.309602
67.515       -2.303200
67.530       -2.296761
67.545       -2.290286
67.560       -2.283776
67.575       -2.277232
67.590       -2.270655
67.605       -2.264045
67.620       -2.257404
67.635       -2.250733
67.650       -2.244032
67.665       -2.237303
67.680       -2.230547
67.695       -2.223765
67.710       -2.216958
67.725       -2.210126
67.740       -2.203272
67.755       -2.196396
67.770       -2.189499
67.785       -2.182582
67.800       -2.175648
67.815       -2.168696
67.830       -2.161728
67.845       -2.154745
67.860       -2.147749
67.875       -2.140740
67.890       -2.133721
67.905       -2.126691
67.920       -2.119653
67.935       -2.112608
67.950       -2.105557
67.965       -2.098502
67.980       -2.091443
67.995       -2.084382
68.010       -2.077320
68.025       -2.070260
68.040       -2.063202
68.055       -2.056147
68.070       -2.049097
68.085       -2.042054
68.100       -2.035019
68.115       -2.027992
68.130       -2.020977
68.145       -2.013974
68.160       -2.006985
68.175       -2.000010
68.190       -1.993053
68.205       -1.986113
68.220       -1.979193
68.235       -1.972295
68.250       -1.965419
68.265       -1.958567
68.280       -1.951741
68.295       -1.944942
68.310       -1.938172
68.325       -1.931433
68.340       -1.924725
68.355       -1.918051
68.370       -1.911412
68.385       -1.904809
68.400       -1.898245
68.415       -1.891720
68.430       -1.885236
68.445       -1.878796
68.460       -1.872399
68.475       -1.866049
68.490       -1.859746
68.505       -1.853493
68.520       -1.847290
68.535       -1.841139
68.550       -1.835042
68.565       -1.829000
68.580       -1.823015
68.595       -1.817088
68.610       -1.811221
68.625       -1.805416
68.640       -1.799673
68.655       -1.793995
68.670       -1.788383
68.685       -1.782838
68.700       -1.777363
68.715       -1.771957
68.730       -1.766623
68.745       -1.761363
68.760       -1.756177
68.775       -1.751068
68.790       -1.746035
68.805       -1.741082
68.820       -1.736209
68.835       -1.731417
68.850       -1.726709
68.865       -1.722084
68.880       -1.717545
68.895       -1.713093
68.910       -1.708729
68.925       -1.704455
68.940       -1.700271
68.955       -1.696178
68.970       -1.692179
68.985       -1.688274
69.000       -1.684464
69.015       -1.680750
69.030       -1.677133
69.045       -1.673615
69.060       -1.670197
69.075       -1.666879
69.090       -1.663662
69.105       -1.660548
69.120       -1.657537
69.135       -1.654630
69.150       -1.651828
69.165       -1.649132
69.180       -1.646543
69.195       -1.644062
69.210       -1.641688
69.225       -1.639424
69.240       -1.637269
69.255       -1.635224
69.270       -1.633291
69.285       -1.631468
69.300       -1.629758
69.315       -1.628160
69.330       -1.626675
69.345       -1.625303
69.360       -1.624045
69.375       -1.622902
69.390       -1.621873
69.405       -1.620958
69.420       -1.620159
69.435       -1.619475
69.450       -1.618906
69.465       -1.618453
69.480       -1.618116
69.495       -1.617895
69.510       -1.617789
69.525       -1.617799
69.540       -1.617925
69.555       -1.618167
69.570       -1.618524
69.585       -1.618997
69.600       -1.619585
69.615       -1.620288
69.630       -1.621106
69.645       -1.622038
69.660       -1.623084
69.675       -1.624244
69.690       -1.625518
69.705       -1.626904
69.720       -1.628402
69.735       -1.630012
69.750       -1.631734
69.765       -1.633566
69.780       -1.635508
69.795       -1.637559
69.810       -1.639719
69.825       -1.641986
69.840       -1.644361
69.855       -1.646841
69.870       -1.649427
69.885       -1.652117
69.900       -1.654911
69.915       -1.657807
69.930       -1.660804
69.945       -1.663902
69.960       -1.667098
69.975       -1.670394
69.990       -1.673786
70.005       -1.677273
70.020       -1.680856
70.035       -1.684531
70.050       -1.688299
70.065       -1.692157
70.080       -1.696105
70.095       -1.700141
70.110       -1.704263
70.125       -1.708471
70.140       -1.712762
70.155       -1.717135
70.170       -1.721588
70.185       -1.726121
70.200       -1.730732
70.215       -1.735418
70.230       -1.740178
70.245       -1.745011
70.260       -1.749915
70.275       -1.754888
70.290       -1.759928
70.305       -1.765034
70.320       -1.770204
70.335       -1.775436
70.350       -1.780729
70.365       -1.786079
70.380       -1.791487
70.395       -1.796948
70.410       -1.802463
70.425       -1.808029
70.440       -1.813643
70.455       -1.819305
70.470       -1.825011
70.485       -1.830761
70.500       -1.836552
70.515       -1.842381
70.530       -1.848248
70.545       -1.854150
70.560       -1.860084
70.575       -1.866050
70.590       -1.872044
70.605       -1.878065
70.620       -1.884111
70.635       -1.890180
70.650       -1.896269
70.665       -1.902376
70.680       -1.908500
70.695       -1.914638
70.710       -1.920789
70.725       -1.926949
70.740       -1.933118
70.755       -1.939292
70.770       -1.945470
70.785       -1.951650
70.800       -1.957829
70.815       -1.964006
70.830       -1.970178
70.845       -1.976343
70.860       -1.982500
70.875       -1.988646
70.890       -1.994779
70.905       -2.000897
70.920       -2.006999
70.935       -2.013081
70.950       -2.019142
70.965       -2.025180
70.980       -2.031193
70.995       -2.037179
71.010       -2.043136
71.025       -2.049063
71.040       -2.054956
71.055       -2.060815
71.070       -2.066636
71.085       -2.072420
71.100       -2.078163
71.115       -2.083863
71.130       -2.089519
71.145       -2.095130
71.160       -2.100693
71.175       -2.106206
71.190       -2.111668
71.205       -2.117077
71.220       -2.122432
71.235       -2.127730
71.250       -2.132970
71.265       -2.138151
71.280       -2.143270
71.295       -2.148327
71.310       -2.153320
71.325       -2.158247
71.340       -2.163106
71.355       -2.167897
71.370       -2.172617
71.385       -2.177266
71.400       -2.181843
71.415       -2.186345
71.430       -2.190771
71.445       -2.195121
71.460       -2.199392
71.475       -2.203584
71.490       -2.207696
71.505       -2.211727
71.520       -2.215674
71.535       -2.219538
71.550       -2.223317
71.565       -2.227010
71.580       -2.230616
71.595       -2.234135
71.610       -2.237565
71.625       -2.240905
71.640       -2.244155
71.655       -2.247314
71.670       -2.250381
71.685       -2.253355
71.700       -2.256236
71.715       -2.259023
71.730       -2.261715
71.745       -2.264311
71.760       -2.266812
71.775       -2.269217
71.790       -2.271524
71.805       -2.273735
71.820       -2.275847
71.835       -2.277862
71.850       -2.279777
71.865       -2.281595
71.880       -2.283313
71.895       -2.284931
71.910       -2.286450
71.925       -2.287869
71.940       -2.289189
71.955       -2.290408
71.970       -2.291528
71.985       -2.292547
72.000       -2.293466
72.015       -2.294284
72.030       -2.295003
72.045       -2.295622
72.060       -2.296140
72.075       -2.296559
72.090       -2.296879
72.105       -2.297099
72.120       -2.297219
72.135       -2.297241
72.150       -2.297164
72.165       -2.296989
72.180       -2.296716
72.195       -2.296346
72.210       -2.295878
72.225       -2.295313
72.240       -2.294653
72.255       -2.293896
72.270       -2.293044
72.285       -2.292098
72.300       -2.291057
72.315       -2.289923
72.330       -2.288696
72.345       -2.287376
72.360       -2.285965
72.375       -2.284463
72.390       -2.282871
72.405       -2.281189
72.420       -2.279419
72.435       -2.277560
72.450       -2.275614
72.465       -2.273582
72.480       -2.271465
72.495       -2.269262
72.510       -2.266976
72.525       -2.264607
72.540       -2.262156
72.555       -2.259624
72.570       -2.257011
72.585       -2.254320
72.600       -2.251550
72.615       -2.248703
72.630       -2.245780
72.645       -2.242782
72.660       -2.239709
72.675       -2.236563
72.690       -2.233346
72.705       -2.230057
72.720       -2.226698
72.735       -2.223271
72.750       -2.219775
72.765       -2.216213
72.780       -2.212586
72.795       -2.208894
72.810       -2.205139
72.825       -2.201322
72.840       -2.197444
72.855       -2.193506
72.870       -2.189510
72.885       -2.185456
72.900       -2.181346
72.915       -2.177180
72.930       -2.172961
72.945       -2.168689
72.960       -2.164366
72.975       -2.159992
72.990       -2.155569
73.005       -2.151099
73.020       -2.146581
73.035       -2.142018
73.050       -2.137411
73.065       -2.132760
73.080       -2.128068
73.095       -2.123335
73.110       -2.118562
73.125       -2.113752
73.140       -2.108904
73.155       -2.104020
73.170       -2.099101
73.185       -2.094149
73.200       -2.089165
73.215       -2.084149
73.230       -2.079104
73.245       -2.074030
73.260       -2.068928
73.275       -2.063800
73.290       -2.058646
73.305       -2.053468
73.320       -2.048268
73.335       -2.043045
73.350       -2.037802
73.365       -2.032540
73.380       -2.027259
73.395       -2.021961
73.410       -2.016646
73.425       -2.011317
73.440       -2.005973
73.455       -2.000617
73.470       -1.995249
73.485       -1.989870
73.500       -1.984482
73.515       -1.979085
73.530       -1.973680
73.545       -1.968270
73.560       -1.962853
73.575       -1.957432
73.590       -1.952008
73.605       -1.946581
73.620       -1.941153
73.635       -1.935725
73.650       -1.930297
73.665       -1.924871
73.680       -1.919447
73.695       -1.914026
73.710       -1.908610
73.725       -1.903200
73.740       -1.897795
73.755       -1.892398
73.770       -1.887009
73.785       -1.881629
73.800       -1.876258
73.815       -1.870899
73.830       -1.865551
73.845       -1.860215
73.860       -1.854893
73.875       -1.849584
73.890       -1.844291
73.905       -1.839014
73.920       -1.833753
73.935       -1.828509
73.950       -1.823284
73.965       -1.818078
73.980       -1.812891
73.995       -1.807725
74.010       -1.802580
74.025       -1.797457
74.040       -1.792357
74.055       -1.787281
74.070       -1.782228
74.085       -1.777201
74.100       -1.772199
74.115       -1.767223
74.130       -1.762275
74.145       -1.757354
74.160       -1.752462
74.175       -1.747598
74.190       -1.742764
74.205       -1.737961
74.220       -1.733189
74.235       -1.728448
74.250       -1.723740
74.265       -1.719064
74.280       -1.714422
74.295       -1.709815
74.310       -1.705242
74.325       -1.700704
74.340       -1.696202
74.355       -1.691737
74.370       -1.687309
74.385       -1.682919
74.400       -1.678566
74.415       -1.674253
74.430       -1.669979
74.445       -1.665745
74.460       -1.661552
74.475       -1.657399
74.490       -1.653288
74.505       -1.649220
74.520       -1.645194
74.535       -1.641211
74.550       -1.637271
74.565       -1.633376
74.580       -1.629526
74.595       -1.625721
74.610       -1.621961
74.625       -1.618248
74.640       -1.614582
74.655       -1.610962
74.670       -1.607391
74.685       -1.603867
74.700       -1.600392
74.715       -1.596966
74.730       -1.593590
74.745       -1.590264
74.760       -1.586988
74.775       -1.583763
74.790       -1.580590
74.805       -1.577468
74.820       -1.574399
74.835       -1.571382
74.850       -1.568419
74.865       -1.565509
74.880       -1.562653
74.895       -1.559851
74.910       -1.557104
74.925       -1.554412
74.940       -1.551776
74.955       -1.549196
74.970       -1.546672
74.985       -1.544205
75.000       -1.541795
75.015       -1.539443
75.030       -1.537148
75.045       -1.534912
75.060       -1.532734
75.075       -1.530615
75.090       -1.528556
75.105       -1.526556
75.120       -1.524616
75.135       -1.522736
75.150       -1.520917
75.165       -1.519158
75.180       -1.517461
75.195       -1.515825
75.210       -1.514251
75.225       -1.512739
75.240       -1.511290
75.255       -1.509902
75.270       -1.508578
75.285       -1.507317
75.300       -1.506119
75.315       -1.504984
75.330       -1.503913
75.345       -1.502906
75.360       -1.501963
75.375       -1.501085
75.390       -1.500271
75.405       -1.499522
75.420       -1.498837
75.435       -1.498217
75.450       -1.497663
75.465       -1.497174
75.480       -1.496750
75.495       -1.496391
75.510       -1.496098
75.525       -1.495871
75.540       -1.495709
75.555       -1.495613
75.570       -1.495583
75.585       -1.495619
75.600       -1.495720
75.615       -1.495887
75.630       -1.496121
75.645       -1.496419
75.660       -1.496784
75.675       -1.497215
75.690       -1.497711
75.705       -1.498273
75.720       -1.498900
75.735       -1.499593
75.750       -1.500351
75.765       -1.501174
75.780       -1.502062
75.795       -1.503015
75.810       -1.504033
75.825       -1.505116
75.840       -1.506263
75.855       -1.507474
75.870       -1.508749
75.885       -1.510087
75.900       -1.511489
75.915       -1.512955
75.930       -1.514483
75.945       -1.516073
75.960       -1.517726
75.975       -1.519441
75.990       -1.521218
76.005       -1.523056
76.020       -1.524954
76.035       -1.526913
76.050       -1.528933
76.065       -1.531012
76.080       -1.533150
76.095       -1.535347
76.110       -1.537602
76.125       -1.539916
76.140       -1.542286
76.155       -1.544714
76.170       -1.547198
76.185       -1.549738
76.200       -1.552333
76.215       -1.554983
76.230       -1.557687
76.245       -1.560445
76.260       -1.563256
76.275       -1.566119
76.290       -1.569034
76.305       -1.572001
76.320       -1.575017
76.335       -1.578084
76.350       -1.581200
76.365       -1.584364
76.380       -1.587577
76.395       -1.590836
76.410       -1.594142
76.425       -1.597493
76.440       -1.600889
76.455       -1.604330
76.470       -1.607814
76.485       -1.611340
76.500       -1.614909
76.515       -1.618519
76.530       -1.622169
76.545       -1.625858
76.560       -1.629586
76.575       -1.633352
76.590       -1.637155
76.605       -1.640995
76.620       -1.644870
76.635       -1.648779
76.650       -1.652722
76.665       -1.656697
76.680       -1.660705
76.695       -1.664744
76.710       -1.668813
76.725       -1.672911
76.740       -1.677038
76.755       -1.681192
76.770       -1.685373
76.785       -1.689580
76.800       -1.693811
76.815       -1.698067
76.830       -1.702345
76.845       -1.706646
76.860       -1.710968
76.875       -1.715310
76.890       -1.719672
76.905       -1.724053
76.920       -1.728451
76.935       -1.732865
76.950       -1.737296
76.965       -1.741742
76.980       -1.746201
76.995       -1.750674
77.010       -1.755159
77.025       -1.759656
77.040       -1.764163
77.055       -1.768680
77.070       -1.773205
77.085       -1.777739
77.100       -1.782279
77.115       -1.786826
77.130       -1.791378
77.145       -1.795934
77.160       -1.800494
77.175       -1.805057
77.190       -1.809622
77.205       -1.814188
77.220       -1.818755
77.235       -1.823321
77.250       -1.827886
77.265       -1.832449
77.280       -1.837009
77.295       -1.841566
77.310       -1.846119
77.325       -1.850667
77.340       -1.855209
77.355       -1.859745
77.370       -1.864273
77.385       -1.868794
77.400       -1.873307
77.415       -1.877810
77.430       -1.882304
77.445       -1.886787
77.460       -1.891260
77.475       -1.895721
77.490       -1.900170
77.505       -1.904606
77.520       -1.909028
77.535       -1.913437
77.550       -1.917832
77.565       -1.922211
77.580       -1.926576
77.595       -1.930924
77.610       -1.935256
77.625       -1.939572
77.640       -1.943870
77.655       -1.948151
77.670       -1.952413
77.685       -1.956658
77.700       -1.960883
77.715       -1.965089
77.730       -1.969276
77.745       -1.973444
77.760       -1.977591
77.775       -1.981718
77.790       -1.985824
77.805       -1.989909
77.820       -1.993974
77.835       -1.998017
77.850       -2.002038
77.865       -2.006038
77.880       -2.010016
77.895       -2.013973
77.910       -2.017907
77.925       -2.021819
77.940       -2.025708
77.955       -2.029576
77.970       -2.033420
77.985       -2.037243
78.000       -2.041043
78.015       -2.044820
78.030       -2.048575
78.045       -2.052307
78.060       -2.056017
78.075       -2.059704
78.090       -2.063370
78.105       -2.067012
78.120       -2.070633
78.135       -2.074232
78.150       -2.077808
78.165       -2.081363
78.180       -2.084896
78.195       -2.088407
78.210       -2.091898
78.225       -2.095366
78.240       -2.098814
78.255       -2.102241
78.270       -2.105648
78.285       -2.109034
78.300       -2.112400
78.315       -2.115746
78.330       -2.119072
78.345       -2.122379
78.360       -2.125667
78.375       -2.128936
78.390       -2.132187
78.405       -2.135419
78.420       -2.138633
78.435       -2.141829
78.450       -2.145008
78.465       -2.148170
78.480       -2.151316
78.495       -2.154444
78.510       -2.157557
78.525       -2.160654
78.540       -2.163735
78.555       -2.166802
78.570       -2.169853
78.585       -2.172890
78.600       -2.175913
78.615       -2.178922
78.630       -2.181917
78.645       -2.184900
78.660       -2.187869
78.675       -2.190826
78.690       -2.193771
78.705       -2.196704
78.720       -2.199626
78.735       -2.202536
78.750       -2.205436
78.765       -2.208325
78.780       -2.211203
78.795       -2.214072
78.810       -2.216931
78.825       -2.219781
78.840       -2.222621
78.855       -2.225453
78.870       -2.228276
78.885       -2.231091
78.900       -2.233898
78.915       -2.236697
78.930       -2.239488
78.945       -2.242272
78.960       -2.245049
78.975       -2.247819
78.990       -2.250583
79.005       -2.253339
79.020       -2.256090
79.035       -2.258834
79.050       -2.261572
79.065       -2.264304
79.080       -2.267031
79.095       -2.269751
79.110       -2.272466
79.125       -2.275176
79.140       -2.277880
79.155       -2.280579
79.170       -2.283273
79.185       -2.285961
79.200       -2.288644
79.215       -2.291321
79.230       -2.293994
79.245       -2.296661
79.260       -2.299323
79.275       -2.301979
79.290       -2.304630
79.305       -2.307276
79.320       -2.309916
79.335       -2.312550
79.350       -2.315178
79.365       -2.317800
79.380       -2.320416
79.395       -2.323026
79.410       -2.325629
79.425       -2.328225
79.440       -2.330814
79.455       -2.333396
79.470       -2.335971
79.485       -2.338538
79.500       -2.341097
79.515       -2.343647
79.530       -2.346189
79.545       -2.348722
79.560       -2.351245
79.575       -2.353759
79.590       -2.356263
79.605       -2.358756
79.620       -2.361238
79.635       -2.363709
79.650       -2.366168
79.665       -2.368615
79.680       -2.371050
79.695       -2.373471
79.710       -2.375879
79.725       -2.378272
79.740       -2.380651
79.755       -2.383015
79.770       -2.385362
79.785       -2.387694
79.800       -2.390009
79.815       -2.392306
79.830       -2.394585
79.845       -2.396846
79.860       -2.399087
79.875       -2.401309
79.890       -2.403509
79.905       -2.405689
79.920       -2.407847
79.935       -2.409982
79.950       -2.412095
79.965       -2.414183
79.980       -2.416247
79.995       -2.418285
80.010       -2.420298
80.025       -2.422284
80.040       -2.424242
80.055       -2.426172
80.070       -2.428074
80.085       -2.429946
80.100       -2.431787
80.115       -2.433597
80.130       -2.435376
80.145       -2.437122
80.160       -2.438834
80.175       -2.440512
80.190       -2.442156
80.205       -2.443763
80.220       -2.445334
80.235       -2.446868
80.250       -2.448364
80.265       -2.449821
80.280       -2.451238
80.295       -2.452615
80.310       -2.453951
80.325       -2.455245
80.340       -2.456496
80.355       -2.457704
80.370       -2.458868
80.385       -2.459986
80.400       -2.461059
80.415       -2.462085
80.430       -2.463064
80.445       -2.463995
80.460       -2.464877
80.475       -2.465710
80.490       -2.466492
80.505       -2.467223
80.520       -2.467903
80.535       -2.468530
80.550       -2.469104
80.565       -2.469624
80.580       -2.470090
80.595       -2.470501
80.610       -2.470856
80.625       -2.471154
80.640       -2.471395
80.655       -2.471579
80.670       -2.471704
80.685       -2.471770
80.700       -2.471776
80.715       -2.471722
80.730       -2.471608
80.745       -2.471432
80.760       -2.471194
80.775       -2.470894
80.790       -2.470532
80.805       -2.470105
80.820       -2.469615
80.835       -2.469061
80.850       -2.468442
80.865       -2.467757
80.880       -2.467007
80.895       -2.466191
80.910       -2.465309
80.925       -2.464360
80.940       -2.463344
80.955       -2.462260
80.970       -2.461109
80.985       -2.459890
81.000       -2.458603
81.015       -2.457247
81.030       -2.455823
81.045       -2.454330
81.060       -2.452767
81.075       -2.451136
81.090       -2.449435
81.105       -2.447665
81.120       -2.445825
81.135       -2.443916
81.150       -2.441937
81.165       -2.439889
81.180       -2.437771
81.195       -2.435583
81.210       -2.433326
81.225       -2.431000
81.240       -2.428604
81.255       -2.426139
81.270       -2.423605
81.285       -2.421002
81.300       -2.418330
81.315       -2.415590
81.330       -2.412782
81.345       -2.409906
81.360       -2.406962
81.375       -2.403951
81.390       -2.400873
81.405       -2.397728
81.420       -2.394517
81.435       -2.391240
81.450       -2.387898
81.465       -2.384491
81.480       -2.381019
81.495       -2.377484
81.510       -2.373885
81.525       -2.370223
81.540       -2.366500
81.555       -2.362714
81.570       -2.358868
81.585       -2.354961
81.600       -2.350994
81.615       -2.346969
81.630       -2.342885
81.645       -2.338744
81.660       -2.334546
81.675       -2.330292
81.690       -2.325983
81.705       -2.321619
81.720       -2.317202
81.735       -2.312733
81.750       -2.308211
81.765       -2.303639
81.780       -2.299017
81.795       -2.294345
81.810       -2.289626
81.825       -2.284860
81.840       -2.280048
81.855       -2.275190
81.870       -2.270289
81.885       -2.265345
81.900       -2.260359
81.915       -2.255332
81.930       -2.250265
81.945       -2.245160
81.960       -2.240017
81.975       -2.234839
81.990       -2.229624
82.005       -2.224376
82.020       -2.219096
82.035       -2.213783
82.050       -2.208440
82.065       -2.203068
82.080       -2.197668
82.095       -2.192241
82.110       -2.186789
82.125       -2.181313
82.140       -2.175813
82.155       -2.170292
82.170       -2.164751
82.185       -2.159191
82.200       -2.153612
82.215       -2.148018
82.230       -2.142408
82.245       -2.136784
82.260       -2.131148
82.275       -2.125501
82.290       -2.119843
82.305       -2.114178
82.320       -2.108505
82.335       -2.102826
82.350       -2.097142
82.365       -2.091456
82.380       -2.085768
82.395       -2.080079
82.410       -2.074391
82.425       -2.068705
82.440       -2.063023
82.455       -2.057345
82.470       -2.051674
82.485       -2.046011
82.500       -2.040356
82.515       -2.034711
82.530       -2.029078
82.545       -2.023458
82.560       -2.017852
82.575       -2.012261
82.590       -2.006688
82.605       -2.001132
82.620       -1.995595
82.635       -1.990079
82.650       -1.984585
82.665       -1.979114
82.680       -1.973668
82.695       -1.968247
82.710       -1.962853
82.725       -1.957487
82.740       -1.952150
82.755       -1.946844
82.770       -1.941569
82.785       -1.936328
82.800       -1.931120
82.815       -1.925947
82.830       -1.920811
82.845       -1.915712
82.860       -1.910652
82.875       -1.905631
82.890       -1.900651
82.905       -1.895713
82.920       -1.890817
82.935       -1.885966
82.950       -1.881159
82.965       -1.876399
82.980       -1.871685
82.995       -1.867019
83.010       -1.862402
83.025       -1.857835
83.040       -1.853319
83.055       -1.848854
83.070       -1.844442
83.085       -1.840084
83.100       -1.835780
83.115       -1.831531
83.130       -1.827338
83.145       -1.823202
83.160       -1.819123
83.175       -1.815103
83.190       -1.811143
83.205       -1.807242
83.220       -1.803402
83.235       -1.799623
83.250       -1.795907
83.265       -1.792253
83.280       -1.788663
83.295       -1.785137
83.310       -1.781676
83.325       -1.778280
83.340       -1.774950
83.355       -1.771687
83.370       -1.768491
83.385       -1.765362
83.400       -1.762302
83.415       -1.759311
83.430       -1.756388
83.445       -1.753536
83.460       -1.750753
83.475       -1.748042
83.490       -1.745401
83.505       -1.742832
83.520       -1.740334
83.535       -1.737909
83.550       -1.735557
83.565       -1.733277
83.580       -1.731070
83.595       -1.728938
83.610       -1.726879
83.625       -1.724894
83.640       -1.722983
83.655       -1.721148
83.670       -1.719387
83.685       -1.717701
83.700       -1.716091
83.715       -1.714556
83.730       -1.713096
83.745       -1.711713
83.760       -1.710405
83.775       -1.709173
83.790       -1.708018
83.805       -1.706938
83.820       -1.705935
83.835       -1.705009
83.850       -1.704158
83.865       -1.703384
83.880       -1.702687
83.895       -1.702066
83.910       -1.701521
83.925       -1.701052
83.940       -1.700660
83.955       -1.700344
83.970       -1.700104
83.985       -1.699940
84.000       -1.699852
84.015       -1.699840
84.030       -1.699903
84.045       -1.700042
84.060       -1.700256
84.075       -1.700546
84.090       -1.700910
84.105       -1.701348
84.120       -1.701861
84.135       -1.702449
84.150       -1.703110
84.165       -1.703844
84.180       -1.704653
84.195       -1.705534
84.210       -1.706487
84.225       -1.707514
84.240       -1.708612
84.255       -1.709782
84.270       -1.711023
84.285       -1.712335
84.300       -1.713717
84.315       -1.715169
84.330       -1.716691
84.345       -1.718283
84.360       -1.719942
84.375       -1.721670
84.390       -1.723466
84.405       -1.725329
84.420       -1.727259
84.435       -1.729255
84.450       -1.731316
84.465       -1.733442
84.480       -1.735633
84.495       -1.737888
84.510       -1.740206
84.525       -1.742587
84.540       -1.745030
84.555       -1.747534
84.570       -1.750099
84.585       -1.752724
84.600       -1.755409
84.615       -1.758152
84.630       -1.760954
84.645       -1.763812
84.660       -1.766728
84.675       -1.769699
84.690       -1.772725
84.705       -1.775805
84.720       -1.778940
84.735       -1.782126
84.750       -1.785365
84.765       -1.788655
84.780       -1.791996
84.795       -1.795385
84.810       -1.798824
84.825       -1.802310
84.840       -1.805843
84.855       -1.809423
84.870       -1.813047
84.885       -1.816716
84.900       -1.820427
84.915       -1.824182
84.930       -1.827977
84.945       -1.831814
84.960       -1.835689
84.975       -1.839604
84.990       -1.843556
85.005       -1.847544
85.020       -1.851568
85.035       -1.855627
85.050       -1.859719
85.065       -1.863844
85.080       -1.868000
85.095       -1.872187
85.110       -1.876403
85.125       -1.880648
85.140       -1.884920
85.155       -1.889217
85.170       -1.893540
85.185       -1.897887
85.200       -1.902257
85.215       -1.906648
85.230       -1.911061
85.245       -1.915492
85.260       -1.919942
85.275       -1.924409
85.290       -1.928892
85.305       -1.933390
85.320       -1.937902
85.335       -1.942426
85.350       -1.946961
85.365       -1.951507
85.380       -1.956062
85.395       -1.960624
85.410       -1.965193
85.425       -1.969767
85.440       -1.974345
85.455       -1.978927
85.470       -1.983509
85.485       -1.988093
85.500       -1.992675
85.515       -1.997256
85.530       -2.001833
85.545       -2.006406
85.560       -2.010974
85.575       -2.015534
85.590       -2.020086
85.605       -2.024628
85.620       -2.029160
85.635       -2.033680
85.650       -2.038187
85.665       -2.042679
85.680       -2.047155
85.695       -2.051615
85.710       -2.056056
85.725       -2.060478
85.740       -2.064879
85.755       -2.069259
85.770       -2.073615
85.785       -2.077947
85.800       -2.082253
85.815       -2.086532
85.830       -2.090783
85.845       -2.095004
85.860       -2.099196
85.875       -2.103355
85.890       -2.107481
85.905       -2.111573
85.920       -2.115630
85.935       -2.119650
85.950       -2.123633
85.965       -2.127576
85.980       -2.131480
85.995       -2.135341
86.010       -2.139161
86.025       -2.142937
86.040       -2.146668
86.055       -2.150353
86.070       -2.153992
86.085       -2.157582
86.100       -2.161123
86.115       -2.164613
86.130       -2.168052
86.145       -2.171439
86.160       -2.174772
86.175       -2.178051
86.190       -2.181274
86.205       -2.184440
86.220       -2.187549
86.235       -2.190599
86.250       -2.193589
86.265       -2.196519
86.280       -2.199387
86.295       -2.202193
86.310       -2.204935
86.325       -2.207613
86.340       -2.210225
86.355       -2.212772
86.370       -2.215252
86.385       -2.217663
86.400       -2.220006
86.415       -2.222280
86.430       -2.224483
86.445       -2.226615
86.460       -2.228676
86.475       -2.230664
86.490       -2.232578
86.505       -2.234419
86.520       -2.236184
86.535       -2.237875
86.550       -2.239489
86.565       -2.241027
86.580       -2.242487
86.595       -2.243870
86.610       -2.245174
86.625       -2.246399
86.640       -2.247545
86.655       -2.248610
86.670       -2.249595
86.685       -2.250499
86.700       -2.251321
86.715       -2.252062
86.730       -2.252720
86.745       -2.253296
86.760       -2.253788
86.775       -2.254197
86.790       -2.254522
86.805       -2.254763
86.820       -2.254920
86.835       -2.254992
86.850       -2.254980
86.865       -2.254882
86.880       -2.254699
86.895       -2.254431
86.910       -2.254077
86.925       -2.253638
86.940       -2.253112
86.955       -2.252501
86.970       -2.251804
86.985       -2.251021
87.000       -2.250152
87.015       -2.249197
87.030       -2.248156
87.045       -2.247030
87.060       -2.245817
87.075       -2.244519
87.090       -2.243136
87.105       -2.241667
87.120       -2.240112
87.135       -2.238473
87.150       -2.236749
87.165       -2.234941
87.180       -2.233048
87.195       -2.231071
87.210       -2.229011
87.225       -2.226867
87.240       -2.224641
87.255       -2.222331
87.270       -2.219940
87.285       -2.217467
87.300       -2.214912
87.315       -2.212277
87.330       -2.209562
87.345       -2.206766
87.360       -2.203892
87.375       -2.200938
87.390       -2.197907
87.405       -2.194798
87.420       -2.191612
87.435       -2.188351
87.450       -2.185013
87.465       -2.181601
87.480       -2.178114
87.495       -2.174555
87.510       -2.170922
87.525       -2.167218
87.540       -2.163443
87.555       -2.159597
87.570       -2.155682
87.585       -2.151699
87.600       -2.147648
87.615       -2.143530
87.630       -2.139346
87.645       -2.135098
87.660       -2.130785
87.675       -2.126410
87.690       -2.121972
87.705       -2.117474
87.720       -2.112916
87.735       -2.108299
87.750       -2.103624
87.765       -2.098892
87.780       -2.094104
87.795       -2.089262
87.810       -2.084367
87.825       -2.079419
87.840       -2.074420
87.855       -2.069372
87.870       -2.064274
87.885       -2.059129
87.900       -2.053937
87.915       -2.048700
87.930       -2.043419
87.945       -2.038096
87.960       -2.032731
87.975       -2.027326
87.990       -2.021881
88.005       -2.016400
88.020       -2.010881
88.035       -2.005328
88.050       -1.999741
88.065       -1.994121
88.080       -1.988471
88.095       -1.982790
88.110       -1.977081
88.125       -1.971345
88.140       -1.965583
88.155       -1.959797
88.170       -1.953988
88.185       -1.948156
88.200       -1.942305
88.215       -1.936434
88.230       -1.930546
88.245       -1.924641
88.260       -1.918722
88.275       -1.912789
88.290       -1.906843
88.305       -1.900887
88.320       -1.894922
88.335       -1.888948
88.350       -1.882968
88.365       -1.876982
88.380       -1.870992
88.395       -1.865000
88.410       -1.859006
88.425       -1.853013
88.440       -1.847021
88.455       -1.841031
88.470       -1.835046
88.485       -1.829066
88.500       -1.823092
88.515       -1.817127
88.530       -1.811171
88.545       -1.805226
88.560       -1.799293
88.575       -1.793372
88.590       -1.787467
88.605       -1.781577
88.620       -1.775704
88.635       -1.769850
88.650       -1.764015
88.665       -1.758201
88.680       -1.752409
88.695       -1.746640
88.710       -1.740896
88.725       -1.735177
88.740       -1.729485
88.755       -1.723821
88.770       -1.718186
88.785       -1.712582
88.800       -1.707009
88.815       -1.701468
88.830       -1.695961
88.845       -1.690489
88.860       -1.685053
88.875       -1.679654
88.890       -1.674292
88.905       -1.668970
88.920       -1.663688
88.935       -1.658447
88.950       -1.653248
88.965       -1.648092
88.980       -1.642980
88.995       -1.637913
89.010       -1.632892
89.025       -1.627919
89.040       -1.622993
89.055       -1.618115
89.070       -1.613288
89.085       -1.608511
89.100       -1.603786
89.115       -1.599112
89.130       -1.594492
89.145       -1.589926
89.160       -1.585415
89.175       -1.580959
89.190       -1.576560
89.205       -1.572217
89.220       -1.567933
89.235       -1.563707
89.250       -1.559540
89.265       -1.555434
89.280       -1.551388
89.295       -1.547403
89.310       -1.543481
89.325       -1.539621
89.340       -1.535825
89.355       -1.532093
89.370       -1.528425
89.385       -1.524822
89.400       -1.521285
89.415       -1.517815
89.430       -1.514411
89.445       -1.511075
89.460       -1.507806
89.475       -1.504606
89.490       -1.501475
89.505       -1.498413
89.520       -1.495420
89.535       -1.492498
89.550       -1.489647
89.565       -1.486867
89.580       -1.484158
89.595       -1.481521
89.610       -1.478956
89.625       -1.476464
89.640       -1.474045
89.655       -1.471698
89.670       -1.469426
89.685       -1.467227
89.700       -1.465102
89.715       -1.463052
89.730       -1.461076
89.745       -1.459175
89.760       -1.457349
89.775       -1.455598
89.790       -1.453923
89.805       -1.452323
89.820       -1.450799
89.835       -1.449351
89.850       -1.447980
89.865       -1.446684
89.880       -1.445464
89.895       -1.444321
89.910       -1.443255
89.925       -1.442264
89.940       -1.441351
89.955       -1.440514
89.970       -1.439753
89.985       -1.439069
90.000       -1.438462
90.015       -1.437931
90.030       -1.437477
90.045       -1.437099
90.060       -1.436798
90.075       -1.436573
90.090       -1.436424
90.105       -1.436351
90.120       -1.436355
90.135       -1.436434
90.150       -1.436589
90.165       -1.436819
90.180       -1.437125
90.195       -1.437506
90.210       -1.437963
90.225       -1.438493
90.240       -1.439099
90.255       -1.439779
90.270       -1.440533
90.285       -1.441360
90.300       -1.442262
90.315       -1.443236
90.330       -1.444284
90.345       -1.445404
90.360       -1.446597
90.375       -1.447861
90.390       -1.449198
90.405       -1.450605
90.420       -1.452084
90.435       -1.453633
90.450       -1.455252
90.465       -1.456942
90.480       -1.458700
90.495       -1.460528
90.510       -1.462424
90.525       -1.464388
90.540       -1.466420
90.555       -1.468520
90.570       -1.470686
90.585       -1.472918
90.600       -1.475217
90.615       -1.477580
90.630       -1.480009
90.645       -1.482502
90.660       -1.485059
90.675       -1.487679
90.690       -1.490362
90.705       -1.493107
90.720       -1.495914
90.735       -1.498783
90.750       -1.501712
90.765       -1.504702
90.780       -1.507751
90.795       -1.510859
90.810       -1.514026
90.825       -1.517250
90.840       -1.520532
90.855       -1.523871
90.870       -1.527267
90.885       -1.530718
90.900       -1.534224
90.915       -1.537785
90.930       -1.541399
90.945       -1.545068
90.960       -1.548789
90.975       -1.552562
90.990       -1.556387
91.005       -1.560263
91.020       -1.564190
91.035       -1.568167
91.050       -1.572194
91.065       -1.576269
91.080       -1.580393
91.095       -1.584564
91.110       -1.588783
91.125       -1.593048
91.140       -1.597360
91.155       -1.601717
91.170       -1.606119
91.185       -1.610566
91.200       -1.615057
91.215       -1.619591
91.230       -1.624168
91.245       -1.628788
91.260       -1.633450
91.275       -1.638153
91.290       -1.642898
91.305       -1.647683
91.320       -1.652508
91.335       -1.657372
91.350       -1.662276
91.365       -1.667219
91.380       -1.672200
91.395       -1.677219
91.410       -1.682275
91.425       -1.687368
91.440       -1.692499
91.455       -1.697665
91.470       -1.702867
91.485       -1.708105
91.500       -1.713379
91.515       -1.718687
91.530       -1.724029
91.545       -1.729406
91.560       -1.734817
91.575       -1.740261
91.590       -1.745739
91.605       -1.751250
91.620       -1.756794
91.635       -1.762370
91.650       -1.767979
91.665       -1.773619
91.680       -1.779292
91.695       -1.784996
91.710       -1.790732
91.725       -1.796499
91.740       -1.802297
91.755       -1.808126
91.770       -1.813986
91.785       -1.819876
91.800       -1.825797
91.815       -1.831748
91.830       -1.837730
91.845       -1.843742
91.860       -1.849783
91.875       -1.855855
91.890       -1.861957
91.905       -1.868088
91.920       -1.874249
91.935       -1.880440
91.950       -1.886661
91.965       -1.892911
91.980       -1.899190
91.995       -1.905499
92.010       -1.911838
92.025       -1.918206
92.040       -1.924604
92.055       -1.931031
92.070       -1.937487
92.085       -1.943973
92.100       -1.950488
92.115       -1.957032
92.130       -1.963606
92.145       -1.970210
92.160       -1.976842
92.175       -1.983505
92.190       -1.990196
92.205       -1.996917
92.220       -2.003668
92.235       -2.010447
92.250       -2.017256
92.265       -2.024095
92.280       -2.030963
92.295       -2.037860
92.310       -2.044786
92.325       -2.051742
92.340       -2.058727
92.355       -2.065741
92.370       -2.072784
92.385       -2.079857
92.400       -2.086958
92.415       -2.094088
92.430       -2.101247
92.445       -2.108434
92.460       -2.115650
92.475       -2.122895
92.490       -2.130167
92.505       -2.137468
92.520       -2.144797
92.535       -2.152153
92.550       -2.159537
92.565       -2.166948
92.580       -2.174386
92.595       -2.181851
92.610       -2.189343
92.625       -2.196860
92.640       -2.204403
92.655       -2.211972
92.670       -2.219566
92.685       -2.227184
92.700       -2.234827
92.715       -2.242494
92.730       -2.250183
92.745       -2.257896
92.760       -2.265631
92.775       -2.273388
92.790       -2.281166
92.805       -2.288965
92.820       -2.296784
92.835       -2.304622
92.850       -2.312479
92.865       -2.320353
92.880       -2.328245
92.895       -2.336153
92.910       -2.344077
92.925       -2.352016
92.940       -2.359968
92.955       -2.367934
92.970       -2.375911
92.985       -2.383900
93.000       -2.391899
93.015       -2.399906
93.030       -2.407922
93.045       -2.415945
93.060       -2.423973
93.075       -2.432006
93.090       -2.440043
93.105       -2.448081
93.120       -2.456121
93.135       -2.464160
93.150       -2.472197
93.165       -2.480231
93.180       -2.488260
93.195       -2.496284
93.210       -2.504300
93.225       -2.512307
93.240       -2.520304
93.255       -2.528289
93.270       -2.536259
93.285       -2.544215
93.300       -2.552154
93.315       -2.560073
93.330       -2.567973
93.345       -2.575850
93.360       -2.583703
93.375       -2.591530
93.390       -2.599330
93.405       -2.607100
93.420       -2.614838
93.435       -2.622543
93.450       -2.630212
93.465       -2.637844
93.480       -2.645436
93.495       -2.652987
93.510       -2.660494
93.525       -2.667955
93.540       -2.675369
93.555       -2.682732
93.570       -2.690043
93.585       -2.697299
93.600       -2.704499
93.615       -2.711639
93.630       -2.718718
93.645       -2.725734
93.660       -2.732684
93.675       -2.739566
93.690       -2.746377
93.705       -2.753116
93.720       -2.759779
93.735       -2.766364
93.750       -2.772870
93.765       -2.779293
93.780       -2.785631
93.795       -2.791882
93.810       -2.798044
93.825       -2.804113
93.840       -2.810088
93.855       -2.815966
93.870       -2.821744
93.885       -2.827421
93.900       -2.832993
93.915       -2.838459
93.930       -2.843815
93.945       -2.849060
93.960       -2.854191
93.975       -2.859205
93.990       -2.864101
94.005       -2.868875
94.020       -2.873525
94.035       -2.878050
94.050       -2.882446
94.065       -2.886712
94.080       -2.890844
94.095       -2.894841
94.110       -2.898700
94.125       -2.902420
94.140       -2.905997
94.155       -2.909430
94.170       -2.912716
94.185       -2.915853
94.200       -2.918840
94.215       -2.921673
94.230       -2.924352
94.245       -2.926873
94.260       -2.929234
94.275       -2.931435
94.290       -2.933472
94.305       -2.935345
94.320       -2.937050
94.335       -2.938587
94.350       -2.939953
94.365       -2.941146
94.380       -2.942166
94.395       -2.943010
94.410       -2.943676
94.425       -2.944164
94.440       -2.944471
94.455       -2.944597
94.470       -2.944539
94.485       -2.944296
94.500       -2.943868
94.515       -2.943252
94.530       -2.942448
94.545       -2.941454
94.560       -2.940270
94.575       -2.938894
94.590       -2.937326
94.605       -2.935564
94.620       -2.933608
94.635       -2.931456
94.650       -2.929109
94.665       -2.926565
94.680       -2.923825
94.695       -2.920887
94.710       -2.917750
94.725       -2.914416
94.740       -2.910883
94.755       -2.907150
94.770       -2.903219
94.785       -2.899089
94.800       -2.894760
94.815       -2.890231
94.830       -2.885503
94.845       -2.880577
94.860       -2.875452
94.875       -2.870129
94.890       -2.864608
94.905       -2.858890
94.920       -2.852975
94.935       -2.846864
94.950       -2.840558
94.965       -2.834057
94.980       -2.827363
94.995       -2.820476
95.010       -2.813397
95.025       -2.806128
95.040       -2.798669
95.055       -2.791022
95.070       -2.783188
95.085       -2.775169
95.100       -2.766966
95.115       -2.758580
95.130       -2.750013
95.145       -2.741268
95.160       -2.732345
95.175       -2.723247
95.190       -2.713975
95.205       -2.704532
95.220       -2.694919
95.235       -2.685139
95.250       -2.675194
95.265       -2.665086
95.280       -2.654817
95.295       -2.644391
95.310       -2.633808
95.325       -2.623073
95.340       -2.612188
95.355       -2.601154
95.370       -2.589976
95.385       -2.578656
95.400       -2.567196
95.415       -2.555600
95.430       -2.543871
95.445       -2.532012
95.460       -2.520025
95.475       -2.507915
95.490       -2.495684
95.505       -2.483335
95.520       -2.470873
95.535       -2.458300
95.550       -2.445620
95.565       -2.432836
95.580       -2.419952
95.595       -2.406972
95.610       -2.393899
95.625       -2.380736
95.640       -2.367489
95.655       -2.354160
95.670       -2.340753
95.685       -2.327272
95.700       -2.313721
95.715       -2.300105
95.730       -2.286426
95.745       -2.272689
95.760       -2.258899
95.775       -2.245058
95.790       -2.231172
95.805       -2.217244
95.820       -2.203279
95.835       -2.189280
95.850       -2.175253
95.865       -2.161201
95.880       -2.147128
95.895       -2.133039
95.910       -2.118938
95.925       -2.104829
95.940       -2.090717
95.955       -2.076606
95.970       -2.062500
95.985       -2.048404
96.000       -2.034322
96.015       -2.020259
96.030       -2.006218
96.045       -1.992204
96.060       -1.978222
96.075       -1.964276
96.090       -1.950370
96.105       -1.936508
96.120       -1.922696
96.135       -1.908936
96.150       -1.895235
96.165       -1.881595
96.180       -1.868021
96.195       -1.854518
96.210       -1.841089
96.225       -1.827740
96.240       -1.814473
96.255       -1.801294
96.270       -1.788207
96.285       -1.775215
96.300       -1.762324
96.315       -1.749536
96.330       -1.736856
96.345       -1.724288
96.360       -1.711836
96.375       -1.699504
96.390       -1.687296
96.405       -1.675216
96.420       -1.663267
96.435       -1.651454
96.450       -1.639779
96.465       -1.628248
96.480       -1.616863
96.495       -1.605629
96.510       -1.594548
96.525       -1.583624
96.540       -1.572861
96.555       -1.562261
96.570       -1.551830
96.585       -1.541569
96.600       -1.531481
96.615       -1.521571
96.630       -1.511842
96.645       -1.502295
96.660       -1.492935
96.675       -1.483764
96.690       -1.474784
96.705       -1.466000
96.720       -1.457413
96.735       -1.449027
96.750       -1.440843
96.765       -1.432865
96.780       -1.425094
96.795       -1.417534
96.810       -1.410185
96.825       -1.403052
96.840       -1.396135
96.855       -1.389437
96.870       -1.382960
96.885       -1.376706
96.900       -1.370677
96.915       -1.364874
96.930       -1.359298
96.945       -1.353953
96.960       -1.348839
96.975       -1.343957
96.990       -1.339309
97.005       -1.334897
97.020       -1.330721
97.035       -1.326782
97.050       -1.323082
97.065       -1.319622
97.080       -1.316402
97.095       -1.313423
97.110       -1.310686
97.125       -1.308191
97.140       -1.305939
97.155       -1.303930
97.170       -1.302165
97.185       -1.300644
97.200       -1.299367
97.215       -1.298335
97.230       -1.297546
97.245       -1.297001
97.260       -1.296701
97.275       -1.296643
97.290       -1.296829
97.305       -1.297258
97.320       -1.297930
97.335       -1.298842
97.350       -1.299996
97.365       -1.301390
97.380       -1.303023
97.395       -1.304895
97.410       -1.307004
97.425       -1.309349
97.440       -1.311929
97.455       -1.314743
97.470       -1.317790
97.485       -1.321067
97.500       -1.324573
97.515       -1.328307
97.530       -1.332268
97.545       -1.336452
97.560       -1.340859
97.575       -1.345486
97.590       -1.350332
97.605       -1.355395
97.620       -1.360671
97.635       -1.366160
97.650       -1.371858
97.665       -1.377763
97.680       -1.383874
97.695       -1.390186
97.710       -1.396698
97.725       -1.403408
97.740       -1.410311
97.755       -1.417406
97.770       -1.424690
97.785       -1.432159
97.800       -1.439811
97.815       -1.447643
97.830       -1.455651
97.845       -1.463832
97.860       -1.472184
97.875       -1.480702
97.890       -1.489383
97.905       -1.498224
97.920       -1.507222
97.935       -1.516372
97.950       -1.525672
97.965       -1.535118
97.980       -1.544705
97.995       -1.554431
98.010       -1.564291
98.025       -1.574282
98.040       -1.584399
98.055       -1.594639
98.070       -1.604998
98.085       -1.615472
98.100       -1.626057
98.115       -1.636749
98.130       -1.647543
98.145       -1.658435
98.160       -1.669422
98.175       -1.680499
98.190       -1.691662
98.205       -1.702906
98.220       -1.714228
98.235       -1.725623
98.250       -1.737086
98.265       -1.748614
98.280       -1.760201
98.295       -1.771844
98.310       -1.783538
98.325       -1.795278
98.340       -1.807061
98.355       -1.818882
98.370       -1.830735
98.385       -1.842618
98.400       -1.854524
98.415       -1.866451
98.430       -1.878393
98.445       -1.890346
98.460       -1.902305
98.475       -1.914266
98.490       -1.926224
98.505       -1.938175
98.520       -1.950114
98.535       -1.962038
98.550       -1.973941
98.565       -1.985819
98.580       -1.997667
98.595       -2.009482
98.610       -2.021258
98.625       -2.032992
98.640       -2.044679
98.655       -2.056315
98.670       -2.067895
98.685       -2.079415
98.700       -2.090871
98.715       -2.102259
98.730       -2.113574
98.745       -2.124812
98.760       -2.135970
98.775       -2.147042
98.790       -2.158026
98.805       -2.168916
98.820       -2.179709
98.835       -2.190401
98.850       -2.200989
98.865       -2.211467
98.880       -2.221833
98.895       -2.232083
98.910       -2.242212
98.925       -2.252218
98.940       -2.262096
98.955       -2.271844
98.970       -2.281457
98.985       -2.290932
99.000       -2.300265
99.015       -2.309454
99.030       -2.318495
99.045       -2.327385
99.060       -2.336121
99.075       -2.344699
99.090       -2.353116
99.105       -2.361370
99.120       -2.369458
99.135       -2.377376
99.150       -2.385123
99.165       -2.392694
99.180       -2.400089
99.195       -2.407303
99.210       -2.414335
99.225       -2.421182
99.240       -2.427842
99.255       -2.434312
99.270       -2.440591
99.285       -2.446676
99.300       -2.452565
99.315       -2.458256
99.330       -2.463747
99.345       -2.469036
99.360       -2.474122
99.375       -2.479003
99.390       -2.483678
99.405       -2.488144
99.420       -2.492401
99.435       -2.496446
99.450       -2.500279
99.465       -2.503899
99.480       -2.507305
99.495       -2.510494
99.510       -2.513467
99.525       -2.516223
99.540       -2.518760
99.555       -2.521078
99.570       -2.523177
99.585       -2.525056
99.600       -2.526714
99.615       -2.528150
99.630       -2.529366
99.645       -2.530360
99.660       -2.531132
99.675       -2.531682
99.690       -2.532010
99.705       -2.532117
99.720       -2.532002
99.735       -2.531666
99.750       -2.531108
99.765       -2.530330
99.780       -2.529332
99.795       -2.528114
99.810       -2.526677
99.825       -2.525022
99.840       -2.523150
99.855       -2.521060
99.870       -2.518755
99.885       -2.516235
99.900       -2.513502
99.915       -2.510555
99.930       -2.507398
99.945       -2.504030
99.960       -2.500454
99.975       -2.496670
99.990       -2.492681
100.005      -2.488487
100.020      -2.484091
100.035      -2.479493
100.050      -2.474697
100.065      -2.469702
100.080      -2.464513
100.095      -2.459129
100.110      -2.453554
100.125      -2.447790
100.140      -2.441838
100.155      -2.435700
100.170      -2.429380
100.185      -2.422878
100.200      -2.416198
100.215      -2.409342
100.230      -2.402312
100.245      -2.395111
100.260      -2.387741
100.275      -2.380205
100.290      -2.372505
100.305      -2.364644
100.320      -2.356626
100.335      -2.348451
100.350      -2.340125
100.365      -2.331648
100.380      -2.323024
100.395      -2.314257
100.410      -2.305348
100.425      -2.296301
100.440      -2.287119
100.455      -2.277805
100.470      -2.268361
100.485      -2.258792
100.500      -2.249100
100.515      -2.239289
100.530      -2.229360
100.545      -2.219319
100.560      -2.209168
100.575      -2.198909
100.590      -2.188548
100.605      -2.178086
100.620      -2.167527
100.635      -2.156874
100.650      -2.146131
100.665      -2.135302
100.680      -2.124388
100.695      -2.113395
100.710      -2.102324
100.725      -2.091180
100.740      -2.079967
100.755      -2.068686
100.770      -2.057342
100.785      -2.045939
100.800      -2.034479
100.815      -2.022966
100.830      -2.011403
100.845      -1.999794
100.860      -1.988142
100.875      -1.976452
100.890      -1.964725
100.905      -1.952965
100.920      -1.941176
100.935      -1.929362
100.950      -1.917525
100.965      -1.905669
100.980      -1.893797
100.995      -1.881913
101.010      -1.870020
101.025      -1.858120
101.040      -1.846219
101.055      -1.834318
101.070      -1.822421
101.085      -1.810532
101.100      -1.798653
101.115      -1.786787
101.130      -1.774939
101.145      -1.763110
101.160      -1.751304
101.175      -1.739525
101.190      -1.727775
101.205      -1.716058
101.220      -1.704375
101.235      -1.692732
101.250      -1.681129
101.265      -1.669571
101.280      -1.658060
101.295      -1.646599
101.310      -1.635191
101.325      -1.623839
101.340      -1.612545
101.355      -1.601313
101.370      -1.590144
101.385      -1.579043
101.400      -1.568011
101.415      -1.557050
101.430      -1.546165
101.445      -1.535356
101.460      -1.524627
101.475      -1.513980
101.490      -1.503418
101.505      -1.492943
101.520      -1.482557
101.535      -1.472263
101.550      -1.462062
101.565      -1.451958
101.580      -1.441953
101.595      -1.432048
101.610      -1.422245
101.625      -1.412548
101.640      -1.402957
101.655      -1.393475
101.670      -1.384104
101.685      -1.374846
101.700      -1.365702
101.715      -1.356675
101.730      -1.347766
101.745      -1.338978
101.760      -1.330311
101.775      -1.321768
101.790      -1.313349
101.805      -1.305058
101.820      -1.296895
101.835      -1.288862
101.850      -1.280960
101.865      -1.273191
101.880      -1.265556
101.895      -1.258057
101.910      -1.250694
101.925      -1.243470
101.940      -1.236385
101.955      -1.229441
101.970      -1.222638
101.985      -1.215978
102.000      -1.209462
102.015      -1.203091
102.030      -1.196866
102.045      -1.190788
102.060      -1.184858
102.075      -1.179076
102.090      -1.173444
102.105      -1.167963
102.120      -1.162632
102.135      -1.157454
102.150      -1.152428
102.165      -1.147555
102.180      -1.142836
102.195      -1.138271
102.210      -1.133861
102.225      -1.129606
102.240      -1.125508
102.255      -1.121566
102.270      -1.117780
102.285      -1.114152
102.300      -1.110681
102.315      -1.107367
102.330      -1.104212
102.345      -1.101215
102.360      -1.098376
102.375      -1.095695
102.390      -1.093174
102.405      -1.090811
102.420      -1.088607
102.435      -1.086561
102.450      -1.084675
102.465      -1.082947
102.480      -1.081378
102.495      -1.079968
102.510      -1.078716
102.525      -1.077622
102.540      -1.076687
102.555      -1.075909
102.570      -1.075290
102.585      -1.074827
102.600      -1.074522
102.615      -1.074374
102.630      -1.074382
102.645      -1.074547
102.660      -1.074867
102.675      -1.075342
102.690      -1.075972
102.705      -1.076756
102.720      -1.077694
102.735      -1.078786
102.750      -1.080030
102.765      -1.081427
102.780      -1.082975
102.795      -1.084673
102.810      -1.086523
102.825      -1.088521
102.840      -1.090669
102.855      -1.092965
102.870      -1.095409
102.885      -1.097999
102.900      -1.100735
102.915      -1.103616
102.930      -1.106642
102.945      -1.109811
102.960      -1.113123
102.975      -1.116576
102.990      -1.120171
103.005      -1.123905
103.020      -1.127779
103.035      -1.131790
103.050      -1.135939
103.065      -1.140223
103.080      -1.144643
103.095      -1.149197
103.110      -1.153884
103.125      -1.158703
103.140      -1.163653
103.155      -1.168733
103.170      -1.173941
103.185      -1.179277
103.200      -1.184740
103.215      -1.190328
103.230      -1.196040
103.245      -1.201875
103.260      -1.207832
103.275      -1.213909
103.290      -1.220106
103.305      -1.226421
103.320      -1.232853
103.335      -1.239401
103.350      -1.246063
103.365      -1.252838
103.380      -1.259724
103.395      -1.266721
103.410      -1.273828
103.425      -1.281042
103.440      -1.288362
103.455      -1.295788
103.470      -1.303317
103.485      -1.310949
103.500      -1.318682
103.515      -1.326514
103.530      -1.334444
103.545      -1.342471
103.560      -1.350593
103.575      -1.358809
103.590      -1.367117
103.605      -1.375516
103.620      -1.384005
103.635      -1.392581
103.650      -1.401244
103.665      -1.409992
103.680      -1.418823
103.695      -1.427736
103.710      -1.436729
103.725      -1.445801
103.740      -1.454950
103.755      -1.464176
103.770      -1.473475
103.785      -1.482847
103.800      -1.492289
103.815      -1.501802
103.830      -1.511382
103.845      -1.521028
103.860      -1.530739
103.875      -1.540513
103.890      -1.550348
103.905      -1.560243
103.920      -1.570196
103.935      -1.580206
103.950      -1.590270
103.965      -1.600388
103.980      -1.610557
103.995      -1.620777
104.010      -1.631044
104.025      -1.641358
104.040      -1.651717
104.055      -1.662119
104.070      -1.672563
104.085      -1.683047
104.100      -1.693568
104.115      -1.704127
104.130      -1.714720
104.145      -1.725346
104.160      -1.736004
104.175      -1.746692
104.190      -1.757407
104.205      -1.768149
104.220      -1.778916
104.235      -1.789705
104.250      -1.800516
104.265      -1.811346
104.280      -1.822194
104.295      -1.833058
104.310      -1.843936
104.325      -1.854827
104.340      -1.865729
104.355      -1.876640
104.370      -1.887559
104.385      -1.898484
104.400      -1.909412
104.415      -1.920344
104.430      -1.931275
104.445      -1.942206
104.460      -1.953134
104.475      -1.964058
104.490      -1.974976
104.505      -1.985885
104.520      -1.996786
104.535      -2.007675
104.550      -2.018551
104.565      -2.029412
104.580      -2.040258
104.595      -2.051085
104.610      -2.061893
104.625      -2.072679
104.640      -2.083443
104.655      -2.094182
104.670      -2.104895
104.685      -2.115580
104.700      -2.126235
104.715      -2.136860
104.730      -2.147451
104.745      -2.158008
104.760      -2.168529
104.775      -2.179012
104.790      -2.189457
104.805      -2.199860
104.820      -2.210221
104.835      -2.220538
104.850      -2.230809
104.865      -2.241034
104.880      -2.251209
104.895      -2.261335
104.910      -2.271409
104.925      -2.281429
104.940      -2.291395
104.955      -2.301304
104.970      -2.311156
104.985      -2.320949
105.000      -2.330681
105.015      -2.340350
105.030      -2.349956
105.045      -2.359498
105.060      -2.368972
105.075      -2.378379
105.090      -2.387717
105.105      -2.396984
105.120      -2.406179
105.135      -2.415300
105.150      -2.424348
105.165      -2.433319
105.180      -2.442212
105.195      -2.451027
105.210      -2.459763
105.225      -2.468417
105.240      -2.476988
105.255      -2.485476
105.270      -2.493879
105.285      -2.502197
105.300      -2.510426
105.315      -2.518568
105.330      -2.526620
105.345      -2.534581
105.360      -2.542450
105.375      -2.550226
105.390      -2.557909
105.405      -2.565496
105.420      -2.572987
105.435      -2.580381
105.450      -2.587677
105.465      -2.594874
105.480      -2.601970
105.495      -2.608966
105.510      -2.615859
105.525      -2.622649
105.540      -2.629336
105.555      -2.635918
105.570      -2.642394
105.585      -2.648764
105.600      -2.655026
105.615      -2.661181
105.630      -2.667226
105.645      -2.673163
105.660      -2.678988
105.675      -2.684703
105.690      -2.690306
105.705      -2.695797
105.720      -2.701174
105.735      -2.706438
105.750      -2.711588
105.765      -2.716623
105.780      -2.721542
105.795      -2.726345
105.810      -2.731032
105.825      -2.735602
105.840      -2.740054
105.855      -2.744389
105.870      -2.748605
105.885      -2.752702
105.900      -2.756680
105.915      -2.760538
105.930      -2.764277
105.945      -2.767895
105.960      -2.771393
105.975      -2.774770
105.990      -2.778025
106.005      -2.781160
106.020      -2.784173
106.035      -2.787064
106.050      -2.789833
106.065      -2.792481
106.080      -2.795006
106.095      -2.797409
106.110      -2.799689
106.125      -2.801847
106.140      -2.803883
106.155      -2.805796
106.170      -2.807587
106.185      -2.809255
106.200      -2.810801
106.215      -2.812225
106.230      -2.813526
106.245      -2.814705
106.260      -2.815763
106.275      -2.816698
106.290      -2.817512
106.305      -2.818204
106.320      -2.818776
106.335      -2.819226
106.350      -2.819555
106.365      -2.819764
106.380      -2.819853
106.395      -2.819822
106.410      -2.819672
106.425      -2.819403
106.440      -2.819014
106.455      -2.818508
106.470      -2.817883
106.485      -2.817142
106.500      -2.816283
106.515      -2.815307
106.530      -2.814216
106.545      -2.813009
106.560      -2.811687
106.575      -2.810251
106.590      -2.808701
106.605      -2.807038
106.620      -2.805262
106.635      -2.803374
106.650      -2.801374
106.665      -2.799264
106.680      -2.797044
106.695      -2.794715
106.710      -2.792277
106.725      -2.789731
106.740      -2.787078
106.755      -2.784319
106.770      -2.781454
106.785      -2.778484
106.800      -2.775410
106.815      -2.772233
106.830      -2.768954
106.845      -2.765573
106.860      -2.762092
106.875      -2.758511
106.890      -2.754831
106.905      -2.751053
106.920      -2.747178
106.935      -2.743207
106.950      -2.739141
106.965      -2.734981
106.980      -2.730728
106.995      -2.726382
107.010      -2.721946
107.025      -2.717419
107.040      -2.712803
107.055      -2.708099
107.070      -2.703308
107.085      -2.698431
107.100      -2.693469
107.115      -2.688424
107.130      -2.683295
107.145      -2.678085
107.160      -2.672794
107.175      -2.667424
107.190      -2.661976
107.205      -2.656451
107.220      -2.650849
107.235      -2.645173
107.250      -2.639424
107.265      -2.633601
107.280      -2.627708
107.295      -2.621744
107.310      -2.615711
107.325      -2.609611
107.340      -2.603444
107.355      -2.597212
107.370      -2.590916
107.385      -2.584558
107.400      -2.578137
107.415      -2.571656
107.430      -2.565117
107.445      -2.558519
107.460      -2.551865
107.475      -2.545155
107.490      -2.538392
107.505      -2.531576
107.520      -2.524708
107.535      -2.517790
107.550      -2.510823
107.565      -2.503809
107.580      -2.496748
107.595      -2.489642
107.610      -2.482493
107.625      -2.475301
107.640      -2.468068
107.655      -2.460795
107.670      -2.453484
107.685      -2.446135
107.700      -2.438751
107.715      -2.431332
107.730      -2.423879
107.745      -2.416395
107.760      -2.408880
107.775      -2.401336
107.790      -2.393764
107.805      -2.386165
107.820      -2.378540
107.835      -2.370892
107.850      -2.363221
107.865      -2.355528
107.880      -2.347815
107.895      -2.340084
107.910      -2.332335
107.925      -2.324570
107.940      -2.316789
107.955      -2.308996
107.970      -2.301190
107.985      -2.293373
108.000      -2.285546
108.015      -2.277711
108.030      -2.269869
108.045      -2.262021
108.060      -2.254168
108.075      -2.246313
108.090      -2.238455
108.105      -2.230597
108.120      -2.222739
108.135      -2.214883
108.150      -2.207030
108.165      -2.199182
108.180      -2.191340
108.195      -2.183504
108.210      -2.175676
108.225      -2.167858
108.240      -2.160051
108.255      -2.152255
108.270      -2.144473
108.285      -2.136705
108.300      -2.128952
108.315      -2.121216
108.330      -2.113499
108.345      -2.105800
108.360      -2.098122
108.375      -2.090465
108.390      -2.082832
108.405      -2.075222
108.420      -2.067637
108.435      -2.060079
108.450      -2.052548
108.465      -2.045046
108.480      -2.037573
108.495      -2.030132
108.510      -2.022722
108.525      -2.015346
108.540      -2.008004
108.555      -2.000697
108.570      -1.993427
108.585      -1.986195
108.600      -1.979001
108.615      -1.971847
108.630      -1.964734
108.645      -1.957663
108.660      -1.950635
108.675      -1.943650
108.690      -1.936711
108.705      -1.929819
108.720      -1.922973
108.735      -1.916175
108.750      -1.909427
108.765      -1.902729
108.780      -1.896082
108.795      -1.889487
108.810      -1.882946
108.825      -1.876458
108.840      -1.870026
108.855      -1.863649
108.870      -1.857330
108.885      -1.851068
108.900      -1.844865
108.915      -1.838722
108.930      -1.832640
108.945      -1.826618
108.960      -1.820660
108.975      -1.814764
108.990      -1.808933
109.005      -1.803166
109.020      -1.797465
109.035      -1.791831
109.050      -1.786264
109.065      -1.780766
109.080      -1.775336
109.095      -1.769976
109.110      -1.764686
109.125      -1.759468
109.140      -1.754322
109.155      -1.749249
109.170      -1.744249
109.185      -1.739323
109.200      -1.734472
109.215      -1.729696
109.230      -1.724997
109.245      -1.720375
109.260      -1.715830
109.275      -1.711363
109.290      -1.706975
109.305      -1.702666
109.320      -1.698437
109.335      -1.694289
109.350      -1.690222
109.365      -1.686237
109.380      -1.682334
109.395      -1.678513
109.410      -1.674776
109.425      -1.671122
109.440      -1.667553
109.455      -1.664068
109.470      -1.660668
109.485      -1.657354
109.500      -1.654126
109.515      -1.650985
109.530      -1.647930
109.545      -1.644962
109.560      -1.642082
109.575      -1.639290
109.590      -1.636587
109.605      -1.633971
109.620      -1.631445
109.635      -1.629008
109.650      -1.626661
109.665      -1.624403
109.680      -1.622235
109.695      -1.620157
109.710      -1.618170
109.725      -1.616274
109.740      -1.614468
109.755      -1.612754
109.770      -1.611131
109.785      -1.609599
109.800      -1.608158
109.815      -1.606810
109.830      -1.605553
109.845      -1.604387
109.860      -1.603314
109.875      -1.602333
109.890      -1.601443
109.905      -1.600646
109.920      -1.599940
109.935      -1.599327
109.950      -1.598805
109.965      -1.598376
109.980      -1.598038
109.995      -1.597792
110.010      -1.597638
110.025      -1.597575
110.040      -1.597604
110.055      -1.597724
110.070      -1.597936
110.085      -1.598238
110.100      -1.598632
110.115      -1.599116
110.130      -1.599691
110.145      -1.600355
110.160      -1.601110
110.175      -1.601955
110.190      -1.602889
110.205      -1.603912
110.220      -1.605024
110.235      -1.606225
110.250      -1.607513
110.265      -1.608890
110.280      -1.610354
110.295      -1.611905
110.310      -1.613543
110.325      -1.615267
110.340      -1.617077
110.355      -1.618973
110.370      -1.620953
110.385      -1.623017
110.400      -1.625166
110.415      -1.627398
110.430      -1.629713
110.445      -1.632111
110.460      -1.634590
110.475      -1.637150
110.490      -1.639791
110.505      -1.642512
110.520      -1.645313
110.535      -1.648192
110.550      -1.651149
110.565      -1.654184
110.580      -1.657296
110.595      -1.660484
110.610      -1.663747
110.625      -1.667084
110.640      -1.670496
110.655      -1.673981
110.670      -1.677538
110.685      -1.681167
110.700      -1.684867
110.715      -1.688636
110.730      -1.692475
110.745      -1.696383
110.760      -1.700357
110.775      -1.704399
110.790      -1.708506
110.805      -1.712678
110.820      -1.716913
110.835      -1.721212
110.850      -1.725573
110.865      -1.729995
110.880      -1.734478
110.895      -1.739019
110.910      -1.743619
110.925      -1.748276
110.940      -1.752989
110.955      -1.757758
110.970      -1.762580
110.985      -1.767456
111.000      -1.772384
111.015      -1.777363
111.030      -1.782392
111.045      -1.787469
111.060      -1.792595
111.075      -1.797767
111.090      -1.802985
111.105      -1.808247
111.120      -1.813552
111.135      -1.818900
111.150      -1.824288
111.165      -1.829717
111.180      -1.835184
111.195      -1.840689
111.210      -1.846229
111.225      -1.851805
111.240      -1.857415
111.255      -1.863058
111.270      -1.868732
111.285      -1.874436
111.300      -1.880170
111.315      -1.885931
111.330      -1.891719
111.345      -1.897532
111.360      -1.903369
111.375      -1.909229
111.390      -1.915111
111.405      -1.921013
111.420      -1.926934
111.435      -1.932872
111.450      -1.938828
111.465      -1.944798
111.480      -1.950783
111.495      -1.956780
111.510      -1.962789
111.525      -1.968808
111.540      -1.974835
111.555      -1.980871
111.570      -1.986912
111.585      -1.992959
111.600      -1.999009
111.615      -2.005062
111.630      -2.011116
111.645      -2.017170
111.660      -2.023223
111.675      -2.029273
111.690      -2.035320
111.705      -2.041361
111.720      -2.047396
111.735      -2.053423
111.750      -2.059441
111.765      -2.065449
111.780      -2.071446
111.795      -2.077431
111.810      -2.083401
111.825      -2.089357
111.840      -2.095296
111.855      -2.101218
111.870      -2.107121
111.885      -2.113004
111.900      -2.118866
111.915      -2.124707
111.930      -2.130524
111.945      -2.136316
111.960      -2.142083
111.975      -2.147823
111.990      -2.153535
112.005      -2.159218
112.020      -2.164871
112.035      -2.170493
112.050      -2.176082
112.065      -2.181639
112.080      -2.187161
112.095      -2.192647
112.110      -2.198097
112.125      -2.203510
112.140      -2.208884
112.155      -2.214218
112.170      -2.219512
112.185      -2.224765
112.200      -2.229976
112.215      -2.235143
112.230      -2.240266
112.245      -2.245344
112.260      -2.250376
112.275      -2.255361
112.290      -2.260299
112.305      -2.265188
112.320      -2.270027
112.335      -2.274817
112.350      -2.279556
112.365      -2.284242
112.380      -2.288877
112.395      -2.293458
112.410      -2.297985
112.425      -2.302458
112.440      -2.306876
112.455      -2.311237
112.470      -2.315542
112.485      -2.319790
112.500      -2.323980
112.515      -2.328111
112.530      -2.332184
112.545      -2.336196
112.560      -2.340149
112.575      -2.344041
112.590      -2.347872
112.605      -2.351642
112.620      -2.355349
112.635      -2.358994
112.650      -2.362576
112.665      -2.366095
112.680      -2.369550
112.695      -2.372941
112.710      -2.376268
112.725      -2.379530
112.740      -2.382727
112.755      -2.385858
112.770      -2.388924
112.785      -2.391925
112.800      -2.394859
112.815      -2.397727
112.830      -2.400528
112.845      -2.403263
112.860      -2.405931
112.875      -2.408532
112.890      -2.411066
112.905      -2.413533
112.920      -2.415933
112.935      -2.418265
112.950      -2.420531
112.965      -2.422729
112.980      -2.424859
112.995      -2.426923
113.010      -2.428919
113.025      -2.430848
113.040      -2.432709
113.055      -2.434504
113.070      -2.436231
113.085      -2.437892
113.100      -2.439486
113.115      -2.441014
113.130      -2.442475
113.145      -2.443870
113.160      -2.445199
113.175      -2.446461
113.190      -2.447659
113.205      -2.448791
113.220      -2.449858
113.235      -2.450860
113.250      -2.451797
113.265      -2.452670
113.280      -2.453480
113.295      -2.454225
113.310      -2.454908
113.325      -2.455527
113.340      -2.456083
113.355      -2.456578
113.370      -2.457010
113.385      -2.457381
113.400      -2.457691
113.415      -2.457940
113.430      -2.458128
113.445      -2.458257
113.460      -2.458326
113.475      -2.458336
113.490      -2.458287
113.505      -2.458180
113.520      -2.458016
113.535      -2.457794
113.550      -2.457515
113.565      -2.457179
113.580      -2.456788
113.595      -2.456341
113.610      -2.455839
113.625      -2.455283
113.640      -2.454672
113.655      -2.454007
113.670      -2.453290
113.685      -2.452519
113.700      -2.451697
113.715      -2.450822
113.730      -2.449896
113.745      -2.448919
113.760      -2.447892
113.775      -2.446814
113.790      -2.445687
113.805      -2.444511
113.820      -2.443286
113.835      -2.442013
113.850      -2.440692
113.865      -2.439323
113.880      -2.437908
113.895      -2.436446
113.910      -2.434937
113.925      -2.433382
113.940      -2.431782
113.955      -2.430137
113.970      -2.428447
113.985      -2.426713
114.000      -2.424934
114.015      -2.423112
114.030      -2.421246
114.045      -2.419337
114.060      -2.417385
114.075      -2.415391
114.090      -2.413354
114.105      -2.411275
114.120      -2.409154
114.135      -2.406991
114.150      -2.404787
114.165      -2.402542
114.180      -2.400256
114.195      -2.397929
114.210      -2.395561
114.225      -2.393152
114.240      -2.390704
114.255      -2.388214
114.270      -2.385685
114.285      -2.383115
114.300      -2.380505
114.315      -2.377855
114.330      -2.375165
114.345      -2.372435
114.360      -2.369665
114.375      -2.366855
114.390      -2.364005
114.405      -2.361115
114.420      -2.358185
114.435      -2.355215
114.450      -2.352204
114.465      -2.349153
114.480      -2.346062
114.495      -2.342930
114.510      -2.339757
114.525      -2.336543
114.540      -2.333288
114.555      -2.329992
114.570      -2.326655
114.585      -2.323275
114.600      -2.319854
114.615      -2.316391
114.630      -2.312886
114.645      -2.309338
114.660      -2.305747
114.675      -2.302112
114.690      -2.298435
114.705      -2.294713
114.720      -2.290948
114.735      -2.287138
114.750      -2.283284
114.765      -2.279384
114.780      -2.275440
114.795      -2.271449
114.810      -2.267412
114.825      -2.263329
114.840      -2.259200
114.855      -2.255023
114.870      -2.250798
114.885      -2.246526
114.900      -2.242205
114.915      -2.237835
114.930      -2.233417
114.945      -2.228949
114.960      -2.224431
114.975      -2.219863
114.990      -2.215244
115.005      -2.210575
115.020      -2.205853
115.035      -2.201081
115.050      -2.196255
115.065      -2.191378
115.080      -2.186447
115.095      -2.181463
115.110      -2.176426
115.125      -2.171335
115.140      -2.166189
115.155      -2.160988
115.170      -2.155733
115.185      -2.150422
115.200      -2.145055
115.215      -2.139633
115.230      -2.134154
115.245      -2.128618
115.260      -2.123026
115.275      -2.117377
115.290      -2.111670
115.305      -2.105906
115.320      -2.100084
115.335      -2.094205
115.350      -2.088267
115.365      -2.082271
115.380      -2.076216
115.395      -2.070103
115.410      -2.063931
115.425      -2.057700
115.440      -2.051410
115.455      -2.045062
115.470      -2.038654
115.485      -2.032188
115.500      -2.025663
115.515      -2.019078
115.530      -2.012435
115.545      -2.005733
115.560      -1.998973
115.575      -1.992153
115.590      -1.985276
115.605      -1.978340
115.620      -1.971346
115.635      -1.964294
115.650      -1.957185
115.665      -1.950018
115.680      -1.942794
115.695      -1.935514
115.710      -1.928177
115.725      -1.920784
115.740      -1.913336
115.755      -1.905832
115.770      -1.898274
115.785      -1.890662
115.800      -1.882995
115.815      -1.875276
115.830      -1.867505
115.845      -1.859681
115.860      -1.851806
115.875      -1.843881
115.890      -1.835905
115.905      -1.827880
115.920      -1.819807
115.935      -1.811686
115.950      -1.803518
115.965      -1.795304
115.980      -1.787045
115.995      -1.778742
116.010      -1.770395
116.025      -1.762006
116.040      -1.753576
116.055      -1.745105
116.070      -1.736595
116.085      -1.728046
116.100      -1.719460
116.115      -1.710839
116.130      -1.702182
116.145      -1.693492
116.160      -1.684769
116.175      -1.676015
116.190      -1.667231
116.205      -1.658419
116.220      -1.649579
116.235      -1.640713
116.250      -1.631823
116.265      -1.622910
116.280      -1.613975
116.295      -1.605019
116.310      -1.596046
116.325      -1.587054
116.340      -1.578048
116.355      -1.569027
116.370      -1.559994
116.385      -1.550950
116.400      -1.541897
116.415      -1.532836
116.430      -1.523770
116.445      -1.514699
116.460      -1.505626
116.475      -1.496553
116.490      -1.487481
116.505      -1.478412
116.520      -1.469347
116.535      -1.460290
116.550      -1.451241
116.565      -1.442203
116.580      -1.433177
116.595      -1.424166
116.610      -1.415170
116.625      -1.406194
116.640      -1.397237
116.655      -1.388303
116.670      -1.379393
116.685      -1.370509
116.700      -1.361654
116.715      -1.352829
116.730      -1.344037
116.745      -1.335279
116.760      -1.326558
116.775      -1.317876
116.790      -1.309235
116.805      -1.300637
116.820      -1.292084
116.835      -1.283579
116.850      -1.275123
116.865      -1.266719
116.880      -1.258369
116.895      -1.250075
116.910      -1.241840
116.925      -1.233664
116.940      -1.225552
116.955      -1.217505
116.970      -1.209524
116.985      -1.201613
117.000      -1.193774
117.015      -1.186008
117.030      -1.178318
117.045      -1.170706
117.060      -1.163175
117.075      -1.155726
117.090      -1.148362
117.105      -1.141085
117.120      -1.133897
117.135      -1.126801
117.150      -1.119798
117.165      -1.112890
117.180      -1.106081
117.195      -1.099371
117.210      -1.092764
117.225      -1.086260
117.240      -1.079863
117.255      -1.073575
117.270      -1.067397
117.285      -1.061332
117.300      -1.055381
117.315      -1.049547
117.330      -1.043832
117.345      -1.038238
117.360      -1.032766
117.375      -1.027420
117.390      -1.022199
117.405      -1.017108
117.420      -1.012147
117.435      -1.007318
117.450      -1.002623
117.465      -0.998065
117.480      -0.993644
117.495      -0.989363
117.510      -0.985224
117.525      -0.981227
117.540      -0.977376
117.555      -0.973670
117.570      -0.970113
117.585      -0.966706
117.600      -0.963450
117.615      -0.960347
117.630      -0.957398
117.645      -0.954605
117.660      -0.951969
117.675      -0.949491
117.690      -0.947174
117.705      -0.945018
117.720      -0.943024
117.735      -0.941195
117.750      -0.939530
117.765      -0.938032
117.780      -0.936700
117.795      -0.935538
117.810      -0.934544
117.825      -0.933721
117.840      -0.933070
117.855      -0.932590
117.870      -0.932284
117.885      -0.932152
117.900      -0.932194
117.915      -0.932412
117.930      -0.932806
117.945      -0.933376
117.960      -0.934124
117.975      -0.935050
117.990      -0.936154
118.005      -0.937437
118.020      -0.938898
118.035      -0.940540
118.050      -0.942360
118.065      -0.944361
118.080      -0.946542
118.095      -0.948903
118.110      -0.951444
118.125      -0.954166
118.140      -0.957068
118.155      -0.960150
118.170      -0.963412
118.185      -0.966854
118.200      -0.970475
118.215      -0.974275
118.230      -0.978255
118.245      -0.982413
118.260      -0.986748
118.275      -0.991262
118.290      -0.995952
118.305      -1.000818
118.320      -1.005860
118.335      -1.011077
118.350      -1.016467
118.365      -1.022031
118.380      -1.027767
118.395      -1.033674
118.410      -1.039752
118.425      -1.045999
118.440      -1.052413
118.455      -1.058995
118.470      -1.065742
118.485      -1.072654
118.500      -1.079729
118.515      -1.086965
118.530      -1.094362
118.545      -1.101917
118.560      -1.109629
118.575      -1.117497
118.590      -1.125519
118.605      -1.133694
118.620      -1.142018
118.635      -1.150492
118.650      -1.159112
118.665      -1.167877
118.680      -1.176785
118.695      -1.185834
118.710      -1.195023
118.725      -1.204348
118.740      -1.213808
118.755      -1.223401
118.770      -1.233124
118.785      -1.242975
118.800      -1.252952
118.815      -1.263053
118.830      -1.273275
118.845      -1.283616
118.860      -1.294073
118.875      -1.304644
118.890      -1.315327
118.905      -1.326118
118.920      -1.337015
118.935      -1.348016
118.950      -1.359117
118.965      -1.370317
118.980      -1.381613
118.995      -1.393000
119.010      -1.404478
119.025      -1.416043
119.040      -1.427692
119.055      -1.439423
119.070      -1.451232
119.085      -1.463116
119.100      -1.475073
119.115      -1.487100
119.130      -1.499193
119.145      -1.511350
119.160      -1.523568
119.175      -1.535843
119.190      -1.548172
119.205      -1.560553
119.220      -1.572982
119.235      -1.585457
119.250      -1.597973
119.265      -1.610529
119.280      -1.623120
119.295      -1.635744
119.310      -1.648398
119.325      -1.661078
119.340      -1.673781
119.355      -1.686505
119.370      -1.699245
119.385      -1.711999
119.400      -1.724764
119.415      -1.737536
119.430      -1.750312
119.445      -1.763090
119.460      -1.775865
119.475      -1.788635
119.490      -1.801397
119.505      -1.814147
119.520      -1.826883
119.535      -1.839601
119.550      -1.852299
119.565      -1.864973
119.580      -1.877619
119.595      -1.890236
119.610      -1.902820
119.625      -1.915368
119.640      -1.927877
119.655      -1.940344
119.670      -1.952766
119.685      -1.965141
119.700      -1.977465
119.715      -1.989735
119.730      -2.001949
119.745      -2.014104
119.760      -2.026197
119.775      -2.038225
119.790      -2.050185
119.805      -2.062076
119.820      -2.073894
119.835      -2.085636
119.850      -2.097300
119.865      -2.108884
119.880      -2.120385
119.895      -2.131800
119.910      -2.143127
119.925      -2.154364
119.940      -2.165508
119.955      -2.176557
119.970      -2.187508
119.985      -2.198360
120.000      -2.209111
120.015      -2.219757
120.030      -2.230298
120.045      -2.240730
120.060      -2.251052
120.075      -2.261263
120.090      -2.271359
120.105      -2.281340
120.120      -2.291203
120.135      -2.300947
120.150      -2.310569
120.165      -2.320069
120.180      -2.329445
120.195      -2.338695
120.210      -2.347817
120.225      -2.356810
120.240      -2.365673
120.255      -2.374405
120.270      -2.383004
120.285      -2.391468
120.300      -2.399797
120.315      -2.407990
120.330      -2.416045
120.345      -2.423962
120.360      -2.431739
120.375      -2.439376
120.390      -2.446871
120.405      -2.454225
120.420      -2.461435
120.435      -2.468502
120.450      -2.475425
120.465      -2.482203
120.480      -2.488836
120.495      -2.495323
120.510      -2.501664
120.525      -2.507859
120.540      -2.513907
120.555      -2.519807
120.570      -2.525561
120.585      -2.531167
120.600      -2.536626
120.615      -2.541938
120.630      -2.547102
120.645      -2.552119
120.660      -2.556989
120.675      -2.561711
120.690      -2.566288
120.705      -2.570717
120.720      -2.575001
120.735      -2.579139
120.750      -2.583132
120.765      -2.586981
120.780      -2.590685
120.795      -2.594246
120.810      -2.597664
120.825      -2.600940
120.840      -2.604075
120.855      -2.607070
120.870      -2.609925
120.885      -2.612641
120.900      -2.615219
120.915      -2.617661
120.930      -2.619967
120.945      -2.622139
120.960      -2.624177
120.975      -2.626083
120.990      -2.627858
121.005      -2.629503
121.020      -2.631020
121.035      -2.632410
121.050      -2.633674
121.065      -2.634814
121.080      -2.635832
121.095      -2.636728
121.110      -2.637504
121.125      -2.638162
121.140      -2.638704
121.155      -2.639131
121.170      -2.639445
121.185      -2.639647
121.200      -2.639740
121.215      -2.639724
121.230      -2.639603
121.245      -2.639377
121.260      -2.639049
121.275      -2.638621
121.290      -2.638094
121.305      -2.637470
121.320      -2.636751
121.335      -2.635940
121.350      -2.635038
121.365      -2.634048
121.380      -2.632971
121.395      -2.631809
121.410      -2.630565
121.425      -2.629240
121.440      -2.627837
121.455      -2.626358
121.470      -2.624805
121.485      -2.623180
121.500      -2.621486
121.515      -2.619723
121.530      -2.617896
121.545      -2.616005
121.560      -2.614054
121.575      -2.612043
121.590      -2.609976
121.605      -2.607855
121.620      -2.605681
121.635      -2.603458
121.650      -2.601187
121.665      -2.598870
121.680      -2.596510
121.695      -2.594109
121.710      -2.591668
121.725      -2.589192
121.740      -2.586680
121.755      -2.584136
121.770      -2.581562
121.785      -2.578960
121.800      -2.576332
121.815      -2.573681
121.830      -2.571007
121.845      -2.568314
121.860      -2.565604
121.875      -2.562879
121.890      -2.560140
121.905      -2.557390
121.920      -2.554630
121.935      -2.551864
121.950      -2.549092
121.965      -2.546317
121.980      -2.543541
121.995      -2.540766
122.010      -2.537993
122.025      -2.535224
122.040      -2.532462
122.055      -2.529708
122.070      -2.526964
122.085      -2.524232
122.100      -2.521513
122.115      -2.518809
122.130      -2.516122
122.145      -2.513454
122.160      -2.510806
122.175      -2.508179
122.190      -2.505576
122.205      -2.502998
122.220      -2.500446
122.235      -2.497922
122.250      -2.495427
122.265      -2.492963
122.280      -2.490531
122.295      -2.488132
122.310      -2.485767
122.325      -2.483439
122.340      -2.481147
122.355      -2.478894
122.370      -2.476680
122.385      -2.474507
122.400      -2.472375
122.415      -2.470286
122.430      -2.468240
122.445      -2.466239
122.460      -2.464283
122.475      -2.462373
122.490      -2.460511
122.505      -2.458696
122.520      -2.456929
122.535      -2.455212
122.550      -2.453545
122.565      -2.451928
122.580      -2.450362
122.595      -2.448848
122.610      -2.447386
122.625      -2.445976
122.640      -2.444619
122.655      -2.443315
122.670      -2.442065
122.685      -2.440869
122.700      -2.439726
122.715      -2.438638
122.730      -2.437604
122.745      -2.436624
122.760      -2.435699
122.775      -2.434829
122.790      -2.434012
122.805      -2.433250
122.820      -2.432543
122.835      -2.431889
122.850      -2.431289
122.865      -2.430743
122.880      -2.430250
122.895      -2.429810
122.910      -2.429423
122.925      -2.429087
122.940      -2.428804
122.955      -2.428572
122.970      -2.428390
122.985      -2.428258
123.000      -2.428176
123.015      -2.428143
123.030      -2.428158
123.045      -2.428221
123.060      -2.428330
123.075      -2.428485
123.090      -2.428685
123.105      -2.428929
123.120      -2.429216
123.135      -2.429546
123.150      -2.429916
123.165      -2.430327
123.180      -2.430778
123.195      -2.431266
123.210      -2.431791
123.225      -2.432352
123.240      -2.432948
123.255      -2.433577
123.270      -2.434238
123.285      -2.434930
123.300      -2.435651
123.315      -2.436401
123.330      -2.437178
123.345      -2.437980
123.360      -2.438806
123.375      -2.439654
123.390      -2.440524
123.405      -2.441413
123.420      -2.442321
123.435      -2.443244
123.450      -2.444183
123.465      -2.445135
123.480      -2.446099
123.495      -2.447073
123.510      -2.448056
123.525      -2.449045
123.540      -2.450039
123.555      -2.451037
123.570      -2.452036
123.585      -2.453036
123.600      -2.454033
123.615      -2.455027
123.630      -2.456016
123.645      -2.456998
123.660      -2.457970
123.675      -2.458933
123.690      -2.459882
123.705      -2.460817
123.720      -2.461736
123.735      -2.462638
123.750      -2.463519
123.765      -2.464379
123.780      -2.465215
123.795      -2.466026
123.810      -2.466810
123.825      -2.467565
123.840      -2.468289
123.855      -2.468981
123.870      -2.469638
123.885      -2.470259
123.900      -2.470841
123.915      -2.471384
123.930      -2.471885
123.945      -2.472343
123.960      -2.472756
123.975      -2.473121
123.990      -2.473438
124.005      -2.473705
124.020      -2.473919
124.035      -2.474079
124.050      -2.474184
124.065      -2.474231
124.080      -2.474220
124.095      -2.474148
124.110      -2.474014
124.125      -2.473816
124.140      -2.473553
124.155      -2.473223
124.170      -2.472824
124.185      -2.472356
124.200      -2.471817
124.215      -2.471205
124.230      -2.470518
124.245      -2.469756
124.260      -2.468918
124.275      -2.468001
124.290      -2.467005
124.305      -2.465928
124.320      -2.464769
124.335      -2.463527
124.350      -2.462202
124.365      -2.460790
124.380      -2.459293
124.395      -2.457708
124.410      -2.456034
124.425      -2.454272
124.440      -2.452419
124.455      -2.450475
124.470      -2.448439
124.485      -2.446311
124.500      -2.444089
124.515      -2.441773
124.530      -2.439363
124.545      -2.436857
124.560      -2.434255
124.575      -2.431557
124.590      -2.428762
124.605      -2.425870
124.620      -2.422880
124.635      -2.419792
124.650      -2.416606
124.665      -2.413321
124.680      -2.409938
124.695      -2.406457
124.710      -2.402876
124.725      -2.399197
124.740      -2.395419
124.755      -2.391542
124.770      -2.387566
124.785      -2.383492
124.800      -2.379320
124.815      -2.375051
124.830      -2.370683
124.845      -2.366219
124.860      -2.361657
124.875      -2.357000
124.890      -2.352247
124.905      -2.347398
124.920      -2.342455
124.935      -2.337419
124.950      -2.332289
124.965      -2.327067
124.980      -2.321754
124.995      -2.316350
125.010      -2.310856
125.025      -2.305274
125.040      -2.299604
125.055      -2.293848
125.070      -2.288007
125.085      -2.282081
125.100      -2.276072
125.115      -2.269982
125.130      -2.263811
125.145      -2.257562
125.160      -2.251234
125.175      -2.244831
125.190      -2.238353
125.205      -2.231802
125.220      -2.225179
125.235      -2.218487
125.250      -2.211726
125.265      -2.204899
125.280      -2.198007
125.295      -2.191052
125.310      -2.184036
125.325      -2.176960
125.340      -2.169827
125.355      -2.162639
125.370      -2.155397
125.385      -2.148104
125.400      -2.140761
125.415      -2.133371
125.430      -2.125936
125.445      -2.118457
125.460      -2.110937
125.475      -2.103379
125.490      -2.095783
125.505      -2.088154
125.520      -2.080492
125.535      -2.072800
125.550      -2.065081
125.565      -2.057336
125.580      -2.049569
125.595      -2.041781
125.610      -2.033974
125.625      -2.026152
125.640      -2.018317
125.655      -2.010471
125.670      -2.002616
125.685      -1.994755
125.700      -1.986891
125.715      -1.979025
125.730      -1.971161
125.745      -1.963300
125.760      -1.955446
125.775      -1.947601
125.790      -1.939767
125.805      -1.931947
125.820      -1.924143
125.835      -1.916358
125.850      -1.908595
125.865      -1.900855
125.880      -1.893141
125.895      -1.885457
125.910      -1.877804
125.925      -1.870184
125.940      -1.862601
125.955      -1.855056
125.970      -1.847552
125.985      -1.840092
126.000      -1.832678
126.015      -1.825313
126.030      -1.817998
126.045      -1.810736
126.060      -1.803530
126.075      -1.796381
126.090      -1.789293
126.105      -1.782266
126.120      -1.775305
126.135      -1.768411
126.150      -1.761585
126.165      -1.754831
126.180      -1.748150
126.195      -1.741545
126.210      -1.735017
126.225      -1.728570
126.240      -1.722204
126.255      -1.715921
126.270      -1.709725
126.285      -1.703616
126.300      -1.697597
126.315      -1.691669
126.330      -1.685834
126.345      -1.680095
126.360      -1.674452
126.375      -1.668908
126.390      -1.663464
126.405      -1.658121
126.420      -1.652882
126.435      -1.647748
126.450      -1.642721
126.465      -1.637801
126.480      -1.632990
126.495      -1.628290
126.510      -1.623702
126.525      -1.619227
126.540      -1.614867
126.555      -1.610622
126.570      -1.606493
126.585      -1.602483
126.600      -1.598591
126.615      -1.594819
126.630      -1.591167
126.645      -1.587637
126.660      -1.584229
126.675      -1.580945
126.690      -1.577784
126.705      -1.574747
126.720      -1.571836
126.735      -1.569050
126.750      -1.566390
126.765      -1.563857
126.780      -1.561450
126.795      -1.559171
126.810      -1.557019
126.825      -1.554995
126.840      -1.553099
126.855      -1.551330
126.870      -1.549690
126.885      -1.548178
126.900      -1.546794
126.915      -1.545537
126.930      -1.544409
126.945      -1.543407
126.960      -1.542534
126.975      -1.541787
126.990      -1.541166
127.005      -1.540672
127.020      -1.540303
127.035      -1.540060
127.050      -1.539941
127.065      -1.539946
127.080      -1.540074
127.095      -1.540325
127.110      -1.540697
127.125      -1.541191
127.140      -1.541804
127.155      -1.542536
127.170      -1.543386
127.185      -1.544354
127.200      -1.545437
127.215      -1.546635
127.230      -1.547947
127.245      -1.549372
127.260      -1.550907
127.275      -1.552553
127.290      -1.554307
127.305      -1.556168
127.320      -1.558135
127.335      -1.560206
127.350      -1.562380
127.365      -1.564655
127.380      -1.567030
127.395      -1.569503
127.410      -1.572073
127.425      -1.574737
127.440      -1.577494
127.455      -1.580342
127.470      -1.583279
127.485      -1.586305
127.500      -1.589416
127.515      -1.592611
127.530      -1.595888
127.545      -1.599244
127.560      -1.602679
127.575      -1.606191
127.590      -1.609776
127.605      -1.613433
127.620      -1.617160
127.635      -1.620955
127.650      -1.624816
127.665      -1.628741
127.680      -1.632727
127.695      -1.636773
127.710      -1.640876
127.725      -1.645034
127.740      -1.649246
127.755      -1.653507
127.770      -1.657818
127.785      -1.662174
127.800      -1.666575
127.815      -1.671018
127.830      -1.675500
127.845      -1.680020
127.860      -1.684574
127.875      -1.689162
127.890      -1.693780
127.905      -1.698427
127.920      -1.703100
127.935      -1.707796
127.950      -1.712515
127.965      -1.717252
127.980      -1.722007
127.995      -1.726777
128.010      -1.731559
128.025      -1.736352
128.040      -1.741154
128.055      -1.745961
128.070      -1.750772
128.085      -1.755586
128.100      -1.760398
128.115      -1.765209
128.130      -1.770015
128.145      -1.774813
128.160      -1.779604
128.175      -1.784383
128.190      -1.789149
128.205      -1.793901
128.220      -1.798635
128.235      -1.803351
128.250      -1.808046
128.265      -1.812718
128.280      -1.817365
128.295      -1.821986
128.310      -1.826579
128.325      -1.831141
128.340      -1.835671
128.355      -1.840167
128.370      -1.844628
128.385      -1.849052
128.400      -1.853437
128.415      -1.857781
128.430      -1.862084
128.445      -1.866342
128.460      -1.870556
128.475      -1.874723
128.490      -1.878841
128.505      -1.882911
128.520      -1.886929
128.535      -1.890895
128.550      -1.894807
128.565      -1.898665
128.580      -1.902466
128.595      -1.906210
128.610      -1.909896
128.625      -1.913522
128.640      -1.917088
128.655      -1.920592
128.670      -1.924033
128.685      -1.927411
128.700      -1.930725
128.715      -1.933973
128.730      -1.937155
128.745      -1.940270
128.760      -1.943318
128.775      -1.946298
128.790      -1.949208
128.805      -1.952049
128.820      -1.954820
128.835      -1.957520
128.850      -1.960150
128.865      -1.962708
128.880      -1.965194
128.895      -1.967608
128.910      -1.969949
128.925      -1.972218
128.940      -1.974414
128.955      -1.976537
128.970      -1.978587
128.985      -1.980563
129.000      -1.982467
129.015      -1.984297
129.030      -1.986054
129.045      -1.987738
129.060      -1.989348
129.075      -1.990887
129.090      -1.992352
129.105      -1.993746
129.120      -1.995067
129.135      -1.996317
129.150      -1.997496
129.165      -1.998603
129.180      -1.999641
129.195      -2.000609
129.210      -2.001507
129.225      -2.002337
129.240      -2.003098
129.255      -2.003792
129.270      -2.004420
129.285      -2.004981
129.300      -2.005477
129.315      -2.005908
129.330      -2.006276
129.345      -2.006581
129.360      -2.006824
129.375      -2.007006
129.390      -2.007128
129.405      -2.007191
129.420      -2.007195
129.435      -2.007143
129.450      -2.007034
129.465      -2.006871
129.480      -2.006653
129.495      -2.006383
129.510      -2.006062
129.525      -2.005689
129.540      -2.005268
129.555      -2.004799
129.570      -2.004283
129.585      -2.003721
129.600      -2.003115
129.615      -2.002467
129.630      -2.001776
129.645      -2.001046
129.660      -2.000276
129.675      -1.999469
129.690      -1.998625
129.705      -1.997747
129.720      -1.996835
129.735      -1.995891
129.750      -1.994916
129.765      -1.993912
129.780      -1.992881
129.795      -1.991822
129.810      -1.990739
129.825      -1.989632
129.840      -1.988503
129.855      -1.987353
129.870      -1.986184
129.885      -1.984997
129.900      -1.983793
129.915      -1.982575
129.930      -1.981342
129.945      -1.980098
129.960      -1.978843
129.975      -1.977579
129.990      -1.976306
130.005      -1.975028
130.020      -1.973744
130.035      -1.972456
130.050      -1.971165
130.065      -1.969874
130.080      -1.968583
130.095      -1.967294
130.110      -1.966007
130.125      -1.964725
130.140      -1.963448
130.155      -1.962178
130.170      -1.960916
130.185      -1.959663
130.200      -1.958421
130.215      -1.957190
130.230      -1.955973
130.245      -1.954769
130.260      -1.953580
130.275      -1.952407
130.290      -1.951252
130.305      -1.950115
130.320      -1.948997
130.335      -1.947900
130.350      -1.946824
130.365      -1.945770
130.380      -1.944740
130.395      -1.943734
130.410      -1.942753
130.425      -1.941797
130.440      -1.940868
130.455      -1.939967
130.470      -1.939094
130.485      -1.938250
130.500      -1.937435
130.515      -1.936651
130.530      -1.935898
130.545      -1.935176
130.560      -1.934487
130.575      -1.933830
130.590      -1.933206
130.605      -1.932616
130.620      -1.932060
130.635      -1.931538
130.650      -1.931052
130.665      -1.930600
130.680      -1.930184
130.695      -1.929804
130.710      -1.929461
130.725      -1.929153
130.740      -1.928882
130.755      -1.928648
130.770      -1.928450
130.785      -1.928290
130.800      -1.928166
130.815      -1.928079
130.830      -1.928029
130.845      -1.928017
130.860      -1.928041
130.875      -1.928102
130.890      -1.928199
130.905      -1.928334
130.920      -1.928504
130.935      -1.928711
130.950      -1.928954
130.965      -1.929232
130.980      -1.929546
130.995      -1.929894
131.010      -1.930278
131.025      -1.930695
131.040      -1.931147
131.055      -1.931632
131.070      -1.932151
131.085      -1.932702
131.100      -1.933285
131.115      -1.933899
131.130      -1.934545
131.145      -1.935221
131.160      -1.935927
131.175      -1.936663
131.190      -1.937427
131.205      -1.938220
131.220      -1.939039
131.235      -1.939886
131.250      -1.940759
131.265      -1.941657
131.280      -1.942580
131.295      -1.943527
131.310      -1.944497
131.325      -1.945489
131.340      -1.946503
131.355      -1.947539
131.370      -1.948594
131.385      -1.949669
131.400      -1.950762
131.415      -1.951873
131.430      -1.953001
131.445      -1.954145
131.460      -1.955305
131.475      -1.956479
131.490      -1.957666
131.505      -1.958867
131.520      -1.960079
131.535      -1.961303
131.550      -1.962536
131.565      -1.963780
131.580      -1.965031
131.595      -1.966291
131.610      -1.967558
131.625      -1.968830
131.640      -1.970108
131.655      -1.971391
131.670      -1.972677
131.685      -1.973966
131.700      -1.975257
131.715      -1.976549
131.730      -1.977841
131.745      -1.979134
131.760      -1.980425
131.775      -1.981714
131.790      -1.983001
131.805      -1.984284
131.820      -1.985563
131.835      -1.986838
131.850      -1.988107
131.865      -1.989370
131.880      -1.990626
131.895      -1.991874
131.910      -1.993114
131.925      -1.994346
131.940      -1.995568
131.955      -1.996780
131.970      -1.997981
131.985      -1.999171
132.000      -2.000350
132.015      -2.001516
132.030      -2.002670
132.045      -2.003810
132.060      -2.004937
132.075      -2.006049
132.090      -2.007147
132.105      -2.008230
132.120      -2.009297
132.135      -2.010349
132.150      -2.011384
132.165      -2.012402
132.180      -2.013404
132.195      -2.014389
132.210      -2.015356
132.225      -2.016305
132.240      -2.017237
132.255      -2.018150
132.270      -2.019045
132.285      -2.019921
132.300      -2.020778
132.315      -2.021617
132.330      -2.022436
132.345      -2.023236
132.360      -2.024017
132.375      -2.024779
132.390      -2.025521
132.405      -2.026243
132.420      -2.026947
132.435      -2.027630
132.450      -2.028295
132.465      -2.028940
132.480      -2.029565
132.495      -2.030171
132.510      -2.030758
132.525      -2.031326
132.540      -2.031875
132.555      -2.032405
132.570      -2.032917
132.585      -2.033409
132.600      -2.033884
132.615      -2.034340
132.630      -2.034778
132.645      -2.035198
132.660      -2.035601
132.675      -2.035987
132.690      -2.036355
132.705      -2.036707
132.720      -2.037042
132.735      -2.037361
132.750      -2.037664
132.765      -2.037952
132.780      -2.038224
132.795      -2.038481
132.810      -2.038724
132.825      -2.038952
132.840      -2.039166
132.855      -2.039367
132.870      -2.039554
132.885      -2.039728
132.900      -2.039890
132.915      -2.040040
132.930      -2.040178
132.945      -2.040305
132.960      -2.040420
132.975      -2.040525
132.990      -2.040620
133.005      -2.040705
133.020      -2.040781
133.035      -2.040847
133.050      -2.040905
133.065      -2.040954
133.080      -2.040996
133.095      -2.041030
133.110      -2.041057
133.125      -2.041078
133.140      -2.041092
133.155      -2.041100
133.170      -2.041102
133.185      -2.041099
133.200      -2.041092
133.215      -2.041080
133.230      -2.041064
133.245      -2.041044
133.260      -2.041020
133.275      -2.040994
133.290      -2.040965
133.305      -2.040933
133.320      -2.040899
133.335      -2.040864
133.350      -2.040827
133.365      -2.040789
133.380      -2.040750
133.395      -2.040710
133.410      -2.040670
133.425      -2.040630
133.440      -2.040590
133.455      -2.040550
133.470      -2.040511
133.485      -2.040473
133.500      -2.040435
133.515      -2.040399
133.530      -2.040365
133.545      -2.040331
133.560      -2.040300
133.575      -2.040271
133.590      -2.040243
133.605      -2.040218
133.620      -2.040195
133.635      -2.040174
133.650      -2.040156
133.665      -2.040140
133.680      -2.040127
133.695      -2.040117
133.710      -2.040109
133.725      -2.040104
133.740      -2.040101
133.755      -2.040102
133.770      -2.040105
133.785      -2.040111
133.800      -2.040119
133.815      -2.040130
133.830      -2.040144
133.845      -2.040160
133.860      -2.040178
133.875      -2.040199
133.890      -2.040222
133.905      -2.040248
133.920      -2.040275
133.935      -2.040304
133.950      -2.040334
133.965      -2.040366
133.980      -2.040400
133.995      -2.040434
134.010      -2.040470
134.025      -2.040506
134.040      -2.040543
134.055      -2.040580
134.070      -2.040617
134.085      -2.040654
134.100      -2.040690
134.115      -2.040726
134.130      -2.040761
134.145      -2.040794
134.160      -2.040826
134.175      -2.040856
134.190      -2.040884
134.205      -2.040909
134.220      -2.040932
134.235      -2.040951
134.250      -2.040967
134.265      -2.040979
134.280      -2.040987
134.295      -2.040990
134.310      -2.040988
134.325      -2.040981
134.340      -2.040969
134.355      -2.040950
134.370      -2.040925
134.385      -2.040893
134.400      -2.040854
134.415      -2.040808
134.430      -2.040753
134.445      -2.040690
134.460      -2.040618
134.475      -2.040537
134.490      -2.040446
134.505      -2.040346
134.520      -2.040235
134.535      -2.040113
134.550      -2.039980
134.565      -2.039835
134.580      -2.039678
134.595      -2.039509
134.610      -2.039327
134.625      -2.039131
134.640      -2.038922
134.655      -2.038699
134.670      -2.038461
134.685      -2.038208
134.700      -2.037940
134.715      -2.037656
134.730      -2.037357
134.745      -2.037041
134.760      -2.036708
134.775      -2.036357
134.790      -2.035989
134.805      -2.035604
134.820      -2.035200
134.835      -2.034777
134.850      -2.034335
134.865      -2.033874
134.880      -2.033394
134.895      -2.032893
134.910      -2.032372
134.925      -2.031830
134.940      -2.031268
134.955      -2.030684
134.970      -2.030079
134.985      -2.029452
135.000      -2.028803
135.015      -2.028131
135.030      -2.027437
135.045      -2.026721
135.060      -2.025981
135.075      -2.025218
135.090      -2.024432
135.105      -2.023622
135.120      -2.022788
135.135      -2.021931
135.150      -2.021049
135.165      -2.020143
135.180      -2.019212
135.195      -2.018257
135.210      -2.017277
135.225      -2.016273
135.240      -2.015244
135.255      -2.014189
135.270      -2.013110
135.285      -2.012006
135.300      -2.010877
135.315      -2.009722
135.330      -2.008543
135.345      -2.007338
135.360      -2.006108
135.375      -2.004853
135.390      -2.003574
135.405      -2.002269
135.420      -2.000939
135.435      -1.999584
135.450      -1.998205
135.465      -1.996801
135.480      -1.995372
135.495      -1.993919
135.510      -1.992441
135.525      -1.990940
135.540      -1.989414
135.555      -1.987865
135.570      -1.986292
135.585      -1.984695
135.600      -1.983075
135.615      -1.981433
135.630      -1.979767
135.645      -1.978079
135.660      -1.976369
135.675      -1.974636
135.690      -1.972882
135.705      -1.971107
135.720      -1.969310
135.735      -1.967492
135.750      -1.965654
135.765      -1.963795
135.780      -1.961917
135.795      -1.960019
135.810      -1.958102
135.825      -1.956166
135.840      -1.954212
135.855      -1.952239
135.870      -1.950249
135.885      -1.948241
135.900      -1.946216
135.915      -1.944175
135.930      -1.942118
135.945      -1.940045
135.960      -1.937956
135.975      -1.935853
135.990      -1.933735
136.005      -1.931603
136.020      -1.929458
136.035      -1.927299
136.050      -1.925128
136.065      -1.922944
136.080      -1.920748
136.095      -1.918542
136.110      -1.916324
136.125      -1.914096
136.140      -1.911857
136.155      -1.909610
136.170      -1.907353
136.185      -1.905087
136.200      -1.902813
136.215      -1.900532
136.230      -1.898244
136.245      -1.895948
136.260      -1.893646
136.275      -1.891339
136.290      -1.889026
136.305      -1.886708
136.320      -1.884386
136.335      -1.882059
136.350      -1.879729
136.365      -1.877396
136.380      -1.875060
136.395      -1.872722
136.410      -1.870383
136.425      -1.868041
136.440      -1.865699
136.455      -1.863356
136.470      -1.861013
136.485      -1.858671
136.500      -1.856329
136.515      -1.853988
136.530      -1.851649
136.545      -1.849312
136.560      -1.846977
136.575      -1.844645
136.590      -1.842315
136.605      -1.839990
136.620      -1.837668
136.635      -1.835350
136.650      -1.833037
136.665      -1.830728
136.680      -1.828425
136.695      -1.826127
136.710      -1.823835
136.725      -1.821549
136.740      -1.819270
136.755      -1.816997
136.770      -1.814732
136.785      -1.812473
136.800      -1.810223
136.815      -1.807980
136.830      -1.805746
136.845      -1.803519
136.860      -1.801302
136.875      -1.799093
136.890      -1.796894
136.905      -1.794704
136.920      -1.792523
136.935      -1.790352
136.950      -1.788191
136.965      -1.786041
136.980      -1.783900
136.995      -1.781771
137.010      -1.779651
137.025      -1.777543
137.040      -1.775446
137.055      -1.773360
137.070      -1.771286
137.085      -1.769222
137.100      -1.767171
137.115      -1.765131
137.130      -1.763103
137.145      -1.761087
137.160      -1.759083
137.175      -1.757091
137.190      -1.755112
137.205      -1.753144
137.220      -1.751190
137.235      -1.749248
137.250      -1.747318
137.265      -1.745401
137.280      -1.743497
137.295      -1.741605
137.310      -1.739727
137.325      -1.737861
137.340      -1.736008
137.355      -1.734169
137.370      -1.732342
137.385      -1.730529
137.400      -1.728728
137.415      -1.726941
137.430      -1.725167
137.445      -1.723406
137.460      -1.721658
137.475      -1.719924
137.490      -1.718203
137.505      -1.716496
137.520      -1.714802
137.535      -1.713121
137.550      -1.711454
137.565      -1.709800
137.580      -1.708159
137.595      -1.706533
137.610      -1.704919
137.625      -1.703320
137.640      -1.701734
137.655      -1.700161
137.670      -1.698603
137.685      -1.697058
137.700      -1.695527
137.715      -1.694009
137.730      -1.692506
137.745      -1.691016
137.760      -1.689541
137.775      -1.688079
137.790      -1.686632
137.805      -1.685199
137.820      -1.683780
137.835      -1.682375
137.850      -1.680985
137.865      -1.679609
137.880      -1.678248
137.895      -1.676901
137.910      -1.675569
137.925      -1.674253
137.940      -1.672951
137.955      -1.671664
137.970      -1.670393
137.985      -1.669137
138.000      -1.667897
138.015      -1.666672
138.030      -1.665463
138.045      -1.664270
138.060      -1.663094
138.075      -1.661933
138.090      -1.660790
138.105      -1.659663
138.120      -1.658553
138.135      -1.657460
138.150      -1.656385
138.165      -1.655328
138.180      -1.654288
138.195      -1.653266
138.210      -1.652263
138.225      -1.651279
138.240      -1.650313
138.255      -1.649367
138.270      -1.648440
138.285      -1.647534
138.300      -1.646647
138.315      -1.645781
138.330      -1.644935
138.345      -1.644111
138.360      -1.643308
138.375      -1.642527
138.390      -1.641768
138.405      -1.641032
138.420      -1.640319
138.435      -1.639630
138.450      -1.638964
138.465      -1.638322
138.480      -1.637705
138.495      -1.637113
138.510      -1.636546
138.525      -1.636006
138.540      -1.635492
138.555      -1.635005
138.570      -1.634545
138.585      -1.634113
138.600      -1.633709
138.615      -1.633334
138.630      -1.632989
138.645      -1.632673
138.660      -1.632388
138.675      -1.632134
138.690      -1.631911
138.705      -1.631720
138.720      -1.631562
138.735      -1.631437
138.750      -1.631346
138.765      -1.631289
138.780      -1.631267
138.795      -1.631280
138.810      -1.631329
138.825      -1.631415
138.840      -1.631538
138.855      -1.631699
138.870      -1.631899
138.885      -1.632137
138.900      -1.632415
138.915      -1.632734
138.930      -1.633093
138.945      -1.633494
138.960      -1.633938
138.975      -1.634424
138.990      -1.634953
139.005      -1.635527
139.020      -1.636145
139.035      -1.636809
139.050      -1.637519
139.065      -1.638276
139.080      -1.639080
139.095      -1.639932
139.110      -1.640833
139.125      -1.641783
139.140      -1.642783
139.155      -1.643833
139.170      -1.644935
139.185      -1.646089
139.200      -1.647295
139.215      -1.648555
139.230      -1.649868
139.245      -1.651236
139.260      -1.652659
139.275      -1.654137
139.290      -1.655672
139.305      -1.657264
139.320      -1.658914
139.335      -1.660621
139.350      -1.662388
139.365      -1.664214
139.380      -1.666100
139.395      -1.668047
139.410      -1.670054
139.425      -1.672124
139.440      -1.674256
139.455      -1.676451
139.470      -1.678709
139.485      -1.681032
139.500      -1.683419
139.515      -1.685871
139.530      -1.688389
139.545      -1.690973
139.560      -1.693624
139.575      -1.696342
139.590      -1.699127
139.605      -1.701981
139.620      -1.704903
139.635      -1.707895
139.650      -1.710956
139.665      -1.714087
139.680      -1.717288
139.695      -1.720560
139.710      -1.723904
139.725      -1.727319
139.740      -1.730806
139.755      -1.734365
139.770      -1.737997
139.785      -1.741703
139.800      -1.745481
139.815      -1.749334
139.830      -1.753260
139.845      -1.757260
139.860      -1.761336
139.875      -1.765485
139.890      -1.769710
139.905      -1.774011
139.920      -1.778386
139.935      -1.782838
139.950      -1.787365
139.965      -1.791968
139.980      -1.796648
139.995      -1.801404
140.010      -1.806236
140.025      -1.811144
140.040      -1.816129
140.055      -1.821191
140.070      -1.826329
140.085      -1.831544
140.100      -1.836836
140.115      -1.842205
140.130      -1.847649
140.145      -1.853171
140.160      -1.858769
140.175      -1.864443
140.190      -1.870194
140.205      -1.876020
140.220      -1.881923
140.235      -1.887901
140.250      -1.893955
140.265      -1.900085
140.280      -1.906289
140.295      -1.912568
140.310      -1.918922
140.325      -1.925350
140.340      -1.931851
140.355      -1.938427
140.370      -1.945075
140.385      -1.951796
140.400      -1.958590
140.415      -1.965455
140.430      -1.972392
140.445      -1.979399
140.460      -1.986477
140.475      -1.993625
140.490      -2.000842
140.505      -2.008128
140.520      -2.015482
140.535      -2.022903
140.550      -2.030390
140.565      -2.037944
140.580      -2.045563
140.595      -2.053247
140.610      -2.060994
140.625      -2.068805
140.640      -2.076677
140.655      -2.084611
140.670      -2.092606
140.685      -2.100660
140.700      -2.108772
140.715      -2.116942
140.730      -2.125169
140.745      -2.133452
140.760      -2.141789
140.775      -2.150180
140.790      -2.158623
140.805      -2.167118
140.820      -2.175663
140.835      -2.184257
140.850      -2.192899
140.865      -2.201588
140.880      -2.210323
140.895      -2.219102
140.910      -2.227923
140.925      -2.236787
140.940      -2.245691
140.955      -2.254634
140.970      -2.263614
140.985      -2.272631
141.000      -2.281682
141.015      -2.290767
141.030      -2.299884
141.045      -2.309031
141.060      -2.318206
141.075      -2.327409
141.090      -2.336638
141.105      -2.345891
141.120      -2.355166
141.135      -2.364463
141.150      -2.373778
141.165      -2.383111
141.180      -2.392460
141.195      -2.401823
141.210      -2.411198
141.225      -2.420584
141.240      -2.429978
141.255      -2.439380
141.270      -2.448786
141.285      -2.458196
141.300      -2.467608
141.315      -2.477019
141.330      -2.486428
141.345      -2.495832
141.360      -2.505230
141.375      -2.514621
141.390      -2.524001
141.405      -2.533369
141.420      -2.542723
141.435      -2.552061
141.450      -2.561381
141.465      -2.570681
141.480      -2.579959
141.495      -2.589212
141.510      -2.598439
141.525      -2.607638
141.540      -2.616807
141.555      -2.625943
141.570      -2.635044
141.585      -2.644109
141.600      -2.653135
141.615      -2.662120
141.630      -2.671061
141.645      -2.679958
141.660      -2.688807
141.675      -2.697607
141.690      -2.706355
141.705      -2.715049
141.720      -2.723687
141.735      -2.732267
141.750      -2.740786
141.765      -2.749243
141.780      -2.757636
141.795      -2.765962
141.810      -2.774218
141.825      -2.782404
141.840      -2.790517
141.855      -2.798554
141.870      -2.806514
141.885      -2.814394
141.900      -2.822192
141.915      -2.829907
141.930      -2.837535
141.945      -2.845076
141.960      -2.852527
141.975      -2.859885
141.990      -2.867149
142.005      -2.874317
142.020      -2.881387
142.035      -2.888356
142.050      -2.895223
142.065      -2.901985
142.080      -2.908642
142.095      -2.915190
142.110      -2.921628
142.125      -2.927954
142.140      -2.934166
142.155      -2.940262
142.170      -2.946241
142.185      -2.952100
142.200      -2.957837
142.215      -2.963452
142.230      -2.968942
142.245      -2.974305
142.260      -2.979540
142.275      -2.984645
142.290      -2.989618
142.305      -2.994458
142.320      -2.999164
142.335      -3.003733
142.350      -3.008164
142.365      -3.012456
142.380      -3.016606
142.395      -3.020615
142.410      -3.024480
142.425      -3.028200
142.440      -3.031773
142.455      -3.035199
142.470      -3.038475
142.485      -3.041602
142.500      -3.044577
142.515      -3.047399
142.530      -3.050068
142.545      -3.052583
142.560      -3.054941
142.575      -3.057143
142.590      -3.059187
142.605      -3.061072
142.620      -3.062798
142.635      -3.064363
142.650      -3.065768
142.665      -3.067010
142.680      -3.068090
142.695      -3.069007
142.710      -3.069759
142.725      -3.070348
142.740      -3.070771
142.755      -3.071029
142.770      -3.071121
142.785      -3.071047
142.800      -3.070806
142.815      -3.070398
142.830      -3.069823
142.845      -3.069080
142.860      -3.068170
142.875      -3.067092
142.890      -3.065847
142.905      -3.064434
142.920      -3.062852
142.935      -3.061104
142.950      -3.059187
142.965      -3.057104
142.980      -3.054853
142.995      -3.052435
143.010      -3.049850
143.025      -3.047099
143.040      -3.044183
143.055      -3.041101
143.070      -3.037854
143.085      -3.034443
143.100      -3.030868
143.115      -3.027130
143.130      -3.023229
143.145      -3.019167
143.160      -3.014944
143.175      -3.010561
143.190      -3.006019
143.205      -3.001319
143.220      -2.996461
143.235      -2.991447
143.250      -2.986278
143.265      -2.980955
143.280      -2.975480
143.295      -2.969852
143.310      -2.964074
143.325      -2.958147
143.340      -2.952072
143.355      -2.945851
143.370      -2.939485
143.385      -2.932975
143.400      -2.926324
143.415      -2.919532
143.430      -2.912601
143.445      -2.905533
143.460      -2.898329
143.475      -2.890992
143.490      -2.883523
143.505      -2.875923
143.520      -2.868195
143.535      -2.860340
143.550      -2.852361
143.565      -2.844259
143.580      -2.836037
143.595      -2.827696
143.610      -2.819238
143.625      -2.810665
143.640      -2.801980
143.655      -2.793185
143.670      -2.784282
143.685      -2.775273
143.700      -2.766160
143.715      -2.756946
143.730      -2.747633
143.745      -2.738223
143.760      -2.728718
143.775      -2.719122
143.790      -2.709435
143.805      -2.699662
143.820      -2.689804
143.835      -2.679864
143.850      -2.669843
143.865      -2.659746
143.880      -2.649573
143.895      -2.639329
143.910      -2.629015
143.925      -2.618633
143.940      -2.608187
143.955      -2.597680
143.970      -2.587113
143.985      -2.576489
144.000      -2.565812
144.015      -2.555083
144.030      -2.544305
144.045      -2.533482
144.060      -2.522615
144.075      -2.511707
144.090      -2.500762
144.105      -2.489781
144.120      -2.478768
144.135      -2.467725
144.150      -2.456655
144.165      -2.445560
144.180      -2.434443
144.195      -2.423308
144.210      -2.412156
144.225      -2.400990
144.240      -2.389814
144.255      -2.378629
144.270      -2.367438
144.285      -2.356244
144.300      -2.345050
144.315      -2.333858
144.330      -2.322671
144.345      -2.311491
144.360      -2.300321
144.375      -2.289164
144.390      -2.278022
144.405      -2.266898
144.420      -2.255794
144.435      -2.244713
144.450      -2.233657
144.465      -2.222628
144.480      -2.211630
144.495      -2.200664
144.510      -2.189733
144.525      -2.178840
144.540      -2.167986
144.555      -2.157174
144.570      -2.146406
144.585      -2.135684
144.600      -2.125011
144.615      -2.114389
144.630      -2.103820
144.645      -2.093306
144.660      -2.082850
144.675      -2.072452
144.690      -2.062116
144.705      -2.051843
144.720      -2.041636
144.735      -2.031495
144.750      -2.021424
144.765      -2.011423
144.780      -2.001495
144.795      -1.991641
144.810      -1.981864
144.825      -1.972164
144.840      -1.962544
144.855      -1.953005
144.870      -1.943548
144.885      -1.934175
144.900      -1.924888
144.915      -1.915688
144.930      -1.906576
144.945      -1.897554
144.960      -1.888623
144.975      -1.879784
144.990      -1.871038
145.005      -1.862387
145.020      -1.853832
145.035      -1.845373
145.050      -1.837012
145.065      -1.828749
145.080      -1.820586
145.095      -1.812524
145.110      -1.804562
145.125      -1.796703
145.140      -1.788946
145.155      -1.781293
145.170      -1.773744
145.185      -1.766299
145.200      -1.758960
145.215      -1.751726
145.230      -1.744598
145.245      -1.737577
145.260      -1.730662
145.275      -1.723855
145.290      -1.717155
145.305      -1.710562
145.320      -1.704078
145.335      -1.697701
145.350      -1.691432
145.365      -1.685270
145.380      -1.679217
145.395      -1.673272
145.410      -1.667434
145.425      -1.661704
145.440      -1.656081
145.455      -1.650565
145.470      -1.645156
145.485      -1.639854
145.500      -1.634658
145.515      -1.629567
145.530      -1.624582
145.545      -1.619702
145.560      -1.614926
145.575      -1.610253
145.590      -1.605684
145.605      -1.601217
145.620      -1.596852
145.635      -1.592588
145.650      -1.588425
145.665      -1.584361
145.680      -1.580395
145.695      -1.576528
145.710      -1.572758
145.725      -1.569083
145.740      -1.565504
145.755      -1.562019
145.770      -1.558628
145.785      -1.555328
145.800      -1.552120
145.815      -1.549001
145.830      -1.545972
145.845      -1.543030
145.860      -1.540174
145.875      -1.537404
145.890      -1.534719
145.905      -1.532116
145.920      -1.529595
145.935      -1.527154
145.950      -1.524793
145.965      -1.522509
145.980      -1.520301
145.995      -1.518169
146.010      -1.516111
146.025      -1.514124
146.040      -1.512209
146.055      -1.510363
146.070      -1.508586
146.085      -1.506875
146.100      -1.505229
146.115      -1.503647
146.130      -1.502127
146.145      -1.500668
146.160      -1.499268
146.175      -1.497926
146.190      -1.496640
146.205      -1.495409
146.220      -1.494231
146.235      -1.493105
146.250      -1.492029
146.265      -1.491002
146.280      -1.490021
146.295      -1.489087
146.310      -1.488196
146.325      -1.487347
146.340      -1.486540
146.355      -1.485772
146.370      -1.485041
146.385      -1.484347
146.400      -1.483688
146.415      -1.483061
146.430      -1.482467
146.445      -1.481902
146.460      -1.481367
146.475      -1.480858
146.490      -1.480375
146.505      -1.479916
146.520      -1.479480
146.535      -1.479065
146.550      -1.478669
146.565      -1.478292
146.580      -1.477931
146.595      -1.477586
146.610      -1.477255
146.625      -1.476936
146.640      -1.476628
146.655      -1.476330
146.670      -1.476040
146.685      -1.475757
146.700      -1.475480
146.715      -1.475206
146.730      -1.474936
146.745      -1.474668
146.760      -1.474400
146.775      -1.474131
146.790      -1.473859
146.805      -1.473585
146.820      -1.473306
146.835      -1.473021
146.850      -1.472729
146.865      -1.472429
146.880      -1.472120
146.895      -1.471800
146.910      -1.471469
146.925      -1.471126
146.940      -1.470769
146.955      -1.470398
146.970      -1.470011
146.985      -1.469607
147.000      -1.469186
147.015      -1.468747
147.030      -1.468288
147.045      -1.467810
147.060      -1.467310
147.075      -1.466788
147.090      -1.466244
147.105      -1.465677
147.120      -1.465085
147.135      -1.464468
147.150      -1.463826
147.165      -1.463158
147.180      -1.462463
147.195      -1.461740
147.210      -1.460990
147.225      -1.460210
147.240      -1.459402
147.255      -1.458564
147.270      -1.457696
147.285      -1.456798
147.300      -1.455868
147.315      -1.454908
147.330      -1.453915
147.345      -1.452891
147.360      -1.451835
147.375      -1.450746
147.390      -1.449625
147.405      -1.448470
147.420      -1.447283
147.435      -1.446062
147.450      -1.444808
147.465      -1.443521
147.480      -1.442201
147.495      -1.440847
147.510      -1.439459
147.525      -1.438039
147.540      -1.436585
147.555      -1.435099
147.570      -1.433579
147.585      -1.432027
147.600      -1.430442
147.615      -1.428825
147.630      -1.427177
147.645      -1.425496
147.660      -1.423785
147.675      -1.422042
147.690      -1.420269
147.705      -1.418466
147.720      -1.416634
147.735      -1.414773
147.750      -1.412883
147.765      -1.410965
147.780      -1.409021
147.795      -1.407049
147.810      -1.405052
147.825      -1.403029
147.840      -1.400982
147.855      -1.398911
147.870      -1.396818
147.885      -1.394702
147.900      -1.392565
147.915      -1.390408
147.930      -1.388231
147.945      -1.386036
147.960      -1.383823
147.975      -1.381594
147.990      -1.379349
148.005      -1.377090
148.020      -1.374818
148.035      -1.372534
148.050      -1.370239
148.065      -1.367934
148.080      -1.365620
148.095      -1.363299
148.110      -1.360971
148.125      -1.358639
148.140      -1.356304
148.155      -1.353966
148.170      -1.351627
148.185      -1.349289
148.200      -1.346953
148.215      -1.344620
148.230      -1.342292
148.245      -1.339970
148.260      -1.337655
148.275      -1.335350
148.290      -1.333056
148.305      -1.330774
148.320      -1.328506
148.335      -1.326253
148.350      -1.324018
148.365      -1.321801
148.380      -1.319604
148.395      -1.317429
148.410      -1.315278
148.425      -1.313152
148.440      -1.311052
148.455      -1.308982
148.470      -1.306941
148.485      -1.304933
148.500      -1.302958
148.515      -1.301019
148.530      -1.299117
148.545      -1.297253
148.560      -1.295431
148.575      -1.293651
148.590      -1.291915
148.605      -1.290224
148.620      -1.288582
148.635      -1.286989
148.650      -1.285447
148.665      -1.283958
148.680      -1.282524
148.695      -1.281146
148.710      -1.279827
148.725      -1.278567
148.740      -1.277370
148.755      -1.276235
148.770      -1.275166
148.785      -1.274164
148.800      -1.273231
148.815      -1.272368
148.830      -1.271577
148.845      -1.270859
148.860      -1.270217
148.875      -1.269652
148.890      -1.269166
148.905      -1.268761
148.920      -1.268437
148.935      -1.268197
148.950      -1.268042
148.965      -1.267974
148.980      -1.267994
148.995      -1.268103
149.010      -1.268305
149.025      -1.268599
149.040      -1.268987
149.055      -1.269471
149.070      -1.270052
149.085      -1.270731
149.100      -1.271510
149.115      -1.272391
149.130      -1.273374
149.145      -1.274460
149.160      -1.275652
149.175      -1.276950
149.190      -1.278355
149.205      -1.279869
149.220      -1.281492
149.235      -1.283226
149.250      -1.285072
149.265      -1.287031
149.280      -1.289103
149.295      -1.291290
149.310      -1.293593
149.325      -1.296012
149.340      -1.298549
149.355      -1.301203
149.370      -1.303977
149.385      -1.306870
149.400      -1.309883
149.415      -1.313017
149.430      -1.316272
149.445      -1.319650
149.460      -1.323150
149.475      -1.326772
149.490      -1.330518
149.505      -1.334388
149.520      -1.338381
149.535      -1.342499
149.550      -1.346741
149.565      -1.351108
149.580      -1.355600
149.595      -1.360216
149.610      -1.364957
149.625      -1.369823
149.640      -1.374814
149.655      -1.379929
149.670      -1.385168
149.685      -1.390532
149.700      -1.396020
149.715      -1.401631
149.730      -1.407366
149.745      -1.413223
149.760      -1.419203
149.775      -1.425304
149.790      -1.431527
149.805      -1.437870
149.820      -1.444333
149.835      -1.450915
149.850      -1.457615
149.865      -1.464433
149.880      -1.471367
149.895      -1.478417
149.910      -1.485581
149.925      -1.492859
149.940      -1.500249
149.955      -1.507751
149.970      -1.515362
149.985      -1.523083
150.000      -1.530910
150.015      -1.538844
150.030      -1.546882
150.045      -1.555023
150.060      -1.563266
150.075      -1.571609
150.090      -1.580050
150.105      -1.588588
150.120      -1.597221
150.135      -1.605946
150.150      -1.614763
150.165      -1.623670
150.180      -1.632663
150.195      -1.641743
150.210      -1.650905
150.225      -1.660149
150.240      -1.669473
150.255      -1.678873
150.270      -1.688348
150.285      -1.697895
150.300      -1.707513
150.315      -1.717199
150.330      -1.726950
150.345      -1.736764
150.360      -1.746639
150.375      -1.756571
150.390      -1.766560
150.405      -1.776601
150.420      -1.786692
150.435      -1.796831
150.450      -1.807015
150.465      -1.817241
150.480      -1.827506
150.495      -1.837808
150.510      -1.848143
150.525      -1.858509
150.540      -1.868903
150.555      -1.879323
150.570      -1.889764
150.585      -1.900224
150.600      -1.910700
150.615      -1.921189
150.630      -1.931688
150.645      -1.942194
150.660      -1.952703
150.675      -1.963213
150.690      -1.973721
150.705      -1.984223
150.720      -1.994716
150.735      -2.005197
150.750      -2.015663
150.765      -2.026110
150.780      -2.036536
150.795      -2.046937
150.810      -2.057309
150.825      -2.067650
150.840      -2.077957
150.855      -2.088226
150.870      -2.098454
150.885      -2.108637
150.900      -2.118773
150.915      -2.128858
150.930      -2.138888
150.945      -2.148862
150.960      -2.158775
150.975      -2.168624
150.990      -2.178407
151.005      -2.188119
151.020      -2.197758
151.035      -2.207320
151.050      -2.216803
151.065      -2.226204
151.080      -2.235518
151.095      -2.244743
151.110      -2.253877
151.125      -2.262915
151.140      -2.271856
151.155      -2.280695
151.170      -2.289431
151.185      -2.298059
151.200      -2.306578
151.215      -2.314984
151.230      -2.323275
151.245      -2.331448
151.260      -2.339499
151.275      -2.347427
151.290      -2.355229
151.305      -2.362901
151.320      -2.370442
151.335      -2.377849
151.350      -2.385119
151.365      -2.392251
151.380      -2.399241
151.395      -2.406087
151.410      -2.412787
151.425      -2.419338
151.440      -2.425740
151.455      -2.431988
151.470      -2.438082
151.485      -2.444020
151.500      -2.449798
151.515      -2.455417
151.530      -2.460872
151.545      -2.466164
151.560      -2.471290
151.575      -2.476248
151.590      -2.481037
151.605      -2.485655
151.620      -2.490102
151.635      -2.494375
151.650      -2.498473
151.665      -2.502395
151.680      -2.506140
151.695      -2.509707
151.710      -2.513095
151.725      -2.516302
151.740      -2.519328
151.755      -2.522173
151.770      -2.524834
151.785      -2.527312
151.800      -2.529607
151.815      -2.531717
151.830      -2.533642
151.845      -2.535382
151.860      -2.536937
151.875      -2.538306
151.890      -2.539489
151.905      -2.540486
151.920      -2.541298
151.935      -2.541924
151.950      -2.542364
151.965      -2.542619
151.980      -2.542690
151.995      -2.542576
152.010      -2.542278
152.025      -2.541797
152.040      -2.541133
152.055      -2.540288
152.070      -2.539261
152.085      -2.538054
152.100      -2.536669
152.115      -2.535105
152.130      -2.533364
152.145      -2.531447
152.160      -2.529356
152.175      -2.527092
152.190      -2.524657
152.205      -2.522051
152.220      -2.519277
152.235      -2.516336
152.250      -2.513229
152.265      -2.509960
152.280      -2.506529
152.295      -2.502939
152.310      -2.499192
152.325      -2.495289
152.340      -2.491233
152.355      -2.487026
152.370      -2.482671
152.385      -2.478170
152.400      -2.473524
152.415      -2.468738
152.430      -2.463813
152.445      -2.458751
152.460      -2.453557
152.475      -2.448232
152.490      -2.442778
152.505      -2.437200
152.520      -2.431500
152.535      -2.425681
152.550      -2.419745
152.565      -2.413697
152.580      -2.407539
152.595      -2.401274
152.610      -2.394905
152.625      -2.388437
152.640      -2.381871
152.655      -2.375212
152.670      -2.368462
152.685      -2.361626
152.700      -2.354707
152.715      -2.347708
152.730      -2.340632
152.745      -2.333484
152.760      -2.326267
152.775      -2.318985
152.790      -2.311640
152.805      -2.304238
152.820      -2.296782
152.835      -2.289274
152.850      -2.281721
152.865      -2.274124
152.880      -2.266487
152.895      -2.258816
152.910      -2.251113
152.925      -2.243382
152.940      -2.235627
152.955      -2.227852
152.970      -2.220061
152.985      -2.212258
153.000      -2.204446
153.015      -2.196630
153.030      -2.188814
153.045      -2.181000
153.060      -2.173194
153.075      -2.165399
153.090      -2.157619
153.105      -2.149857
153.120      -2.142118
153.135      -2.134406
153.150      -2.126723
153.165      -2.119075
153.180      -2.111465
153.195      -2.103896
153.210      -2.096373
153.225      -2.088898
153.240      -2.081477
153.255      -2.074112
153.270      -2.066807
153.285      -2.059566
153.300      -2.052392
153.315      -2.045290
153.330      -2.038261
153.345      -2.031311
153.360      -2.024441
153.375      -2.017657
153.390      -2.010960
153.405      -2.004355
153.420      -1.997845
153.435      -1.991433
153.450      -1.985122
153.465      -1.978915
153.480      -1.972815
153.495      -1.966826
153.510      -1.960951
153.525      -1.955192
153.540      -1.949552
153.555      -1.944034
153.570      -1.938641
153.585      -1.933375
153.600      -1.928240
153.615      -1.923237
153.630      -1.918370
153.645      -1.913641
153.660      -1.909052
153.675      -1.904605
153.690      -1.900304
153.705      -1.896149
153.720      -1.892144
153.735      -1.888290
153.750      -1.884589
153.765      -1.881043
153.780      -1.877654
153.795      -1.874425
153.810      -1.871356
153.825      -1.868449
153.840      -1.865706
153.855      -1.863128
153.870      -1.860717
153.885      -1.858475
153.900      -1.856401
153.915      -1.854498
153.930      -1.852767
153.945      -1.851209
153.960      -1.849824
153.975      -1.848614
153.990      -1.847579
154.005      -1.846721
154.020      -1.846039
154.035      -1.845535
154.050      -1.845208
154.065      -1.845060
154.080      -1.845091
154.095      -1.845300
154.110      -1.845689
154.125      -1.846256
154.140      -1.847003
154.155      -1.847929
154.170      -1.849034
154.185      -1.850318
154.200      -1.851780
154.215      -1.853421
154.230      -1.855239
154.245      -1.857234
154.260      -1.859406
154.275      -1.861754
154.290      -1.864276
154.305      -1.866974
154.320      -1.869844
154.335      -1.872887
154.350      -1.876101
154.365      -1.879486
154.380      -1.883039
154.395      -1.886760
154.410      -1.890647
154.425      -1.894700
154.440      -1.898916
154.455      -1.903293
154.470      -1.907831
154.485      -1.912528
154.500      -1.917381
154.515      -1.922389
154.530      -1.927551
154.545      -1.932863
154.560      -1.938325
154.575      -1.943933
154.590      -1.949686
154.605      -1.955582
154.620      -1.961618
154.635      -1.967792
154.650      -1.974102
154.665      -1.980545
154.680      -1.987118
154.695      -1.993820
154.710      -2.000647
154.725      -2.007597
154.740      -2.014667
154.755      -2.021855
154.770      -2.029157
154.785      -2.036570
154.800      -2.044093
154.815      -2.051721
154.830      -2.059453
154.845      -2.067284
154.860      -2.075212
154.875      -2.083233
154.890      -2.091346
154.905      -2.099545
154.920      -2.107829
154.935      -2.116194
154.950      -2.124636
154.965      -2.133153
154.980      -2.141740
154.995      -2.150396
155.010      -2.159115
155.025      -2.167896
155.040      -2.176734
155.055      -2.185626
155.070      -2.194568
155.085      -2.203557
155.100      -2.212590
155.115      -2.221663
155.130      -2.230772
155.145      -2.239914
155.160      -2.249086
155.175      -2.258283
155.190      -2.267503
155.205      -2.276741
155.220      -2.285994
155.235      -2.295259
155.250      -2.304531
155.265      -2.313808
155.280      -2.323085
155.295      -2.332360
155.310      -2.341628
155.325      -2.350886
155.340      -2.360130
155.355      -2.369357
155.370      -2.378564
155.385      -2.387746
155.400      -2.396900
155.415      -2.406023
155.430      -2.415112
155.445      -2.424162
155.460      -2.433170
155.475      -2.442133
155.490      -2.451048
155.505      -2.459911
155.520      -2.468718
155.535      -2.477467
155.550      -2.486154
155.565      -2.494776
155.580      -2.503329
155.595      -2.511810
155.610      -2.520217
155.625      -2.528545
155.640      -2.536793
155.655      -2.544956
155.670      -2.553032
155.685      -2.561018
155.700      -2.568910
155.715      -2.576706
155.730      -2.584403
155.745      -2.591998
155.760      -2.599489
155.775      -2.606872
155.790      -2.614145
155.805      -2.621305
155.820      -2.628349
155.835      -2.635276
155.850      -2.642082
155.865      -2.648765
155.880      -2.655323
155.895      -2.661753
155.910      -2.668052
155.925      -2.674220
155.940      -2.680253
155.955      -2.686150
155.970      -2.691907
155.985      -2.697524
156.000      -2.702999
156.015      -2.708328
156.030      -2.713511
156.045      -2.718546
156.060      -2.723431
156.075      -2.728164
156.090      -2.732744
156.105      -2.737169
156.120      -2.741438
156.135      -2.745549
156.150      -2.749501
156.165      -2.753293
156.180      -2.756922
156.195      -2.760389
156.210      -2.763692
156.225      -2.766831
156.240      -2.769803
156.255      -2.772608
156.270      -2.775245
156.285      -2.777714
156.300      -2.780014
156.315      -2.782144
156.330      -2.784103
156.345      -2.785892
156.360      -2.787508
156.375      -2.788953
156.390      -2.790226
156.405      -2.791326
156.420      -2.792254
156.435      -2.793008
156.450      -2.793590
156.465      -2.793999
156.480      -2.794235
156.495      -2.794298
156.510      -2.794188
156.525      -2.793906
156.540      -2.793452
156.555      -2.792827
156.570      -2.792030
156.585      -2.791062
156.600      -2.789924
156.615      -2.788616
156.630      -2.787140
156.645      -2.785495
156.660      -2.783683
156.675      -2.781704
156.690      -2.779559
156.705      -2.777250
156.720      -2.774776
156.735      -2.772140
156.750      -2.769343
156.765      -2.766385
156.780      -2.763268
156.795      -2.759993
156.810      -2.756562
156.825      -2.752975
156.840      -2.749235
156.855      -2.745342
156.870      -2.741299
156.885      -2.737107
156.900      -2.732767
156.915      -2.728281
156.930      -2.723652
156.945      -2.718880
156.960      -2.713967
156.975      -2.708916
156.990      -2.703729
157.005      -2.698406
157.020      -2.692951
157.035      -2.687364
157.050      -2.681649
157.065      -2.675808
157.080      -2.669842
157.095      -2.663753
157.110      -2.657545
157.125      -2.651218
157.140      -2.644776
157.155      -2.638220
157.170      -2.631553
157.185      -2.624778
157.200      -2.617896
157.215      -2.610910
157.230      -2.603823
157.245      -2.596636
157.260      -2.589353
157.275      -2.581976
157.290      -2.574507
157.305      -2.566949
157.320      -2.559305
157.335      -2.551577
157.350      -2.543767
157.365      -2.535879
157.380      -2.527914
157.395      -2.519876
157.410      -2.511767
157.425      -2.503590
157.440      -2.495347
157.455      -2.487041
157.470      -2.478675
157.485      -2.470251
157.500      -2.461773
157.515      -2.453242
157.530      -2.444662
157.545      -2.436035
157.560      -2.427364
157.575      -2.418651
157.590      -2.409900
157.605      -2.401112
157.620      -2.392291
157.635      -2.383439
157.650      -2.374560
157.665      -2.365654
157.680      -2.356726
157.695      -2.347778
157.710      -2.338813
157.725      -2.329832
157.740      -2.320839
157.755      -2.311837
157.770      -2.302827
157.785      -2.293813
157.800      -2.284797
157.815      -2.275782
157.830      -2.266769
157.845      -2.257762
157.860      -2.248763
157.875      -2.239775
157.890      -2.230799
157.905      -2.221839
157.920      -2.212897
157.935      -2.203974
157.950      -2.195074
157.965      -2.186199
157.980      -2.177351
157.995      -2.168532
158.010      -2.159744
158.025      -2.150991
158.040      -2.142273
158.055      -2.133593
158.070      -2.124953
158.085      -2.116356
158.100      -2.107803
158.115      -2.099296
158.130      -2.090838
158.145      -2.082430
158.160      -2.074074
158.175      -2.065772
158.190      -2.057526
158.205      -2.049337
158.220      -2.041209
158.235      -2.033141
158.250      -2.025137
158.265      -2.017197
158.280      -2.009323
158.295      -2.001517
158.310      -1.993781
158.325      -1.986115
158.340      -1.978522
158.355      -1.971003
158.370      -1.963559
158.385      -1.956192
158.400      -1.948902
158.415      -1.941692
158.430      -1.934562
158.445      -1.927514
158.460      -1.920548
158.475      -1.913667
158.490      -1.906870
158.505      -1.900159
158.520      -1.893535
158.535      -1.886999
158.550      -1.880552
158.565      -1.874195
158.580      -1.867928
158.595      -1.861752
158.610      -1.855668
158.625      -1.849677
158.640      -1.843779
158.655      -1.837975
158.670      -1.832266
158.685      -1.826651
158.700      -1.821132
158.715      -1.815709
158.730      -1.810382
158.745      -1.805152
158.760      -1.800019
158.775      -1.794983
158.790      -1.790044
158.805      -1.785204
158.820      -1.780461
158.835      -1.775815
158.850      -1.771268
158.865      -1.766819
158.880      -1.762468
158.895      -1.758215
158.910      -1.754060
158.925      -1.750002
158.940      -1.746042
158.955      -1.742179
158.970      -1.738414
158.985      -1.734745
159.000      -1.731173
159.015      -1.727698
159.030      -1.724318
159.045      -1.721033
159.060      -1.717843
159.075      -1.714748
159.090      -1.711747
159.105      -1.708839
159.120      -1.706024
159.135      -1.703301
159.150      -1.700669
159.165      -1.698129
159.180      -1.695679
159.195      -1.693318
159.210      -1.691045
159.225      -1.688861
159.240      -1.686763
159.255      -1.684751
159.270      -1.682825
159.285      -1.680983
159.300      -1.679225
159.315      -1.677549
159.330      -1.675954
159.345      -1.674440
159.360      -1.673005
159.375      -1.671649
159.390      -1.670369
159.405      -1.669166
159.420      -1.668038
159.435      -1.666984
159.450      -1.666003
159.465      -1.665093
159.480      -1.664253
159.495      -1.663483
159.510      -1.662781
159.525      -1.662145
159.540      -1.661574
159.555      -1.661068
159.570      -1.660624
159.585      -1.660242
159.600      -1.659920
159.615      -1.659657
159.630      -1.659452
159.645      -1.659302
159.660      -1.659207
159.675      -1.659166
159.690      -1.659176
159.705      -1.659238
159.720      -1.659348
159.735      -1.659506
159.750      -1.659711
159.765      -1.659960
159.780      -1.660253
159.795      -1.660588
159.810      -1.660964
159.825      -1.661379
159.840      -1.661832
159.855      -1.662321
159.870      -1.662845
159.885      -1.663403
159.900      -1.663992
159.915      -1.664612
159.930      -1.665262
159.945      -1.665939
159.960      -1.666643
159.975      -1.667371
159.990      -1.668123
160.005      -1.668897
160.020      -1.669692
160.035      -1.670506
160.050      -1.671338
160.065      -1.672186
160.080      -1.673050
160.095      -1.673927
160.110      -1.674817
160.125      -1.675718
160.140      -1.676629
160.155      -1.677548
160.170      -1.678475
160.185      -1.679407
160.200      -1.680344
160.215      -1.681284
160.230      -1.682227
160.245      -1.683170
160.260      -1.684113
160.275      -1.685054
160.290      -1.685993
160.305      -1.686928
160.320      -1.687858
160.335      -1.688781
160.350      -1.689697
160.365      -1.690606
160.380      -1.691504
160.395      -1.692392
160.410      -1.693269
160.425      -1.694133
160.440      -1.694984
160.455      -1.695821
160.470      -1.696642
160.485      -1.697447
160.500      -1.698234
160.515      -1.699004
160.530      -1.699755
160.545      -1.700486
160.560      -1.701197
160.575      -1.701887
160.590      -1.702555
160.605      -1.703200
160.620      -1.703822
160.635      -1.704419
160.650      -1.704993
160.665      -1.705541
160.680      -1.706063
160.695      -1.706559
160.710      -1.707028
160.725      -1.707469
160.740      -1.707883
160.755      -1.708269
160.770      -1.708626
160.785      -1.708953
160.800      -1.709252
160.815      -1.709520
160.830      -1.709759
160.845      -1.709967
160.860      -1.710145
160.875      -1.710292
160.890      -1.710408
160.905      -1.710493
160.920      -1.710547
160.935      -1.710569
160.950      -1.710560
160.965      -1.710520
160.980      -1.710448
160.995      -1.710345
161.010      -1.710210
161.025      -1.710044
161.040      -1.709847
161.055      -1.709618
161.070      -1.709359
161.085      -1.709069
161.100      -1.708748
161.115      -1.708397
161.130      -1.708016
161.145      -1.707606
161.160      -1.707165
161.175      -1.706696
161.190      -1.706198
161.205      -1.705672
161.220      -1.705117
161.235      -1.704535
161.250      -1.703926
161.265      -1.703291
161.280      -1.702629
161.295      -1.701942
161.310      -1.701230
161.325      -1.700494
161.340      -1.699733
161.355      -1.698950
161.370      -1.698144
161.385      -1.697316
161.400      -1.696467
161.415      -1.695598
161.430      -1.694709
161.445      -1.693800
161.460      -1.692874
161.475      -1.691930
161.490      -1.690969
161.505      -1.689993
161.520      -1.689001
161.535      -1.687996
161.550      -1.686976
161.565      -1.685945
161.580      -1.684902
161.595      -1.683848
161.610      -1.682784
161.625      -1.681711
161.640      -1.680631
161.655      -1.679543
161.670      -1.678449
161.685      -1.677351
161.700      -1.676248
161.715      -1.675142
161.730      -1.674034
161.745      -1.672924
161.760      -1.671815
161.775      -1.670706
161.790      -1.669600
161.805      -1.668496
161.820      -1.667396
161.835      -1.666301
161.850      -1.665212
161.865      -1.664130
161.880      -1.663056
161.895      -1.661991
161.910      -1.660936
161.925      -1.659892
161.940      -1.658860
161.955      -1.657842
161.970      -1.656838
161.985      -1.655849
162.000      -1.654876
162.015      -1.653920
162.030      -1.652983
162.045      -1.652065
162.060      -1.651167
162.075      -1.650290
162.090      -1.649436
162.105      -1.648605
162.120      -1.647798
162.135      -1.647017
162.150      -1.646261
162.165      -1.645532
162.180      -1.644832
162.195      -1.644160
162.210      -1.643518
162.225      -1.642907
162.240      -1.642327
162.255      -1.641780
162.270      -1.641265
162.285      -1.640785
162.300      -1.640340
162.315      -1.639931
162.330      -1.639558
162.345      -1.639223
162.360      -1.638925
162.375      -1.638666
162.390      -1.638447
162.405      -1.638268
162.420      -1.638130
162.435      -1.638033
162.450      -1.637979
162.465      -1.637967
162.480      -1.637999
162.495      -1.638074
162.510      -1.638194
162.525      -1.638359
162.540      -1.638570
162.555      -1.638827
162.570      -1.639130
162.585      -1.639480
162.600      -1.639878
162.615      -1.640323
162.630      -1.640817
162.645      -1.641359
162.660      -1.641950
162.675      -1.642590
162.690      -1.643279
162.705      -1.644018
162.720      -1.644807
162.735      -1.645646
162.750      -1.646535
162.765      -1.647474
162.780      -1.648464
162.795      -1.649505
162.810      -1.650596
162.825      -1.651738
162.840      -1.652931
162.855      -1.654174
162.870      -1.655468
162.885      -1.656813
162.900      -1.658208
162.915      -1.659653
162.930      -1.661149
162.945      -1.662695
162.960      -1.664291
162.975      -1.665936
162.990      -1.667631
163.005      -1.669375
163.020      -1.671168
163.035      -1.673010
163.050      -1.674899
163.065      -1.676837
163.080      -1.678822
163.095      -1.680854
163.110      -1.682932
163.125      -1.685057
163.140      -1.687227
163.155      -1.689442
163.170      -1.691702
163.185      -1.694006
163.200      -1.696353
163.215      -1.698743
163.230      -1.701175
163.245      -1.703648
163.260      -1.706162
163.275      -1.708716
163.290      -1.711310
163.305      -1.713942
163.320      -1.716612
163.335      -1.719318
163.350      -1.722061
163.365      -1.724840
163.380      -1.727653
163.395      -1.730499
163.410      -1.733378
163.425      -1.736289
163.440      -1.739231
163.455      -1.742203
163.470      -1.745204
163.485      -1.748232
163.500      -1.751288
163.515      -1.754370
163.530      -1.757476
163.545      -1.760607
163.560      -1.763760
163.575      -1.766935
163.590      -1.770130
163.605      -1.773345
163.620      -1.776579
163.635      -1.779829
163.650      -1.783096
163.665      -1.786377
163.680      -1.789673
163.695      -1.792981
163.710      -1.796300
163.725      -1.799629
163.740      -1.802967
163.755      -1.806313
163.770      -1.809665
163.785      -1.813023
163.800      -1.816384
163.815      -1.819748
163.830      -1.823114
163.845      -1.826479
163.860      -1.829844
163.875      -1.833206
163.890      -1.836564
163.905      -1.839917
163.920      -1.843264
163.935      -1.846603
163.950      -1.849933
163.965      -1.853252
163.980      -1.856561
163.995      -1.859856
164.010      -1.863137
164.025      -1.866402
164.040      -1.869650
164.055      -1.872881
164.070      -1.876091
164.085      -1.879281
164.100      -1.882449
164.115      -1.885593
164.130      -1.888713
164.145      -1.891806
164.160      -1.894873
164.175      -1.897910
164.190      -1.900918
164.205      -1.903895
164.220      -1.906839
164.235      -1.909749
164.250      -1.912625
164.265      -1.915465
164.280      -1.918267
164.295      -1.921030
164.310      -1.923754
164.325      -1.926437
164.340      -1.929078
164.355      -1.931676
164.370      -1.934229
164.385      -1.936736
164.400      -1.939197
164.415      -1.941611
164.430      -1.943975
164.445      -1.946289
164.460      -1.948553
164.475      -1.950765
164.490      -1.952923
164.505      -1.955028
164.520      -1.957078
164.535      -1.959072
164.550      -1.961009
164.565      -1.962889
164.580      -1.964710
164.595      -1.966471
164.610      -1.968173
164.625      -1.969813
164.640      -1.971392
164.655      -1.972908
164.670      -1.974360
164.685      -1.975749
164.700      -1.977074
164.715      -1.978332
164.730      -1.979526
164.745      -1.980652
164.760      -1.981712
164.775      -1.982704
164.790      -1.983628
164.805      -1.984483
164.820      -1.985270
164.835      -1.985987
164.850      -1.986635
164.865      -1.987212
164.880      -1.987719
164.895      -1.988156
164.910      -1.988521
164.925      -1.988816
164.940      -1.989039
164.955      -1.989191
164.970      -1.989272
164.985      -1.989281
165.000      -1.989218
165.015      -1.989084
165.030      -1.988878
165.045      -1.988601
165.060      -1.988253
165.075      -1.987833
165.090      -1.987342
165.105      -1.986781
165.120      -1.986149
165.135      -1.985446
165.150      -1.984674
165.165      -1.983832
165.180      -1.982921
165.195      -1.981941
165.210      -1.980893
165.225      -1.979777
165.240      -1.978594
165.255      -1.977345
165.270      -1.976029
165.285      -1.974648
165.300      -1.973202
165.315      -1.971693
165.330      -1.970120
165.345      -1.968484
165.360      -1.966788
165.375      -1.965030
165.390      -1.963213
165.405      -1.961336
165.420      -1.959402
165.435      -1.957411
165.450      -1.955364
165.465      -1.953262
165.480      -1.951107
165.495      -1.948898
165.510      -1.946639
165.525      -1.944329
165.540      -1.941970
165.555      -1.939564
165.570      -1.937111
165.585      -1.934613
165.600      -1.932071
165.615      -1.929487
165.630      -1.926862
165.645      -1.924197
165.660      -1.921494
165.675      -1.918755
165.690      -1.915980
165.705      -1.913172
165.720      -1.910332
165.735      -1.907462
165.750      -1.904563
165.765      -1.901636
165.780      -1.898684
165.795      -1.895709
165.810      -1.892711
165.825      -1.889693
165.840      -1.886656
165.855      -1.883602
165.870      -1.880533
165.885      -1.877451
165.900      -1.874357
165.915      -1.871254
165.930      -1.868143
165.945      -1.865026
165.960      -1.861905
165.975      -1.858782
165.990      -1.855658
166.005      -1.852537
166.020      -1.849418
166.035      -1.846305
166.050      -1.843200
166.065      -1.840104
166.080      -1.837020
166.095      -1.833948
166.110      -1.830892
166.125      -1.827854
166.140      -1.824835
166.155      -1.821836
166.170      -1.818862
166.185      -1.815912
166.200      -1.812990
166.215      -1.810097
166.230      -1.807235
166.245      -1.804407
166.260      -1.801613
166.275      -1.798857
166.290      -1.796141
166.305      -1.793465
166.320      -1.790833
166.335      -1.788245
166.350      -1.785705
166.365      -1.783214
166.380      -1.780774
166.395      -1.778387
166.410      -1.776055
166.425      -1.773780
166.440      -1.771563
166.455      -1.769407
166.470      -1.767314
166.485      -1.765285
166.500      -1.763322
166.515      -1.761427
166.530      -1.759602
166.545      -1.757848
166.560      -1.756169
166.575      -1.754564
166.590      -1.753036
166.605      -1.751587
166.620      -1.750218
166.635      -1.748932
166.650      -1.747729
166.665      -1.746611
166.680      -1.745580
166.695      -1.744638
166.710      -1.743786
166.725      -1.743025
166.740      -1.742357
166.755      -1.741784
166.770      -1.741307
166.785      -1.740927
166.800      -1.740646
166.815      -1.740465
166.830      -1.740385
166.845      -1.740408
166.860      -1.740535
166.875      -1.740767
166.890      -1.741106
166.905      -1.741551
166.920      -1.742105
166.935      -1.742769
166.950      -1.743544
166.965      -1.744430
166.980      -1.745428
166.995      -1.746540
167.010      -1.747767
167.025      -1.749108
167.040      -1.750565
167.055      -1.752139
167.070      -1.753831
167.085      -1.755640
167.100      -1.757568
167.115      -1.759616
167.130      -1.761783
167.145      -1.764070
167.160      -1.766478
167.175      -1.769007
167.190      -1.771658
167.205      -1.774430
167.220      -1.777324
167.235      -1.780340
167.250      -1.783479
167.265      -1.786740
167.280      -1.790124
167.295      -1.793630
167.310      -1.797258
167.325      -1.801010
167.340      -1.804883
167.355      -1.808878
167.370      -1.812996
167.385      -1.817235
167.400      -1.821595
167.415      -1.826076
167.430      -1.830678
167.445      -1.835400
167.460      -1.840241
167.475      -1.845201
167.490      -1.850280
167.505      -1.855476
167.520      -1.860789
167.535      -1.866218
167.550      -1.871762
167.565      -1.877421
167.580      -1.883194
167.595      -1.889079
167.610      -1.895076
167.625      -1.901183
167.640      -1.907400
167.655      -1.913725
167.670      -1.920156
167.685      -1.926694
167.700      -1.933336
167.715      -1.940082
167.730      -1.946929
167.745      -1.953876
167.760      -1.960922
167.775      -1.968066
167.790      -1.975305
167.805      -1.982638
167.820      -1.990064
167.835      -1.997580
167.850      -2.005185
167.865      -2.012878
167.880      -2.020656
167.895      -2.028517
167.910      -2.036460
167.925      -2.044482
167.940      -2.052582
167.955      -2.060758
167.970      -2.069007
167.985      -2.077327
168.000      -2.085716
168.015      -2.094173
168.030      -2.102694
168.045      -2.111278
168.060      -2.119922
168.075      -2.128624
168.090      -2.137382
168.105      -2.146193
168.120      -2.155055
168.135      -2.163965
168.150      -2.172920
168.165      -2.181920
168.180      -2.190959
168.195      -2.200038
168.210      -2.209152
168.225      -2.218299
168.240      -2.227476
168.255      -2.236681
168.270      -2.245912
168.285      -2.255164
168.300      -2.264437
168.315      -2.273726
168.330      -2.283030
168.345      -2.292345
168.360      -2.301669
168.375      -2.310999
168.390      -2.320332
168.405      -2.329665
168.420      -2.338995
168.435      -2.348320
168.450      -2.357637
168.465      -2.366943
168.480      -2.376235
168.495      -2.385509
168.510      -2.394765
168.525      -2.403997
168.540      -2.413204
168.555      -2.422382
168.570      -2.431530
168.585      -2.440643
168.600      -2.449719
168.615      -2.458755
168.630      -2.467749
168.645      -2.476696
168.660      -2.485596
168.675      -2.494444
168.690      -2.503237
168.705      -2.511974
168.720      -2.520651
168.735      -2.529265
168.750      -2.537813
168.765      -2.546294
168.780      -2.554703
168.795      -2.563039
168.810      -2.571298
168.825      -2.579478
168.840      -2.587576
168.855      -2.595589
168.870      -2.603515
168.885      -2.611352
168.900      -2.619096
168.915      -2.626745
168.930      -2.634296
168.945      -2.641747
168.960      -2.649096
168.975      -2.656340
168.990      -2.663476
169.005      -2.670503
169.020      -2.677417
169.035      -2.684217
169.050      -2.690900
169.065      -2.697465
169.080      -2.703907
169.095      -2.710227
169.110      -2.716421
169.125      -2.722487
169.140      -2.728423
169.155      -2.734228
169.170      -2.739899
169.185      -2.745434
169.200      -2.750832
169.215      -2.756091
169.230      -2.761208
169.245      -2.766183
169.260      -2.771013
169.275      -2.775696
169.290      -2.780232
169.305      -2.784619
169.320      -2.788855
169.335      -2.792938
169.350      -2.796868
169.365      -2.800643
169.380      -2.804262
169.395      -2.807723
169.410      -2.811026
169.425      -2.814169
169.440      -2.817151
169.455      -2.819971
169.470      -2.822629
169.485      -2.825123
169.500      -2.827452
169.515      -2.829616
169.530      -2.831615
169.545      -2.833446
169.560      -2.835111
169.575      -2.836608
169.590      -2.837937
169.605      -2.839097
169.620      -2.840089
169.635      -2.840911
169.650      -2.841564
169.665      -2.842047
169.680      -2.842361
169.695      -2.842505
169.710      -2.842479
169.725      -2.842284
169.740      -2.841920
169.755      -2.841386
169.770      -2.840684
169.785      -2.839812
169.800      -2.838773
169.815      -2.837566
169.830      -2.836192
169.845      -2.834651
169.860      -2.832944
169.875      -2.831072
169.890      -2.829036
169.905      -2.826836
169.920      -2.824473
169.935      -2.821948
169.950      -2.819262
169.965      -2.816417
169.980      -2.813413
169.995      -2.810251
170.010      -2.806933
170.025      -2.803460
170.040      -2.799834
170.055      -2.796055
170.070      -2.792126
170.085      -2.788047
170.100      -2.783821
170.115      -2.779448
170.130      -2.774931
170.145      -2.770271
170.160      -2.765471
170.175      -2.760531
170.190      -2.755454
170.205      -2.750241
170.220      -2.744895
170.235      -2.739418
170.250      -2.733811
170.265      -2.728078
170.280      -2.722218
170.295      -2.716236
170.310      -2.710134
170.325      -2.703912
170.340      -2.697575
170.355      -2.691123
170.370      -2.684560
170.385      -2.677889
170.400      -2.671110
170.415      -2.664227
170.430      -2.657243
170.445      -2.650159
170.460      -2.642979
170.475      -2.635705
170.490      -2.628339
170.505      -2.620885
170.520      -2.613345
170.535      -2.605722
170.550      -2.598018
170.565      -2.590236
170.580      -2.582379
170.595      -2.574449
170.610      -2.566451
170.625      -2.558385
170.640      -2.550256
170.655      -2.542066
170.670      -2.533817
170.685      -2.525514
170.700      -2.517158
170.715      -2.508752
170.730      -2.500301
170.745      -2.491805
170.760      -2.483269
170.775      -2.474694
170.790      -2.466085
170.805      -2.457444
170.820      -2.448774
170.835      -2.440078
170.850      -2.431359
170.865      -2.422619
170.880      -2.413862
170.895      -2.405090
170.910      -2.396307
170.925      -2.387516
170.940      -2.378718
170.955      -2.369918
170.970      -2.361117
170.985      -2.352319
171.000      -2.343527
171.015      -2.334744
171.030      -2.325971
171.045      -2.317213
171.060      -2.308471
171.075      -2.299749
171.090      -2.291049
171.105      -2.282374
171.120      -2.273727
171.135      -2.265110
171.150      -2.256526
171.165      -2.247977
171.180      -2.239466
171.195      -2.230996
171.210      -2.222569
171.225      -2.214188
171.240      -2.205855
171.255      -2.197572
171.270      -2.189342
171.285      -2.181167
171.300      -2.173050
171.315      -2.164993
171.330      -2.156997
171.345      -2.149066
171.360      -2.141202
171.375      -2.133405
171.390      -2.125680
171.405      -2.118027
171.420      -2.110449
171.435      -2.102947
171.450      -2.095524
171.465      -2.088181
171.480      -2.080921
171.495      -2.073744
171.510      -2.066654
171.525      -2.059651
171.540      -2.052737
171.555      -2.045913
171.570      -2.039182
171.585      -2.032545
171.600      -2.026003
171.615      -2.019557
171.630      -2.013210
171.645      -2.006961
171.660      -2.000813
171.675      -1.994767
171.690      -1.988824
171.705      -1.982985
171.720      -1.977251
171.735      -1.971622
171.750      -1.966101
171.765      -1.960687
171.780      -1.955383
171.795      -1.950187
171.810      -1.945102
171.825      -1.940128
171.840      -1.935265
171.855      -1.930514
171.870      -1.925876
171.885      -1.921351
171.900      -1.916939
171.915      -1.912641
171.930      -1.908457
171.945      -1.904388
171.960      -1.900433
171.975      -1.896592
171.990      -1.892867
172.005      -1.889256
172.020      -1.885760
172.035      -1.882379
172.050      -1.879113
172.065      -1.875961
172.080      -1.872923
172.095      -1.869999
172.110      -1.867189
172.125      -1.864492
172.140      -1.861908
172.155      -1.859437
172.170      -1.857077
172.185      -1.854828
172.200      -1.852690
172.215      -1.850663
172.230      -1.848744
172.245      -1.846934
172.260      -1.845232
172.275      -1.843636
172.290      -1.842147
172.305      -1.840762
172.320      -1.839482
172.335      -1.838304
172.350      -1.837229
172.365      -1.836254
172.380      -1.835379
172.395      -1.834603
172.410      -1.833924
172.425      -1.833341
172.440      -1.832853
172.455      -1.832457
172.470      -1.832154
172.485      -1.831942
172.500      -1.831819
172.515      -1.831783
172.530      -1.831833
172.545      -1.831968
172.560      -1.832186
172.575      -1.832486
172.590      -1.832865
172.605      -1.833322
172.620      -1.833856
172.635      -1.834465
172.650      -1.835146
172.665      -1.835899
172.680      -1.836721
172.695      -1.837611
172.710      -1.838566
172.725      -1.839586
172.740      -1.840667
172.755      -1.841809
172.770      -1.843009
172.785      -1.844265
172.800      -1.845576
172.815      -1.846940
172.830      -1.848354
172.845      -1.849816
172.860      -1.851325
172.875      -1.852879
172.890      -1.854475
172.905      -1.856112
172.920      -1.857787
172.935      -1.859500
172.950      -1.861246
172.965      -1.863025
172.980      -1.864835
172.995      -1.866673
173.010      -1.868538
173.025      -1.870427
173.040      -1.872339
173.055      -1.874271
173.070      -1.876221
173.085      -1.878188
173.100      -1.880169
173.115      -1.882162
173.130      -1.884166
173.145      -1.886179
173.160      -1.888198
173.175      -1.890221
173.190      -1.892247
173.205      -1.894273
173.220      -1.896299
173.235      -1.898321
173.250      -1.900338
173.265      -1.902348
173.280      -1.904350
173.295      -1.906340
173.310      -1.908319
173.325      -1.910283
173.340      -1.912231
173.355      -1.914162
173.370      -1.916073
173.385      -1.917963
173.400      -1.919831
173.415      -1.921673
173.430      -1.923490
173.445      -1.925279
173.460      -1.927039
173.475      -1.928768
173.490      -1.930465
173.505      -1.932128
173.520      -1.933756
173.535      -1.935347
173.550      -1.936900
173.565      -1.938414
173.580      -1.939887
173.595      -1.941318
173.610      -1.942705
173.625      -1.944049
173.640      -1.945346
173.655      -1.946597
173.670      -1.947799
173.685      -1.948953
173.700      -1.950056
173.715      -1.951108
173.730      -1.952109
173.745      -1.953056
173.760      -1.953949
173.775      -1.954787
173.790      -1.955569
173.805      -1.956295
173.820      -1.956964
173.835      -1.957575
173.850      -1.958127
173.865      -1.958620
173.880      -1.959052
173.895      -1.959425
173.910      -1.959736
173.925      -1.959986
173.940      -1.960173
173.955      -1.960299
173.970      -1.960361
173.985      -1.960361
174.000      -1.960297
174.015      -1.960169
174.030      -1.959978
174.045      -1.959722
174.060      -1.959402
174.075      -1.959017
174.090      -1.958568
174.105      -1.958055
174.120      -1.957476
174.135      -1.956834
174.150      -1.956126
174.165      -1.955355
174.180      -1.954519
174.195      -1.953619
174.210      -1.952655
174.225      -1.951627
174.240      -1.950536
174.255      -1.949381
174.270      -1.948164
174.285      -1.946884
174.300      -1.945542
174.315      -1.944139
174.330      -1.942674
174.345      -1.941148
174.360      -1.939562
174.375      -1.937916
174.390      -1.936211
174.405      -1.934447
174.420      -1.932626
174.435      -1.930746
174.450      -1.928810
174.465      -1.926818
174.480      -1.924771
174.495      -1.922669
174.510      -1.920512
174.525      -1.918303
174.540      -1.916041
174.555      -1.913728
174.570      -1.911364
174.585      -1.908950
174.600      -1.906487
174.615      -1.903975
174.630      -1.901417
174.645      -1.898812
174.660      -1.896161
174.675      -1.893466
174.690      -1.890727
174.705      -1.887946
174.720      -1.885123
174.735      -1.882259
174.750      -1.879355
174.765      -1.876413
174.780      -1.873433
174.795      -1.870417
174.810      -1.867364
174.825      -1.864277
174.840      -1.861156
174.855      -1.858003
174.870      -1.854818
174.885      -1.851603
174.900      -1.848358
174.915      -1.845085
174.930      -1.841784
174.945      -1.838457
174.960      -1.835105
174.975      -1.831728
174.990      -1.828329
175.005      -1.824907
175.020      -1.821464
175.035      -1.818001
175.050      -1.814519
175.065      -1.811019
175.080      -1.807502
175.095      -1.803970
175.110      -1.800422
175.125      -1.796860
175.140      -1.793285
175.155      -1.789699
175.170      -1.786101
175.185      -1.782494
175.200      -1.778878
175.215      -1.775253
175.230      -1.771622
175.245      -1.767984
175.260      -1.764341
175.275      -1.760694
175.290      -1.757044
175.305      -1.753390
175.320      -1.749736
175.335      -1.746081
175.350      -1.742425
175.365      -1.738771
175.380      -1.735119
175.395      -1.731469
175.410      -1.727823
175.425      -1.724181
175.440      -1.720544
175.455      -1.716913
175.470      -1.713288
175.485      -1.709671
175.500      -1.706062
175.515      -1.702461
175.530      -1.698870
175.545      -1.695289
175.560      -1.691719
175.575      -1.688161
175.590      -1.684614
175.605      -1.681081
175.620      -1.677561
175.635      -1.674054
175.650      -1.670563
175.665      -1.667086
175.680      -1.663625
175.695      -1.660181
175.710      -1.656753
175.725      -1.653343
175.740      -1.649950
175.755      -1.646576
175.770      -1.643220
175.785      -1.639884
175.800      -1.636568
175.815      -1.633272
175.830      -1.629996
175.845      -1.626741
175.860      -1.623508
175.875      -1.620297
175.890      -1.617108
175.905      -1.613941
175.920      -1.610797
175.935      -1.607677
175.950      -1.604580
175.965      -1.601508
175.980      -1.598459
175.995      -1.595435
176.010      -1.592436
176.025      -1.589462
176.040      -1.586514
176.055      -1.583591
176.070      -1.580695
176.085      -1.577824
176.100      -1.574980
176.115      -1.572163
176.130      -1.569372
176.145      -1.566609
176.160      -1.563873
176.175      -1.561164
176.190      -1.558484
176.205      -1.555831
176.220      -1.553206
176.235      -1.550610
176.250      -1.548042
176.265      -1.545503
176.280      -1.542992
176.295      -1.540511
176.310      -1.538058
176.325      -1.535635
176.340      -1.533241
176.355      -1.530877
176.370      -1.528542
176.385      -1.526237
176.400      -1.523961
176.415      -1.521716
176.430      -1.519501
176.445      -1.517316
176.460      -1.515161
176.475      -1.513037
176.490      -1.510943
176.505      -1.508880
176.520      -1.506848
176.535      -1.504846
176.550      -1.502875
176.565      -1.500935
176.580      -1.499027
176.595      -1.497149
176.610      -1.495303
176.625      -1.493487
176.640      -1.491704
176.655      -1.489951
176.670      -1.488231
176.685      -1.486541
176.700      -1.484884
176.715      -1.483258
176.730      -1.481664
176.745      -1.480102
176.760      -1.478573
176.775      -1.477075
176.790      -1.475609
176.805      -1.474175
176.820      -1.472774
176.835      -1.471405
176.850      -1.470068
176.865      -1.468764
176.880      -1.467493
176.895      -1.466254
176.910      -1.465048
176.925      -1.463874
176.940      -1.462734
176.955      -1.461626
176.970      -1.460552
176.985      -1.459510
177.000      -1.458502
177.015      -1.457526
177.030      -1.456585
177.045      -1.455676
177.060      -1.454801
177.075      -1.453960
177.090      -1.453152
177.105      -1.452377
177.120      -1.451637
177.135      -1.450930
177.150      -1.450258
177.165      -1.449619
177.180      -1.449015
177.195      -1.448444
177.210      -1.447908
177.225      -1.447407
177.240      -1.446940
177.255      -1.446507
177.270      -1.446109
177.285      -1.445746
177.300      -1.445417
177.315      -1.445124
177.330      -1.444866
177.345      -1.444642
177.360      -1.444454
177.375      -1.444301
177.390      -1.444184
177.405      -1.444102
177.420      -1.444056
177.435      -1.444046
177.450      -1.444072
177.465      -1.444133
177.480      -1.444231
177.495      -1.444365
177.510      -1.444535
177.525      -1.444741
177.540      -1.444984
177.555      -1.445264
177.570      -1.445581
177.585      -1.445935
177.600      -1.446325
177.615      -1.446753
177.630      -1.447218
177.645      -1.447721
177.660      -1.448261
177.675      -1.448839
177.690      -1.449455
177.705      -1.450109
177.720      -1.450801
177.735      -1.451531
177.750      -1.452300
177.765      -1.453107
177.780      -1.453954
177.795      -1.454839
177.810      -1.455763
177.825      -1.456726
177.840      -1.457729
177.855      -1.458772
177.870      -1.459854
177.885      -1.460976
177.900      -1.462138
177.915      -1.463340
177.930      -1.464583
177.945      -1.465866
177.960      -1.467190
177.975      -1.468556
177.990      -1.469962
178.005      -1.471410
178.020      -1.472899
178.035      -1.474430
178.050      -1.476002
178.065      -1.477617
178.080      -1.479275
178.095      -1.480975
178.110      -1.482717
178.125      -1.484503
178.140      -1.486331
178.155      -1.488203
178.170      -1.490119
178.185      -1.492078
178.200      -1.494082
178.215      -1.496130
178.230      -1.498222
178.245      -1.500359
178.260      -1.502540
178.275      -1.504767
178.290      -1.507039
178.305      -1.509357
178.320      -1.511721
178.335      -1.514131
178.350      -1.516587
178.365      -1.519090
178.380      -1.521639
178.395      -1.524236
178.410      -1.526879
178.425      -1.529571
178.440      -1.532310
178.455      -1.535097
178.470      -1.537932
178.485      -1.540816
178.500      -1.543748
178.515      -1.546730
178.530      -1.549761
178.545      -1.552841
178.560      -1.555971
178.575      -1.559151
178.590      -1.562381
178.605      -1.565662
178.620      -1.568993
178.635      -1.572376
178.650      -1.575809
178.665      -1.579294
178.680      -1.582831
178.695      -1.586419
178.710      -1.590060
178.725      -1.593753
178.740      -1.597498
178.755      -1.601297
178.770      -1.605148
178.785      -1.609052
178.800      -1.613010
178.815      -1.617022
178.830      -1.621087
178.845      -1.625207
178.860      -1.629380
178.875      -1.633608
178.890      -1.637891
178.905      -1.642228
178.920      -1.646621
178.935      -1.651068
178.950      -1.655570
178.965      -1.660128
178.980      -1.664741
178.995      -1.669410
179.010      -1.674135
179.025      -1.678915
179.040      -1.683751
179.055      -1.688643
179.070      -1.693591
179.085      -1.698595
179.100      -1.703656
179.115      -1.708772
179.130      -1.713945
179.145      -1.719173
179.160      -1.724458
179.175      -1.729800
179.190      -1.735197
179.205      -1.740650
179.220      -1.746159
179.235      -1.751724
179.250      -1.757345
179.265      -1.763022
179.280      -1.768754
179.295      -1.774542
179.310      -1.780385
179.325      -1.786283
179.340      -1.792235
179.355      -1.798243
179.370      -1.804304
179.385      -1.810420
179.400      -1.816590
179.415      -1.822813
179.430      -1.829090
179.445      -1.835419
179.460      -1.841801
179.475      -1.848235
179.490      -1.854721
179.505      -1.861258
179.520      -1.867846
179.535      -1.874484
179.550      -1.881172
179.565      -1.887910
179.580      -1.894696
179.595      -1.901530
179.610      -1.908413
179.625      -1.915342
179.640      -1.922317
179.655      -1.929339
179.670      -1.936405
179.685      -1.943516
179.700      -1.950670
179.715      -1.957868
179.730      -1.965107
179.745      -1.972388
179.760      -1.979709
179.775      -1.987070
179.790      -1.994469
179.805      -2.001906
179.820      -2.009381
179.835      -2.016891
179.850      -2.024436
179.865      -2.032015
179.880      -2.039627
179.895      -2.047272
179.910      -2.054947
179.925      -2.062651
179.940      -2.070385
179.955      -2.078146
179.970      -2.085934
179.985      -2.093746
180.000      -2.101583
180.015      -2.109443
180.030      -2.117324
180.045      -2.125225
180.060      -2.133146
180.075      -2.141084
180.090      -2.149039
180.105      -2.157009
180.120      -2.164992
180.135      -2.172988
180.150      -2.180995
180.165      -2.189011
180.180      -2.197036
180.195      -2.205067
180.210      -2.213103
180.225      -2.221144
180.240      -2.229186
180.255      -2.237229
180.270      -2.245272
180.285      -2.253312
180.300      -2.261348
180.315      -2.269379
180.330      -2.277403
180.345      -2.285419
180.360      -2.293424
180.375      -2.301418
180.390      -2.309398
180.405      -2.317363
180.420      -2.325312
180.435      -2.333243
180.450      -2.341153
180.465      -2.349043
180.480      -2.356909
180.495      -2.364750
180.510      -2.372565
180.525      -2.380352
180.540      -2.388109
180.555      -2.395835
180.570      -2.403527
180.585      -2.411185
180.600      -2.418807
180.615      -2.426390
180.630      -2.433933
180.645      -2.441435
180.660      -2.448894
180.675      -2.456309
180.690      -2.463677
180.705      -2.470996
180.720      -2.478267
180.735      -2.485486
180.750      -2.492651
180.765      -2.499763
180.780      -2.506818
180.795      -2.513815
180.810      -2.520754
180.825      -2.527631
180.840      -2.534445
180.855      -2.541196
180.870      -2.547881
180.885      -2.554498
180.900      -2.561048
180.915      -2.567526
180.930      -2.573934
180.945      -2.580268
180.960      -2.586528
180.975      -2.592711
180.990      -2.598817
181.005      -2.604844
181.020      -2.610792
181.035      -2.616657
181.050      -2.622440
181.065      -2.628138
181.080      -2.633751
181.095      -2.639277
181.110      -2.644715
181.125      -2.650063
181.140      -2.655322
181.155      -2.660488
181.170      -2.665562
181.185      -2.670541
181.200      -2.675426
181.215      -2.680215
181.230      -2.684906
181.245      -2.689499
181.260      -2.693993
181.275      -2.698387
181.290      -2.702680
181.305      -2.706871
181.320      -2.710959
181.335      -2.714943
181.350      -2.718823
181.365      -2.722598
181.380      -2.726267
181.395      -2.729829
181.410      -2.733283
181.425      -2.736630
181.440      -2.739867
181.455      -2.742996
181.470      -2.746015
181.485      -2.748924
181.500      -2.751722
181.515      -2.754408
181.530      -2.756983
181.545      -2.759447
181.560      -2.761798
181.575      -2.764036
181.590      -2.766162
181.605      -2.768174
181.620      -2.770074
181.635      -2.771860
181.650      -2.773532
181.665      -2.775091
181.680      -2.776537
181.695      -2.777869
181.710      -2.779087
181.725      -2.780192
181.740      -2.781184
181.755      -2.782062
181.770      -2.782828
181.785      -2.783481
181.800      -2.784021
181.815      -2.784449
181.830      -2.784765
181.845      -2.784970
181.860      -2.785064
181.875      -2.785048
181.890      -2.784921
181.905      -2.784685
181.920      -2.784340
181.935      -2.783887
181.950      -2.783325
181.965      -2.782657
181.980      -2.781883
181.995      -2.781002
182.010      -2.780018
182.025      -2.778929
182.040      -2.777737
182.055      -2.776442
182.070      -2.775047
182.085      -2.773551
182.100      -2.771955
182.115      -2.770261
182.130      -2.768470
182.145      -2.766583
182.160      -2.764600
182.175      -2.762523
182.190      -2.760354
182.205      -2.758093
182.220      -2.755741
182.235      -2.753300
182.250      -2.750771
182.265      -2.748156
182.280      -2.745455
182.295      -2.742671
182.310      -2.739804
182.325      -2.736856
182.340      -2.733828
182.355      -2.730721
182.370      -2.727538
182.385      -2.724280
182.400      -2.720948
182.415      -2.717544
182.430      -2.714069
182.445      -2.710525
182.460      -2.706913
182.475      -2.703235
182.490      -2.699493
182.505      -2.695689
182.520      -2.691823
182.535      -2.687898
182.550      -2.683915
182.565      -2.679876
182.580      -2.675783
182.595      -2.671637
182.610      -2.667441
182.625      -2.663195
182.640      -2.658901
182.655      -2.654562
182.670      -2.650178
182.685      -2.645753
182.700      -2.641287
182.715      -2.636782
182.730      -2.632240
182.745      -2.627663
182.760      -2.623052
182.775      -2.618409
182.790      -2.613737
182.805      -2.609036
182.820      -2.604308
182.835      -2.599555
182.850      -2.594780
182.865      -2.589983
182.880      -2.585166
182.895      -2.580332
182.910      -2.575481
182.925      -2.570615
182.940      -2.565737
182.955      -2.560847
182.970      -2.555948
182.985      -2.551040
183.000      -2.546127
183.015      -2.541208
183.030      -2.536287
183.045      -2.531364
183.060      -2.526441
183.075      -2.521519
183.090      -2.516601
183.105      -2.511687
183.120      -2.506779
183.135      -2.501878
183.150      -2.496987
183.165      -2.492106
183.180      -2.487236
183.195      -2.482380
183.210      -2.477538
183.225      -2.472712
183.240      -2.467903
183.255      -2.463112
183.270      -2.458341
183.285      -2.453591
183.300      -2.448863
183.315      -2.444158
183.330      -2.439476
183.345      -2.434821
183.360      -2.430191
183.375      -2.425590
183.390      -2.421016
183.405      -2.416472
183.420      -2.411958
183.435      -2.407476
183.450      -2.403025
183.465      -2.398607
183.480      -2.394223
183.495      -2.389874
183.510      -2.385560
183.525      -2.381281
183.540      -2.377040
183.555      -2.372835
183.570      -2.368668
183.585      -2.364539
183.600      -2.360449
183.615      -2.356399
183.630      -2.352388
183.645      -2.348417
183.660      -2.344487
183.675      -2.340598
183.690      -2.336750
183.705      -2.332943
183.720      -2.329177
183.735      -2.325454
183.750      -2.321772
183.765      -2.318132
183.780      -2.314535
183.795      -2.310979
183.810      -2.307466
183.825      -2.303994
183.840      -2.300565
183.855      -2.297177
183.870      -2.293831
183.885      -2.290527
183.900      -2.287264
183.915      -2.284042
183.930      -2.280860
183.945      -2.277719
183.960      -2.274618
183.975      -2.271557
183.990      -2.268534
184.005      -2.265551
184.020      -2.262605
184.035      -2.259697
184.050      -2.256827
184.065      -2.253993
184.080      -2.251194
184.095      -2.248431
184.110      -2.245703
184.125      -2.243008
184.140      -2.240346
184.155      -2.237716
184.170      -2.235118
184.185      -2.232551
184.200      -2.230013
184.215      -2.227504
184.230      -2.225023
184.245      -2.222569
184.260      -2.220141
184.275      -2.217738
184.290      -2.215359
184.305      -2.213003
184.320      -2.210669
184.335      -2.208356
184.350      -2.206063
184.365      -2.203789
184.380      -2.201532
184.395      -2.199291
184.410      -2.197066
184.425      -2.194854
184.440      -2.192656
184.455      -2.190469
184.470      -2.188293
184.485      -2.186126
184.500      -2.183967
184.515      -2.181814
184.530      -2.179667
184.545      -2.177524
184.560      -2.175384
184.575      -2.173246
184.590      -2.171108
184.605      -2.168969
184.620      -2.166828
184.635      -2.164683
184.650      -2.162533
184.665      -2.160377
184.680      -2.158213
184.695      -2.156041
184.710      -2.153858
184.725      -2.151664
184.740      -2.149458
184.755      -2.147237
184.770      -2.145001
184.785      -2.142748
184.800      -2.140477
184.815      -2.138187
184.830      -2.135877
184.845      -2.133545
184.860      -2.131190
184.875      -2.128810
184.890      -2.126406
184.905      -2.123974
184.920      -2.121515
184.935      -2.119027
184.950      -2.116509
184.965      -2.113959
184.980      -2.111377
184.995      -2.108761
185.010      -2.106111
185.025      -2.103425
185.040      -2.100702
185.055      -2.097941
185.070      -2.095142
185.085      -2.092302
185.100      -2.089422
185.115      -2.086499
185.130      -2.083535
185.145      -2.080526
185.160      -2.077473
185.175      -2.074375
185.190      -2.071230
185.205      -2.068039
185.220      -2.064800
185.235      -2.061512
185.250      -2.058176
185.265      -2.054789
185.280      -2.051352
185.295      -2.047864
185.310      -2.044324
185.325      -2.040732
185.340      -2.037087
185.355      -2.033388
185.370      -2.029636
185.385      -2.025830
185.400      -2.021969
185.415      -2.018053
185.430      -2.014082
185.445      -2.010055
185.460      -2.005972
185.475      -2.001833
185.490      -1.997638
185.505      -1.993386
185.520      -1.989078
185.535      -1.984713
185.550      -1.980291
185.565      -1.975812
185.580      -1.971277
185.595      -1.966685
185.610      -1.962036
185.625      -1.957331
185.640      -1.952569
185.655      -1.947751
185.670      -1.942877
185.685      -1.937947
185.700      -1.932962
185.715      -1.927921
185.730      -1.922826
185.745      -1.917676
185.760      -1.912472
185.775      -1.907215
185.790      -1.901905
185.805      -1.896542
185.820      -1.891127
185.835      -1.885661
185.850      -1.880144
185.865      -1.874577
185.880      -1.868960
185.895      -1.863295
185.910      -1.857582
185.925      -1.851822
185.940      -1.846016
185.955      -1.840164
185.970      -1.834267
185.985      -1.828327
186.000      -1.822344
186.015      -1.816320
186.030      -1.810254
186.045      -1.804149
186.060      -1.798005
186.075      -1.791823
186.090      -1.785605
186.105      -1.779352
186.120      -1.773064
186.135      -1.766743
186.150      -1.760391
186.165      -1.754008
186.180      -1.747595
186.195      -1.741155
186.210      -1.734688
186.225      -1.728195
186.240      -1.721679
186.255      -1.715139
186.270      -1.708579
186.285      -1.701998
186.300      -1.695400
186.315      -1.688784
186.330      -1.682152
186.345      -1.675507
186.360      -1.668849
186.375      -1.662180
186.390      -1.655502
186.405      -1.648816
186.420      -1.642124
186.435      -1.635426
186.450      -1.628726
186.465      -1.622024
186.480      -1.615323
186.495      -1.608623
186.510      -1.601926
186.525      -1.595235
186.540      -1.588550
186.555      -1.581874
186.570      -1.575207
186.585      -1.568553
186.600      -1.561912
186.615      -1.555286
186.630      -1.548677
186.645      -1.542087
186.660      -1.535517
186.675      -1.528969
186.690      -1.522445
186.705      -1.515946
186.720      -1.509475
186.735      -1.503032
186.750      -1.496621
186.765      -1.490242
186.780      -1.483897
186.795      -1.477588
186.810      -1.471317
186.825      -1.465085
186.840      -1.458894
186.855      -1.452747
186.870      -1.446643
186.885      -1.440587
186.900      -1.434578
186.915      -1.428619
186.930      -1.422711
186.945      -1.416856
186.960      -1.411057
186.975      -1.405313
186.990      -1.399628
187.005      -1.394003
187.020      -1.388439
187.035      -1.382938
187.050      -1.377502
187.065      -1.372133
187.080      -1.366831
187.095      -1.361598
187.110      -1.356437
187.125      -1.351349
187.140      -1.346334
187.155      -1.341396
187.170      -1.336534
187.185      -1.331751
187.200      -1.327049
187.215      -1.322428
187.230      -1.317890
187.245      -1.313437
187.260      -1.309070
187.275      -1.304790
187.290      -1.300599
187.305      -1.296498
187.320      -1.292488
187.335      -1.288571
187.350      -1.284748
187.365      -1.281021
187.380      -1.277390
187.395      -1.273856
187.410      -1.270422
187.425      -1.267087
187.440      -1.263854
187.455      -1.260724
187.470      -1.257696
187.485      -1.254774
187.500      -1.251957
187.515      -1.249246
187.530      -1.246643
187.545      -1.244149
187.560      -1.241764
187.575      -1.239490
187.590      -1.237327
187.605      -1.235277
187.620      -1.233339
187.635      -1.231516
187.650      -1.229807
187.665      -1.228213
187.680      -1.226735
187.695      -1.225375
187.710      -1.224131
187.725      -1.223006
187.740      -1.222000
187.755      -1.221112
187.770      -1.220345
187.785      -1.219698
187.800      -1.219171
187.815      -1.218766
187.830      -1.218482
187.845      -1.218321
187.860      -1.218282
187.875      -1.218365
187.890      -1.218571
187.905      -1.218901
187.920      -1.219354
187.935      -1.219931
187.950      -1.220631
187.965      -1.221455
187.980      -1.222404
187.995      -1.223476
188.010      -1.224672
188.025      -1.225993
188.040      -1.227437
188.055      -1.229006
188.070      -1.230698
188.085      -1.232514
188.100      -1.234453
188.115      -1.236516
188.130      -1.238702
188.145      -1.241010
188.160      -1.243441
188.175      -1.245995
188.190      -1.248670
188.205      -1.251466
188.220      -1.254384
188.235      -1.257422
188.250      -1.260580
188.265      -1.263857
188.280      -1.267253
188.295      -1.270768
188.310      -1.274400
188.325      -1.278150
188.340      -1.282016
188.355      -1.285997
188.370      -1.290093
188.385      -1.294304
188.400      -1.298628
188.415      -1.303064
188.430      -1.307612
188.445      -1.312271
188.460      -1.317039
188.475      -1.321916
188.490      -1.326901
188.505      -1.331993
188.520      -1.337191
188.535      -1.342494
188.550      -1.347900
188.565      -1.353409
188.580      -1.359019
188.595      -1.364730
188.610      -1.370539
188.625      -1.376447
188.640      -1.382451
188.655      -1.388550
188.670      -1.394743
188.685      -1.401029
188.700      -1.407406
188.715      -1.413874
188.730      -1.420430
188.745      -1.427073
188.760      -1.433801
188.775      -1.440615
188.790      -1.447510
188.805      -1.454488
188.820      -1.461545
188.835      -1.468680
188.850      -1.475892
188.865      -1.483179
188.880      -1.490540
188.895      -1.497973
188.910      -1.505476
188.925      -1.513048
188.940      -1.520686
188.955      -1.528390
188.970      -1.536158
188.985      -1.543987
189.000      -1.551877
189.015      -1.559825
189.030      -1.567830
189.045      -1.575890
189.060      -1.584003
189.075      -1.592167
189.090      -1.600381
189.105      -1.608643
189.120      -1.616950
189.135      -1.625301
189.150      -1.633695
189.165      -1.642129
189.180      -1.650602
189.195      -1.659111
189.210      -1.667655
189.225      -1.676232
189.240      -1.684839
189.255      -1.693476
189.270      -1.702140
189.285      -1.710828
189.300      -1.719541
189.315      -1.728274
189.330      -1.737027
189.345      -1.745797
189.360      -1.754583
189.375      -1.763383
189.390      -1.772194
189.405      -1.781014
189.420      -1.789843
189.435      -1.798677
189.450      -1.807515
189.465      -1.816355
189.480      -1.825194
189.495      -1.834032
189.510      -1.842866
189.525      -1.851693
189.540      -1.860513
189.555      -1.869323
189.570      -1.878121
189.585      -1.886906
189.600      -1.895675
189.615      -1.904426
189.630      -1.913158
189.645      -1.921869
189.660      -1.930556
189.675      -1.939218
189.690      -1.947853
189.705      -1.956459
189.720      -1.965034
189.735      -1.973577
189.750      -1.982085
189.765      -1.990556
189.780      -1.998990
189.795      -2.007383
189.810      -2.015735
189.825      -2.024043
189.840      -2.032305
189.855      -2.040521
189.870      -2.048688
189.885      -2.056804
189.900      -2.064867
189.915      -2.072877
189.930      -2.080831
189.945      -2.088727
189.960      -2.096564
189.975      -2.104341
189.990      -2.112056
190.005      -2.119706
190.020      -2.127291
190.035      -2.134809
190.050      -2.142259
190.065      -2.149638
190.080      -2.156946
190.095      -2.164181
190.110      -2.171342
190.125      -2.178426
190.140      -2.185434
190.155      -2.192363
190.170      -2.199211
190.185      -2.205979
190.200      -2.212664
190.215      -2.219265
190.230      -2.225781
190.245      -2.232211
190.260      -2.238553
190.275      -2.244807
190.290      -2.250971
190.305      -2.257044
190.320      -2.263025
190.335      -2.268913
190.350      -2.274708
190.365      -2.280407
190.380      -2.286011
190.395      -2.291517
190.410      -2.296926
190.425      -2.302237
190.440      -2.307448
190.455      -2.312559
190.470      -2.317569
190.485      -2.322478
190.500      -2.327284
190.515      -2.331988
190.530      -2.336588
190.545      -2.341083
190.560      -2.345475
190.575      -2.349761
190.590      -2.353941
190.605      -2.358015
190.620      -2.361983
190.635      -2.365844
190.650      -2.369597
190.665      -2.373243
190.680      -2.376782
190.695      -2.380212
190.710      -2.383534
190.725      -2.386748
190.740      -2.389853
190.755      -2.392850
190.770      -2.395738
190.785      -2.398518
190.800      -2.401189
190.815      -2.403751
190.830      -2.406205
190.845      -2.408551
190.860      -2.410788
190.875      -2.412918
190.890      -2.414940
190.905      -2.416854
190.920      -2.418661
190.935      -2.420362
190.950      -2.421956
190.965      -2.423444
190.980      -2.424826
190.995      -2.426104
191.010      -2.427276
191.025      -2.428345
191.040      -2.429310
191.055      -2.430173
191.070      -2.430933
191.085      -2.431592
191.100      -2.432150
191.115      -2.432608
191.130      -2.432966
191.145      -2.433226
191.160      -2.433389
191.175      -2.433454
191.190      -2.433424
191.205      -2.433299
191.220      -2.433079
191.235      -2.432767
191.250      -2.432362
191.265      -2.431867
191.280      -2.431281
191.295      -2.430607
191.310      -2.429845
191.325      -2.428996
191.340      -2.428062
191.355      -2.427043
191.370      -2.425942
191.385      -2.424758
191.400      -2.423494
191.415      -2.422151
191.430      -2.420730
191.445      -2.419231
191.460      -2.417658
191.475      -2.416010
191.490      -2.414290
191.505      -2.412498
191.520      -2.410637
191.535      -2.408707
191.550      -2.406710
191.565      -2.404648
191.580      -2.402521
191.595      -2.400332
191.610      -2.398082
191.625      -2.395772
191.640      -2.393404
191.655      -2.390980
191.670      -2.388500
191.685      -2.385967
191.700      -2.383382
191.715      -2.380746
191.730      -2.378062
191.745      -2.375330
191.760      -2.372553
191.775      -2.369732
191.790      -2.366868
191.805      -2.363963
191.820      -2.361019
191.835      -2.358037
191.850      -2.355019
191.865      -2.351967
191.880      -2.348881
191.895      -2.345765
191.910      -2.342618
191.925      -2.339444
191.940      -2.336242
191.955      -2.333016
191.970      -2.329766
191.985      -2.326495
192.000      -2.323203
192.015      -2.319892
192.030      -2.316564
192.045      -2.313221
192.060      -2.309864
192.075      -2.306493
192.090      -2.303112
192.105      -2.299722
192.120      -2.296323
192.135      -2.292917
192.150      -2.289507
192.165      -2.286093
192.180      -2.282676
192.195      -2.279259
192.210      -2.275843
192.225      -2.272428
192.240      -2.269017
192.255      -2.265610
192.270      -2.262210
192.285      -2.258817
192.300      -2.255433
192.315      -2.252059
192.330      -2.248696
192.345      -2.245346
192.360      -2.242010
192.375      -2.238688
192.390      -2.235383
192.405      -2.232095
192.420      -2.228826
192.435      -2.225576
192.450      -2.222348
192.465      -2.219141
192.480      -2.215957
192.495      -2.212797
192.510      -2.209662
192.525      -2.206553
192.540      -2.203471
192.555      -2.200417
192.570      -2.197391
192.585      -2.194396
192.600      -2.191431
192.615      -2.188497
192.630      -2.185596
192.645      -2.182728
192.660      -2.179894
192.675      -2.177094
192.690      -2.174330
192.705      -2.171602
192.720      -2.168910
192.735      -2.166256
192.750      -2.163639
192.765      -2.161061
192.780      -2.158523
192.795      -2.156024
192.810      -2.153565
192.825      -2.151147
192.840      -2.148770
192.855      -2.146434
192.870      -2.144141
192.885      -2.141889
192.900      -2.139681
192.915      -2.137516
192.930      -2.135393
192.945      -2.133315
192.960      -2.131280
192.975      -2.129290
192.990      -2.127344
193.005      -2.125442
193.020      -2.123585
193.035      -2.121773
193.050      -2.120005
193.065      -2.118283
193.080      -2.116606
193.095      -2.114973
193.110      -2.113386
193.125      -2.111844
193.140      -2.110347
193.155      -2.108894
193.170      -2.107487
193.185      -2.106124
193.200      -2.104806
193.215      -2.103532
193.230      -2.102303
193.245      -2.101117
193.260      -2.099975
193.275      -2.098877
193.290      -2.097823
193.305      -2.096811
193.320      -2.095842
193.335      -2.094916
193.350      -2.094031
193.365      -2.093188
193.380      -2.092387
193.395      -2.091626
193.410      -2.090906
193.425      -2.090226
193.440      -2.089585
193.455      -2.088983
193.470      -2.088420
193.485      -2.087896
193.500      -2.087408
193.515      -2.086958
193.530      -2.086544
193.545      -2.086166
193.560      -2.085823
193.575      -2.085515
193.590      -2.085240
193.605      -2.084999
193.620      -2.084791
193.635      -2.084615
193.650      -2.084470
193.665      -2.084356
193.680      -2.084272
193.695      -2.084217
193.710      -2.084191
193.725      -2.084192
193.740      -2.084221
193.755      -2.084275
193.770      -2.084355
193.785      -2.084460
193.800      -2.084589
193.815      -2.084740
193.830      -2.084914
193.845      -2.085110
193.860      -2.085326
193.875      -2.085562
193.890      -2.085816
193.905      -2.086089
193.920      -2.086379
193.935      -2.086685
193.950      -2.087007
193.965      -2.087344
193.980      -2.087694
193.995      -2.088056
194.010      -2.088431
194.025      -2.088817
194.040      -2.089213
194.055      -2.089618
194.070      -2.090031
194.085      -2.090452
194.100      -2.090879
194.115      -2.091312
194.130      -2.091749
194.145      -2.092191
194.160      -2.092634
194.175      -2.093080
194.190      -2.093527
194.205      -2.093974
194.220      -2.094420
194.235      -2.094864
194.250      -2.095305
194.265      -2.095743
194.280      -2.096176
194.295      -2.096604
194.310      -2.097025
194.325      -2.097439
194.340      -2.097845
194.355      -2.098242
194.370      -2.098629
194.385      -2.099006
194.400      -2.099370
194.415      -2.099722
194.430      -2.100061
194.445      -2.100385
194.460      -2.100694
194.475      -2.100987
194.490      -2.101263
194.505      -2.101522
194.520      -2.101762
194.535      -2.101983
194.550      -2.102184
194.565      -2.102364
194.580      -2.102523
194.595      -2.102658
194.610      -2.102771
194.625      -2.102860
194.640      -2.102924
194.655      -2.102963
194.670      -2.102976
194.685      -2.102962
194.700      -2.102920
194.715      -2.102850
194.730      -2.102752
194.745      -2.102624
194.760      -2.102465
194.775      -2.102277
194.790      -2.102056
194.805      -2.101804
194.820      -2.101520
194.835      -2.101202
194.850      -2.100851
194.865      -2.100466
194.880      -2.100046
194.895      -2.099591
194.910      -2.099101
194.925      -2.098574
194.940      -2.098011
194.955      -2.097411
194.970      -2.096774
194.985      -2.096100
195.000      -2.095387
195.015      -2.094636
195.030      -2.093846
195.045      -2.093018
195.060      -2.092150
195.075      -2.091242
195.090      -2.090295
195.105      -2.089308
195.120      -2.088281
195.135      -2.087213
195.150      -2.086105
195.165      -2.084956
195.180      -2.083767
195.195      -2.082536
195.210      -2.081265
195.225      -2.079953
195.240      -2.078600
195.255      -2.077205
195.270      -2.075770
195.285      -2.074294
195.300      -2.072777
195.315      -2.071219
195.330      -2.069620
195.345      -2.067981
195.360      -2.066301
195.375      -2.064582
195.390      -2.062822
195.405      -2.061022
195.420      -2.059183
195.435      -2.057304
195.450      -2.055387
195.465      -2.053431
195.480      -2.051436
195.495      -2.049403
195.510      -2.047333
195.525      -2.045226
195.540      -2.043082
195.555      -2.040901
195.570      -2.038685
195.585      -2.036434
195.600      -2.034147
195.615      -2.031827
195.630      -2.029472
195.645      -2.027085
195.660      -2.024665
195.675      -2.022214
195.690      -2.019731
195.705      -2.017217
195.720      -2.014674
195.735      -2.012102
195.750      -2.009501
195.765      -2.006873
195.780      -2.004218
195.795      -2.001538
195.810      -1.998832
195.825      -1.996101
195.840      -1.993348
195.855      -1.990572
195.870      -1.987774
195.885      -1.984955
195.900      -1.982117
195.915      -1.979260
195.930      -1.976386
195.945      -1.973494
195.960      -1.970587
195.975      -1.967665
195.990      -1.964729
196.005      -1.961781
196.020      -1.958821
196.035      -1.955851
196.050      -1.952872
196.065      -1.949884
196.080      -1.946890
196.095      -1.943890
196.110      -1.940884
196.125      -1.937876
196.140      -1.934865
196.155      -1.931853
196.170      -1.928841
196.185      -1.925831
196.200      -1.922823
196.215      -1.919819
196.230      -1.916821
196.245      -1.913828
196.260      -1.910844
196.275      -1.907868
196.290      -1.904902
196.305      -1.901948
196.320      -1.899007
196.335      -1.896080
196.350      -1.893169
196.365      -1.890274
196.380      -1.887398
196.395      -1.884541
196.410      -1.881704
196.425      -1.878890
196.440      -1.876099
196.455      -1.873333
196.470      -1.870593
196.485      -1.867881
196.500      -1.865197
196.515      -1.862543
196.530      -1.859920
196.545      -1.857330
196.560      -1.854774
196.575      -1.852253
196.590      -1.849769
196.605      -1.847322
196.620      -1.844915
196.635      -1.842548
196.650      -1.840222
196.665      -1.837940
196.680      -1.835701
196.695      -1.833508
196.710      -1.831361
196.725      -1.829262
196.740      -1.827212
196.755      -1.825212
196.770      -1.823263
196.785      -1.821366
196.800      -1.819523
196.815      -1.817735
196.830      -1.816002
196.845      -1.814326
196.860      -1.812708
196.875      -1.811148
196.890      -1.809649
196.905      -1.808210
196.920      -1.806833
196.935      -1.805518
196.950      -1.804268
196.965      -1.803082
196.980      -1.801961
196.995      -1.800906
197.010      -1.799919
197.025      -1.798999
197.040      -1.798148
197.055      -1.797366
197.070      -1.796654
197.085      -1.796013
197.100      -1.795443
197.115      -1.794946
197.130      -1.794521
197.145      -1.794169
197.160      -1.793890
197.175      -1.793686
197.190      -1.793556
197.205      -1.793502
197.220      -1.793523
197.235      -1.793619
197.250      -1.793792
197.265      -1.794041
197.280      -1.794367
197.295      -1.794770
197.310      -1.795250
197.325      -1.795807
197.340      -1.796442
197.355      -1.797153
197.370      -1.797943
197.385      -1.798810
197.400      -1.799754
197.415      -1.800776
197.430      -1.801875
197.445      -1.803051
197.460      -1.804304
197.475      -1.805634
197.490      -1.807041
197.505      -1.808523
197.520      -1.810082
197.535      -1.811716
197.550      -1.813425
197.565      -1.815209
197.580      -1.817067
197.595      -1.818998
197.610      -1.821003
197.625      -1.823080
197.640      -1.825230
197.655      -1.827450
197.670      -1.829741
197.685      -1.832102
197.700      -1.834532
197.715      -1.837030
197.730      -1.839595
197.745      -1.842227
197.760      -1.844924
197.775      -1.847686
197.790      -1.850512
197.805      -1.853400
197.820      -1.856350
197.835      -1.859360
197.850      -1.862430
197.865      -1.865558
197.880      -1.868743
197.895      -1.871984
197.910      -1.875279
197.925      -1.878627
197.940      -1.882028
197.955      -1.885479
197.970      -1.888980
197.985      -1.892528
198.000      -1.896123
198.015      -1.899763
198.030      -1.903447
198.045      -1.907173
198.060      -1.910939
198.075      -1.914745
198.090      -1.918587
198.105      -1.922466
198.120      -1.926379
198.135      -1.930325
198.150      -1.934302
198.165      -1.938309
198.180      -1.942343
198.195      -1.946403
198.210      -1.950487
198.225      -1.954594
198.240      -1.958722
198.255      -1.962869
198.270      -1.967033
198.285      -1.971213
198.300      -1.975406
198.315      -1.979612
198.330      -1.983827
198.345      -1.988051
198.360      -1.992281
198.375      -1.996517
198.390      -2.000754
198.405      -2.004993
198.420      -2.009231
198.435      -2.013467
198.450      -2.017697
198.465      -2.021922
198.480      -2.026138
198.495      -2.030344
198.510      -2.034538
198.525      -2.038718
198.540      -2.042883
198.555      -2.047030
198.570      -2.051158
198.585      -2.055265
198.600      -2.059348
198.615      -2.063407
198.630      -2.067440
198.645      -2.071444
198.660      -2.075418
198.675      -2.079360
198.690      -2.083268
198.705      -2.087141
198.720      -2.090977
198.735      -2.094774
198.750      -2.098530
198.765      -2.102244
198.780      -2.105914
198.795      -2.109539
198.810      -2.113117
198.825      -2.116645
198.840      -2.120124
198.855      -2.123550
198.870      -2.126923
198.885      -2.130240
198.900      -2.133502
198.915      -2.136705
198.930      -2.139848
198.945      -2.142931
198.960      -2.145952
198.975      -2.148908
198.990      -2.151800
199.005      -2.154625
199.020      -2.157383
199.035      -2.160071
199.050      -2.162690
199.065      -2.165237
199.080      -2.167711
199.095      -2.170111
199.110      -2.172437
199.125      -2.174687
199.140      -2.176859
199.155      -2.178954
199.170      -2.180969
199.185      -2.182904
199.200      -2.184759
199.215      -2.186531
199.230      -2.188221
199.245      -2.189826
199.260      -2.191348
199.275      -2.192784
199.290      -2.194135
199.305      -2.195398
199.320      -2.196575
199.335      -2.197663
199.350      -2.198663
199.365      -2.199574
199.380      -2.200395
199.395      -2.201126
199.410      -2.201766
199.425      -2.202316
199.440      -2.202773
199.455      -2.203140
199.470      -2.203414
199.485      -2.203595
199.500      -2.203684
199.515      -2.203681
199.530      -2.203584
199.545      -2.203394
199.560      -2.203111
199.575      -2.202734
199.590      -2.202264
199.605      -2.201701
199.620      -2.201044
199.635      -2.200294
199.650      -2.199451
199.665      -2.198515
199.680      -2.197486
199.695      -2.196364
199.710      -2.195150
199.725      -2.193844
199.740      -2.192445
199.755      -2.190956
199.770      -2.189375
199.785      -2.187703
199.800      -2.185941
199.815      -2.184089
199.830      -2.182148
199.845      -2.180118
199.860      -2.177999
199.875      -2.175793
199.890      -2.173500
199.905      -2.171120
199.920      -2.168655
199.935      -2.166105
199.950      -2.163470
199.965      -2.160752
199.980      -2.157951
199.995      -2.155068
200.010      -2.152105
200.025      -2.149061
200.040      -2.145938
200.055      -2.142736
200.070      -2.139457
200.085      -2.136102
200.100      -2.132672
200.115      -2.129167
200.130      -2.125589
200.145      -2.121939
200.160      -2.118218
200.175      -2.114427
200.190      -2.110567
200.205      -2.106640
200.220      -2.102646
200.235      -2.098587
200.250      -2.094464
200.265      -2.090279
200.280      -2.086033
200.295      -2.081726
200.310      -2.077361
200.325      -2.072939
200.340      -2.068460
200.355      -2.063927
200.370      -2.059341
200.385      -2.054703
200.400      -2.050015
200.415      -2.045278
200.430      -2.040494
200.445      -2.035664
200.460      -2.030790
200.475      -2.025872
200.490      -2.020914
200.505      -2.015916
200.520      -2.010879
200.535      -2.005806
200.550      -2.000698
200.565      -1.995556
200.580      -1.990383
200.595      -1.985179
200.610      -1.979947
200.625      -1.974688
200.640      -1.969403
200.655      -1.964095
200.670      -1.958765
200.685      -1.953415
200.700      -1.948045
200.715      -1.942659
200.730      -1.937258
200.745      -1.931843
200.760      -1.926417
200.775      -1.920980
200.790      -1.915534
200.805      -1.910082
200.820      -1.904625
200.835      -1.899164
200.850      -1.893702
200.865      -1.888240
200.880      -1.882780
200.895      -1.877323
200.910      -1.871872
200.925      -1.866427
200.940      -1.860991
200.955      -1.855566
200.970      -1.850152
200.985      -1.844752
201.000      -1.839368
201.015      -1.834001
201.030      -1.828653
201.045      -1.823325
201.060      -1.818020
201.075      -1.812738
201.090      -1.807482
201.105      -1.802253
201.120      -1.797053
201.135      -1.791883
201.150      -1.786746
201.165      -1.781642
201.180      -1.776573
201.195      -1.771542
201.210      -1.766548
201.225      -1.761595
201.240      -1.756683
201.255      -1.751815
201.270      -1.746991
201.285      -1.742213
201.300      -1.737483
201.315      -1.732802
201.330      -1.728171
201.345      -1.723593
201.360      -1.719068
201.375      -1.714598
201.390      -1.710184
201.405      -1.705828
201.420      -1.701531
201.435      -1.697294
201.450      -1.693119
201.465      -1.689007
201.480      -1.684959
201.495      -1.680977
201.510      -1.677062
201.525      -1.673215
201.540      -1.669437
201.555      -1.665729
201.570      -1.662093
201.585      -1.658530
201.600      -1.655040
201.615      -1.651626
201.630      -1.648287
201.645      -1.645026
201.660      -1.641843
201.675      -1.638739
201.690      -1.635715
201.705      -1.632772
201.720      -1.629911
201.735      -1.627132
201.750      -1.624438
201.765      -1.621828
201.780      -1.619304
201.795      -1.616866
201.810      -1.614515
201.825      -1.612252
201.840      -1.610078
201.855      -1.607993
201.870      -1.605998
201.885      -1.604093
201.900      -1.602280
201.915      -1.600559
201.930      -1.598930
201.945      -1.597395
201.960      -1.595953
201.975      -1.594605
201.990      -1.593352
202.005      -1.592194
202.020      -1.591131
202.035      -1.590164
202.050      -1.589294
202.065      -1.588520
202.080      -1.587844
202.095      -1.587264
202.110      -1.586783
202.125      -1.586399
202.140      -1.586113
202.155      -1.585926
202.170      -1.585837
202.185      -1.585847
202.200      -1.585956
202.215      -1.586164
202.230      -1.586471
202.245      -1.586877
202.260      -1.587382
202.275      -1.587986
202.290      -1.588690
202.305      -1.589493
202.320      -1.590395
202.335      -1.591396
202.350      -1.592496
202.365      -1.593695
202.380      -1.594992
202.395      -1.596388
202.410      -1.597883
202.425      -1.599475
202.440      -1.601166
202.455      -1.602954
202.470      -1.604840
202.485      -1.606823
202.500      -1.608903
202.515      -1.611079
202.530      -1.613351
202.545      -1.615719
202.560      -1.618182
202.575      -1.620741
202.590      -1.623393
202.605      -1.626140
202.620      -1.628981
202.635      -1.631914
202.650      -1.634940
202.665      -1.638059
202.680      -1.641268
202.695      -1.644569
202.710      -1.647960
202.725      -1.651440
202.740      -1.655010
202.755      -1.658668
202.770      -1.662414
202.785      -1.666247
202.800      -1.670166
202.815      -1.674172
202.830      -1.678262
202.845      -1.682436
202.860      -1.686694
202.875      -1.691035
202.890      -1.695457
202.905      -1.699961
202.920      -1.704545
202.935      -1.709208
202.950      -1.713950
202.965      -1.718770
202.980      -1.723666
202.995      -1.728638
203.010      -1.733686
203.025      -1.738807
203.040      -1.744002
203.055      -1.749269
203.070      -1.754607
203.085      -1.760015
203.100      -1.765493
203.115      -1.771039
203.130      -1.776651
203.145      -1.782331
203.160      -1.788075
203.175      -1.793883
203.190      -1.799754
203.205      -1.805688
203.220      -1.811682
203.235      -1.817735
203.250      -1.823847
203.265      -1.830017
203.280      -1.836243
203.295      -1.842524
203.310      -1.848859
203.325      -1.855246
203.340      -1.861686
203.355      -1.868175
203.370      -1.874714
203.385      -1.881300
203.400      -1.887934
203.415      -1.894612
203.430      -1.901335
203.445      -1.908101
203.460      -1.914909
203.475      -1.921756
203.490      -1.928643
203.505      -1.935568
203.520      -1.942529
203.535      -1.949525
203.550      -1.956555
203.565      -1.963617
203.580      -1.970710
203.595      -1.977833
203.610      -1.984984
203.625      -1.992163
203.640      -1.999367
203.655      -2.006595
203.670      -2.013845
203.685      -2.021118
203.700      -2.028410
203.715      -2.035720
203.730      -2.043048
203.745      -2.050391
203.760      -2.057749
203.775      -2.065119
203.790      -2.072501
203.805      -2.079892
203.820      -2.087292
203.835      -2.094698
203.850      -2.102110
203.865      -2.109526
203.880      -2.116944
203.895      -2.124363
203.910      -2.131782
203.925      -2.139198
203.940      -2.146611
203.955      -2.154018
203.970      -2.161419
203.985      -2.168812
204.000      -2.176194
204.015      -2.183566
204.030      -2.190924
204.045      -2.198269
204.060      -2.205597
204.075      -2.212908
204.090      -2.220200
204.105      -2.227471
204.120      -2.234720
204.135      -2.241945
204.150      -2.249145
204.165      -2.256318
204.180      -2.263462
204.195      -2.270577
204.210      -2.277660
204.225      -2.284710
204.240      -2.291725
204.255      -2.298704
204.270      -2.305645
204.285      -2.312547
204.300      -2.319407
204.315      -2.326225
204.330      -2.332999
204.345      -2.339728
204.360      -2.346408
204.375      -2.353041
204.390      -2.359622
204.405      -2.366152
204.420      -2.372628
204.435      -2.379049
204.450      -2.385414
204.465      -2.391720
204.480      -2.397967
204.495      -2.404153
204.510      -2.410275
204.525      -2.416334
204.540      -2.422326
204.555      -2.428251
204.570      -2.434108
204.585      -2.439894
204.600      -2.445608
204.615      -2.451248
204.630      -2.456814
204.645      -2.462304
204.660      -2.467715
204.675      -2.473048
204.690      -2.478299
204.705      -2.483469
204.720      -2.488555
204.735      -2.493556
204.750      -2.498470
204.765      -2.503297
204.780      -2.508035
204.795      -2.512681
204.810      -2.517236
204.825      -2.521698
204.840      -2.526064
204.855      -2.530335
204.870      -2.534509
204.885      -2.538583
204.900      -2.542558
204.915      -2.546432
204.930      -2.550203
204.945      -2.553870
204.960      -2.557432
204.975      -2.560889
204.990      -2.564237
205.005      -2.567478
205.020      -2.570608
205.035      -2.573628
205.050      -2.576535
205.065      -2.579330
205.080      -2.582010
205.095      -2.584575
205.110      -2.587024
205.125      -2.589356
205.140      -2.591569
205.155      -2.593662
205.170      -2.595636
205.185      -2.597488
205.200      -2.599218
205.215      -2.600825
205.230      -2.602308
205.245      -2.603666
205.260      -2.604899
205.275      -2.606005
205.290      -2.606984
205.305      -2.607835
205.320      -2.608557
205.335      -2.609151
205.350      -2.609614
205.365      -2.609946
205.380      -2.610147
205.395      -2.610216
205.410      -2.610153
205.425      -2.609957
205.440      -2.609628
205.455      -2.609164
205.470      -2.608566
205.485      -2.607834
205.500      -2.606966
205.515      -2.605963
205.530      -2.604824
205.545      -2.603549
205.560      -2.602138
205.575      -2.600590
205.590      -2.598905
205.605      -2.597083
205.620      -2.595125
205.635      -2.593029
205.650      -2.590797
205.665      -2.588427
205.680      -2.585920
205.695      -2.583276
205.710      -2.580495
205.725      -2.577577
205.740      -2.574522
205.755      -2.571331
205.770      -2.568004
205.785      -2.564541
205.800      -2.560942
205.815      -2.557207
205.830      -2.553338
205.845      -2.549335
205.860      -2.545197
205.875      -2.540926
205.890      -2.536521
205.905      -2.531985
205.920      -2.527316
205.935      -2.522517
205.950      -2.517587
205.965      -2.512527
205.980      -2.507338
205.995      -2.502021
206.010      -2.496577
206.025      -2.491007
206.040      -2.485311
206.055      -2.479490
206.070      -2.473546
206.085      -2.467480
206.100      -2.461292
206.115      -2.454984
206.130      -2.448557
206.145      -2.442012
206.160      -2.435350
206.175      -2.428574
206.190      -2.421683
206.205      -2.414679
206.220      -2.407565
206.235      -2.400340
206.250      -2.393008
206.265      -2.385568
206.280      -2.378024
206.295      -2.370376
206.310      -2.362625
206.325      -2.354775
206.340      -2.346826
206.355      -2.338780
206.370      -2.330639
206.385      -2.322405
206.400      -2.314080
206.415      -2.305665
206.430      -2.297163
206.445      -2.288575
206.460      -2.279904
206.475      -2.271151
206.490      -2.262319
206.505      -2.253409
206.520      -2.244425
206.535      -2.235367
206.550      -2.226239
206.565      -2.217042
206.580      -2.207779
206.595      -2.198451
206.610      -2.189063
206.625      -2.179615
206.640      -2.170110
206.655      -2.160550
206.670      -2.150939
206.685      -2.141278
206.700      -2.131570
206.715      -2.121818
206.730      -2.112024
206.745      -2.102190
206.760      -2.092319
206.775      -2.082415
206.790      -2.072479
206.805      -2.062514
206.820      -2.052523
206.835      -2.042508
206.850      -2.032473
206.865      -2.022420
206.880      -2.012352
206.895      -2.002271
206.910      -1.992181
206.925      -1.982083
206.940      -1.971982
206.955      -1.961880
206.970      -1.951779
206.985      -1.941683
207.000      -1.931594
207.015      -1.921515
207.030      -1.911450
207.045      -1.901400
207.060      -1.891370
207.075      -1.881361
207.090      -1.871377
207.105      -1.861420
207.120      -1.851494
207.135      -1.841602
207.150      -1.831745
207.165      -1.821928
207.180      -1.812153
207.195      -1.802423
207.210      -1.792740
207.225      -1.783109
207.240      -1.773531
207.255      -1.764009
207.270      -1.754547
207.285      -1.745147
207.300      -1.735812
207.315      -1.726544
207.330      -1.717347
207.345      -1.708224
207.360      -1.699177
207.375      -1.690208
207.390      -1.681321
207.405      -1.672519
207.420      -1.663804
207.435      -1.655178
207.450      -1.646644
207.465      -1.638206
207.480      -1.629865
207.495      -1.621624
207.510      -1.613486
207.525      -1.605453
207.540      -1.597528
207.555      -1.589713
207.570      -1.582010
207.585      -1.574423
207.600      -1.566952
207.615      -1.559601
207.630      -1.552373
207.645      -1.545268
207.660      -1.538290
207.675      -1.531440
207.690      -1.524721
207.705      -1.518135
207.720      -1.511684
207.735      -1.505370
207.750      -1.499195
207.765      -1.493160
207.780      -1.487268
207.795      -1.481521
207.810      -1.475920
207.825      -1.470468
207.840      -1.465165
207.855      -1.460014
207.870      -1.455015
207.885      -1.450172
207.900      -1.445485
207.915      -1.440955
207.930      -1.436585
207.945      -1.432375
207.960      -1.428327
207.975      -1.424442
207.990      -1.420722
208.005      -1.417167
208.020      -1.413778
208.035      -1.410557
208.050      -1.407505
208.065      -1.404623
208.080      -1.401911
208.095      -1.399370
208.110      -1.397002
208.125      -1.394806
208.140      -1.392785
208.155      -1.390937
208.170      -1.389264
208.185      -1.387766
208.200      -1.386445
208.215      -1.385299
208.230      -1.384330
208.245      -1.383537
208.260      -1.382922
208.275      -1.382484
208.290      -1.382223
208.305      -1.382139
208.320      -1.382233
208.335      -1.382504
208.350      -1.382953
208.365      -1.383578
208.380      -1.384381
208.395      -1.385359
208.410      -1.386515
208.425      -1.387846
208.440      -1.389352
208.455      -1.391033
208.470      -1.392889
208.485      -1.394918
208.500      -1.397121
208.515      -1.399496
208.530      -1.402042
208.545      -1.404759
208.560      -1.407646
208.575      -1.410702
208.590      -1.413926
208.605      -1.417317
208.620      -1.420874
208.635      -1.424595
208.650      -1.428480
208.665      -1.432527
208.680      -1.436735
208.695      -1.441103
208.710      -1.445628
208.725      -1.450311
208.740      -1.455149
208.755      -1.460141
208.770      -1.465284
208.785      -1.470579
208.800      -1.476022
208.815      -1.481612
208.830      -1.487348
208.845      -1.493227
208.860      -1.499248
208.875      -1.505408
208.890      -1.511707
208.905      -1.518141
208.920      -1.524709
208.935      -1.531408
208.950      -1.538238
208.965      -1.545195
208.980      -1.552277
208.995      -1.559482
209.010      -1.566808
209.025      -1.574253
209.040      -1.581814
209.055      -1.589488
209.070      -1.597275
209.085      -1.605170
209.100      -1.613171
209.115      -1.621277
209.130      -1.629485
209.145      -1.637791
209.160      -1.646194
209.175      -1.654691
209.190      -1.663278
209.205      -1.671955
209.220      -1.680717
209.235      -1.689562
209.250      -1.698488
209.265      -1.707492
209.280      -1.716570
209.295      -1.725721
209.310      -1.734941
209.325      -1.744227
209.340      -1.753577
209.355      -1.762987
209.370      -1.772456
209.385      -1.781980
209.400      -1.791555
209.415      -1.801180
209.430      -1.810851
209.445      -1.820566
209.460      -1.830321
209.475      -1.840113
209.490      -1.849940
209.505      -1.859798
209.520      -1.869685
209.535      -1.879597
209.550      -1.889532
209.565      -1.899486
209.580      -1.909457
209.595      -1.919442
209.610      -1.929437
209.625      -1.939440
209.640      -1.949448
209.655      -1.959457
209.670      -1.969465
209.685      -1.979469
209.700      -1.989465
209.715      -1.999452
209.730      -2.009425
209.745      -2.019383
209.760      -2.029321
209.775      -2.039238
209.790      -2.049130
209.805      -2.058994
209.820      -2.068828
209.835      -2.078629
209.850      -2.088394
209.865      -2.098119
209.880      -2.107803
209.895      -2.117443
209.910      -2.127035
209.925      -2.136577
209.940      -2.146066
209.955      -2.155500
209.970      -2.164877
209.985      -2.174192
210.000      -2.183444
210.015      -2.192630
210.030      -2.201748
210.045      -2.210795
210.060      -2.219768
210.075      -2.228666
210.090      -2.237485
210.105      -2.246224
210.120      -2.254879
210.135      -2.263449
210.150      -2.271931
210.165      -2.280323
210.180      -2.288622
210.195      -2.296828
210.210      -2.304936
210.225      -2.312946
210.240      -2.320855
210.255      -2.328661
210.270      -2.336362
210.285      -2.343956
210.300      -2.351441
210.315      -2.358815
210.330      -2.366077
210.345      -2.373225
210.360      -2.380256
210.375      -2.387169
210.390      -2.393963
210.405      -2.400635
210.420      -2.407185
210.435      -2.413610
210.450      -2.419909
210.465      -2.426081
210.480      -2.432124
210.495      -2.438037
210.510      -2.443818
210.525      -2.449466
210.540      -2.454981
210.555      -2.460359
210.570      -2.465602
210.585      -2.470707
210.600      -2.475673
210.615      -2.480500
210.630      -2.485186
210.645      -2.489730
210.660      -2.494132
210.675      -2.498391
210.690      -2.502506
210.705      -2.506476
210.720      -2.510300
210.735      -2.513978
210.750      -2.517510
210.765      -2.520894
210.780      -2.524131
210.795      -2.527219
210.810      -2.530158
210.825      -2.532948
210.840      -2.535589
210.855      -2.538080
210.870      -2.540421
210.885      -2.542612
210.900      -2.544652
210.915      -2.546542
210.930      -2.548282
210.945      -2.549870
210.960      -2.551309
210.975      -2.552597
210.990      -2.553734
211.005      -2.554721
211.020      -2.555558
211.035      -2.556245
211.050      -2.556782
211.065      -2.557170
211.080      -2.557409
211.095      -2.557499
211.110      -2.557441
211.125      -2.557236
211.140      -2.556883
211.155      -2.556383
211.170      -2.555737
211.185      -2.554945
211.200      -2.554008
211.215      -2.552927
211.230      -2.551703
211.245      -2.550335
211.260      -2.548825
211.275      -2.547174
211.290      -2.545382
211.305      -2.543451
211.320      -2.541380
211.335      -2.539172
211.350      -2.536827
211.365      -2.534346
211.380      -2.531730
211.395      -2.528980
211.410      -2.526097
211.425      -2.523083
211.440      -2.519937
211.455      -2.516662
211.470      -2.513259
211.485      -2.509729
211.500      -2.506073
211.515      -2.502291
211.530      -2.498387
211.545      -2.494360
211.560      -2.490213
211.575      -2.485945
211.590      -2.481560
211.605      -2.477057
211.620      -2.472440
211.635      -2.467708
211.650      -2.462863
211.665      -2.457907
211.680      -2.452842
211.695      -2.447668
211.710      -2.442387
211.725      -2.437001
211.740      -2.431511
211.755      -2.425919
211.770      -2.420226
211.785      -2.414434
211.800      -2.408544
211.815      -2.402558
211.830      -2.396478
211.845      -2.390306
211.860      -2.384042
211.875      -2.377688
211.890      -2.371247
211.905      -2.364719
211.920      -2.358107
211.935      -2.351412
211.950      -2.344635
211.965      -2.337780
211.980      -2.330846
211.995      -2.323836
212.010      -2.316752
212.025      -2.309595
212.040      -2.302368
212.055      -2.295071
212.070      -2.287706
212.085      -2.280276
212.100      -2.272782
212.115      -2.265226
212.130      -2.257609
212.145      -2.249934
212.160      -2.242201
212.175      -2.234414
212.190      -2.226573
212.205      -2.218681
212.220      -2.210739
212.235      -2.202748
212.250      -2.194712
212.265      -2.186631
212.280      -2.178507
212.295      -2.170343
212.310      -2.162139
212.325      -2.153899
212.340      -2.145622
212.355      -2.137312
212.370      -2.128970
212.385      -2.120598
212.400      -2.112198
212.415      -2.103771
212.430      -2.095319
212.445      -2.086844
212.460      -2.078348
212.475      -2.069832
212.490      -2.061299
212.505      -2.052750
212.520      -2.044186
212.535      -2.035611
212.550      -2.027024
212.565      -2.018429
212.580      -2.009827
212.595      -2.001219
212.610      -1.992607
212.625      -1.983994
212.640      -1.975381
212.655      -1.966769
212.670      -1.958160
212.685      -1.949557
212.700      -1.940960
212.715      -1.932371
212.730      -1.923793
212.745      -1.915226
212.760      -1.906673
212.775      -1.898134
212.790      -1.889613
212.805      -1.881110
212.820      -1.872627
212.835      -1.864166
212.850      -1.855728
212.865      -1.847315
212.880      -1.838929
212.895      -1.830571
212.910      -1.822242
212.925      -1.813945
212.940      -1.805681
212.955      -1.797451
212.970      -1.789257
212.985      -1.781101
213.000      -1.772984
213.015      -1.764908
213.030      -1.756873
213.045      -1.748883
213.060      -1.740937
213.075      -1.733038
213.090      -1.725187
213.105      -1.717385
213.120      -1.709634
213.135      -1.701936
213.150      -1.694291
213.165      -1.686701
213.180      -1.679168
213.195      -1.671692
213.210      -1.664276
213.225      -1.656921
213.240      -1.649627
213.255      -1.642396
213.270      -1.635230
213.285      -1.628129
213.300      -1.621096
213.315      -1.614130
213.330      -1.607234
213.345      -1.600409
213.360      -1.593656
213.375      -1.586976
213.390      -1.580370
213.405      -1.573839
213.420      -1.567385
213.435      -1.561009
213.450      -1.554711
213.465      -1.548493
213.480      -1.542356
213.495      -1.536301
213.510      -1.530329
213.525      -1.524441
213.540      -1.518638
213.555      -1.512921
213.570      -1.507291
213.585      -1.501748
213.600      -1.496295
213.615      -1.490931
213.630      -1.485658
213.645      -1.480477
213.660      -1.475387
213.675      -1.470391
213.690      -1.465489
213.705      -1.460682
213.720      -1.455970
213.735      -1.451355
213.750      -1.446836
213.765      -1.442416
213.780      -1.438094
213.795      -1.433871
213.810      -1.429748
213.825      -1.425726
213.840      -1.421804
213.855      -1.417985
213.870      -1.414268
213.885      -1.410653
213.900      -1.407143
213.915      -1.403736
213.930      -1.400433
213.945      -1.397236
213.960      -1.394144
213.975      -1.391159
213.990      -1.388279
214.005      -1.385506
214.020      -1.382841
214.035      -1.380283
214.050      -1.377833
214.065      -1.375492
214.080      -1.373259
214.095      -1.371135
214.110      -1.369120
214.125      -1.367215
214.140      -1.365419
214.155      -1.363734
214.170      -1.362159
214.185      -1.360694
214.200      -1.359340
214.215      -1.358097
214.230      -1.356964
214.245      -1.355943
214.260      -1.355033
214.275      -1.354235
214.290      -1.353547
214.305      -1.352971
214.320      -1.352507
214.335      -1.352154
214.350      -1.351913
214.365      -1.351784
214.380      -1.351766
214.395      -1.351859
214.410      -1.352065
214.425      -1.352381
214.440      -1.352809
214.455      -1.353348
214.470      -1.353999
214.485      -1.354760
214.500      -1.355633
214.515      -1.356616
214.530      -1.357710
214.545      -1.358914
214.560      -1.360229
214.575      -1.361653
214.590      -1.363188
214.605      -1.364832
214.620      -1.366586
214.635      -1.368448
214.650      -1.370420
214.665      -1.372500
214.680      -1.374688
214.695      -1.376985
214.710      -1.379389
214.725      -1.381900
214.740      -1.384518
214.755      -1.387243
214.770      -1.390074
214.785      -1.393011
214.800      -1.396053
214.815      -1.399200
214.830      -1.402452
214.845      -1.405808
214.860      -1.409268
214.875      -1.412831
214.890      -1.416497
214.905      -1.420265
214.920      -1.424134
214.935      -1.428105
214.950      -1.432177
214.965      -1.436349
214.980      -1.440620
214.995      -1.444991
215.010      -1.449460
215.025      -1.454026
215.040      -1.458690
215.055      -1.463451
215.070      -1.468308
215.085      -1.473260
215.100      -1.478307
215.115      -1.483448
215.130      -1.488682
215.145      -1.494009
215.160      -1.499428
215.175      -1.504938
215.190      -1.510538
215.205      -1.516229
215.220      -1.522008
215.235      -1.527875
215.250      -1.533830
215.265      -1.539872
215.280      -1.545999
215.295      -1.552211
215.310      -1.558507
215.325      -1.564887
215.340      -1.571349
215.355      -1.577892
215.370      -1.584516
215.385      -1.591220
215.400      -1.598002
215.415      -1.604862
215.430      -1.611799
215.445      -1.618811
215.460      -1.625899
215.475      -1.633060
215.490      -1.640294
215.505      -1.647600
215.520      -1.654977
215.535      -1.662423
215.550      -1.669938
215.565      -1.677520
215.580      -1.685169
215.595      -1.692883
215.610      -1.700661
215.625      -1.708502
215.640      -1.716405
215.655      -1.724369
215.670      -1.732392
215.685      -1.740473
215.700      -1.748611
215.715      -1.756805
215.730      -1.765053
215.745      -1.773355
215.760      -1.781709
215.775      -1.790113
215.790      -1.798567
215.805      -1.807068
215.820      -1.815617
215.835      -1.824211
215.850      -1.832849
215.865      -1.841529
215.880      -1.850251
215.895      -1.859012
215.910      -1.867812
215.925      -1.876649
215.940      -1.885522
215.955      -1.894429
215.970      -1.903368
215.985      -1.912339
216.000      -1.921339
216.015      -1.930368
216.030      -1.939423
216.045      -1.948503
216.060      -1.957607
216.075      -1.966734
216.090      -1.975880
216.105      -1.985046
216.120      -1.994230
216.135      -2.003429
216.150      -2.012643
216.165      -2.021869
216.180      -2.031107
216.195      -2.040354
216.210      -2.049609
216.225      -2.058870
216.240      -2.068136
216.255      -2.077405
216.270      -2.086675
216.285      -2.095946
216.300      -2.105214
216.315      -2.114479
216.330      -2.123738
216.345      -2.132991
216.360      -2.142236
216.375      -2.151470
216.390      -2.160692
216.405      -2.169901
216.420      -2.179095
216.435      -2.188271
216.450      -2.197430
216.465      -2.206568
216.480      -2.215684
216.495      -2.224777
216.510      -2.233844
216.525      -2.242885
216.540      -2.251897
216.555      -2.260879
216.570      -2.269829
216.585      -2.278745
216.600      -2.287627
216.615      -2.296471
216.630      -2.305277
216.645      -2.314042
216.660      -2.322766
216.675      -2.331447
216.690      -2.340082
216.705      -2.348670
216.720      -2.357211
216.735      -2.365701
216.750      -2.374140
216.765      -2.382526
216.780      -2.390857
216.795      -2.399132
216.810      -2.407348
216.825      -2.415506
216.840      -2.423603
216.855      -2.431637
216.870      -2.439607
216.885      -2.447511
216.900      -2.455349
216.915      -2.463118
216.930      -2.470817
216.945      -2.478445
216.960      -2.486000
216.975      -2.493480
216.990      -2.500885
217.005      -2.508213
217.020      -2.515462
217.035      -2.522631
217.050      -2.529718
217.065      -2.536724
217.080      -2.543645
217.095      -2.550481
217.110      -2.557230
217.125      -2.563892
217.140      -2.570464
217.155      -2.576946
217.170      -2.583337
217.185      -2.589635
217.200      -2.595838
217.215      -2.601947
217.230      -2.607959
217.245      -2.613874
217.260      -2.619690
217.275      -2.625407
217.290      -2.631022
217.305      -2.636536
217.320      -2.641948
217.335      -2.647255
217.350      -2.652458
217.365      -2.657554
217.380      -2.662544
217.395      -2.667426
217.410      -2.672200
217.425      -2.676864
217.440      -2.681418
217.455      -2.685860
217.470      -2.690190
217.485      -2.694408
217.500      -2.698512
217.515      -2.702501
217.530      -2.706375
217.545      -2.710134
217.560      -2.713776
217.575      -2.717300
217.590      -2.720707
217.605      -2.723995
217.620      -2.727164
217.635      -2.730213
217.650      -2.733142
217.665      -2.735950
217.680      -2.738637
217.695      -2.741202
217.710      -2.743644
217.725      -2.745964
217.740      -2.748161
217.755      -2.750234
217.770      -2.752183
217.785      -2.754007
217.800      -2.755707
217.815      -2.757282
217.830      -2.758732
217.845      -2.760056
217.860      -2.761254
217.875      -2.762326
217.890      -2.763272
217.905      -2.764091
217.920      -2.764784
217.935      -2.765350
217.950      -2.765789
217.965      -2.766101
217.980      -2.766286
217.995      -2.766344
218.010      -2.766275
218.025      -2.766078
218.040      -2.765755
218.055      -2.765304
218.070      -2.764727
218.085      -2.764022
218.100      -2.763191
218.115      -2.762233
218.130      -2.761148
218.145      -2.759937
218.160      -2.758599
218.175      -2.757136
218.190      -2.755546
218.205      -2.753831
218.220      -2.751991
218.235      -2.750025
218.250      -2.747935
218.265      -2.745721
218.280      -2.743382
218.295      -2.740920
218.310      -2.738334
218.325      -2.735626
218.340      -2.732795
218.355      -2.729842
218.370      -2.726767
218.385      -2.723572
218.400      -2.720255
218.415      -2.716819
218.430      -2.713264
218.445      -2.709589
218.460      -2.705796
218.475      -2.701885
218.490      -2.697857
218.505      -2.693713
218.520      -2.689453
218.535      -2.685078
218.550      -2.680588
218.565      -2.675985
218.580      -2.671269
218.595      -2.666441
218.610      -2.661501
218.625      -2.656450
218.640      -2.651290
218.655      -2.646021
218.670      -2.640644
218.685      -2.635159
218.700      -2.629568
218.715      -2.623872
218.730      -2.618071
218.745      -2.612167
218.760      -2.606160
218.775      -2.600051
218.790      -2.593842
218.805      -2.587533
218.820      -2.581125
218.835      -2.574620
218.850      -2.568019
218.865      -2.561322
218.880      -2.554531
218.895      -2.547647
218.910      -2.540670
218.925      -2.533603
218.940      -2.526447
218.955      -2.519201
218.970      -2.511869
218.985      -2.504450
219.000      -2.496947
219.015      -2.489360
219.030      -2.481691
219.045      -2.473941
219.060      -2.466111
219.075      -2.458203
219.090      -2.450217
219.105      -2.442156
219.120      -2.434021
219.135      -2.425813
219.150      -2.417534
219.165      -2.409184
219.180      -2.400766
219.195      -2.392280
219.210      -2.383729
219.225      -2.375114
219.240      -2.366435
219.255      -2.357696
219.270      -2.348897
219.285      -2.340039
219.300      -2.331125
219.315      -2.322156
219.330      -2.313133
219.345      -2.304058
219.360      -2.294932
219.375      -2.285758
219.390      -2.276537
219.405      -2.267270
219.420      -2.257960
219.435      -2.248607
219.450      -2.239213
219.465      -2.229781
219.480      -2.220311
219.495      -2.210806
219.510      -2.201267
219.525      -2.191696
219.540      -2.182095
219.555      -2.172464
219.570      -2.162807
219.585      -2.153125
219.600      -2.143419
219.615      -2.133692
219.630      -2.123945
219.645      -2.114179
219.660      -2.104397
219.675      -2.094601
219.690      -2.084792
219.705      -2.074971
219.720      -2.065142
219.735      -2.055305
219.750      -2.045463
219.765      -2.035616
219.780      -2.025768
219.795      -2.015920
219.810      -2.006073
219.825      -1.996230
219.840      -1.986392
219.855      -1.976561
219.870      -1.966739
219.885      -1.956928
219.900      -1.947129
219.915      -1.937345
219.930      -1.927577
219.945      -1.917827
219.960      -1.908096
219.975      -1.898388
219.990      -1.888702
220.005      -1.879043
220.020      -1.869410
220.035      -1.859805
220.050      -1.850232
220.065      -1.840691
220.080      -1.831184
220.095      -1.821713
220.110      -1.812280
220.125      -1.802886
220.140      -1.793533
220.155      -1.784224
220.170      -1.774959
220.185      -1.765740
220.200      -1.756570
220.215      -1.747449
220.230      -1.738380
220.245      -1.729364
220.260      -1.720402
220.275      -1.711498
220.290      -1.702651
220.305      -1.693864
220.320      -1.685139
220.335      -1.676476
220.350      -1.667879
220.365      -1.659347
220.380      -1.650883
220.395      -1.642488
220.410      -1.634164
220.425      -1.625912
220.440      -1.617735
220.455      -1.609632
220.470      -1.601606
220.485      -1.593658
220.500      -1.585790
220.515      -1.578003
220.530      -1.570299
220.545      -1.562678
220.560      -1.555142
220.575      -1.547693
220.590      -1.540331
220.605      -1.533059
220.620      -1.525877
220.635      -1.518786
220.650      -1.511788
220.665      -1.504885
220.680      -1.498076
220.695      -1.491364
220.710      -1.484749
220.725      -1.478233
220.740      -1.471817
220.755      -1.465502
220.770      -1.459288
220.785      -1.453177
220.800      -1.447171
220.815      -1.441269
220.830      -1.435472
220.845      -1.429783
220.860      -1.424201
220.875      -1.418728
220.890      -1.413364
220.905      -1.408111
220.920      -1.402968
220.935      -1.397937
220.950      -1.393019
220.965      -1.388214
220.980      -1.383523
220.995      -1.378947
221.010      -1.374486
221.025      -1.370142
221.040      -1.365913
221.055      -1.361802
221.070      -1.357809
221.085      -1.353934
221.100      -1.350177
221.115      -1.346540
221.130      -1.343023
221.145      -1.339625
221.160      -1.336348
221.175      -1.333192
221.190      -1.330157
221.205      -1.327244
221.220      -1.324452
221.235      -1.321782
221.250      -1.319235
221.265      -1.316810
221.280      -1.314508
221.295      -1.312329
221.310      -1.310273
221.325      -1.308339
221.340      -1.306529
221.355      -1.304842
221.370      -1.303278
221.385      -1.301838
221.400      -1.300521
221.415      -1.299327
221.430      -1.298255
221.445      -1.297307
221.460      -1.296482
221.475      -1.295780
221.490      -1.295199
221.505      -1.294742
221.520      -1.294406
221.535      -1.294192
221.550      -1.294100
221.565      -1.294128
221.580      -1.294278
221.595      -1.294548
221.610      -1.294938
221.625      -1.295449
221.640      -1.296078
221.655      -1.296826
221.670      -1.297693
221.685      -1.298677
221.700      -1.299779
221.715      -1.300997
221.730      -1.302332
221.745      -1.303782
221.760      -1.305348
221.775      -1.307027
221.790      -1.308821
221.805      -1.310727
221.820      -1.312746
221.835      -1.314876
221.850      -1.317117
221.865      -1.319467
221.880      -1.321927
221.895      -1.324496
221.910      -1.327172
221.925      -1.329954
221.940      -1.332843
221.955      -1.335836
221.970      -1.338933
221.985      -1.342133
222.000      -1.345435
222.015      -1.348837
222.030      -1.352340
222.045      -1.355942
222.060      -1.359642
222.075      -1.363439
222.090      -1.367331
222.105      -1.371318
222.120      -1.375398
222.135      -1.379571
222.150      -1.383835
222.165      -1.388189
222.180      -1.392632
222.195      -1.397162
222.210      -1.401779
222.225      -1.406481
222.240      -1.411267
222.255      -1.416135
222.270      -1.421085
222.285      -1.426114
222.300      -1.431222
222.315      -1.436408
222.330      -1.441669
222.345      -1.447005
222.360      -1.452414
222.375      -1.457895
222.390      -1.463447
222.405      -1.469067
222.420      -1.474755
222.435      -1.480509
222.450      -1.486327
222.465      -1.492209
222.480      -1.498152
222.495      -1.504156
222.510      -1.510218
222.525      -1.516338
222.540      -1.522513
222.555      -1.528742
222.570      -1.535023
222.585      -1.541356
222.600      -1.547738
222.615      -1.554169
222.630      -1.560645
222.645      -1.567167
222.660      -1.573731
222.675      -1.580337
222.690      -1.586984
222.705      -1.593668
222.720      -1.600390
222.735      -1.607147
222.750      -1.613937
222.765      -1.620760
222.780      -1.627613
222.795      -1.634495
222.810      -1.641404
222.825      -1.648339
222.840      -1.655298
222.855      -1.662279
222.870      -1.669281
222.885      -1.676302
222.900      -1.683341
222.915      -1.690396
222.930      -1.697465
222.945      -1.704547
222.960      -1.711640
222.975      -1.718743
222.990      -1.725854
223.005      -1.732971
223.020      -1.740094
223.035      -1.747219
223.050      -1.754347
223.065      -1.761475
223.080      -1.768601
223.095      -1.775725
223.110      -1.782844
223.125      -1.789957
223.140      -1.797063
223.155      -1.804161
223.170      -1.811247
223.185      -1.818322
223.200      -1.825384
223.215      -1.832431
223.230      -1.839462
223.245      -1.846476
223.260      -1.853470
223.275      -1.860444
223.290      -1.867396
223.305      -1.874326
223.320      -1.881231
223.335      -1.888110
223.350      -1.894961
223.365      -1.901785
223.380      -1.908579
223.395      -1.915342
223.410      -1.922073
223.425      -1.928770
223.440      -1.935433
223.455      -1.942060
223.470      -1.948650
223.485      -1.955201
223.500      -1.961714
223.515      -1.968186
223.530      -1.974617
223.545      -1.981005
223.560      -1.987350
223.575      -1.993650
223.590      -1.999904
223.605      -2.006112
223.620      -2.012272
223.635      -2.018384
223.650      -2.024446
223.665      -2.030458
223.680      -2.036419
223.695      -2.042327
223.710      -2.048183
223.725      -2.053985
223.740      -2.059733
223.755      -2.065425
223.770      -2.071062
223.785      -2.076641
223.800      -2.082164
223.815      -2.087628
223.830      -2.093034
223.845      -2.098380
223.860      -2.103667
223.875      -2.108893
223.890      -2.114059
223.905      -2.119162
223.920      -2.124204
223.935      -2.129184
223.950      -2.134100
223.965      -2.138954
223.980      -2.143743
223.995      -2.148469
224.010      -2.153131
224.025      -2.157727
224.040      -2.162259
224.055      -2.166725
224.070      -2.171126
224.085      -2.175462
224.100      -2.179731
224.115      -2.183935
224.130      -2.188072
224.145      -2.192143
224.160      -2.196147
224.175      -2.200085
224.190      -2.203957
224.205      -2.207762
224.220      -2.211500
224.235      -2.215172
224.250      -2.218778
224.265      -2.222317
224.280      -2.225790
224.295      -2.229197
224.310      -2.232537
224.325      -2.235812
224.340      -2.239021
224.355      -2.242164
224.370      -2.245243
224.385      -2.248256
224.400      -2.251205
224.415      -2.254089
224.430      -2.256909
224.445      -2.259665
224.460      -2.262357
224.475      -2.264987
224.490      -2.267554
224.505      -2.270059
224.520      -2.272502
224.535      -2.274883
224.550      -2.277204
224.565      -2.279464
224.580      -2.281664
224.595      -2.283805
224.610      -2.285887
224.625      -2.287911
224.640      -2.289877
224.655      -2.291786
224.670      -2.293638
224.685      -2.295435
224.700      -2.297176
224.715      -2.298863
224.730      -2.300495
224.745      -2.302075
224.760      -2.303602
224.775      -2.305077
224.790      -2.306501
224.805      -2.307875
224.820      -2.309199
224.835      -2.310475
224.850      -2.311702
224.865      -2.312882
224.880      -2.314016
224.895      -2.315104
224.910      -2.316147
224.925      -2.317146
224.940      -2.318102
224.955      -2.319016
224.970      -2.319888
224.985      -2.320720
225.000      -2.321512
225.015      -2.322265
225.030      -2.322980
225.045      -2.323658
225.060      -2.324300
225.075      -2.324907
225.090      -2.325479
225.105      -2.326018
225.120      -2.326525
225.135      -2.327000
225.150      -2.327444
225.165      -2.327859
225.180      -2.328245
225.195      -2.328603
225.210      -2.328935
225.225      -2.329240
225.240      -2.329520
225.255      -2.329777
225.270      -2.330010
225.285      -2.330221
225.300      -2.330411
225.315      -2.330581
225.330      -2.330731
225.345      -2.330863
225.360      -2.330978
225.375      -2.331075
225.390      -2.331158
225.405      -2.331226
225.420      -2.331280
225.435      -2.331321
225.450      -2.331350
225.465      -2.331368
225.480      -2.331376
225.495      -2.331375
225.510      -2.331365
225.525      -2.331348
225.540      -2.331325
225.555      -2.331296
225.570      -2.331261
225.585      -2.331223
225.600      -2.331182
225.615      -2.331138
225.630      -2.331093
225.645      -2.331047
225.660      -2.331001
225.675      -2.330955
225.690      -2.330912
225.705      -2.330870
225.720      -2.330832
225.735      -2.330797
225.750      -2.330767
225.765      -2.330743
225.780      -2.330724
225.795      -2.330712
225.810      -2.330707
225.825      -2.330709
225.840      -2.330721
225.855      -2.330741
225.870      -2.330772
225.885      -2.330812
225.900      -2.330864
225.915      -2.330926
225.930      -2.331001
225.945      -2.331088
225.960      -2.331188
225.975      -2.331302
225.990      -2.331429
226.005      -2.331571
226.020      -2.331728
226.035      -2.331899
226.050      -2.332086
226.065      -2.332289
226.080      -2.332508
226.095      -2.332744
226.110      -2.332997
226.125      -2.333266
226.140      -2.333553
226.155      -2.333858
226.170      -2.334180
226.185      -2.334520
226.200      -2.334879
226.215      -2.335256
226.230      -2.335651
226.245      -2.336065
226.260      -2.336498
226.275      -2.336949
226.290      -2.337419
226.305      -2.337908
226.320      -2.338416
226.335      -2.338942
226.350      -2.339488
226.365      -2.340052
226.380      -2.340634
226.395      -2.341236
226.410      -2.341855
226.425      -2.342493
226.440      -2.343149
226.455      -2.343822
226.470      -2.344514
226.485      -2.345223
226.500      -2.345948
226.515      -2.346691
226.530      -2.347451
226.545      -2.348227
226.560      -2.349018
226.575      -2.349825
226.590      -2.350648
226.605      -2.351485
226.620      -2.352337
226.635      -2.353202
226.650      -2.354081
226.665      -2.354974
226.680      -2.355878
226.695      -2.356795
226.710      -2.357723
226.725      -2.358662
226.740      -2.359611
226.755      -2.360570
226.770      -2.361538
226.785      -2.362514
226.800      -2.363499
226.815      -2.364490
226.830      -2.365488
226.845      -2.366492
226.860      -2.367501
226.875      -2.368515
226.890      -2.369532
226.905      -2.370552
226.920      -2.371574
226.935      -2.372597
226.950      -2.373621
226.965      -2.374645
226.980      -2.375667
226.995      -2.376688
227.010      -2.377706
227.025      -2.378720
227.040      -2.379730
227.055      -2.380734
227.070      -2.381732
227.085      -2.382723
227.100      -2.383706
227.115      -2.384680
227.130      -2.385644
227.145      -2.386597
227.160      -2.387538
227.175      -2.388467
227.190      -2.389381
227.205      -2.390282
227.220      -2.391166
227.235      -2.392034
227.250      -2.392885
227.265      -2.393717
227.280      -2.394529
227.295      -2.395321
227.310      -2.396092
227.325      -2.396840
227.340      -2.397564
227.355      -2.398264
227.370      -2.398939
227.385      -2.399587
227.400      -2.400208
227.415      -2.400801
227.430      -2.401364
227.445      -2.401897
227.460      -2.402398
227.475      -2.402867
227.490      -2.403303
227.505      -2.403705
227.520      -2.404072
227.535      -2.404402
227.550      -2.404695
227.565      -2.404950
227.580      -2.405167
227.595      -2.405343
227.610      -2.405479
227.625      -2.405573
227.640      -2.405624
227.655      -2.405632
227.670      -2.405595
227.685      -2.405513
227.700      -2.405385
227.715      -2.405210
227.730      -2.404987
227.745      -2.404716
227.760      -2.404395
227.775      -2.404024
227.790      -2.403602
227.805      -2.403129
227.820      -2.402602
227.835      -2.402023
227.850      -2.401389
227.865      -2.400701
227.880      -2.399957
227.895      -2.399157
227.910      -2.398301
227.925      -2.397387
227.940      -2.396415
227.955      -2.395384
227.970      -2.394295
227.985      -2.393145
228.000      -2.391935
228.015      -2.390664
228.030      -2.389332
228.045      -2.387937
228.060      -2.386481
228.075      -2.384961
228.090      -2.383378
228.105      -2.381731
228.120      -2.380020
228.135      -2.378245
228.150      -2.376404
228.165      -2.374498
228.180      -2.372527
228.195      -2.370489
228.210      -2.368385
228.225      -2.366215
228.240      -2.363978
228.255      -2.361674
228.270      -2.359302
228.285      -2.356864
228.300      -2.354357
228.315      -2.351783
228.330      -2.349141
228.345      -2.346430
228.360      -2.343652
228.375      -2.340806
228.390      -2.337891
228.405      -2.334908
228.420      -2.331856
228.435      -2.328737
228.450      -2.325549
228.465      -2.322292
228.480      -2.318968
228.495      -2.315575
228.510      -2.312114
228.525      -2.308586
228.540      -2.304989
228.555      -2.301325
228.570      -2.297594
228.585      -2.293795
228.600      -2.289929
228.615      -2.285996
228.630      -2.281997
228.645      -2.277931
228.660      -2.273799
228.675      -2.269602
228.690      -2.265339
228.705      -2.261011
228.720      -2.256618
228.735      -2.252160
228.750      -2.247639
228.765      -2.243053
228.780      -2.238405
228.795      -2.233693
228.810      -2.228919
228.825      -2.224084
228.840      -2.219186
228.855      -2.214228
228.870      -2.209209
228.885      -2.204130
228.900      -2.198991
228.915      -2.193794
228.930      -2.188538
228.945      -2.183224
228.960      -2.177853
228.975      -2.172426
228.990      -2.166942
229.005      -2.161402
229.020      -2.155808
229.035      -2.150160
229.050      -2.144458
229.065      -2.138703
229.080      -2.132896
229.095      -2.127038
229.110      -2.121128
229.125      -2.115169
229.140      -2.109160
229.155      -2.103102
229.170      -2.096997
229.185      -2.090844
229.200      -2.084645
229.215      -2.078400
229.230      -2.072110
229.245      -2.065777
229.260      -2.059400
229.275      -2.052980
229.290      -2.046519
229.305      -2.040017
229.320      -2.033475
229.335      -2.026895
229.350      -2.020275
229.365      -2.013619
229.380      -2.006926
229.395      -2.000197
229.410      -1.993434
229.425      -1.986637
229.440      -1.979807
229.455      -1.972945
229.470      -1.966052
229.485      -1.959129
229.500      -1.952177
229.515      -1.945196
229.530      -1.938189
229.545      -1.931155
229.560      -1.924096
229.575      -1.917012
229.590      -1.909906
229.605      -1.902777
229.620      -1.895627
229.635      -1.888456
229.650      -1.881267
229.665      -1.874059
229.680      -1.866834
229.695      -1.859593
229.710      -1.852338
229.725      -1.845068
229.740      -1.837786
229.755      -1.830491
229.770      -1.823186
229.785      -1.815872
229.800      -1.808549
229.815      -1.801219
229.830      -1.793883
229.845      -1.786542
229.860      -1.779197
229.875      -1.771849
229.890      -1.764500
229.905      -1.757150
229.920      -1.749801
229.935      -1.742454
229.950      -1.735110
229.965      -1.727770
229.980      -1.720437
229.995      -1.713109
230.010      -1.705790
230.025      -1.698480
230.040      -1.691181
230.055      -1.683893
230.070      -1.676618
230.085      -1.669358
230.100      -1.662113
230.115      -1.654884
230.130      -1.647674
230.145      -1.640483
230.160      -1.633313
230.175      -1.626164
230.190      -1.619039
230.205      -1.611938
230.220      -1.604862
230.235      -1.597814
230.250      -1.590794
230.265      -1.583804
230.280      -1.576846
230.295      -1.569919
230.310      -1.563026
230.325      -1.556168
230.340      -1.549347
230.355      -1.542563
230.370      -1.535819
230.385      -1.529114
230.400      -1.522452
230.415      -1.515832
230.430      -1.509258
230.445      -1.502729
230.460      -1.496247
230.475      -1.489813
230.490      -1.483430
230.505      -1.477097
230.520      -1.470818
230.535      -1.464592
230.550      -1.458421
230.565      -1.452308
230.580      -1.446252
230.595      -1.440255
230.610      -1.434319
230.625      -1.428445
230.640      -1.422634
230.655      -1.416888
230.670      -1.411208
230.685      -1.405595
230.700      -1.400051
230.715      -1.394576
230.730      -1.389173
230.745      -1.383842
230.760      -1.378585
230.775      -1.373403
230.790      -1.368298
230.805      -1.363269
230.820      -1.358320
230.835      -1.353450
230.850      -1.348662
230.865      -1.343957
230.880      -1.339335
230.895      -1.334797
230.910      -1.330346
230.925      -1.325982
230.940      -1.321707
230.955      -1.317521
230.970      -1.313425
230.985      -1.309421
231.000      -1.305511
231.015      -1.301694
231.030      -1.297972
231.045      -1.294346
231.060      -1.290817
231.075      -1.287387
231.090      -1.284055
231.105      -1.280824
231.120      -1.277694
231.135      -1.274665
231.150      -1.271740
231.165      -1.268919
231.180      -1.266202
231.195      -1.263591
231.210      -1.261086
231.225      -1.258689
231.240      -1.256400
231.255      -1.254219
231.270      -1.252149
231.285      -1.250189
231.300      -1.248339
231.315      -1.246602
231.330      -1.244977
231.345      -1.243466
231.360      -1.242068
231.375      -1.240785
231.390      -1.239616
231.405      -1.238563
231.420      -1.237626
231.435      -1.236806
231.450      -1.236103
231.465      -1.235517
231.480      -1.235049
231.495      -1.234699
231.510      -1.234468
231.525      -1.234356
231.540      -1.234363
231.555      -1.234490
231.570      -1.234737
231.585      -1.235104
231.600      -1.235591
231.615      -1.236198
231.630      -1.236927
231.645      -1.237776
231.660      -1.238745
231.675      -1.239836
231.690      -1.241048
231.705      -1.242380
231.720      -1.243833
231.735      -1.245408
231.750      -1.247102
231.765      -1.248918
231.780      -1.250854
231.795      -1.252910
231.810      -1.255086
231.825      -1.257382
231.840      -1.259798
231.855      -1.262333
231.870      -1.264987
231.885      -1.267759
231.900      -1.270650
231.915      -1.273658
231.930      -1.276783
231.945      -1.280026
231.960      -1.283384
231.975      -1.286859
231.990      -1.290448
232.005      -1.294152
232.020      -1.297970
232.035      -1.301901
232.050      -1.305945
232.065      -1.310101
232.080      -1.314368
232.095      -1.318744
232.110      -1.323231
232.125      -1.327826
232.140      -1.332529
232.155      -1.337339
232.170      -1.342254
232.185      -1.347275
232.200      -1.352400
232.215      -1.357627
232.230      -1.362957
232.245      -1.368387
232.260      -1.373918
232.275      -1.379547
232.290      -1.385273
232.305      -1.391096
232.320      -1.397014
232.335      -1.403026
232.350      -1.409131
232.365      -1.415327
232.380      -1.421613
232.395      -1.427988
232.410      -1.434451
232.425      -1.440999
232.440      -1.447633
232.455      -1.454350
232.470      -1.461148
232.485      -1.468027
232.500      -1.474985
232.515      -1.482021
232.530      -1.489133
232.545      -1.496319
232.560      -1.503578
232.575      -1.510908
232.590      -1.518308
232.605      -1.525776
232.620      -1.533311
232.635      -1.540911
232.650      -1.548574
232.665      -1.556298
232.680      -1.564083
232.695      -1.571926
232.710      -1.579825
232.725      -1.587779
232.740      -1.595786
232.755      -1.603845
232.770      -1.611953
232.785      -1.620109
232.800      -1.628311
232.815      -1.636558
232.830      -1.644847
232.845      -1.653176
232.860      -1.661545
232.875      -1.669950
232.890      -1.678391
232.905      -1.686865
232.920      -1.695371
232.935      -1.703906
232.950      -1.712470
232.965      -1.721059
232.980      -1.729673
232.995      -1.738309
233.010      -1.746966
233.025      -1.755641
233.040      -1.764333
233.055      -1.773040
233.070      -1.781761
233.085      -1.790492
233.100      -1.799233
233.115      -1.807981
233.130      -1.816735
233.145      -1.825493
233.160      -1.834253
233.175      -1.843013
233.190      -1.851772
233.205      -1.860527
233.220      -1.869276
233.235      -1.878019
233.250      -1.886752
233.265      -1.895475
233.280      -1.904186
233.295      -1.912882
233.310      -1.921561
233.325      -1.930223
233.340      -1.938866
233.355      -1.947487
233.370      -1.956085
233.385      -1.964658
233.400      -1.973205
233.415      -1.981723
233.430      -1.990211
233.445      -1.998668
233.460      -2.007092
233.475      -2.015480
233.490      -2.023832
233.505      -2.032146
233.520      -2.040420
233.535      -2.048653
233.550      -2.056843
233.565      -2.064988
233.580      -2.073087
233.595      -2.081139
233.610      -2.089142
233.625      -2.097094
233.640      -2.104994
233.655      -2.112840
233.670      -2.120632
233.685      -2.128367
233.700      -2.136044
233.715      -2.143663
233.730      -2.151221
233.745      -2.158717
233.760      -2.166149
233.775      -2.173518
233.790      -2.180820
233.805      -2.188056
233.820      -2.195224
233.835      -2.202322
233.850      -2.209349
233.865      -2.216305
233.880      -2.223187
233.895      -2.229996
233.910      -2.236729
233.925      -2.243386
233.940      -2.249966
233.955      -2.256468
233.970      -2.262890
233.985      -2.269231
234.000      -2.275491
234.015      -2.281669
234.030      -2.287764
234.045      -2.293775
234.060      -2.299700
234.075      -2.305540
234.090      -2.311293
234.105      -2.316958
234.120      -2.322535
234.135      -2.328024
234.150      -2.333422
234.165      -2.338730
234.180      -2.343946
234.195      -2.349071
234.210      -2.354103
234.225      -2.359043
234.240      -2.363888
234.255      -2.368639
234.270      -2.373296
234.285      -2.377857
234.300      -2.382322
234.315      -2.386691
234.330      -2.390963
234.345      -2.395138
234.360      -2.399215
234.375      -2.403195
234.390      -2.407076
234.405      -2.410858
234.420      -2.414542
234.435      -2.418126
234.450      -2.421610
234.465      -2.424995
234.480      -2.428280
234.495      -2.431465
234.510      -2.434550
234.525      -2.437534
234.540      -2.440418
234.555      -2.443201
234.570      -2.445883
234.585      -2.448464
234.600      -2.450945
234.615      -2.453325
234.630      -2.455604
234.645      -2.457782
234.660      -2.459859
234.675      -2.461836
234.690      -2.463713
234.705      -2.465489
234.720      -2.467165
234.735      -2.468741
234.750      -2.470217
234.765      -2.471593
234.780      -2.472870
234.795      -2.474048
234.810      -2.475127
234.825      -2.476107
234.840      -2.476990
234.855      -2.477774
234.870      -2.478461
234.885      -2.479050
234.900      -2.479543
234.915      -2.479940
234.930      -2.480241
234.945      -2.480446
234.960      -2.480557
234.975      -2.480573
234.990      -2.480495
235.005      -2.480324
235.020      -2.480060
235.035      -2.479704
235.050      -2.479256
235.065      -2.478717
235.080      -2.478088
235.095      -2.477369
235.110      -2.476561
235.125      -2.475665
235.140      -2.474681
235.155      -2.473610
235.170      -2.472453
235.185      -2.471211
235.200      -2.469884
235.215      -2.468472
235.230      -2.466978
235.245      -2.465402
235.260      -2.463744
235.275      -2.462006
235.290      -2.460188
235.305      -2.458291
235.320      -2.456316
235.335      -2.454264
235.350      -2.452136
235.365      -2.449933
235.380      -2.447655
235.395      -2.445305
235.410      -2.442881
235.425      -2.440387
235.440      -2.437822
235.455      -2.435188
235.470      -2.432486
235.485      -2.429717
235.500      -2.426881
235.515      -2.423980
235.530      -2.421015
235.545      -2.417987
235.560      -2.414898
235.575      -2.411747
235.590      -2.408537
235.605      -2.405268
235.620      -2.401942
235.635      -2.398559
235.650      -2.395121
235.665      -2.391629
235.680      -2.388084
235.695      -2.384488
235.710      -2.380841
235.725      -2.377144
235.740      -2.373400
235.755      -2.369608
235.770      -2.365771
235.785      -2.361889
235.800      -2.357964
235.815      -2.353996
235.830      -2.349988
235.845      -2.345940
235.860      -2.341853
235.875      -2.337729
235.890      -2.333569
235.905      -2.329374
235.920      -2.325145
235.935      -2.320885
235.950      -2.316593
235.965      -2.312271
235.980      -2.307920
235.995      -2.303542
236.010      -2.299138
236.025      -2.294709
236.040      -2.290256
236.055      -2.285780
236.070      -2.281284
236.085      -2.276767
236.100      -2.272232
236.115      -2.267679
236.130      -2.263109
236.145      -2.258525
236.160      -2.253927
236.175      -2.249315
236.190      -2.244693
236.205      -2.240060
236.220      -2.235418
236.235      -2.230768
236.250      -2.226111
236.265      -2.221449
236.280      -2.216783
236.295      -2.212113
236.310      -2.207441
236.325      -2.202768
236.340      -2.198096
236.355      -2.193425
236.370      -2.188756
236.385      -2.184091
236.400      -2.179431
236.415      -2.174777
236.430      -2.170130
236.445      -2.165490
236.460      -2.160860
236.475      -2.156240
236.490      -2.151631
236.505      -2.147034
236.520      -2.142451
236.535      -2.137882
236.550      -2.133328
236.565      -2.128791
236.580      -2.124271
236.595      -2.119769
236.610      -2.115286
236.625      -2.110823
236.640      -2.106382
236.655      -2.101963
236.670      -2.097566
236.685      -2.093193
236.700      -2.088846
236.715      -2.084523
236.730      -2.080227
236.745      -2.075959
236.760      -2.071718
236.775      -2.067506
236.790      -2.063325
236.805      -2.059173
236.820      -2.055053
236.835      -2.050965
236.850      -2.046910
236.865      -2.042888
236.880      -2.038901
236.895      -2.034948
236.910      -2.031031
236.925      -2.027151
236.940      -2.023307
236.955      -2.019501
236.970      -2.015733
236.985      -2.012004
237.000      -2.008315
237.015      -2.004665
237.030      -2.001056
237.045      -1.997489
237.060      -1.993963
237.075      -1.990479
237.090      -1.987038
237.105      -1.983640
237.120      -1.980286
237.135      -1.976977
237.150      -1.973712
237.165      -1.970492
237.180      -1.967317
237.195      -1.964189
237.210      -1.961107
237.225      -1.958072
237.240      -1.955084
237.255      -1.952143
237.270      -1.949250
237.285      -1.946406
237.300      -1.943610
237.315      -1.940863
237.330      -1.938165
237.345      -1.935517
237.360      -1.932918
237.375      -1.930369
237.390      -1.927870
237.405      -1.925422
237.420      -1.923025
237.435      -1.920678
237.450      -1.918383
237.465      -1.916139
237.480      -1.913946
237.495      -1.911805
237.510      -1.909716
237.525      -1.907679
237.540      -1.905694
237.555      -1.903761
237.570      -1.901881
237.585      -1.900053
237.600      -1.898277
237.615      -1.896555
237.630      -1.894885
237.645      -1.893268
237.660      -1.891704
237.675      -1.890192
237.690      -1.888734
237.705      -1.887329
237.720      -1.885977
237.735      -1.884678
237.750      -1.883432
237.765      -1.882239
237.780      -1.881100
237.795      -1.880013
237.810      -1.878980
237.825      -1.878000
237.840      -1.877073
237.855      -1.876199
237.870      -1.875378
237.885      -1.874609
237.900      -1.873894
237.915      -1.873232
237.930      -1.872622
237.945      -1.872065
237.960      -1.871561
237.975      -1.871109
237.990      -1.870710
238.005      -1.870363
238.020      -1.870068
238.035      -1.869826
238.050      -1.869635
238.065      -1.869497
238.080      -1.869410
238.095      -1.869376
238.110      -1.869392
238.125      -1.869461
238.140      -1.869580
238.155      -1.869751
238.170      -1.869973
238.185      -1.870246
238.200      -1.870570
238.215      -1.870944
238.230      -1.871369
238.245      -1.871844
238.260      -1.872370
238.275      -1.872945
238.290      -1.873570
238.305      -1.874245
238.320      -1.874970
238.335      -1.875743
238.350      -1.876566
238.365      -1.877438
238.380      -1.878358
238.395      -1.879327
238.410      -1.880345
238.425      -1.881410
238.440      -1.882524
238.455      -1.883686
238.470      -1.884894
238.485      -1.886151
238.500      -1.887454
238.515      -1.888805
238.530      -1.890202
238.545      -1.891645
238.560      -1.893135
238.575      -1.894671
238.590      -1.896252
238.605      -1.897880
238.620      -1.899552
238.635      -1.901270
238.650      -1.903032
238.665      -1.904839
238.680      -1.906690
238.695      -1.908586
238.710      -1.910525
238.725      -1.912507
238.740      -1.914533
238.755      -1.916602
238.770      -1.918714
238.785      -1.920868
238.800      -1.923064
238.815      -1.925303
238.830      -1.927582
238.845      -1.929903
238.860      -1.932265
238.875      -1.934668
238.890      -1.937111
238.905      -1.939595
238.920      -1.942118
238.935      -1.944680
238.950      -1.947281
238.965      -1.949922
238.980      -1.952601
238.995      -1.955317
239.010      -1.958072
239.025      -1.960864
239.040      -1.963693
239.055      -1.966559
239.070      -1.969462
239.085      -1.972400
239.100      -1.975374
239.115      -1.978383
239.130      -1.981427
239.145      -1.984505
239.160      -1.987618
239.175      -1.990764
239.190      -1.993943
239.205      -1.997155
239.220      -2.000400
239.235      -2.003677
239.250      -2.006985
239.265      -2.010324
239.280      -2.013694
239.295      -2.017095
239.310      -2.020525
239.325      -2.023984
239.340      -2.027473
239.355      -2.030989
239.370      -2.034534
239.385      -2.038106
239.400      -2.041705
239.415      -2.045330
239.430      -2.048981
239.445      -2.052657
239.460      -2.056359
239.475      -2.060084
239.490      -2.063833
239.505      -2.067606
239.520      -2.071401
239.535      -2.075218
239.550      -2.079056
239.565      -2.082915
239.580      -2.086795
239.595      -2.090694
239.610      -2.094612
239.625      -2.098549
239.640      -2.102503
239.655      -2.106474
239.670      -2.110462
239.685      -2.114465
239.700      -2.118484
239.715      -2.122517
239.730      -2.126564
239.745      -2.130623
239.760      -2.134695
239.775      -2.138778
239.790      -2.142873
239.805      -2.146977
239.820      -2.151090
239.835      -2.155212
239.850      -2.159342
239.865      -2.163478
239.880      -2.167621
239.895      -2.171768
239.910      -2.175921
239.925      -2.180076
239.940      -2.184235
239.955      -2.188395
239.970      -2.192557
239.985      -2.196718
240.000      -2.200879
240.015      -2.205038
240.030      -2.209194
240.045      -2.213347
240.060      -2.217495
240.075      -2.221638
240.090      -2.225774
240.105      -2.229903
240.120      -2.234023
240.135      -2.238134
240.150      -2.242235
240.165      -2.246324
240.180      -2.250400
240.195      -2.254463
240.210      -2.258512
240.225      -2.262545
240.240      -2.266561
240.255      -2.270559
240.270      -2.274539
240.285      -2.278498
240.300      -2.282437
240.315      -2.286353
240.330      -2.290246
240.345      -2.294115
240.360      -2.297958
240.375      -2.301774
240.390      -2.305562
240.405      -2.309321
240.420      -2.313050
240.435      -2.316748
240.450      -2.320413
240.465      -2.324044
240.480      -2.327640
240.495      -2.331200
240.510      -2.334723
240.525      -2.338207
240.540      -2.341652
240.555      -2.345055
240.570      -2.348416
240.585      -2.351734
240.600      -2.355008
240.615      -2.358235
240.630      -2.361415
240.645      -2.364548
240.660      -2.367630
240.675      -2.370662
240.690      -2.373642
240.705      -2.376569
240.720      -2.379442
240.735      -2.382259
240.750      -2.385019
240.765      -2.387722
240.780      -2.390365
240.795      -2.392948
240.810      -2.395469
240.825      -2.397928
240.840      -2.400322
240.855      -2.402652
240.870      -2.404915
240.885      -2.407112
240.900      -2.409239
240.915      -2.411297
240.930      -2.413284
240.945      -2.415200
240.960      -2.417042
240.975      -2.418811
240.990      -2.420504
241.005      -2.422121
241.020      -2.423661
241.035      -2.425122
241.050      -2.426504
241.065      -2.427806
241.080      -2.429027
241.095      -2.430165
241.110      -2.431220
241.125      -2.432191
241.140      -2.433077
241.155      -2.433876
241.170      -2.434589
241.185      -2.435214
241.200      -2.435751
241.215      -2.436198
241.230      -2.436555
241.245      -2.436821
241.260      -2.436995
241.275      -2.437077
241.290      -2.437065
241.305      -2.436960
241.320      -2.436760
241.335      -2.436464
241.350      -2.436073
241.365      -2.435586
241.380      -2.435001
241.395      -2.434319
241.410      -2.433540
241.425      -2.432661
241.440      -2.431684
241.455      -2.430607
241.470      -2.429430
241.485      -2.428153
241.500      -2.426776
241.515      -2.425298
241.530      -2.423719
241.545      -2.422038
241.560      -2.420256
241.575      -2.418372
241.590      -2.416386
241.605      -2.414299
241.620      -2.412109
241.635      -2.409816
241.650      -2.407422
241.665      -2.404925
241.680      -2.402326
241.695      -2.399625
241.710      -2.396822
241.725      -2.393917
241.740      -2.390910
241.755      -2.387801
241.770      -2.384591
241.785      -2.381280
241.800      -2.377868
241.815      -2.374356
241.830      -2.370743
241.845      -2.367031
241.860      -2.363220
241.875      -2.359309
241.890      -2.355300
241.905      -2.351193
241.920      -2.346989
241.935      -2.342689
241.950      -2.338292
241.965      -2.333800
241.980      -2.329213
241.995      -2.324532
242.010      -2.319757
242.025      -2.314890
242.040      -2.309932
242.055      -2.304882
242.070      -2.299743
242.085      -2.294515
242.100      -2.289198
242.115      -2.283795
242.130      -2.278305
242.145      -2.272730
242.160      -2.267072
242.175      -2.261330
242.190      -2.255506
242.205      -2.249602
242.220      -2.243619
242.235      -2.237557
242.250      -2.231418
242.265      -2.225203
242.280      -2.218914
242.295      -2.212552
242.310      -2.206118
242.325      -2.199613
242.340      -2.193040
242.355      -2.186399
242.370      -2.179692
242.385      -2.172920
242.400      -2.166085
242.415      -2.159188
242.430      -2.152231
242.445      -2.145216
242.460      -2.138144
242.475      -2.131016
242.490      -2.123834
242.505      -2.116601
242.520      -2.109317
242.535      -2.101984
242.550      -2.094605
242.565      -2.087180
242.580      -2.079711
242.595      -2.072201
242.610      -2.064650
242.625      -2.057062
242.640      -2.049436
242.655      -2.041776
242.670      -2.034084
242.685      -2.026360
242.700      -2.018607
242.715      -2.010827
242.730      -2.003022
242.745      -1.995193
242.760      -1.987342
242.775      -1.979472
242.790      -1.971583
242.805      -1.963679
242.820      -1.955761
242.835      -1.947830
242.850      -1.939890
242.865      -1.931941
242.880      -1.923986
242.895      -1.916026
242.910      -1.908064
242.925      -1.900102
242.940      -1.892141
242.955      -1.884183
242.970      -1.876230
242.985      -1.868285
243.000      -1.860349
243.015      -1.852424
243.030      -1.844512
243.045      -1.836615
243.060      -1.828735
243.075      -1.820873
243.090      -1.813032
243.105      -1.805214
243.120      -1.797420
243.135      -1.789652
243.150      -1.781912
243.165      -1.774203
243.180      -1.766525
243.195      -1.758880
243.210      -1.751271
243.225      -1.743699
243.240      -1.736167
243.255      -1.728675
243.270      -1.721225
243.285      -1.713820
243.300      -1.706461
243.315      -1.699149
243.330      -1.691887
243.345      -1.684675
243.360      -1.677517
243.375      -1.670412
243.390      -1.663364
243.405      -1.656373
243.420      -1.649441
243.435      -1.642570
243.450      -1.635760
243.465      -1.629014
243.480      -1.622334
243.495      -1.615720
243.510      -1.609173
243.525      -1.602696
243.540      -1.596290
243.555      -1.589956
243.570      -1.583695
243.585      -1.577508
243.600      -1.571398
243.615      -1.565364
243.630      -1.559409
243.645      -1.553534
243.660      -1.547739
243.675      -1.542026
243.690      -1.536396
243.705      -1.530850
243.720      -1.525389
243.735      -1.520015
243.750      -1.514727
243.765      -1.509527
243.780      -1.504416
243.795      -1.499394
243.810      -1.494464
243.825      -1.489625
243.840      -1.484878
243.855      -1.480224
243.870      -1.475664
243.885      -1.471199
243.900      -1.466829
243.915      -1.462554
243.930      -1.458376
243.945      -1.454295
243.960      -1.450312
243.975      -1.446427
243.990      -1.442640
244.005      -1.438953
244.020      -1.435365
244.035      -1.431877
244.050      -1.428489
244.065      -1.425202
244.080      -1.422016
244.095      -1.418932
244.110      -1.415948
244.125      -1.413067
244.140      -1.410287
244.155      -1.407609
244.170      -1.405034
244.185      -1.402561
244.200      -1.400191
244.215      -1.397923
244.230      -1.395757
244.245      -1.393694
244.260      -1.391734
244.275      -1.389875
244.290      -1.388120
244.305      -1.386466
244.320      -1.384915
244.335      -1.383465
244.350      -1.382117
244.365      -1.380871
244.380      -1.379726
244.395      -1.378682
244.410      -1.377739
244.425      -1.376896
244.440      -1.376153
244.455      -1.375510
244.470      -1.374966
244.485      -1.374522
244.500      -1.374175
244.515      -1.373927
244.530      -1.373777
244.545      -1.373723
244.560      -1.373767
244.575      -1.373906
244.590      -1.374141
244.605      -1.374471
244.620      -1.374895
244.635      -1.375413
244.650      -1.376024
244.665      -1.376727
244.680      -1.377523
244.695      -1.378409
244.710      -1.379386
244.725      -1.380453
244.740      -1.381609
244.755      -1.382853
244.770      -1.384185
244.785      -1.385604
244.800      -1.387108
244.815      -1.388698
244.830      -1.390372
244.845      -1.392130
244.860      -1.393971
244.875      -1.395893
244.890      -1.397897
244.905      -1.399981
244.920      -1.402144
244.935      -1.404385
244.950      -1.406704
244.965      -1.409100
244.980      -1.411572
244.995      -1.414118
245.010      -1.416738
245.025      -1.419431
245.040      -1.422196
245.055      -1.425032
245.070      -1.427939
245.085      -1.430914
245.100      -1.433958
245.115      -1.437068
245.130      -1.440245
245.145      -1.443487
245.160      -1.446794
245.175      -1.450164
245.190      -1.453596
245.205      -1.457089
245.220      -1.460642
245.235      -1.464255
245.250      -1.467926
245.265      -1.471654
245.280      -1.475439
245.295      -1.479278
245.310      -1.483172
245.325      -1.487119
245.340      -1.491119
245.355      -1.495169
245.370      -1.499270
245.385      -1.503420
245.400      -1.507618
245.415      -1.511863
245.430      -1.516154
245.445      -1.520491
245.460      -1.524871
245.475      -1.529295
245.490      -1.533761
245.505      -1.538267
245.520      -1.542814
245.535      -1.547401
245.550      -1.552025
245.565      -1.556686
245.580      -1.561384
245.595      -1.566117
245.610      -1.570884
245.625      -1.575685
245.640      -1.580517
245.655      -1.585382
245.670      -1.590276
245.685      -1.595200
245.700      -1.600152
245.715      -1.605132
245.730      -1.610139
245.745      -1.615171
245.760      -1.620228
245.775      -1.625309
245.790      -1.630413
245.805      -1.635539
245.820      -1.640686
245.835      -1.645854
245.850      -1.651040
245.865      -1.656246
245.880      -1.661468
245.895      -1.666708
245.910      -1.671964
245.925      -1.677234
245.940      -1.682519
245.955      -1.687817
245.970      -1.693128
245.985      -1.698450
246.000      -1.703784
246.015      -1.709127
246.030      -1.714480
246.045      -1.719841
246.060      -1.725211
246.075      -1.730587
246.090      -1.735969
246.105      -1.741357
246.120      -1.746750
246.135      -1.752146
246.150      -1.757546
246.165      -1.762949
246.180      -1.768353
246.195      -1.773758
246.210      -1.779164
246.225      -1.784570
246.240      -1.789974
246.255      -1.795378
246.270      -1.800779
246.285      -1.806177
246.300      -1.811571
246.315      -1.816962
246.330      -1.822347
246.345      -1.827728
246.360      -1.833102
246.375      -1.838470
246.390      -1.843831
246.405      -1.849184
246.420      -1.854528
246.435      -1.859864
246.450      -1.865191
246.465      -1.870508
246.480      -1.875814
246.495      -1.881109
246.510      -1.886393
246.525      -1.891665
246.540      -1.896925
246.555      -1.902172
246.570      -1.907406
246.585      -1.912625
246.600      -1.917831
246.615      -1.923022
246.630      -1.928198
246.645      -1.933358
246.660      -1.938502
246.675      -1.943630
246.690      -1.948742
246.705      -1.953836
246.720      -1.958913
246.735      -1.963972
246.750      -1.969013
246.765      -1.974036
246.780      -1.979040
246.795      -1.984024
246.810      -1.988989
246.825      -1.993935
246.840      -1.998860
246.855      -2.003765
246.870      -2.008649
246.885      -2.013512
246.900      -2.018355
246.915      -2.023175
246.930      -2.027975
246.945      -2.032752
246.960      -2.037507
246.975      -2.042240
246.990      -2.046950
247.005      -2.051637
247.020      -2.056301
247.035      -2.060942
247.050      -2.065560
247.065      -2.070154
247.080      -2.074724
247.095      -2.079271
247.110      -2.083793
247.125      -2.088291
247.140      -2.092765
247.155      -2.097214
247.170      -2.101639
247.185      -2.106038
247.200      -2.110413
247.215      -2.114763
247.230      -2.119087
247.245      -2.123386
247.260      -2.127660
247.275      -2.131908
247.290      -2.136131
247.305      -2.140328
247.320      -2.144499
247.335      -2.148644
247.350      -2.152763
247.365      -2.156856
247.380      -2.160923
247.395      -2.164964
247.410      -2.168978
247.425      -2.172966
247.440      -2.176928
247.455      -2.180863
247.470      -2.184771
247.485      -2.188653
247.500      -2.192508
247.515      -2.196337
247.530      -2.200138
247.545      -2.203913
247.560      -2.207661
247.575      -2.211381
247.590      -2.215075
247.605      -2.218742
247.620      -2.222381
247.635      -2.225993
247.650      -2.229578
247.665      -2.233136
247.680      -2.236666
247.695      -2.240169
247.710      -2.243644
247.725      -2.247092
247.740      -2.250512
247.755      -2.253905
247.770      -2.257269
247.785      -2.260606
247.800      -2.263916
247.815      -2.267197
247.830      -2.270450
247.845      -2.273675
247.860      -2.276872
247.875      -2.280041
247.890      -2.283181
247.905      -2.286293
247.920      -2.289377
247.935      -2.292432
247.950      -2.295458
247.965      -2.298456
247.980      -2.301425
247.995      -2.304365
248.010      -2.307276
248.025      -2.310157
248.040      -2.313010
248.055      -2.315832
248.070      -2.318626
248.085      -2.321390
248.100      -2.324124
248.115      -2.326828
248.130      -2.329502
248.145      -2.332145
248.160      -2.334759
248.175      -2.337342
248.190      -2.339894
248.205      -2.342415
248.220      -2.344905
248.235      -2.347364
248.250      -2.349792
248.265      -2.352188
248.280      -2.354552
248.295      -2.356884
248.310      -2.359184
248.325      -2.361452
248.340      -2.363687
248.355      -2.365889
248.370      -2.368058
248.385      -2.370194
248.400      -2.372296
248.415      -2.374365
248.430      -2.376399
248.445      -2.378399
248.460      -2.380364
248.475      -2.382295
248.490      -2.384190
248.505      -2.386050
248.520      -2.387874
248.535      -2.389662
248.550      -2.391414
248.565      -2.393129
248.580      -2.394807
248.595      -2.396448
248.610      -2.398051
248.625      -2.399617
248.640      -2.401144
248.655      -2.402632
248.670      -2.404082
248.685      -2.405492
248.700      -2.406862
248.715      -2.408193
248.730      -2.409483
248.745      -2.410732
248.760      -2.411940
248.775      -2.413106
248.790      -2.414231
248.805      -2.415313
248.820      -2.416353
248.835      -2.417349
248.850      -2.418301
248.865      -2.419210
248.880      -2.420074
248.895      -2.420894
248.910      -2.421668
248.925      -2.422397
248.940      -2.423079
248.955      -2.423715
248.970      -2.424304
248.985      -2.424846
249.000      -2.425340
249.015      -2.425786
249.030      -2.426182
249.045      -2.426530
249.060      -2.426828
249.075      -2.427076
249.090      -2.427274
249.105      -2.427420
249.120      -2.427516
249.135      -2.427559
249.150      -2.427550
249.165      -2.427488
249.180      -2.427374
249.195      -2.427205
249.210      -2.426983
249.225      -2.426706
249.240      -2.426374
249.255      -2.425986
249.270      -2.425543
249.285      -2.425043
249.300      -2.424487
249.315      -2.423874
249.330      -2.423203
249.345      -2.422474
249.360      -2.421687
249.375      -2.420841
249.390      -2.419936
249.405      -2.418971
249.420      -2.417947
249.435      -2.416862
249.450      -2.415716
249.465      -2.414509
249.480      -2.413241
249.495      -2.411911
249.510      -2.410519
249.525      -2.409064
249.540      -2.407546
249.555      -2.405966
249.570      -2.404321
249.585      -2.402614
249.600      -2.400842
249.615      -2.399005
249.630      -2.397105
249.645      -2.395139
249.660      -2.393108
249.675      -2.391012
249.690      -2.388850
249.705      -2.386623
249.720      -2.384330
249.735      -2.381970
249.750      -2.379545
249.765      -2.377053
249.780      -2.374494
249.795      -2.371869
249.810      -2.369176
249.825      -2.366417
249.840      -2.363591
249.855      -2.360698
249.870      -2.357738
249.885      -2.354711
249.900      -2.351617
249.915      -2.348456
249.930      -2.345227
249.945      -2.341932
249.960      -2.338570
249.975      -2.335141
249.990      -2.331645
250.005      -2.328083
250.020      -2.324454
250.035      -2.320759
250.050      -2.316997
250.065      -2.313170
250.080      -2.309277
250.095      -2.305319
250.110      -2.301295
250.125      -2.297207
250.140      -2.293054
250.155      -2.288837
250.170      -2.284556
250.185      -2.280211
250.200      -2.275803
250.215      -2.271333
250.230      -2.266800
250.245      -2.262205
250.260      -2.257550
250.275      -2.252833
250.290      -2.248056
250.305      -2.243219
250.320      -2.238324
250.335      -2.233369
250.350      -2.228357
250.365      -2.223288
250.380      -2.218162
250.395      -2.212981
250.410      -2.207744
250.425      -2.202453
250.440      -2.197108
250.455      -2.191710
250.470      -2.186261
250.485      -2.180760
250.500      -2.175209
250.515      -2.169609
250.530      -2.163961
250.545      -2.158265
250.560      -2.152522
250.575      -2.146734
250.590      -2.140901
250.605      -2.135025
250.620      -2.129107
250.635      -2.123147
250.650      -2.117148
250.665      -2.111109
250.680      -2.105032
250.695      -2.098919
250.710      -2.092770
250.725      -2.086587
250.740      -2.080371
250.755      -2.074123
250.770      -2.067845
250.785      -2.061538
250.800      -2.055203
250.815      -2.048842
250.830      -2.042456
250.845      -2.036046
250.860      -2.029614
250.875      -2.023162
250.890      -2.016690
250.905      -2.010201
250.920      -2.003695
250.935      -1.997176
250.950      -1.990643
250.965      -1.984098
250.980      -1.977544
250.995      -1.970981
251.010      -1.964412
251.025      -1.957838
251.040      -1.951261
251.055      -1.944682
251.070      -1.938103
251.085      -1.931526
251.100      -1.924952
251.115      -1.918384
251.130      -1.911823
251.145      -1.905271
251.160      -1.898730
251.175      -1.892201
251.190      -1.885686
251.205      -1.879187
251.220      -1.872707
251.235      -1.866246
251.250      -1.859807
251.265      -1.853392
251.280      -1.847002
251.295      -1.840639
251.310      -1.834306
251.325      -1.828003
251.340      -1.821734
251.355      -1.815500
251.370      -1.809303
251.385      -1.803145
251.400      -1.797027
251.415      -1.790952
251.430      -1.784922
251.445      -1.778939
251.460      -1.773004
251.475      -1.767120
251.490      -1.761288
251.505      -1.755510
251.520      -1.749789
251.535      -1.744126
251.550      -1.738523
251.565      -1.732983
251.580      -1.727506
251.595      -1.722096
251.610      -1.716753
251.625      -1.711480
251.640      -1.706279
251.655      -1.701152
251.670      -1.696099
251.685      -1.691124
251.700      -1.686229
251.715      -1.681414
251.730      -1.676682
251.745      -1.672034
251.760      -1.667473
251.775      -1.663000
251.790      -1.658617
251.805      -1.654325
251.820      -1.650127
251.835      -1.646024
251.850      -1.642017
251.865      -1.638109
251.880      -1.634301
251.895      -1.630595
251.910      -1.626991
251.925      -1.623492
251.940      -1.620100
251.955      -1.616815
251.970      -1.613639
251.985      -1.610574
252.000      -1.607620
252.015      -1.604781
252.030      -1.602055
252.045      -1.599446
252.060      -1.596954
252.075      -1.594581
252.090      -1.592327
252.105      -1.590194
252.120      -1.588183
252.135      -1.586295
252.150      -1.584531
252.165      -1.582893
252.180      -1.581380
252.195      -1.579994
252.210      -1.578737
252.225      -1.577608
252.240      -1.576608
252.255      -1.575738
252.270      -1.575000
252.285      -1.574393
252.300      -1.573918
252.315      -1.573576
252.330      -1.573368
252.345      -1.573292
252.360      -1.573352
252.375      -1.573545
252.390      -1.573874
252.405      -1.574337
252.420      -1.574936
252.435      -1.575670
252.450      -1.576540
252.465      -1.577545
252.480      -1.578686
252.495      -1.579963
252.510      -1.581374
252.525      -1.582922
252.540      -1.584604
252.555      -1.586421
252.570      -1.588373
252.585      -1.590458
252.600      -1.592678
252.615      -1.595030
252.630      -1.597515
252.645      -1.600133
252.660      -1.602881
252.675      -1.605760
252.690      -1.608769
252.705      -1.611908
252.720      -1.615174
252.735      -1.618568
252.750      -1.622088
252.765      -1.625733
252.780      -1.629503
252.795      -1.633395
252.810      -1.637409
252.825      -1.641544
252.840      -1.645798
252.855      -1.650169
252.870      -1.654658
252.885      -1.659261
252.900      -1.663977
252.915      -1.668805
252.930      -1.673744
252.945      -1.678791
252.960      -1.683945
252.975      -1.689204
252.990      -1.694566
253.005      -1.700029
253.020      -1.705591
253.035      -1.711251
253.050      -1.717007
253.065      -1.722855
253.080      -1.728795
253.095      -1.734824
253.110      -1.740939
253.125      -1.747139
253.140      -1.753422
253.155      -1.759784
253.170      -1.766223
253.185      -1.772738
253.200      -1.779326
253.215      -1.785984
253.230      -1.792709
253.245      -1.799500
253.260      -1.806353
253.275      -1.813266
253.290      -1.820236
253.305      -1.827260
253.320      -1.834337
253.335      -1.841463
253.350      -1.848635
253.365      -1.855850
253.380      -1.863106
253.395      -1.870400
253.410      -1.877729
253.425      -1.885089
253.440      -1.892479
253.455      -1.899895
253.470      -1.907335
253.485      -1.914794
253.500      -1.922271
253.515      -1.929763
253.530      -1.937265
253.545      -1.944776
253.560      -1.952292
253.575      -1.959810
253.590      -1.967327
253.605      -1.974840
253.620      -1.982347
253.635      -1.989843
253.650      -1.997326
253.665      -2.004794
253.680      -2.012242
253.695      -2.019667
253.710      -2.027068
253.725      -2.034440
253.740      -2.041781
253.755      -2.049088
253.770      -2.056357
253.785      -2.063586
253.800      -2.070771
253.815      -2.077911
253.830      -2.085001
253.845      -2.092038
253.860      -2.099021
253.875      -2.105946
253.890      -2.112810
253.905      -2.119610
253.920      -2.126344
253.935      -2.133009
253.950      -2.139601
253.965      -2.146119
253.980      -2.152559
253.995      -2.158919
254.010      -2.165197
254.025      -2.171389
254.040      -2.177493
254.055      -2.183507
254.070      -2.189427
254.085      -2.195253
254.100      -2.200981
254.115      -2.206608
254.130      -2.212134
254.145      -2.217554
254.160      -2.222868
254.175      -2.228073
254.190      -2.233166
254.205      -2.238147
254.220      -2.243012
254.235      -2.247760
254.250      -2.252389
254.265      -2.256896
254.280      -2.261282
254.295      -2.265542
254.310      -2.269677
254.325      -2.273684
254.340      -2.277561
254.355      -2.281308
254.370      -2.284922
254.385      -2.288402
254.400      -2.291748
254.415      -2.294957
254.430      -2.298029
254.445      -2.300963
254.460      -2.303757
254.475      -2.306410
254.490      -2.308922
254.505      -2.311292
254.520      -2.313518
254.535      -2.315601
254.550      -2.317539
254.565      -2.319332
254.580      -2.320979
254.595      -2.322481
254.610      -2.323836
254.625      -2.325044
254.640      -2.326106
254.655      -2.327021
254.670      -2.327788
254.685      -2.328408
254.700      -2.328882
254.715      -2.329208
254.730      -2.329388
254.745      -2.329421
254.760      -2.329308
254.775      -2.329050
254.790      -2.328646
254.805      -2.328098
254.820      -2.327406
254.835      -2.326570
254.850      -2.325592
254.865      -2.324473
254.880      -2.323213
254.895      -2.321813
254.910      -2.320274
254.925      -2.318598
254.940      -2.316785
254.955      -2.314838
254.970      -2.312756
254.985      -2.310543
255.000      -2.308198
255.015      -2.305724
255.030      -2.303122
255.045      -2.300394
255.060      -2.297541
255.075      -2.294566
255.090      -2.291470
255.105      -2.288255
255.120      -2.284923
255.135      -2.281476
255.150      -2.277916
255.165      -2.274245
255.180      -2.270466
255.195      -2.266581
255.210      -2.262591
255.225      -2.258499
255.240      -2.254308
255.255      -2.250021
255.270      -2.245639
255.285      -2.241164
255.300      -2.236601
255.315      -2.231951
255.330      -2.227217
255.345      -2.222401
255.360      -2.217507
255.375      -2.212538
255.390      -2.207495
255.405      -2.202382
255.420      -2.197202
255.435      -2.191958
255.450      -2.186653
255.465      -2.181289
255.480      -2.175870
255.495      -2.170399
255.510      -2.164879
255.525      -2.159313
255.540      -2.153704
255.555      -2.148055
255.570      -2.142369
255.585      -2.136651
255.600      -2.130902
255.615      -2.125126
255.630      -2.119326
255.645      -2.113507
255.660      -2.107669
255.675      -2.101818
255.690      -2.095957
255.705      -2.090088
255.720      -2.084215
255.735      -2.078341
255.750      -2.072470
255.765      -2.066605
255.780      -2.060748
255.795      -2.054905
255.810      -2.049076
255.825      -2.043267
255.840      -2.037480
255.855      -2.031719
255.870      -2.025986
255.885      -2.020286
255.900      -2.014620
255.915      -2.008993
255.930      -2.003408
255.945      -1.997867
255.960      -1.992374
255.975      -1.986932
255.990      -1.981545
256.005      -1.976214
256.020      -1.970944
256.035      -1.965737
256.050      -1.960596
256.065      -1.955525
256.080      -1.950525
256.095      -1.945601
256.110      -1.940755
256.125      -1.935989
256.140      -1.931306
256.155      -1.926710
256.170      -1.922203
256.185      -1.917788
256.200      -1.913466
256.215      -1.909242
256.230      -1.905116
256.245      -1.901093
256.260      -1.897173
256.275      -1.893360
256.290      -1.889656
256.305      -1.886063
256.320      -1.882584
256.335      -1.879220
256.350      -1.875973
256.365      -1.872847
256.380      -1.869842
256.395      -1.866961
256.410      -1.864205
256.425      -1.861576
256.440      -1.859077
256.455      -1.856708
256.470      -1.854472
256.485      -1.852370
256.500      -1.850403
256.515      -1.848573
256.530      -1.846882
256.545      -1.845330
256.560      -1.843919
256.575      -1.842650
256.590      -1.841524
256.605      -1.840543
256.620      -1.839706
256.635      -1.839016
256.650      -1.838472
256.665      -1.838076
256.680      -1.837828
256.695      -1.837730
256.710      -1.837780
256.725      -1.837981
256.740      -1.838332
256.755      -1.838833
256.770      -1.839486
256.785      -1.840289
256.800      -1.841244
256.815      -1.842350
256.830      -1.843607
256.845      -1.845015
256.860      -1.846574
256.875      -1.848284
256.890      -1.850143
256.905      -1.852153
256.920      -1.854312
256.935      -1.856620
256.950      -1.859076
256.965      -1.861680
256.980      -1.864431
256.995      -1.867327
257.010      -1.870368
257.025      -1.873554
257.040      -1.876882
257.055      -1.880352
257.070      -1.883963
257.085      -1.887713
257.100      -1.891602
257.115      -1.895627
257.130      -1.899787
257.145      -1.904080
257.160      -1.908506
257.175      -1.913063
257.190      -1.917747
257.205      -1.922559
257.220      -1.927496
257.235      -1.932556
257.250      -1.937737
257.265      -1.943037
257.280      -1.948454
257.295      -1.953986
257.310      -1.959630
257.325      -1.965385
257.340      -1.971248
257.355      -1.977216
257.370      -1.983288
257.385      -1.989460
257.400      -1.995730
257.415      -2.002096
257.430      -2.008555
257.445      -2.015103
257.460      -2.021740
257.475      -2.028461
257.490      -2.035263
257.505      -2.042145
257.520      -2.049103
257.535      -2.056133
257.550      -2.063234
257.565      -2.070402
257.580      -2.077633
257.595      -2.084926
257.610      -2.092276
257.625      -2.099680
257.640      -2.107136
257.655      -2.114640
257.670      -2.122188
257.685      -2.129778
257.700      -2.137406
257.715      -2.145069
257.730      -2.152763
257.745      -2.160485
257.760      -2.168232
257.775      -2.176000
257.790      -2.183786
257.805      -2.191585
257.820      -2.199396
257.835      -2.207214
257.850      -2.215035
257.865      -2.222857
257.880      -2.230676
257.895      -2.238487
257.910      -2.246289
257.925      -2.254076
257.940      -2.261846
257.955      -2.269595
257.970      -2.277320
257.985      -2.285017
258.000      -2.292682
258.015      -2.300312
258.030      -2.307904
258.045      -2.315453
258.060      -2.322957
258.075      -2.330412
258.090      -2.337815
258.105      -2.345161
258.120      -2.352449
258.135      -2.359673
258.150      -2.366832
258.165      -2.373921
258.180      -2.380937
258.195      -2.387877
258.210      -2.394738
258.225      -2.401516
258.240      -2.408208
258.255      -2.414811
258.270      -2.421322
258.285      -2.427737
258.300      -2.434054
258.315      -2.440269
258.330      -2.446380
258.345      -2.452383
258.360      -2.458275
258.375      -2.464054
258.390      -2.469717
258.405      -2.475261
258.420      -2.480683
258.435      -2.485980
258.450      -2.491150
258.465      -2.496189
258.480      -2.501097
258.495      -2.505869
258.510      -2.510504
258.525      -2.514999
258.540      -2.519351
258.555      -2.523559
258.570      -2.527620
258.585      -2.531532
258.600      -2.535292
258.615      -2.538899
258.630      -2.542351
258.645      -2.545645
258.660      -2.548780
258.675      -2.551753
258.690      -2.554564
258.705      -2.557210
258.720      -2.559690
258.735      -2.562001
258.750      -2.564143
258.765      -2.566114
258.780      -2.567912
258.795      -2.569537
258.810      -2.570986
258.825      -2.572260
258.840      -2.573355
258.855      -2.574272
258.870      -2.575010
258.885      -2.575567
258.900      -2.575942
258.915      -2.576135
258.930      -2.576145
258.945      -2.575972
258.960      -2.575614
258.975      -2.575071
258.990      -2.574343
259.005      -2.573429
259.020      -2.572329
259.035      -2.571042
259.050      -2.569569
259.065      -2.567909
259.080      -2.566062
259.095      -2.564028
259.110      -2.561807
259.125      -2.559400
259.140      -2.556806
259.155      -2.554026
259.170      -2.551060
259.185      -2.547909
259.200      -2.544572
259.215      -2.541051
259.230      -2.537346
259.245      -2.533457
259.260      -2.529386
259.275      -2.525133
259.290      -2.520699
259.305      -2.516085
259.320      -2.511291
259.335      -2.506320
259.350      -2.501171
259.365      -2.495847
259.380      -2.490348
259.395      -2.484675
259.410      -2.478830
259.425      -2.472815
259.440      -2.466630
259.455      -2.460277
259.470      -2.453758
259.485      -2.447074
259.500      -2.440228
259.515      -2.433219
259.530      -2.426052
259.545      -2.418726
259.560      -2.411245
259.575      -2.403610
259.590      -2.395822
259.605      -2.387885
259.620      -2.379799
259.635      -2.371568
259.650      -2.363193
259.665      -2.354677
259.680      -2.346021
259.695      -2.337228
259.710      -2.328300
259.725      -2.319240
259.740      -2.310050
259.755      -2.300732
259.770      -2.291290
259.785      -2.281724
259.800      -2.272039
259.815      -2.262236
259.830      -2.252319
259.845      -2.242289
259.860      -2.232150
259.875      -2.221903
259.890      -2.211553
259.905      -2.201101
259.920      -2.190551
259.935      -2.179905
259.950      -2.169167
259.965      -2.158338
259.980      -2.147422
259.995      -2.136421
260.010      -2.125340
260.025      -2.114180
260.040      -2.102944
260.055      -2.091636
260.070      -2.080259
260.085      -2.068815
260.100      -2.057308
260.115      -2.045740
260.130      -2.034115
260.145      -2.022435
260.160      -2.010705
260.175      -1.998926
260.190      -1.987102
260.205      -1.975236
260.220      -1.963332
260.235      -1.951391
260.250      -1.939418
260.265      -1.927415
260.280      -1.915385
260.295      -1.903333
260.310      -1.891260
260.325      -1.879169
260.340      -1.867065
260.355      -1.854949
260.370      -1.842826
260.385      -1.830698
260.400      -1.818568
260.415      -1.806439
260.430      -1.794314
260.445      -1.782197
260.460      -1.770091
260.475      -1.757997
260.490      -1.745921
260.505      -1.733863
260.520      -1.721828
260.535      -1.709818
260.550      -1.697837
260.565      -1.685887
260.580      -1.673971
260.595      -1.662092
260.610      -1.650253
260.625      -1.638456
260.640      -1.626705
260.655      -1.615003
260.670      -1.603352
260.685      -1.591754
260.700      -1.580214
260.715      -1.568732
260.730      -1.557313
260.745      -1.545959
260.760      -1.534671
260.775      -1.523454
260.790      -1.512309
260.805      -1.501240
260.820      -1.490248
260.835      -1.479336
260.850      -1.468506
260.865      -1.457762
260.880      -1.447104
260.895      -1.436537
260.910      -1.426061
260.925      -1.415680
260.940      -1.405396
260.955      -1.395210
260.970      -1.385125
260.985      -1.375143
261.000      -1.365267
261.015      -1.355497
261.030      -1.345838
261.045      -1.336289
261.060      -1.326854
261.075      -1.317534
261.090      -1.308332
261.105      -1.299248
261.120      -1.290285
261.135      -1.281445
261.150      -1.272730
261.165      -1.264140
261.180      -1.255678
261.195      -1.247345
261.210      -1.239144
261.225      -1.231075
261.240      -1.223139
261.255      -1.215340
261.270      -1.207677
261.285      -1.200152
261.300      -1.192767
261.315      -1.185523
261.330      -1.178421
261.345      -1.171462
261.360      -1.164648
261.375      -1.157980
261.390      -1.151458
261.405      -1.145084
261.420      -1.138860
261.435      -1.132784
261.450      -1.126860
261.465      -1.121087
261.480      -1.115467
261.495      -1.110000
261.510      -1.104688
261.525      -1.099530
261.540      -1.094527
261.555      -1.089681
261.570      -1.084991
261.585      -1.080459
261.600      -1.076085
261.615      -1.071869
261.630      -1.067812
261.645      -1.063914
261.660      -1.060176
261.675      -1.056598
261.690      -1.053180
261.705      -1.049922
261.720      -1.046826
261.735      -1.043890
261.750      -1.041115
261.765      -1.038502
261.780      -1.036050
261.795      -1.033759
261.810      -1.031629
261.825      -1.029661
261.840      -1.027854
261.855      -1.026208
261.870      -1.024724
261.885      -1.023400
261.900      -1.022236
261.915      -1.021233
261.930      -1.020390
261.945      -1.019707
261.960      -1.019183
261.975      -1.018819
261.990      -1.018613
262.005      -1.018565
262.020      -1.018675
262.035      -1.018942
262.050      -1.019366
262.065      -1.019947
262.080      -1.020683
262.095      -1.021573
262.110      -1.022619
262.125      -1.023817
262.140      -1.025169
262.155      -1.026673
262.170      -1.028329
262.185      -1.030135
262.200      -1.032091
262.215      -1.034195
262.230      -1.036448
262.245      -1.038849
262.260      -1.041395
262.275      -1.044087
262.290      -1.046924
262.305      -1.049903
262.320      -1.053025
262.335      -1.056289
262.350      -1.059693
262.365      -1.063235
262.380      -1.066916
262.395      -1.070734
262.410      -1.074688
262.425      -1.078776
262.440      -1.082998
262.455      -1.087352
262.470      -1.091836
262.485      -1.096451
262.500      -1.101194
262.515      -1.106064
262.530      -1.111059
262.545      -1.116180
262.560      -1.121423
262.575      -1.126788
262.590      -1.132274
262.605      -1.137878
262.620      -1.143600
262.635      -1.149438
262.650      -1.155391
262.665      -1.161457
262.680      -1.167635
262.695      -1.173923
262.710      -1.180319
262.725      -1.186823
262.740      -1.193433
262.755      -1.200147
262.770      -1.206963
262.785      -1.213881
262.800      -1.220898
262.815      -1.228013
262.830      -1.235224
262.845      -1.242529
262.860      -1.249928
262.875      -1.257418
262.890      -1.264999
262.905      -1.272667
262.920      -1.280421
262.935      -1.288261
262.950      -1.296184
262.965      -1.304188
262.980      -1.312272
262.995      -1.320435
263.010      -1.328673
263.025      -1.336987
263.040      -1.345374
263.055      -1.353832
263.070      -1.362359
263.085      -1.370955
263.100      -1.379617
263.115      -1.388344
263.130      -1.397133
263.145      -1.405984
263.160      -1.414893
263.175      -1.423861
263.190      -1.432885
263.205      -1.441962
263.220      -1.451093
263.235      -1.460274
263.250      -1.469504
263.265      -1.478782
263.280      -1.488105
263.295      -1.497472
263.310      -1.506882
263.325      -1.516332
263.340      -1.525820
263.355      -1.535346
263.370      -1.544907
263.385      -1.554502
263.400      -1.564130
263.415      -1.573787
263.430      -1.583473
263.445      -1.593186
263.460      -1.602924
263.475      -1.612686
263.490      -1.622470
263.505      -1.632275
263.520      -1.642098
263.535      -1.651938
263.550      -1.661793
263.565      -1.671662
263.580      -1.681544
263.595      -1.691436
263.610      -1.701337
263.625      -1.711245
263.640      -1.721159
263.655      -1.731078
263.670      -1.740999
263.685      -1.750921
263.700      -1.760843
263.715      -1.770763
263.730      -1.780679
263.745      -1.790591
263.760      -1.800495
263.775      -1.810392
263.790      -1.820280
263.805      -1.830156
263.820      -1.840021
263.835      -1.849871
263.850      -1.859706
263.865      -1.869524
263.880      -1.879325
263.895      -1.889106
263.910      -1.898866
263.925      -1.908604
263.940      -1.918318
263.955      -1.928008
263.970      -1.937671
263.985      -1.947307
264.000      -1.956914
264.015      -1.966491
264.030      -1.976036
264.045      -1.985549
264.060      -1.995028
264.075      -2.004472
264.090      -2.013880
264.105      -2.023250
264.120      -2.032581
264.135      -2.041873
264.150      -2.051124
264.165      -2.060333
264.180      -2.069498
264.195      -2.078620
264.210      -2.087696
264.225      -2.096725
264.240      -2.105707
264.255      -2.114641
264.270      -2.123525
264.285      -2.132358
264.300      -2.141140
264.315      -2.149870
264.330      -2.158546
264.345      -2.167168
264.360      -2.175734
264.375      -2.184245
264.390      -2.192698
264.405      -2.201094
264.420      -2.209431
264.435      -2.217708
264.450      -2.225925
264.465      -2.234081
264.480      -2.242175
264.495      -2.250206
264.510      -2.258174
264.525      -2.266078
264.540      -2.273917
264.555      -2.281691
264.570      -2.289399
264.585      -2.297039
264.600      -2.304613
264.615      -2.312118
264.630      -2.319555
264.645      -2.326922
264.660      -2.334220
264.675      -2.341448
264.690      -2.348605
264.705      -2.355690
264.720      -2.362704
264.735      -2.369646
264.750      -2.376515
264.765      -2.383311
264.780      -2.390033
264.795      -2.396682
264.810      -2.403257
264.825      -2.409757
264.840      -2.416182
264.855      -2.422532
264.870      -2.428806
264.885      -2.435005
264.900      -2.441127
264.915      -2.447174
264.930      -2.453144
264.945      -2.459037
264.960      -2.464853
264.975      -2.470592
264.990      -2.476255
265.005      -2.481840
265.020      -2.487347
265.035      -2.492777
265.050      -2.498129
265.065      -2.503404
265.080      -2.508601
265.095      -2.513720
265.110      -2.518762
265.125      -2.523726
265.140      -2.528612
265.155      -2.533421
265.170      -2.538152
265.185      -2.542805
265.200      -2.547381
265.215      -2.551880
265.230      -2.556302
265.245      -2.560647
265.260      -2.564914
265.275      -2.569105
265.290      -2.573220
265.305      -2.577258
265.320      -2.581221
265.335      -2.585107
265.350      -2.588918
265.365      -2.592653
265.380      -2.596313
265.395      -2.599899
265.410      -2.603410
265.425      -2.606847
265.440      -2.610210
265.455      -2.613500
265.470      -2.616716
265.485      -2.619860
265.500      -2.622932
265.515      -2.625931
265.530      -2.628859
265.545      -2.631716
265.560      -2.634502
265.575      -2.637217
265.590      -2.639863
265.605      -2.642439
265.620      -2.644947
265.635      -2.647386
265.650      -2.649757
265.665      -2.652061
265.680      -2.654298
265.695      -2.656468
265.710      -2.658572
265.725      -2.660611
265.740      -2.662585
265.755      -2.664495
265.770      -2.666341
265.785      -2.668124
265.800      -2.669844
265.815      -2.671502
265.830      -2.673099
265.845      -2.674634
265.860      -2.676110
265.875      -2.677525
265.890      -2.678882
265.905      -2.680180
265.920      -2.681420
265.935      -2.682602
265.950      -2.683728
265.965      -2.684797
265.980      -2.685812
265.995      -2.686771
266.010      -2.687676
266.025      -2.688527
266.040      -2.689325
266.055      -2.690070
266.070      -2.690764
266.085      -2.691407
266.100      -2.691998
266.115      -2.692540
266.130      -2.693033
266.145      -2.693476
266.160      -2.693872
266.175      -2.694220
266.190      -2.694521
266.205      -2.694775
266.220      -2.694984
266.235      -2.695148
266.250      -2.695267
266.265      -2.695342
266.280      -2.695374
266.295      -2.695363
266.310      -2.695310
266.325      -2.695215
266.340      -2.695079
266.355      -2.694902
266.370      -2.694686
266.385      -2.694430
266.400      -2.694135
266.415      -2.693802
266.430      -2.693431
266.445      -2.693023
266.460      -2.692578
266.475      -2.692097
266.490      -2.691580
266.505      -2.691027
266.520      -2.690440
266.535      -2.689819
266.550      -2.689163
266.565      -2.688475
266.580      -2.687753
266.595      -2.686999
266.610      -2.686213
266.625      -2.685395
266.640      -2.684546
266.655      -2.683667
266.670      -2.682756
266.685      -2.681816
266.700      -2.680846
266.715      -2.679847
266.730      -2.678818
266.745      -2.677762
266.760      -2.676676
266.775      -2.675563
266.790      -2.674422
266.805      -2.673254
266.820      -2.672059
266.835      -2.670837
266.850      -2.669588
266.865      -2.668313
266.880      -2.667012
266.895      -2.665685
266.910      -2.664333
266.925      -2.662955
266.940      -2.661552
266.955      -2.660123
266.970      -2.658670
266.985      -2.657192
267.000      -2.655690
267.015      -2.654163
267.030      -2.652611
267.045      -2.651036
267.060      -2.649436
267.075      -2.647812
267.090      -2.646165
267.105      -2.644493
267.120      -2.642797
267.135      -2.641078
267.150      -2.639335
267.165      -2.637568
267.180      -2.635777
267.195      -2.633962
267.210      -2.632124
267.225      -2.630262
267.240      -2.628375
267.255      -2.626465
267.270      -2.624531
267.285      -2.622573
267.300      -2.620590
267.315      -2.618584
267.330      -2.616552
267.345      -2.614497
267.360      -2.612417
267.375      -2.610312
267.390      -2.608182
267.405      -2.606027
267.420      -2.603847
267.435      -2.601641
267.450      -2.599410
267.465      -2.597153
267.480      -2.594871
267.495      -2.592562
267.510      -2.590227
267.525      -2.587865
267.540      -2.585477
267.555      -2.583061
267.570      -2.580618
267.585      -2.578148
267.600      -2.575650
267.615      -2.573124
267.630      -2.570570
267.645      -2.567987
267.660      -2.565375
267.675      -2.562734
267.690      -2.560064
267.705      -2.557364
267.720      -2.554635
267.735      -2.551875
267.750      -2.549084
267.765      -2.546263
267.780      -2.543410
267.795      -2.540527
267.810      -2.537611
267.825      -2.534663
267.840      -2.531683
267.855      -2.528671
267.870      -2.525625
267.885      -2.522546
267.900      -2.519433
267.915      -2.516287
267.930      -2.513106
267.945      -2.509890
267.960      -2.506640
267.975      -2.503355
267.990      -2.500034
268.005      -2.496677
268.020      -2.493285
268.035      -2.489855
268.050      -2.486390
268.065      -2.482887
268.080      -2.479347
268.095      -2.475769
268.110      -2.472154
268.125      -2.468500
268.140      -2.464808
268.155      -2.461078
268.170      -2.457308
268.185      -2.453500
268.200      -2.449652
268.215      -2.445764
268.230      -2.441837
268.245      -2.437869
268.260      -2.433861
268.275      -2.429813
268.290      -2.425724
268.305      -2.421594
268.320      -2.417423
268.335      -2.413210
268.350      -2.408957
268.365      -2.404661
268.380      -2.400324
268.395      -2.395945
268.410      -2.391525
268.425      -2.387062
268.440      -2.382557
268.455      -2.378009
268.470      -2.373420
268.485      -2.368788
268.500      -2.364114
268.515      -2.359397
268.530      -2.354638
268.545      -2.349836
268.560      -2.344992
268.575      -2.340106
268.590      -2.335177
268.605      -2.330206
268.620      -2.325192
268.635      -2.320137
268.650      -2.315039
268.665      -2.309900
268.680      -2.304719
268.695      -2.299496
268.710      -2.294232
268.725      -2.288926
268.740      -2.283580
268.755      -2.278192
268.770      -2.272765
268.785      -2.267296
268.800      -2.261788
268.815      -2.256240
268.830      -2.250653
268.845      -2.245027
268.860      -2.239361
268.875      -2.233658
268.890      -2.227917
268.905      -2.222138
268.920      -2.216322
268.935      -2.210469
268.950      -2.204580
268.965      -2.198656
268.980      -2.192696
268.995      -2.186702
269.010      -2.180674
269.025      -2.174612
269.040      -2.168518
269.055      -2.162391
269.070      -2.156232
269.085      -2.150043
269.100      -2.143823
269.115      -2.137574
269.130      -2.131296
269.145      -2.124990
269.160      -2.118656
269.175      -2.112296
269.190      -2.105910
269.205      -2.099499
269.220      -2.093064
269.235      -2.086606
269.250      -2.080125
269.265      -2.073623
269.280      -2.067101
269.295      -2.060559
269.310      -2.053998
269.325      -2.047420
269.340      -2.040825
269.355      -2.034214
269.370      -2.027590
269.385      -2.020951
269.400      -2.014300
269.415      -2.007638
269.430      -2.000966
269.445      -1.994285
269.460      -1.987596
269.475      -1.980900
269.490      -1.974199
269.505      -1.967494
269.520      -1.960785
269.535      -1.954075
269.550      -1.947364
269.565      -1.940654
269.580      -1.933946
269.595      -1.927241
269.610      -1.920541
269.625      -1.913847
269.640      -1.907160
269.655      -1.900482
269.670      -1.893814
269.685      -1.887158
269.700      -1.880514
269.715      -1.873885
269.730      -1.867271
269.745      -1.860675
269.760      -1.854097
269.775      -1.847539
269.790      -1.841003
269.805      -1.834490
269.820      -1.828001
269.835      -1.821539
269.850      -1.815103
269.865      -1.808697
269.880      -1.802321
269.895      -1.795977
269.910      -1.789667
269.925      -1.783392
269.940      -1.777153
269.955      -1.770953
269.970      -1.764792
269.985      -1.758672
270.000      -1.752595
270.015      -1.746562
270.030      -1.740575
270.045      -1.734636
270.060      -1.728745
270.075      -1.722905
270.090      -1.717116
270.105      -1.711381
270.120      -1.705701
270.135      -1.700078
270.150      -1.694512
270.165      -1.689006
270.180      -1.683562
270.195      -1.678179
270.210      -1.672861
270.225      -1.667607
270.240      -1.662421
270.255      -1.657304
270.270      -1.652256
270.285      -1.647279
270.300      -1.642375
270.315      -1.637545
270.330      -1.632790
270.345      -1.628112
270.360      -1.623513
270.375      -1.618992
270.390      -1.614553
270.405      -1.610196
270.420      -1.605922
270.435      -1.601733
270.450      -1.597630
270.465      -1.593614
270.480      -1.589686
270.495      -1.585848
270.510      -1.582101
270.525      -1.578446
270.540      -1.574883
270.555      -1.571415
270.570      -1.568042
270.585      -1.564764
270.600      -1.561585
270.615      -1.558503
270.630      -1.555520
270.645      -1.552638
270.660      -1.549857
270.675      -1.547177
270.690      -1.544600
270.705      -1.542127
270.720      -1.539758
270.735      -1.537494
270.750      -1.535336
270.765      -1.533284
270.780      -1.531339
270.795      -1.529503
270.810      -1.527774
270.825      -1.526155
270.840      -1.524645
270.855      -1.523245
270.870      -1.521955
270.885      -1.520776
270.900      -1.519708
270.915      -1.518752
270.930      -1.517907
270.945      -1.517175
270.960      -1.516555
270.975      -1.516047
270.990      -1.515652
271.005      -1.515370
271.020      -1.515201
271.035      -1.515144
271.050      -1.515201
271.065      -1.515370
271.080      -1.515652
271.095      -1.516047
271.110      -1.516554
271.125      -1.517173
271.140      -1.517904
271.155      -1.518747
271.170      -1.519702
271.185      -1.520767
271.200      -1.521943
271.215      -1.523230
271.230      -1.524626
271.245      -1.526131
271.260      -1.527744
271.275      -1.529466
271.290      -1.531295
271.305      -1.533230
271.320      -1.535272
271.335      -1.537418
271.350      -1.539669
271.365      -1.542023
271.380      -1.544479
271.395      -1.547037
271.410      -1.549696
271.425      -1.552454
271.440      -1.555310
271.455      -1.558264
271.470      -1.561313
271.485      -1.564458
271.500      -1.567697
271.515      -1.571028
271.530      -1.574450
271.545      -1.577962
271.560      -1.581562
271.575      -1.585249
271.590      -1.589022
271.605      -1.592879
271.620      -1.596818
271.635      -1.600838
271.650      -1.604938
271.665      -1.609115
271.680      -1.613368
271.695      -1.617695
271.710      -1.622095
271.725      -1.626565
271.740      -1.631105
271.755      -1.635711
271.770      -1.640383
271.785      -1.645117
271.800      -1.649914
271.815      -1.654769
271.830      -1.659682
271.845      -1.664650
271.860      -1.669671
271.875      -1.674743
271.890      -1.679865
271.905      -1.685033
271.920      -1.690246
271.935      -1.695501
271.950      -1.700797
271.965      -1.706131
271.980      -1.711500
271.995      -1.716903
272.010      -1.722337
272.025      -1.727801
272.040      -1.733290
272.055      -1.738804
272.070      -1.744340
272.085      -1.749895
272.100      -1.755468
272.115      -1.761054
272.130      -1.766654
272.145      -1.772262
272.160      -1.777879
272.175      -1.783499
272.190      -1.789123
272.205      -1.794746
272.220      -1.800367
272.235      -1.805982
272.250      -1.811590
272.265      -1.817188
272.280      -1.822774
272.295      -1.828344
272.310      -1.833897
272.325      -1.839430
272.340      -1.844940
272.355      -1.850425
272.370      -1.855882
272.385      -1.861310
272.400      -1.866705
272.415      -1.872065
272.430      -1.877388
272.445      -1.882671
272.460      -1.887911
272.475      -1.893107
272.490      -1.898256
272.505      -1.903355
272.520      -1.908402
272.535      -1.913395
272.550      -1.918331
272.565      -1.923208
272.580      -1.928025
272.595      -1.932777
272.610      -1.937464
272.625      -1.942083
272.640      -1.946631
272.655      -1.951107
272.670      -1.955509
272.685      -1.959834
272.700      -1.964080
272.715      -1.968245
272.730      -1.972327
272.745      -1.976325
272.760      -1.980235
272.775      -1.984057
272.790      -1.987788
272.805      -1.991427
272.820      -1.994971
272.835      -1.998419
272.850      -2.001769
272.865      -2.005019
272.880      -2.008168
272.895      -2.011214
272.910      -2.014156
272.925      -2.016992
272.940      -2.019720
272.955      -2.022339
272.970      -2.024848
272.985      -2.027246
273.000      -2.029530
273.015      -2.031700
273.030      -2.033755
273.045      -2.035694
273.060      -2.037514
273.075      -2.039216
273.090      -2.040798
273.105      -2.042260
273.120      -2.043600
273.135      -2.044818
273.150      -2.045913
273.165      -2.046884
273.180      -2.047730
273.195      -2.048452
273.210      -2.049047
273.225      -2.049517
273.240      -2.049860
273.255      -2.050076
273.270      -2.050165
273.285      -2.050127
273.300      -2.049960
273.315      -2.049666
273.330      -2.049244
273.345      -2.048694
273.360      -2.048016
273.375      -2.047210
273.390      -2.046277
273.405      -2.045216
273.420      -2.044028
273.435      -2.042713
273.450      -2.041271
273.465      -2.039704
273.480      -2.038011
273.495      -2.036193
273.510      -2.034251
273.525      -2.032185
273.540      -2.029996
273.555      -2.027685
273.570      -2.025253
273.585      -2.022701
273.600      -2.020030
273.615      -2.017240
273.630      -2.014333
273.645      -2.011310
273.660      -2.008172
273.675      -2.004920
273.690      -2.001556
273.705      -1.998082
273.720      -1.994498
273.735      -1.990805
273.750      -1.987007
273.765      -1.983103
273.780      -1.979096
273.795      -1.974988
273.810      -1.970779
273.825      -1.966473
273.840      -1.962070
273.855      -1.957573
273.870      -1.952983
273.885      -1.948303
273.900      -1.943534
273.915      -1.938678
273.930      -1.933739
273.945      -1.928717
273.960      -1.923614
273.975      -1.918434
273.990      -1.913178
274.005      -1.907849
274.020      -1.902449
274.035      -1.896980
274.050      -1.891445
274.065      -1.885846
274.080      -1.880185
274.095      -1.874466
274.110      -1.868690
274.125      -1.862861
274.140      -1.856980
274.155      -1.851050
274.170      -1.845075
274.185      -1.839056
274.200      -1.832996
274.215      -1.826899
274.230      -1.820766
274.245      -1.814600
274.260      -1.808405
274.275      -1.802183
274.290      -1.795936
274.305      -1.789668
274.320      -1.783382
274.335      -1.777080
274.350      -1.770764
274.365      -1.764439
274.380      -1.758107
274.395      -1.751770
274.410      -1.745431
274.425      -1.739094
274.440      -1.732761
274.455      -1.726436
274.470      -1.720120
274.485      -1.713817
274.500      -1.707530
274.515      -1.701262
274.530      -1.695015
274.545      -1.688792
274.560      -1.682597
274.575      -1.676431
274.590      -1.670299
274.605      -1.664202
274.620      -1.658143
274.635      -1.652126
274.650      -1.646153
274.665      -1.640226
274.680      -1.634349
274.695      -1.628525
274.710      -1.622755
274.725      -1.617043
274.740      -1.611391
274.755      -1.605802
274.770      -1.600279
274.785      -1.594823
274.800      -1.589439
274.815      -1.584127
274.830      -1.578891
274.845      -1.573733
274.860      -1.568656
274.875      -1.563661
274.890      -1.558752
274.905      -1.553930
274.920      -1.549198
274.935      -1.544558
274.950      -1.540012
274.965      -1.535563
274.980      -1.531212
274.995      -1.526962
275.010      -1.522814
275.025      -1.518771
275.040      -1.514835
275.055      -1.511007
275.070      -1.507289
275.085      -1.503683
275.100      -1.500191
275.115      -1.496815
275.130      -1.493555
275.145      -1.490415
275.160      -1.487394
275.175      -1.484495
275.190      -1.481719
275.205      -1.479068
275.220      -1.476543
275.235      -1.474144
275.250      -1.471874
275.265      -1.469733
275.280      -1.467723
275.295      -1.465844
275.310      -1.464098
275.325      -1.462484
275.340      -1.461005
275.355      -1.459661
275.370      -1.458453
275.385      -1.457380
275.400      -1.456445
275.415      -1.455647
275.430      -1.454987
275.445      -1.454465
275.460      -1.454082
275.475      -1.453837
275.490      -1.453732
275.505      -1.453765
275.520      -1.453938
275.535      -1.454251
275.550      -1.454702
275.565      -1.455293
275.580      -1.456022
275.595      -1.456890
275.610      -1.457897
275.625      -1.459041
275.640      -1.460323
275.655      -1.461742
275.670      -1.463298
275.685      -1.464989
275.700      -1.466816
275.715      -1.468777
275.730      -1.470872
275.745      -1.473099
275.760      -1.475458
275.775      -1.477948
275.790      -1.480568
275.805      -1.483317
275.820      -1.486193
275.835      -1.489195
275.850      -1.492322
275.865      -1.495573
275.880      -1.498946
275.895      -1.502440
275.910      -1.506054
275.925      -1.509785
275.940      -1.513632
275.955      -1.517594
275.970      -1.521669
275.985      -1.525855
276.000      -1.530150
276.015      -1.534552
276.030      -1.539060
276.045      -1.543672
276.060      -1.548385
276.075      -1.553198
276.090      -1.558108
276.105      -1.563113
276.120      -1.568212
276.135      -1.573402
276.150      -1.578681
276.165      -1.584047
276.180      -1.589497
276.195      -1.595028
276.210      -1.600640
276.225      -1.606329
276.240      -1.612092
276.255      -1.617929
276.270      -1.623835
276.285      -1.629808
276.300      -1.635847
276.315      -1.641947
276.330      -1.648108
276.345      -1.654326
276.360      -1.660599
276.375      -1.666924
276.390      -1.673299
276.405      -1.679720
276.420      -1.686185
276.435      -1.692692
276.450      -1.699238
276.465      -1.705820
276.480      -1.712436
276.495      -1.719082
276.510      -1.725757
276.525      -1.732457
276.540      -1.739180
276.555      -1.745923
276.570      -1.752683
276.585      -1.759458
276.600      -1.766245
276.615      -1.773041
276.630      -1.779845
276.645      -1.786652
276.660      -1.793460
276.675      -1.800267
276.690      -1.807071
276.705      -1.813868
276.720      -1.820656
276.735      -1.827432
276.750      -1.834195
276.765      -1.840940
276.780      -1.847667
276.795      -1.854371
276.810      -1.861052
276.825      -1.867706
276.840      -1.874331
276.855      -1.880925
276.870      -1.887485
276.885      -1.894009
276.900      -1.900495
276.915      -1.906940
276.930      -1.913342
276.945      -1.919700
276.960      -1.926010
276.975      -1.932271
276.990      -1.938481
277.005      -1.944637
277.020      -1.950738
277.035      -1.956782
277.050      -1.962767
277.065      -1.968690
277.080      -1.974551
277.095      -1.980346
277.110      -1.986076
277.125      -1.991737
277.140      -1.997328
277.155      -2.002848
277.170      -2.008294
277.185      -2.013667
277.200      -2.018963
277.215      -2.024182
277.230      -2.029322
277.245      -2.034382
277.260      -2.039361
277.275      -2.044257
277.290      -2.049070
277.305      -2.053797
277.320      -2.058439
277.335      -2.062994
277.350      -2.067461
277.365      -2.071839
277.380      -2.076128
277.395      -2.080326
277.410      -2.084433
277.425      -2.088448
277.440      -2.092371
277.455      -2.096201
277.470      -2.099937
277.485      -2.103579
277.500      -2.107127
277.515      -2.110579
277.530      -2.113937
277.545      -2.117199
277.560      -2.120366
277.575      -2.123437
277.590      -2.126411
277.605      -2.129290
277.620      -2.132074
277.635      -2.134761
277.650      -2.137352
277.665      -2.139848
277.680      -2.142248
277.695      -2.144554
277.710      -2.146764
277.725      -2.148880
277.740      -2.150902
277.755      -2.152830
277.770      -2.154666
277.785      -2.156408
277.800      -2.158059
277.815      -2.159619
277.830      -2.161087
277.845      -2.162466
277.860      -2.163756
277.875      -2.164958
277.890      -2.166072
277.905      -2.167100
277.920      -2.168042
277.935      -2.168900
277.950      -2.169675
277.965      -2.170367
277.980      -2.170977
277.995      -2.171508
278.010      -2.171960
278.025      -2.172334
278.040      -2.172631
278.055      -2.172854
278.070      -2.173002
278.085      -2.173079
278.100      -2.173084
278.115      -2.173019
278.130      -2.172887
278.145      -2.172688
278.160      -2.172424
278.175      -2.172096
278.190      -2.171706
278.205      -2.171256
278.220      -2.170748
278.235      -2.170182
278.250      -2.169561
278.265      -2.168886
278.280      -2.168159
278.295      -2.167382
278.310      -2.166557
278.325      -2.165685
278.340      -2.164768
278.355      -2.163808
278.370      -2.162806
278.385      -2.161766
278.400      -2.160688
278.415      -2.159574
278.430      -2.158426
278.445      -2.157247
278.460      -2.156038
278.475      -2.154800
278.490      -2.153537
278.505      -2.152249
278.520      -2.150940
278.535      -2.149610
278.550      -2.148261
278.565      -2.146896
278.580      -2.145517
278.595      -2.144125
278.610      -2.142723
278.625      -2.141312
278.640      -2.139895
278.655      -2.138473
278.670      -2.137048
278.685      -2.135622
278.700      -2.134197
278.715      -2.132776
278.730      -2.131360
278.745      -2.129950
278.760      -2.128549
278.775      -2.127159
278.790      -2.125782
278.805      -2.124419
278.820      -2.123072
278.835      -2.121744
278.850      -2.120436
278.865      -2.119149
278.880      -2.117886
278.895      -2.116649
278.910      -2.115439
278.925      -2.114258
278.940      -2.113107
278.955      -2.111989
278.970      -2.110905
278.985      -2.109857
279.000      -2.108846
279.015      -2.107874
279.030      -2.106943
279.045      -2.106054
279.060      -2.105209
279.075      -2.104409
279.090      -2.103656
279.105      -2.102952
279.120      -2.102297
279.135      -2.101693
279.150      -2.101142
279.165      -2.100645
279.180      -2.100203
279.195      -2.099818
279.210      -2.099491
279.225      -2.099222
279.240      -2.099015
279.255      -2.098868
279.270      -2.098785
279.285      -2.098765
279.300      -2.098810
279.315      -2.098920
279.330      -2.099098
279.345      -2.099344
279.360      -2.099658
279.375      -2.100042
279.390      -2.100497
279.405      -2.101023
279.420      -2.101622
279.435      -2.102293
279.450      -2.103038
279.465      -2.103858
279.480      -2.104753
279.495      -2.105723
279.510      -2.106769
279.525      -2.107892
279.540      -2.109093
279.555      -2.110371
279.570      -2.111727
279.585      -2.113162
279.600      -2.114675
279.615      -2.116268
279.630      -2.117940
279.645      -2.119691
279.660      -2.121523
279.675      -2.123434
279.690      -2.125425
279.705      -2.127496
279.720      -2.129647
279.735      -2.131878
279.750      -2.134189
279.765      -2.136579
279.780      -2.139050
279.795      -2.141600
279.810      -2.144229
279.825      -2.146937
279.840      -2.149724
279.855      -2.152589
279.870      -2.155532
279.885      -2.158553
279.900      -2.161651
279.915      -2.164825
279.930      -2.168076
279.945      -2.171401
279.960      -2.174802
279.975      -2.178277
279.990      -2.181825
280.005      -2.185446
280.020      -2.189140
280.035      -2.192904
280.050      -2.196739
280.065      -2.200643
280.080      -2.204616
280.095      -2.208657
280.110      -2.212764
280.125      -2.216937
280.140      -2.221175
280.155      -2.225477
280.170      -2.229841
280.185      -2.234266
280.200      -2.238752
280.215      -2.243297
280.230      -2.247899
280.245      -2.252559
280.260      -2.257273
280.275      -2.262042
280.290      -2.266863
280.305      -2.271736
280.320      -2.276658
280.335      -2.281630
280.350      -2.286648
280.365      -2.291712
280.380      -2.296820
280.395      -2.301971
280.410      -2.307163
280.425      -2.312394
280.440      -2.317664
280.455      -2.322970
280.470      -2.328311
280.485      -2.333686
280.500      -2.339092
280.515      -2.344527
280.530      -2.349992
280.545      -2.355482
280.560      -2.360998
280.575      -2.366537
280.590      -2.372097
280.605      -2.377677
280.620      -2.383276
280.635      -2.388890
280.650      -2.394519
280.665      -2.400160
280.680      -2.405812
280.695      -2.411473
280.710      -2.417142
280.725      -2.422816
280.740      -2.428494
280.755      -2.434173
280.770      -2.439853
280.785      -2.445530
280.800      -2.451204
280.815      -2.456873
280.830      -2.462534
280.845      -2.468186
280.860      -2.473826
280.875      -2.479455
280.890      -2.485068
280.905      -2.490665
280.920      -2.496243
280.935      -2.501801
280.950      -2.507338
280.965      -2.512850
280.980      -2.518337
280.995      -2.523796
281.010      -2.529226
281.025      -2.534625
281.040      -2.539992
281.055      -2.545324
281.070      -2.550619
281.085      -2.555876
281.100      -2.561094
281.115      -2.566270
281.130      -2.571403
281.145      -2.576490
281.160      -2.581531
281.175      -2.586524
281.190      -2.591467
281.205      -2.596358
281.220      -2.601196
281.235      -2.605979
281.250      -2.610705
281.265      -2.615373
281.280      -2.619982
281.295      -2.624530
281.310      -2.629014
281.325      -2.633435
281.340      -2.637790
281.355      -2.642077
281.370      -2.646296
281.385      -2.650445
281.400      -2.654522
281.415      -2.658527
281.430      -2.662457
281.445      -2.666312
281.460      -2.670090
281.475      -2.673790
281.490      -2.677410
281.505      -2.680950
281.520      -2.684407
281.535      -2.687782
281.550      -2.691072
281.565      -2.694277
281.580      -2.697396
281.595      -2.700427
281.610      -2.703369
281.625      -2.706221
281.640      -2.708983
281.655      -2.711653
281.670      -2.714231
281.685      -2.716715
281.700      -2.719104
281.715      -2.721398
281.730      -2.723596
281.745      -2.725697
281.760      -2.727700
281.775      -2.729605
281.790      -2.731410
281.805      -2.733116
281.820      -2.734721
281.835      -2.736224
281.850      -2.737626
281.865      -2.738926
281.880      -2.740122
281.895      -2.741216
281.910      -2.742205
281.925      -2.743090
281.940      -2.743870
281.955      -2.744545
281.970      -2.745114
281.985      -2.745578
282.000      -2.745936
282.015      -2.746187
282.030      -2.746331
282.045      -2.746369
282.060      -2.746300
282.075      -2.746123
282.090      -2.745840
282.105      -2.745449
282.120      -2.744951
282.135      -2.744345
282.150      -2.743632
282.165      -2.742812
282.180      -2.741885
282.195      -2.740850
282.210      -2.739709
282.225      -2.738461
282.240      -2.737106
282.255      -2.735645
282.270      -2.734078
282.285      -2.732405
282.300      -2.730626
282.315      -2.728742
282.330      -2.726754
282.345      -2.724661
282.360      -2.722465
282.375      -2.720165
282.390      -2.717761
282.405      -2.715256
282.420      -2.712648
282.435      -2.709940
282.450      -2.707130
282.465      -2.704220
282.480      -2.701211
282.495      -2.698103
282.510      -2.694897
282.525      -2.691594
282.540      -2.688194
282.555      -2.684698
282.570      -2.681107
282.585      -2.677422
282.600      -2.673644
282.615      -2.669773
282.630      -2.665810
282.645      -2.661757
282.660      -2.657614
282.675      -2.653382
282.690      -2.649063
282.705      -2.644656
282.720      -2.640164
282.735      -2.635587
282.750      -2.630926
282.765      -2.626183
282.780      -2.621358
282.795      -2.616453
282.810      -2.611468
282.825      -2.606405
282.840      -2.601266
282.855      -2.596050
282.870      -2.590760
282.885      -2.585396
282.900      -2.579961
282.915      -2.574454
282.930      -2.568878
282.945      -2.563233
282.960      -2.557521
282.975      -2.551743
282.990      -2.545901
283.005      -2.539995
283.020      -2.534028
283.035      -2.528000
283.050      -2.521912
283.065      -2.515767
283.080      -2.509565
283.095      -2.503308
283.110      -2.496997
283.125      -2.490634
283.140      -2.484220
283.155      -2.477756
283.170      -2.471244
283.185      -2.464685
283.200      -2.458080
283.215      -2.451432
283.230      -2.444741
283.245      -2.438008
283.260      -2.431236
283.275      -2.424425
283.290      -2.417578
283.305      -2.410695
283.320      -2.403777
283.335      -2.396827
283.350      -2.389846
283.365      -2.382835
283.380      -2.375795
283.395      -2.368728
283.410      -2.361636
283.425      -2.354519
283.440      -2.347379
283.455      -2.340217
283.470      -2.333036
283.485      -2.325836
283.500      -2.318618
283.515      -2.311384
283.530      -2.304136
283.545      -2.296874
283.560      -2.289600
283.575      -2.282315
283.590      -2.275021
283.605      -2.267719
283.620      -2.260410
283.635      -2.253096
283.650      -2.245777
283.665      -2.238455
283.680      -2.231132
283.695      -2.223808
283.710      -2.216485
283.725      -2.209163
283.740      -2.201845
283.755      -2.194530
283.770      -2.187222
283.785      -2.179919
283.800      -2.172625
283.815      -2.165339
283.830      -2.158063
283.845      -2.150797
283.860      -2.143544
283.875      -2.136304
283.890      -2.129077
283.905      -2.121866
283.920      -2.114671
283.935      -2.107492
283.950      -2.100332
283.965      -2.093190
283.980      -2.086068
283.995      -2.078966
284.010      -2.071886
284.025      -2.064828
284.040      -2.057794
284.055      -2.050783
284.070      -2.043796
284.085      -2.036835
284.100      -2.029900
284.115      -2.022992
284.130      -2.016111
284.145      -2.009258
284.160      -2.002435
284.175      -1.995640
284.190      -1.988876
284.205      -1.982141
284.220      -1.975438
284.235      -1.968767
284.250      -1.962128
284.265      -1.955521
284.280      -1.948947
284.295      -1.942407
284.310      -1.935900
284.325      -1.929428
284.340      -1.922990
284.355      -1.916587
284.370      -1.910220
284.385      -1.903888
284.400      -1.897591
284.415      -1.891331
284.430      -1.885107
284.445      -1.878919
284.460      -1.872768
284.475      -1.866654
284.490      -1.860577
284.505      -1.854537
284.520      -1.848534
284.535      -1.842568
284.550      -1.836640
284.565      -1.830748
284.580      -1.824894
284.595      -1.819078
284.610      -1.813298
284.625      -1.807556
284.640      -1.801852
284.655      -1.796184
284.670      -1.790553
284.685      -1.784959
284.700      -1.779402
284.715      -1.773882
284.730      -1.768398
284.745      -1.762950
284.760      -1.757538
284.775      -1.752162
284.790      -1.746822
284.805      -1.741517
284.820      -1.736248
284.835      -1.731013
284.850      -1.725813
284.865      -1.720647
284.880      -1.715515
284.895      -1.710417
284.910      -1.705352
284.925      -1.700321
284.940      -1.695322
284.955      -1.690355
284.970      -1.685421
284.985      -1.680518
285.000      -1.675646
285.015      -1.670805
285.030      -1.665995
285.045      -1.661214
285.060      -1.656464
285.075      -1.651742
285.090      -1.647050
285.105      -1.642386
285.120      -1.637750
285.135      -1.633142
285.150      -1.628561
285.165      -1.624006
285.180      -1.619478
285.195      -1.614976
285.210      -1.610500
285.225      -1.606049
285.240      -1.601622
285.255      -1.597220
285.270      -1.592841
285.285      -1.588486
285.300      -1.584154
285.315      -1.579845
285.330      -1.575557
285.345      -1.571292
285.360      -1.567048
285.375      -1.562826
285.390      -1.558624
285.405      -1.554442
285.420      -1.550280
285.435      -1.546138
285.450      -1.542015
285.465      -1.537912
285.480      -1.533826
285.495      -1.529760
285.510      -1.525711
285.525      -1.521680
285.540      -1.517666
285.555      -1.513669
285.570      -1.509690
285.585      -1.505727
285.600      -1.501781
285.615      -1.497850
285.630      -1.493936
285.645      -1.490038
285.660      -1.486155
285.675      -1.482288
285.690      -1.478436
285.705      -1.474600
285.720      -1.470779
285.735      -1.466972
285.750      -1.463181
285.765      -1.459405
285.780      -1.455643
285.795      -1.451896
285.810      -1.448164
285.825      -1.444447
285.840      -1.440745
285.855      -1.437058
285.870      -1.433386
285.885      -1.429728
285.900      -1.426086
285.915      -1.422460
285.930      -1.418848
285.945      -1.415253
285.960      -1.411673
285.975      -1.408109
285.990      -1.404561
286.005      -1.401029
286.020      -1.397515
286.035      -1.394017
286.050      -1.390537
286.065      -1.387074
286.080      -1.383629
286.095      -1.380202
286.110      -1.376794
286.125      -1.373405
286.140      -1.370035
286.155      -1.366686
286.170      -1.363356
286.185      -1.360048
286.200      -1.356760
286.215      -1.353495
286.230      -1.350252
286.245      -1.347031
286.260      -1.343835
286.275      -1.340662
286.290      -1.337514
286.305      -1.334391
286.320      -1.331293
286.335      -1.328223
286.350      -1.325179
286.365      -1.322164
286.380      -1.319177
286.395      -1.316219
286.410      -1.313291
286.425      -1.310394
286.440      -1.307528
286.455      -1.304695
286.470      -1.301894
286.485      -1.299127
286.500      -1.296395
286.515      -1.293699
286.530      -1.291038
286.545      -1.288415
286.560      -1.285829
286.575      -1.283283
286.590      -1.280776
286.605      -1.278309
286.620      -1.275884
286.635      -1.273501
286.650      -1.271162
286.665      -1.268866
286.680      -1.266616
286.695      -1.264411
286.710      -1.262253
286.725      -1.260143
286.740      -1.258082
286.755      -1.256070
286.770      -1.254108
286.785      -1.252199
286.800      -1.250341
286.815      -1.248537
286.830      -1.246787
286.845      -1.245092
286.860      -1.243453
286.875      -1.241871
286.890      -1.240348
286.905      -1.238883
286.920      -1.237477
286.935      -1.236133
286.950      -1.234849
286.965      -1.233629
286.980      -1.232471
286.995      -1.231378
287.010      -1.230350
287.025      -1.229388
287.040      -1.228492
287.055      -1.227664
287.070      -1.226905
287.085      -1.226214
287.100      -1.225594
287.115      -1.225044
287.130      -1.224566
287.145      -1.224161
287.160      -1.223828
287.175      -1.223569
287.190      -1.223385
287.205      -1.223276
287.220      -1.223242
287.235      -1.223285
287.250      -1.223406
287.265      -1.223604
287.280      -1.223880
287.295      -1.224235
287.310      -1.224670
287.325      -1.225185
287.340      -1.225780
287.355      -1.226456
287.370      -1.227214
287.385      -1.228053
287.400      -1.228975
287.415      -1.229979
287.430      -1.231067
287.445      -1.232237
287.460      -1.233492
287.475      -1.234830
287.490      -1.236253
287.505      -1.237760
287.520      -1.239351
287.535      -1.241028
287.550      -1.242789
287.565      -1.244636
287.580      -1.246567
287.595      -1.248584
287.610      -1.250686
287.625      -1.252873
287.640      -1.255146
287.655      -1.257503
287.670      -1.259946
287.685      -1.262473
287.700      -1.265085
287.715      -1.267782
287.730      -1.270563
287.745      -1.273428
287.760      -1.276377
287.775      -1.279409
287.790      -1.282525
287.805      -1.285723
287.820      -1.289003
287.835      -1.292366
287.850      -1.295810
287.865      -1.299335
287.880      -1.302940
287.895      -1.306625
287.910      -1.310389
287.925      -1.314232
287.940      -1.318153
287.955      -1.322151
287.970      -1.326226
287.985      -1.330376
288.000      -1.334602
288.015      -1.338901
288.030      -1.343274
288.045      -1.347720
288.060      -1.352237
288.075      -1.356825
288.090      -1.361482
288.105      -1.366208
288.120      -1.371002
288.135      -1.375863
288.150      -1.380790
288.165      -1.385780
288.180      -1.390835
288.195      -1.395952
288.210      -1.401129
288.225      -1.406367
288.240      -1.411664
288.255      -1.417018
288.270      -1.422428
288.285      -1.427893
288.300      -1.433412
288.315      -1.438984
288.330      -1.444606
288.345      -1.450279
288.360      -1.455999
288.375      -1.461767
288.390      -1.467579
288.405      -1.473437
288.420      -1.479336
288.435      -1.485277
288.450      -1.491258
288.465      -1.497277
288.480      -1.503333
288.495      -1.509424
288.510      -1.515548
288.525      -1.521705
288.540      -1.527893
288.555      -1.534110
288.570      -1.540355
288.585      -1.546625
288.600      -1.552920
288.615      -1.559238
288.630      -1.565578
288.645      -1.571937
288.660      -1.578314
288.675      -1.584708
288.690      -1.591118
288.705      -1.597540
288.720      -1.603975
288.735      -1.610420
288.750      -1.616874
288.765      -1.623335
288.780      -1.629801
288.795      -1.636272
288.810      -1.642746
288.825      -1.649220
288.840      -1.655694
288.855      -1.662166
288.870      -1.668635
288.885      -1.675098
288.900      -1.681556
288.915      -1.688005
288.930      -1.694445
288.945      -1.700874
288.960      -1.707290
288.975      -1.713693
288.990      -1.720081
289.005      -1.726453
289.020      -1.732807
289.035      -1.739141
289.050      -1.745456
289.065      -1.751748
289.080      -1.758018
289.095      -1.764263
289.110      -1.770483
289.125      -1.776676
289.140      -1.782841
289.155      -1.788977
289.170      -1.795083
289.185      -1.801158
289.200      -1.807200
289.215      -1.813209
289.230      -1.819184
289.245      -1.825123
289.260      -1.831026
289.275      -1.836891
289.290      -1.842719
289.305      -1.848507
289.320      -1.854255
289.335      -1.859963
289.350      -1.865629
289.365      -1.871252
289.380      -1.876833
289.395      -1.882370
289.410      -1.887863
289.425      -1.893310
289.440      -1.898712
289.455      -1.904068
289.470      -1.909378
289.485      -1.914640
289.500      -1.919854
289.515      -1.925021
289.530      -1.930139
289.545      -1.935208
289.560      -1.940228
289.575      -1.945199
289.590      -1.950120
289.605      -1.954992
289.620      -1.959813
289.635      -1.964584
289.650      -1.969305
289.665      -1.973975
289.680      -1.978595
289.695      -1.983164
289.710      -1.987683
289.725      -1.992152
289.740      -1.996570
289.755      -2.000937
289.770      -2.005255
289.785      -2.009523
289.800      -2.013741
289.815      -2.017909
289.830      -2.022029
289.845      -2.026099
289.860      -2.030121
289.875      -2.034094
289.890      -2.038020
289.905      -2.041898
289.920      -2.045729
289.935      -2.049513
289.950      -2.053252
289.965      -2.056945
289.980      -2.060593
289.995      -2.064196
290.010      -2.067756
290.025      -2.071273
290.040      -2.074747
290.055      -2.078179
290.070      -2.081570
290.085      -2.084920
290.100      -2.088231
290.115      -2.091503
290.130      -2.094737
290.145      -2.097933
290.160      -2.101093
290.175      -2.104217
290.190      -2.107306
290.205      -2.110361
290.220      -2.113383
290.235      -2.116373
290.250      -2.119332
290.265      -2.122260
290.280      -2.125159
290.295      -2.128029
290.310      -2.130872
290.325      -2.133688
290.340      -2.136479
290.355      -2.139246
290.370      -2.141988
290.385      -2.144709
290.400      -2.147408
290.415      -2.150086
290.430      -2.152745
290.445      -2.155386
290.460      -2.158009
290.475      -2.160616
290.490      -2.163208
290.505      -2.165786
290.520      -2.168350
290.535      -2.170903
290.550      -2.173444
290.565      -2.175975
290.580      -2.178498
290.595      -2.181013
290.610      -2.183520
290.625      -2.186022
290.640      -2.188520
290.655      -2.191013
290.670      -2.193504
290.685      -2.195993
290.700      -2.198481
290.715      -2.200970
290.730      -2.203460
290.745      -2.205952
290.760      -2.208447
290.775      -2.210947
290.790      -2.213452
290.805      -2.215962
290.820      -2.218480
290.835      -2.221006
290.850      -2.223540
290.865      -2.226084
290.880      -2.228638
290.895      -2.231204
290.910      -2.233782
290.925      -2.236373
290.940      -2.238977
290.955      -2.241596
290.970      -2.244231
290.985      -2.246881
291.000      -2.249548
291.015      -2.252232
291.030      -2.254935
291.045      -2.257656
291.060      -2.260396
291.075      -2.263156
291.090      -2.265937
291.105      -2.268739
291.120      -2.271563
291.135      -2.274408
291.150      -2.277277
291.165      -2.280168
291.180      -2.283083
291.195      -2.286021
291.210      -2.288984
291.225      -2.291972
291.240      -2.294984
291.255      -2.298022
291.270      -2.301086
291.285      -2.304175
291.300      -2.307290
291.315      -2.310432
291.330      -2.313600
291.345      -2.316795
291.360      -2.320016
291.375      -2.323264
291.390      -2.326539
291.405      -2.329841
291.420      -2.333170
291.435      -2.336526
291.450      -2.339909
291.465      -2.343318
291.480      -2.346754
291.495      -2.350217
291.510      -2.353706
291.525      -2.357222
291.540      -2.360763
291.555      -2.364330
291.570      -2.367923
291.585      -2.371541
291.600      -2.375184
291.615      -2.378852
291.630      -2.382543
291.645      -2.386259
291.660      -2.389998
291.675      -2.393760
291.690      -2.397545
291.705      -2.401351
291.720      -2.405179
291.735      -2.409028
291.750      -2.412898
291.765      -2.416787
291.780      -2.420695
291.795      -2.424622
291.810      -2.428567
291.825      -2.432528
291.840      -2.436507
291.855      -2.440501
291.870      -2.444510
291.885      -2.448533
291.900      -2.452569
291.915      -2.456618
291.930      -2.460679
291.945      -2.464751
291.960      -2.468833
291.975      -2.472924
291.990      -2.477023
292.005      -2.481129
292.020      -2.485242
292.035      -2.489360
292.050      -2.493482
292.065      -2.497608
292.080      -2.501736
292.095      -2.505865
292.110      -2.509995
292.125      -2.514124
292.140      -2.518251
292.155      -2.522375
292.170      -2.526495
292.185      -2.530610
292.200      -2.534719
292.215      -2.538820
292.230      -2.542913
292.245      -2.546996
292.260      -2.551068
292.275      -2.555128
292.290      -2.559175
292.305      -2.563208
292.320      -2.567225
292.335      -2.571225
292.350      -2.575208
292.365      -2.579171
292.380      -2.583113
292.395      -2.587034
292.410      -2.590932
292.425      -2.594806
292.440      -2.598655
292.455      -2.602477
292.470      -2.606271
292.485      -2.610037
292.500      -2.613771
292.515      -2.617475
292.530      -2.621145
292.545      -2.624782
292.560      -2.628383
292.575      -2.631948
292.590      -2.635475
292.605      -2.638963
292.620      -2.642411
292.635      -2.645818
292.650      -2.649182
292.665      -2.652502
292.680      -2.655776
292.695      -2.659005
292.710      -2.662186
292.725      -2.665319
292.740      -2.668401
292.755      -2.671433
292.770      -2.674413
292.785      -2.677339
292.800      -2.680210
292.815      -2.683026
292.830      -2.685785
292.845      -2.688486
292.860      -2.691128
292.875      -2.693710
292.890      -2.696231
292.905      -2.698690
292.920      -2.701085
292.935      -2.703416
292.950      -2.705681
292.965      -2.707880
292.980      -2.710012
292.995      -2.712075
293.010      -2.714068
293.025      -2.715991
293.040      -2.717843
293.055      -2.719623
293.070      -2.721329
293.085      -2.722961
293.100      -2.724519
293.115      -2.726000
293.130      -2.727405
293.145      -2.728733
293.160      -2.729982
293.175      -2.731152
293.190      -2.732242
293.205      -2.733252
293.220      -2.734180
293.235      -2.735026
293.250      -2.735790
293.265      -2.736470
293.280      -2.737067
293.295      -2.737578
293.310      -2.738005
293.325      -2.738345
293.340      -2.738600
293.355      -2.738767
293.370      -2.738847
293.385      -2.738839
293.400      -2.738743
293.415      -2.738558
293.430      -2.738284
293.445      -2.737921
293.460      -2.737467
293.475      -2.736923
293.490      -2.736288
293.505      -2.735563
293.520      -2.734746
293.535      -2.733838
293.550      -2.732839
293.565      -2.731747
293.580      -2.730563
293.595      -2.729288
293.610      -2.727920
293.625      -2.726459
293.640      -2.724906
293.655      -2.723261
293.670      -2.721523
293.685      -2.719693
293.700      -2.717770
293.715      -2.715754
293.730      -2.713646
293.745      -2.711446
293.760      -2.709154
293.775      -2.706770
293.790      -2.704294
293.805      -2.701727
293.820      -2.699068
293.835      -2.696318
293.850      -2.693477
293.865      -2.690545
293.880      -2.687523
293.895      -2.684412
293.910      -2.681210
293.925      -2.677920
293.940      -2.674541
293.955      -2.671074
293.970      -2.667519
293.985      -2.663876
294.000      -2.660147
294.015      -2.656331
294.030      -2.652430
294.045      -2.648443
294.060      -2.644372
294.075      -2.640217
294.090      -2.635979
294.105      -2.631658
294.120      -2.627255
294.135      -2.622771
294.150      -2.618206
294.165      -2.613561
294.180      -2.608837
294.195      -2.604035
294.210      -2.599156
294.225      -2.594200
294.240      -2.589168
294.255      -2.584061
294.270      -2.578879
294.285      -2.573625
294.300      -2.568298
294.315      -2.562900
294.330      -2.557431
294.345      -2.551893
294.360      -2.546286
294.375      -2.540611
294.390      -2.534870
294.405      -2.529063
294.420      -2.523192
294.435      -2.517257
294.450      -2.511259
294.465      -2.505200
294.480      -2.499081
294.495      -2.492902
294.510      -2.486665
294.525      -2.480371
294.540      -2.474021
294.555      -2.467616
294.570      -2.461157
294.585      -2.454646
294.600      -2.448083
294.615      -2.441470
294.630      -2.434807
294.645      -2.428097
294.660      -2.421340
294.675      -2.414537
294.690      -2.407690
294.705      -2.400800
294.720      -2.393868
294.735      -2.386895
294.750      -2.379882
294.765      -2.372832
294.780      -2.365744
294.795      -2.358620
294.810      -2.351462
294.825      -2.344270
294.840      -2.337046
294.855      -2.329791
294.870      -2.322507
294.885      -2.315194
294.900      -2.307855
294.915      -2.300489
294.930      -2.293099
294.945      -2.285685
294.960      -2.278249
294.975      -2.270793
294.990      -2.263317
295.005      -2.255822
295.020      -2.248311
295.035      -2.240784
295.050      -2.233242
295.065      -2.225687
295.080      -2.218120
295.095      -2.210542
295.110      -2.202955
295.125      -2.195359
295.140      -2.187756
295.155      -2.180148
295.170      -2.172535
295.185      -2.164919
295.200      -2.157300
295.215      -2.149681
295.230      -2.142062
295.245      -2.134445
295.260      -2.126831
295.275      -2.119220
295.290      -2.111615
295.305      -2.104016
295.320      -2.096425
295.335      -2.088842
295.350      -2.081270
295.365      -2.073709
295.380      -2.066160
295.395      -2.058624
295.410      -2.051103
295.425      -2.043598
295.440      -2.036110
295.455      -2.028640
295.470      -2.021190
295.485      -2.013759
295.500      -2.006350
295.515      -1.998964
295.530      -1.991601
295.545      -1.984263
295.560      -1.976951
295.575      -1.969665
295.590      -1.962408
295.605      -1.955180
295.620      -1.947981
295.635      -1.940814
295.650      -1.933679
295.665      -1.926577
295.680      -1.919510
295.695      -1.912477
295.710      -1.905481
295.725      -1.898521
295.740      -1.891600
295.755      -1.884718
295.770      -1.877876
295.785      -1.871075
295.800      -1.864316
295.815      -1.857600
295.830      -1.850927
295.845      -1.844299
295.860      -1.837716
295.875      -1.831180
295.890      -1.824691
295.905      -1.818251
295.920      -1.811859
295.935      -1.805516
295.950      -1.799225
295.965      -1.792984
295.980      -1.786796
295.995      -1.780661
296.010      -1.774579
296.025      -1.768552
296.040      -1.762580
296.055      -1.756664
296.070      -1.750805
296.085      -1.745003
296.100      -1.739259
296.115      -1.733573
296.130      -1.727947
296.145      -1.722381
296.160      -1.716875
296.175      -1.711430
296.190      -1.706048
296.205      -1.700727
296.220      -1.695470
296.235      -1.690276
296.250      -1.685146
296.265      -1.680081
296.280      -1.675081
296.295      -1.670146
296.310      -1.665278
296.325      -1.660475
296.340      -1.655740
296.355      -1.651072
296.370      -1.646472
296.385      -1.641941
296.400      -1.637477
296.415      -1.633083
296.430      -1.628758
296.445      -1.624502
296.460      -1.620317
296.475      -1.616202
296.490      -1.612157
296.505      -1.608183
296.520      -1.604280
296.535      -1.600448
296.550      -1.596688
296.565      -1.592999
296.580      -1.589382
296.595      -1.585837
296.610      -1.582364
296.625      -1.578964
296.640      -1.575636
296.655      -1.572380
296.670      -1.569197
296.685      -1.566086
296.700      -1.563048
296.715      -1.560083
296.730      -1.557190
296.745      -1.554370
296.760      -1.551623
296.775      -1.548948
296.790      -1.546345
296.805      -1.543815
296.820      -1.541357
296.835      -1.538971
296.850      -1.536657
296.865      -1.534415
296.880      -1.532245
296.895      -1.530146
296.910      -1.528119
296.925      -1.526162
296.940      -1.524276
296.955      -1.522461
296.970      -1.520715
296.985      -1.519040
297.000      -1.517435
297.015      -1.515898
297.030      -1.514431
297.045      -1.513032
297.060      -1.511701
297.075      -1.510438
297.090      -1.509242
297.105      -1.508114
297.120      -1.507051
297.135      -1.506055
297.150      -1.505124
297.165      -1.504259
297.180      -1.503457
297.195      -1.502720
297.210      -1.502046
297.225      -1.501436
297.240      -1.500887
297.255      -1.500400
297.270      -1.499975
297.285      -1.499610
297.300      -1.499305
297.315      -1.499059
297.330      -1.498871
297.345      -1.498742
297.360      -1.498670
297.375      -1.498655
297.390      -1.498696
297.405      -1.498792
297.420      -1.498942
297.435      -1.499146
297.450      -1.499403
297.465      -1.499713
297.480      -1.500074
297.495      -1.500486
297.510      -1.500947
297.525      -1.501458
297.540      -1.502018
297.555      -1.502625
297.570      -1.503279
297.585      -1.503979
297.600      -1.504724
297.615      -1.505513
297.630      -1.506346
297.645      -1.507222
297.660      -1.508139
297.675      -1.509098
297.690      -1.510097
297.705      -1.511135
297.720      -1.512211
297.735      -1.513325
297.750      -1.514476
297.765      -1.515662
297.780      -1.516884
297.795      -1.518140
297.810      -1.519428
297.825      -1.520750
297.840      -1.522103
297.855      -1.523486
297.870      -1.524899
297.885      -1.526341
297.900      -1.527811
297.915      -1.529309
297.930      -1.530832
297.945      -1.532381
297.960      -1.533955
297.975      -1.535552
297.990      -1.537172
298.005      -1.538814
298.020      -1.540478
298.035      -1.542161
298.050      -1.543864
298.065      -1.545586
298.080      -1.547325
298.095      -1.549082
298.110      -1.550855
298.125      -1.552643
298.140      -1.554446
298.155      -1.556262
298.170      -1.558091
298.185      -1.559933
298.200      -1.561786
298.215      -1.563650
298.230      -1.565524
298.245      -1.567406
298.260      -1.569298
298.275      -1.571196
298.290      -1.573102
298.305      -1.575014
298.320      -1.576932
298.335      -1.578854
298.350      -1.580781
298.365      -1.582711
298.380      -1.584644
298.395      -1.586579
298.410      -1.588515
298.425      -1.590452
298.440      -1.592390
298.455      -1.594327
298.470      -1.596263
298.485      -1.598197
298.500      -1.600130
298.515      -1.602059
298.530      -1.603985
298.545      -1.605908
298.560      -1.607825
298.575      -1.609738
298.590      -1.611646
298.605      -1.613547
298.620      -1.615442
298.635      -1.617330
298.650      -1.619211
298.665      -1.621083
298.680      -1.622948
298.695      -1.624803
298.710      -1.626649
298.725      -1.628486
298.740      -1.630312
298.755      -1.632128
298.770      -1.633934
298.785      -1.635728
298.800      -1.637510
298.815      -1.639280
298.830      -1.641039
298.845      -1.642784
298.860      -1.644517
298.875      -1.646236
298.890      -1.647942
298.905      -1.649634
298.920      -1.651312
298.935      -1.652976
298.950      -1.654625
298.965      -1.656259
298.980      -1.657879
298.995      -1.659482
299.010      -1.661071
299.025      -1.662644
299.040      -1.664200
299.055      -1.665741
299.070      -1.667265
299.085      -1.668773
299.100      -1.670265
299.115      -1.671740
299.130      -1.673198
299.145      -1.674639
299.160      -1.676063
299.175      -1.677470
299.190      -1.678859
299.205      -1.680232
299.220      -1.681587
299.235      -1.682924
299.250      -1.684244
299.265      -1.685547
299.280      -1.686832
299.295      -1.688099
299.310      -1.689349
299.325      -1.690581
299.340      -1.691795
299.355      -1.692992
299.370      -1.694171
299.385      -1.695333
299.400      -1.696477
299.415      -1.697604
299.430      -1.698713
299.445      -1.699805
299.460      -1.700880
299.475      -1.701938
299.490      -1.702978
299.505      -1.704001
299.520      -1.705008
299.535      -1.705997
299.550      -1.706970
299.565      -1.707927
299.580      -1.708867
299.595      -1.709790
299.610      -1.710698
299.625      -1.711589
299.640      -1.712465
299.655      -1.713325
299.670      -1.714170
299.685      -1.714999
299.700      -1.715813
299.715      -1.716613
299.730      -1.717397
299.745      -1.718168
299.760      -1.718924
299.775      -1.719666
299.790      -1.720394
299.805      -1.721108
299.820      -1.721810
299.835      -1.722498
299.850      -1.723174
299.865      -1.723837
299.880      -1.724488
299.895      -1.725127
299.910      -1.725754
299.925      -1.726370
299.940      -1.726975
299.955      -1.727569
299.970      -1.728152
299.985      -1.728726
300.000      -1.729290
300.015      -1.729844
300.030      -1.730390
300.045      -1.730926
300.060      -1.731454
300.075      -1.731975
300.090      -1.732487
300.105      -1.732992
300.120      -1.733491
300.135      -1.733982
300.150      -1.734468
300.165      -1.734948
300.180      -1.735422
300.195      -1.735892
300.210      -1.736357
300.225      -1.736818
300.240      -1.737275
300.255      -1.737729
300.270      -1.738180
300.285      -1.738629
300.300      -1.739076
300.315      -1.739521
300.330      -1.739966
300.345      -1.740410
300.360      -1.740854
300.375      -1.741298
300.390      -1.741743
300.405      -1.742190
300.420      -1.742638
300.435      -1.743089
300.450      -1.743542
300.465      -1.743999
300.480      -1.744460
300.495      -1.744925
300.510      -1.745395
300.525      -1.745871
300.540      -1.746352
300.555      -1.746840
300.570      -1.747335
300.585      -1.747837
300.600      -1.748348
300.615      -1.748867
300.630      -1.749396
300.645      -1.749934
300.660      -1.750483
300.675      -1.751042
300.690      -1.751613
300.705      -1.752196
300.720      -1.752792
300.735      -1.753401
300.750      -1.754023
300.765      -1.754660
300.780      -1.755312
300.795      -1.755979
300.810      -1.756662
300.825      -1.757363
300.840      -1.758080
300.855      -1.758815
300.870      -1.759569
300.885      -1.760342
300.900      -1.761134
300.915      -1.761947
300.930      -1.762781
300.945      -1.763636
300.960      -1.764514
300.975      -1.765414
300.990      -1.766337
301.005      -1.767284
301.020      -1.768256
301.035      -1.769253
301.050      -1.770275
301.065      -1.771324
301.080      -1.772400
301.095      -1.773503
301.110      -1.774635
301.125      -1.775795
301.140      -1.776984
301.155      -1.778204
301.170      -1.779453
301.185      -1.780734
301.200      -1.782047
301.215      -1.783391
301.230      -1.784769
301.245      -1.786180
301.260      -1.787625
301.275      -1.789104
301.290      -1.790618
301.305      -1.792168
301.320      -1.793754
301.335      -1.795377
301.350      -1.797037
301.365      -1.798734
301.380      -1.800470
301.395      -1.802245
301.410      -1.804059
301.425      -1.805912
301.440      -1.807806
301.455      -1.809741
301.470      -1.811717
301.485      -1.813734
301.500      -1.815793
301.515      -1.817895
301.530      -1.820040
301.545      -1.822229
301.560      -1.824461
301.575      -1.826737
301.590      -1.829058
301.605      -1.831424
301.620      -1.833836
301.635      -1.836293
301.650      -1.838795
301.665      -1.841345
301.680      -1.843941
301.695      -1.846584
301.710      -1.849274
301.725      -1.852012
301.740      -1.854797
301.755      -1.857631
301.770      -1.860513
301.785      -1.863444
301.800      -1.866423
301.815      -1.869451
301.830      -1.872528
301.845      -1.875654
301.860      -1.878830
301.875      -1.882056
301.890      -1.885331
301.905      -1.888655
301.920      -1.892030
301.935      -1.895454
301.950      -1.898929
301.965      -1.902453
301.980      -1.906027
301.995      -1.909651
302.010      -1.913326
302.025      -1.917050
302.040      -1.920824
302.055      -1.924648
302.070      -1.928522
302.085      -1.932445
302.100      -1.936417
302.115      -1.940440
302.130      -1.944511
302.145      -1.948631
302.160      -1.952801
302.175      -1.957018
302.190      -1.961285
302.205      -1.965599
302.220      -1.969962
302.235      -1.974372
302.250      -1.978829
302.265      -1.983333
302.280      -1.987885
302.295      -1.992482
302.310      -1.997125
302.325      -2.001814
302.340      -2.006549
302.355      -2.011328
302.370      -2.016151
302.385      -2.021018
302.400      -2.025929
302.415      -2.030882
302.430      -2.035878
302.445      -2.040916
302.460      -2.045995
302.475      -2.051115
302.490      -2.056275
302.505      -2.061475
302.520      -2.066714
302.535      -2.071991
302.550      -2.077305
302.565      -2.082657
302.580      -2.088045
302.595      -2.093469
302.610      -2.098928
302.625      -2.104421
302.640      -2.109948
302.655      -2.115507
302.670      -2.121098
302.685      -2.126721
302.700      -2.132373
302.715      -2.138055
302.730      -2.143766
302.745      -2.149505
302.760      -2.155270
302.775      -2.161062
302.790      -2.166879
302.805      -2.172719
302.820      -2.178584
302.835      -2.184470
302.850      -2.190378
302.865      -2.196306
302.880      -2.202254
302.895      -2.208220
302.910      -2.214203
302.925      -2.220202
302.940      -2.226217
302.955      -2.232246
302.970      -2.238288
302.985      -2.244343
303.000      -2.250408
303.015      -2.256482
303.030      -2.262566
303.045      -2.268657
303.060      -2.274754
303.075      -2.280857
303.090      -2.286964
303.105      -2.293073
303.120      -2.299184
303.135      -2.305296
303.150      -2.311406
303.165      -2.317515
303.180      -2.323620
303.195      -2.329721
303.210      -2.335816
303.225      -2.341904
303.240      -2.347984
303.255      -2.354054
303.270      -2.360113
303.285      -2.366160
303.300      -2.372193
303.315      -2.378211
303.330      -2.384214
303.345      -2.390198
303.360      -2.396164
303.375      -2.402109
303.390      -2.408033
303.405      -2.413934
303.420      -2.419810
303.435      -2.425661
303.450      -2.431485
303.465      -2.437280
303.480      -2.443045
303.495      -2.448779
303.510      -2.454480
303.525      -2.460147
303.540      -2.465779
303.555      -2.471374
303.570      -2.476931
303.585      -2.482448
303.600      -2.487924
303.615      -2.493357
303.630      -2.498747
303.645      -2.504091
303.660      -2.509388
303.675      -2.514637
303.690      -2.519837
303.705      -2.524986
303.720      -2.530083
303.735      -2.535125
303.750      -2.540113
303.765      -2.545044
303.780      -2.549918
303.795      -2.554732
303.810      -2.559485
303.825      -2.564176
303.840      -2.568804
303.855      -2.573367
303.870      -2.577864
303.885      -2.582294
303.900      -2.586654
303.915      -2.590945
303.930      -2.595164
303.945      -2.599311
303.960      -2.603383
303.975      -2.607381
303.990      -2.611301
304.005      -2.615144
304.020      -2.618907
304.035      -2.622591
304.050      -2.626192
304.065      -2.629711
304.080      -2.633146
304.095      -2.636496
304.110      -2.639759
304.125      -2.642935
304.140      -2.646022
304.155      -2.649019
304.170      -2.651926
304.185      -2.654741
304.200      -2.657462
304.215      -2.660090
304.230      -2.662623
304.245      -2.665059
304.260      -2.667398
304.275      -2.669640
304.290      -2.671782
304.305      -2.673825
304.320      -2.675766
304.335      -2.677607
304.350      -2.679344
304.365      -2.680978
304.380      -2.682508
304.395      -2.683933
304.410      -2.685253
304.425      -2.686466
304.440      -2.687571
304.455      -2.688569
304.470      -2.689459
304.485      -2.690239
304.500      -2.690910
304.515      -2.691471
304.530      -2.691921
304.545      -2.692259
304.560      -2.692486
304.575      -2.692601
304.590      -2.692603
304.605      -2.692492
304.620      -2.692267
304.635      -2.691929
304.650      -2.691477
304.665      -2.690911
304.680      -2.690230
304.695      -2.689434
304.710      -2.688524
304.725      -2.687498
304.740      -2.686358
304.755      -2.685102
304.770      -2.683731
304.785      -2.682245
304.800      -2.680643
304.815      -2.678927
304.830      -2.677095
304.845      -2.675149
304.860      -2.673088
304.875      -2.670912
304.890      -2.668622
304.905      -2.666218
304.920      -2.663700
304.935      -2.661068
304.950      -2.658324
304.965      -2.655467
304.980      -2.652497
304.995      -2.649416
305.010      -2.646223
305.025      -2.642920
305.040      -2.639507
305.055      -2.635983
305.070      -2.632351
305.085      -2.628611
305.100      -2.624763
305.115      -2.620808
305.130      -2.616747
305.145      -2.612580
305.160      -2.608309
305.175      -2.603935
305.190      -2.599457
305.205      -2.594878
305.220      -2.590198
305.235      -2.585417
305.250      -2.580538
305.265      -2.575561
305.280      -2.570487
305.295      -2.565317
305.310      -2.560052
305.325      -2.554694
305.340      -2.549244
305.355      -2.543702
305.370      -2.538070
305.385      -2.532350
305.400      -2.526543
305.415      -2.520649
305.430      -2.514670
305.445      -2.508608
305.460      -2.502464
305.475      -2.496240
305.490      -2.489936
305.505      -2.483554
305.520      -2.477096
305.535      -2.470563
305.550      -2.463957
305.565      -2.457278
305.580      -2.450530
305.595      -2.443713
305.610      -2.436829
305.625      -2.429879
305.640      -2.422865
305.655      -2.415789
305.670      -2.408652
305.685      -2.401456
305.700      -2.394203
305.715      -2.386895
305.730      -2.379532
305.745      -2.372117
305.760      -2.364652
305.775      -2.357138
305.790      -2.349577
305.805      -2.341970
305.820      -2.334320
305.835      -2.326629
305.850      -2.318898
305.865      -2.311128
305.880      -2.303322
305.895      -2.295482
305.910      -2.287609
305.925      -2.279706
305.940      -2.271773
305.955      -2.263813
305.970      -2.255828
305.985      -2.247819
306.000      -2.239789
306.015      -2.231739
306.030      -2.223671
306.045      -2.215587
306.060      -2.207489
306.075      -2.199378
306.090      -2.191257
306.105      -2.183127
306.120      -2.174991
306.135      -2.166849
306.150      -2.158704
306.165      -2.150558
306.180      -2.142413
306.195      -2.134270
306.210      -2.126131
306.225      -2.117998
306.240      -2.109873
306.255      -2.101758
306.270      -2.093654
306.285      -2.085563
306.300      -2.077488
306.315      -2.069429
306.330      -2.061389
306.345      -2.053369
306.360      -2.045371
306.375      -2.037398
306.390      -2.029450
306.405      -2.021529
306.420      -2.013637
306.435      -2.005776
306.450      -1.997947
306.465      -1.990152
306.480      -1.982394
306.495      -1.974672
306.510      -1.966989
306.525      -1.959347
306.540      -1.951747
306.555      -1.944191
306.570      -1.936681
306.585      -1.929217
306.600      -1.921801
306.615      -1.914436
306.630      -1.907121
306.645      -1.899860
306.660      -1.892653
306.675      -1.885502
306.690      -1.878408
306.705      -1.871372
306.720      -1.864397
306.735      -1.857482
306.750      -1.850631
306.765      -1.843843
306.780      -1.837120
306.795      -1.830465
306.810      -1.823876
306.825      -1.817357
306.840      -1.810908
306.855      -1.804531
306.870      -1.798226
306.885      -1.791994
306.900      -1.785837
306.915      -1.779757
306.930      -1.773753
306.945      -1.767827
306.960      -1.761980
306.975      -1.756213
306.990      -1.750527
307.005      -1.744923
307.020      -1.739402
307.035      -1.733964
307.050      -1.728611
307.065      -1.723343
307.080      -1.718162
307.095      -1.713067
307.110      -1.708061
307.125      -1.703143
307.140      -1.698314
307.155      -1.693575
307.170      -1.688926
307.185      -1.684369
307.200      -1.679904
307.215      -1.675531
307.230      -1.671251
307.245      -1.667065
307.260      -1.662973
307.275      -1.658975
307.290      -1.655072
307.305      -1.651265
307.320      -1.647554
307.335      -1.643939
307.350      -1.640420
307.365      -1.636998
307.380      -1.633674
307.395      -1.630447
307.410      -1.627318
307.425      -1.624287
307.440      -1.621355
307.455      -1.618520
307.470      -1.615785
307.485      -1.613148
307.500      -1.610610
307.515      -1.608171
307.530      -1.605831
307.545      -1.603590
307.560      -1.601448
307.575      -1.599406
307.590      -1.597462
307.605      -1.595618
307.620      -1.593873
307.635      -1.592226
307.650      -1.590679
307.665      -1.589230
307.680      -1.587879
307.695      -1.586628
307.710      -1.585474
307.725      -1.584418
307.740      -1.583460
307.755      -1.582599
307.770      -1.581836
307.785      -1.581170
307.800      -1.580600
307.815      -1.580127
307.830      -1.579749
307.845      -1.579467
307.860      -1.579281
307.875      -1.579189
307.890      -1.579191
307.905      -1.579287
307.920      -1.579477
307.935      -1.579760
307.950      -1.580136
307.965      -1.580603
307.980      -1.581162
307.995      -1.581812
308.010      -1.582552
308.025      -1.583382
308.040      -1.584301
308.055      -1.585309
308.070      -1.586405
308.085      -1.587588
308.100      -1.588858
308.115      -1.590215
308.130      -1.591656
308.145      -1.593182
308.160      -1.594793
308.175      -1.596486
308.190      -1.598262
308.205      -1.600120
308.220      -1.602059
308.235      -1.604079
308.250      -1.606178
308.265      -1.608355
308.280      -1.610611
308.295      -1.612944
308.310      -1.615353
308.325      -1.617838
308.340      -1.620397
308.355      -1.623030
308.370      -1.625736
308.385      -1.628514
308.400      -1.631363
308.415      -1.634282
308.430      -1.637271
308.445      -1.640329
308.460      -1.643453
308.475      -1.646645
308.490      -1.649902
308.505      -1.653223
308.520      -1.656609
308.535      -1.660057
308.550      -1.663567
308.565      -1.667138
308.580      -1.670769
308.595      -1.674458
308.610      -1.678205
308.625      -1.682009
308.640      -1.685869
308.655      -1.689784
308.670      -1.693752
308.685      -1.697773
308.700      -1.701846
308.715      -1.705969
308.730      -1.710141
308.745      -1.714362
308.760      -1.718631
308.775      -1.722945
308.790      -1.727305
308.805      -1.731709
308.820      -1.736155
308.835      -1.740644
308.850      -1.745173
308.865      -1.749742
308.880      -1.754350
308.895      -1.758994
308.910      -1.763675
308.925      -1.768391
308.940      -1.773141
308.955      -1.777924
308.970      -1.782739
308.985      -1.787584
309.000      -1.792458
309.015      -1.797360
309.030      -1.802289
309.045      -1.807244
309.060      -1.812224
309.075      -1.817227
309.090      -1.822252
309.105      -1.827298
309.120      -1.832364
309.135      -1.837449
309.150      -1.842551
309.165      -1.847669
309.180      -1.852802
309.195      -1.857949
309.210      -1.863109
309.225      -1.868280
309.240      -1.873461
309.255      -1.878651
309.270      -1.883848
309.285      -1.889052
309.300      -1.894261
309.315      -1.899475
309.330      -1.904690
309.345      -1.909908
309.360      -1.915126
309.375      -1.920342
309.390      -1.925557
309.405      -1.930768
309.420      -1.935974
309.435      -1.941174
309.450      -1.946368
309.465      -1.951552
309.480      -1.956728
309.495      -1.961892
309.510      -1.967044
309.525      -1.972183
309.540      -1.977307
309.555      -1.982416
309.570      -1.987507
309.585      -1.992580
309.600      -1.997634
309.615      -2.002666
309.630      -2.007677
309.645      -2.012665
309.660      -2.017628
309.675      -2.022566
309.690      -2.027477
309.705      -2.032360
309.720      -2.037214
309.735      -2.042037
309.750      -2.046829
309.765      -2.051588
309.780      -2.056313
309.795      -2.061003
309.810      -2.065656
309.825      -2.070272
309.840      -2.074850
309.855      -2.079388
309.870      -2.083884
309.885      -2.088339
309.900      -2.092751
309.915      -2.097118
309.930      -2.101440
309.945      -2.105716
309.960      -2.109944
309.975      -2.114123
309.990      -2.118252
310.005      -2.122331
310.020      -2.126358
310.035      -2.130332
310.050      -2.134252
310.065      -2.138117
310.080      -2.141926
310.095      -2.145678
310.110      -2.149372
310.125      -2.153008
310.140      -2.156583
310.155      -2.160097
310.170      -2.163550
310.185      -2.166940
310.200      -2.170266
310.215      -2.173528
310.230      -2.176724
310.245      -2.179854
310.260      -2.182917
310.275      -2.185911
310.290      -2.188837
310.305      -2.191694
310.320      -2.194480
310.335      -2.197194
310.350      -2.199837
310.365      -2.202406
310.380      -2.204903
310.395      -2.207325
310.410      -2.209672
310.425      -2.211944
310.440      -2.214139
310.455      -2.216257
310.470      -2.218298
310.485      -2.220260
310.500      -2.222144
310.515      -2.223949
310.530      -2.225673
310.545      -2.227317
310.560      -2.228880
310.575      -2.230361
310.590      -2.231761
310.605      -2.233078
310.620      -2.234312
310.635      -2.235462
310.650      -2.236529
310.665      -2.237512
310.680      -2.238410
310.695      -2.239223
310.710      -2.239952
310.725      -2.240594
310.740      -2.241151
310.755      -2.241621
310.770      -2.242005
310.785      -2.242303
310.800      -2.242514
310.815      -2.242638
310.830      -2.242674
310.845      -2.242623
310.860      -2.242485
310.875      -2.242260
310.890      -2.241946
310.905      -2.241545
310.920      -2.241057
310.935      -2.240480
310.950      -2.239816
310.965      -2.239064
310.980      -2.238224
310.995      -2.237297
311.010      -2.236282
311.025      -2.235179
311.040      -2.233990
311.055      -2.232713
311.070      -2.231349
311.085      -2.229898
311.100      -2.228361
311.115      -2.226738
311.130      -2.225028
311.145      -2.223232
311.160      -2.221351
311.175      -2.219385
311.190      -2.217334
311.205      -2.215198
311.220      -2.212979
311.235      -2.210675
311.250      -2.208289
311.265      -2.205819
311.280      -2.203267
311.295      -2.200633
311.310      -2.197918
311.325      -2.195122
311.340      -2.192246
311.355      -2.189290
311.370      -2.186255
311.385      -2.183141
311.400      -2.179950
311.415      -2.176681
311.430      -2.173336
311.445      -2.169914
311.460      -2.166418
311.475      -2.162847
311.490      -2.159202
311.505      -2.155485
311.520      -2.151695
311.535      -2.147834
311.550      -2.143902
311.565      -2.139900
311.580      -2.135830
311.595      -2.131692
311.610      -2.127486
311.625      -2.123215
311.640      -2.118878
311.655      -2.114477
311.670      -2.110012
311.685      -2.105485
311.700      -2.100897
311.715      -2.096248
311.730      -2.091540
311.745      -2.086773
311.760      -2.081949
311.775      -2.077069
311.790      -2.072134
311.805      -2.067145
311.820      -2.062102
311.835      -2.057008
311.850      -2.051863
311.865      -2.046669
311.880      -2.041426
311.895      -2.036136
311.910      -2.030800
311.925      -2.025419
311.940      -2.019995
311.955      -2.014528
311.970      -2.009020
311.985      -2.003473
312.000      -1.997886
312.015      -1.992262
312.030      -1.986602
312.045      -1.980908
312.060      -1.975180
312.075      -1.969419
312.090      -1.963628
312.105      -1.957807
312.120      -1.951958
312.135      -1.946083
312.150      -1.940181
312.165      -1.934256
312.180      -1.928308
312.195      -1.922339
312.210      -1.916349
312.225      -1.910341
312.240      -1.904316
312.255      -1.898274
312.270      -1.892219
312.285      -1.886151
312.300      -1.880070
312.315      -1.873980
312.330      -1.867881
312.345      -1.861775
312.360      -1.855663
312.375      -1.849547
312.390      -1.843428
312.405      -1.837307
312.420      -1.831186
312.435      -1.825066
312.450      -1.818950
312.465      -1.812837
312.480      -1.806731
312.495      -1.800631
312.510      -1.794541
312.525      -1.788460
312.540      -1.782391
312.555      -1.776335
312.570      -1.770293
312.585      -1.764268
312.600      -1.758260
312.615      -1.752270
312.630      -1.746301
312.645      -1.740354
312.660      -1.734430
312.675      -1.728530
312.690      -1.722657
312.705      -1.716811
312.720      -1.710994
312.735      -1.705207
312.750      -1.699452
312.765      -1.693730
312.780      -1.688043
312.795      -1.682391
312.810      -1.676777
312.825      -1.671202
312.840      -1.665666
312.855      -1.660172
312.870      -1.654721
312.885      -1.649314
312.900      -1.643952
312.915      -1.638638
312.930      -1.633371
312.945      -1.628154
312.960      -1.622987
312.975      -1.617873
312.990      -1.612812
313.005      -1.607805
313.020      -1.602854
313.035      -1.597961
313.050      -1.593125
313.065      -1.588349
313.080      -1.583634
313.095      -1.578980
313.110      -1.574390
313.125      -1.569864
313.140      -1.565403
313.155      -1.561009
313.170      -1.556682
313.185      -1.552424
313.200      -1.548236
313.215      -1.544118
313.230      -1.540073
313.245      -1.536100
313.260      -1.532202
313.275      -1.528378
313.290      -1.524630
313.305      -1.520959
313.320      -1.517366
313.335      -1.513852
313.350      -1.510417
313.365      -1.507063
313.380      -1.503791
313.395      -1.500600
313.410      -1.497493
313.425      -1.494470
313.440      -1.491531
313.455      -1.488678
313.470      -1.485911
313.485      -1.483232
313.500      -1.480639
313.515      -1.478136
313.530      -1.475721
313.545      -1.473396
313.560      -1.471161
313.575      -1.469018
313.590      -1.466966
313.605      -1.465005
313.620      -1.463138
313.635      -1.461364
313.650      -1.459683
313.665      -1.458097
313.680      -1.456605
313.695      -1.455208
313.710      -1.453906
313.725      -1.452700
313.740      -1.451591
313.755      -1.450578
313.770      -1.449662
313.785      -1.448843
313.800      -1.448121
313.815      -1.447497
313.830      -1.446971
313.845      -1.446543
313.860      -1.446213
313.875      -1.445981
313.890      -1.445849
313.905      -1.445814
313.920      -1.445879
313.935      -1.446042
313.950      -1.446305
313.965      -1.446666
313.980      -1.447126
313.995      -1.447685
314.010      -1.448343
314.025      -1.449100
314.040      -1.449955
314.055      -1.450909
314.070      -1.451961
314.085      -1.453112
314.100      -1.454361
314.115      -1.455708
314.130      -1.457152
314.145      -1.458694
314.160      -1.460333
314.175      -1.462069
314.190      -1.463901
314.205      -1.465830
314.220      -1.467855
314.235      -1.469975
314.250      -1.472191
314.265      -1.474501
314.280      -1.476906
314.295      -1.479404
314.310      -1.481996
314.325      -1.484681
314.340      -1.487458
314.355      -1.490327
314.370      -1.493287
314.385      -1.496338
314.400      -1.499479
314.415      -1.502710
314.430      -1.506030
314.445      -1.509438
314.460      -1.512933
314.475      -1.516516
314.490      -1.520185
314.505      -1.523939
314.520      -1.527778
314.535      -1.531701
314.550      -1.535707
314.565      -1.539795
314.580      -1.543966
314.595      -1.548217
314.610      -1.552548
314.625      -1.556958
314.640      -1.561446
314.655      -1.566012
314.670      -1.570654
314.685      -1.575371
314.700      -1.580163
314.715      -1.585029
314.730      -1.589968
314.745      -1.594978
314.760      -1.600058
314.775      -1.605208
314.790      -1.610427
314.805      -1.615714
314.820      -1.621067
314.835      -1.626485
314.850      -1.631968
314.865      -1.637514
314.880      -1.643122
314.895      -1.648791
314.910      -1.654520
314.925      -1.660308
314.940      -1.666153
314.955      -1.672055
314.970      -1.678012
314.985      -1.684022
315.000      -1.690086
315.015      -1.696201
315.030      -1.702367
315.045      -1.708581
315.060      -1.714844
315.075      -1.721153
315.090      -1.727507
315.105      -1.733905
315.120      -1.740346
315.135      -1.746829
315.150      -1.753352
315.165      -1.759913
315.180      -1.766512
315.195      -1.773147
315.210      -1.779816
315.225      -1.786520
315.240      -1.793255
315.255      -1.800021
315.270      -1.806816
315.285      -1.813639
315.300      -1.820489
315.315      -1.827363
315.330      -1.834262
315.345      -1.841183
315.360      -1.848125
315.375      -1.855086
315.390      -1.862065
315.405      -1.869061
315.420      -1.876073
315.435      -1.883098
315.450      -1.890135
315.465      -1.897184
315.480      -1.904241
315.495      -1.911307
315.510      -1.918380
315.525      -1.925457
315.540      -1.932538
315.555      -1.939622
315.570      -1.946706
315.585      -1.953789
315.600      -1.960871
315.615      -1.967948
315.630      -1.975021
315.645      -1.982087
315.660      -1.989145
315.675      -1.996194
315.690      -2.003232
315.705      -2.010257
315.720      -2.017269
315.735      -2.024265
315.750      -2.031245
315.765      -2.038206
315.780      -2.045148
315.795      -2.052070
315.810      -2.058968
315.825      -2.065843
315.840      -2.072693
315.855      -2.079516
315.870      -2.086311
315.885      -2.093076
315.900      -2.099811
315.915      -2.106513
315.930      -2.113182
315.945      -2.119816
315.960      -2.126414
315.975      -2.132974
315.990      -2.139495
316.005      -2.145976
316.020      -2.152415
316.035      -2.158812
316.050      -2.165164
316.065      -2.171470
316.080      -2.177730
316.095      -2.183943
316.110      -2.190105
316.125      -2.196218
316.140      -2.202279
316.155      -2.208287
316.170      -2.214241
316.185      -2.220140
316.200      -2.225982
316.215      -2.231768
316.230      -2.237494
316.245      -2.243162
316.260      -2.248768
316.275      -2.254313
316.290      -2.259795
316.305      -2.265213
316.320      -2.270567
316.335      -2.275854
316.350      -2.281075
316.365      -2.286229
316.380      -2.291314
316.395      -2.296330
316.410      -2.301275
316.425      -2.306150
316.440      -2.310953
316.455      -2.315683
316.470      -2.320339
316.485      -2.324922
316.500      -2.329429
316.515      -2.333861
316.530      -2.338217
316.545      -2.342497
316.560      -2.346698
316.575      -2.350822
316.590      -2.354867
316.605      -2.358834
316.620      -2.362721
316.635      -2.366527
316.650      -2.370254
316.665      -2.373900
316.680      -2.377464
316.695      -2.380947
316.710      -2.384348
316.725      -2.387668
316.740      -2.390904
316.755      -2.394059
316.770      -2.397130
316.785      -2.400119
316.800      -2.403025
316.815      -2.405847
316.830      -2.408587
316.845      -2.411243
316.860      -2.413816
316.875      -2.416306
316.890      -2.418713
316.905      -2.421037
316.920      -2.423278
316.935      -2.425437
316.950      -2.427513
316.965      -2.429507
316.980      -2.431418
316.995      -2.433249
317.010      -2.434998
317.025      -2.436665
317.040      -2.438253
317.055      -2.439760
317.070      -2.441187
317.085      -2.442535
317.100      -2.443804
317.115      -2.444996
317.130      -2.446109
317.145      -2.447146
317.160      -2.448106
317.175      -2.448990
317.190      -2.449800
317.205      -2.450535
317.220      -2.451196
317.235      -2.451785
317.250      -2.452302
317.265      -2.452748
317.280      -2.453123
317.295      -2.453429
317.310      -2.453667
317.325      -2.453837
317.340      -2.453941
317.355      -2.453979
317.370      -2.453953
317.385      -2.453863
317.400      -2.453711
317.415      -2.453497
317.430      -2.453223
317.445      -2.452890
317.460      -2.452499
317.475      -2.452052
317.490      -2.451548
317.505      -2.450991
317.520      -2.450380
317.535      -2.449718
317.550      -2.449004
317.565      -2.448242
317.580      -2.447432
317.595      -2.446574
317.610      -2.445672
317.625      -2.444725
317.640      -2.443736
317.655      -2.442706
317.670      -2.441636
317.685      -2.440527
317.700      -2.439381
317.715      -2.438199
317.730      -2.436984
317.745      -2.435735
317.760      -2.434455
317.775      -2.433145
317.790      -2.431807
317.805      -2.430442
317.820      -2.429051
317.835      -2.427636
317.850      -2.426199
317.865      -2.424740
317.880      -2.423262
317.895      -2.421766
317.910      -2.420253
317.925      -2.418725
317.940      -2.417183
317.955      -2.415629
317.970      -2.414064
317.985      -2.412489
318.000      -2.410907
318.015      -2.409319
318.030      -2.407725
318.045      -2.406128
318.060      -2.404529
318.075      -2.402929
318.090      -2.401330
318.105      -2.399733
318.120      -2.398140
318.135      -2.396552
318.150      -2.394970
318.165      -2.393395
318.180      -2.391829
318.195      -2.390274
318.210      -2.388730
318.225      -2.387199
318.240      -2.385683
318.255      -2.384181
318.270      -2.382697
318.285      -2.381230
318.300      -2.379782
318.315      -2.378354
318.330      -2.376948
318.345      -2.375564
318.360      -2.374204
318.375      -2.372868
318.390      -2.371558
318.405      -2.370274
318.420      -2.369019
318.435      -2.367792
318.450      -2.366595
318.465      -2.365428
318.480      -2.364292
318.495      -2.363189
318.510      -2.362119
318.525      -2.361083
318.540      -2.360082
318.555      -2.359116
318.570      -2.358186
318.585      -2.357293
318.600      -2.356437
318.615      -2.355619
318.630      -2.354840
318.645      -2.354100
318.660      -2.353400
318.675      -2.352739
318.690      -2.352119
318.705      -2.351540
318.720      -2.351003
318.735      -2.350506
318.750      -2.350052
318.765      -2.349640
318.780      -2.349270
318.795      -2.348942
318.810      -2.348658
318.825      -2.348415
318.840      -2.348216
318.855      -2.348059
318.870      -2.347945
318.885      -2.347874
318.900      -2.347845
318.915      -2.347859
318.930      -2.347915
318.945      -2.348013
318.960      -2.348153
318.975      -2.348335
318.990      -2.348557
319.005      -2.348821
319.020      -2.349125
319.035      -2.349469
319.050      -2.349852
319.065      -2.350274
319.080      -2.350735
319.095      -2.351234
319.110      -2.351769
319.125      -2.352342
319.140      -2.352950
319.155      -2.353593
319.170      -2.354271
319.185      -2.354982
319.200      -2.355725
319.215      -2.356501
319.230      -2.357307
319.245      -2.358144
319.260      -2.359009
319.275      -2.359903
319.290      -2.360823
319.305      -2.361769
319.320      -2.362740
319.335      -2.363735
319.350      -2.364752
319.365      -2.365791
319.380      -2.366850
319.395      -2.367927
319.410      -2.369022
319.425      -2.370134
319.440      -2.371261
319.455      -2.372401
319.470      -2.373553
319.485      -2.374717
319.500      -2.375890
319.515      -2.377071
319.530      -2.378259
319.545      -2.379452
319.560      -2.380649
319.575      -2.381849
319.590      -2.383049
319.605      -2.384248
319.620      -2.385445
319.635      -2.386638
319.650      -2.387825
319.665      -2.389006
319.680      -2.390177
319.695      -2.391339
319.710      -2.392489
319.725      -2.393625
319.740      -2.394747
319.755      -2.395851
319.770      -2.396937
319.785      -2.398004
319.800      -2.399048
319.815      -2.400069
319.830      -2.401066
319.845      -2.402035
319.860      -2.402977
319.875      -2.403889
319.890      -2.404769
319.905      -2.405615
319.920      -2.406427
319.935      -2.407203
319.950      -2.407940
319.965      -2.408638
319.980      -2.409294
319.995      -2.409907
320.010      -2.410475
320.025      -2.410998
320.040      -2.411472
320.055      -2.411897
320.070      -2.412272
320.085      -2.412593
320.100      -2.412861
320.115      -2.413073
320.130      -2.413228
320.145      -2.413325
320.160      -2.413362
320.175      -2.413337
320.190      -2.413249
320.205      -2.413097
320.220      -2.412879
320.235      -2.412594
320.250      -2.412240
320.265      -2.411817
320.280      -2.411322
320.295      -2.410756
320.310      -2.410115
320.325      -2.409399
320.340      -2.408608
320.355      -2.407739
320.370      -2.406791
320.385      -2.405764
320.400      -2.404656
320.415      -2.403466
320.430      -2.402193
320.445      -2.400836
320.460      -2.399395
320.475      -2.397867
320.490      -2.396252
320.505      -2.394550
320.520      -2.392759
320.535      -2.390878
320.550      -2.388907
320.565      -2.386845
320.580      -2.384691
320.595      -2.382444
320.610      -2.380104
320.625      -2.377670
320.640      -2.375141
320.655      -2.372517
320.670      -2.369797
320.685      -2.366981
320.700      -2.364068
320.715      -2.361058
320.730      -2.357950
320.745      -2.354744
320.760      -2.351440
320.775      -2.348036
320.790      -2.344534
320.805      -2.340932
320.820      -2.337231
320.835      -2.333430
320.850      -2.329529
320.865      -2.325527
320.880      -2.321426
320.895      -2.317225
320.910      -2.312923
320.925      -2.308521
320.940      -2.304019
320.955      -2.299417
320.970      -2.294714
320.985      -2.289912
321.000      -2.285011
321.015      -2.280009
321.030      -2.274909
321.045      -2.269710
321.060      -2.264412
321.075      -2.259016
321.090      -2.253522
321.105      -2.247930
321.120      -2.242241
321.135      -2.236456
321.150      -2.230575
321.165      -2.224598
321.180      -2.218526
321.195      -2.212359
321.210      -2.206099
321.225      -2.199746
321.240      -2.193300
321.255      -2.186762
321.270      -2.180134
321.285      -2.173415
321.300      -2.166606
321.315      -2.159709
321.330      -2.152724
321.345      -2.145653
321.360      -2.138495
321.375      -2.131252
321.390      -2.123924
321.405      -2.116514
321.420      -2.109021
321.435      -2.101448
321.450      -2.093794
321.465      -2.086061
321.480      -2.078250
321.495      -2.070362
321.510      -2.062399
321.525      -2.054361
321.540      -2.046250
321.555      -2.038067
321.570      -2.029813
321.585      -2.021489
321.600      -2.013097
321.615      -2.004638
321.630      -1.996114
321.645      -1.987525
321.660      -1.978873
321.675      -1.970159
321.690      -1.961386
321.705      -1.952553
321.720      -1.943663
321.735      -1.934717
321.750      -1.925717
321.765      -1.916664
321.780      -1.907560
321.795      -1.898405
321.810      -1.889202
321.825      -1.879953
321.840      -1.870658
321.855      -1.861319
321.870      -1.851939
321.885      -1.842518
321.900      -1.833059
321.915      -1.823562
321.930      -1.814030
321.945      -1.804464
321.960      -1.794866
321.975      -1.785237
321.990      -1.775580
322.005      -1.765896
322.020      -1.756187
322.035      -1.746455
322.050      -1.736701
322.065      -1.726927
322.080      -1.717135
322.095      -1.707326
322.110      -1.697503
322.125      -1.687668
322.140      -1.677822
322.155      -1.667966
322.170      -1.658104
322.185      -1.648237
322.200      -1.638366
322.215      -1.628493
322.230      -1.618622
322.245      -1.608752
322.260      -1.598887
322.275      -1.589027
322.290      -1.579176
322.305      -1.569335
322.320      -1.559506
322.335      -1.549690
322.350      -1.539891
322.365      -1.530109
322.380      -1.520347
322.395      -1.510607
322.410      -1.500890
322.425      -1.491199
322.440      -1.481536
322.455      -1.471902
322.470      -1.462300
322.485      -1.452731
322.500      -1.443198
322.515      -1.433703
322.530      -1.424247
322.545      -1.414832
322.560      -1.405462
322.575      -1.396136
322.590      -1.386859
322.605      -1.377631
322.620      -1.368454
322.635      -1.359331
322.650      -1.350264
322.665      -1.341254
322.680      -1.332304
322.695      -1.323415
322.710      -1.314590
322.725      -1.305830
322.740      -1.297138
322.755      -1.288516
322.770      -1.279965
322.785      -1.271487
322.800      -1.263085
322.815      -1.254760
322.830      -1.246515
322.845      -1.238351
322.860      -1.230270
322.875      -1.222274
322.890      -1.214366
322.905      -1.206546
322.920      -1.198817
322.935      -1.191182
322.950      -1.183641
322.965      -1.176196
322.980      -1.168850
322.995      -1.161605
323.010      -1.154461
323.025      -1.147422
323.040      -1.140489
323.055      -1.133663
323.070      -1.126947
323.085      -1.120342
323.100      -1.113850
323.115      -1.107472
323.130      -1.101212
323.145      -1.095069
323.160      -1.089047
323.175      -1.083146
323.190      -1.077369
323.205      -1.071716
323.220      -1.066190
323.235      -1.060793
323.250      -1.055525
323.265      -1.050388
323.280      -1.045385
323.295      -1.040516
323.310      -1.035783
323.325      -1.031188
323.340      -1.026731
323.355      -1.022416
323.370      -1.018241
323.385      -1.014211
323.400      -1.010324
323.415      -1.006584
323.430      -1.002991
323.445      -0.999547
323.460      -0.996252
323.475      -0.993109
323.490      -0.990118
323.505      -0.987280
323.520      -0.984598
323.535      -0.982070
323.550      -0.979700
323.565      -0.977488
323.580      -0.975435
323.595      -0.973542
323.610      -0.971809
323.625      -0.970239
323.640      -0.968832
323.655      -0.967588
323.670      -0.966509
323.685      -0.965595
323.700      -0.964847
323.715      -0.964266
323.730      -0.963853
323.745      -0.963608
323.760      -0.963532
323.775      -0.963625
323.790      -0.963888
323.805      -0.964322
323.820      -0.964927
323.835      -0.965703
323.850      -0.966652
323.865      -0.967772
323.880      -0.969065
323.895      -0.970531
323.910      -0.972170
323.925      -0.973983
323.940      -0.975968
323.955      -0.978128
323.970      -0.980461
323.985      -0.982968
324.000      -0.985649
324.015      -0.988503
324.030      -0.991531
324.045      -0.994733
324.060      -0.998108
324.075      -1.001656
324.090      -1.005377
324.105      -1.009271
324.120      -1.013337
324.135      -1.017574
324.150      -1.021984
324.165      -1.026564
324.180      -1.031315
324.195      -1.036236
324.210      -1.041326
324.225      -1.046585
324.240      -1.052012
324.255      -1.057606
324.270      -1.063367
324.285      -1.069294
324.300      -1.075386
324.315      -1.081642
324.330      -1.088060
324.345      -1.094641
324.360      -1.101383
324.375      -1.108286
324.390      -1.115347
324.405      -1.122565
324.420      -1.129941
324.435      -1.137472
324.450      -1.145157
324.465      -1.152995
324.480      -1.160984
324.495      -1.169123
324.510      -1.177411
324.525      -1.185846
324.540      -1.194427
324.555      -1.203151
324.570      -1.212019
324.585      -1.221027
324.600      -1.230174
324.615      -1.239459
324.630      -1.248880
324.645      -1.258435
324.660      -1.268121
324.675      -1.277939
324.690      -1.287884
324.705      -1.297956
324.720      -1.308153
324.735      -1.318472
324.750      -1.328912
324.765      -1.339471
324.780      -1.350146
324.795      -1.360935
324.810      -1.371836
324.825      -1.382848
324.840      -1.393967
324.855      -1.405192
324.870      -1.416520
324.885      -1.427949
324.900      -1.439477
324.915      -1.451101
324.930      -1.462819
324.945      -1.474629
324.960      -1.486529
324.975      -1.498514
324.990      -1.510585
325.005      -1.522737
325.020      -1.534968
325.035      -1.547276
325.050      -1.559659
325.065      -1.572113
325.080      -1.584637
325.095      -1.597227
325.110      -1.609881
325.125      -1.622596
325.140      -1.635370
325.155      -1.648200
325.170      -1.661083
325.185      -1.674018
325.200      -1.687000
325.215      -1.700028
325.230      -1.713098
325.245      -1.726208
325.260      -1.739356
325.275      -1.752538
325.290      -1.765752
325.305      -1.778995
325.320      -1.792264
325.335      -1.805557
325.350      -1.818871
325.365      -1.832203
325.380      -1.845550
325.395      -1.858911
325.410      -1.872281
325.425      -1.885658
325.440      -1.899040
325.455      -1.912424
325.470      -1.925807
325.485      -1.939186
325.500      -1.952560
325.515      -1.965924
325.530      -1.979276
325.545      -1.992615
325.560      -2.005936
325.575      -2.019238
325.590      -2.032518
325.605      -2.045773
325.620      -2.059001
325.635      -2.072199
325.650      -2.085364
325.665      -2.098495
325.680      -2.111588
325.695      -2.124641
325.710      -2.137651
325.725      -2.150617
325.740      -2.163535
325.755      -2.176404
325.770      -2.189220
325.785      -2.201982
325.800      -2.214688
325.815      -2.227334
325.830      -2.239919
325.845      -2.252440
325.860      -2.264895
325.875      -2.277283
325.890      -2.289600
325.905      -2.301845
325.920      -2.314015
325.935      -2.326109
325.950      -2.338125
325.965      -2.350060
325.980      -2.361913
325.995      -2.373682
326.010      -2.385364
326.025      -2.396958
326.040      -2.408463
326.055      -2.419875
326.070      -2.431195
326.085      -2.442419
326.100      -2.453547
326.115      -2.464576
326.130      -2.475505
326.145      -2.486332
326.160      -2.497057
326.175      -2.507677
326.190      -2.518192
326.205      -2.528599
326.220      -2.538897
326.235      -2.549085
326.250      -2.559163
326.265      -2.569128
326.280      -2.578979
326.295      -2.588716
326.310      -2.598337
326.325      -2.607841
326.340      -2.617227
326.355      -2.626494
326.370      -2.635642
326.385      -2.644669
326.400      -2.653575
326.415      -2.662359
326.430      -2.671020
326.445      -2.679557
326.460      -2.687970
326.475      -2.696258
326.490      -2.704420
326.505      -2.712457
326.520      -2.720367
326.535      -2.728150
326.550      -2.735806
326.565      -2.743334
326.580      -2.750734
326.595      -2.758006
326.610      -2.765149
326.625      -2.772164
326.640      -2.779050
326.655      -2.785807
326.670      -2.792434
326.685      -2.798933
326.700      -2.805303
326.715      -2.811543
326.730      -2.817655
326.745      -2.823638
326.760      -2.829492
326.775      -2.835218
326.790      -2.840815
326.805      -2.846285
326.820      -2.851626
326.835      -2.856841
326.850      -2.861928
326.865      -2.866889
326.880      -2.871723
326.895      -2.876432
326.910      -2.881015
326.925      -2.885474
326.940      -2.889809
326.955      -2.894020
326.970      -2.898108
326.985      -2.902073
327.000      -2.905917
327.015      -2.909640
327.030      -2.913243
327.045      -2.916726
327.060      -2.920090
327.075      -2.923336
327.090      -2.926465
327.105      -2.929477
327.120      -2.932374
327.135      -2.935156
327.150      -2.937824
327.165      -2.940379
327.180      -2.942822
327.195      -2.945154
327.210      -2.947376
327.225      -2.949489
327.240      -2.951493
327.255      -2.953390
327.270      -2.955181
327.285      -2.956866
327.300      -2.958447
327.315      -2.959925
327.330      -2.961300
327.345      -2.962575
327.360      -2.963749
327.375      -2.964824
327.390      -2.965801
327.405      -2.966681
327.420      -2.967465
327.435      -2.968154
327.450      -2.968749
327.465      -2.969251
327.480      -2.969661
327.495      -2.969981
327.510      -2.970211
327.525      -2.970353
327.540      -2.970407
327.555      -2.970374
327.570      -2.970256
327.585      -2.970054
327.600      -2.969768
327.615      -2.969399
327.630      -2.968950
327.645      -2.968419
327.660      -2.967810
327.675      -2.967121
327.690      -2.966356
327.705      -2.965514
327.720      -2.964596
327.735      -2.963604
327.750      -2.962537
327.765      -2.961398
327.780      -2.960187
327.795      -2.958905
327.810      -2.957553
327.825      -2.956131
327.840      -2.954641
327.855      -2.953083
327.870      -2.951458
327.885      -2.949767
327.900      -2.948011
327.915      -2.946190
327.930      -2.944304
327.945      -2.942356
327.960      -2.940345
327.975      -2.938272
327.990      -2.936138
328.005      -2.933943
328.020      -2.931688
328.035      -2.929374
328.050      -2.927001
328.065      -2.924569
328.080      -2.922080
328.095      -2.919533
328.110      -2.916929
328.125      -2.914269
328.140      -2.911553
328.155      -2.908782
328.170      -2.905955
328.185      -2.903074
328.200      -2.900138
328.215      -2.897148
328.230      -2.894104
328.245      -2.891006
328.260      -2.887856
328.275      -2.884652
328.290      -2.881396
328.305      -2.878086
328.320      -2.874725
328.335      -2.871311
328.350      -2.867845
328.365      -2.864328
328.380      -2.860758
328.395      -2.857136
328.410      -2.853463
328.425      -2.849738
328.440      -2.845962
328.455      -2.842133
328.470      -2.838253
328.485      -2.834322
328.500      -2.830338
328.515      -2.826303
328.530      -2.822216
328.545      -2.818076
328.560      -2.813885
328.575      -2.809641
328.590      -2.805345
328.605      -2.800997
328.620      -2.796595
328.635      -2.792141
328.650      -2.787634
328.665      -2.783073
328.680      -2.778458
328.695      -2.773790
328.710      -2.769068
328.725      -2.764291
328.740      -2.759460
328.755      -2.754574
328.770      -2.749632
328.785      -2.744635
328.800      -2.739583
328.815      -2.734474
328.830      -2.729309
328.845      -2.724086
328.860      -2.718807
328.875      -2.713470
328.890      -2.708076
328.905      -2.702623
328.920      -2.697112
328.935      -2.691541
328.950      -2.685912
328.965      -2.680223
328.980      -2.674473
328.995      -2.668664
329.010      -2.662793
329.025      -2.656862
329.040      -2.650868
329.055      -2.644813
329.070      -2.638696
329.085      -2.632516
329.100      -2.626273
329.115      -2.619967
329.130      -2.613597
329.145      -2.607164
329.160      -2.600665
329.175      -2.594102
329.190      -2.587474
329.205      -2.580781
329.220      -2.574022
329.235      -2.567197
329.250      -2.560306
329.265      -2.553348
329.280      -2.546323
329.295      -2.539232
329.310      -2.532073
329.325      -2.524846
329.340      -2.517552
329.355      -2.510189
329.370      -2.502759
329.385      -2.495260
329.400      -2.487693
329.415      -2.480057
329.430      -2.472352
329.445      -2.464579
329.460      -2.456736
329.475      -2.448824
329.490      -2.440843
329.505      -2.432794
329.520      -2.424674
329.535      -2.416486
329.550      -2.408229
329.565      -2.399902
329.580      -2.391507
329.595      -2.383042
329.610      -2.374509
329.625      -2.365907
329.640      -2.357237
329.655      -2.348499
329.670      -2.339692
329.685      -2.330817
329.700      -2.321875
329.715      -2.312866
329.730      -2.303789
329.745      -2.294646
329.760      -2.285437
329.775      -2.276162
329.790      -2.266821
329.805      -2.257415
329.820      -2.247945
329.835      -2.238411
329.850      -2.228814
329.865      -2.219154
329.880      -2.209431
329.895      -2.199647
329.910      -2.189802
329.925      -2.179896
329.940      -2.169931
329.955      -2.159907
329.970      -2.149825
329.985      -2.139686
330.000      -2.129491
330.015      -2.119240
330.030      -2.108934
330.045      -2.098575
330.060      -2.088163
330.075      -2.077700
330.090      -2.067185
330.105      -2.056622
330.120      -2.046009
330.135      -2.035350
330.150      -2.024644
330.165      -2.013893
330.180      -2.003098
330.195      -1.992261
330.210      -1.981383
330.225      -1.970464
330.240      -1.959507
330.255      -1.948512
330.270      -1.937482
330.285      -1.926417
330.300      -1.915320
330.315      -1.904190
330.330      -1.893031
330.345      -1.881843
330.360      -1.870629
330.375      -1.859389
330.390      -1.848126
330.405      -1.836840
330.420      -1.825534
330.435      -1.814210
330.450      -1.802869
330.465      -1.791513
330.480      -1.780143
330.495      -1.768762
330.510      -1.757371
330.525      -1.745973
330.540      -1.734569
330.555      -1.723160
330.570      -1.711750
330.585      -1.700339
330.600      -1.688930
330.615      -1.677525
330.630      -1.666126
330.645      -1.654735
330.660      -1.643354
330.675      -1.631984
330.690      -1.620629
330.705      -1.609290
330.720      -1.597969
330.735      -1.586669
330.750      -1.575391
330.765      -1.564138
330.780      -1.552912
330.795      -1.541715
330.810      -1.530549
330.825      -1.519417
330.840      -1.508320
330.855      -1.497262
330.870      -1.486244
330.885      -1.475268
330.900      -1.464337
330.915      -1.453452
330.930      -1.442618
330.945      -1.431834
330.960      -1.421105
330.975      -1.410431
330.990      -1.399816
331.005      -1.389261
331.020      -1.378769
331.035      -1.368343
331.050      -1.357984
331.065      -1.347694
331.080      -1.337477
331.095      -1.327334
331.110      -1.317268
331.125      -1.307280
331.140      -1.297373
331.155      -1.287550
331.170      -1.277812
331.185      -1.268162
331.200      -1.258602
331.215      -1.249134
331.230      -1.239760
331.245      -1.230483
331.260      -1.221305
331.275      -1.212227
331.290      -1.203253
331.305      -1.194383
331.320      -1.185621
331.335      -1.176968
331.350      -1.168426
331.365      -1.159998
331.380      -1.151685
331.395      -1.143489
331.410      -1.135413
331.425      -1.127458
331.440      -1.119626
331.455      -1.111919
331.470      -1.104339
331.485      -1.096888
331.500      -1.089567
331.515      -1.082379
331.530      -1.075325
331.545      -1.068406
331.560      -1.061625
331.575      -1.054983
331.590      -1.048482
331.605      -1.042123
331.620      -1.035908
331.635      -1.029838
331.650      -1.023914
331.665      -1.018139
331.680      -1.012514
331.695      -1.007039
331.710      -1.001717
331.725      -0.996548
331.740      -0.991534
331.755      -0.986676
331.770      -0.981974
331.785      -0.977431
331.800      -0.973047
331.815      -0.968823
331.830      -0.964760
331.845      -0.960859
331.860      -0.957121
331.875      -0.953546
331.890      -0.950136
331.905      -0.946891
331.920      -0.943811
331.935      -0.940898
331.950      -0.938152
331.965      -0.935574
331.980      -0.933163
331.995      -0.930920
332.010      -0.928846
332.025      -0.926941
332.040      -0.925206
332.055      -0.923639
332.070      -0.922242
332.085      -0.921015
332.100      -0.919958
332.115      -0.919070
332.130      -0.918351
332.145      -0.917803
332.160      -0.917423
332.175      -0.917213
332.190      -0.917171
332.205      -0.917298
332.220      -0.917593
332.235      -0.918055
332.250      -0.918685
332.265      -0.919481
332.280      -0.920443
332.295      -0.921571
332.310      -0.922863
332.325      -0.924320
332.340      -0.925939
332.355      -0.927721
332.370      -0.929664
332.385      -0.931767
332.400      -0.934030
332.415      -0.936451
332.430      -0.939030
332.445      -0.941764
332.460      -0.944654
332.475      -0.947697
332.490      -0.950893
332.505      -0.954239
332.520      -0.957736
332.535      -0.961380
332.550      -0.965172
332.565      -0.969109
332.580      -0.973189
332.595      -0.977412
332.610      -0.981776
332.625      -0.986278
332.640      -0.990917
332.655      -0.995692
332.670      -1.000601
332.685      -1.005641
332.700      -1.010811
332.715      -1.016110
332.730      -1.021534
332.745      -1.027083
332.760      -1.032754
332.775      -1.038546
332.790      -1.044455
332.805      -1.050481
332.820      -1.056621
332.835      -1.062873
332.850      -1.069234
332.865      -1.075703
332.880      -1.082278
332.895      -1.088955
332.910      -1.095734
332.925      -1.102611
332.940      -1.109585
332.955      -1.116653
332.970      -1.123813
332.985      -1.131062
333.000      -1.138398
333.015      -1.145820
333.030      -1.153323
333.045      -1.160907
333.060      -1.168569
333.075      -1.176306
333.090      -1.184115
333.105      -1.191996
333.120      -1.199944
333.135      -1.207958
333.150      -1.216035
333.165      -1.224173
333.180      -1.232370
333.195      -1.240623
333.210      -1.248929
333.225      -1.257286
333.240      -1.265692
333.255      -1.274144
333.270      -1.282641
333.285      -1.291179
333.300      -1.299756
333.315      -1.308369
333.330      -1.317018
333.345      -1.325698
333.360      -1.334408
333.375      -1.343145
333.390      -1.351907
333.405      -1.360692
333.420      -1.369497
333.435      -1.378320
333.450      -1.387160
333.465      -1.396012
333.480      -1.404877
333.495      -1.413750
333.510      -1.422630
333.525      -1.431515
333.540      -1.440403
333.555      -1.449291
333.570      -1.458178
333.585      -1.467061
333.600      -1.475939
333.615      -1.484808
333.630      -1.493668
333.645      -1.502517
333.660      -1.511351
333.675      -1.520170
333.690      -1.528972
333.705      -1.537755
333.720      -1.546516
333.735      -1.555254
333.750      -1.563968
333.765      -1.572655
333.780      -1.581314
333.795      -1.589944
333.810      -1.598542
333.825      -1.607107
333.840      -1.615637
333.855      -1.624131
333.870      -1.632588
333.885      -1.641006
333.900      -1.649383
333.915      -1.657718
333.930      -1.666010
333.945      -1.674257
333.960      -1.682459
333.975      -1.690613
333.990      -1.698719
334.005      -1.706776
334.020      -1.714782
334.035      -1.722736
334.050      -1.730638
334.065      -1.738486
334.080      -1.746279
334.095      -1.754017
334.110      -1.761698
334.125      -1.769321
334.140      -1.776886
334.155      -1.784392
334.170      -1.791839
334.185      -1.799225
334.200      -1.806549
334.215      -1.813812
334.230      -1.821013
334.245      -1.828150
334.260      -1.835224
334.275      -1.842235
334.290      -1.849180
334.305      -1.856061
334.320      -1.862877
334.335      -1.869627
334.350      -1.876312
334.365      -1.882930
334.380      -1.889482
334.395      -1.895967
334.410      -1.902386
334.425      -1.908739
334.440      -1.915024
334.455      -1.921242
334.470      -1.927394
334.485      -1.933479
334.500      -1.939497
334.515      -1.945448
334.530      -1.951332
334.545      -1.957150
334.560      -1.962902
334.575      -1.968588
334.590      -1.974208
334.605      -1.979762
334.620      -1.985251
334.635      -1.990675
334.650      -1.996034
334.665      -2.001329
334.680      -2.006560
334.695      -2.011728
334.710      -2.016833
334.725      -2.021876
334.740      -2.026856
334.755      -2.031775
334.770      -2.036633
334.785      -2.041431
334.800      -2.046169
334.815      -2.050848
334.830      -2.055468
334.845      -2.060031
334.860      -2.064536
334.875      -2.068985
334.890      -2.073378
334.905      -2.077716
334.920      -2.082000
334.935      -2.086230
334.950      -2.090407
334.965      -2.094533
334.980      -2.098607
334.995      -2.102630
335.010      -2.106604
335.025      -2.110529
335.040      -2.114406
335.055      -2.118235
335.070      -2.122019
335.085      -2.125756
335.100      -2.129450
335.115      -2.133099
335.130      -2.136705
335.145      -2.140270
335.160      -2.143793
335.175      -2.147276
335.190      -2.150719
335.205      -2.154124
335.220      -2.157491
335.235      -2.160821
335.250      -2.164115
335.265      -2.167375
335.280      -2.170600
335.295      -2.173791
335.310      -2.176950
335.325      -2.180078
335.340      -2.183174
335.355      -2.186241
335.370      -2.189279
335.385      -2.192288
335.400      -2.195270
335.415      -2.198225
335.430      -2.201155
335.445      -2.204059
335.460      -2.206940
335.475      -2.209796
335.490      -2.212630
335.505      -2.215443
335.520      -2.218233
335.535      -2.221004
335.550      -2.223755
335.565      -2.226486
335.580      -2.229200
335.595      -2.231895
335.610      -2.234574
335.625      -2.237236
335.640      -2.239882
335.655      -2.242514
335.670      -2.245131
335.685      -2.247733
335.700      -2.250323
335.715      -2.252900
335.730      -2.255464
335.745      -2.258017
335.760      -2.260558
335.775      -2.263088
335.790      -2.265608
335.805      -2.268119
335.820      -2.270619
335.835      -2.273111
335.850      -2.275594
335.865      -2.278069
335.880      -2.280535
335.895      -2.282994
335.910      -2.285446
335.925      -2.287890
335.940      -2.290328
335.955      -2.292759
335.970      -2.295184
335.985      -2.297603
336.000      -2.300016
336.015      -2.302423
336.030      -2.304824
336.045      -2.307221
336.060      -2.309611
336.075      -2.311997
336.090      -2.314377
336.105      -2.316752
336.120      -2.319122
336.135      -2.321486
336.150      -2.323846
336.165      -2.326200
336.180      -2.328550
336.195      -2.330894
336.210      -2.333232
336.225      -2.335566
336.240      -2.337893
336.255      -2.340215
336.270      -2.342531
336.285      -2.344842
336.300      -2.347145
336.315      -2.349443
336.330      -2.351734
336.345      -2.354017
336.360      -2.356294
336.375      -2.358563
336.390      -2.360825
336.405      -2.363078
336.420      -2.365323
336.435      -2.367560
336.450      -2.369787
336.465      -2.372005
336.480      -2.374214
336.495      -2.376412
336.510      -2.378599
336.525      -2.380776
336.540      -2.382941
336.555      -2.385095
336.570      -2.387236
336.585      -2.389364
336.600      -2.391479
336.615      -2.393581
336.630      -2.395668
336.645      -2.397741
336.660      -2.399798
336.675      -2.401840
336.690      -2.403865
336.705      -2.405874
336.720      -2.407865
336.735      -2.409839
336.750      -2.411794
336.765      -2.413731
336.780      -2.415648
336.795      -2.417545
336.810      -2.419421
336.825      -2.421276
336.840      -2.423110
336.855      -2.424921
336.870      -2.426710
336.885      -2.428475
336.900      -2.430216
336.915      -2.431932
336.930      -2.433624
336.945      -2.435289
336.960      -2.436929
336.975      -2.438541
336.990      -2.440127
337.005      -2.441684
337.020      -2.443213
337.035      -2.444713
337.050      -2.446184
337.065      -2.447624
337.080      -2.449034
337.095      -2.450413
337.110      -2.451760
337.125      -2.453075
337.140      -2.454358
337.155      -2.455607
337.170      -2.456823
337.185      -2.458004
337.200      -2.459152
337.215      -2.460264
337.230      -2.461341
337.245      -2.462383
337.260      -2.463388
337.275      -2.464356
337.290      -2.465288
337.305      -2.466182
337.320      -2.467039
337.335      -2.467857
337.350      -2.468638
337.365      -2.469380
337.380      -2.470082
337.395      -2.470746
337.410      -2.471370
337.425      -2.471955
337.440      -2.472499
337.455      -2.473004
337.470      -2.473468
337.485      -2.473892
337.500      -2.474275
337.515      -2.474617
337.530      -2.474919
337.545      -2.475179
337.560      -2.475399
337.575      -2.475577
337.590      -2.475715
337.605      -2.475811
337.620      -2.475866
337.635      -2.475880
337.650      -2.475853
337.665      -2.475785
337.680      -2.475676
337.695      -2.475526
337.710      -2.475336
337.725      -2.475105
337.740      -2.474833
337.755      -2.474522
337.770      -2.474170
337.785      -2.473779
337.800      -2.473348
337.815      -2.472879
337.830      -2.472370
337.845      -2.471822
337.860      -2.471237
337.875      -2.470614
337.890      -2.469953
337.905      -2.469255
337.920      -2.468520
337.935      -2.467749
337.950      -2.466942
337.965      -2.466100
337.980      -2.465223
337.995      -2.464312
338.010      -2.463367
338.025      -2.462389
338.040      -2.461379
338.055      -2.460336
338.070      -2.459262
338.085      -2.458157
338.100      -2.457022
338.115      -2.455858
338.130      -2.454665
338.145      -2.453444
338.160      -2.452195
338.175      -2.450920
338.190      -2.449620
338.205      -2.448294
338.220      -2.446943
338.235      -2.445570
338.250      -2.444173
338.265      -2.442755
338.280      -2.441316
338.295      -2.439857
338.310      -2.438378
338.325      -2.436881
338.340      -2.435367
338.355      -2.433836
338.370      -2.432289
338.385      -2.430727
338.400      -2.429152
338.415      -2.427564
338.430      -2.425964
338.445      -2.424353
338.460      -2.422732
338.475      -2.421102
338.490      -2.419464
338.505      -2.417819
338.520      -2.416169
338.535      -2.414513
338.550      -2.412853
338.565      -2.411190
338.580      -2.409526
338.595      -2.407860
338.610      -2.406195
338.625      -2.404531
338.640      -2.402869
338.655      -2.401210
338.670      -2.399556
338.685      -2.397907
338.700      -2.396264
338.715      -2.394629
338.730      -2.393002
338.745      -2.391384
338.760      -2.389777
338.775      -2.388182
338.790      -2.386599
338.805      -2.385030
338.820      -2.383475
338.835      -2.381936
338.850      -2.380414
338.865      -2.378909
338.880      -2.377422
338.895      -2.375955
338.910      -2.374509
338.925      -2.373084
338.940      -2.371682
338.955      -2.370303
338.970      -2.368948
338.985      -2.367619
339.000      -2.366315
339.015      -2.365039
339.030      -2.363791
339.045      -2.362571
339.060      -2.361381
339.075      -2.360221
339.090      -2.359093
339.105      -2.357997
339.120      -2.356933
339.135      -2.355904
339.150      -2.354908
339.165      -2.353948
339.180      -2.353024
339.195      -2.352136
339.210      -2.351285
339.225      -2.350473
339.240      -2.349698
339.255      -2.348963
339.270      -2.348268
339.285      -2.347613
339.300      -2.346999
339.315      -2.346426
339.330      -2.345895
339.345      -2.345407
339.360      -2.344961
339.375      -2.344558
339.390      -2.344200
339.405      -2.343885
339.420      -2.343614
339.435      -2.343388
339.450      -2.343208
339.465      -2.343072
339.480      -2.342982
339.495      -2.342938
339.510      -2.342940
339.525      -2.342988
339.540      -2.343082
339.555      -2.343223
339.570      -2.343410
339.585      -2.343643
339.600      -2.343923
339.615      -2.344250
339.630      -2.344623
339.645      -2.345042
339.660      -2.345508
339.675      -2.346020
339.690      -2.346578
339.705      -2.347182
339.720      -2.347832
339.735      -2.348527
339.750      -2.349267
339.765      -2.350052
339.780      -2.350882
339.795      -2.351756
339.810      -2.352673
339.825      -2.353634
339.840      -2.354638
339.855      -2.355684
339.870      -2.356772
339.885      -2.357901
339.900      -2.359072
339.915      -2.360282
339.930      -2.361532
339.945      -2.362821
339.960      -2.364148
339.975      -2.365513
339.990      -2.366915
340.005      -2.368352
340.020      -2.369825
340.035      -2.371332
340.050      -2.372873
340.065      -2.374446
340.080      -2.376051
340.095      -2.377687
340.110      -2.379353
340.125      -2.381048
340.140      -2.382771
340.155      -2.384520
340.170      -2.386295
340.185      -2.388095
340.200      -2.389919
340.215      -2.391765
340.230      -2.393632
340.245      -2.395520
340.260      -2.397426
340.275      -2.399351
340.290      -2.401291
340.305      -2.403247
340.320      -2.405217
340.335      -2.407200
340.350      -2.409194
340.365      -2.411198
340.380      -2.413210
340.395      -2.415230
340.410      -2.417256
340.425      -2.419286
340.440      -2.421319
340.455      -2.423354
340.470      -2.425389
340.485      -2.427423
340.500      -2.429454
340.515      -2.431481
340.530      -2.433502
340.545      -2.435516
340.560      -2.437521
340.575      -2.439516
340.590      -2.441499
340.605      -2.443468
340.620      -2.445422
340.635      -2.447360
340.650      -2.449280
340.665      -2.451180
340.680      -2.453059
340.695      -2.454915
340.710      -2.456746
340.725      -2.458551
340.740      -2.460329
340.755      -2.462077
340.770      -2.463795
340.785      -2.465480
340.800      -2.467130
340.815      -2.468745
340.830      -2.470323
340.845      -2.471862
340.860      -2.473360
340.875      -2.474816
340.890      -2.476229
340.905      -2.477596
340.920      -2.478916
340.935      -2.480188
340.950      -2.481410
340.965      -2.482580
340.980      -2.483696
340.995      -2.484759
341.010      -2.485764
341.025      -2.486712
341.040      -2.487601
341.055      -2.488429
341.070      -2.489194
341.085      -2.489896
341.100      -2.490532
341.115      -2.491102
341.130      -2.491603
341.145      -2.492035
341.160      -2.492396
341.175      -2.492684
341.190      -2.492898
341.205      -2.493038
341.220      -2.493100
341.235      -2.493085
341.250      -2.492990
341.265      -2.492815
341.280      -2.492558
341.295      -2.492218
341.310      -2.491794
341.325      -2.491284
341.340      -2.490688
341.355      -2.490004
341.370      -2.489230
341.385      -2.488367
341.400      -2.487412
341.415      -2.486365
341.430      -2.485225
341.445      -2.483990
341.460      -2.482660
341.475      -2.481233
341.490      -2.479709
341.505      -2.478086
341.520      -2.476365
341.535      -2.474543
341.550      -2.472620
341.565      -2.470596
341.580      -2.468469
341.595      -2.466238
341.610      -2.463904
341.625      -2.461465
341.640      -2.458920
341.655      -2.456269
341.670      -2.453511
341.685      -2.450646
341.700      -2.447673
341.715      -2.444592
341.730      -2.441401
341.745      -2.438101
341.760      -2.434691
341.775      -2.431171
341.790      -2.427540
341.805      -2.423798
341.820      -2.419944
341.835      -2.415979
341.850      -2.411901
341.865      -2.407711
341.880      -2.403409
341.895      -2.398994
341.910      -2.394467
341.925      -2.389826
341.940      -2.385072
341.955      -2.380205
341.970      -2.375226
341.985      -2.370133
342.000      -2.364926
342.015      -2.359607
342.030      -2.354175
342.045      -2.348630
342.060      -2.342973
342.075      -2.337203
342.090      -2.331321
342.105      -2.325327
342.120      -2.319221
342.135      -2.313004
342.150      -2.306675
342.165      -2.300236
342.180      -2.293687
342.195      -2.287027
342.210      -2.280259
342.225      -2.273381
342.240      -2.266395
342.255      -2.259301
342.270      -2.252100
342.285      -2.244792
342.300      -2.237378
342.315      -2.229858
342.330      -2.222234
342.345      -2.214506
342.360      -2.206675
342.375      -2.198741
342.390      -2.190705
342.405      -2.182569
342.420      -2.174332
342.435      -2.165997
342.450      -2.157563
342.465      -2.149032
342.480      -2.140405
342.495      -2.131683
342.510      -2.122866
342.525      -2.113956
342.540      -2.104954
342.555      -2.095861
342.570      -2.086678
342.585      -2.077407
342.600      -2.068048
342.615      -2.058602
342.630      -2.049072
342.645      -2.039457
342.660      -2.029760
342.675      -2.019982
342.690      -2.010124
342.705      -2.000188
342.720      -1.990174
342.735      -1.980085
342.750      -1.969921
342.765      -1.959684
342.780      -1.949377
342.795      -1.938999
342.810      -1.928553
342.825      -1.918040
342.840      -1.907462
342.855      -1.896820
342.870      -1.886117
342.885      -1.875353
342.900      -1.864530
342.915      -1.853651
342.930      -1.842716
342.945      -1.831728
342.960      -1.820688
342.975      -1.809598
342.990      -1.798459
343.005      -1.787275
343.020      -1.776046
343.035      -1.764774
343.050      -1.753461
343.065      -1.742110
343.080      -1.730721
343.095      -1.719297
343.110      -1.707841
343.125      -1.696353
343.140      -1.684836
343.155      -1.673292
343.170      -1.661723
343.185      -1.650131
343.200      -1.638517
343.215      -1.626885
343.230      -1.615236
343.245      -1.603573
343.260      -1.591896
343.275      -1.580210
343.290      -1.568515
343.305      -1.556813
343.320      -1.545108
343.335      -1.533401
343.350      -1.521695
343.365      -1.509991
343.380      -1.498293
343.395      -1.486601
343.410      -1.474919
343.425      -1.463249
343.440      -1.451592
343.455      -1.439952
343.470      -1.428330
343.485      -1.416730
343.500      -1.405152
343.515      -1.393600
343.530      -1.382076
343.545      -1.370582
343.560      -1.359121
343.575      -1.347694
343.590      -1.336305
343.605      -1.324955
343.620      -1.313648
343.635      -1.302385
343.650      -1.291168
343.665      -1.280001
343.680      -1.268885
343.695      -1.257823
343.710      -1.246817
343.725      -1.235870
343.740      -1.224983
343.755      -1.214160
343.770      -1.203403
343.785      -1.192715
343.800      -1.182096
343.815      -1.171551
343.830      -1.161080
343.845      -1.150687
343.860      -1.140375
343.875      -1.130144
343.890      -1.119998
343.905      -1.109939
343.920      -1.099969
343.935      -1.090091
343.950      -1.080307
343.965      -1.070619
343.980      -1.061029
343.995      -1.051540
344.010      -1.042154
344.025      -1.032873
344.040      -1.023700
344.055      -1.014636
344.070      -1.005684
344.085      -0.996846
344.100      -0.988124
344.115      -0.979520
344.130      -0.971037
344.145      -0.962676
344.160      -0.954439
344.175      -0.946330
344.190      -0.938349
344.205      -0.930498
344.220      -0.922781
344.235      -0.915198
344.250      -0.907751
344.265      -0.900443
344.280      -0.893275
344.295      -0.886250
344.310      -0.879368
344.325      -0.872632
344.340      -0.866044
344.355      -0.859606
344.370      -0.853318
344.385      -0.847183
344.400      -0.841203
344.415      -0.835378
344.430      -0.829711
344.445      -0.824204
344.460      -0.818856
344.475      -0.813671
344.490      -0.808650
344.505      -0.803793
344.520      -0.799103
344.535      -0.794581
344.550      -0.790227
344.565      -0.786044
344.580      -0.782032
344.595      -0.778192
344.610      -0.774527
344.625      -0.771036
344.640      -0.767721
344.655      -0.764582
344.670      -0.761622
344.685      -0.758840
344.700      -0.756238
344.715      -0.753816
344.730      -0.751575
344.745      -0.749516
344.760      -0.747640
344.775      -0.745946
344.790      -0.744437
344.805      -0.743112
344.820      -0.741972
344.835      -0.741017
344.850      -0.740248
344.865      -0.739664
344.880      -0.739268
344.895      -0.739057
344.910      -0.739034
344.925      -0.739197
344.940      -0.739547
344.955      -0.740085
344.970      -0.740809
344.985      -0.741721
345.000      -0.742819
345.015      -0.744104
345.030      -0.745576
345.045      -0.747233
345.060      -0.749077
345.075      -0.751107
345.090      -0.753321
345.105      -0.755721
345.120      -0.758304
345.135      -0.761071
345.150      -0.764021
345.165      -0.767154
345.180      -0.770468
345.195      -0.773963
345.210      -0.777638
345.225      -0.781492
345.240      -0.785524
345.255      -0.789734
345.270      -0.794119
345.285      -0.798680
345.300      -0.803415
345.315      -0.808322
345.330      -0.813401
345.345      -0.818651
345.360      -0.824069
345.375      -0.829655
345.390      -0.835408
345.405      -0.841324
345.420      -0.847405
345.435      -0.853647
345.450      -0.860048
345.465      -0.866609
345.480      -0.873326
345.495      -0.880198
345.510      -0.887223
345.525      -0.894400
345.540      -0.901726
345.555      -0.909200
345.570      -0.916819
345.585      -0.924583
345.600      -0.932488
345.615      -0.940532
345.630      -0.948714
345.645      -0.957032
345.660      -0.965483
345.675      -0.974065
345.690      -0.982775
345.705      -0.991613
345.720      -1.000574
345.735      -1.009658
345.750      -1.018861
345.765      -1.028181
345.780      -1.037616
345.795      -1.047163
345.810      -1.056821
345.825      -1.066585
345.840      -1.076455
345.855      -1.086427
345.870      -1.096498
345.885      -1.106667
345.900      -1.116930
345.915      -1.127286
345.930      -1.137731
345.945      -1.148262
345.960      -1.158877
345.975      -1.169574
345.990      -1.180349
346.005      -1.191201
346.020      -1.202125
346.035      -1.213120
346.050      -1.224183
346.065      -1.235311
346.080      -1.246501
346.095      -1.257750
346.110      -1.269056
346.125      -1.280417
346.140      -1.291828
346.155      -1.303288
346.170      -1.314794
346.185      -1.326342
346.200      -1.337931
346.215      -1.349557
346.230      -1.361218
346.245      -1.372911
346.260      -1.384633
346.275      -1.396382
346.290      -1.408154
346.305      -1.419947
346.320      -1.431759
346.335      -1.443587
346.350      -1.455427
346.365      -1.467278
346.380      -1.479137
346.395      -1.491001
346.410      -1.502867
346.425      -1.514734
346.440      -1.526597
346.455      -1.538456
346.470      -1.550307
346.485      -1.562149
346.500      -1.573977
346.515      -1.585791
346.530      -1.597587
346.545      -1.609363
346.560      -1.621118
346.575      -1.632847
346.590      -1.644550
346.605      -1.656225
346.620      -1.667867
346.635      -1.679477
346.650      -1.691051
346.665      -1.702587
346.680      -1.714083
346.695      -1.725537
346.710      -1.736948
346.725      -1.748312
346.740      -1.759629
346.755      -1.770896
346.770      -1.782111
346.785      -1.793273
346.800      -1.804379
346.815      -1.815428
346.830      -1.826419
346.845      -1.837349
346.860      -1.848218
346.875      -1.859022
346.890      -1.869761
346.905      -1.880434
346.920      -1.891039
346.935      -1.901574
346.950      -1.912037
346.965      -1.922429
346.980      -1.932747
346.995      -1.942991
347.010      -1.953158
347.025      -1.963248
347.040      -1.973261
347.055      -1.983193
347.070      -1.993046
347.085      -2.002817
347.100      -2.012506
347.115      -2.022112
347.130      -2.031634
347.145      -2.041072
347.160      -2.050424
347.175      -2.059690
347.190      -2.068869
347.205      -2.077961
347.220      -2.086965
347.235      -2.095881
347.250      -2.104707
347.265      -2.113445
347.280      -2.122093
347.295      -2.130651
347.310      -2.139119
347.325      -2.147497
347.340      -2.155783
347.355      -2.163979
347.370      -2.172085
347.385      -2.180099
347.400      -2.188022
347.415      -2.195854
347.430      -2.203596
347.445      -2.211247
347.460      -2.218807
347.475      -2.226277
347.490      -2.233656
347.505      -2.240946
347.520      -2.248146
347.535      -2.255257
347.550      -2.262279
347.565      -2.269213
347.580      -2.276059
347.595      -2.282817
347.610      -2.289488
347.625      -2.296073
347.640      -2.302572
347.655      -2.308986
347.670      -2.315316
347.685      -2.321562
347.700      -2.327725
347.715      -2.333806
347.730      -2.339805
347.745      -2.345724
347.760      -2.351563
347.775      -2.357323
347.790      -2.363005
347.805      -2.368610
347.820      -2.374139
347.835      -2.379593
347.850      -2.384973
347.865      -2.390280
347.880      -2.395514
347.895      -2.400678
347.910      -2.405772
347.925      -2.410798
347.940      -2.415755
347.955      -2.420646
347.970      -2.425472
347.985      -2.430234
348.000      -2.434933
348.015      -2.439570
348.030      -2.444147
348.045      -2.448664
348.060      -2.453124
348.075      -2.457526
348.090      -2.461874
348.105      -2.466166
348.120      -2.470406
348.135      -2.474595
348.150      -2.478732
348.165      -2.482821
348.180      -2.486862
348.195      -2.490856
348.210      -2.494805
348.225      -2.498710
348.240      -2.502573
348.255      -2.506394
348.270      -2.510175
348.285      -2.513917
348.300      -2.517622
348.315      -2.521291
348.330      -2.524924
348.345      -2.528524
348.360      -2.532092
348.375      -2.535628
348.390      -2.539134
348.405      -2.542612
348.420      -2.546062
348.435      -2.549486
348.450      -2.552885
348.465      -2.556260
348.480      -2.559612
348.495      -2.562942
348.510      -2.566252
348.525      -2.569543
348.540      -2.572815
348.555      -2.576070
348.570      -2.579309
348.585      -2.582533
348.600      -2.585742
348.615      -2.588939
348.630      -2.592123
348.645      -2.595296
348.660      -2.598459
348.675      -2.601613
348.690      -2.604757
348.705      -2.607895
348.720      -2.611025
348.735      -2.614149
348.750      -2.617268
348.765      -2.620383
348.780      -2.623494
348.795      -2.626601
348.810      -2.629706
348.825      -2.632809
348.840      -2.635911
348.855      -2.639012
348.870      -2.642112
348.885      -2.645213
348.900      -2.648315
348.915      -2.651418
348.930      -2.654523
348.945      -2.657629
348.960      -2.660737
348.975      -2.663849
348.990      -2.666963
349.005      -2.670080
349.020      -2.673200
349.035      -2.676323
349.050      -2.679450
349.065      -2.682581
349.080      -2.685715
349.095      -2.688853
349.110      -2.691994
349.125      -2.695139
349.140      -2.698287
349.155      -2.701439
349.170      -2.704593
349.185      -2.707751
349.200      -2.710911
349.215      -2.714074
349.230      -2.717238
349.245      -2.720405
349.260      -2.723572
349.275      -2.726741
349.290      -2.729910
349.305      -2.733078
349.320      -2.736247
349.335      -2.739414
349.350      -2.742579
349.365      -2.745741
349.380      -2.748901
349.395      -2.752056
349.410      -2.755207
349.425      -2.758353
349.440      -2.761492
349.455      -2.764624
349.470      -2.767748
349.485      -2.770864
349.500      -2.773969
349.515      -2.777064
349.530      -2.780146
349.545      -2.783216
349.560      -2.786272
349.575      -2.789312
349.590      -2.792336
349.605      -2.795343
349.620      -2.798332
349.635      -2.801300
349.650      -2.804247
349.665      -2.807172
349.680      -2.810073
349.695      -2.812949
349.710      -2.815798
349.725      -2.818620
349.740      -2.821412
349.755      -2.824174
349.770      -2.826903
349.785      -2.829599
349.800      -2.832260
349.815      -2.834884
349.830      -2.837470
349.845      -2.840016
349.860      -2.842520
349.875      -2.844982
349.890      -2.847399
349.905      -2.849770
349.920      -2.852093
349.935      -2.854367
349.950      -2.856589
349.965      -2.858759
349.980      -2.860873
349.995      -2.862932
350.010      -2.864933
350.025      -2.866874
350.040      -2.868753
350.055      -2.870569
350.070      -2.872321
350.085      -2.874005
350.100      -2.875621
350.115      -2.877167
350.130      -2.878641
350.145      -2.880041
350.160      -2.881366
350.175      -2.882613
350.190      -2.883781
350.205      -2.884869
350.220      -2.885874
350.235      -2.886795
350.250      -2.887629
350.265      -2.888376
350.280      -2.889033
350.295      -2.889600
350.310      -2.890073
350.325      -2.890451
350.340      -2.890734
350.355      -2.890918
350.370      -2.891002
350.385      -2.890986
350.400      -2.890866
350.415      -2.890642
350.430      -2.890311
350.445      -2.889873
350.460      -2.889325
350.475      -2.888667
350.490      -2.887896
350.505      -2.887012
350.520      -2.886012
350.535      -2.884896
350.550      -2.883661
350.565      -2.882306
350.580      -2.880831
350.595      -2.879233
350.610      -2.877512
350.625      -2.875666
350.640      -2.873693
350.655      -2.871594
350.670      -2.869365
350.685      -2.867007
350.700      -2.864519
350.715      -2.861898
350.730      -2.859144
350.745      -2.856257
350.760      -2.853234
350.775      -2.850075
350.790      -2.846780
350.805      -2.843347
350.820      -2.839776
350.835      -2.836065
350.850      -2.832214
350.865      -2.828223
350.880      -2.824090
350.895      -2.819815
350.910      -2.815398
350.925      -2.810838
350.940      -2.806134
350.955      -2.801286
350.970      -2.796294
350.985      -2.791158
351.000      -2.785876
351.015      -2.780450
351.030      -2.774877
351.045      -2.769160
351.060      -2.763297
351.075      -2.757288
351.090      -2.751134
351.105      -2.744834
351.120      -2.738389
351.135      -2.731799
351.150      -2.725063
351.165      -2.718183
351.180      -2.711158
351.195      -2.703990
351.210      -2.696677
351.225      -2.689222
351.240      -2.681624
351.255      -2.673884
351.270      -2.666003
351.285      -2.657981
351.300      -2.649819
351.315      -2.641518
351.330      -2.633079
351.345      -2.624503
351.360      -2.615790
351.375      -2.606942
351.390      -2.597960
351.405      -2.588845
351.420      -2.579598
351.435      -2.570221
351.450      -2.560714
351.465      -2.551079
351.480      -2.541318
351.495      -2.531431
351.510      -2.521421
351.525      -2.511289
351.540      -2.501037
351.555      -2.490666
351.570      -2.480178
351.585      -2.469575
351.600      -2.458859
351.615      -2.448031
351.630      -2.437094
351.645      -2.426049
351.660      -2.414899
351.675      -2.403645
351.690      -2.392290
351.705      -2.380836
351.720      -2.369285
351.735      -2.357639
351.750      -2.345902
351.765      -2.334074
351.780      -2.322159
351.795      -2.310159
351.810      -2.298076
351.825      -2.285914
351.840      -2.273674
351.855      -2.261359
351.870      -2.248972
351.885      -2.236516
351.900      -2.223993
351.915      -2.211407
351.930      -2.198759
351.945      -2.186053
351.960      -2.173292
351.975      -2.160479
351.990      -2.147616
352.005      -2.134707
352.020      -2.121755
352.035      -2.108762
352.050      -2.095732
352.065      -2.082668
352.080      -2.069573
352.095      -2.056450
352.110      -2.043303
352.125      -2.030134
352.140      -2.016947
352.155      -2.003746
352.170      -1.990532
352.185      -1.977311
352.200      -1.964084
352.215      -1.950855
352.230      -1.937629
352.245      -1.924407
352.260      -1.911194
352.275      -1.897992
352.290      -1.884806
352.305      -1.871638
352.320      -1.858493
352.335      -1.845372
352.350      -1.832281
352.365      -1.819222
352.380      -1.806198
352.395      -1.793214
352.410      -1.780272
352.425      -1.767377
352.440      -1.754531
352.455      -1.741737
352.470      -1.729000
352.485      -1.716323
352.500      -1.703709
352.515      -1.691161
352.530      -1.678683
352.545      -1.666279
352.560      -1.653951
352.575      -1.641703
352.590      -1.629539
352.605      -1.617461
352.620      -1.605473
352.635      -1.593579
352.650      -1.581781
352.665      -1.570083
352.680      -1.558488
352.695      -1.546999
352.710      -1.535619
352.725      -1.524353
352.740      -1.513201
352.755      -1.502169
352.770      -1.491258
352.785      -1.480473
352.800      -1.469815
352.815      -1.459288
352.830      -1.448895
352.845      -1.438638
352.860      -1.428522
352.875      -1.418547
352.890      -1.408718
352.905      -1.399037
352.920      -1.389506
352.935      -1.380129
352.950      -1.370908
352.965      -1.361845
352.980      -1.352944
352.995      -1.344206
353.010      -1.335635
353.025      -1.327232
353.040      -1.318999
353.055      -1.310940
353.070      -1.303057
353.085      -1.295351
353.100      -1.287825
353.115      -1.280481
353.130      -1.273321
353.145      -1.266347
353.160      -1.259561
353.175      -1.252965
353.190      -1.246561
353.205      -1.240350
353.220      -1.234335
353.235      -1.228517
353.250      -1.222897
353.265      -1.217477
353.280      -1.212259
353.295      -1.207244
353.310      -1.202434
353.325      -1.197830
353.340      -1.193432
353.355      -1.189243
353.370      -1.185264
353.385      -1.181495
353.400      -1.177937
353.415      -1.174592
353.430      -1.171461
353.445      -1.168543
353.460      -1.165841
353.475      -1.163354
353.490      -1.161084
353.505      -1.159031
353.520      -1.157195
353.535      -1.155577
353.550      -1.154177
353.565      -1.152996
353.580      -1.152033
353.595      -1.151290
353.610      -1.150765
353.625      -1.150460
353.640      -1.150374
353.655      -1.150507
353.670      -1.150858
353.685      -1.151429
353.700      -1.152218
353.715      -1.153225
353.730      -1.154449
353.745      -1.155891
353.760      -1.157549
353.775      -1.159424
353.790      -1.161513
353.805      -1.163818
353.820      -1.166336
353.835      -1.169067
353.850      -1.172010
353.865      -1.175164
353.880      -1.178528
353.895      -1.182100
353.910      -1.185881
353.925      -1.189867
353.940      -1.194059
353.955      -1.198454
353.970      -1.203052
353.985      -1.207850
354.000      -1.212848
354.015      -1.218043
354.030      -1.223434
354.045      -1.229019
354.060      -1.234797
354.075      -1.240765
354.090      -1.246922
354.105      -1.253265
354.120      -1.259793
354.135      -1.266503
354.150      -1.273394
354.165      -1.280463
354.180      -1.287709
354.195      -1.295127
354.210      -1.302718
354.225      -1.310477
354.240      -1.318403
354.255      -1.326492
354.270      -1.334744
354.285      -1.343154
354.300      -1.351721
354.315      -1.360441
354.330      -1.369312
354.345      -1.378332
354.360      -1.387496
354.375      -1.396804
354.390      -1.406251
354.405      -1.415834
354.420      -1.425552
354.435      -1.435400
354.450      -1.445376
354.465      -1.455476
354.480      -1.465698
354.495      -1.476039
354.510      -1.486494
354.525      -1.497062
354.540      -1.507739
354.555      -1.518521
354.570      -1.529406
354.585      -1.540389
354.600      -1.551468
354.615      -1.562640
354.630      -1.573900
354.645      -1.585246
354.660      -1.596674
354.675      -1.608180
354.690      -1.619762
354.705      -1.631415
354.720      -1.643137
354.735      -1.654923
354.750      -1.666771
354.765      -1.678676
354.780      -1.690636
354.795      -1.702646
354.810      -1.714703
354.825      -1.726803
354.840      -1.738943
354.855      -1.751120
354.870      -1.763330
354.885      -1.775568
354.900      -1.787832
354.915      -1.800118
354.930      -1.812423
354.945      -1.824742
354.960      -1.837073
354.975      -1.849411
354.990      -1.861754
355.005      -1.874097
355.020      -1.886437
355.035      -1.898770
355.050      -1.911094
355.065      -1.923404
355.080      -1.935697
355.095      -1.947969
355.110      -1.960218
355.125      -1.972439
355.140      -1.984628
355.155      -1.996784
355.170      -2.008902
355.185      -2.020979
355.200      -2.033011
355.215      -2.044995
355.230      -2.056928
355.245      -2.068807
355.260      -2.080628
355.275      -2.092388
355.290      -2.104084
355.305      -2.115712
355.320      -2.127270
355.335      -2.138755
355.350      -2.150162
355.365      -2.161490
355.380      -2.172734
355.395      -2.183893
355.410      -2.194963
355.425      -2.205941
355.440      -2.216825
355.455      -2.227610
355.470      -2.238296
355.485      -2.248878
355.500      -2.259354
355.515      -2.269722
355.530      -2.279978
355.545      -2.290120
355.560      -2.300146
355.575      -2.310052
355.590      -2.319837
355.605      -2.329498
355.620      -2.339032
355.635      -2.348437
355.650      -2.357711
355.665      -2.366851
355.680      -2.375855
355.695      -2.384721
355.710      -2.393447
355.725      -2.402031
355.740      -2.410470
355.755      -2.418763
355.770      -2.426907
355.785      -2.434901
355.800      -2.442743
355.815      -2.450431
355.830      -2.457963
355.845      -2.465337
355.860      -2.472552
355.875      -2.479607
355.890      -2.486498
355.905      -2.493226
355.920      -2.499788
355.935      -2.506184
355.950      -2.512411
355.965      -2.518468
355.980      -2.524355
355.995      -2.530069
356.010      -2.535610
356.025      -2.540977
356.040      -2.546168
356.055      -2.551183
356.070      -2.556020
356.085      -2.560679
356.100      -2.565158
356.115      -2.569458
356.130      -2.573576
356.145      -2.577513
356.160      -2.581268
356.175      -2.584840
356.190      -2.588229
356.205      -2.591434
356.220      -2.594454
356.235      -2.597290
356.250      -2.599941
356.265      -2.602407
356.280      -2.604687
356.295      -2.606781
356.310      -2.608690
356.325      -2.610413
356.340      -2.611949
356.355      -2.613300
356.370      -2.614465
356.385      -2.615444
356.400      -2.616238
356.415      -2.616846
356.430      -2.617270
356.445      -2.617508
356.460      -2.617563
356.475      -2.617433
356.490      -2.617120
356.505      -2.616624
356.520      -2.615946
356.535      -2.615086
356.550      -2.614046
356.565      -2.612825
356.580      -2.611424
356.595      -2.609845
356.610      -2.608088
356.625      -2.606155
356.640      -2.604045
356.655      -2.601761
356.670      -2.599303
356.685      -2.596672
356.700      -2.593869
356.715      -2.590896
356.730      -2.587754
356.745      -2.584444
356.760      -2.580968
356.775      -2.577327
356.790      -2.573522
356.805      -2.569554
356.820      -2.565426
356.835      -2.561139
356.850      -2.556694
356.865      -2.552093
356.880      -2.547338
356.895      -2.542430
356.910      -2.537372
356.925      -2.532164
356.940      -2.526810
356.955      -2.521309
356.970      -2.515666
356.985      -2.509881
357.000      -2.503956
357.015      -2.497894
357.030      -2.491696
357.045      -2.485365
357.060      -2.478903
357.075      -2.472311
357.090      -2.465593
357.105      -2.458750
357.120      -2.451784
357.135      -2.444699
357.150      -2.437495
357.165      -2.430176
357.180      -2.422744
357.195      -2.415201
357.210      -2.407550
357.225      -2.399792
357.240      -2.391932
357.255      -2.383971
357.270      -2.375911
357.285      -2.367756
357.300      -2.359507
357.315      -2.351168
357.330      -2.342741
357.345      -2.334229
357.360      -2.325634
357.375      -2.316959
357.390      -2.308207
357.405      -2.299381
357.420      -2.290483
357.435      -2.281517
357.450      -2.272484
357.465      -2.263388
357.480      -2.254231
357.495      -2.245017
357.510      -2.235749
357.525      -2.226428
357.540      -2.217058
357.555      -2.207643
357.570      -2.198184
357.585      -2.188685
357.600      -2.179149
357.615      -2.169579
357.630      -2.159977
357.645      -2.150346
357.660      -2.140691
357.675      -2.131012
357.690      -2.121315
357.705      -2.111600
357.720      -2.101872
357.735      -2.092134
357.750      -2.082388
357.765      -2.072637
357.780      -2.062885
357.795      -2.053134
357.810      -2.043388
357.825      -2.033649
357.840      -2.023920
357.855      -2.014204
357.870      -2.004505
357.885      -1.994825
357.900      -1.985168
357.915      -1.975535
357.930      -1.965931
357.945      -1.956358
357.960      -1.946818
357.975      -1.937316
357.990      -1.927853
358.005      -1.918433
358.020      -1.909058
358.035      -1.899732
358.050      -1.890457
358.065      -1.881236
358.080      -1.872072
358.095      -1.862968
358.110      -1.853926
358.125      -1.844949
358.140      -1.836040
358.155      -1.827201
358.170      -1.818436
358.185      -1.809747
358.200      -1.801136
358.215      -1.792606
358.230      -1.784160
358.245      -1.775800
358.260      -1.767529
358.275      -1.759349
358.290      -1.751263
358.305      -1.743273
358.320      -1.735381
358.335      -1.727591
358.350      -1.719903
358.365      -1.712321
358.380      -1.704847
358.395      -1.697482
358.410      -1.690230
358.425      -1.683091
358.440      -1.676069
358.455      -1.669166
358.470      -1.662383
358.485      -1.655722
358.500      -1.649185
358.515      -1.642775
358.530      -1.636493
358.545      -1.630340
358.560      -1.624319
358.575      -1.618432
358.590      -1.612679
358.605      -1.607063
358.620      -1.601584
358.635      -1.596246
358.650      -1.591048
358.665      -1.585993
358.680      -1.581082
358.695      -1.576316
358.710      -1.571696
358.725      -1.567224
358.740      -1.562900
358.755      -1.558727
358.770      -1.554704
358.785      -1.550833
358.800      -1.547115
358.815      -1.543550
358.830      -1.540140
358.845      -1.536885
358.860      -1.533786
358.875      -1.530844
358.890      -1.528058
358.905      -1.525431
358.920      -1.522961
358.935      -1.520650
358.950      -1.518498
358.965      -1.516506
358.980      -1.514672
358.995      -1.512999
359.010      -1.511485
359.025      -1.510130
359.040      -1.508936
359.055      -1.507901
359.070      -1.507026
359.085      -1.506310
359.100      -1.505754
359.115      -1.505356
359.130      -1.505117
359.145      -1.505036
359.160      -1.505112
359.175      -1.505346
359.190      -1.505736
359.205      -1.506281
359.220      -1.506982
359.235      -1.507837
359.250      -1.508846
359.265      -1.510007
359.280      -1.511320
359.295      -1.512783
359.310      -1.514396
359.325      -1.516157
359.340      -1.518065
359.355      -1.520120
359.370      -1.522319
359.385      -1.524661
359.400      -1.527145
359.415      -1.529770
359.430      -1.532533
359.445      -1.535434
359.460      -1.538471
359.475      -1.541642
359.490      -1.544945
359.505      -1.548379
359.520      -1.551942
359.535      -1.555631
359.550      -1.559446
359.565      -1.563383
359.580      -1.567441
359.595      -1.571619
359.610      -1.575913
359.625      -1.580322
359.640      -1.584843
359.655      -1.589474
359.670      -1.594214
359.685      -1.599059
359.700      -1.604007
359.715      -1.609056
359.730      -1.614203
359.745      -1.619446
359.760      -1.624783
359.775      -1.630210
359.790      -1.635726
359.805      -1.641327
359.820      -1.647011
359.835      -1.652775
359.850      -1.658616
359.865      -1.664533
359.880      -1.670521
359.895      -1.676578
359.910      -1.682702
359.925      -1.688889
359.940      -1.695136
359.955      -1.701441
359.970      -1.707801
359.985      -1.714212
360.000      -1.720672
360.015      -1.727177
360.030      -1.733725
360.045      -1.740313
360.060      -1.746937
360.075      -1.753595
360.090      -1.760282
360.105      -1.766997
360.120      -1.773736
360.135      -1.780497
360.150      -1.787274
360.165      -1.794067
360.180      -1.800871
360.195      -1.807683
360.210      -1.814501
360.225      -1.821320
360.240      -1.828138
360.255      -1.834952
360.270      -1.841758
360.285      -1.848554
360.300      -1.855335
360.315      -1.862099
360.330      -1.868843
360.345      -1.875564
360.360      -1.882258
360.375      -1.888922
360.390      -1.895553
360.405      -1.902148
360.420      -1.908703
360.435      -1.915216
360.450      -1.921684
360.465      -1.928103
360.480      -1.934471
360.495      -1.940784
360.510      -1.947038
360.525      -1.953233
360.540      -1.959363
360.555      -1.965426
360.570      -1.971420
360.585      -1.977340
360.600      -1.983185
360.615      -1.988952
360.630      -1.994637
360.645      -2.000238
360.660      -2.005751
360.675      -2.011175
360.690      -2.016505
360.705      -2.021741
360.720      -2.026878
360.735      -2.031914
360.750      -2.036847
360.765      -2.041674
360.780      -2.046392
360.795      -2.050999
360.810      -2.055492
360.825      -2.059869
360.840      -2.064127
360.855      -2.068265
360.870      -2.072279
360.885      -2.076168
360.900      -2.079929
360.915      -2.083560
360.930      -2.087059
360.945      -2.090423
360.960      -2.093651
360.975      -2.096741
360.990      -2.099690
361.005      -2.102497
361.020      -2.105160
361.035      -2.107677
361.050      -2.110046
361.065      -2.112266
361.080      -2.114335
361.095      -2.116250
361.110      -2.118012
361.125      -2.119617
361.140      -2.121066
361.155      -2.122355
361.170      -2.123485
361.185      -2.124453
361.200      -2.125259
361.215      -2.125901
361.230      -2.126379
361.245      -2.126690
361.260      -2.126835
361.275      -2.126812
361.290      -2.126621
361.305      -2.126260
361.320      -2.125729
361.335      -2.125028
361.350      -2.124155
361.365      -2.123110
361.380      -2.121893
361.395      -2.120503
361.410      -2.118940
361.425      -2.117203
361.440      -2.115293
361.455      -2.113210
361.470      -2.110952
361.485      -2.108520
361.500      -2.105915
361.515      -2.103136
361.530      -2.100184
361.545      -2.097059
361.560      -2.093760
361.575      -2.090289
361.590      -2.086646
361.605      -2.082832
361.620      -2.078847
361.635      -2.074692
361.650      -2.070367
361.665      -2.065873
361.680      -2.061212
361.695      -2.056384
361.710      -2.051390
361.725      -2.046232
361.740      -2.040910
361.755      -2.035425
361.770      -2.029780
361.785      -2.023975
361.800      -2.018011
361.815      -2.011891
361.830      -2.005616
361.845      -1.999187
361.860      -1.992606
361.875      -1.985875
361.890      -1.978996
361.905      -1.971970
361.920      -1.964800
361.935      -1.957487
361.950      -1.950035
361.965      -1.942443
361.980      -1.934716
361.995      -1.926856
362.010      -1.918863
362.025      -1.910742
362.040      -1.902494
362.055      -1.894123
362.070      -1.885629
362.085      -1.877017
362.100      -1.868289
362.115      -1.859448
362.130      -1.850496
362.145      -1.841436
362.160      -1.832271
362.175      -1.823005
362.190      -1.813639
362.205      -1.804178
362.220      -1.794625
362.235      -1.784982
362.250      -1.775252
362.265      -1.765440
362.280      -1.755548
362.295      -1.745580
362.310      -1.735538
362.325      -1.725428
362.340      -1.715251
362.355      -1.705012
362.370      -1.694714
362.385      -1.684361
362.400      -1.673956
362.415      -1.663503
362.430      -1.653007
362.445      -1.642469
362.460      -1.631895
362.475      -1.621289
362.490      -1.610653
362.505      -1.599992
362.520      -1.589310
362.535      -1.578611
362.550      -1.567898
362.565      -1.557176
362.580      -1.546449
362.595      -1.535721
362.610      -1.524995
362.625      -1.514276
362.640      -1.503569
362.655      -1.492876
362.670      -1.482202
362.685      -1.471552
362.700      -1.460929
362.715      -1.450337
362.730      -1.439782
362.745      -1.429266
362.760      -1.418794
362.775      -1.408371
362.790      -1.398000
362.805      -1.387685
362.820      -1.377432
362.835      -1.367243
362.850      -1.357124
362.865      -1.347078
362.880      -1.337109
362.895      -1.327222
362.910      -1.317421
362.925      -1.307710
362.940      -1.298093
362.955      -1.288574
362.970      -1.279157
362.985      -1.269847
363.000      -1.260647
363.015      -1.251562
363.030      -1.242595
363.045      -1.233751
363.060      -1.225033
363.075      -1.216446
363.090      -1.207994
363.105      -1.199680
363.120      -1.191508
363.135      -1.183482
363.150      -1.175606
363.165      -1.167883
363.180      -1.160318
363.195      -1.152915
363.210      -1.145676
363.225      -1.138605
363.240      -1.131707
363.255      -1.124984
363.270      -1.118440
363.285      -1.112079
363.300      -1.105904
363.315      -1.099919
363.330      -1.094126
363.345      -1.088529
363.360      -1.083131
363.375      -1.077936
363.390      -1.072947
363.405      -1.068166
363.420      -1.063596
363.435      -1.059241
363.450      -1.055104
363.465      -1.051187
363.480      -1.047493
363.495      -1.044025
363.510      -1.040786
363.525      -1.037777
363.540      -1.035002
363.555      -1.032463
363.570      -1.030163
363.585      -1.028104
363.600      -1.026287
363.615      -1.024716
363.630      -1.023392
363.645      -1.022318
363.660      -1.021495
363.675      -1.020925
363.690      -1.020610
363.705      -1.020552
363.720      -1.020753
363.735      -1.021214
363.750      -1.021937
363.765      -1.022922
363.780      -1.024173
363.795      -1.025689
363.810      -1.027472
363.825      -1.029523
363.840      -1.031843
363.855      -1.034433
363.870      -1.037294
363.885      -1.040427
363.900      -1.043833
363.915      -1.047511
363.930      -1.051464
363.945      -1.055690
363.960      -1.060191
363.975      -1.064966
363.990      -1.070017
364.005      -1.075342
364.020      -1.080943
364.035      -1.086819
364.050      -1.092969
364.065      -1.099394
364.080      -1.106094
364.095      -1.113067
364.110      -1.120314
364.125      -1.127833
364.140      -1.135625
364.155      -1.143688
364.170      -1.152021
364.185      -1.160624
364.200      -1.169496
364.215      -1.178635
364.230      -1.188040
364.245      -1.197710
364.260      -1.207644
364.275      -1.217840
364.290      -1.228296
364.305      -1.239011
364.320      -1.249983
364.335      -1.261211
364.350      -1.272692
364.365      -1.284425
364.380      -1.296407
364.395      -1.308636
364.410      -1.321110
364.425      -1.333827
364.440      -1.346785
364.455      -1.359980
364.470      -1.373411
364.485      -1.387074
364.500      -1.400967
364.515      -1.415088
364.530      -1.429433
364.545      -1.443999
364.560      -1.458783
364.575      -1.473783
364.590      -1.488995
364.605      -1.504416
364.620      -1.520043
364.635      -1.535872
364.650      -1.551900
364.665      -1.568122
364.680      -1.584537
364.695      -1.601140
364.710      -1.617927
364.725      -1.634894
364.740      -1.652038
364.755      -1.669356
364.770      -1.686842
364.785      -1.704492
364.800      -1.722304
364.815      -1.740273
364.830      -1.758394
364.845      -1.776663
364.860      -1.795076
364.875      -1.813629
364.890      -1.832317
364.905      -1.851137
364.920      -1.870082
364.935      -1.889150
364.950      -1.908335
364.965      -1.927632
364.980      -1.947038
364.995      -1.966547
365.010      -1.986155
365.025      -2.005857
365.040      -2.025649
365.055      -2.045525
365.070      -2.065480
365.085      -2.085510
365.100      -2.105610
365.115      -2.125776
365.130      -2.146001
365.145      -2.166281
365.160      -2.186612
365.175      -2.206988
365.190      -2.227404
365.205      -2.247855
365.220      -2.268336
365.235      -2.288843
365.250      -2.309369
365.265      -2.329911
365.280      -2.350463
365.295      -2.371020
365.310      -2.391577
365.325      -2.412128
365.340      -2.432670
365.355      -2.453196
365.370      -2.473703
365.385      -2.494184
365.400      -2.514635
365.415      -2.535050
365.430      -2.555426
365.445      -2.575756
365.460      -2.596036
365.475      -2.616261
365.490      -2.636427
365.505      -2.656527
365.520      -2.676558
365.535      -2.696514
365.550      -2.716391
365.565      -2.736183
365.580      -2.755887
365.595      -2.775497
365.610      -2.795009
365.625      -2.814418
365.640      -2.833720
365.655      -2.852909
365.670      -2.871982
365.685      -2.890933
365.700      -2.909759
365.715      -2.928455
365.730      -2.947017
365.745      -2.965440
365.760      -2.983721
365.775      -3.001854
365.790      -3.019836
365.805      -3.037662
365.820      -3.055329
365.835      -3.072833
365.850      -3.090170
365.865      -3.107335
365.880      -3.124325
365.895      -3.141136
365.910      -3.157765
365.925      -3.174208
365.940      -3.190461
365.955      -3.206521
365.970      -3.222384
365.985      -3.238047
366.000      -3.253507
366.015      -3.268760
366.030      -3.283804
366.045      -3.298635
366.060      -3.313249
366.075      -3.327645
366.090      -3.341820
366.105      -3.355769
366.120      -3.369492
366.135      -3.382984
366.150      -3.396245
366.165      -3.409270
366.180      -3.422057
366.195      -3.434605
366.210      -3.446910
366.225      -3.458972
366.240      -3.470787
366.255      -3.482353
366.270      -3.493669
366.285      -3.504732
366.300      -3.515542
366.315      -3.526095
366.330      -3.536391
366.345      -3.546428
366.360      -3.556204
366.375      -3.565718
366.390      -3.574969
366.405      -3.583955
366.420      -3.592675
366.435      -3.601129
366.450      -3.609314
366.465      -3.617231
366.480      -3.624878
366.495      -3.632255
366.510      -3.639360
366.525      -3.646194
366.540      -3.652755
366.555      -3.659044
366.570      -3.665059
366.585      -3.670801
366.600      -3.676269
366.615      -3.681464
366.630      -3.686385
366.645      -3.691032
366.660      -3.695405
366.675      -3.699504
366.690      -3.703330
366.705      -3.706883
366.720      -3.710164
366.735      -3.713172
366.750      -3.715909
366.765      -3.718374
366.780      -3.720569
366.795      -3.722495
366.810      -3.724151
366.825      -3.725540
366.840      -3.726662
366.855      -3.727517
366.870      -3.728108
366.885      -3.728435
366.900      -3.728500
366.915      -3.728303
366.930      -3.727846
366.945      -3.727131
366.960      -3.726159
366.975      -3.724932
366.990      -3.723450
367.005      -3.721716
367.020      -3.719732
367.035      -3.717498
367.050      -3.715018
367.065      -3.712292
367.080      -3.709324
367.095      -3.706114
367.110      -3.702664
367.125      -3.698978
367.140      -3.695056
367.155      -3.690901
367.170      -3.686516
367.185      -3.681902
367.200      -3.677062
367.215      -3.671998
367.230      -3.666712
367.245      -3.661207
367.260      -3.655486
367.275      -3.649550
367.290      -3.643403
367.305      -3.637046
367.320      -3.630483
367.335      -3.623716
367.350      -3.616748
367.365      -3.609581
367.380      -3.602218
367.395      -3.594661
367.410      -3.586914
367.425      -3.578980
367.440      -3.570860
367.455      -3.562558
367.470      -3.554077
367.485      -3.545420
367.500      -3.536589
367.515      -3.527586
367.530      -3.518417
367.545      -3.509082
367.560      -3.499585
367.575      -3.489928
367.590      -3.480116
367.605      -3.470150
367.620      -3.460034
367.635      -3.449770
367.650      -3.439362
367.665      -3.428812
367.680      -3.418124
367.695      -3.407300
367.710      -3.396343
367.725      -3.385257
367.740      -3.374043
367.755      -3.362706
367.770      -3.351247
367.785      -3.339671
367.800      -3.327979
367.815      -3.316175
367.830      -3.304261
367.845      -3.292241
367.860      -3.280117
367.875      -3.267892
367.890      -3.255569
367.905      -3.243151
367.920      -3.230641
367.935      -3.218040
367.950      -3.205353
367.965      -3.192582
367.980      -3.179729
367.995      -3.166797
368.010      -3.153789
368.025      -3.140708
368.040      -3.127556
368.055      -3.114335
368.070      -3.101049
368.085      -3.087699
368.100      -3.074289
368.115      -3.060821
368.130      -3.047297
368.145      -3.033720
368.160      -3.020091
368.175      -3.006415
368.190      -2.992692
368.205      -2.978925
368.220      -2.965116
368.235      -2.951269
368.250      -2.937384
368.265      -2.923464
368.280      -2.909511
368.295      -2.895528
368.310      -2.881515
368.325      -2.867477
368.340      -2.853413
368.355      -2.839328
368.370      -2.825221
368.385      -2.811096
368.400      -2.796953
368.415      -2.782796
368.430      -2.768626
368.445      -2.754444
368.460      -2.740252
368.475      -2.726052
368.490      -2.711846
368.505      -2.697635
368.520      -2.683421
368.535      -2.669205
368.550      -2.654989
368.565      -2.640775
368.580      -2.626563
368.595      -2.612356
368.610      -2.598155
368.625      -2.583960
368.640      -2.569774
368.655      -2.555598
368.670      -2.541432
368.685      -2.527279
368.700      -2.513139
368.715      -2.499013
368.730      -2.484903
368.745      -2.470810
368.760      -2.456735
368.775      -2.442679
368.790      -2.428642
368.805      -2.414626
368.820      -2.400633
368.835      -2.386662
368.850      -2.372714
368.865      -2.358791
368.880      -2.344894
368.895      -2.331023
368.910      -2.317179
368.925      -2.303362
368.940      -2.289575
368.955      -2.275816
368.970      -2.262088
368.985      -2.248390
369.000      -2.234724
369.015      -2.221090
369.030      -2.207488
369.045      -2.193920
369.060      -2.180386
369.075      -2.166886
369.090      -2.153421
369.105      -2.139992
369.120      -2.126599
369.135      -2.113242
369.150      -2.099923
369.165      -2.086641
369.180      -2.073397
369.195      -2.060192
369.210      -2.047026
369.225      -2.033899
369.240      -2.020812
369.255      -2.007766
369.270      -1.994760
369.285      -1.981795
369.300      -1.968871
369.315      -1.955990
369.330      -1.943151
369.345      -1.930354
369.360      -1.917601
369.375      -1.904891
369.390      -1.892225
369.405      -1.879602
369.420      -1.867025
369.435      -1.854492
369.450      -1.842005
369.465      -1.829563
369.480      -1.817167
369.495      -1.804817
369.510      -1.792514
369.525      -1.780258
369.540      -1.768049
369.555      -1.755889
369.570      -1.743776
369.585      -1.731712
369.600      -1.719697
369.615      -1.707731
369.630      -1.695815
369.645      -1.683949
369.660      -1.672134
369.675      -1.660369
369.690      -1.648656
369.705      -1.636995
369.720      -1.625386
369.735      -1.613830
369.750      -1.602326
369.765      -1.590877
369.780      -1.579481
369.795      -1.568140
369.810      -1.556854
369.825      -1.545623
369.840      -1.534449
369.855      -1.523331
369.870      -1.512270
369.885      -1.501267
369.900      -1.490322
369.915      -1.479436
369.930      -1.468609
369.945      -1.457842
369.960      -1.447135
369.975      -1.436490
369.990      -1.425907
370.005      -1.415386
370.020      -1.404928
370.035      -1.394533
370.050      -1.384203
370.065      -1.373938
370.080      -1.363739
370.095      -1.353606
370.110      -1.343541
370.125      -1.333543
370.140      -1.323614
370.155      -1.313754
370.170      -1.303964
370.185      -1.294245
370.200      -1.284598
370.215      -1.275023
370.230      -1.265521
370.245      -1.256093
370.260      -1.246741
370.275      -1.237463
370.290      -1.228263
370.305      -1.219139
370.320      -1.210094
370.335      -1.201127
370.350      -1.192241
370.365      -1.183435
370.380      -1.174710
370.395      -1.166068
370.410      -1.157509
370.425      -1.149035
370.440      -1.140645
370.455      -1.132342
370.470      -1.124125
370.485      -1.115996
370.500      -1.107955
370.515      -1.100004
370.530      -1.092143
370.545      -1.084373
370.560      -1.076696
370.575      -1.069111
370.590      -1.061621
370.605      -1.054225
370.620      -1.046925
370.635      -1.039721
370.650      -1.032615
370.665      -1.025607
370.680      -1.018698
370.695      -1.011889
370.710      -1.005181
370.725      -0.998574
370.740      -0.992070
370.755      -0.985670
370.770      -0.979373
370.785      -0.973181
370.800      -0.967095
370.815      -0.961116
370.830      -0.955243
370.845      -0.949479
370.860      -0.943823
370.875      -0.938277
370.890      -0.932841
370.905      -0.927516
370.920      -0.922302
370.935      -0.917201
370.950      -0.912212
370.965      -0.907337
370.980      -0.902576
370.995      -0.897930
371.010      -0.893399
371.025      -0.888984
371.040      -0.884685
371.055      -0.880503
371.070      -0.876438
371.085      -0.872491
371.100      -0.868662
371.115      -0.864953
371.130      -0.861362
371.145      -0.857890
371.160      -0.854539
371.175      -0.851307
371.190      -0.848196
371.205      -0.845206
371.220      -0.842337
371.235      -0.839589
371.250      -0.836962
371.265      -0.834457
371.280      -0.832074
371.295      -0.829812
371.310      -0.827673
371.325      -0.825655
371.340      -0.823759
371.355      -0.821985
371.370      -0.820334
371.385      -0.818804
371.400      -0.817396
371.415      -0.816109
371.430      -0.814944
371.445      -0.813901
371.460      -0.812979
371.475      -0.812177
371.490      -0.811496
371.505      -0.810936
371.520      -0.810495
371.535      -0.810174
371.550      -0.809973
371.565      -0.809890
371.580      -0.809925
371.595      -0.810078
371.610      -0.810349
371.625      -0.810736
371.640      -0.811240
371.655      -0.811859
371.670      -0.812592
371.685      -0.813440
371.700      -0.814402
371.715      -0.815476
371.730      -0.816663
371.745      -0.817960
371.760      -0.819368
371.775      -0.820885
371.790      -0.822511
371.805      -0.824244
371.820      -0.826084
371.835      -0.828030
371.850      -0.830080
371.865      -0.832234
371.880      -0.834491
371.895      -0.836849
371.910      -0.839307
371.925      -0.841864
371.940      -0.844520
371.955      -0.847272
371.970      -0.850120
371.985      -0.853062
372.000      -0.856097
372.015      -0.859224
372.030      -0.862441
372.045      -0.865747
372.060      -0.869140
372.075      -0.872620
372.090      -0.876184
372.105      -0.879832
372.120      -0.883562
372.135      -0.887372
372.150      -0.891260
372.165      -0.895226
372.180      -0.899268
372.195      -0.903384
372.210      -0.907572
372.225      -0.911832
372.240      -0.916161
372.255      -0.920557
372.270      -0.925019
372.285      -0.929546
372.300      -0.934136
372.315      -0.938786
372.330      -0.943496
372.345      -0.948263
372.360      -0.953086
372.375      -0.957963
372.390      -0.962892
372.405      -0.967872
372.420      -0.972900
372.435      -0.977976
372.450      -0.983097
372.465      -0.988261
372.480      -0.993467
372.495      -0.998712
372.510      -1.003996
372.525      -1.009315
372.540      -1.014669
372.555      -1.020056
372.570      -1.025473
372.585      -1.030919
372.600      -1.036392
372.615      -1.041891
372.630      -1.047413
372.645      -1.052956
372.660      -1.058519
372.675      -1.064100
372.690      -1.069698
372.705      -1.075310
372.720      -1.080934
372.735      -1.086569
372.750      -1.092214
372.765      -1.097865
372.780      -1.103522
372.795      -1.109183
372.810      -1.114846
372.825      -1.120509
372.840      -1.126171
372.855      -1.131830
372.870      -1.137484
372.885      -1.143131
372.900      -1.148771
372.915      -1.154400
372.930      -1.160018
372.945      -1.165623
372.960      -1.171214
372.975      -1.176788
372.990      -1.182345
373.005      -1.187882
373.020      -1.193399
373.035      -1.198893
373.050      -1.204364
373.065      -1.209810
373.080      -1.215229
373.095      -1.220619
373.110      -1.225981
373.125      -1.231312
373.140      -1.236611
373.155      -1.241876
373.170      -1.247107
373.185      -1.252302
373.200      -1.257459
373.215      -1.262579
373.230      -1.267659
373.245      -1.272699
373.260      -1.277697
373.275      -1.282652
373.290      -1.287563
373.305      -1.292430
373.320      -1.297250
373.335      -1.302024
373.350      -1.306751
373.365      -1.311429
373.380      -1.316058
373.395      -1.320636
373.410      -1.325164
373.425      -1.329639
373.440      -1.334063
373.455      -1.338433
373.470      -1.342750
373.485      -1.347012
373.500      -1.351220
373.515      -1.355372
373.530      -1.359468
373.545      -1.363508
373.560      -1.367491
373.575      -1.371417
373.590      -1.375286
373.605      -1.379097
373.620      -1.382849
373.635      -1.386544
373.650      -1.390180
373.665      -1.393757
373.680      -1.397275
373.695      -1.400735
373.710      -1.404136
373.725      -1.407478
373.740      -1.410761
373.755      -1.413985
373.770      -1.417151
373.785      -1.420258
373.800      -1.423307
373.815      -1.426297
373.830      -1.429230
373.845      -1.432105
373.860      -1.434924
373.875      -1.437685
373.890      -1.440390
373.905      -1.443038
373.920      -1.445632
373.935      -1.448170
373.950      -1.450654
373.965      -1.453084
373.980      -1.455461
373.995      -1.457785
374.010      -1.460058
374.025      -1.462279
374.040      -1.464450
374.055      -1.466571
374.070      -1.468644
374.085      -1.470669
374.100      -1.472646
374.115      -1.474578
374.130      -1.476464
374.145      -1.478307
374.160      -1.480106
374.175      -1.481863
374.190      -1.483580
374.205      -1.485256
374.220      -1.486894
374.235      -1.488494
374.250      -1.490057
374.265      -1.491586
374.280      -1.493080
374.295      -1.494542
374.310      -1.495973
374.325      -1.497373
374.340      -1.498745
374.355      -1.500089
374.370      -1.501407
374.385      -1.502701
374.400      -1.503972
374.415      -1.505220
374.430      -1.506449
374.445      -1.507659
374.460      -1.508852
374.475      -1.510028
374.490      -1.511191
374.505      -1.512341
374.520      -1.513480
374.535      -1.514610
374.550      -1.515732
374.565      -1.516847
374.580      -1.517958
374.595      -1.519066
374.610      -1.520172
374.625      -1.521279
374.640      -1.522388
374.655      -1.523501
374.670      -1.524619
374.685      -1.525744
374.700      -1.526878
374.715      -1.528022
374.730      -1.529179
374.745      -1.530349
374.760      -1.531535
374.775      -1.532739
374.790      -1.533962
374.805      -1.535206
374.820      -1.536472
374.835      -1.537763
374.850      -1.539080
374.865      -1.540425
374.880      -1.541799
374.895      -1.543205
374.910      -1.544644
374.925      -1.546118
374.940      -1.547628
374.955      -1.549177
374.970      -1.550765
374.985      -1.552396
375.000      -1.554070
375.015      -1.555789
375.030      -1.557554
375.045      -1.559369
375.060      -1.561233
375.075      -1.563150
375.090      -1.565120
375.105      -1.567145
375.120      -1.569227
375.135      -1.571367
375.150      -1.573568
375.165      -1.575830
375.180      -1.578155
375.195      -1.580545
375.210      -1.583002
375.225      -1.585526
375.240      -1.588120
375.255      -1.590785
375.270      -1.593521
375.285      -1.596332
375.300      -1.599218
375.315      -1.602181
375.330      -1.605222
375.345      -1.608342
375.360      -1.611543
375.375      -1.614826
375.390      -1.618193
375.405      -1.621644
375.420      -1.625182
375.435      -1.628807
375.450      -1.632520
375.465      -1.636323
375.480      -1.640216
375.495      -1.644202
375.510      -1.648281
375.525      -1.652454
375.540      -1.656722
375.555      -1.661086
375.570      -1.665548
375.585      -1.670108
375.600      -1.674767
375.615      -1.679526
375.630      -1.684385
375.645      -1.689347
375.660      -1.694411
375.675      -1.699579
375.690      -1.704850
375.705      -1.710227
375.720      -1.715709
375.735      -1.721297
375.750      -1.726991
375.765      -1.732793
375.780      -1.738703
375.795      -1.744721
375.810      -1.750848
375.825      -1.757084
375.840      -1.763430
375.855      -1.769886
375.870      -1.776452
375.885      -1.783129
375.900      -1.789916
375.915      -1.796815
375.930      -1.803824
375.945      -1.810945
375.960      -1.818178
375.975      -1.825522
375.990      -1.832977
376.005      -1.840544
376.020      -1.848222
376.035      -1.856011
376.050      -1.863912
376.065      -1.871923
376.080      -1.880046
376.095      -1.888278
376.110      -1.896621
376.125      -1.905073
376.140      -1.913635
376.155      -1.922305
376.170      -1.931084
376.185      -1.939971
376.200      -1.948966
376.215      -1.958067
376.230      -1.967274
376.245      -1.976586
376.260      -1.986004
376.275      -1.995525
376.290      -2.005149
376.305      -2.014876
376.320      -2.024704
376.335      -2.034632
376.350      -2.044660
376.365      -2.054786
376.380      -2.065010
376.395      -2.075330
376.410      -2.085745
376.425      -2.096254
376.440      -2.106856
376.455      -2.117549
376.470      -2.128332
376.485      -2.139205
376.500      -2.150164
376.515      -2.161210
376.530      -2.172341
376.545      -2.183554
376.560      -2.194849
376.575      -2.206224
376.590      -2.217678
376.605      -2.229208
376.620      -2.240813
376.635      -2.252492
376.650      -2.264242
376.665      -2.276062
376.680      -2.287950
376.695      -2.299905
376.710      -2.311923
376.725      -2.324004
376.740      -2.336145
376.755      -2.348345
376.770      -2.360601
376.785      -2.372911
376.800      -2.385273
376.815      -2.397686
376.830      -2.410147
376.845      -2.422653
376.860      -2.435203
376.875      -2.447795
376.890      -2.460425
376.905      -2.473093
376.920      -2.485795
376.935      -2.498530
376.950      -2.511294
376.965      -2.524086
376.980      -2.536903
376.995      -2.549743
377.010      -2.562604
377.025      -2.575482
377.040      -2.588376
377.055      -2.601282
377.070      -2.614199
377.085      -2.627124
377.100      -2.640055
377.115      -2.652988
377.130      -2.665922
377.145      -2.678853
377.160      -2.691780
377.175      -2.704699
377.190      -2.717608
377.205      -2.730505
377.220      -2.743386
377.235      -2.756250
377.250      -2.769093
377.265      -2.781913
377.280      -2.794707
377.295      -2.807473
377.310      -2.820207
377.325      -2.832908
377.340      -2.845573
377.355      -2.858199
377.370      -2.870783
377.385      -2.883324
377.400      -2.895817
377.415      -2.908261
377.430      -2.920652
377.445      -2.932989
377.460      -2.945269
377.475      -2.957489
377.490      -2.969646
377.505      -2.981739
377.520      -2.993763
377.535      -3.005718
377.550      -3.017600
377.565      -3.029406
377.580      -3.041135
377.595      -3.052784
377.610      -3.064350
377.625      -3.075831
377.640      -3.087224
377.655      -3.098528
377.670      -3.109738
377.685      -3.120855
377.700      -3.131874
377.715      -3.142793
377.730      -3.153611
377.745      -3.164325
377.760      -3.174932
377.775      -3.185431
377.790      -3.195819
377.805      -3.206094
377.820      -3.216254
377.835      -3.226297
377.850      -3.236221
377.865      -3.246023
377.880      -3.255702
377.895      -3.265256
377.910      -3.274682
377.925      -3.283979
377.940      -3.293145
377.955      -3.302178
377.970      -3.311076
377.985      -3.319837
378.000      -3.328460
378.015      -3.336943
378.030      -3.345284
378.045      -3.353482
378.060      -3.361534
378.075      -3.369440
378.090      -3.377198
378.105      -3.384806
378.120      -3.392263
378.135      -3.399568
378.150      -3.406718
378.165      -3.413713
378.180      -3.420552
378.195      -3.427233
378.210      -3.433756
378.225      -3.440118
378.240      -3.446318
378.255      -3.452357
378.270      -3.458232
378.285      -3.463942
378.300      -3.469487
378.315      -3.474866
378.330      -3.480078
378.345      -3.485122
378.360      -3.489997
378.375      -3.494703
378.390      -3.499238
378.405      -3.503603
378.420      -3.507796
378.435      -3.511817
378.450      -3.515666
378.465      -3.519342
378.480      -3.522844
378.495      -3.526172
378.510      -3.529326
378.525      -3.532306
378.540      -3.535111
378.555      -3.537740
378.570      -3.540195
378.585      -3.542474
378.600      -3.544578
378.615      -3.546506
378.630      -3.548259
378.645      -3.549836
378.660      -3.551238
378.675      -3.552464
378.690      -3.553515
378.705      -3.554391
378.720      -3.555093
378.735      -3.555620
378.750      -3.555972
378.765      -3.556151
378.780      -3.556156
378.795      -3.555988
378.810      -3.555648
378.825      -3.555135
378.840      -3.554450
378.855      -3.553595
378.870      -3.552569
378.885      -3.551373
378.900      -3.550008
378.915      -3.548474
378.930      -3.546772
378.945      -3.544904
378.960      -3.542869
378.975      -3.540668
378.990      -3.538303
379.005      -3.535774
379.020      -3.533083
379.035      -3.530229
379.050      -3.527214
379.065      -3.524040
379.080      -3.520707
379.095      -3.517215
379.110      -3.513567
379.125      -3.509763
379.140      -3.505805
379.155      -3.501693
379.170      -3.497428
379.185      -3.493013
379.200      -3.488448
379.215      -3.483734
379.230      -3.478872
379.245      -3.473864
379.260      -3.468712
379.275      -3.463415
379.290      -3.457977
379.305      -3.452397
379.320      -3.446678
379.335      -3.440821
379.350      -3.434827
379.365      -3.428697
379.380      -3.422433
379.395      -3.416037
379.410      -3.409510
379.425      -3.402853
379.440      -3.396067
379.455      -3.389155
379.470      -3.382117
379.485      -3.374956
379.500      -3.367672
379.515      -3.360267
379.530      -3.352743
379.545      -3.345101
379.560      -3.337343
379.575      -3.329470
379.590      -3.321484
379.605      -3.313386
379.620      -3.305178
379.635      -3.296861
379.650      -3.288438
379.665      -3.279908
379.680      -3.271275
379.695      -3.262539
379.710      -3.253703
379.725      -3.244767
379.740      -3.235733
379.755      -3.226603
379.770      -3.217378
379.785      -3.208060
379.800      -3.198651
379.815      -3.189151
379.830      -3.179563
379.845      -3.169888
379.860      -3.160128
379.875      -3.150283
379.890      -3.140356
379.905      -3.130348
379.920      -3.120261
379.935      -3.110096
379.950      -3.099854
379.965      -3.089538
379.980      -3.079148
379.995      -3.068686
380.010      -3.058154
380.025      -3.047552
380.040      -3.036883
380.055      -3.026148
380.070      -3.015348
380.085      -3.004485
380.100      -2.993560
380.115      -2.982574
380.130      -2.971530
380.145      -2.960427
380.160      -2.949269
380.175      -2.938055
380.190      -2.926788
380.205      -2.915469
380.220      -2.904099
380.235      -2.892679
380.250      -2.881211
380.265      -2.869696
380.280      -2.858136
380.295      -2.846531
380.310      -2.834883
380.325      -2.823194
380.340      -2.811464
380.355      -2.799694
380.370      -2.787886
380.385      -2.776042
380.400      -2.764162
380.415      -2.752247
380.430      -2.740300
380.445      -2.728320
380.460      -2.716309
380.475      -2.704268
380.490      -2.692199
380.505      -2.680103
380.520      -2.667980
380.535      -2.655831
380.550      -2.643659
380.565      -2.631463
380.580      -2.619246
380.595      -2.607007
380.610      -2.594749
380.625      -2.582472
380.640      -2.570177
380.655      -2.557865
380.670      -2.545537
380.685      -2.533195
380.700      -2.520839
380.715      -2.508471
380.730      -2.496090
380.745      -2.483699
380.760      -2.471298
380.775      -2.458888
380.790      -2.446470
380.805      -2.434046
380.820      -2.421615
380.835      -2.409179
380.850      -2.396739
380.865      -2.384295
380.880      -2.371849
380.895      -2.359402
380.910      -2.346954
380.925      -2.334506
380.940      -2.322059
380.955      -2.309614
380.970      -2.297173
380.985      -2.284734
381.000      -2.272301
381.015      -2.259873
381.030      -2.247451
381.045      -2.235036
381.060      -2.222629
381.075      -2.210231
381.090      -2.197843
381.105      -2.185465
381.120      -2.173098
381.135      -2.160744
381.150      -2.148402
381.165      -2.136074
381.180      -2.123760
381.195      -2.111462
381.210      -2.099180
381.225      -2.086915
381.240      -2.074667
381.255      -2.062438
381.270      -2.050229
381.285      -2.038040
381.300      -2.025871
381.315      -2.013725
381.330      -2.001601
381.345      -1.989501
381.360      -1.977424
381.375      -1.965373
381.390      -1.953348
381.405      -1.941349
381.420      -1.929378
381.435      -1.917435
381.450      -1.905521
381.465      -1.893637
381.480      -1.881784
381.495      -1.869963
381.510      -1.858174
381.525      -1.846419
381.540      -1.834697
381.555      -1.823011
381.570      -1.811360
381.585      -1.799746
381.600      -1.788169
381.615      -1.776631
381.630      -1.765133
381.645      -1.753674
381.660      -1.742256
381.675      -1.730881
381.690      -1.719548
381.705      -1.708258
381.720      -1.697014
381.735      -1.685814
381.750      -1.674661
381.765      -1.663556
381.780      -1.652498
381.795      -1.641490
381.810      -1.630531
381.825      -1.619624
381.840      -1.608768
381.855      -1.597965
381.870      -1.587216
381.885      -1.576522
381.900      -1.565883
381.915      -1.555301
381.930      -1.544776
381.945      -1.534310
381.960      -1.523903
381.975      -1.513556
381.990      -1.503271
382.005      -1.493048
382.020      -1.482889
382.035      -1.472794
382.050      -1.462764
382.065      -1.452800
382.080      -1.442904
382.095      -1.433076
382.110      -1.423316
382.125      -1.413628
382.140      -1.404010
382.155      -1.394464
382.170      -1.384992
382.185      -1.375594
382.200      -1.366271
382.215      -1.357024
382.230      -1.347854
382.245      -1.338762
382.260      -1.329749
382.275      -1.320816
382.290      -1.311965
382.305      -1.303195
382.320      -1.294508
382.335      -1.285905
382.350      -1.277387
382.365      -1.268956
382.380      -1.260610
382.395      -1.252353
382.410      -1.244185
382.425      -1.236106
382.440      -1.228117
382.455      -1.220221
382.470      -1.212417
382.485      -1.204706
382.500      -1.197089
382.515      -1.189568
382.530      -1.182143
382.545      -1.174815
382.560      -1.167585
382.575      -1.160453
382.590      -1.153421
382.605      -1.146490
382.620      -1.139660
382.635      -1.132932
382.650      -1.126307
382.665      -1.119786
382.680      -1.113369
382.695      -1.107057
382.710      -1.100852
382.725      -1.094754
382.740      -1.088763
382.755      -1.082880
382.770      -1.077106
382.785      -1.071442
382.800      -1.065889
382.815      -1.060446
382.830      -1.055115
382.845      -1.049897
382.860      -1.044791
382.875      -1.039799
382.890      -1.034922
382.905      -1.030158
382.920      -1.025511
382.935      -1.020978
382.950      -1.016563
382.965      -1.012264
382.980      -1.008082
382.995      -1.004018
383.010      -1.000072
383.025      -0.996245
383.040      -0.992536
383.055      -0.988947
383.070      -0.985478
383.085      -0.982129
383.100      -0.978900
383.115      -0.975792
383.130      -0.972805
383.145      -0.969939
383.160      -0.967194
383.175      -0.964571
383.190      -0.962070
383.205      -0.959691
383.220      -0.957434
383.235      -0.955299
383.250      -0.953286
383.265      -0.951396
383.280      -0.949629
383.295      -0.947984
383.310      -0.946462
383.325      -0.945062
383.340      -0.943784
383.355      -0.942630
383.370      -0.941597
383.385      -0.940687
383.400      -0.939899
383.415      -0.939233
383.430      -0.938688
383.445      -0.938266
383.460      -0.937964
383.475      -0.937784
383.490      -0.937725
383.505      -0.937787
383.520      -0.937968
383.535      -0.938270
383.550      -0.938692
383.565      -0.939232
383.580      -0.939892
383.595      -0.940670
383.610      -0.941566
383.625      -0.942579
383.640      -0.943710
383.655      -0.944957
383.670      -0.946320
383.685      -0.947799
383.700      -0.949392
383.715      -0.951100
383.730      -0.952922
383.745      -0.954856
383.760      -0.956903
383.775      -0.959061
383.790      -0.961331
383.805      -0.963711
383.820      -0.966200
383.835      -0.968798
383.850      -0.971504
383.865      -0.974317
383.880      -0.977237
383.895      -0.980262
383.910      -0.983392
383.925      -0.986625
383.940      -0.989962
383.955      -0.993400
383.970      -0.996939
383.985      -1.000579
384.000      -1.004317
384.015      -1.008154
384.030      -1.012088
384.045      -1.016118
384.060      -1.020243
384.075      -1.024461
384.090      -1.028773
384.105      -1.033177
384.120      -1.037671
384.135      -1.042255
384.150      -1.046928
384.165      -1.051687
384.180      -1.056533
384.195      -1.061464
384.210      -1.066479
384.225      -1.071576
384.240      -1.076755
384.255      -1.082014
384.270      -1.087352
384.285      -1.092767
384.300      -1.098259
384.315      -1.103826
384.330      -1.109467
384.345      -1.115180
384.360      -1.120965
384.375      -1.126819
384.390      -1.132742
384.405      -1.138732
384.420      -1.144788
384.435      -1.150908
384.450      -1.157092
384.465      -1.163337
384.480      -1.169643
384.495      -1.176007
384.510      -1.182429
384.525      -1.188908
384.540      -1.195441
384.555      -1.202027
384.570      -1.208665
384.585      -1.215354
384.600      -1.222091
384.615      -1.228876
384.630      -1.235707
384.645      -1.242583
384.660      -1.249502
384.675      -1.256462
384.690      -1.263463
384.705      -1.270502
384.720      -1.277578
384.735      -1.284690
384.750      -1.291837
384.765      -1.299016
384.780      -1.306226
384.795      -1.313466
384.810      -1.320734
384.825      -1.328029
384.840      -1.335349
384.855      -1.342693
384.870      -1.350059
384.885      -1.357446
384.900      -1.364851
384.915      -1.372275
384.930      -1.379714
384.945      -1.387168
384.960      -1.394635
384.975      -1.402114
384.990      -1.409602
385.005      -1.417099
385.020      -1.424603
385.035      -1.432113
385.050      -1.439626
385.065      -1.447142
385.080      -1.454659
385.095      -1.462175
385.110      -1.469690
385.125      -1.477200
385.140      -1.484706
385.155      -1.492205
385.170      -1.499696
385.185      -1.507177
385.200      -1.514647
385.215      -1.522105
385.230      -1.529548
385.245      -1.536977
385.260      -1.544388
385.275      -1.551781
385.290      -1.559153
385.305      -1.566505
385.320      -1.573834
385.335      -1.581138
385.350      -1.588417
385.365      -1.595669
385.380      -1.602892
385.395      -1.610085
385.410      -1.617247
385.425      -1.624377
385.440      -1.631472
385.455      -1.638531
385.470      -1.645554
385.485      -1.652539
385.500      -1.659483
385.515      -1.666387
385.530      -1.673249
385.545      -1.680067
385.560      -1.686840
385.575      -1.693567
385.590      -1.700247
385.605      -1.706877
385.620      -1.713458
385.635      -1.719987
385.650      -1.726464
385.665      -1.732886
385.680      -1.739254
385.695      -1.745566
385.710      -1.751820
385.725      -1.758016
385.740      -1.764152
385.755      -1.770227
385.770      -1.776240
385.785      -1.782190
385.800      -1.788075
385.815      -1.793895
385.830      -1.799649
385.845      -1.805336
385.860      -1.810953
385.875      -1.816502
385.890      -1.821980
385.905      -1.827386
385.920      -1.832720
385.935      -1.837980
385.950      -1.843166
385.965      -1.848277
385.980      -1.853312
385.995      -1.858270
386.010      -1.863149
386.025      -1.867950
386.040      -1.872672
386.055      -1.877313
386.070      -1.881873
386.085      -1.886352
386.100      -1.890748
386.115      -1.895060
386.130      -1.899289
386.145      -1.903432
386.160      -1.907491
386.175      -1.911464
386.190      -1.915350
386.205      -1.919149
386.220      -1.922861
386.235      -1.926485
386.250      -1.930020
386.265      -1.933465
386.280      -1.936822
386.295      -1.940088
386.310      -1.943264
386.325      -1.946349
386.340      -1.949343
386.355      -1.952245
386.370      -1.955056
386.385      -1.957774
386.400      -1.960400
386.415      -1.962934
386.430      -1.965375
386.445      -1.967723
386.460      -1.969978
386.475      -1.972139
386.490      -1.974208
386.505      -1.976182
386.520      -1.978064
386.535      -1.979852
386.550      -1.981546
386.565      -1.983147
386.580      -1.984654
386.595      -1.986068
386.610      -1.987389
386.625      -1.988616
386.640      -1.989751
386.655      -1.990793
386.670      -1.991742
386.685      -1.992599
386.700      -1.993364
386.715      -1.994037
386.730      -1.994618
386.745      -1.995109
386.760      -1.995508
386.775      -1.995818
386.790      -1.996037
386.805      -1.996166
386.820      -1.996207
386.835      -1.996159
386.850      -1.996023
386.865      -1.995799
386.880      -1.995489
386.895      -1.995092
386.910      -1.994609
386.925      -1.994042
386.940      -1.993390
386.955      -1.992654
386.970      -1.991835
386.985      -1.990934
387.000      -1.989951
387.015      -1.988888
387.030      -1.987745
387.045      -1.986523
387.060      -1.985222
387.075      -1.983845
387.090      -1.982391
387.105      -1.980861
387.120      -1.979258
387.135      -1.977580
387.150      -1.975830
387.165      -1.974009
387.180      -1.972117
387.195      -1.970156
387.210      -1.968126
387.225      -1.966030
387.240      -1.963867
387.255      -1.961639
387.270      -1.959348
387.285      -1.956994
387.300      -1.954578
387.315      -1.952103
387.330      -1.949569
387.345      -1.946977
387.360      -1.944329
387.375      -1.941625
387.390      -1.938868
387.405      -1.936059
387.420      -1.933199
387.435      -1.930289
387.450      -1.927331
387.465      -1.924325
387.480      -1.921275
387.495      -1.918180
387.510      -1.915043
387.525      -1.911865
387.540      -1.908647
387.555      -1.905391
387.570      -1.902099
387.585      -1.898771
387.600      -1.895409
387.615      -1.892016
387.630      -1.888592
387.645      -1.885139
387.660      -1.881659
387.675      -1.878153
387.690      -1.874623
387.705      -1.871071
387.720      -1.867497
387.735      -1.863904
387.750      -1.860293
387.765      -1.856667
387.780      -1.853026
387.795      -1.849372
387.810      -1.845707
387.825      -1.842033
387.840      -1.838351
387.855      -1.834663
387.870      -1.830970
387.885      -1.827275
387.900      -1.823579
387.915      -1.819884
387.930      -1.816191
387.945      -1.812502
387.960      -1.808819
387.975      -1.805144
387.990      -1.801478
388.005      -1.797823
388.020      -1.794181
388.035      -1.790553
388.050      -1.786941
388.065      -1.783347
388.080      -1.779773
388.095      -1.776219
388.110      -1.772689
388.125      -1.769184
388.140      -1.765704
388.155      -1.762253
388.170      -1.758832
388.185      -1.755442
388.200      -1.752085
388.215      -1.748763
388.230      -1.745477
388.245      -1.742229
388.260      -1.739021
388.275      -1.735855
388.290      -1.732731
388.305      -1.729652
388.320      -1.726620
388.335      -1.723635
388.350      -1.720699
388.365      -1.717815
388.380      -1.714983
388.395      -1.712205
388.410      -1.709483
388.425      -1.706818
388.440      -1.704211
388.455      -1.701665
388.470      -1.699181
388.485      -1.696759
388.500      -1.694402
388.515      -1.692111
388.530      -1.689887
388.545      -1.687732
388.560      -1.685647
388.575      -1.683634
388.590      -1.681693
388.605      -1.679826
388.620      -1.678035
388.635      -1.676320
388.650      -1.674683
388.665      -1.673125
388.680      -1.671647
388.695      -1.670251
388.710      -1.668937
388.725      -1.667707
388.740      -1.666562
388.755      -1.665502
388.770      -1.664529
388.785      -1.663644
388.800      -1.662848
388.815      -1.662142
388.830      -1.661526
388.845      -1.661001
388.860      -1.660570
388.875      -1.660231
388.890      -1.659986
388.905      -1.659836
388.920      -1.659782
388.935      -1.659824
388.950      -1.659963
388.965      -1.660199
388.980      -1.660533
388.995      -1.660966
389.010      -1.661499
389.025      -1.662130
389.040      -1.662863
389.055      -1.663695
389.070      -1.664629
389.085      -1.665664
389.100      -1.666801
389.115      -1.668039
389.130      -1.669380
389.145      -1.670823
389.160      -1.672369
389.175      -1.674018
389.190      -1.675769
389.205      -1.677623
389.220      -1.679580
389.235      -1.681640
389.250      -1.683802
389.265      -1.686068
389.280      -1.688436
389.295      -1.690906
389.310      -1.693479
389.325      -1.696153
389.340      -1.698929
389.355      -1.701807
389.370      -1.704786
389.385      -1.707865
389.400      -1.711044
389.415      -1.714323
389.430      -1.717701
389.445      -1.721178
389.460      -1.724752
389.475      -1.728424
389.490      -1.732193
389.505      -1.736058
389.520      -1.740018
389.535      -1.744072
389.550      -1.748221
389.565      -1.752462
389.580      -1.756795
389.595      -1.761219
389.610      -1.765733
389.625      -1.770336
389.640      -1.775027
389.655      -1.779805
389.670      -1.784669
389.685      -1.789617
389.700      -1.794650
389.715      -1.799764
389.730      -1.804960
389.745      -1.810236
389.760      -1.815590
389.775      -1.821021
389.790      -1.826528
389.805      -1.832110
389.820      -1.837765
389.835      -1.843492
389.850      -1.849288
389.865      -1.855154
389.880      -1.861086
389.895      -1.867084
389.910      -1.873146
389.925      -1.879271
389.940      -1.885456
389.955      -1.891701
389.970      -1.898003
389.985      -1.904360
390.000      -1.910772
390.015      -1.917236
390.030      -1.923750
390.045      -1.930314
390.060      -1.936924
390.075      -1.943579
390.090      -1.950278
390.105      -1.957018
390.120      -1.963798
390.135      -1.970616
390.150      -1.977469
390.165      -1.984356
390.180      -1.991276
390.195      -1.998225
390.210      -2.005203
390.225      -2.012207
390.240      -2.019235
390.255      -2.026286
390.270      -2.033356
390.285      -2.040446
390.300      -2.047551
390.315      -2.054671
390.330      -2.061804
390.345      -2.068947
390.360      -2.076098
390.375      -2.083256
390.390      -2.090419
390.405      -2.097583
390.420      -2.104749
390.435      -2.111913
390.450      -2.119074
390.465      -2.126229
390.480      -2.133377
390.495      -2.140516
390.510      -2.147643
390.525      -2.154758
390.540      -2.161857
390.555      -2.168940
390.570      -2.176003
390.585      -2.183046
390.600      -2.190066
390.615      -2.197062
390.630      -2.204031
390.645      -2.210972
390.660      -2.217883
390.675      -2.224763
390.690      -2.231609
390.705      -2.238419
390.720      -2.245193
390.735      -2.251928
390.750      -2.258622
390.765      -2.265275
390.780      -2.271884
390.795      -2.278447
390.810      -2.284964
390.825      -2.291432
390.840      -2.297851
390.855      -2.304217
390.870      -2.310531
390.885      -2.316791
390.900      -2.322994
390.915      -2.329141
390.930      -2.335229
390.945      -2.341257
390.960      -2.347224
390.975      -2.353128
390.990      -2.358969
391.005      -2.364745
391.020      -2.370455
391.035      -2.376098
391.050      -2.381673
391.065      -2.387179
391.080      -2.392614
391.095      -2.397978
391.110      -2.403270
391.125      -2.408489
391.140      -2.413635
391.155      -2.418705
391.170      -2.423700
391.185      -2.428619
391.200      -2.433461
391.215      -2.438226
391.230      -2.442912
391.245      -2.447520
391.260      -2.452049
391.275      -2.456497
391.290      -2.460866
391.305      -2.465154
391.320      -2.469361
391.335      -2.473487
391.350      -2.477531
391.365      -2.481494
391.380      -2.485375
391.395      -2.489173
391.410      -2.492890
391.425      -2.496524
391.440      -2.500076
391.455      -2.503545
391.470      -2.506933
391.485      -2.510238
391.500      -2.513462
391.515      -2.516603
391.530      -2.519664
391.545      -2.522642
391.560      -2.525541
391.575      -2.528358
391.590      -2.531095
391.605      -2.533753
391.620      -2.536331
391.635      -2.538831
391.650      -2.541253
391.665      -2.543597
391.680      -2.545864
391.695      -2.548055
391.710      -2.550170
391.725      -2.552211
391.740      -2.554178
391.755      -2.556071
391.770      -2.557892
391.785      -2.559642
391.800      -2.561322
391.815      -2.562932
391.830      -2.564474
391.845      -2.565948
391.860      -2.567356
391.875      -2.568698
391.890      -2.569977
391.905      -2.571193
391.920      -2.572346
391.935      -2.573440
391.950      -2.574474
391.965      -2.575450
391.980      -2.576370
391.995      -2.577235
392.010      -2.578045
392.025      -2.578803
392.040      -2.579510
392.055      -2.580167
392.070      -2.580776
392.085      -2.581338
392.100      -2.581856
392.115      -2.582329
392.130      -2.582760
392.145      -2.583151
392.160      -2.583503
392.175      -2.583818
392.190      -2.584097
392.205      -2.584341
392.220      -2.584554
392.235      -2.584735
392.250      -2.584888
392.265      -2.585013
392.280      -2.585113
392.295      -2.585188
392.310      -2.585241
392.325      -2.585274
392.340      -2.585288
392.355      -2.585285
392.370      -2.585267
392.385      -2.585235
392.400      -2.585191
392.415      -2.585138
392.430      -2.585076
392.445      -2.585007
392.460      -2.584934
392.475      -2.584858
392.490      -2.584781
392.505      -2.584704
392.520      -2.584630
392.535      -2.584559
392.550      -2.584495
392.565      -2.584438
392.580      -2.584390
392.595      -2.584353
392.610      -2.584328
392.625      -2.584318
392.640      -2.584325
392.655      -2.584348
392.670      -2.584391
392.685      -2.584455
392.700      -2.584542
392.715      -2.584653
392.730      -2.584789
392.745      -2.584953
392.760      -2.585146
392.775      -2.585369
392.790      -2.585624
392.805      -2.585913
392.820      -2.586236
392.835      -2.586596
392.850      -2.586993
392.865      -2.587429
392.880      -2.587906
392.895      -2.588424
392.910      -2.588985
392.925      -2.589591
392.940      -2.590242
392.955      -2.590939
392.970      -2.591685
392.985      -2.592479
393.000      -2.593324
393.015      -2.594219
393.030      -2.595167
393.045      -2.596168
393.060      -2.597222
393.075      -2.598332
393.090      -2.599498
393.105      -2.600720
393.120      -2.601999
393.135      -2.603337
393.150      -2.604734
393.165      -2.606190
393.180      -2.607706
393.195      -2.609283
393.210      -2.610921
393.225      -2.612621
393.240      -2.614383
393.255      -2.616207
393.270      -2.618095
393.285      -2.620045
393.300      -2.622059
393.315      -2.624137
393.330      -2.626278
393.345      -2.628483
393.360      -2.630752
393.375      -2.633085
393.390      -2.635482
393.405      -2.637942
393.420      -2.640466
393.435      -2.643053
393.450      -2.645704
393.465      -2.648417
393.480      -2.651193
393.495      -2.654031
393.510      -2.656930
393.525      -2.659891
393.540      -2.662912
393.555      -2.665992
393.570      -2.669132
393.585      -2.672331
393.600      -2.675587
393.615      -2.678900
393.630      -2.682270
393.645      -2.685694
393.660      -2.689172
393.675      -2.692704
393.690      -2.696287
393.705      -2.699921
393.720      -2.703605
393.735      -2.707338
393.750      -2.711117
393.765      -2.714943
393.780      -2.718813
393.795      -2.722725
393.810      -2.726680
393.825      -2.730674
393.840      -2.734707
393.855      -2.738777
393.870      -2.742882
393.885      -2.747020
393.900      -2.751190
393.915      -2.755390
393.930      -2.759617
393.945      -2.763871
393.960      -2.768150
393.975      -2.772450
393.990      -2.776771
394.005      -2.781110
394.020      -2.785464
394.035      -2.789833
394.050      -2.794214
394.065      -2.798604
394.080      -2.803002
394.095      -2.807404
394.110      -2.811809
394.125      -2.816215
394.140      -2.820619
394.155      -2.825018
394.170      -2.829410
394.185      -2.833793
394.200      -2.838164
394.215      -2.842521
394.230      -2.846861
394.245      -2.851182
394.260      -2.855480
394.275      -2.859754
394.290      -2.864000
394.305      -2.868216
394.320      -2.872399
394.335      -2.876547
394.350      -2.880657
394.365      -2.884726
394.380      -2.888751
394.395      -2.892730
394.410      -2.896659
394.425      -2.900536
394.440      -2.904359
394.455      -2.908123
394.470      -2.911828
394.485      -2.915469
394.500      -2.919043
394.515      -2.922549
394.530      -2.925982
394.545      -2.929341
394.560      -2.932623
394.575      -2.935823
394.590      -2.938941
394.605      -2.941972
394.620      -2.944914
394.635      -2.947765
394.650      -2.950520
394.665      -2.953178
394.680      -2.955736
394.695      -2.958191
394.710      -2.960540
394.725      -2.962780
394.740      -2.964908
394.755      -2.966922
394.770      -2.968820
394.785      -2.970597
394.800      -2.972252
394.815      -2.973782
394.830      -2.975184
394.845      -2.976456
394.860      -2.977595
394.875      -2.978599
394.890      -2.979464
394.905      -2.980188
394.920      -2.980770
394.935      -2.981206
394.950      -2.981493
394.965      -2.981631
394.980      -2.981615
394.995      -2.981444
395.010      -2.981116
395.025      -2.980628
395.040      -2.979978
395.055      -2.979164
395.070      -2.978184
395.085      -2.977035
395.100      -2.975716
395.115      -2.974224
395.130      -2.972558
395.145      -2.970716
395.160      -2.968695
395.175      -2.966494
395.190      -2.964111
395.205      -2.961545
395.220      -2.958794
395.235      -2.955856
395.250      -2.952729
395.265      -2.949412
395.280      -2.945904
395.295      -2.942203
395.310      -2.938308
395.325      -2.934218
395.340      -2.929930
395.355      -2.925445
395.370      -2.920761
395.385      -2.915877
395.400      -2.910792
395.415      -2.905505
395.430      -2.900016
395.445      -2.894322
395.460      -2.888425
395.475      -2.882322
395.490      -2.876014
395.505      -2.869500
395.520      -2.862779
395.535      -2.855851
395.550      -2.848716
395.565      -2.841373
395.580      -2.833823
395.595      -2.826065
395.610      -2.818098
395.625      -2.809924
395.640      -2.801543
395.655      -2.792953
395.670      -2.784156
395.685      -2.775153
395.700      -2.765942
395.715      -2.756525
395.730      -2.746903
395.745      -2.737075
395.760      -2.727043
395.775      -2.716808
395.790      -2.706369
395.805      -2.695729
395.820      -2.684887
395.835      -2.673846
395.850      -2.662606
395.865      -2.651169
395.880      -2.639535
395.895      -2.627706
395.910      -2.615684
395.925      -2.603469
395.940      -2.591064
395.955      -2.578470
395.970      -2.565689
395.985      -2.552723
396.000      -2.539574
396.015      -2.526242
396.030      -2.512731
396.045      -2.499043
396.060      -2.485179
396.075      -2.471143
396.090      -2.456935
396.105      -2.442559
396.120      -2.428017
396.135      -2.413311
396.150      -2.398444
396.165      -2.383419
396.180      -2.368239
396.195      -2.352905
396.210      -2.337421
396.225      -2.321790
396.240      -2.306015
396.255      -2.290098
396.270      -2.274043
396.285      -2.257853
396.300      -2.241532
396.315      -2.225081
396.330      -2.208506
396.345      -2.191808
396.360      -2.174992
396.375      -2.158061
396.390      -2.141018
396.405      -2.123867
396.420      -2.106612
396.435      -2.089257
396.450      -2.071804
396.465      -2.054259
396.480      -2.036624
396.495      -2.018903
396.510      -2.001102
396.525      -1.983222
396.540      -1.965269
396.555      -1.947247
396.570      -1.929159
396.585      -1.911009
396.600      -1.892803
396.615      -1.874543
396.630      -1.856234
396.645      -1.837881
396.660      -1.819488
396.675      -1.801059
396.690      -1.782598
396.705      -1.764109
396.720      -1.745598
396.735      -1.727068
396.750      -1.708524
396.765      -1.689971
396.780      -1.671412
396.795      -1.652852
396.810      -1.634296
396.825      -1.615748
396.840      -1.597213
396.855      -1.578695
396.870      -1.560199
396.885      -1.541729
396.900      -1.523291
396.915      -1.504887
396.930      -1.486523
396.945      -1.468204
396.960      -1.449933
396.975      -1.431717
396.990      -1.413558
397.005      -1.395461
397.020      -1.377432
397.035      -1.359474
397.050      -1.341592
397.065      -1.323791
397.080      -1.306075
397.095      -1.288448
397.110      -1.270914
397.125      -1.253479
397.140      -1.236147
397.155      -1.218921
397.170      -1.201806
397.185      -1.184807
397.200      -1.167928
397.215      -1.151173
397.230      -1.134546
397.245      -1.118051
397.260      -1.101693
397.275      -1.085475
397.290      -1.069402
397.305      -1.053478
397.320      -1.037706
397.335      -1.022091
397.350      -1.006636
397.365      -0.991346
397.380      -0.976223
397.395      -0.961273
397.410      -0.946497
397.425      -0.931901
397.440      -0.917488
397.455      -0.903261
397.470      -0.889224
397.485      -0.875380
397.500      -0.861732
397.515      -0.848284
397.530      -0.835039
397.545      -0.822000
397.560      -0.809171
397.575      -0.796554
397.590      -0.784152
397.605      -0.771968
397.620      -0.760006
397.635      -0.748267
397.650      -0.736755
397.665      -0.725472
397.680      -0.714420
397.695      -0.703603
397.710      -0.693023
397.725      -0.682681
397.740      -0.672581
397.755      -0.662724
397.770      -0.653112
397.785      -0.643748
397.800      -0.634633
397.815      -0.625769
397.830      -0.617159
397.845      -0.608803
397.860      -0.600704
397.875      -0.592863
397.890      -0.585280
397.905      -0.577959
397.920      -0.570900
397.935      -0.564103
397.950      -0.557571
397.965      -0.551304
397.980      -0.545304
397.995      -0.539570
398.010      -0.534105
398.025      -0.528908
398.040      -0.523980
398.055      -0.519321
398.070      -0.514933
398.085      -0.510815
398.100      -0.506967
398.115      -0.503390
398.130      -0.500084
398.145      -0.497049
398.160      -0.494284
398.175      -0.491789
398.190      -0.489565
398.205      -0.487611
398.220      -0.485925
398.235      -0.484509
398.250      -0.483360
398.265      -0.482479
398.280      -0.481865
398.295      -0.481516
398.310      -0.481432
398.325      -0.481611
398.340      -0.482053
398.355      -0.482756
398.370      -0.483719
398.385      -0.484941
398.400      -0.486419
398.415      -0.488153
398.430      -0.490141
398.445      -0.492382
398.460      -0.494872
398.475      -0.497611
398.490      -0.500597
398.505      -0.503827
398.520      -0.507299
398.535      -0.511012
398.550      -0.514963
398.565      -0.519149
398.580      -0.523569
398.595      -0.528219
398.610      -0.533098
398.625      -0.538203
398.640      -0.543531
398.655      -0.549079
398.670      -0.554845
398.685      -0.560826
398.700      -0.567019
398.715      -0.573420
398.730      -0.580028
398.745      -0.586838
398.760      -0.593848
398.775      -0.601055
398.790      -0.608454
398.805      -0.616044
398.820      -0.623821
398.835      -0.631781
398.850      -0.639921
398.865      -0.648237
398.880      -0.656726
398.895      -0.665384
398.910      -0.674208
398.925      -0.683195
398.940      -0.692339
398.955      -0.701639
398.970      -0.711089
398.985      -0.720687
399.000      -0.730428
399.015      -0.740309
399.030      -0.750326
399.045      -0.760474
399.060      -0.770751
399.075      -0.781151
399.090      -0.791672
399.105      -0.802308
399.120      -0.813057
399.135      -0.823915
399.150      -0.834876
399.165      -0.845937
399.180      -0.857095
399.195      -0.868345
399.210      -0.879683
399.225      -0.891105
399.240      -0.902607
399.255      -0.914184
399.270      -0.925834
399.285      -0.937552
399.300      -0.949333
399.315      -0.961174
399.330      -0.973071
399.345      -0.985020
399.360      -0.997017
399.375      -1.009057
399.390      -1.021137
399.405      -1.033253
399.420      -1.045400
399.435      -1.057576
399.450      -1.069775
399.465      -1.081995
399.480      -1.094231
399.495      -1.106480
399.510      -1.118737
399.525      -1.130999
399.540      -1.143262
399.555      -1.155522
399.570      -1.167776
399.585      -1.180021
399.600      -1.192251
399.615      -1.204465
399.630      -1.216657
399.645      -1.228826
399.660      -1.240967
399.675      -1.253077
399.690      -1.265152
399.705      -1.277189
399.720      -1.289186
399.735      -1.301138
399.750      -1.313042
399.765      -1.324896
399.780      -1.336696
399.795      -1.348440
399.810      -1.360123
399.825      -1.371744
399.840      -1.383299
399.855      -1.394786
399.870      -1.406201
399.885      -1.417543
399.900      -1.428807
399.915      -1.439993
399.930      -1.451097
399.945      -1.462117
399.960      -1.473050
399.975      -1.483894
399.990      -1.494647
400.005      -1.505307
400.020      -1.515871
400.035      -1.526337
400.050      -1.536703
400.065      -1.546968
400.080      -1.557129
400.095      -1.567184
400.110      -1.577133
400.125      -1.586972
400.140      -1.596701
400.155      -1.606318
400.170      -1.615821
400.185      -1.625209
400.200      -1.634481
400.215      -1.643635
400.230      -1.652670
400.245      -1.661586
400.260      -1.670380
400.275      -1.679052
400.290      -1.687601
400.305      -1.696027
400.320      -1.704327
400.335      -1.712503
400.350      -1.720552
400.365      -1.728475
400.380      -1.736271
400.395      -1.743939
400.410      -1.751480
400.425      -1.758892
400.440      -1.766176
400.455      -1.773331
400.470      -1.780358
400.485      -1.787256
400.500      -1.794025
400.515      -1.800666
400.530      -1.807179
400.545      -1.813563
400.560      -1.819820
400.575      -1.825950
400.590      -1.831952
400.605      -1.837829
400.620      -1.843579
400.635      -1.849205
400.650      -1.854706
400.665      -1.860083
400.680      -1.865337
400.695      -1.870470
400.710      -1.875482
400.725      -1.880373
400.740      -1.885146
400.755      -1.889801
400.770      -1.894339
400.785      -1.898762
400.800      -1.903071
400.815      -1.907268
400.830      -1.911353
400.845      -1.915328
400.860      -1.919195
400.875      -1.922956
400.890      -1.926611
400.905      -1.930162
400.920      -1.933612
400.935      -1.936962
400.950      -1.940214
400.965      -1.943369
400.980      -1.946430
400.995      -1.949399
401.010      -1.952276
401.025      -1.955066
401.040      -1.957768
401.055      -1.960386
401.070      -1.962922
401.085      -1.965377
401.100      -1.967755
401.115      -1.970057
401.130      -1.972285
401.145      -1.974441
401.160      -1.976529
401.175      -1.978550
401.190      -1.980507
401.205      -1.982401
401.220      -1.984236
401.235      -1.986014
401.250      -1.987737
401.265      -1.989408
401.280      -1.991029
401.295      -1.992602
401.310      -1.994131
401.325      -1.995617
401.340      -1.997063
401.355      -1.998472
401.370      -1.999846
401.385      -2.001188
401.400      -2.002500
401.415      -2.003785
401.430      -2.005045
401.445      -2.006282
401.460      -2.007501
401.475      -2.008702
401.490      -2.009888
401.505      -2.011062
401.520      -2.012227
401.535      -2.013385
401.550      -2.014538
401.565      -2.015689
401.580      -2.016840
401.595      -2.017994
401.610      -2.019154
401.625      -2.020321
401.640      -2.021498
401.655      -2.022687
401.670      -2.023892
401.685      -2.025113
401.700      -2.026354
401.715      -2.027617
401.730      -2.028903
401.745      -2.030216
401.760      -2.031557
401.775      -2.032929
401.790      -2.034333
401.805      -2.035772
401.820      -2.037248
401.835      -2.038762
401.850      -2.040318
401.865      -2.041916
401.880      -2.043559
401.895      -2.045248
401.910      -2.046986
401.925      -2.048774
401.940      -2.050614
401.955      -2.052508
401.970      -2.054457
401.985      -2.056462
402.000      -2.058527
402.015      -2.060651
402.030      -2.062836
402.045      -2.065085
402.060      -2.067398
402.075      -2.069776
402.090      -2.072221
402.105      -2.074734
402.120      -2.077316
402.135      -2.079969
402.150      -2.082692
402.165      -2.085489
402.180      -2.088358
402.195      -2.091302
402.210      -2.094320
402.225      -2.097415
402.240      -2.100586
402.255      -2.103834
402.270      -2.107160
402.285      -2.110564
402.300      -2.114047
402.315      -2.117609
402.330      -2.121251
402.345      -2.124973
402.360      -2.128775
402.375      -2.132658
402.390      -2.136621
402.405      -2.140665
402.420      -2.144789
402.435      -2.148994
402.450      -2.153280
402.465      -2.157646
402.480      -2.162092
402.495      -2.166618
402.510      -2.171224
402.525      -2.175909
402.540      -2.180673
402.555      -2.185515
402.570      -2.190435
402.585      -2.195433
402.600      -2.200507
402.615      -2.205656
402.630      -2.210881
402.645      -2.216180
402.660      -2.221552
402.675      -2.226997
402.690      -2.232514
402.705      -2.238101
402.720      -2.243757
402.735      -2.249481
402.750      -2.255273
402.765      -2.261131
402.780      -2.267053
402.795      -2.273038
402.810      -2.279086
402.825      -2.285194
402.840      -2.291361
402.855      -2.297586
402.870      -2.303867
402.885      -2.310202
402.900      -2.316590
402.915      -2.323029
402.930      -2.329518
402.945      -2.336055
402.960      -2.342638
402.975      -2.349265
402.990      -2.355934
403.005      -2.362644
403.020      -2.369392
403.035      -2.376177
403.050      -2.382997
403.065      -2.389850
403.080      -2.396733
403.095      -2.403645
403.110      -2.410583
403.125      -2.417546
403.140      -2.424531
403.155      -2.431536
403.170      -2.438559
403.185      -2.445599
403.200      -2.452651
403.215      -2.459716
403.230      -2.466789
403.245      -2.473869
403.260      -2.480954
403.275      -2.488042
403.290      -2.495129
403.305      -2.502215
403.320      -2.509295
403.335      -2.516369
403.350      -2.523434
403.365      -2.530488
403.380      -2.537527
403.395      -2.544551
403.410      -2.551556
403.425      -2.558540
403.440      -2.565501
403.455      -2.572437
403.470      -2.579345
403.485      -2.586223
403.500      -2.593068
403.515      -2.599879
403.530      -2.606653
403.545      -2.613387
403.560      -2.620080
403.575      -2.626729
403.590      -2.633332
403.605      -2.639887
403.620      -2.646391
403.635      -2.652842
403.650      -2.659238
403.665      -2.665578
403.680      -2.671858
403.695      -2.678076
403.710      -2.684231
403.725      -2.690320
403.740      -2.696342
403.755      -2.702293
403.770      -2.708173
403.785      -2.713980
403.800      -2.719710
403.815      -2.725363
403.830      -2.730936
403.845      -2.736428
403.860      -2.741836
403.875      -2.747159
403.890      -2.752395
403.905      -2.757543
403.920      -2.762600
403.935      -2.767565
403.950      -2.772436
403.965      -2.777212
403.980      -2.781891
403.995      -2.786471
404.010      -2.790952
404.025      -2.795330
404.040      -2.799606
404.055      -2.803778
404.070      -2.807844
404.085      -2.811802
404.100      -2.815653
404.115      -2.819394
404.130      -2.823024
404.145      -2.826543
404.160      -2.829948
404.175      -2.833240
404.190      -2.836416
404.205      -2.839477
404.220      -2.842421
404.235      -2.845246
404.250      -2.847953
404.265      -2.850541
404.280      -2.853008
404.295      -2.855355
404.310      -2.857580
404.325      -2.859682
404.340      -2.861662
404.355      -2.863518
404.370      -2.865251
404.385      -2.866859
404.400      -2.868343
404.415      -2.869702
404.430      -2.870935
404.445      -2.872043
404.460      -2.873025
404.475      -2.873881
404.490      -2.874612
404.505      -2.875216
404.520      -2.875693
404.535      -2.876045
404.550      -2.876271
404.565      -2.876370
404.580      -2.876344
404.595      -2.876192
404.610      -2.875915
404.625      -2.875513
404.640      -2.874986
404.655      -2.874334
404.670      -2.873558
404.685      -2.872659
404.700      -2.871636
404.715      -2.870491
404.730      -2.869224
404.745      -2.867835
404.760      -2.866326
404.775      -2.864696
404.790      -2.862947
404.805      -2.861080
404.820      -2.859094
404.835      -2.856992
404.850      -2.854773
404.865      -2.852440
404.880      -2.849991
404.895      -2.847430
404.910      -2.844756
404.925      -2.841971
404.940      -2.839076
404.955      -2.836071
404.970      -2.832959
404.985      -2.829739
405.000      -2.826414
405.015      -2.822985
405.030      -2.819452
405.045      -2.815817
405.060      -2.812082
405.075      -2.808247
405.090      -2.804314
405.105      -2.800285
405.120      -2.796161
405.135      -2.791942
405.150      -2.787632
405.165      -2.783230
405.180      -2.778739
405.195      -2.774160
405.210      -2.769494
405.225      -2.764743
405.240      -2.759910
405.255      -2.754994
405.270      -2.749998
405.285      -2.744923
405.300      -2.739771
405.315      -2.734544
405.330      -2.729242
405.345      -2.723869
405.360      -2.718425
405.375      -2.712912
405.390      -2.707331
405.405      -2.701685
405.420      -2.695975
405.435      -2.690203
405.450      -2.684370
405.465      -2.678478
405.480      -2.672529
405.495      -2.666524
405.510      -2.660465
405.525      -2.654354
405.540      -2.648193
405.555      -2.641983
405.570      -2.635725
405.585      -2.629422
405.600      -2.623075
405.615      -2.616686
405.630      -2.610257
405.645      -2.603788
405.660      -2.597283
405.675      -2.590741
405.690      -2.584166
405.705      -2.577559
405.720      -2.570921
405.735      -2.564254
405.750      -2.557559
405.765      -2.550839
405.780      -2.544094
405.795      -2.537326
405.810      -2.530537
405.825      -2.523728
405.840      -2.516901
405.855      -2.510058
405.870      -2.503199
405.885      -2.496326
405.900      -2.489441
405.915      -2.482545
405.930      -2.475640
405.945      -2.468726
405.960      -2.461806
405.975      -2.454880
405.990      -2.447951
406.005      -2.441018
406.020      -2.434084
406.035      -2.427150
406.050      -2.420217
406.065      -2.413286
406.080      -2.406358
406.095      -2.399435
406.110      -2.392518
406.125      -2.385608
406.140      -2.378706
406.155      -2.371813
406.170      -2.364929
406.185      -2.358057
406.200      -2.351197
406.215      -2.344350
406.230      -2.337518
406.245      -2.330700
406.260      -2.323897
406.275      -2.317112
406.290      -2.310344
406.305      -2.303594
406.320      -2.296864
406.335      -2.290153
406.350      -2.283463
406.365      -2.276794
406.380      -2.270146
406.395      -2.263522
406.410      -2.256920
406.425      -2.250342
406.440      -2.243789
406.455      -2.237260
406.470      -2.230757
406.485      -2.224279
406.500      -2.217827
406.515      -2.211402
406.530      -2.205004
406.545      -2.198633
406.560      -2.192289
406.575      -2.185974
406.590      -2.179686
406.605      -2.173427
406.620      -2.167197
406.635      -2.160995
406.650      -2.154822
406.665      -2.148678
406.680      -2.142563
406.695      -2.136477
406.710      -2.130421
406.725      -2.124394
406.740      -2.118395
406.755      -2.112426
406.770      -2.106486
406.785      -2.100575
406.800      -2.094693
406.815      -2.088840
406.830      -2.083015
406.845      -2.077218
406.860      -2.071450
406.875      -2.065709
406.890      -2.059996
406.905      -2.054311
406.920      -2.048653
406.935      -2.043021
406.950      -2.037415
406.965      -2.031836
406.980      -2.026283
406.995      -2.020754
407.010      -2.015250
407.025      -2.009771
407.040      -2.004316
407.055      -1.998884
407.070      -1.993475
407.085      -1.988089
407.100      -1.982724
407.115      -1.977381
407.130      -1.972059
407.145      -1.966757
407.160      -1.961474
407.175      -1.956211
407.190      -1.950967
407.205      -1.945740
407.220      -1.940531
407.235      -1.935338
407.250      -1.930162
407.265      -1.925001
407.280      -1.919855
407.295      -1.914723
407.310      -1.909604
407.325      -1.904499
407.340      -1.899405
407.355      -1.894324
407.370      -1.889253
407.385      -1.884192
407.400      -1.879141
407.415      -1.874099
407.430      -1.869065
407.445      -1.864039
407.460      -1.859019
407.475      -1.854006
407.490      -1.848999
407.505      -1.843997
407.520      -1.838999
407.535      -1.834005
407.550      -1.829014
407.565      -1.824026
407.580      -1.819040
407.595      -1.814055
407.610      -1.809071
407.625      -1.804087
407.640      -1.799103
407.655      -1.794119
407.670      -1.789132
407.685      -1.784145
407.700      -1.779154
407.715      -1.774161
407.730      -1.769165
407.745      -1.764166
407.760      -1.759162
407.775      -1.754153
407.790      -1.749140
407.805      -1.744122
407.820      -1.739098
407.835      -1.734068
407.850      -1.729032
407.865      -1.723990
407.880      -1.718941
407.895      -1.713885
407.910      -1.708822
407.925      -1.703752
407.940      -1.698674
407.955      -1.693589
407.970      -1.688496
407.985      -1.683396
408.000      -1.678287
408.015      -1.673171
408.030      -1.668048
408.045      -1.662916
408.060      -1.657777
408.075      -1.652631
408.090      -1.647477
408.105      -1.642316
408.120      -1.637147
408.135      -1.631972
408.150      -1.626790
408.165      -1.621602
408.180      -1.616408
408.195      -1.611208
408.210      -1.606003
408.225      -1.600793
408.240      -1.595578
408.255      -1.590359
408.270      -1.585136
408.285      -1.579911
408.300      -1.574683
408.315      -1.569453
408.330      -1.564221
408.345      -1.558989
408.360      -1.553756
408.375      -1.548525
408.390      -1.543294
408.405      -1.538065
408.420      -1.532840
408.435      -1.527618
408.450      -1.522400
408.465      -1.517188
408.480      -1.511982
408.495      -1.506783
408.510      -1.501591
408.525      -1.496409
408.540      -1.491237
408.555      -1.486076
408.570      -1.480927
408.585      -1.475791
408.600      -1.470670
408.615      -1.465563
408.630      -1.460473
408.645      -1.455400
408.660      -1.450347
408.675      -1.445313
408.690      -1.440300
408.705      -1.435310
408.720      -1.430344
408.735      -1.425402
408.750      -1.420487
408.765      -1.415599
408.780      -1.410740
408.795      -1.405911
408.810      -1.401114
408.825      -1.396350
408.840      -1.391620
408.855      -1.386926
408.870      -1.382269
408.885      -1.377650
408.900      -1.373072
408.915      -1.368535
408.930      -1.364041
408.945      -1.359591
408.960      -1.355187
408.975      -1.350831
408.990      -1.346523
409.005      -1.342266
409.020      -1.338060
409.035      -1.333908
409.050      -1.329811
409.065      -1.325769
409.080      -1.321786
409.095      -1.317862
409.110      -1.313999
409.125      -1.310198
409.140      -1.306461
409.155      -1.302789
409.170      -1.299184
409.185      -1.295648
409.200      -1.292181
409.215      -1.288785
409.230      -1.285463
409.245      -1.282214
409.260      -1.279042
409.275      -1.275946
409.290      -1.272929
409.305      -1.269992
409.320      -1.267137
409.335      -1.264364
409.350      -1.261676
409.365      -1.259073
409.380      -1.256558
409.395      -1.254130
409.410      -1.251793
409.425      -1.249546
409.440      -1.247392
409.455      -1.245331
409.470      -1.243365
409.485      -1.241495
409.500      -1.239723
409.515      -1.238049
409.530      -1.236474
409.545      -1.235001
409.560      -1.233630
409.575      -1.232361
409.590      -1.231197
409.605      -1.230139
409.620      -1.229186
409.635      -1.228341
409.650      -1.227604
409.665      -1.226977
409.680      -1.226460
409.695      -1.226053
409.710      -1.225759
409.725      -1.225578
409.740      -1.225510
409.755      -1.225557
409.770      -1.225718
409.785      -1.225996
409.800      -1.226391
409.815      -1.226902
409.830      -1.227532
409.845      -1.228280
409.860      -1.229147
409.875      -1.230134
409.890      -1.231241
409.905      -1.232468
409.920      -1.233816
409.935      -1.235286
409.950      -1.236878
409.965      -1.238591
409.980      -1.240427
409.995      -1.242386
410.010      -1.244467
410.025      -1.246671
410.040      -1.248999
410.055      -1.251450
410.070      -1.254024
410.085      -1.256722
410.100      -1.259543
410.115      -1.262487
410.130      -1.265555
410.145      -1.268746
410.160      -1.272060
410.175      -1.275497
410.190      -1.279057
410.205      -1.282739
410.220      -1.286543
410.235      -1.290469
410.250      -1.294516
410.265      -1.298685
410.280      -1.302974
410.295      -1.307384
410.310      -1.311913
410.325      -1.316561
410.340      -1.321328
410.355      -1.326213
410.370      -1.331215
410.385      -1.336334
410.400      -1.341569
410.415      -1.346919
410.430      -1.352383
410.445      -1.357961
410.460      -1.363652
410.475      -1.369454
410.490      -1.375368
410.505      -1.381392
410.520      -1.387524
410.535      -1.393765
410.550      -1.400113
410.565      -1.406566
410.580      -1.413125
410.595      -1.419787
410.610      -1.426551
410.625      -1.433417
410.640      -1.440383
410.655      -1.447448
410.670      -1.454611
410.685      -1.461869
410.700      -1.469223
410.715      -1.476670
410.730      -1.484209
410.745      -1.491839
410.760      -1.499558
410.775      -1.507365
410.790      -1.515259
410.805      -1.523237
410.820      -1.531298
410.835      -1.539441
410.850      -1.547664
410.865      -1.555966
410.880      -1.564344
410.895      -1.572798
410.910      -1.581325
410.925      -1.589923
410.940      -1.598592
410.955      -1.607329
410.970      -1.616133
410.985      -1.625002
411.000      -1.633933
411.015      -1.642926
411.030      -1.651978
411.045      -1.661088
411.060      -1.670253
411.075      -1.679472
411.090      -1.688743
411.105      -1.698064
411.120      -1.707433
411.135      -1.716848
411.150      -1.726307
411.165      -1.735809
411.180      -1.745351
411.195      -1.754931
411.210      -1.764548
411.225      -1.774199
411.240      -1.783882
411.255      -1.793596
411.270      -1.803338
411.285      -1.813107
411.300      -1.822900
411.315      -1.832716
411.330      -1.842551
411.345      -1.852406
411.360      -1.862276
411.375      -1.872161
411.390      -1.882058
411.405      -1.891965
411.420      -1.901880
411.435      -1.911801
411.450      -1.921727
411.465      -1.931655
411.480      -1.941583
411.495      -1.951509
411.510      -1.961431
411.525      -1.971347
411.540      -1.981255
411.555      -1.991153
411.570      -2.001040
411.585      -2.010912
411.600      -2.020769
411.615      -2.030608
411.630      -2.040427
411.645      -2.050224
411.660      -2.059998
411.675      -2.069747
411.690      -2.079468
411.705      -2.089160
411.720      -2.098820
411.735      -2.108448
411.750      -2.118041
411.765      -2.127597
411.780      -2.137114
411.795      -2.146592
411.810      -2.156027
411.825      -2.165418
411.840      -2.174764
411.855      -2.184063
411.870      -2.193312
411.885      -2.202511
411.900      -2.211658
411.915      -2.220751
411.930      -2.229788
411.945      -2.238768
411.960      -2.247689
411.975      -2.256550
411.990      -2.265349
412.005      -2.274085
412.020      -2.282757
412.035      -2.291362
412.050      -2.299899
412.065      -2.308367
412.080      -2.316765
412.095      -2.325091
412.110      -2.333344
412.125      -2.341523
412.140      -2.349626
412.155      -2.357653
412.170      -2.365601
412.185      -2.373470
412.200      -2.381259
412.215      -2.388966
412.230      -2.396591
412.245      -2.404132
412.260      -2.411589
412.275      -2.418960
412.290      -2.426244
412.305      -2.433441
412.320      -2.440549
412.335      -2.447568
412.350      -2.454498
412.365      -2.461336
412.380      -2.468082
412.395      -2.474736
412.410      -2.481297
412.425      -2.487764
412.440      -2.494137
412.455      -2.500415
412.470      -2.506597
412.485      -2.512683
412.500      -2.518672
412.515      -2.524565
412.530      -2.530359
412.545      -2.536056
412.560      -2.541654
412.575      -2.547154
412.590      -2.552554
412.605      -2.557855
412.620      -2.563057
412.635      -2.568159
412.650      -2.573161
412.665      -2.578063
412.680      -2.582865
412.695      -2.587566
412.710      -2.592167
412.725      -2.596668
412.740      -2.601069
412.755      -2.605369
412.770      -2.609569
412.785      -2.613669
412.800      -2.617668
412.815      -2.621568
412.830      -2.625369
412.845      -2.629069
412.860      -2.632671
412.875      -2.636174
412.890      -2.639578
412.905      -2.642884
412.920      -2.646092
412.935      -2.649203
412.950      -2.652217
412.965      -2.655134
412.980      -2.657954
412.995      -2.660679
413.010      -2.663309
413.025      -2.665845
413.040      -2.668286
413.055      -2.670634
413.070      -2.672889
413.085      -2.675052
413.100      -2.677123
413.115      -2.679104
413.130      -2.680994
413.145      -2.682795
413.160      -2.684508
413.175      -2.686132
413.190      -2.687670
413.205      -2.689121
413.220      -2.690486
413.235      -2.691767
413.250      -2.692964
413.265      -2.694078
413.280      -2.695111
413.295      -2.696062
413.310      -2.696932
413.325      -2.697724
413.340      -2.698437
413.355      -2.699073
413.370      -2.699632
413.385      -2.700116
413.400      -2.700526
413.415      -2.700862
413.430      -2.701125
413.445      -2.701318
413.460      -2.701439
413.475      -2.701492
413.490      -2.701476
413.505      -2.701393
413.520      -2.701243
413.535      -2.701029
413.550      -2.700750
413.565      -2.700409
413.580      -2.700005
413.595      -2.699541
413.610      -2.699016
413.625      -2.698433
413.640      -2.697793
413.655      -2.697095
413.670      -2.696343
413.685      -2.695536
413.700      -2.694675
413.715      -2.693762
413.730      -2.692798
413.745      -2.691784
413.760      -2.690721
413.775      -2.689610
413.790      -2.688451
413.805      -2.687247
413.820      -2.685998
413.835      -2.684705
413.850      -2.683369
413.865      -2.681991
413.880      -2.680572
413.895      -2.679113
413.910      -2.677616
413.925      -2.676080
413.940      -2.674508
413.955      -2.672899
413.970      -2.671255
413.985      -2.669577
414.000      -2.667866
414.015      -2.666122
414.030      -2.664347
414.045      -2.662541
414.060      -2.660705
414.075      -2.658840
414.090      -2.656947
414.105      -2.655027
414.120      -2.653079
414.135      -2.651106
414.150      -2.649108
414.165      -2.647085
414.180      -2.645038
414.195      -2.642968
414.210      -2.640876
414.225      -2.638761
414.240      -2.636626
414.255      -2.634470
414.270      -2.632293
414.285      -2.630097
414.300      -2.627882
414.315      -2.625649
414.330      -2.623397
414.345      -2.621128
414.360      -2.618841
414.375      -2.616538
414.390      -2.614218
414.405      -2.611882
414.420      -2.609530
414.435      -2.607162
414.450      -2.604780
414.465      -2.602382
414.480      -2.599970
414.495      -2.597543
414.510      -2.595101
414.525      -2.592645
414.540      -2.590175
414.555      -2.587691
414.570      -2.585193
414.585      -2.582682
414.600      -2.580156
414.615      -2.577616
414.630      -2.575062
414.645      -2.572494
414.660      -2.569912
414.675      -2.567315
414.690      -2.564704
414.705      -2.562078
414.720      -2.559438
414.735      -2.556783
414.750      -2.554112
414.765      -2.551426
414.780      -2.548724
414.795      -2.546005
414.810      -2.543270
414.825      -2.540519
414.840      -2.537750
414.855      -2.534963
414.870      -2.532158
414.885      -2.529335
414.900      -2.526492
414.915      -2.523630
414.930      -2.520748
414.945      -2.517845
414.960      -2.514921
414.975      -2.511975
414.990      -2.509007
415.005      -2.506016
415.020      -2.503001
415.035      -2.499961
415.050      -2.496897
415.065      -2.493807
415.080      -2.490690
415.095      -2.487546
415.110      -2.484374
415.125      -2.481174
415.140      -2.477944
415.155      -2.474683
415.170      -2.471392
415.185      -2.468068
415.200      -2.464712
415.215      -2.461323
415.230      -2.457899
415.245      -2.454439
415.260      -2.450944
415.275      -2.447411
415.290      -2.443840
415.305      -2.440231
415.320      -2.436582
415.335      -2.432892
415.350      -2.429161
415.365      -2.425387
415.380      -2.421570
415.395      -2.417708
415.410      -2.413801
415.425      -2.409848
415.440      -2.405848
415.455      -2.401800
415.470      -2.397703
415.485      -2.393556
415.500      -2.389359
415.515      -2.385109
415.530      -2.380807
415.545      -2.376452
415.560      -2.372042
415.575      -2.367576
415.590      -2.363055
415.605      -2.358476
415.620      -2.353840
415.635      -2.349144
415.650      -2.344389
415.665      -2.339574
415.680      -2.334697
415.695      -2.329758
415.710      -2.324755
415.725      -2.319690
415.740      -2.314559
415.755      -2.309364
415.770      -2.304102
415.785      -2.298774
415.800      -2.293378
415.815      -2.287914
415.830      -2.282381
415.845      -2.276779
415.860      -2.271106
415.875      -2.265364
415.890      -2.259549
415.905      -2.253663
415.920      -2.247705
415.935      -2.241674
415.950      -2.235569
415.965      -2.229391
415.980      -2.223138
415.995      -2.216811
416.010      -2.210408
416.025      -2.203931
416.040      -2.197377
416.055      -2.190748
416.070      -2.184042
416.085      -2.177260
416.100      -2.170401
416.115      -2.163465
416.130      -2.156452
416.145      -2.149362
416.160      -2.142195
416.175      -2.134950
416.190      -2.127629
416.205      -2.120229
416.220      -2.112753
416.235      -2.105200
416.250      -2.097569
416.265      -2.089862
416.280      -2.082078
416.295      -2.074218
416.310      -2.066281
416.325      -2.058269
416.340      -2.050181
416.355      -2.042018
416.370      -2.033780
416.385      -2.025468
416.400      -2.017083
416.415      -2.008624
416.430      -2.000092
416.445      -1.991488
416.460      -1.982813
416.475      -1.974068
416.490      -1.965252
416.505      -1.956367
416.520      -1.947414
416.535      -1.938393
416.550      -1.929305
416.565      -1.920152
416.580      -1.910933
416.595      -1.901652
416.610      -1.892307
416.625      -1.882900
416.640      -1.873433
416.655      -1.863907
416.670      -1.854322
416.685      -1.844681
416.700      -1.834984
416.715      -1.825232
416.730      -1.815428
416.745      -1.805572
416.760      -1.795666
416.775      -1.785711
416.790      -1.775709
416.805      -1.765661
416.820      -1.755569
416.835      -1.745435
416.850      -1.735260
416.865      -1.725047
416.880      -1.714796
416.895      -1.704509
416.910      -1.694189
416.925      -1.683837
416.940      -1.673455
416.955      -1.663044
416.970      -1.652608
416.985      -1.642148
417.000      -1.631665
417.015      -1.621163
417.030      -1.610643
417.045      -1.600106
417.060      -1.589556
417.075      -1.578995
417.090      -1.568424
417.105      -1.557846
417.120      -1.547264
417.135      -1.536678
417.150      -1.526093
417.165      -1.515510
417.180      -1.504931
417.195      -1.494359
417.210      -1.483796
417.225      -1.473246
417.240      -1.462709
417.255      -1.452189
417.270      -1.441689
417.285      -1.431210
417.300      -1.420755
417.315      -1.410328
417.330      -1.399929
417.345      -1.389563
417.360      -1.379232
417.375      -1.368938
417.390      -1.358683
417.405      -1.348472
417.420      -1.338305
417.435      -1.328187
417.450      -1.318119
417.465      -1.308105
417.480      -1.298146
417.495      -1.288246
417.510      -1.278408
417.525      -1.268634
417.540      -1.258927
417.555      -1.249289
417.570      -1.239724
417.585      -1.230234
417.600      -1.220821
417.615      -1.211490
417.630      -1.202241
417.645      -1.193078
417.660      -1.184004
417.675      -1.175022
417.690      -1.166133
417.705      -1.157341
417.720      -1.148649
417.735      -1.140058
417.750      -1.131573
417.765      -1.123194
417.780      -1.114926
417.795      -1.106770
417.810      -1.098730
417.825      -1.090807
417.840      -1.083004
417.855      -1.075324
417.870      -1.067770
417.885      -1.060343
417.900      -1.053046
417.915      -1.045883
417.930      -1.038854
417.945      -1.031962
417.960      -1.025211
417.975      -1.018601
417.990      -1.012136
418.005      -1.005818
418.020      -0.999648
418.035      -0.993629
418.050      -0.987764
418.065      -0.982054
418.080      -0.976501
418.095      -0.971108
418.110      -0.965875
418.125      -0.960807
418.140      -0.955903
418.155      -0.951167
418.170      -0.946599
418.185      -0.942202
418.200      -0.937978
418.215      -0.933928
418.230      -0.930053
418.245      -0.926356
418.260      -0.922837
418.275      -0.919499
418.290      -0.916343
418.305      -0.913370
418.320      -0.910581
418.335      -0.907978
418.350      -0.905562
418.365      -0.903334
418.380      -0.901296
418.395      -0.899447
418.410      -0.897790
418.425      -0.896325
418.440      -0.895053
418.455      -0.893975
418.470      -0.893092
418.485      -0.892404
418.500      -0.891912
418.515      -0.891617
418.530      -0.891518
418.545      -0.891617
418.560      -0.891914
418.575      -0.892409
418.590      -0.893103
418.605      -0.893995
418.620      -0.895086
418.635      -0.896376
418.650      -0.897865
418.665      -0.899552
418.680      -0.901438
418.695      -0.903523
418.710      -0.905806
418.725      -0.908286
418.740      -0.910964
418.755      -0.913839
418.770      -0.916911
418.785      -0.920178
418.800      -0.923641
418.815      -0.927298
418.830      -0.931149
418.845      -0.935193
418.860      -0.939429
418.875      -0.943856
418.890      -0.948473
418.905      -0.953278
418.920      -0.958271
418.935      -0.963451
418.950      -0.968816
418.965      -0.974365
418.980      -0.980096
418.995      -0.986008
419.010      -0.992099
419.025      -0.998368
419.040      -1.004813
419.055      -1.011433
419.070      -1.018225
419.085      -1.025188
419.100      -1.032319
419.115      -1.039618
419.130      -1.047081
419.145      -1.054708
419.160      -1.062495
419.175      -1.070440
419.190      -1.078542
419.205      -1.086798
419.220      -1.095206
419.235      -1.103763
419.250      -1.112467
419.265      -1.121316
419.280      -1.130306
419.295      -1.139436
419.310      -1.148703
419.325      -1.158104
419.340      -1.167637
419.355      -1.177298
419.370      -1.187086
419.385      -1.196996
419.400      -1.207027
419.415      -1.217176
419.430      -1.227439
419.445      -1.237814
419.460      -1.248297
419.475      -1.258886
419.490      -1.269578
419.505      -1.280369
419.520      -1.291257
419.535      -1.302238
419.550      -1.313310
419.565      -1.324468
419.580      -1.335711
419.595      -1.347034
419.610      -1.358434
419.625      -1.369909
419.640      -1.381455
419.655      -1.393068
419.670      -1.404746
419.685      -1.416485
419.700      -1.428282
419.715      -1.440134
419.730      -1.452036
419.745      -1.463987
419.760      -1.475982
419.775      -1.488019
419.790      -1.500093
419.805      -1.512202
419.820      -1.524342
419.835      -1.536510
419.850      -1.548703
419.865      -1.560917
419.880      -1.573150
419.895      -1.585396
419.910      -1.597655
419.925      -1.609921
419.940      -1.622193
419.955      -1.634466
419.970      -1.646737
419.985      -1.659004
420.000      -1.671263
420.015      -1.683510
420.030      -1.695743
420.045      -1.707959
420.060      -1.720154
420.075      -1.732326
420.090      -1.744471
420.105      -1.756586
420.120      -1.768669
420.135      -1.780716
420.150      -1.792724
420.165      -1.804690
420.180      -1.816613
420.195      -1.828488
420.210      -1.840313
420.225      -1.852085
420.240      -1.863802
420.255      -1.875460
420.270      -1.887058
420.285      -1.898592
420.300      -1.910061
420.315      -1.921460
420.330      -1.932789
420.345      -1.944044
420.360      -1.955224
420.375      -1.966325
420.390      -1.977346
420.405      -1.988284
420.420      -1.999137
420.435      -2.009903
420.450      -2.020580
420.465      -2.031166
420.480      -2.041659
420.495      -2.052056
420.510      -2.062357
420.525      -2.072559
420.540      -2.082661
420.555      -2.092660
420.570      -2.102555
420.585      -2.112345
420.600      -2.122027
420.615      -2.131601
420.630      -2.141065
420.645      -2.150418
420.660      -2.159658
420.675      -2.168784
420.690      -2.177795
420.705      -2.186690
420.720      -2.195467
420.735      -2.204127
420.750      -2.212666
420.765      -2.221086
420.780      -2.229385
420.795      -2.237561
420.810      -2.245616
420.825      -2.253547
420.840      -2.261354
420.855      -2.269038
420.870      -2.276596
420.885      -2.284029
420.900      -2.291337
420.915      -2.298519
420.930      -2.305575
420.945      -2.312505
420.960      -2.319309
420.975      -2.325986
420.990      -2.332537
421.005      -2.338962
421.020      -2.345260
421.035      -2.351433
421.050      -2.357480
421.065      -2.363402
421.080      -2.369198
421.095      -2.374870
421.110      -2.380418
421.125      -2.385843
421.140      -2.391144
421.155      -2.396323
421.170      -2.401380
421.185      -2.406316
421.200      -2.411133
421.215      -2.415829
421.230      -2.420408
421.245      -2.424869
421.260      -2.429213
421.275      -2.433442
421.290      -2.437557
421.305      -2.441559
421.320      -2.445448
421.335      -2.449227
421.350      -2.452896
421.365      -2.456457
421.380      -2.459911
421.395      -2.463260
421.410      -2.466504
421.425      -2.469647
421.440      -2.472688
421.455      -2.475629
421.470      -2.478473
421.485      -2.481220
421.500      -2.483873
421.515      -2.486433
421.530      -2.488901
421.545      -2.491280
421.560      -2.493572
421.575      -2.495777
421.590      -2.497899
421.605      -2.499938
421.620      -2.501897
421.635      -2.503777
421.650      -2.505581
421.665      -2.507310
421.680      -2.508967
421.695      -2.510553
421.710      -2.512071
421.725      -2.513521
421.740      -2.514908
421.755      -2.516231
421.770      -2.517494
421.785      -2.518699
421.800      -2.519847
421.815      -2.520941
421.830      -2.521983
421.845      -2.522974
421.860      -2.523918
421.875      -2.524815
421.890      -2.525669
421.905      -2.526480
421.920      -2.527252
421.935      -2.527987
421.950      -2.528685
421.965      -2.529351
421.980      -2.529985
421.995      -2.530589
422.010      -2.531166
422.025      -2.531718
422.040      -2.532247
422.055      -2.532754
422.070      -2.533242
422.085      -2.533713
422.100      -2.534168
422.115      -2.534610
422.130      -2.535040
422.145      -2.535461
422.160      -2.535874
422.175      -2.536281
422.190      -2.536684
422.205      -2.537085
422.220      -2.537486
422.235      -2.537887
422.250      -2.538292
422.265      -2.538701
422.280      -2.539116
422.295      -2.539540
422.310      -2.539972
422.325      -2.540416
422.340      -2.540872
422.355      -2.541342
422.370      -2.541828
422.385      -2.542330
422.400      -2.542850
422.415      -2.543390
422.430      -2.543951
422.445      -2.544533
422.460      -2.545138
422.475      -2.545768
422.490      -2.546423
422.505      -2.547104
422.520      -2.547812
422.535      -2.548549
422.550      -2.549314
422.565      -2.550110
422.580      -2.550937
422.595      -2.551794
422.610      -2.552684
422.625      -2.553607
422.640      -2.554563
422.655      -2.555553
422.670      -2.556577
422.685      -2.557636
422.700      -2.558730
422.715      -2.559860
422.730      -2.561025
422.745      -2.562226
422.760      -2.563462
422.775      -2.564735
422.790      -2.566044
422.805      -2.567389
422.820      -2.568770
422.835      -2.570186
422.850      -2.571638
422.865      -2.573126
422.880      -2.574648
422.895      -2.576205
422.910      -2.577795
422.925      -2.579420
422.940      -2.581077
422.955      -2.582767
422.970      -2.584488
422.985      -2.586241
423.000      -2.588023
423.015      -2.589835
423.030      -2.591676
423.045      -2.593543
423.060      -2.595438
423.075      -2.597357
423.090      -2.599301
423.105      -2.601268
423.120      -2.603257
423.135      -2.605266
423.150      -2.607294
423.165      -2.609341
423.180      -2.611403
423.195      -2.613480
423.210      -2.615571
423.225      -2.617674
423.240      -2.619786
423.255      -2.621907
423.270      -2.624035
423.285      -2.626167
423.300      -2.628303
423.315      -2.630440
423.330      -2.632576
423.345      -2.634709
423.360      -2.636838
423.375      -2.638960
423.390      -2.641074
423.405      -2.643177
423.420      -2.645266
423.435      -2.647341
423.450      -2.649399
423.465      -2.651437
423.480      -2.653453
423.495      -2.655445
423.510      -2.657411
423.525      -2.659348
423.540      -2.661254
423.555      -2.663127
423.570      -2.664964
423.585      -2.666763
423.600      -2.668521
423.615      -2.670236
423.630      -2.671905
423.645      -2.673526
423.660      -2.675097
423.675      -2.676615
423.690      -2.678077
423.705      -2.679481
423.720      -2.680824
423.735      -2.682104
423.750      -2.683319
423.765      -2.684466
423.780      -2.685541
423.795      -2.686544
423.810      -2.687471
423.825      -2.688319
423.840      -2.689087
423.855      -2.689772
423.870      -2.690371
423.885      -2.690882
423.900      -2.691302
423.915      -2.691629
423.930      -2.691861
423.945      -2.691994
423.960      -2.692028
423.975      -2.691959
423.990      -2.691785
424.005      -2.691504
424.020      -2.691113
424.035      -2.690611
424.050      -2.689995
424.065      -2.689262
424.080      -2.688412
424.095      -2.687441
424.110      -2.686348
424.125      -2.685130
424.140      -2.683786
424.155      -2.682313
424.170      -2.680711
424.185      -2.678976
424.200      -2.677107
424.215      -2.675102
424.230      -2.672960
424.245      -2.670679
424.260      -2.668258
424.275      -2.665694
424.290      -2.662986
424.305      -2.660134
424.320      -2.657134
424.335      -2.653987
424.350      -2.650691
424.365      -2.647244
424.380      -2.643646
424.395      -2.639895
424.410      -2.635991
424.425      -2.631932
424.440      -2.627717
424.455      -2.623346
424.470      -2.618819
424.485      -2.614133
424.500      -2.609289
424.515      -2.604287
424.530      -2.599125
424.545      -2.593803
424.560      -2.588321
424.575      -2.582679
424.590      -2.576876
424.605      -2.570913
424.620      -2.564789
424.635      -2.558504
424.650      -2.552059
424.665      -2.545454
424.680      -2.538688
424.695      -2.531763
424.710      -2.524679
424.725      -2.517436
424.740      -2.510035
424.755      -2.502477
424.770      -2.494762
424.785      -2.486891
424.800      -2.478865
424.815      -2.470685
424.830      -2.462353
424.845      -2.453868
424.860      -2.445233
424.875      -2.436449
424.890      -2.427517
424.905      -2.418439
424.920      -2.409216
424.935      -2.399850
424.950      -2.390342
424.965      -2.380694
424.980      -2.370909
424.995      -2.360987
425.010      -2.350932
425.025      -2.340745
425.040      -2.330428
425.055      -2.319983
425.070      -2.309414
425.085      -2.298722
425.100      -2.287909
425.115      -2.276978
425.130      -2.265933
425.145      -2.254774
425.160      -2.243506
425.175      -2.232131
425.190      -2.220651
425.205      -2.209071
425.220      -2.197392
425.235      -2.185618
425.250      -2.173751
425.265      -2.161796
425.280      -2.149755
425.295      -2.137632
425.310      -2.125429
425.325      -2.113151
425.340      -2.100801
425.355      -2.088382
425.370      -2.075898
425.385      -2.063353
425.400      -2.050749
425.415      -2.038092
425.430      -2.025384
425.445      -2.012630
425.460      -1.999833
425.475      -1.986997
425.490      -1.974126
425.505      -1.961224
425.520      -1.948295
425.535      -1.935344
425.550      -1.922373
425.565      -1.909388
425.580      -1.896392
425.595      -1.883389
425.610      -1.870384
425.625      -1.857381
425.640      -1.844384
425.655      -1.831397
425.670      -1.818425
425.685      -1.805471
425.700      -1.792540
425.715      -1.779637
425.730      -1.766765
425.745      -1.753930
425.760      -1.741134
425.775      -1.728383
425.790      -1.715680
425.805      -1.703031
425.820      -1.690440
425.835      -1.677909
425.850      -1.665445
425.865      -1.653052
425.880      -1.640733
425.895      -1.628492
425.910      -1.616335
425.925      -1.604265
425.940      -1.592287
425.955      -1.580404
425.970      -1.568621
425.985      -1.556942
426.000      -1.545371
426.015      -1.533912
426.030      -1.522570
426.045      -1.511348
426.060      -1.500250
426.075      -1.489280
426.090      -1.478443
426.105      -1.467741
426.120      -1.457179
426.135      -1.446761
426.150      -1.436490
426.165      -1.426370
426.180      -1.416405
426.195      -1.406598
426.210      -1.396953
426.225      -1.387473
426.240      -1.378162
426.255      -1.369023
426.270      -1.360059
426.285      -1.351274
426.300      -1.342671
426.315      -1.334252
426.330      -1.326022
426.345      -1.317982
426.360      -1.310137
426.375      -1.302488
426.390      -1.295039
426.405      -1.287792
426.420      -1.280750
426.435      -1.273915
426.450      -1.267290
426.465      -1.260878
426.480      -1.254680
426.495      -1.248699
426.510      -1.242937
426.525      -1.237396
426.540      -1.232079
426.555      -1.226986
426.570      -1.222121
426.585      -1.217484
426.600      -1.213077
426.615      -1.208902
426.630      -1.204961
426.645      -1.201254
426.660      -1.197784
426.675      -1.194551
426.690      -1.191556
426.705      -1.188801
426.720      -1.186286
426.735      -1.184012
426.750      -1.181980
426.765      -1.180191
426.780      -1.178646
426.795      -1.177344
426.810      -1.176286
426.825      -1.175473
426.840      -1.174904
426.855      -1.174581
426.870      -1.174502
426.885      -1.174667
426.900      -1.175078
426.915      -1.175732
426.930      -1.176631
426.945      -1.177773
426.960      -1.179158
426.975      -1.180785
426.990      -1.182654
427.005      -1.184763
427.020      -1.187113
427.035      -1.189701
427.050      -1.192527
427.065      -1.195590
427.080      -1.198888
427.095      -1.202420
427.110      -1.206184
427.125      -1.210180
427.140      -1.214404
427.155      -1.218857
427.170      -1.223535
427.185      -1.228437
427.200      -1.233561
427.215      -1.238906
427.230      -1.244468
427.245      -1.250245
427.260      -1.256237
427.275      -1.262439
427.290      -1.268849
427.305      -1.275466
427.320      -1.282286
427.335      -1.289307
427.350      -1.296526
427.365      -1.303940
427.380      -1.311547
427.395      -1.319343
427.410      -1.327325
427.425      -1.335491
427.440      -1.343837
427.455      -1.352360
427.470      -1.361056
427.485      -1.369923
427.500      -1.378957
427.515      -1.388154
427.530      -1.397512
427.545      -1.407026
427.560      -1.416693
427.575      -1.426509
427.590      -1.436471
427.605      -1.446574
427.620      -1.456816
427.635      -1.467191
427.650      -1.477697
427.665      -1.488330
427.680      -1.499084
427.695      -1.509957
427.710      -1.520945
427.725      -1.532042
427.740      -1.543246
427.755      -1.554552
427.770      -1.565956
427.785      -1.577453
427.800      -1.589041
427.815      -1.600713
427.830      -1.612467
427.845      -1.624297
427.860      -1.636200
427.875      -1.648171
427.890      -1.660207
427.905      -1.672301
427.920      -1.684451
427.935      -1.696653
427.950      -1.708900
427.965      -1.721191
427.980      -1.733519
427.995      -1.745880
428.010      -1.758271
428.025      -1.770687
428.040      -1.783124
428.055      -1.795577
428.070      -1.808042
428.085      -1.820515
428.100      -1.832991
428.115      -1.845467
428.130      -1.857937
428.145      -1.870399
428.160      -1.882846
428.175      -1.895276
428.190      -1.907685
428.205      -1.920067
428.220      -1.932419
428.235      -1.944737
428.250      -1.957017
428.265      -1.969254
428.280      -1.981446
428.295      -1.993587
428.310      -2.005674
428.325      -2.017703
428.340      -2.029670
428.355      -2.041572
428.370      -2.053405
428.385      -2.065164
428.400      -2.076847
428.415      -2.088449
428.430      -2.099968
428.445      -2.111399
428.460      -2.122739
428.475      -2.133986
428.490      -2.145134
428.505      -2.156181
428.520      -2.167125
428.535      -2.177961
428.550      -2.188686
428.565      -2.199298
428.580      -2.209793
428.595      -2.220168
428.610      -2.230421
428.625      -2.240549
428.640      -2.250548
428.655      -2.260417
428.670      -2.270152
428.685      -2.279751
428.700      -2.289212
428.715      -2.298531
428.730      -2.307707
428.745      -2.316737
428.760      -2.325620
428.775      -2.334352
428.790      -2.342932
428.805      -2.351357
428.820      -2.359626
428.835      -2.367738
428.850      -2.375689
428.865      -2.383478
428.880      -2.391103
428.895      -2.398564
428.910      -2.405858
428.925      -2.412984
428.940      -2.419941
428.955      -2.426726
428.970      -2.433340
428.985      -2.439780
429.000      -2.446046
429.015      -2.452137
429.030      -2.458051
429.045      -2.463788
429.060      -2.469347
429.075      -2.474727
429.090      -2.479927
429.105      -2.484948
429.120      -2.489788
429.135      -2.494446
429.150      -2.498924
429.165      -2.503219
429.180      -2.507333
429.195      -2.511264
429.210      -2.515013
429.225      -2.518580
429.240      -2.521964
429.255      -2.525166
429.270      -2.528186
429.285      -2.531024
429.300      -2.533681
429.315      -2.536157
429.330      -2.538452
429.345      -2.540566
429.360      -2.542501
429.375      -2.544257
429.390      -2.545835
429.405      -2.547234
429.420      -2.548458
429.435      -2.549505
429.450      -2.550377
429.465      -2.551075
429.480      -2.551600
429.495      -2.551953
429.510      -2.552135
429.525      -2.552148
429.540      -2.551993
429.555      -2.551671
429.570      -2.551183
429.585      -2.550531
429.600      -2.549716
429.615      -2.548740
429.630      -2.547604
429.645      -2.546310
429.660      -2.544860
429.675      -2.543256
429.690      -2.541498
429.705      -2.539590
429.720      -2.537532
429.735      -2.535326
429.750      -2.532975
429.765      -2.530481
429.780      -2.527845
429.795      -2.525069
429.810      -2.522156
429.825      -2.519107
429.840      -2.515925
429.855      -2.512612
429.870      -2.509170
429.885      -2.505601
429.900      -2.501908
429.915      -2.498092
429.930      -2.494157
429.945      -2.490103
429.960      -2.485934
429.975      -2.481653
429.990      -2.477260
430.005      -2.472760
430.020      -2.468153
430.035      -2.463443
430.050      -2.458632
430.065      -2.453723
430.080      -2.448718
430.095      -2.443619
430.110      -2.438428
430.125      -2.433150
430.140      -2.427785
430.155      -2.422336
430.170      -2.416807
430.185      -2.411199
430.200      -2.405515
430.215      -2.399757
430.230      -2.393929
430.245      -2.388032
430.260      -2.382069
430.275      -2.376042
430.290      -2.369955
430.305      -2.363809
430.320      -2.357608
430.335      -2.351353
430.350      -2.345047
430.365      -2.338693
430.380      -2.332293
430.395      -2.325850
430.410      -2.319365
430.425      -2.312842
430.440      -2.306283
430.455      -2.299690
430.470      -2.293066
430.485      -2.286412
430.500      -2.279733
430.515      -2.273028
430.530      -2.266302
430.545      -2.259556
430.560      -2.252793
430.575      -2.246015
430.590      -2.239224
430.605      -2.232422
430.620      -2.225611
430.635      -2.218794
430.650      -2.211973
430.665      -2.205150
430.680      -2.198326
430.695      -2.191505
430.710      -2.184687
430.725      -2.177876
430.740      -2.171072
430.755      -2.164279
430.770      -2.157497
430.785      -2.150728
430.800      -2.143975
430.815      -2.137239
430.830      -2.130523
430.845      -2.123826
430.860      -2.117153
430.875      -2.110503
430.890      -2.103879
430.905      -2.097282
430.920      -2.090714
430.935      -2.084176
430.950      -2.077670
430.965      -2.071197
430.980      -2.064759
430.995      -2.058357
431.010      -2.051991
431.025      -2.045665
431.040      -2.039378
431.055      -2.033132
431.070      -2.026928
431.085      -2.020767
431.100      -2.014651
431.115      -2.008580
431.130      -2.002555
431.145      -1.996578
431.160      -1.990649
431.175      -1.984769
431.190      -1.978939
431.205      -1.973159
431.220      -1.967432
431.235      -1.961756
431.250      -1.956133
431.265      -1.950564
431.280      -1.945049
431.295      -1.939588
431.310      -1.934183
431.325      -1.928833
431.340      -1.923539
431.355      -1.918302
431.370      -1.913122
431.385      -1.907999
431.400      -1.902934
431.415      -1.897926
431.430      -1.892976
431.445      -1.888084
431.460      -1.883251
431.475      -1.878476
431.490      -1.873759
431.505      -1.869101
431.520      -1.864501
431.535      -1.859959
431.550      -1.855476
431.565      -1.851052
431.580      -1.846685
431.595      -1.842376
431.610      -1.838125
431.625      -1.833931
431.640      -1.829795
431.655      -1.825715
431.670      -1.821692
431.685      -1.817726
431.700      -1.813815
431.715      -1.809960
431.730      -1.806159
431.745      -1.802414
431.760      -1.798722
431.775      -1.795084
431.790      -1.791499
431.805      -1.787966
431.820      -1.784486
431.835      -1.781056
431.850      -1.777678
431.865      -1.774349
431.880      -1.771070
431.895      -1.767839
431.910      -1.764656
431.925      -1.761521
431.940      -1.758432
431.955      -1.755389
431.970      -1.752391
431.985      -1.749437
432.000      -1.746527
432.015      -1.743660
432.030      -1.740834
432.045      -1.738049
432.060      -1.735305
432.075      -1.732599
432.090      -1.729933
432.105      -1.727304
432.120      -1.724711
432.135      -1.722155
432.150      -1.719634
432.165      -1.717147
432.180      -1.714693
432.195      -1.712272
432.210      -1.709882
432.225      -1.707523
432.240      -1.705193
432.255      -1.702893
432.270      -1.700620
432.285      -1.698375
432.300      -1.696156
432.315      -1.693962
432.330      -1.691793
432.345      -1.689647
432.360      -1.687525
432.375      -1.685424
432.390      -1.683344
432.405      -1.681285
432.420      -1.679245
432.435      -1.677224
432.450      -1.675221
432.465      -1.673235
432.480      -1.671266
432.495      -1.669312
432.510      -1.667372
432.525      -1.665447
432.540      -1.663536
432.555      -1.661637
432.570      -1.659750
432.585      -1.657874
432.600      -1.656010
432.615      -1.654155
432.630      -1.652310
432.645      -1.650474
432.660      -1.648646
432.675      -1.646826
432.690      -1.645013
432.705      -1.643207
432.720      -1.641407
432.735      -1.639613
432.750      -1.637825
432.765      -1.636041
432.780      -1.634262
432.795      -1.632488
432.810      -1.630717
432.825      -1.628950
432.840      -1.627186
432.855      -1.625425
432.870      -1.623666
432.885      -1.621911
432.900      -1.620157
432.915      -1.618406
432.930      -1.616657
432.945      -1.614910
432.960      -1.613165
432.975      -1.611422
432.990      -1.609681
433.005      -1.607941
433.020      -1.606203
433.035      -1.604468
433.050      -1.602734
433.065      -1.601003
433.080      -1.599273
433.095      -1.597547
433.110      -1.595823
433.125      -1.594102
433.140      -1.592384
433.155      -1.590669
433.170      -1.588959
433.185      -1.587252
433.200      -1.585551
433.215      -1.583854
433.230      -1.582162
433.245      -1.580477
433.260      -1.578798
433.275      -1.577126
433.290      -1.575461
433.305      -1.573804
433.320      -1.572156
433.335      -1.570517
433.350      -1.568888
433.365      -1.567270
433.380      -1.565663
433.395      -1.564069
433.410      -1.562487
433.425      -1.560919
433.440      -1.559365
433.455      -1.557827
433.470      -1.556305
433.485      -1.554800
433.500      -1.553313
433.515      -1.551845
433.530      -1.550397
433.545      -1.548970
433.560      -1.547565
433.575      -1.546183
433.590      -1.544825
433.605      -1.543493
433.620      -1.542186
433.635      -1.540907
433.650      -1.539657
433.665      -1.538436
433.680      -1.537246
433.695      -1.536087
433.710      -1.534963
433.725      -1.533872
433.740      -1.532818
433.755      -1.531800
433.770      -1.530821
433.785      -1.529881
433.800      -1.528982
433.815      -1.528126
433.830      -1.527312
433.845      -1.526544
433.860      -1.525822
433.875      -1.525147
433.890      -1.524521
433.905      -1.523946
433.920      -1.523422
433.935      -1.522951
433.950      -1.522534
433.965      -1.522173
433.980      -1.521870
433.995      -1.521625
434.010      -1.521440
434.025      -1.521317
434.040      -1.521256
434.055      -1.521260
434.070      -1.521329
434.085      -1.521465
434.100      -1.521669
434.115      -1.521944
434.130      -1.522289
434.145      -1.522708
434.160      -1.523200
434.175      -1.523767
434.190      -1.524411
434.205      -1.525133
434.220      -1.525935
434.235      -1.526817
434.250      -1.527781
434.265      -1.528828
434.280      -1.529960
434.295      -1.531178
434.310      -1.532483
434.325      -1.533876
434.340      -1.535358
434.355      -1.536932
434.370      -1.538597
434.385      -1.540355
434.400      -1.542207
434.415      -1.544155
434.430      -1.546198
434.445      -1.548340
434.460      -1.550579
434.475      -1.552918
434.490      -1.555358
434.505      -1.557899
434.520      -1.560542
434.535      -1.563288
434.550      -1.566138
434.565      -1.569093
434.580      -1.572153
434.595      -1.575320
434.610      -1.578594
434.625      -1.581975
434.640      -1.585465
434.655      -1.589063
434.670      -1.592772
434.685      -1.596590
434.700      -1.600519
434.715      -1.604558
434.730      -1.608710
434.745      -1.612972
434.760      -1.617347
434.775      -1.621834
434.790      -1.626434
434.805      -1.631147
434.820      -1.635972
434.835      -1.640910
434.850      -1.645961
434.865      -1.651125
434.880      -1.656403
434.895      -1.661792
434.910      -1.667295
434.925      -1.672910
434.940      -1.678638
434.955      -1.684477
434.970      -1.690428
434.985      -1.696490
435.000      -1.702663
435.015      -1.708946
435.030      -1.715339
435.045      -1.721840
435.060      -1.728451
435.075      -1.735168
435.090      -1.741993
435.105      -1.748924
435.120      -1.755960
435.135      -1.763101
435.150      -1.770345
435.165      -1.777691
435.180      -1.785138
435.195      -1.792685
435.210      -1.800332
435.225      -1.808075
435.240      -1.815916
435.255      -1.823851
435.270      -1.831879
435.285      -1.840000
435.300      -1.848211
435.315      -1.856512
435.330      -1.864899
435.345      -1.873373
435.360      -1.881930
435.375      -1.890570
435.390      -1.899290
435.405      -1.908088
435.420      -1.916963
435.435      -1.925913
435.450      -1.934936
435.465      -1.944028
435.480      -1.953190
435.495      -1.962417
435.510      -1.971709
435.525      -1.981062
435.540      -1.990475
435.555      -1.999944
435.570      -2.009469
435.585      -2.019046
435.600      -2.028672
435.615      -2.038346
435.630      -2.048065
435.645      -2.057825
435.660      -2.067625
435.675      -2.077462
435.690      -2.087333
435.705      -2.097235
435.720      -2.107166
435.735      -2.117122
435.750      -2.127101
435.765      -2.137101
435.780      -2.147117
435.795      -2.157147
435.810      -2.167188
435.825      -2.177238
435.840      -2.187292
435.855      -2.197349
435.870      -2.207404
435.885      -2.217455
435.900      -2.227499
435.915      -2.237532
435.930      -2.247552
435.945      -2.257555
435.960      -2.267538
435.975      -2.277497
435.990      -2.287431
436.005      -2.297334
436.020      -2.307204
436.035      -2.317039
436.050      -2.326833
436.065      -2.336585
436.080      -2.346291
436.095      -2.355948
436.110      -2.365551
436.125      -2.375099
436.140      -2.384588
436.155      -2.394014
436.170      -2.403374
436.185      -2.412665
436.200      -2.421883
436.215      -2.431026
436.230      -2.440090
436.245      -2.449072
436.260      -2.457968
436.275      -2.466776
436.290      -2.475491
436.305      -2.484112
436.320      -2.492634
436.335      -2.501055
436.350      -2.509371
436.365      -2.517580
436.380      -2.525678
436.395      -2.533661
436.410      -2.541528
436.425      -2.549275
436.440      -2.556899
436.455      -2.564398
436.470      -2.571767
436.485      -2.579005
436.500      -2.586108
436.515      -2.593073
436.530      -2.599899
436.545      -2.606582
436.560      -2.613119
436.575      -2.619507
436.590      -2.625745
436.605      -2.631830
436.620      -2.637758
436.635      -2.643528
436.650      -2.649138
436.665      -2.654584
436.680      -2.659864
436.695      -2.664976
436.710      -2.669919
436.725      -2.674689
436.740      -2.679285
436.755      -2.683705
436.770      -2.687946
436.785      -2.692007
436.800      -2.695885
436.815      -2.699580
436.830      -2.703089
436.845      -2.706410
436.860      -2.709542
436.875      -2.712484
436.890      -2.715234
436.905      -2.717790
436.920      -2.720151
436.935      -2.722316
436.950      -2.724284
436.965      -2.726054
436.980      -2.727623
436.995      -2.728992
437.010      -2.730160
437.025      -2.731125
437.040      -2.731888
437.055      -2.732446
437.070      -2.732800
437.085      -2.732949
437.100      -2.732892
437.115      -2.732630
437.130      -2.732161
437.145      -2.731486
437.160      -2.730605
437.175      -2.729517
437.190      -2.728222
437.205      -2.726720
437.220      -2.725012
437.235      -2.723098
437.250      -2.720978
437.265      -2.718652
437.280      -2.716121
437.295      -2.713386
437.310      -2.710447
437.325      -2.707305
437.340      -2.703960
437.355      -2.700414
437.370      -2.696667
437.385      -2.692721
437.400      -2.688576
437.415      -2.684234
437.430      -2.679696
437.445      -2.674964
437.460      -2.670038
437.475      -2.664920
437.490      -2.659612
437.505      -2.654116
437.520      -2.648433
437.535      -2.642565
437.550      -2.636513
437.565      -2.630281
437.580      -2.623869
437.595      -2.617281
437.610      -2.610517
437.625      -2.603581
437.640      -2.596474
437.655      -2.589199
437.670      -2.581759
437.685      -2.574156
437.700      -2.566392
437.715      -2.558471
437.730      -2.550394
437.745      -2.542165
437.760      -2.533787
437.775      -2.525262
437.790      -2.516593
437.805      -2.507784
437.820      -2.498837
437.835      -2.489756
437.850      -2.480543
437.865      -2.471203
437.880      -2.461738
437.895      -2.452152
437.910      -2.442447
437.925      -2.432629
437.940      -2.422699
437.955      -2.412662
437.970      -2.402521
437.985      -2.392280
438.000      -2.381942
438.015      -2.371512
438.030      -2.360993
438.045      -2.350388
438.060      -2.339702
438.075      -2.328939
438.090      -2.318101
438.105      -2.307195
438.120      -2.296222
438.135      -2.285188
438.150      -2.274096
438.165      -2.262950
438.180      -2.251755
438.195      -2.240514
438.210      -2.229232
438.225      -2.217912
438.240      -2.206560
438.255      -2.195178
438.270      -2.183771
438.285      -2.172344
438.300      -2.160901
438.315      -2.149445
438.330      -2.137981
438.345      -2.126513
438.360      -2.115045
438.375      -2.103582
438.390      -2.092128
438.405      -2.080687
438.420      -2.069263
438.435      -2.057860
438.450      -2.046483
438.465      -2.035135
438.480      -2.023821
438.495      -2.012545
438.510      -2.001312
438.525      -1.990124
438.540      -1.978987
438.555      -1.967904
438.570      -1.956880
438.585      -1.945918
438.600      -1.935023
438.615      -1.924198
438.630      -1.913447
438.645      -1.902775
438.660      -1.892184
438.675      -1.881680
438.690      -1.871265
438.705      -1.860944
438.720      -1.850720
438.735      -1.840597
438.750      -1.830578
438.765      -1.820668
438.780      -1.810869
438.795      -1.801186
438.810      -1.791621
438.825      -1.782178
438.840      -1.772861
438.855      -1.763672
438.870      -1.754615
438.885      -1.745693
438.900      -1.736909
438.915      -1.728267
438.930      -1.719769
438.945      -1.711418
438.960      -1.703217
438.975      -1.695169
438.990      -1.687277
439.005      -1.679543
439.020      -1.671970
439.035      -1.664561
439.050      -1.657317
439.065      -1.650242
439.080      -1.643338
439.095      -1.636606
439.110      -1.630050
439.125      -1.623672
439.140      -1.617472
439.155      -1.611454
439.170      -1.605619
439.185      -1.599969
439.200      -1.594506
439.215      -1.589231
439.230      -1.584147
439.245      -1.579254
439.260      -1.574553
439.275      -1.570047
439.290      -1.565737
439.305      -1.561623
439.320      -1.557707
439.335      -1.553990
439.350      -1.550472
439.365      -1.547156
439.380      -1.544040
439.395      -1.541126
439.410      -1.538415
439.425      -1.535908
439.440      -1.533603
439.455      -1.531503
439.470      -1.529607
439.485      -1.527915
439.500      -1.526427
439.515      -1.525144
439.530      -1.524065
439.545      -1.523190
439.560      -1.522520
439.575      -1.522052
439.590      -1.521788
439.605      -1.521727
439.620      -1.521868
439.635      -1.522210
439.650      -1.522754
439.665      -1.523497
439.680      -1.524439
439.695      -1.525579
439.710      -1.526916
439.725      -1.528449
439.740      -1.530176
439.755      -1.532097
439.770      -1.534210
439.785      -1.536513
439.800      -1.539006
439.815      -1.541686
439.830      -1.544551
439.845      -1.547601
439.860      -1.550833
439.875      -1.554245
439.890      -1.557836
439.905      -1.561603
439.920      -1.565544
439.935      -1.569657
439.950      -1.573941
439.965      -1.578392
439.980      -1.583008
439.995      -1.587787
440.010      -1.592726
440.025      -1.597823
440.040      -1.603076
440.055      -1.608481
440.070      -1.614036
440.085      -1.619739
440.100      -1.625585
440.115      -1.631573
440.130      -1.637700
440.145      -1.643962
440.160      -1.650357
440.175      -1.656881
440.190      -1.663532
440.205      -1.670306
440.220      -1.677200
440.235      -1.684210
440.250      -1.691334
440.265      -1.698569
440.280      -1.705910
440.295      -1.713355
440.310      -1.720900
440.325      -1.728541
440.340      -1.736275
440.355      -1.744099
440.370      -1.752009
440.385      -1.760001
440.400      -1.768073
440.415      -1.776219
440.430      -1.784437
440.445      -1.792723
440.460      -1.801073
440.475      -1.809483
440.490      -1.817950
440.505      -1.826471
440.520      -1.835040
440.535      -1.843655
440.550      -1.852312
440.565      -1.861007
440.580      -1.869736
440.595      -1.878496
440.610      -1.887282
440.625      -1.896091
440.640      -1.904919
440.655      -1.913762
440.670      -1.922616
440.685      -1.931479
440.700      -1.940345
440.715      -1.949212
440.730      -1.958074
440.745      -1.966930
440.760      -1.975774
440.775      -1.984604
440.790      -1.993415
440.805      -2.002203
440.820      -2.010966
440.835      -2.019699
440.850      -2.028399
440.865      -2.037063
440.880      -2.045686
440.895      -2.054265
440.910      -2.062796
440.925      -2.071277
440.940      -2.079703
440.955      -2.088071
440.970      -2.096378
440.985      -2.104620
441.000      -2.112794
441.015      -2.120897
441.030      -2.128925
441.045      -2.136876
441.060      -2.144745
441.075      -2.152531
441.090      -2.160229
441.105      -2.167837
441.120      -2.175351
441.135      -2.182770
441.150      -2.190089
441.165      -2.197306
441.180      -2.204418
441.195      -2.211423
441.210      -2.218317
441.225      -2.225098
441.240      -2.231763
441.255      -2.238311
441.270      -2.244738
441.285      -2.251041
441.300      -2.257219
441.315      -2.263270
441.330      -2.269190
441.345      -2.274978
441.360      -2.280631
441.375      -2.286148
441.390      -2.291527
441.405      -2.296765
441.420      -2.301861
441.435      -2.306812
441.450      -2.311618
441.465      -2.316275
441.480      -2.320784
441.495      -2.325142
441.510      -2.329347
441.525      -2.333399
441.540      -2.337295
441.555      -2.341035
441.570      -2.344618
441.585      -2.348042
441.600      -2.351306
441.615      -2.354409
441.630      -2.357350
441.645      -2.360128
441.660      -2.362743
441.675      -2.365194
441.690      -2.367480
441.705      -2.369601
441.720      -2.371556
441.735      -2.373344
441.750      -2.374966
441.765      -2.376420
441.780      -2.377707
441.795      -2.378827
441.810      -2.379779
441.825      -2.380564
441.840      -2.381181
441.855      -2.381631
441.870      -2.381914
441.885      -2.382030
441.900      -2.381979
441.915      -2.381763
441.930      -2.381380
441.945      -2.380833
441.960      -2.380121
441.975      -2.379245
441.990      -2.378206
442.005      -2.377005
442.020      -2.375642
442.035      -2.374119
442.050      -2.372437
442.065      -2.370596
442.080      -2.368599
442.095      -2.366445
442.110      -2.364136
442.125      -2.361675
442.140      -2.359061
442.155      -2.356297
442.170      -2.353384
442.185      -2.350323
442.200      -2.347117
442.215      -2.343766
442.230      -2.340274
442.245      -2.336641
442.260      -2.332869
442.275      -2.328960
442.290      -2.324917
442.305      -2.320741
442.320      -2.316434
442.335      -2.311999
442.350      -2.307438
442.365      -2.302752
442.380      -2.297945
442.395      -2.293018
442.410      -2.287974
442.425      -2.282815
442.440      -2.277544
442.455      -2.272163
442.470      -2.266675
442.485      -2.261083
442.500      -2.255388
442.515      -2.249594
442.530      -2.243703
442.545      -2.237719
442.560      -2.231643
442.575      -2.225479
442.590      -2.219229
442.605      -2.212897
442.620      -2.206485
442.635      -2.199996
442.650      -2.193433
442.665      -2.186799
442.680      -2.180097
442.695      -2.173331
442.710      -2.166503
442.725      -2.159616
442.740      -2.152673
442.755      -2.145678
442.770      -2.138633
442.785      -2.131543
442.800      -2.124409
442.815      -2.117235
442.830      -2.110024
442.845      -2.102780
442.860      -2.095506
442.875      -2.088205
442.890      -2.080880
442.905      -2.073534
442.920      -2.066171
442.935      -2.058794
442.950      -2.051406
442.965      -2.044010
442.980      -2.036610
442.995      -2.029209
443.010      -2.021810
443.025      -2.014417
443.040      -2.007032
443.055      -1.999659
443.070      -1.992301
443.085      -1.984962
443.100      -1.977644
443.115      -1.970350
443.130      -1.963085
443.145      -1.955851
443.160      -1.948651
443.175      -1.941488
443.190      -1.934366
443.205      -1.927287
443.220      -1.920256
443.235      -1.913274
443.250      -1.906344
443.265      -1.899471
443.280      -1.892656
443.295      -1.885904
443.310      -1.879215
443.325      -1.872595
443.340      -1.866045
443.355      -1.859569
443.370      -1.853168
443.385      -1.846847
443.400      -1.840607
443.415      -1.834452
443.430      -1.828384
443.445      -1.822406
443.460      -1.816521
443.475      -1.810730
443.490      -1.805037
443.505      -1.799444
443.520      -1.793953
443.535      -1.788567
443.550      -1.783289
443.565      -1.778120
443.580      -1.773063
443.595      -1.768119
443.610      -1.763293
443.625      -1.758584
443.640      -1.753996
443.655      -1.749530
443.670      -1.745189
443.685      -1.740974
443.700      -1.736888
443.715      -1.732931
443.730      -1.729107
443.745      -1.725416
443.760      -1.721860
443.775      -1.718441
443.790      -1.715160
443.805      -1.712019
443.820      -1.709019
443.835      -1.706162
443.850      -1.703449
443.865      -1.700880
443.880      -1.698459
443.895      -1.696184
443.910      -1.694058
443.925      -1.692082
443.940      -1.690256
443.955      -1.688581
443.970      -1.687059
443.985      -1.685689
444.000      -1.684472
444.015      -1.683410
444.030      -1.682503
444.045      -1.681750
444.060      -1.681153
444.075      -1.680712
444.090      -1.680427
444.105      -1.680299
444.120      -1.680327
444.135      -1.680511
444.150      -1.680853
444.165      -1.681350
444.180      -1.682004
444.195      -1.682815
444.210      -1.683781
444.225      -1.684903
444.240      -1.686180
444.255      -1.687612
444.270      -1.689198
444.285      -1.690938
444.300      -1.692830
444.315      -1.694875
444.330      -1.697072
444.345      -1.699419
444.360      -1.701915
444.375      -1.704560
444.390      -1.707353
444.405      -1.710292
444.420      -1.713376
444.435      -1.716604
444.450      -1.719975
444.465      -1.723487
444.480      -1.727139
444.495      -1.730929
444.510      -1.734856
444.525      -1.738918
444.540      -1.743113
444.555      -1.747440
444.570      -1.751896
444.585      -1.756481
444.600      -1.761191
444.615      -1.766026
444.630      -1.770982
444.645      -1.776058
444.660      -1.781252
444.675      -1.786561
444.690      -1.791983
444.705      -1.797516
444.720      -1.803158
444.735      -1.808905
444.750      -1.814756
444.765      -1.820708
444.780      -1.826759
444.795      -1.832906
444.810      -1.839145
444.825      -1.845475
444.840      -1.851893
444.855      -1.858396
444.870      -1.864981
444.885      -1.871645
444.900      -1.878385
444.915      -1.885199
444.930      -1.892083
444.945      -1.899034
444.960      -1.906050
444.975      -1.913127
444.990      -1.920262
445.005      -1.927452
445.020      -1.934694
445.035      -1.941985
445.050      -1.949320
445.065      -1.956698
445.080      -1.964115
445.095      -1.971568
445.110      -1.979052
445.125      -1.986566
445.140      -1.994105
445.155      -2.001667
445.170      -2.009247
445.185      -2.016843
445.200      -2.024450
445.215      -2.032067
445.230      -2.039689
445.245      -2.047312
445.260      -2.054935
445.275      -2.062552
445.290      -2.070160
445.305      -2.077757
445.320      -2.085339
445.335      -2.092902
445.350      -2.100442
445.365      -2.107958
445.380      -2.115444
445.395      -2.122898
445.410      -2.130316
445.425      -2.137696
445.440      -2.145033
445.455      -2.152324
445.470      -2.159566
445.485      -2.166756
445.500      -2.173890
445.515      -2.180965
445.530      -2.187978
445.545      -2.194926
445.560      -2.201805
445.575      -2.208612
445.590      -2.215345
445.605      -2.221999
445.620      -2.228573
445.635      -2.235062
445.650      -2.241465
445.665      -2.247777
445.680      -2.253997
445.695      -2.260121
445.710      -2.266146
445.725      -2.272069
445.740      -2.277888
445.755      -2.283601
445.770      -2.289203
445.785      -2.294693
445.800      -2.300069
445.815      -2.305327
445.830      -2.310464
445.845      -2.315480
445.860      -2.320371
445.875      -2.325135
445.890      -2.329769
445.905      -2.334272
445.920      -2.338640
445.935      -2.342873
445.950      -2.346968
445.965      -2.350923
445.980      -2.354737
445.995      -2.358406
446.010      -2.361929
446.025      -2.365306
446.040      -2.368533
446.055      -2.371609
446.070      -2.374533
446.085      -2.377303
446.100      -2.379918
446.115      -2.382376
446.130      -2.384676
446.145      -2.386817
446.160      -2.388797
446.175      -2.390616
446.190      -2.392273
446.205      -2.393765
446.220      -2.395093
446.235      -2.396256
446.250      -2.397252
446.265      -2.398082
446.280      -2.398744
446.295      -2.399238
446.310      -2.399563
446.325      -2.399719
446.340      -2.399706
446.355      -2.399523
446.370      -2.399170
446.385      -2.398647
446.400      -2.397953
446.415      -2.397090
446.430      -2.396056
446.445      -2.394852
446.460      -2.393478
446.475      -2.391934
446.490      -2.390222
446.505      -2.388340
446.520      -2.386289
446.535      -2.384071
446.550      -2.381685
446.565      -2.379133
446.580      -2.376414
446.595      -2.373531
446.610      -2.370483
446.625      -2.367271
446.640      -2.363897
446.655      -2.360361
446.670      -2.356666
446.685      -2.352811
446.700      -2.348798
446.715      -2.344628
446.730      -2.340304
446.745      -2.335825
446.760      -2.331194
446.775      -2.326412
446.790      -2.321481
446.805      -2.316403
446.820      -2.311178
446.835      -2.305809
446.850      -2.300298
446.865      -2.294647
446.880      -2.288857
446.895      -2.282931
446.910      -2.276870
446.925      -2.270676
446.940      -2.264353
446.955      -2.257901
446.970      -2.251323
446.985      -2.244622
447.000      -2.237799
447.015      -2.230858
447.030      -2.223800
447.045      -2.216628
447.060      -2.209344
447.075      -2.201951
447.090      -2.194451
447.105      -2.186848
447.120      -2.179144
447.135      -2.171340
447.150      -2.163441
447.165      -2.155449
447.180      -2.147367
447.195      -2.139197
447.210      -2.130942
447.225      -2.122605
447.240      -2.114190
447.255      -2.105698
447.270      -2.097134
447.285      -2.088499
447.300      -2.079797
447.315      -2.071031
447.330      -2.062205
447.345      -2.053320
447.360      -2.044380
447.375      -2.035389
447.390      -2.026348
447.405      -2.017263
447.420      -2.008135
447.435      -1.998967
447.450      -1.989764
447.465      -1.980527
447.480      -1.971261
447.495      -1.961969
447.510      -1.952653
447.525      -1.943316
447.540      -1.933963
447.555      -1.924596
447.570      -1.915219
447.585      -1.905834
447.600      -1.896445
447.615      -1.887055
447.630      -1.877667
447.645      -1.868285
447.660      -1.858911
447.675      -1.849550
447.690      -1.840203
447.705      -1.830874
447.720      -1.821567
447.735      -1.812284
447.750      -1.803029
447.765      -1.793804
447.780      -1.784613
447.795      -1.775460
447.810      -1.766346
447.825      -1.757275
447.840      -1.748250
447.855      -1.739274
447.870      -1.730350
447.885      -1.721481
447.900      -1.712670
447.915      -1.703920
447.930      -1.695234
447.945      -1.686614
447.960      -1.678064
447.975      -1.669586
447.990      -1.661183
448.005      -1.652858
448.020      -1.644614
448.035      -1.636452
448.050      -1.628377
448.065      -1.620390
448.080      -1.612494
448.095      -1.604692
448.110      -1.596986
448.125      -1.589379
448.140      -1.581873
448.155      -1.574470
448.170      -1.567173
448.185      -1.559985
448.200      -1.552907
448.215      -1.545941
448.230      -1.539091
448.245      -1.532358
448.260      -1.525744
448.275      -1.519252
448.290      -1.512883
448.305      -1.506639
448.320      -1.500523
448.335      -1.494536
448.350      -1.488680
448.365      -1.482957
448.380      -1.477369
448.395      -1.471917
448.410      -1.466603
448.425      -1.461429
448.440      -1.456397
448.455      -1.451507
448.470      -1.446761
448.485      -1.442162
448.500      -1.437709
448.515      -1.433405
448.530      -1.429251
448.545      -1.425247
448.560      -1.421396
448.575      -1.417698
448.590      -1.414155
448.605      -1.410767
448.620      -1.407535
448.635      -1.404461
448.650      -1.401545
448.665      -1.398788
448.680      -1.396191
448.695      -1.393755
448.710      -1.391479
448.725      -1.389366
448.740      -1.387415
448.755      -1.385627
448.770      -1.384002
448.785      -1.382541
448.800      -1.381244
448.815      -1.380112
448.830      -1.379145
448.845      -1.378342
448.860      -1.377705
448.875      -1.377232
448.890      -1.376925
448.905      -1.376784
448.920      -1.376807
448.935      -1.376996
448.950      -1.377349
448.965      -1.377868
448.980      -1.378551
448.995      -1.379398
449.010      -1.380409
449.025      -1.381583
449.040      -1.382921
449.055      -1.384421
449.070      -1.386082
449.085      -1.387906
449.100      -1.389890
449.115      -1.392034
449.130      -1.394337
449.145      -1.396799
449.160      -1.399419
449.175      -1.402195
449.190      -1.405127
449.205      -1.408214
449.220      -1.411456
449.235      -1.414849
449.250      -1.418395
449.265      -1.422091
449.280      -1.425937
449.295      -1.429931
449.310      -1.434071
449.325      -1.438357
449.340      -1.442788
449.355      -1.447361
449.370      -1.452075
449.385      -1.456930
449.400      -1.461923
449.415      -1.467052
449.430      -1.472317
449.445      -1.477715
449.460      -1.483245
449.475      -1.488905
449.490      -1.494694
449.505      -1.500609
449.520      -1.506650
449.535      -1.512813
449.550      -1.519097
449.565      -1.525500
449.580      -1.532021
449.595      -1.538657
449.610      -1.545406
449.625      -1.552266
449.640      -1.559235
449.655      -1.566312
449.670      -1.573493
449.685      -1.580777
449.700      -1.588161
449.715      -1.595644
449.730      -1.603223
449.745      -1.610895
449.760      -1.618660
449.775      -1.626513
449.790      -1.634454
449.805      -1.642478
449.820      -1.650586
449.835      -1.658773
449.850      -1.667037
449.865      -1.675376
449.880      -1.683788
449.895      -1.692270
449.910      -1.700819
449.925      -1.709434
449.940      -1.718111
449.955      -1.726848
449.970      -1.735643
449.985      -1.744493
450.000      -1.753395
450.015      -1.762347
450.030      -1.771346
450.045      -1.780390
450.060      -1.789476
450.075      -1.798601
450.090      -1.807764
450.105      -1.816960
450.120      -1.826188
450.135      -1.835446
450.150      -1.844729
450.165      -1.854037
450.180      -1.863365
450.195      -1.872712
450.210      -1.882075
450.225      -1.891452
450.240      -1.900839
450.255      -1.910233
450.270      -1.919634
450.285      -1.929037
450.300      -1.938440
450.315      -1.947841
450.330      -1.957237
450.345      -1.966626
450.360      -1.976004
450.375      -1.985369
450.390      -1.994719
450.405      -2.004052
450.420      -2.013364
450.435      -2.022653
450.450      -2.031917
450.465      -2.041153
450.480      -2.050359
450.495      -2.059531
450.510      -2.068669
450.525      -2.077769
450.540      -2.086829
450.555      -2.095847
450.570      -2.104820
450.585      -2.113745
450.600      -2.122621
450.615      -2.131446
450.630      -2.140216
450.645      -2.148931
450.660      -2.157586
450.675      -2.166181
450.690      -2.174714
450.705      -2.183181
450.720      -2.191581
450.735      -2.199912
450.750      -2.208171
450.765      -2.216358
450.780      -2.224469
450.795      -2.232502
450.810      -2.240457
450.825      -2.248330
450.840      -2.256120
450.855      -2.263826
450.870      -2.271445
450.885      -2.278975
450.900      -2.286415
450.915      -2.293763
450.930      -2.301018
450.945      -2.308178
450.960      -2.315241
450.975      -2.322205
450.990      -2.329070
451.005      -2.335833
451.020      -2.342493
451.035      -2.349050
451.050      -2.355500
451.065      -2.361844
451.080      -2.368080
451.095      -2.374206
451.110      -2.380221
451.125      -2.386125
451.140      -2.391916
451.155      -2.397593
451.170      -2.403155
451.185      -2.408600
451.200      -2.413929
451.215      -2.419140
451.230      -2.424232
451.245      -2.429204
451.260      -2.434056
451.275      -2.438787
451.290      -2.443396
451.305      -2.447883
451.320      -2.452246
451.335      -2.456486
451.350      -2.460602
451.365      -2.464593
451.380      -2.468459
451.395      -2.472199
451.410      -2.475813
451.425      -2.479302
451.440      -2.482663
451.455      -2.485899
451.470      -2.489007
451.485      -2.491989
451.500      -2.494843
451.515      -2.497570
451.530      -2.500171
451.545      -2.502644
451.560      -2.504990
451.575      -2.507209
451.590      -2.509302
451.605      -2.511269
451.620      -2.513109
451.635      -2.514823
451.650      -2.516411
451.665      -2.517875
451.680      -2.519214
451.695      -2.520428
451.710      -2.521518
451.725      -2.522486
451.740      -2.523330
451.755      -2.524053
451.770      -2.524653
451.785      -2.525134
451.800      -2.525494
451.815      -2.525735
451.830      -2.525857
451.845      -2.525862
451.860      -2.525750
451.875      -2.525522
451.890      -2.525179
451.905      -2.524722
451.920      -2.524152
451.935      -2.523471
451.950      -2.522678
451.965      -2.521776
451.980      -2.520765
451.995      -2.519646
452.010      -2.518422
452.025      -2.517092
452.040      -2.515659
452.055      -2.514123
452.070      -2.512486
452.085      -2.510749
452.100      -2.508913
452.115      -2.506980
452.130      -2.504952
452.145      -2.502829
452.160      -2.500613
452.175      -2.498306
452.190      -2.495909
452.205      -2.493423
452.220      -2.490851
452.235      -2.488193
452.250      -2.485452
452.265      -2.482628
452.280      -2.479724
452.295      -2.476741
452.310      -2.473680
452.325      -2.470544
452.340      -2.467333
452.355      -2.464051
452.370      -2.460697
452.385      -2.457275
452.400      -2.453785
452.415      -2.450229
452.430      -2.446610
452.445      -2.442928
452.460      -2.439186
452.475      -2.435386
452.490      -2.431528
452.505      -2.427615
452.520      -2.423649
452.535      -2.419631
452.550      -2.415563
452.565      -2.411446
452.580      -2.407283
452.595      -2.403076
452.610      -2.398826
452.625      -2.394534
452.640      -2.390203
452.655      -2.385834
452.670      -2.381429
452.685      -2.376990
452.700      -2.372518
452.715      -2.368016
452.730      -2.363484
452.745      -2.358925
452.760      -2.354341
452.775      -2.349732
452.790      -2.345101
452.805      -2.340450
452.820      -2.335779
452.835      -2.331091
452.850      -2.326387
452.865      -2.321669
452.880      -2.316939
452.895      -2.312198
452.910      -2.307447
452.925      -2.302688
452.940      -2.297924
452.955      -2.293154
452.970      -2.288381
452.985      -2.283607
453.000      -2.278832
453.015      -2.274058
453.030      -2.269287
453.045      -2.264520
453.060      -2.259758
453.075      -2.255003
453.090      -2.250256
453.105      -2.245519
453.120      -2.240792
453.135      -2.236077
453.150      -2.231375
453.165      -2.226688
453.180      -2.222017
453.195      -2.217362
453.210      -2.212725
453.225      -2.208108
453.240      -2.203511
453.255      -2.198935
453.270      -2.194381
453.285      -2.189851
453.300      -2.185346
453.315      -2.180866
453.330      -2.176412
453.345      -2.171986
453.360      -2.167587
453.375      -2.163218
453.390      -2.158879
453.405      -2.154571
453.420      -2.150294
453.435      -2.146049
453.450      -2.141838
453.465      -2.137660
453.480      -2.133517
453.495      -2.129409
453.510      -2.125337
453.525      -2.121301
453.540      -2.117303
453.555      -2.113342
453.570      -2.109418
453.585      -2.105534
453.600      -2.101689
453.615      -2.097883
453.630      -2.094117
453.645      -2.090391
453.660      -2.086706
453.675      -2.083063
453.690      -2.079461
453.705      -2.075900
453.720      -2.072382
453.735      -2.068906
453.750      -2.065472
453.765      -2.062081
453.780      -2.058733
453.795      -2.055428
453.810      -2.052167
453.825      -2.048949
453.840      -2.045774
453.855      -2.042643
453.870      -2.039555
453.885      -2.036511
453.900      -2.033511
453.915      -2.030554
453.930      -2.027641
453.945      -2.024772
453.960      -2.021946
453.975      -2.019163
453.990      -2.016424
454.005      -2.013728
454.020      -2.011075
454.035      -2.008465
454.050      -2.005898
454.065      -2.003374
454.080      -2.000891
454.095      -1.998451
454.110      -1.996053
454.125      -1.993697
454.140      -1.991381
454.155      -1.989107
454.170      -1.986874
454.185      -1.984682
454.200      -1.982529
454.215      -1.980417
454.230      -1.978344
454.245      -1.976310
454.260      -1.974315
454.275      -1.972358
454.290      -1.970440
454.305      -1.968559
454.320      -1.966715
454.335      -1.964908
454.350      -1.963137
454.365      -1.961402
454.380      -1.959703
454.395      -1.958039
454.410      -1.956409
454.425      -1.954813
454.440      -1.953251
454.455      -1.951722
454.470      -1.950226
454.485      -1.948761
454.500      -1.947328
454.515      -1.945926
454.530      -1.944554
454.545      -1.943213
454.560      -1.941901
454.575      -1.940617
454.590      -1.939362
454.605      -1.938135
454.620      -1.936935
454.635      -1.935761
454.650      -1.934614
454.665      -1.933491
454.680      -1.932394
454.695      -1.931321
454.710      -1.930272
454.725      -1.929246
454.740      -1.928242
454.755      -1.927260
454.770      -1.926299
454.785      -1.925359
454.800      -1.924440
454.815      -1.923539
454.830      -1.922657
454.845      -1.921794
454.860      -1.920948
454.875      -1.920119
454.890      -1.919307
454.905      -1.918510
454.920      -1.917728
454.935      -1.916961
454.950      -1.916207
454.965      -1.915467
454.980      -1.914739
454.995      -1.914023
455.010      -1.913318
455.025      -1.912624
455.040      -1.911940
455.055      -1.911265
455.070      -1.910599
455.085      -1.909941
455.100      -1.909290
455.115      -1.908646
455.130      -1.908008
455.145      -1.907376
455.160      -1.906748
455.175      -1.906124
455.190      -1.905504
455.205      -1.904887
455.220      -1.904272
455.235      -1.903659
455.250      -1.903046
455.265      -1.902434
455.280      -1.901821
455.295      -1.901207
455.310      -1.900592
455.325      -1.899974
455.340      -1.899353
455.355      -1.898728
455.370      -1.898100
455.385      -1.897466
455.400      -1.896827
455.415      -1.896181
455.430      -1.895529
455.445      -1.894869
455.460      -1.894201
455.475      -1.893524
455.490      -1.892838
455.505      -1.892141
455.520      -1.891435
455.535      -1.890716
455.550      -1.889986
455.565      -1.889244
455.580      -1.888488
455.595      -1.887718
455.610      -1.886934
455.625      -1.886135
455.640      -1.885321
455.655      -1.884490
455.670      -1.883642
455.685      -1.882777
455.700      -1.881894
455.715      -1.880993
455.730      -1.880072
455.745      -1.879132
455.760      -1.878171
455.775      -1.877190
455.790      -1.876187
455.805      -1.875162
455.820      -1.874115
455.835      -1.873045
455.850      -1.871951
455.865      -1.870833
455.880      -1.869691
455.895      -1.868523
455.910      -1.867330
455.925      -1.866111
455.940      -1.864865
455.955      -1.863592
455.970      -1.862292
455.985      -1.860963
456.000      -1.859606
456.015      -1.858221
456.030      -1.856806
456.045      -1.855361
456.060      -1.853886
456.075      -1.852381
456.090      -1.850845
456.105      -1.849277
456.120      -1.847678
456.135      -1.846047
456.150      -1.844383
456.165      -1.842687
456.180      -1.840958
456.195      -1.839195
456.210      -1.837399
456.225      -1.835569
456.240      -1.833705
456.255      -1.831807
456.270      -1.829874
456.285      -1.827906
456.300      -1.825903
456.315      -1.823864
456.330      -1.821790
456.345      -1.819681
456.360      -1.817536
456.375      -1.815355
456.390      -1.813138
456.405      -1.810885
456.420      -1.808595
456.435      -1.806270
456.450      -1.803908
456.465      -1.801509
456.480      -1.799074
456.495      -1.796603
456.510      -1.794095
456.525      -1.791551
456.540      -1.788971
456.555      -1.786354
456.570      -1.783701
456.585      -1.781012
456.600      -1.778287
456.615      -1.775526
456.630      -1.772729
456.645      -1.769896
456.660      -1.767029
456.675      -1.764126
456.690      -1.761188
456.705      -1.758215
456.720      -1.755208
456.735      -1.752166
456.750      -1.749091
456.765      -1.745982
456.780      -1.742840
456.795      -1.739665
456.810      -1.736457
456.825      -1.733218
456.840      -1.729946
456.855      -1.726643
456.870      -1.723309
456.885      -1.719945
456.900      -1.716551
456.915      -1.713127
456.930      -1.709675
456.945      -1.706194
456.960      -1.702685
456.975      -1.699149
456.990      -1.695586
457.005      -1.691997
457.020      -1.688383
457.035      -1.684744
457.050      -1.681080
457.065      -1.677394
457.080      -1.673684
457.095      -1.669953
457.110      -1.666200
457.125      -1.662427
457.140      -1.658634
457.155      -1.654822
457.170      -1.650992
457.185      -1.647144
457.200      -1.643280
457.215      -1.639400
457.230      -1.635506
457.245      -1.631597
457.260      -1.627676
457.275      -1.623742
457.290      -1.619798
457.305      -1.615843
457.320      -1.611879
457.335      -1.607907
457.350      -1.603928
457.365      -1.599942
457.380      -1.595951
457.395      -1.591956
457.410      -1.587958
457.425      -1.583958
457.440      -1.579957
457.455      -1.575956
457.470      -1.571956
457.485      -1.567959
457.500      -1.563965
457.515      -1.559975
457.530      -1.555992
457.545      -1.552015
457.560      -1.548047
457.575      -1.544087
457.590      -1.540139
457.605      -1.536202
457.620      -1.532278
457.635      -1.528368
457.650      -1.524473
457.665      -1.520595
457.680      -1.516735
457.695      -1.512894
457.710      -1.509073
457.725      -1.505274
457.740      -1.501498
457.755      -1.497746
457.770      -1.494020
457.785      -1.490320
457.800      -1.486648
457.815      -1.483006
457.830      -1.479395
457.845      -1.475816
457.860      -1.472270
457.875      -1.468758
457.890      -1.465283
457.905      -1.461845
457.920      -1.458446
457.935      -1.455087
457.950      -1.451769
457.965      -1.448494
457.980      -1.445263
457.995      -1.442077
458.010      -1.438938
458.025      -1.435847
458.040      -1.432805
458.055      -1.429815
458.070      -1.426876
458.085      -1.423991
458.100      -1.421160
458.115      -1.418386
458.130      -1.415669
458.145      -1.413011
458.160      -1.410413
458.175      -1.407876
458.190      -1.405402
458.205      -1.402992
458.220      -1.400648
458.235      -1.398370
458.250      -1.396160
458.265      -1.394019
458.280      -1.391949
458.295      -1.389951
458.310      -1.388026
458.325      -1.386175
458.340      -1.384400
458.355      -1.382701
458.370      -1.381081
458.385      -1.379540
458.400      -1.378080
458.415      -1.376702
458.430      -1.375406
458.445      -1.374195
458.460      -1.373069
458.475      -1.372029
458.490      -1.371078
458.505      -1.370215
458.520      -1.369442
458.535      -1.368760
458.550      -1.368170
458.565      -1.367674
458.580      -1.367272
458.595      -1.366965
458.610      -1.366755
458.625      -1.366643
458.640      -1.366629
458.655      -1.366715
458.670      -1.366901
458.685      -1.367189
458.700      -1.367579
458.715      -1.368073
458.730      -1.368672
458.745      -1.369375
458.760      -1.370185
458.775      -1.371102
458.790      -1.372127
458.805      -1.373260
458.820      -1.374503
458.835      -1.375857
458.850      -1.377322
458.865      -1.378899
458.880      -1.380588
458.895      -1.382391
458.910      -1.384308
458.925      -1.386339
458.940      -1.388487
458.955      -1.390750
458.970      -1.393130
458.985      -1.395627
459.000      -1.398242
459.015      -1.400976
459.030      -1.403829
459.045      -1.406800
459.060      -1.409892
459.075      -1.413105
459.090      -1.416438
459.105      -1.419892
459.120      -1.423468
459.135      -1.427166
459.150      -1.430987
459.165      -1.434930
459.180      -1.438995
459.195      -1.443184
459.210      -1.447497
459.225      -1.451933
459.240      -1.456493
459.255      -1.461177
459.270      -1.465985
459.285      -1.470917
459.300      -1.475974
459.315      -1.481154
459.330      -1.486460
459.345      -1.491889
459.360      -1.497443
459.375      -1.503121
459.390      -1.508924
459.405      -1.514850
459.420      -1.520901
459.435      -1.527075
459.450      -1.533373
459.465      -1.539795
459.480      -1.546339
459.495      -1.553007
459.510      -1.559797
459.525      -1.566709
459.540      -1.573743
459.555      -1.580899
459.570      -1.588175
459.585      -1.595573
459.600      -1.603090
459.615      -1.610728
459.630      -1.618484
459.645      -1.626359
459.660      -1.634352
459.675      -1.642463
459.690      -1.650690
459.705      -1.659034
459.720      -1.667493
459.735      -1.676066
459.750      -1.684754
459.765      -1.693555
459.780      -1.702468
459.795      -1.711493
459.810      -1.720629
459.825      -1.729874
459.840      -1.739228
459.855      -1.748690
459.870      -1.758260
459.885      -1.767935
459.900      -1.777716
459.915      -1.787600
459.930      -1.797587
459.945      -1.807676
459.960      -1.817866
459.975      -1.828156
459.990      -1.838543
460.005      -1.849028
460.020      -1.859609
460.035      -1.870285
460.050      -1.881054
460.065      -1.891916
460.080      -1.902868
460.095      -1.913909
460.110      -1.925039
460.125      -1.936256
460.140      -1.947558
460.155      -1.958943
460.170      -1.970412
460.185      -1.981961
460.200      -1.993589
460.215      -2.005296
460.230      -2.017078
460.245      -2.028936
460.260      -2.040867
460.275      -2.052869
460.290      -2.064942
460.305      -2.077082
460.320      -2.089289
460.335      -2.101561
460.350      -2.113897
460.365      -2.126293
460.380      -2.138750
460.395      -2.151264
460.410      -2.163834
460.425      -2.176459
460.440      -2.189136
460.455      -2.201863
460.470      -2.214639
460.485      -2.227462
460.500      -2.240330
460.515      -2.253241
460.530      -2.266193
460.545      -2.279184
460.560      -2.292212
460.575      -2.305275
460.590      -2.318371
460.605      -2.331499
460.620      -2.344655
460.635      -2.357838
460.650      -2.371046
460.665      -2.384276
460.680      -2.397528
460.695      -2.410798
460.710      -2.424084
460.725      -2.437384
460.740      -2.450697
460.755      -2.464020
460.770      -2.477350
460.785      -2.490686
460.800      -2.504025
460.815      -2.517365
460.830      -2.530704
460.845      -2.544040
460.860      -2.557370
460.875      -2.570693
460.890      -2.584005
460.905      -2.597304
460.920      -2.610589
460.935      -2.623857
460.950      -2.637106
460.965      -2.650333
460.980      -2.663536
460.995      -2.676713
461.010      -2.689861
461.025      -2.702978
461.040      -2.716061
461.055      -2.729109
461.070      -2.742119
461.085      -2.755089
461.100      -2.768016
461.115      -2.780897
461.130      -2.793731
461.145      -2.806515
461.160      -2.819247
461.175      -2.831924
461.190      -2.844544
461.205      -2.857105
461.220      -2.869604
461.235      -2.882038
461.250      -2.894406
461.265      -2.906705
461.280      -2.918933
461.295      -2.931086
461.310      -2.943164
461.325      -2.955163
461.340      -2.967081
461.355      -2.978916
461.370      -2.990665
461.385      -3.002326
461.400      -3.013897
461.415      -3.025375
461.430      -3.036758
461.445      -3.048044
461.460      -3.059230
461.475      -3.070314
461.490      -3.081294
461.505      -3.092166
461.520      -3.102930
461.535      -3.113583
461.550      -3.124122
461.565      -3.134546
461.580      -3.144851
461.595      -3.155036
461.610      -3.165099
461.625      -3.175037
461.640      -3.184848
461.655      -3.194531
461.670      -3.204081
461.685      -3.213499
461.700      -3.222781
461.715      -3.231925
461.730      -3.240930
461.745      -3.249793
461.760      -3.258512
461.775      -3.267085
461.790      -3.275510
461.805      -3.283785
461.820      -3.291909
461.835      -3.299878
461.850      -3.307692
461.865      -3.315348
461.880      -3.322844
461.895      -3.330179
461.910      -3.337351
461.925      -3.344358
461.940      -3.351197
461.955      -3.357868
461.970      -3.364369
461.985      -3.370697
462.000      -3.376852
462.015      -3.382831
462.030      -3.388633
462.045      -3.394257
462.060      -3.399700
462.075      -3.404962
462.090      -3.410040
462.105      -3.414934
462.120      -3.419641
462.135      -3.424161
462.150      -3.428492
462.165      -3.432632
462.180      -3.436581
462.195      -3.440338
462.210      -3.443900
462.225      -3.447267
462.240      -3.450437
462.255      -3.453410
462.270      -3.456184
462.285      -3.458759
462.300      -3.461133
462.315      -3.463305
462.330      -3.465275
462.345      -3.467041
462.360      -3.468602
462.375      -3.469959
462.390      -3.471109
462.405      -3.472053
462.420      -3.472790
462.435      -3.473318
462.450      -3.473638
462.465      -3.473748
462.480      -3.473649
462.495      -3.473340
462.510      -3.472819
462.525      -3.472088
462.540      -3.471145
462.555      -3.469991
462.570      -3.468624
462.585      -3.467045
462.600      -3.465254
462.615      -3.463250
462.630      -3.461033
462.645      -3.458603
462.660      -3.455961
462.675      -3.453106
462.690      -3.450038
462.705      -3.446758
462.720      -3.443265
462.735      -3.439560
462.750      -3.435644
462.765      -3.431515
462.780      -3.427175
462.795      -3.422625
462.810      -3.417863
462.825      -3.412892
462.840      -3.407712
462.855      -3.402322
462.870      -3.396724
462.885      -3.390919
462.900      -3.384906
462.915      -3.378687
462.930      -3.372263
462.945      -3.365634
462.960      -3.358801
462.975      -3.351765
462.990      -3.344528
463.005      -3.337089
463.020      -3.329451
463.035      -3.321614
463.050      -3.313579
463.065      -3.305347
463.080      -3.296920
463.095      -3.288299
463.110      -3.279486
463.125      -3.270480
463.140      -3.261285
463.155      -3.251900
463.170      -3.242329
463.185      -3.232571
463.200      -3.222629
463.215      -3.212504
463.230      -3.202198
463.245      -3.191713
463.260      -3.181049
463.275      -3.170209
463.290      -3.159195
463.305      -3.148008
463.320      -3.136650
463.335      -3.125123
463.350      -3.113428
463.365      -3.101568
463.380      -3.089544
463.395      -3.077359
463.410      -3.065015
463.425      -3.052513
463.440      -3.039855
463.455      -3.027044
463.470      -3.014082
463.485      -3.000971
463.500      -2.987712
463.515      -2.974309
463.530      -2.960763
463.545      -2.947077
463.560      -2.933253
463.575      -2.919293
463.590      -2.905199
463.605      -2.890975
463.620      -2.876621
463.635      -2.862141
463.650      -2.847537
463.665      -2.832812
463.680      -2.817968
463.695      -2.803006
463.710      -2.787931
463.725      -2.772744
463.740      -2.757448
463.755      -2.742045
463.770      -2.726538
463.785      -2.710930
463.800      -2.695223
463.815      -2.679419
463.830      -2.663522
463.845      -2.647534
463.860      -2.631457
463.875      -2.615295
463.890      -2.599049
463.905      -2.582723
463.920      -2.566319
463.935      -2.549840
463.950      -2.533289
463.965      -2.516668
463.980      -2.499981
463.995      -2.483229
464.010      -2.466415
464.025      -2.449543
464.040      -2.432615
464.055      -2.415633
464.070      -2.398601
464.085      -2.381522
464.100      -2.364397
464.115      -2.347230
464.130      -2.330024
464.145      -2.312780
464.160      -2.295503
464.175      -2.278195
464.190      -2.260858
464.205      -2.243495
464.220      -2.226109
464.235      -2.208703
464.250      -2.191280
464.265      -2.173841
464.280      -2.156391
464.295      -2.138931
464.310      -2.121465
464.325      -2.103995
464.340      -2.086523
464.355      -2.069053
464.370      -2.051588
464.385      -2.034129
464.400      -2.016679
464.415      -1.999242
464.430      -1.981819
464.445      -1.964413
464.460      -1.947028
464.475      -1.929665
464.490      -1.912328
464.505      -1.895018
464.520      -1.877738
464.535      -1.860492
464.550      -1.843280
464.565      -1.826107
464.580      -1.808974
464.595      -1.791883
464.610      -1.774838
464.625      -1.757841
464.640      -1.740894
464.655      -1.723999
464.670      -1.707159
464.685      -1.690377
464.700      -1.673654
464.715      -1.656993
464.730      -1.640396
464.745      -1.623865
464.760      -1.607403
464.775      -1.591013
464.790      -1.574695
464.805      -1.558453
464.820      -1.542288
464.835      -1.526202
464.850      -1.510199
464.865      -1.494279
464.880      -1.478445
464.895      -1.462698
464.910      -1.447042
464.925      -1.431477
464.940      -1.416007
464.955      -1.400632
464.970      -1.385354
464.985      -1.370176
465.000      -1.355099
465.015      -1.340126
465.030      -1.325257
465.045      -1.310495
465.060      -1.295842
465.075      -1.281298
465.090      -1.266867
465.105      -1.252548
465.120      -1.238345
465.135      -1.224259
465.150      -1.210291
465.165      -1.196442
465.180      -1.182715
465.195      -1.169110
465.210      -1.155630
465.225      -1.142275
465.240      -1.129047
465.255      -1.115948
465.270      -1.102978
465.285      -1.090139
465.300      -1.077433
465.315      -1.064860
465.330      -1.052422
465.345      -1.040119
465.360      -1.027954
465.375      -1.015927
465.390      -1.004039
465.405      -0.992292
465.420      -0.980686
465.435      -0.969222
465.450      -0.957902
465.465      -0.946726
465.480      -0.935696
465.495      -0.924812
465.510      -0.914074
465.525      -0.903485
465.540      -0.893045
465.555      -0.882754
465.570      -0.872613
465.585      -0.862623
465.600      -0.852785
465.615      -0.843100
465.630      -0.833567
465.645      -0.824189
465.660      -0.814964
465.675      -0.805895
465.690      -0.796981
465.705      -0.788222
465.720      -0.779621
465.735      -0.771176
465.750      -0.762888
465.765      -0.754758
465.780      -0.746786
465.795      -0.738973
465.810      -0.731319
465.825      -0.723824
465.840      -0.716488
465.855      -0.709312
465.870      -0.702296
465.885      -0.695440
465.900      -0.688744
465.915      -0.682209
465.930      -0.675834
465.945      -0.669621
465.960      -0.663568
465.975      -0.657676
465.990      -0.651945
466.005      -0.646375
466.020      -0.640966
466.035      -0.635718
466.050      -0.630631
466.065      -0.625705
466.080      -0.620940
466.095      -0.616336
466.110      -0.611892
466.125      -0.607608
466.140      -0.603485
466.155      -0.599522
466.170      -0.595719
466.185      -0.592075
466.200      -0.588591
466.215      -0.585265
466.230      -0.582099
466.245      -0.579091
466.260      -0.576241
466.275      -0.573550
466.290      -0.571015
466.305      -0.568638
466.320      -0.566417
466.335      -0.564353
466.350      -0.562444
466.365      -0.560691
466.380      -0.559092
466.395      -0.557648
466.410      -0.556358
466.425      -0.555221
466.440      -0.554237
466.455      -0.553405
466.470      -0.552725
466.485      -0.552196
466.500      -0.551817
466.515      -0.551588
466.530      -0.551509
466.545      -0.551578
466.560      -0.551794
466.575      -0.552158
466.590      -0.552669
466.605      -0.553325
466.620      -0.554126
466.635      -0.555071
466.650      -0.556160
466.665      -0.557392
466.680      -0.558766
466.695      -0.560281
466.710      -0.561936
466.725      -0.563731
466.740      -0.565664
466.755      -0.567736
466.770      -0.569944
466.785      -0.572289
466.800      -0.574769
466.815      -0.577383
466.830      -0.580131
466.845      -0.583011
466.860      -0.586023
466.875      -0.589166
466.890      -0.592438
466.905      -0.595839
466.920      -0.599368
466.935      -0.603024
466.950      -0.606806
466.965      -0.610712
466.980      -0.614743
466.995      -0.618896
467.010      -0.623171
467.025      -0.627567
467.040      -0.632082
467.055      -0.636716
467.070      -0.641468
467.085      -0.646336
467.100      -0.651320
467.115      -0.656418
467.130      -0.661629
467.145      -0.666952
467.160      -0.672387
467.175      -0.677931
467.190      -0.683584
467.205      -0.689345
467.220      -0.695212
467.235      -0.701185
467.250      -0.707262
467.265      -0.713442
467.280      -0.719723
467.295      -0.726106
467.310      -0.732588
467.325      -0.739168
467.340      -0.745845
467.355      -0.752619
467.370      -0.759487
467.385      -0.766448
467.400      -0.773502
467.415      -0.780647
467.430      -0.787882
467.445      -0.795205
467.460      -0.802616
467.475      -0.810113
467.490      -0.817694
467.505      -0.825360
467.520      -0.833107
467.535      -0.840936
467.550      -0.848844
467.565      -0.856832
467.580      -0.864896
467.595      -0.873036
467.610      -0.881251
467.625      -0.889540
467.640      -0.897901
467.655      -0.906332
467.670      -0.914833
467.685      -0.923403
467.700      -0.932039
467.715      -0.940741
467.730      -0.949507
467.745      -0.958336
467.760      -0.967228
467.775      -0.976179
467.790      -0.985190
467.805      -0.994258
467.820      -1.003383
467.835      -1.012563
467.850      -1.021797
467.865      -1.031083
467.880      -1.040421
467.895      -1.049808
467.910      -1.059244
467.925      -1.068727
467.940      -1.078256
467.955      -1.087830
467.970      -1.097447
467.985      -1.107106
468.000      -1.116805
468.015      -1.126544
468.030      -1.136321
468.045      -1.146134
468.060      -1.155983
468.075      -1.165866
468.090      -1.175781
468.105      -1.185728
468.120      -1.195705
468.135      -1.205711
468.150      -1.215744
468.165      -1.225804
468.180      -1.235888
468.195      -1.245996
468.210      -1.256126
468.225      -1.266277
468.240      -1.276448
468.255      -1.286637
468.270      -1.296843
468.285      -1.307065
468.300      -1.317302
468.315      -1.327552
468.330      -1.337814
468.345      -1.348087
468.360      -1.358369
468.375      -1.368660
468.390      -1.378958
468.405      -1.389261
468.420      -1.399569
468.435      -1.409881
468.450      -1.420194
468.465      -1.430509
468.480      -1.440823
468.495      -1.451136
468.510      -1.461446
468.525      -1.471752
468.540      -1.482053
468.555      -1.492348
468.570      -1.502636
468.585      -1.512915
468.600      -1.523184
468.615      -1.533442
468.630      -1.543689
468.645      -1.553923
468.660      -1.564142
468.675      -1.574346
468.690      -1.584534
468.705      -1.594705
468.720      -1.604857
468.735      -1.614989
468.750      -1.625101
468.765      -1.635191
468.780      -1.645259
468.795      -1.655303
468.810      -1.665322
468.825      -1.675316
468.840      -1.685283
468.855      -1.695223
468.870      -1.705134
468.885      -1.715015
468.900      -1.724867
468.915      -1.734686
468.930      -1.744474
468.945      -1.754229
468.960      -1.763950
468.975      -1.773636
468.990      -1.783286
469.005      -1.792901
469.020      -1.802477
469.035      -1.812016
469.050      -1.821516
469.065      -1.830977
469.080      -1.840397
469.095      -1.849776
469.110      -1.859114
469.125      -1.868409
469.140      -1.877661
469.155      -1.886869
469.170      -1.896033
469.185      -1.905152
469.200      -1.914226
469.215      -1.923253
469.230      -1.932234
469.245      -1.941167
469.260      -1.950052
469.275      -1.958889
469.290      -1.967678
469.305      -1.976417
469.320      -1.985106
469.335      -1.993745
469.350      -2.002334
469.365      -2.010872
469.380      -2.019358
469.395      -2.027793
469.410      -2.036176
469.425      -2.044506
469.440      -2.052784
469.455      -2.061009
469.470      -2.069181
469.485      -2.077299
469.500      -2.085365
469.515      -2.093376
469.530      -2.101333
469.545      -2.109237
469.560      -2.117086
469.575      -2.124882
469.590      -2.132622
469.605      -2.140309
469.620      -2.147941
469.635      -2.155519
469.650      -2.163042
469.665      -2.170511
469.680      -2.177925
469.695      -2.185285
469.710      -2.192591
469.725      -2.199843
469.740      -2.207041
469.755      -2.214185
469.770      -2.221276
469.785      -2.228313
469.800      -2.235297
469.815      -2.242228
469.830      -2.249106
469.845      -2.255931
469.860      -2.262704
469.875      -2.269425
469.890      -2.276095
469.905      -2.282713
469.920      -2.289281
469.935      -2.295797
469.950      -2.302264
469.965      -2.308681
469.980      -2.315048
469.995      -2.321367
470.010      -2.327637
470.025      -2.333859
470.040      -2.340033
470.055      -2.346160
470.070      -2.352241
470.085      -2.358276
470.100      -2.364265
470.115      -2.370209
470.130      -2.376109
470.145      -2.381965
470.160      -2.387778
470.175      -2.393548
470.190      -2.399276
470.205      -2.404962
470.220      -2.410608
470.235      -2.416213
470.250      -2.421779
470.265      -2.427306
470.280      -2.432795
470.295      -2.438245
470.310      -2.443659
470.325      -2.449037
470.340      -2.454378
470.355      -2.459685
470.370      -2.464958
470.385      -2.470196
470.400      -2.475402
470.415      -2.480576
470.430      -2.485718
470.445      -2.490829
470.460      -2.495909
470.475      -2.500960
470.490      -2.505983
470.505      -2.510977
470.520      -2.515943
470.535      -2.520883
470.550      -2.525796
470.565      -2.530684
470.580      -2.535547
470.595      -2.540386
470.610      -2.545201
470.625      -2.549994
470.640      -2.554764
470.655      -2.559512
470.670      -2.564239
470.685      -2.568946
470.700      -2.573633
470.715      -2.578301
470.730      -2.582950
470.745      -2.587581
470.760      -2.592195
470.775      -2.596792
470.790      -2.601372
470.805      -2.605936
470.820      -2.610485
470.835      -2.615019
470.850      -2.619538
470.865      -2.624044
470.880      -2.628536
470.895      -2.633015
470.910      -2.637482
470.925      -2.641936
470.940      -2.646379
470.955      -2.650810
470.970      -2.655229
470.985      -2.659639
471.000      -2.664037
471.015      -2.668426
471.030      -2.672805
471.045      -2.677174
471.060      -2.681534
471.075      -2.685885
471.090      -2.690227
471.105      -2.694561
471.120      -2.698886
471.135      -2.703203
471.150      -2.707511
471.165      -2.711812
471.180      -2.716104
471.195      -2.720389
471.210      -2.724666
471.225      -2.728935
471.240      -2.733196
471.255      -2.737450
471.270      -2.741696
471.285      -2.745934
471.300      -2.750164
471.315      -2.754386
471.330      -2.758600
471.345      -2.762806
471.360      -2.767004
471.375      -2.771193
471.390      -2.775373
471.405      -2.779545
471.420      -2.783707
471.435      -2.787860
471.450      -2.792003
471.465      -2.796137
471.480      -2.800260
471.495      -2.804372
471.510      -2.808474
471.525      -2.812564
471.540      -2.816643
471.555      -2.820710
471.570      -2.824764
471.585      -2.828805
471.600      -2.832833
471.615      -2.836847
471.630      -2.840847
471.645      -2.844831
471.660      -2.848801
471.675      -2.852754
471.690      -2.856691
471.705      -2.860611
471.720      -2.864513
471.735      -2.868397
471.750      -2.872262
471.765      -2.876107
471.780      -2.879932
471.795      -2.883736
471.810      -2.887519
471.825      -2.891279
471.840      -2.895016
471.855      -2.898730
471.870      -2.902419
471.885      -2.906082
471.900      -2.909720
471.915      -2.913330
471.930      -2.916914
471.945      -2.920468
471.960      -2.923994
471.975      -2.927489
471.990      -2.930954
472.005      -2.934386
472.020      -2.937786
472.035      -2.941153
472.050      -2.944485
472.065      -2.947782
472.080      -2.951042
472.095      -2.954266
472.110      -2.957452
472.125      -2.960598
472.140      -2.963705
472.155      -2.966771
472.170      -2.969796
472.185      -2.972777
472.200      -2.975716
472.215      -2.978609
472.230      -2.981457
472.245      -2.984259
472.260      -2.987013
472.275      -2.989719
472.290      -2.992375
472.305      -2.994981
472.320      -2.997535
472.335      -3.000037
472.350      -3.002486
472.365      -3.004881
472.380      -3.007220
472.395      -3.009503
472.410      -3.011729
472.425      -3.013897
472.440      -3.016005
472.455      -3.018053
472.470      -3.020040
472.485      -3.021965
472.500      -3.023826
472.515      -3.025624
472.530      -3.027356
472.545      -3.029022
472.560      -3.030621
472.575      -3.032153
472.590      -3.033615
472.605      -3.035007
472.620      -3.036329
472.635      -3.037579
472.650      -3.038756
472.665      -3.039859
472.680      -3.040888
472.695      -3.041842
472.710      -3.042719
472.725      -3.043519
472.740      -3.044240
472.755      -3.044883
472.770      -3.045445
472.785      -3.045927
472.800      -3.046328
472.815      -3.046645
472.830      -3.046880
472.845      -3.047030
472.860      -3.047095
472.875      -3.047074
472.890      -3.046967
472.905      -3.046773
472.920      -3.046490
472.935      -3.046119
472.950      -3.045658
472.965      -3.045106
472.980      -3.044464
472.995      -3.043729
473.010      -3.042902
473.025      -3.041982
473.040      -3.040968
473.055      -3.039860
473.070      -3.038656
473.085      -3.037357
473.100      -3.035961
473.115      -3.034469
473.130      -3.032878
473.145      -3.031190
473.160      -3.029403
473.175      -3.027517
473.190      -3.025531
473.205      -3.023444
473.220      -3.021258
473.235      -3.018969
473.250      -3.016580
473.265      -3.014088
473.280      -3.011493
473.295      -3.008796
473.310      -3.005995
473.325      -3.003091
473.340      -3.000083
473.355      -2.996970
473.370      -2.993752
473.385      -2.990430
473.400      -2.987002
473.415      -2.983469
473.430      -2.979830
473.445      -2.976085
473.460      -2.972234
473.475      -2.968276
473.490      -2.964211
473.505      -2.960040
473.520      -2.955762
473.535      -2.951377
473.550      -2.946885
473.565      -2.942286
473.580      -2.937579
473.595      -2.932765
473.610      -2.927844
473.625      -2.922815
473.640      -2.917679
473.655      -2.912436
473.670      -2.907086
473.685      -2.901628
473.700      -2.896063
473.715      -2.890391
473.730      -2.884613
473.745      -2.878727
473.760      -2.872736
473.775      -2.866637
473.790      -2.860433
473.805      -2.854123
473.820      -2.847707
473.835      -2.841185
473.850      -2.834559
473.865      -2.827827
473.880      -2.820991
473.895      -2.814051
473.910      -2.807007
473.925      -2.799860
473.940      -2.792610
473.955      -2.785257
473.970      -2.777803
473.985      -2.770246
474.000      -2.762588
474.015      -2.754830
474.030      -2.746972
474.045      -2.739014
474.060      -2.730957
474.075      -2.722801
474.090      -2.714548
474.105      -2.706198
474.120      -2.697751
474.135      -2.689208
474.150      -2.680570
474.165      -2.671838
474.180      -2.663012
474.195      -2.654093
474.210      -2.645082
474.225      -2.635980
474.240      -2.626787
474.255      -2.617505
474.270      -2.608134
474.285      -2.598674
474.300      -2.589128
474.315      -2.579496
474.330      -2.569779
474.345      -2.559977
474.360      -2.550092
474.375      -2.540126
474.390      -2.530078
474.405      -2.519950
474.420      -2.509743
474.435      -2.499458
474.450      -2.489097
474.465      -2.478659
474.480      -2.468148
474.495      -2.457563
474.510      -2.446906
474.525      -2.436179
474.540      -2.425382
474.555      -2.414516
474.570      -2.403584
474.585      -2.392586
474.600      -2.381524
474.615      -2.370398
474.630      -2.359211
474.645      -2.347964
474.660      -2.336659
474.675      -2.325295
474.690      -2.313876
474.705      -2.302403
474.720      -2.290877
474.735      -2.279299
474.750      -2.267672
474.765      -2.255996
474.780      -2.244274
474.795      -2.232506
474.810      -2.220696
474.825      -2.208843
474.840      -2.196951
474.855      -2.185019
474.870      -2.173052
474.885      -2.161049
474.900      -2.149013
474.915      -2.136945
474.930      -2.124848
474.945      -2.112723
474.960      -2.100571
474.975      -2.088396
474.990      -2.076197
475.005      -2.063979
475.020      -2.051741
475.035      -2.039487
475.050      -2.027218
475.065      -2.014936
475.080      -2.002643
475.095      -1.990340
475.110      -1.978031
475.125      -1.965716
475.140      -1.953399
475.155      -1.941080
475.170      -1.928762
475.185      -1.916448
475.200      -1.904138
475.215      -1.891835
475.230      -1.879542
475.245      -1.867259
475.260      -1.854990
475.275      -1.842737
475.290      -1.830501
475.305      -1.818284
475.320      -1.806090
475.335      -1.793919
475.350      -1.781775
475.365      -1.769658
475.380      -1.757572
475.395      -1.745519
475.410      -1.733500
475.425      -1.721518
475.440      -1.709575
475.455      -1.697674
475.470      -1.685815
475.485      -1.674003
475.500      -1.662238
475.515      -1.650522
475.530      -1.638859
475.545      -1.627251
475.560      -1.615698
475.575      -1.604205
475.590      -1.592772
475.605      -1.581401
475.620      -1.570096
475.635      -1.558859
475.650      -1.547690
475.665      -1.536593
475.680      -1.525569
475.695      -1.514622
475.710      -1.503751
475.725      -1.492961
475.740      -1.482253
475.755      -1.471629
475.770      -1.461091
475.785      -1.450641
475.800      -1.440281
475.815      -1.430013
475.830      -1.419839
475.845      -1.409761
475.860      -1.399782
475.875      -1.389902
475.890      -1.380124
475.905      -1.370450
475.920      -1.360881
475.935      -1.351420
475.950      -1.342068
475.965      -1.332827
475.980      -1.323699
475.995      -1.314685
476.010      -1.305788
476.025      -1.297009
476.040      -1.288349
476.055      -1.279811
476.070      -1.271395
476.085      -1.263104
476.100      -1.254939
476.115      -1.246901
476.130      -1.238993
476.145      -1.231214
476.160      -1.223568
476.175      -1.216054
476.190      -1.208675
476.205      -1.201432
476.220      -1.194326
476.235      -1.187358
476.250      -1.180530
476.265      -1.173842
476.280      -1.167297
476.295      -1.160894
476.310      -1.154635
476.325      -1.148520
476.340      -1.142552
476.355      -1.136730
476.370      -1.131056
476.385      -1.125530
476.400      -1.120154
476.415      -1.114928
476.430      -1.109852
476.445      -1.104927
476.460      -1.100155
476.475      -1.095535
476.490      -1.091068
476.505      -1.086755
476.520      -1.082595
476.535      -1.078590
476.550      -1.074740
476.565      -1.071044
476.580      -1.067504
476.595      -1.064119
476.610      -1.060890
476.625      -1.057817
476.640      -1.054900
476.655      -1.052138
476.670      -1.049532
476.685      -1.047082
476.700      -1.044787
476.715      -1.042648
476.730      -1.040665
476.745      -1.038836
476.760      -1.037162
476.775      -1.035642
476.790      -1.034276
476.805      -1.033064
476.820      -1.032004
476.835      -1.031098
476.850      -1.030343
476.865      -1.029739
476.880      -1.029286
476.895      -1.028983
476.910      -1.028829
476.925      -1.028824
476.940      -1.028966
476.955      -1.029254
476.970      -1.029689
476.985      -1.030268
477.000      -1.030990
477.015      -1.031856
477.030      -1.032863
477.045      -1.034010
477.060      -1.035297
477.075      -1.036721
477.090      -1.038282
477.105      -1.039979
477.120      -1.041810
477.135      -1.043773
477.150      -1.045868
477.165      -1.048092
477.180      -1.050445
477.195      -1.052925
477.210      -1.055530
477.225      -1.058259
477.240      -1.061110
477.255      -1.064081
477.270      -1.067171
477.285      -1.070377
477.300      -1.073699
477.315      -1.077135
477.330      -1.080682
477.345      -1.084338
477.360      -1.088103
477.375      -1.091974
477.390      -1.095949
477.405      -1.100025
477.420      -1.104202
477.435      -1.108478
477.450      -1.112849
477.465      -1.117314
477.480      -1.121872
477.495      -1.126519
477.510      -1.131254
477.525      -1.136075
477.540      -1.140980
477.555      -1.145965
477.570      -1.151031
477.585      -1.156173
477.600      -1.161390
477.615      -1.166680
477.630      -1.172040
477.645      -1.177469
477.660      -1.182964
477.675      -1.188522
477.690      -1.194142
477.705      -1.199821
477.720      -1.205557
477.735      -1.211348
477.750      -1.217192
477.765      -1.223085
477.780      -1.229026
477.795      -1.235013
477.810      -1.241044
477.825      -1.247115
477.840      -1.253226
477.855      -1.259373
477.870      -1.265554
477.885      -1.271767
477.900      -1.278010
477.915      -1.284281
477.930      -1.290577
477.945      -1.296896
477.960      -1.303236
477.975      -1.309594
477.990      -1.315970
478.005      -1.322360
478.020      -1.328762
478.035      -1.335174
478.050      -1.341594
478.065      -1.348020
478.080      -1.354450
478.095      -1.360881
478.110      -1.367313
478.125      -1.373742
478.140      -1.380167
478.155      -1.386586
478.170      -1.392996
478.185      -1.399397
478.200      -1.405785
478.215      -1.412160
478.230      -1.418519
478.245      -1.424860
478.260      -1.431183
478.275      -1.437484
478.290      -1.443763
478.305      -1.450017
478.320      -1.456246
478.335      -1.462447
478.350      -1.468618
478.365      -1.474759
478.380      -1.480868
478.395      -1.486943
478.410      -1.492982
478.425      -1.498986
478.440      -1.504951
478.455      -1.510877
478.470      -1.516763
478.485      -1.522607
478.500      -1.528408
478.515      -1.534165
478.530      -1.539876
478.545      -1.545542
478.560      -1.551160
478.575      -1.556729
478.590      -1.562249
478.605      -1.567720
478.620      -1.573139
478.635      -1.578506
478.650      -1.583820
478.665      -1.589081
478.680      -1.594288
478.695      -1.599440
478.710      -1.604537
478.725      -1.609577
478.740      -1.614562
478.755      -1.619489
478.770      -1.624359
478.785      -1.629171
478.800      -1.633924
478.815      -1.638620
478.830      -1.643256
478.845      -1.647834
478.860      -1.652353
478.875      -1.656812
478.890      -1.661212
478.905      -1.665552
478.920      -1.669833
478.935      -1.674055
478.950      -1.678217
478.965      -1.682321
478.980      -1.686365
478.995      -1.690350
479.010      -1.694277
479.025      -1.698145
479.040      -1.701955
479.055      -1.705708
479.070      -1.709403
479.085      -1.713041
479.100      -1.716623
479.115      -1.720150
479.130      -1.723620
479.145      -1.727036
479.160      -1.730398
479.175      -1.733706
479.190      -1.736962
479.205      -1.740165
479.220      -1.743316
479.235      -1.746417
479.250      -1.749468
479.265      -1.752470
479.280      -1.755424
479.295      -1.758331
479.310      -1.761191
479.325      -1.764005
479.340      -1.766775
479.355      -1.769502
479.370      -1.772186
479.385      -1.774828
479.400      -1.777430
479.415      -1.779993
479.430      -1.782517
479.445      -1.785005
479.460      -1.787456
479.475      -1.789872
479.490      -1.792255
479.505      -1.794605
479.520      -1.796924
479.535      -1.799212
479.550      -1.801472
479.565      -1.803704
479.580      -1.805910
479.595      -1.808091
479.610      -1.810248
479.625      -1.812383
479.640      -1.814496
479.655      -1.816589
479.670      -1.818664
479.685      -1.820721
479.700      -1.822762
479.715      -1.824789
479.730      -1.826802
479.745      -1.828803
479.760      -1.830794
479.775      -1.832775
479.790      -1.834748
479.805      -1.836715
479.820      -1.838676
479.835      -1.840633
479.850      -1.842587
479.865      -1.844540
479.880      -1.846493
479.895      -1.848446
479.910      -1.850403
479.925      -1.852363
479.940      -1.854328
479.955      -1.856300
479.970      -1.858279
479.985      -1.860266
480.000      -1.862264
480.015      -1.864274
480.030      -1.866295
480.045      -1.868331
480.060      -1.870381
480.075      -1.872447
480.090      -1.874531
480.105      -1.876633
480.120      -1.878754
480.135      -1.880896
480.150      -1.883060
480.165      -1.885247
480.180      -1.887457
480.195      -1.889692
480.210      -1.891953
480.225      -1.894241
480.240      -1.896556
480.255      -1.898901
480.270      -1.901275
480.285      -1.903679
480.300      -1.906115
480.315      -1.908584
480.330      -1.911085
480.345      -1.913621
480.360      -1.916191
480.375      -1.918797
480.390      -1.921440
480.405      -1.924119
480.420      -1.926836
480.435      -1.929591
480.450      -1.932385
480.465      -1.935219
480.480      -1.938093
480.495      -1.941008
480.510      -1.943964
480.525      -1.946961
480.540      -1.950001
480.555      -1.953084
480.570      -1.956210
480.585      -1.959379
480.600      -1.962592
480.615      -1.965850
480.630      -1.969151
480.645      -1.972498
480.660      -1.975890
480.675      -1.979327
480.690      -1.982809
480.705      -1.986337
480.720      -1.989911
480.735      -1.993531
480.750      -1.997196
480.765      -2.000908
480.780      -2.004665
480.795      -2.008469
480.810      -2.012319
480.825      -2.016215
480.840      -2.020156
480.855      -2.024143
480.870      -2.028176
480.885      -2.032255
480.900      -2.036378
480.915      -2.040547
480.930      -2.044761
480.945      -2.049019
480.960      -2.053321
480.975      -2.057667
480.990      -2.062056
481.005      -2.066489
481.020      -2.070965
481.035      -2.075483
481.050      -2.080042
481.065      -2.084643
481.080      -2.089285
481.095      -2.093968
481.110      -2.098690
481.125      -2.103451
481.140      -2.108251
481.155      -2.113089
481.170      -2.117964
481.185      -2.122876
481.200      -2.127824
481.215      -2.132808
481.230      -2.137825
481.245      -2.142877
481.260      -2.147962
481.275      -2.153079
481.290      -2.158227
481.305      -2.163406
481.320      -2.168615
481.335      -2.173852
481.350      -2.179118
481.365      -2.184411
481.380      -2.189729
481.395      -2.195073
481.410      -2.200442
481.425      -2.205833
481.440      -2.211247
481.455      -2.216682
481.470      -2.222138
481.485      -2.227612
481.500      -2.233105
481.515      -2.238615
481.530      -2.244141
481.545      -2.249682
481.560      -2.255236
481.575      -2.260804
481.590      -2.266383
481.605      -2.271972
481.620      -2.277571
481.635      -2.283178
481.650      -2.288792
481.665      -2.294412
481.680      -2.300036
481.695      -2.305664
481.710      -2.311294
481.725      -2.316925
481.740      -2.322556
481.755      -2.328185
481.770      -2.333812
481.785      -2.339434
481.800      -2.345052
481.815      -2.350663
481.830      -2.356266
481.845      -2.361861
481.860      -2.367445
481.875      -2.373017
481.890      -2.378577
481.905      -2.384123
481.920      -2.389654
481.935      -2.395168
481.950      -2.400664
481.965      -2.406141
481.980      -2.411597
481.995      -2.417032
482.010      -2.422444
482.025      -2.427831
482.040      -2.433193
482.055      -2.438528
482.070      -2.443835
482.085      -2.449112
482.100      -2.454359
482.115      -2.459573
482.130      -2.464755
482.145      -2.469902
482.160      -2.475013
482.175      -2.480086
482.190      -2.485122
482.205      -2.490118
482.220      -2.495073
482.235      -2.499986
482.250      -2.504856
482.265      -2.509682
482.280      -2.514461
482.295      -2.519194
482.310      -2.523878
482.325      -2.528513
482.340      -2.533097
482.355      -2.537630
482.370      -2.542110
482.385      -2.546535
482.400      -2.550905
482.415      -2.555219
482.430      -2.559475
482.445      -2.563673
482.460      -2.567811
482.475      -2.571888
482.490      -2.575902
482.505      -2.579854
482.520      -2.583742
482.535      -2.587564
482.550      -2.591320
482.565      -2.595009
482.580      -2.598629
482.595      -2.602180
482.610      -2.605660
482.625      -2.609070
482.640      -2.612407
482.655      -2.615670
482.670      -2.618860
482.685      -2.621974
482.700      -2.625013
482.715      -2.627974
482.730      -2.630858
482.745      -2.633663
482.760      -2.636388
482.775      -2.639033
482.790      -2.641598
482.805      -2.644080
482.820      -2.646479
482.835      -2.648795
482.850      -2.651027
482.865      -2.653174
482.880      -2.655235
482.895      -2.657210
482.910      -2.659098
482.925      -2.660899
482.940      -2.662611
482.955      -2.664235
482.970      -2.665769
482.985      -2.667213
483.000      -2.668566
483.015      -2.669829
483.030      -2.671000
483.045      -2.672079
483.060      -2.673066
483.075      -2.673960
483.090      -2.674760
483.105      -2.675467
483.120      -2.676080
483.135      -2.676598
483.150      -2.677022
483.165      -2.677351
483.180      -2.677584
483.195      -2.677722
483.210      -2.677765
483.225      -2.677711
483.240      -2.677561
483.255      -2.677315
483.270      -2.676973
483.285      -2.676534
483.300      -2.675998
483.315      -2.675366
483.330      -2.674637
483.345      -2.673811
483.360      -2.672889
483.375      -2.671870
483.390      -2.670755
483.405      -2.669543
483.420      -2.668235
483.435      -2.666831
483.450      -2.665330
483.465      -2.663734
483.480      -2.662043
483.495      -2.660256
483.510      -2.658374
483.525      -2.656397
483.540      -2.654326
483.555      -2.652161
483.570      -2.649903
483.585      -2.647551
483.600      -2.645106
483.615      -2.642569
483.630      -2.639940
483.645      -2.637220
483.660      -2.634409
483.675      -2.631508
483.690      -2.628517
483.705      -2.625437
483.720      -2.622269
483.735      -2.619014
483.750      -2.615671
483.765      -2.612242
483.780      -2.608728
483.795      -2.605128
483.810      -2.601445
483.825      -2.597679
483.840      -2.593831
483.855      -2.589901
483.870      -2.585891
483.885      -2.581801
483.900      -2.577632
483.915      -2.573386
483.930      -2.569064
483.945      -2.564665
483.960      -2.560192
483.975      -2.555646
483.990      -2.551027
484.005      -2.546337
484.020      -2.541577
484.035      -2.536748
484.050      -2.531851
484.065      -2.526887
484.080      -2.521858
484.095      -2.516764
484.110      -2.511608
484.125      -2.506390
484.140      -2.501111
484.155      -2.495774
484.170      -2.490379
484.185      -2.484927
484.200      -2.479421
484.215      -2.473861
484.230      -2.468248
484.245      -2.462585
484.260      -2.456872
484.275      -2.451112
484.290      -2.445305
484.305      -2.439453
484.320      -2.433558
484.335      -2.427620
484.350      -2.421642
484.365      -2.415626
484.380      -2.409571
484.395      -2.403481
484.410      -2.397357
484.425      -2.391200
484.440      -2.385011
484.455      -2.378794
484.470      -2.372548
484.485      -2.366276
484.500      -2.359979
484.515      -2.353659
484.530      -2.347317
484.545      -2.340956
484.560      -2.334576
484.575      -2.328180
484.590      -2.321769
484.605      -2.315344
484.620      -2.308908
484.635      -2.302461
484.650      -2.296007
484.665      -2.289545
484.680      -2.283078
484.695      -2.276608
484.710      -2.270136
484.725      -2.263664
484.740      -2.257194
484.755      -2.250726
484.770      -2.244263
484.785      -2.237807
484.800      -2.231358
484.815      -2.224920
484.830      -2.218492
484.845      -2.212077
484.860      -2.205676
484.875      -2.199292
484.890      -2.192924
484.905      -2.186576
484.920      -2.180249
484.935      -2.173944
484.950      -2.167662
484.965      -2.161406
484.980      -2.155177
484.995      -2.148976
485.010      -2.142804
485.025      -2.136664
485.040      -2.130556
485.055      -2.124482
485.070      -2.118444
485.085      -2.112443
485.100      -2.106480
485.115      -2.100557
485.130      -2.094674
485.145      -2.088834
485.160      -2.083038
485.175      -2.077286
485.190      -2.071581
485.205      -2.065923
485.220      -2.060314
485.235      -2.054754
485.250      -2.049246
485.265      -2.043790
485.280      -2.038388
485.295      -2.033040
485.310      -2.027747
485.325      -2.022511
485.340      -2.017333
485.355      -2.012214
485.370      -2.007154
485.385      -2.002155
485.400      -1.997218
485.415      -1.992343
485.430      -1.987532
485.445      -1.982785
485.460      -1.978103
485.475      -1.973488
485.490      -1.968939
485.505      -1.964458
485.520      -1.960044
485.535      -1.955700
485.550      -1.951426
485.565      -1.947222
485.580      -1.943089
485.595      -1.939027
485.610      -1.935037
485.625      -1.931120
485.640      -1.927276
485.655      -1.923506
485.670      -1.919810
485.685      -1.916188
485.700      -1.912641
485.715      -1.909169
485.730      -1.905772
485.745      -1.902451
485.760      -1.899206
485.775      -1.896038
485.790      -1.892946
485.805      -1.889930
485.820      -1.886991
485.835      -1.884129
485.850      -1.881344
485.865      -1.878636
485.880      -1.876005
485.895      -1.873450
485.910      -1.870973
485.925      -1.868572
485.940      -1.866248
485.955      -1.864001
485.970      -1.861829
485.985      -1.859734
486.000      -1.857715
486.015      -1.855772
486.030      -1.853904
486.045      -1.852111
486.060      -1.850392
486.075      -1.848748
486.090      -1.847178
486.105      -1.845681
486.120      -1.844257
486.135      -1.842905
486.150      -1.841625
486.165      -1.840417
486.180      -1.839279
486.195      -1.838212
486.210      -1.837214
486.225      -1.836285
486.240      -1.835423
486.255      -1.834629
486.270      -1.833902
486.285      -1.833241
486.300      -1.832644
486.315      -1.832112
486.330      -1.831643
486.345      -1.831236
486.360      -1.830891
486.375      -1.830606
486.390      -1.830381
486.405      -1.830215
486.420      -1.830106
486.435      -1.830053
486.450      -1.830057
486.465      -1.830114
486.480      -1.830225
486.495      -1.830388
486.510      -1.830602
486.525      -1.830866
486.540      -1.831179
486.555      -1.831539
486.570      -1.831945
486.585      -1.832396
486.600      -1.832891
486.615      -1.833429
486.630      -1.834008
486.645      -1.834626
486.660      -1.835284
486.675      -1.835978
486.690      -1.836708
486.705      -1.837473
486.720      -1.838270
486.735      -1.839100
486.750      -1.839959
486.765      -1.840847
486.780      -1.841763
486.795      -1.842705
486.810      -1.843671
486.825      -1.844660
486.840      -1.845671
486.855      -1.846701
486.870      -1.847751
486.885      -1.848817
486.900      -1.849898
486.915      -1.850994
486.930      -1.852102
486.945      -1.853221
486.960      -1.854350
486.975      -1.855486
486.990      -1.856629
487.005      -1.857776
487.020      -1.858927
487.035      -1.860079
487.050      -1.861231
487.065      -1.862382
487.080      -1.863530
487.095      -1.864674
487.110      -1.865811
487.125      -1.866941
487.140      -1.868062
487.155      -1.869172
487.170      -1.870269
487.185      -1.871353
487.200      -1.872422
487.215      -1.873474
487.230      -1.874508
487.245      -1.875521
487.260      -1.876514
487.275      -1.877484
487.290      -1.878429
487.305      -1.879349
487.320      -1.880242
487.335      -1.881106
487.350      -1.881940
487.365      -1.882742
487.380      -1.883512
487.395      -1.884247
487.410      -1.884947
487.425      -1.885610
487.440      -1.886234
487.455      -1.886819
487.470      -1.887362
487.485      -1.887864
487.500      -1.888321
487.515      -1.888734
487.530      -1.889101
487.545      -1.889421
487.560      -1.889692
487.575      -1.889913
487.590      -1.890083
487.605      -1.890202
487.620      -1.890267
487.635      -1.890278
487.650      -1.890234
487.665      -1.890133
487.680      -1.889975
487.695      -1.889759
487.710      -1.889483
487.725      -1.889147
487.740      -1.888750
487.755      -1.888291
487.770      -1.887768
487.785      -1.887182
487.800      -1.886531
487.815      -1.885815
487.830      -1.885032
487.845      -1.884182
487.860      -1.883265
487.875      -1.882280
487.890      -1.881225
487.905      -1.880101
487.920      -1.878907
487.935      -1.877641
487.950      -1.876305
487.965      -1.874897
487.980      -1.873417
487.995      -1.871864
488.010      -1.870238
488.025      -1.868539
488.040      -1.866766
488.055      -1.864919
488.070      -1.862997
488.085      -1.861002
488.100      -1.858931
488.115      -1.856786
488.130      -1.854566
488.145      -1.852271
488.160      -1.849900
488.175      -1.847455
488.190      -1.844934
488.205      -1.842339
488.220      -1.839668
488.235      -1.836922
488.250      -1.834102
488.265      -1.831207
488.280      -1.828238
488.295      -1.825195
488.310      -1.822078
488.325      -1.818888
488.340      -1.815625
488.355      -1.812289
488.370      -1.808881
488.385      -1.805401
488.400      -1.801850
488.415      -1.798228
488.430      -1.794537
488.445      -1.790775
488.460      -1.786945
488.475      -1.783047
488.490      -1.779081
488.505      -1.775049
488.520      -1.770950
488.535      -1.766787
488.550      -1.762559
488.565      -1.758268
488.580      -1.753914
488.595      -1.749499
488.610      -1.745024
488.625      -1.740489
488.640      -1.735895
488.655      -1.731245
488.670      -1.726538
488.685      -1.721775
488.700      -1.716959
488.715      -1.712091
488.730      -1.707170
488.745      -1.702200
488.760      -1.697180
488.775      -1.692113
488.790      -1.687000
488.805      -1.681842
488.820      -1.676640
488.835      -1.671397
488.850      -1.666113
488.865      -1.660789
488.880      -1.655428
488.895      -1.650031
488.910      -1.644600
488.925      -1.639135
488.940      -1.633640
488.955      -1.628114
488.970      -1.622561
488.985      -1.616981
489.000      -1.611377
489.015      -1.605750
489.030      -1.600101
489.045      -1.594433
489.060      -1.588747
489.075      -1.583046
489.090      -1.577330
489.105      -1.571602
489.120      -1.565863
489.135      -1.560116
489.150      -1.554362
489.165      -1.548603
489.180      -1.542841
489.195      -1.537078
489.210      -1.531316
489.225      -1.525557
489.240      -1.519802
489.255      -1.514054
489.270      -1.508314
489.285      -1.502585
489.300      -1.496868
489.315      -1.491166
489.330      -1.485480
489.345      -1.479812
489.360      -1.474165
489.375      -1.468539
489.390      -1.462938
489.405      -1.457363
489.420      -1.451817
489.435      -1.446300
489.450      -1.440816
489.465      -1.435365
489.480      -1.429951
489.495      -1.424574
489.510      -1.419237
489.525      -1.413943
489.540      -1.408692
489.555      -1.403486
489.570      -1.398329
489.585      -1.393220
489.600      -1.388163
489.615      -1.383160
489.630      -1.378211
489.645      -1.373320
489.660      -1.368487
489.675      -1.363715
489.690      -1.359006
489.705      -1.354360
489.720      -1.349781
489.735      -1.345270
489.750      -1.340828
489.765      -1.336457
489.780      -1.332159
489.795      -1.327935
489.810      -1.323788
489.825      -1.319719
489.840      -1.315729
489.855      -1.311821
489.870      -1.307994
489.885      -1.304252
489.900      -1.300596
489.915      -1.297027
489.930      -1.293546
489.945      -1.290155
489.960      -1.286856
489.975      -1.283650
489.990      -1.280537
490.005      -1.277520
490.020      -1.274599
490.035      -1.271777
490.050      -1.269053
490.065      -1.266430
490.080      -1.263909
490.095      -1.261489
490.110      -1.259174
490.125      -1.256963
490.140      -1.254858
490.155      -1.252859
490.170      -1.250969
490.185      -1.249186
490.200      -1.247513
490.215      -1.245951
490.230      -1.244499
490.245      -1.243160
490.260      -1.241932
490.275      -1.240818
490.290      -1.239818
490.305      -1.238933
490.320      -1.238163
490.335      -1.237508
490.350      -1.236970
490.365      -1.236548
490.380      -1.236243
490.395      -1.236056
490.410      -1.235986
490.425      -1.236035
490.440      -1.236203
490.455      -1.236489
490.470      -1.236894
490.485      -1.237418
490.500      -1.238061
490.515      -1.238824
490.530      -1.239706
490.545      -1.240708
490.560      -1.241829
490.575      -1.243070
490.590      -1.244430
490.605      -1.245909
490.620      -1.247508
490.635      -1.249225
490.650      -1.251061
490.665      -1.253016
490.680      -1.255088
490.695      -1.257279
490.710      -1.259587
490.725      -1.262013
490.740      -1.264555
490.755      -1.267213
490.770      -1.269988
490.785      -1.272877
490.800      -1.275882
490.815      -1.279000
490.830      -1.282232
490.845      -1.285578
490.860      -1.289035
490.875      -1.292604
490.890      -1.296285
490.905      -1.300075
490.920      -1.303975
490.935      -1.307983
490.950      -1.312100
490.965      -1.316323
490.980      -1.320652
490.995      -1.325087
491.010      -1.329626
491.025      -1.334268
491.040      -1.339013
491.055      -1.343859
491.070      -1.348806
491.085      -1.353852
491.100      -1.358997
491.115      -1.364239
491.130      -1.369577
491.145      -1.375010
491.160      -1.380538
491.175      -1.386158
491.190      -1.391871
491.205      -1.397673
491.220      -1.403566
491.235      -1.409547
491.250      -1.415614
491.265      -1.421768
491.280      -1.428007
491.295      -1.434328
491.310      -1.440733
491.325      -1.447218
491.340      -1.453782
491.355      -1.460426
491.370      -1.467146
491.385      -1.473942
491.400      -1.480813
491.415      -1.487758
491.430      -1.494774
491.445      -1.501861
491.460      -1.509017
491.475      -1.516242
491.490      -1.523533
491.505      -1.530890
491.520      -1.538311
491.535      -1.545794
491.550      -1.553340
491.565      -1.560945
491.580      -1.568610
491.595      -1.576332
491.610      -1.584110
491.625      -1.591943
491.640      -1.599830
491.655      -1.607770
491.670      -1.615760
491.685      -1.623800
491.700      -1.631889
491.715      -1.640025
491.730      -1.648206
491.745      -1.656433
491.760      -1.664702
491.775      -1.673014
491.790      -1.681367
491.805      -1.689759
491.820      -1.698190
491.835      -1.706658
491.850      -1.715161
491.865      -1.723700
491.880      -1.732272
491.895      -1.740876
491.910      -1.749511
491.925      -1.758177
491.940      -1.766871
491.955      -1.775593
491.970      -1.784341
491.985      -1.793115
492.000      -1.801913
492.015      -1.810735
492.030      -1.819578
492.045      -1.828442
492.060      -1.837327
492.075      -1.846230
492.090      -1.855151
492.105      -1.864089
492.120      -1.873043
492.135      -1.882011
492.150      -1.890994
492.165      -1.899989
492.180      -1.908996
492.195      -1.918014
492.210      -1.927042
492.225      -1.936079
492.240      -1.945124
492.255      -1.954177
492.270      -1.963236
492.285      -1.972300
492.300      -1.981370
492.315      -1.990443
492.330      -1.999519
492.345      -2.008597
492.360      -2.017677
492.375      -2.026758
492.390      -2.035838
492.405      -2.044917
492.420      -2.053995
492.435      -2.063071
492.450      -2.072143
492.465      -2.081212
492.480      -2.090276
492.495      -2.099336
492.510      -2.108389
492.525      -2.117436
492.540      -2.126476
492.555      -2.135508
492.570      -2.144533
492.585      -2.153548
492.600      -2.162554
492.615      -2.171549
492.630      -2.180535
492.645      -2.189509
492.660      -2.198471
492.675      -2.207421
492.690      -2.216359
492.705      -2.225283
492.720      -2.234194
492.735      -2.243091
492.750      -2.251972
492.765      -2.260839
492.780      -2.269690
492.795      -2.278526
492.810      -2.287344
492.825      -2.296146
492.840      -2.304931
492.855      -2.313697
492.870      -2.322446
492.885      -2.331176
492.900      -2.339888
492.915      -2.348580
492.930      -2.357252
492.945      -2.365904
492.960      -2.374536
492.975      -2.383147
492.990      -2.391737
493.005      -2.400306
493.020      -2.408853
493.035      -2.417377
493.050      -2.425879
493.065      -2.434358
493.080      -2.442814
493.095      -2.451247
493.110      -2.459655
493.125      -2.468040
493.140      -2.476399
493.155      -2.484734
493.170      -2.493044
493.185      -2.501328
493.200      -2.509587
493.215      -2.517819
493.230      -2.526024
493.245      -2.534203
493.260      -2.542355
493.275      -2.550479
493.290      -2.558575
493.305      -2.566642
493.320      -2.574681
493.335      -2.582691
493.350      -2.590672
493.365      -2.598623
493.380      -2.606544
493.395      -2.614434
493.410      -2.622293
493.425      -2.630122
493.440      -2.637918
493.455      -2.645682
493.470      -2.653414
493.485      -2.661112
493.500      -2.668778
493.515      -2.676409
493.530      -2.684006
493.545      -2.691568
493.560      -2.699095
493.575      -2.706586
493.590      -2.714041
493.605      -2.721459
493.620      -2.728840
493.635      -2.736183
493.650      -2.743487
493.665      -2.750753
493.680      -2.757979
493.695      -2.765165
493.710      -2.772310
493.725      -2.779414
493.740      -2.786475
493.755      -2.793495
493.770      -2.800471
493.785      -2.807403
493.800      -2.814290
493.815      -2.821133
493.830      -2.827929
493.845      -2.834679
493.860      -2.841381
493.875      -2.848035
493.890      -2.854640
493.905      -2.861196
493.920      -2.867701
493.935      -2.874155
493.950      -2.880556
493.965      -2.886905
493.980      -2.893200
493.995      -2.899441
494.010      -2.905626
494.025      -2.911754
494.040      -2.917826
494.055      -2.923839
494.070      -2.929793
494.085      -2.935688
494.100      -2.941521
494.115      -2.947293
494.130      -2.953001
494.145      -2.958646
494.160      -2.964226
494.175      -2.969741
494.190      -2.975188
494.205      -2.980568
494.220      -2.985879
494.235      -2.991120
494.250      -2.996291
494.265      -3.001389
494.280      -3.006414
494.295      -3.011366
494.310      -3.016242
494.325      -3.021042
494.340      -3.025765
494.355      -3.030409
494.370      -3.034974
494.385      -3.039458
494.400      -3.043861
494.415      -3.048181
494.430      -3.052418
494.445      -3.056569
494.460      -3.060634
494.475      -3.064612
494.490      -3.068502
494.505      -3.072303
494.520      -3.076013
494.535      -3.079632
494.550      -3.083158
494.565      -3.086590
494.580      -3.089927
494.595      -3.093169
494.610      -3.096314
494.625      -3.099360
494.640      -3.102308
494.655      -3.105155
494.670      -3.107901
494.685      -3.110545
494.700      -3.113086
494.715      -3.115522
494.730      -3.117854
494.745      -3.120079
494.760      -3.122197
494.775      -3.124206
494.790      -3.126107
494.805      -3.127897
494.820      -3.129577
494.835      -3.131145
494.850      -3.132600
494.865      -3.133941
494.880      -3.135168
494.895      -3.136280
494.910      -3.137276
494.925      -3.138154
494.940      -3.138916
494.955      -3.139559
494.970      -3.140082
494.985      -3.140486
495.000      -3.140770
495.015      -3.140933
495.030      -3.140974
495.045      -3.140892
495.060      -3.140688
495.075      -3.140361
495.090      -3.139909
495.105      -3.139333
495.120      -3.138633
495.135      -3.137807
495.150      -3.136855
495.165      -3.135778
495.180      -3.134574
495.195      -3.133243
495.210      -3.131785
495.225      -3.130200
495.240      -3.128488
495.255      -3.126648
495.270      -3.124680
495.285      -3.122584
495.300      -3.120361
495.315      -3.118009
495.330      -3.115529
495.345      -3.112921
495.360      -3.110185
495.375      -3.107321
495.390      -3.104329
495.405      -3.101209
495.420      -3.097962
495.435      -3.094587
495.450      -3.091085
495.465      -3.087456
495.480      -3.083701
495.495      -3.079819
495.510      -3.075812
495.525      -3.071679
495.540      -3.067421
495.555      -3.063038
495.570      -3.058531
495.585      -3.053901
495.600      -3.049148
495.615      -3.044272
495.630      -3.039274
495.645      -3.034156
495.660      -3.028916
495.675      -3.023557
495.690      -3.018080
495.705      -3.012483
495.720      -3.006770
495.735      -3.000940
495.750      -2.994994
495.765      -2.988933
495.780      -2.982759
495.795      -2.976471
495.810      -2.970072
495.825      -2.963562
495.840      -2.956941
495.855      -2.950212
495.870      -2.943375
495.885      -2.936432
495.900      -2.929383
495.915      -2.922229
495.930      -2.914973
495.945      -2.907614
495.960      -2.900154
495.975      -2.892595
495.990      -2.884938
496.005      -2.877184
496.020      -2.869334
496.035      -2.861390
496.050      -2.853353
496.065      -2.845224
496.080      -2.837005
496.095      -2.828698
496.110      -2.820302
496.125      -2.811821
496.140      -2.803256
496.155      -2.794607
496.170      -2.785877
496.185      -2.777067
496.200      -2.768178
496.215      -2.759212
496.230      -2.750170
496.245      -2.741055
496.260      -2.731867
496.275      -2.722608
496.290      -2.713280
496.305      -2.703884
496.320      -2.694422
496.335      -2.684895
496.350      -2.675305
496.365      -2.665654
496.380      -2.655943
496.395      -2.646174
496.410      -2.636348
496.425      -2.626468
496.440      -2.616533
496.455      -2.606547
496.470      -2.596511
496.485      -2.586426
496.500      -2.576295
496.515      -2.566117
496.530      -2.555897
496.545      -2.545633
496.560      -2.535330
496.575      -2.524987
496.590      -2.514607
496.605      -2.504191
496.620      -2.493741
496.635      -2.483258
496.650      -2.472744
496.665      -2.462200
496.680      -2.451629
496.695      -2.441030
496.710      -2.430407
496.725      -2.419760
496.740      -2.409092
496.755      -2.398402
496.770      -2.387694
496.785      -2.376968
496.800      -2.366226
496.815      -2.355469
496.830      -2.344699
496.845      -2.333917
496.860      -2.323125
496.875      -2.312323
496.890      -2.301513
496.905      -2.290698
496.920      -2.279877
496.935      -2.269052
496.950      -2.258225
496.965      -2.247396
496.980      -2.236568
496.995      -2.225740
497.010      -2.214916
497.025      -2.204094
497.040      -2.193278
497.055      -2.182468
497.070      -2.171665
497.085      -2.160870
497.100      -2.150084
497.115      -2.139309
497.130      -2.128546
497.145      -2.117795
497.160      -2.107058
497.175      -2.096335
497.190      -2.085628
497.205      -2.074937
497.220      -2.064264
497.235      -2.053609
497.250      -2.042973
497.265      -2.032358
497.280      -2.021764
497.295      -2.011191
497.310      -2.000641
497.325      -1.990115
497.340      -1.979613
497.355      -1.969136
497.370      -1.958684
497.385      -1.948259
497.400      -1.937861
497.415      -1.927491
497.430      -1.917150
497.445      -1.906837
497.460      -1.896554
497.475      -1.886302
497.490      -1.876081
497.505      -1.865891
497.520      -1.855733
497.535      -1.845607
497.550      -1.835515
497.565      -1.825456
497.580      -1.815431
497.595      -1.805441
497.610      -1.795485
497.625      -1.785565
497.640      -1.775681
497.655      -1.765832
497.670      -1.756021
497.685      -1.746246
497.700      -1.736509
497.715      -1.726809
497.730      -1.717147
497.745      -1.707523
497.760      -1.697938
497.775      -1.688392
497.790      -1.678884
497.805      -1.669417
497.820      -1.659989
497.835      -1.650600
497.850      -1.641252
497.865      -1.631944
497.880      -1.622677
497.895      -1.613451
497.910      -1.604266
497.925      -1.595121
497.940      -1.586019
497.955      -1.576957
497.970      -1.567938
497.985      -1.558961
498.000      -1.550025
498.015      -1.541132
498.030      -1.532282
498.045      -1.523473
498.060      -1.514708
498.075      -1.505986
498.090      -1.497307
498.105      -1.488670
498.120      -1.480078
498.135      -1.471528
498.150      -1.463023
498.165      -1.454561
498.180      -1.446143
498.195      -1.437770
498.210      -1.429440
498.225      -1.421155
498.240      -1.412915
498.255      -1.404720
498.270      -1.396569
498.285      -1.388463
498.300      -1.380403
498.315      -1.372388
498.330      -1.364419
498.345      -1.356495
498.360      -1.348618
498.375      -1.340787
498.390      -1.333002
498.405      -1.325263
498.420      -1.317572
498.435      -1.309928
498.450      -1.302331
498.465      -1.294781
498.480      -1.287280
498.495      -1.279826
498.510      -1.272421
498.525      -1.265064
498.540      -1.257757
498.555      -1.250498
498.570      -1.243289
498.585      -1.236130
498.600      -1.229020
498.615      -1.221962
498.630      -1.214954
498.645      -1.207997
498.660      -1.201091
498.675      -1.194238
498.690      -1.187437
498.705      -1.180688
498.720      -1.173993
498.735      -1.167351
498.750      -1.160762
498.765      -1.154228
498.780      -1.147749
498.795      -1.141325
498.810      -1.134957
498.825      -1.128645
498.840      -1.122389
498.855      -1.116191
498.870      -1.110050
498.885      -1.103967
498.900      -1.097943
498.915      -1.091978
498.930      -1.086073
498.945      -1.080228
498.960      -1.074444
498.975      -1.068721
498.990      -1.063060
499.005      -1.057462
499.020      -1.051927
499.035      -1.046455
499.050      -1.041048
499.065      -1.035706
499.080      -1.030429
499.095      -1.025219
499.110      -1.020075
499.125      -1.014999
499.140      -1.009991
499.155      -1.005052
499.170      -1.000182
499.185      -0.995382
499.200      -0.990653
499.215      -0.985995
499.230      -0.981410
499.245      -0.976897
499.260      -0.972458
499.275      -0.968093
499.290      -0.963802
499.305      -0.959587
499.320      -0.955449
499.335      -0.951387
499.350      -0.947403
499.365      -0.943497
499.380      -0.939670
499.395      -0.935923
499.410      -0.932256
499.425      -0.928670
499.440      -0.925166
499.455      -0.921745
499.470      -0.918406
499.485      -0.915151
499.500      -0.911981
499.515      -0.908896
499.530      -0.905897
499.545      -0.902984
499.560      -0.900158
499.575      -0.897421
499.590      -0.894771
499.605      -0.892211
499.620      -0.889740
499.635      -0.887360
499.650      -0.885071
499.665      -0.882874
499.680      -0.880768
499.695      -0.878756
499.710      -0.876836
499.725      -0.875011
499.740      -0.873280
499.755      -0.871645
499.770      -0.870105
499.785      -0.868661
499.800      -0.867314
499.815      -0.866064
499.830      -0.864912
499.845      -0.863858
499.860      -0.862902
499.875      -0.862046
499.890      -0.861289
499.905      -0.860633
499.920      -0.860076
499.935      -0.859621
499.950      -0.859266
499.965      -0.859014
499.980      -0.858863
499.995      -0.858814
500.010      -0.858868
500.025      -0.859025
500.040      -0.859285
500.055      -0.859648
500.070      -0.860115
500.085      -0.860686
500.100      -0.861361
500.115      -0.862141
500.130      -0.863025
500.145      -0.864014
500.160      -0.865107
500.175      -0.866306
500.190      -0.867610
500.205      -0.869018
500.220      -0.870532
500.235      -0.872152
500.250      -0.873876
500.265      -0.875706
500.280      -0.877641
500.295      -0.879682
500.310      -0.881828
500.325      -0.884078
500.340      -0.886434
500.355      -0.888895
500.370      -0.891461
500.385      -0.894132
500.400      -0.896907
500.415      -0.899786
500.430      -0.902770
500.445      -0.905857
500.460      -0.909048
500.475      -0.912343
500.490      -0.915740
500.505      -0.919241
500.520      -0.922844
500.535      -0.926548
500.550      -0.930355
500.565      -0.934263
500.580      -0.938272
500.595      -0.942382
500.610      -0.946591
500.625      -0.950901
500.640      -0.955309
500.655      -0.959816
500.670      -0.964421
500.685      -0.969123
500.700      -0.973923
500.715      -0.978819
500.730      -0.983811
500.745      -0.988898
500.760      -0.994079
500.775      -0.999355
500.790      -1.004724
500.805      -1.010185
500.820      -1.015738
500.835      -1.021382
500.850      -1.027117
500.865      -1.032941
500.880      -1.038854
500.895      -1.044855
500.910      -1.050943
500.925      -1.057118
500.940      -1.063378
500.955      -1.069723
500.970      -1.076152
500.985      -1.082664
501.000      -1.089258
501.015      -1.095933
501.030      -1.102688
501.045      -1.109523
501.060      -1.116436
501.075      -1.123426
501.090      -1.130493
501.105      -1.137635
501.120      -1.144852
501.135      -1.152141
501.150      -1.159504
501.165      -1.166937
501.180      -1.174441
501.195      -1.182013
501.210      -1.189654
501.225      -1.197362
501.240      -1.205136
501.255      -1.212975
501.270      -1.220877
501.285      -1.228842
501.300      -1.236869
501.315      -1.244955
501.330      -1.253101
501.345      -1.261305
501.360      -1.269566
501.375      -1.277882
501.390      -1.286253
501.405      -1.294677
501.420      -1.303153
501.435      -1.311680
501.450      -1.320257
501.465      -1.328883
501.480      -1.337556
501.495      -1.346275
501.510      -1.355038
501.525      -1.363846
501.540      -1.372696
501.555      -1.381587
501.570      -1.390519
501.585      -1.399489
501.600      -1.408496
501.615      -1.417541
501.630      -1.426620
501.645      -1.435733
501.660      -1.444879
501.675      -1.454056
501.690      -1.463264
501.705      -1.472500
501.720      -1.481765
501.735      -1.491056
501.750      -1.500372
501.765      -1.509713
501.780      -1.519077
501.795      -1.528462
501.810      -1.537868
501.825      -1.547293
501.840      -1.556737
501.855      -1.566198
501.870      -1.575674
501.885      -1.585165
501.900      -1.594670
501.915      -1.604187
501.930      -1.613715
501.945      -1.623253
501.960      -1.632800
501.975      -1.642355
501.990      -1.651916
502.005      -1.661483
502.020      -1.671055
502.035      -1.680630
502.050      -1.690207
502.065      -1.699785
502.080      -1.709364
502.095      -1.718941
502.110      -1.728517
502.125      -1.738089
502.140      -1.747658
502.155      -1.757221
502.170      -1.766779
502.185      -1.776329
502.200      -1.785871
502.215      -1.795405
502.230      -1.804928
502.245      -1.814441
502.260      -1.823942
502.275      -1.833430
502.290      -1.842905
502.305      -1.852365
502.320      -1.861809
502.335      -1.871238
502.350      -1.880649
502.365      -1.890043
502.380      -1.899418
502.395      -1.908773
502.410      -1.918108
502.425      -1.927422
502.440      -1.936714
502.455      -1.945983
502.470      -1.955229
502.485      -1.964451
502.500      -1.973649
502.515      -1.982821
502.530      -1.991966
502.545      -2.001086
502.560      -2.010177
502.575      -2.019241
502.590      -2.028276
502.605      -2.037282
502.620      -2.046258
502.635      -2.055204
502.650      -2.064119
502.665      -2.073003
502.680      -2.081854
502.695      -2.090673
502.710      -2.099460
502.725      -2.108213
502.740      -2.116932
502.755      -2.125617
502.770      -2.134267
502.785      -2.142882
502.800      -2.151462
502.815      -2.160006
502.830      -2.168514
502.845      -2.176985
502.860      -2.185419
502.875      -2.193817
502.890      -2.202177
502.905      -2.210499
502.920      -2.218783
502.935      -2.227029
502.950      -2.235236
502.965      -2.243405
502.980      -2.251535
502.995      -2.259626
503.010      -2.267678
503.025      -2.275690
503.040      -2.283662
503.055      -2.291595
503.070      -2.299488
503.085      -2.307341
503.100      -2.315154
503.115      -2.322927
503.130      -2.330660
503.145      -2.338352
503.160      -2.346004
503.175      -2.353616
503.190      -2.361187
503.205      -2.368718
503.220      -2.376208
503.235      -2.383658
503.250      -2.391067
503.265      -2.398436
503.280      -2.405765
503.295      -2.413053
503.310      -2.420301
503.325      -2.427508
503.340      -2.434676
503.355      -2.441803
503.370      -2.448890
503.385      -2.455937
503.400      -2.462944
503.415      -2.469911
503.430      -2.476838
503.445      -2.483726
503.460      -2.490574
503.475      -2.497383
503.490      -2.504152
503.505      -2.510882
503.520      -2.517572
503.535      -2.524224
503.550      -2.530837
503.565      -2.537410
503.580      -2.543945
503.595      -2.550442
503.610      -2.556899
503.625      -2.563319
503.640      -2.569700
503.655      -2.576042
503.670      -2.582347
503.685      -2.588614
503.700      -2.594842
503.715      -2.601033
503.730      -2.607186
503.745      -2.613301
503.760      -2.619378
503.775      -2.625418
503.790      -2.631420
503.805      -2.637385
503.820      -2.643312
503.835      -2.649202
503.850      -2.655054
503.865      -2.660869
503.880      -2.666646
503.895      -2.672386
503.910      -2.678089
503.925      -2.683754
503.940      -2.689381
503.955      -2.694971
503.970      -2.700523
503.985      -2.706038
504.000      -2.711515
504.015      -2.716953
504.030      -2.722354
504.045      -2.727716
504.060      -2.733040
504.075      -2.738326
504.090      -2.743573
504.105      -2.748780
504.120      -2.753949
504.135      -2.759079
504.150      -2.764168
504.165      -2.769218
504.180      -2.774228
504.195      -2.779198
504.210      -2.784126
504.225      -2.789014
504.240      -2.793860
504.255      -2.798664
504.270      -2.803426
504.285      -2.808145
504.300      -2.812822
504.315      -2.817454
504.330      -2.822043
504.345      -2.826588
504.360      -2.831087
504.375      -2.835541
504.390      -2.839949
504.405      -2.844310
504.420      -2.848625
504.435      -2.852891
504.450      -2.857109
504.465      -2.861278
504.480      -2.865398
504.495      -2.869467
504.510      -2.873485
504.525      -2.877451
504.540      -2.881365
504.555      -2.885225
504.570      -2.889032
504.585      -2.892783
504.600      -2.896480
504.615      -2.900119
504.630      -2.903701
504.645      -2.907226
504.660      -2.910691
504.675      -2.914096
504.690      -2.917440
504.705      -2.920723
504.720      -2.923943
504.735      -2.927099
504.750      -2.930191
504.765      -2.933217
504.780      -2.936176
504.795      -2.939068
504.810      -2.941891
504.825      -2.944644
504.840      -2.947327
504.855      -2.949938
504.870      -2.952475
504.885      -2.954939
504.900      -2.957328
504.915      -2.959640
504.930      -2.961876
504.945      -2.964032
504.960      -2.966110
504.975      -2.968106
504.990      -2.970021
505.005      -2.971852
505.020      -2.973600
505.035      -2.975262
505.050      -2.976838
505.065      -2.978326
505.080      -2.979725
505.095      -2.981034
505.110      -2.982252
505.125      -2.983378
505.140      -2.984410
505.155      -2.985348
505.170      -2.986190
505.185      -2.986934
505.200      -2.987581
505.215      -2.988128
505.230      -2.988575
505.245      -2.988921
505.260      -2.989163
505.275      -2.989302
505.290      -2.989336
505.305      -2.989264
505.320      -2.989085
505.335      -2.988798
505.350      -2.988401
505.365      -2.987894
505.380      -2.987276
505.395      -2.986545
505.410      -2.985701
505.425      -2.984742
505.440      -2.983669
505.455      -2.982479
505.470      -2.981172
505.485      -2.979746
505.500      -2.978202
505.515      -2.976538
505.530      -2.974753
505.545      -2.972847
505.560      -2.970818
505.575      -2.968666
505.590      -2.966391
505.605      -2.963991
505.620      -2.961466
505.635      -2.958815
505.650      -2.956038
505.665      -2.953133
505.680      -2.950101
505.695      -2.946941
505.710      -2.943652
505.725      -2.940234
505.740      -2.936687
505.755      -2.933010
505.770      -2.929202
505.785      -2.925264
505.800      -2.921196
505.815      -2.916996
505.830      -2.912665
505.845      -2.908202
505.860      -2.903608
505.875      -2.898883
505.890      -2.894025
505.905      -2.889036
505.920      -2.883916
505.935      -2.878664
505.950      -2.873280
505.965      -2.867766
505.980      -2.862120
505.995      -2.856344
506.010      -2.850437
506.025      -2.844401
506.040      -2.838234
506.055      -2.831939
506.070      -2.825515
506.085      -2.818962
506.100      -2.812282
506.115      -2.805475
506.130      -2.798542
506.145      -2.791483
506.160      -2.784299
506.175      -2.776992
506.190      -2.769561
506.205      -2.762008
506.220      -2.754334
506.235      -2.746540
506.250      -2.738627
506.265      -2.730595
506.280      -2.722447
506.295      -2.714183
506.310      -2.705804
506.325      -2.697312
506.340      -2.688709
506.355      -2.679995
506.370      -2.671172
506.385      -2.662241
506.400      -2.653205
506.415      -2.644063
506.430      -2.634820
506.445      -2.625474
506.460      -2.616030
506.475      -2.606487
506.490      -2.596849
506.505      -2.587116
506.520      -2.577292
506.535      -2.567376
506.550      -2.557373
506.565      -2.547282
506.580      -2.537108
506.595      -2.526851
506.610      -2.516513
506.625      -2.506098
506.640      -2.495607
506.655      -2.485041
506.670      -2.474405
506.685      -2.463699
506.700      -2.452926
506.715      -2.442088
506.730      -2.431189
506.745      -2.420229
506.760      -2.409212
506.775      -2.398141
506.790      -2.387016
506.805      -2.375842
506.820      -2.364620
506.835      -2.353354
506.850      -2.342045
506.865      -2.330697
506.880      -2.319312
506.895      -2.307892
506.910      -2.296440
506.925      -2.284960
506.940      -2.273453
506.955      -2.261923
506.970      -2.250371
506.985      -2.238802
507.000      -2.227217
507.015      -2.215620
507.030      -2.204012
507.045      -2.192398
507.060      -2.180780
507.075      -2.169160
507.090      -2.157541
507.105      -2.145926
507.120      -2.134319
507.135      -2.122721
507.150      -2.111135
507.165      -2.099565
507.180      -2.088014
507.195      -2.076483
507.210      -2.064976
507.225      -2.053495
507.240      -2.042044
507.255      -2.030625
507.270      -2.019241
507.285      -2.007895
507.300      -1.996589
507.315      -1.985326
507.330      -1.974108
507.345      -1.962940
507.360      -1.951823
507.375      -1.940759
507.390      -1.929752
507.405      -1.918804
507.420      -1.907918
507.435      -1.897097
507.450      -1.886342
507.465      -1.875657
507.480      -1.865044
507.495      -1.854505
507.510      -1.844043
507.525      -1.833660
507.540      -1.823359
507.555      -1.813143
507.570      -1.803013
507.585      -1.792971
507.600      -1.783021
507.615      -1.773164
507.630      -1.763402
507.645      -1.753738
507.660      -1.744174
507.675      -1.734712
507.690      -1.725354
507.705      -1.716102
507.720      -1.706958
507.735      -1.697924
507.750      -1.689001
507.765      -1.680193
507.780      -1.671500
507.795      -1.662924
507.810      -1.654467
507.825      -1.646131
507.840      -1.637918
507.855      -1.629828
507.870      -1.621864
507.885      -1.614027
507.900      -1.606319
507.915      -1.598741
507.930      -1.591293
507.945      -1.583979
507.960      -1.576799
507.975      -1.569753
507.990      -1.562844
508.005      -1.556073
508.020      -1.549440
508.035      -1.542947
508.050      -1.536594
508.065      -1.530383
508.080      -1.524315
508.095      -1.518389
508.110      -1.512608
508.125      -1.506971
508.140      -1.501480
508.155      -1.496135
508.170      -1.490937
508.185      -1.485886
508.200      -1.480982
508.215      -1.476227
508.230      -1.471620
508.245      -1.467163
508.260      -1.462854
508.275      -1.458695
508.290      -1.454685
508.305      -1.450825
508.320      -1.447115
508.335      -1.443555
508.350      -1.440144
508.365      -1.436883
508.380      -1.433772
508.395      -1.430811
508.410      -1.427998
508.425      -1.425335
508.440      -1.422820
508.455      -1.420454
508.470      -1.418236
508.485      -1.416165
508.500      -1.414241
508.515      -1.412464
508.530      -1.410833
508.545      -1.409347
508.560      -1.408005
508.575      -1.406808
508.590      -1.405753
508.605      -1.404841
508.620      -1.404070
508.635      -1.403440
508.650      -1.402950
508.665      -1.402598
508.680      -1.402384
508.695      -1.402307
508.710      -1.402365
508.725      -1.402557
508.740      -1.402883
508.755      -1.403341
508.770      -1.403929
508.785      -1.404647
508.800      -1.405493
508.815      -1.406466
508.830      -1.407564
508.845      -1.408786
508.860      -1.410131
508.875      -1.411597
508.890      -1.413182
508.905      -1.414885
508.920      -1.416705
508.935      -1.418639
508.950      -1.420687
508.965      -1.422846
508.980      -1.425114
508.995      -1.427491
509.010      -1.429973
509.025      -1.432561
509.040      -1.435250
509.055      -1.438041
509.070      -1.440930
509.085      -1.443917
509.100      -1.446999
509.115      -1.450174
509.130      -1.453440
509.145      -1.456795
509.160      -1.460238
509.175      -1.463766
509.190      -1.467378
509.205      -1.471071
509.220      -1.474843
509.235      -1.478692
509.250      -1.482616
509.265      -1.486613
509.280      -1.490681
509.295      -1.494817
509.310      -1.499020
509.325      -1.503288
509.340      -1.507618
509.355      -1.512008
509.370      -1.516456
509.385      -1.520960
509.400      -1.525517
509.415      -1.530126
509.430      -1.534784
509.445      -1.539489
509.460      -1.544239
509.475      -1.549031
509.490      -1.553864
509.505      -1.558735
509.520      -1.563642
509.535      -1.568583
509.550      -1.573555
509.565      -1.578557
509.580      -1.583586
509.595      -1.588640
509.610      -1.593717
509.625      -1.598815
509.640      -1.603931
509.655      -1.609063
509.670      -1.614210
509.685      -1.619368
509.700      -1.624537
509.715      -1.629713
509.730      -1.634895
509.745      -1.640080
509.760      -1.645267
509.775      -1.650454
509.790      -1.655637
509.805      -1.660816
509.820      -1.665989
509.835      -1.671152
509.850      -1.676305
509.865      -1.681446
509.880      -1.686571
509.895      -1.691680
509.910      -1.696771
509.925      -1.701842
509.940      -1.706890
509.955      -1.711914
509.970      -1.716912
509.985      -1.721883
510.000      -1.726825
510.015      -1.731735
510.030      -1.736613
510.045      -1.741456
510.060      -1.746263
510.075      -1.751032
510.090      -1.755761
510.105      -1.760450
510.120      -1.765097
510.135      -1.769699
510.150      -1.774256
510.165      -1.778766
510.180      -1.783228
510.195      -1.787640
510.210      -1.792001
510.225      -1.796310
510.240      -1.800565
510.255      -1.804766
510.270      -1.808911
510.285      -1.812998
510.300      -1.817027
510.315      -1.820997
510.330      -1.824906
510.345      -1.828754
510.360      -1.832540
510.375      -1.836262
510.390      -1.839920
510.405      -1.843513
510.420      -1.847041
510.435      -1.850501
510.450      -1.853894
510.465      -1.857219
510.480      -1.860475
510.495      -1.863662
510.510      -1.866779
510.525      -1.869826
510.540      -1.872801
510.555      -1.875705
510.570      -1.878538
510.585      -1.881298
510.600      -1.883985
510.615      -1.886600
510.630      -1.889142
510.645      -1.891611
510.660      -1.894006
510.675      -1.896328
510.690      -1.898576
510.705      -1.900750
510.720      -1.902851
510.735      -1.904879
510.750      -1.906832
510.765      -1.908713
510.780      -1.910520
510.795      -1.912255
510.810      -1.913917
510.825      -1.915506
510.840      -1.917023
510.855      -1.918469
510.870      -1.919843
510.885      -1.921146
510.900      -1.922379
510.915      -1.923543
510.930      -1.924637
510.945      -1.925662
510.960      -1.926619
510.975      -1.927509
510.990      -1.928333
511.005      -1.929090
511.020      -1.929782
511.035      -1.930410
511.050      -1.930975
511.065      -1.931477
511.080      -1.931918
511.095      -1.932297
511.110      -1.932617
511.125      -1.932879
511.140      -1.933083
511.155      -1.933230
511.170      -1.933321
511.185      -1.933359
511.200      -1.933343
511.215      -1.933275
511.230      -1.933157
511.245      -1.932989
511.260      -1.932773
511.275      -1.932510
511.290      -1.932201
511.305      -1.931848
511.320      -1.931452
511.335      -1.931014
511.350      -1.930536
511.365      -1.930020
511.380      -1.929466
511.395      -1.928876
511.410      -1.928252
511.425      -1.927595
511.440      -1.926906
511.455      -1.926188
511.470      -1.925441
511.485      -1.924668
511.500      -1.923869
511.515      -1.923047
511.530      -1.922202
511.545      -1.921337
511.560      -1.920453
511.575      -1.919552
511.590      -1.918635
511.605      -1.917704
511.620      -1.916761
511.635      -1.915806
511.650      -1.914843
511.665      -1.913871
511.680      -1.912894
511.695      -1.911912
511.710      -1.910928
511.725      -1.909942
511.740      -1.908957
511.755      -1.907974
511.770      -1.906994
511.785      -1.906020
511.800      -1.905053
511.815      -1.904094
511.830      -1.903145
511.845      -1.902207
511.860      -1.901283
511.875      -1.900374
511.890      -1.899480
511.905      -1.898605
511.920      -1.897748
511.935      -1.896912
511.950      -1.896099
511.965      -1.895309
511.980      -1.894544
511.995      -1.893805
512.010      -1.893095
512.025      -1.892413
512.040      -1.891763
512.055      -1.891144
512.070      -1.890558
512.085      -1.890007
512.100      -1.889492
512.115      -1.889014
512.130      -1.888574
512.145      -1.888173
512.160      -1.887813
512.175      -1.887495
512.190      -1.887220
512.205      -1.886989
512.220      -1.886803
512.235      -1.886662
512.250      -1.886569
512.265      -1.886524
512.280      -1.886528
512.295      -1.886581
512.310      -1.886686
512.325      -1.886841
512.340      -1.887050
512.355      -1.887311
512.370      -1.887626
512.385      -1.887996
512.400      -1.888421
512.415      -1.888902
512.430      -1.889440
512.445      -1.890034
512.460      -1.890687
512.475      -1.891397
512.490      -1.892166
512.505      -1.892994
512.520      -1.893882
512.535      -1.894829
512.550      -1.895837
512.565      -1.896904
512.580      -1.898033
512.595      -1.899222
512.610      -1.900473
512.625      -1.901785
512.640      -1.903158
512.655      -1.904592
512.670      -1.906088
512.685      -1.907646
512.700      -1.909264
512.715      -1.910944
512.730      -1.912686
512.745      -1.914488
512.760      -1.916352
512.775      -1.918276
512.790      -1.920261
512.805      -1.922305
512.820      -1.924410
512.835      -1.926574
512.850      -1.928798
512.865      -1.931080
512.880      -1.933420
512.895      -1.935819
512.910      -1.938274
512.925      -1.940786
512.940      -1.943355
512.955      -1.945979
512.970      -1.948658
512.985      -1.951391
513.000      -1.954178
513.015      -1.957017
513.030      -1.959909
513.045      -1.962851
513.060      -1.965845
513.075      -1.968887
513.090      -1.971979
513.105      -1.975118
513.120      -1.978304
513.135      -1.981536
513.150      -1.984813
513.165      -1.988134
513.180      -1.991498
513.195      -1.994904
513.210      -1.998350
513.225      -2.001836
513.240      -2.005361
513.255      -2.008923
513.270      -2.012521
513.285      -2.016154
513.300      -2.019821
513.315      -2.023521
513.330      -2.027252
513.345      -2.031013
513.360      -2.034803
513.375      -2.038620
513.390      -2.042464
513.405      -2.046332
513.420      -2.050224
513.435      -2.054138
513.450      -2.058073
513.465      -2.062027
513.480      -2.065999
513.495      -2.069988
513.510      -2.073992
513.525      -2.078009
513.540      -2.082039
513.555      -2.086080
513.570      -2.090130
513.585      -2.094188
513.600      -2.098252
513.615      -2.102322
513.630      -2.106394
513.645      -2.110469
513.660      -2.114544
513.675      -2.118619
513.690      -2.122690
513.705      -2.126758
513.720      -2.130820
513.735      -2.134875
513.750      -2.138921
513.765      -2.142958
513.780      -2.146983
513.795      -2.150994
513.810      -2.154992
513.825      -2.158973
513.840      -2.162936
513.855      -2.166881
513.870      -2.170805
513.885      -2.174706
513.900      -2.178585
513.915      -2.182438
513.930      -2.186265
513.945      -2.190064
513.960      -2.193833
513.975      -2.197572
513.990      -2.201278
514.005      -2.204951
514.020      -2.208589
514.035      -2.212191
514.050      -2.215754
514.065      -2.219278
514.080      -2.222762
514.095      -2.226204
514.110      -2.229603
514.125      -2.232957
514.140      -2.236265
514.155      -2.239526
514.170      -2.242739
514.185      -2.245901
514.200      -2.249014
514.215      -2.252074
514.230      -2.255080
514.245      -2.258032
514.260      -2.260929
514.275      -2.263769
514.290      -2.266551
514.305      -2.269273
514.320      -2.271936
514.335      -2.274538
514.350      -2.277077
514.365      -2.279554
514.380      -2.281966
514.395      -2.284313
514.410      -2.286594
514.425      -2.288808
514.440      -2.290954
514.455      -2.293031
514.470      -2.295039
514.485      -2.296976
514.500      -2.298843
514.515      -2.300637
514.530      -2.302358
514.545      -2.304006
514.560      -2.305580
514.575      -2.307080
514.590      -2.308504
514.605      -2.309851
514.620      -2.311123
514.635      -2.312317
514.650      -2.313433
514.665      -2.314472
514.680      -2.315432
514.695      -2.316312
514.710      -2.317114
514.725      -2.317835
514.740      -2.318477
514.755      -2.319038
514.770      -2.319518
514.785      -2.319917
514.800      -2.320235
514.815      -2.320472
514.830      -2.320626
514.845      -2.320700
514.860      -2.320691
514.875      -2.320600
514.890      -2.320427
514.905      -2.320172
514.920      -2.319836
514.935      -2.319417
514.950      -2.318916
514.965      -2.318334
514.980      -2.317670
514.995      -2.316924
515.010      -2.316097
515.025      -2.315188
515.040      -2.314199
515.055      -2.313130
515.070      -2.311980
515.085      -2.310749
515.100      -2.309440
515.115      -2.308051
515.130      -2.306583
515.145      -2.305037
515.160      -2.303413
515.175      -2.301711
515.190      -2.299933
515.205      -2.298078
515.220      -2.296148
515.235      -2.294142
515.250      -2.292062
515.265      -2.289908
515.280      -2.287681
515.295      -2.285381
515.310      -2.283010
515.325      -2.280567
515.340      -2.278055
515.355      -2.275473
515.370      -2.272823
515.385      -2.270104
515.400      -2.267320
515.415      -2.264469
515.430      -2.261553
515.445      -2.258573
515.460      -2.255531
515.475      -2.252426
515.490      -2.249260
515.505      -2.246034
515.520      -2.242750
515.535      -2.239407
515.550      -2.236008
515.565      -2.232553
515.580      -2.229043
515.595      -2.225481
515.610      -2.221866
515.625      -2.218199
515.640      -2.214484
515.655      -2.210719
515.670      -2.206907
515.685      -2.203049
515.700      -2.199147
515.715      -2.195200
515.730      -2.191212
515.745      -2.187182
515.760      -2.183113
515.775      -2.179005
515.790      -2.174861
515.805      -2.170680
515.820      -2.166466
515.835      -2.162218
515.850      -2.157939
515.865      -2.153630
515.880      -2.149292
515.895      -2.144927
515.910      -2.140536
515.925      -2.136120
515.940      -2.131681
515.955      -2.127221
515.970      -2.122740
515.985      -2.118240
516.000      -2.113723
516.015      -2.109190
516.030      -2.104642
516.045      -2.100081
516.060      -2.095509
516.075      -2.090926
516.090      -2.086335
516.105      -2.081737
516.120      -2.077132
516.135      -2.072523
516.150      -2.067911
516.165      -2.063297
516.180      -2.058684
516.195      -2.054071
516.210      -2.049461
516.225      -2.044856
516.240      -2.040256
516.255      -2.035662
516.270      -2.031077
516.285      -2.026502
516.300      -2.021937
516.315      -2.017385
516.330      -2.012847
516.345      -2.008324
516.360      -2.003817
516.375      -1.999328
516.390      -1.994858
516.405      -1.990408
516.420      -1.985980
516.435      -1.981574
516.450      -1.977193
516.465      -1.972837
516.480      -1.968508
516.495      -1.964206
516.510      -1.959934
516.525      -1.955691
516.540      -1.951480
516.555      -1.947302
516.570      -1.943156
516.585      -1.939046
516.600      -1.934971
516.615      -1.930933
516.630      -1.926933
516.645      -1.922972
516.660      -1.919051
516.675      -1.915170
516.690      -1.911332
516.705      -1.907536
516.720      -1.903784
516.735      -1.900076
516.750      -1.896414
516.765      -1.892798
516.780      -1.889229
516.795      -1.885709
516.810      -1.882237
516.825      -1.878814
516.840      -1.875442
516.855      -1.872120
516.870      -1.868850
516.885      -1.865633
516.900      -1.862468
516.915      -1.859357
516.930      -1.856300
516.945      -1.853297
516.960      -1.850350
516.975      -1.847458
516.990      -1.844623
517.005      -1.841844
517.020      -1.839122
517.035      -1.836458
517.050      -1.833852
517.065      -1.831303
517.080      -1.828813
517.095      -1.826382
517.110      -1.824010
517.125      -1.821698
517.140      -1.819445
517.155      -1.817251
517.170      -1.815118
517.185      -1.813044
517.200      -1.811031
517.215      -1.809078
517.230      -1.807185
517.245      -1.805353
517.260      -1.803581
517.275      -1.801869
517.290      -1.800218
517.305      -1.798627
517.320      -1.797096
517.335      -1.795625
517.350      -1.794214
517.365      -1.792862
517.380      -1.791571
517.395      -1.790338
517.410      -1.789165
517.425      -1.788051
517.440      -1.786995
517.455      -1.785997
517.470      -1.785058
517.485      -1.784176
517.500      -1.783351
517.515      -1.782583
517.530      -1.781872
517.545      -1.781217
517.560      -1.780617
517.575      -1.780073
517.590      -1.779583
517.605      -1.779147
517.620      -1.778765
517.635      -1.778436
517.650      -1.778160
517.665      -1.777935
517.680      -1.777762
517.695      -1.777640
517.710      -1.777567
517.725      -1.777545
517.740      -1.777571
517.755      -1.777645
517.770      -1.777767
517.785      -1.777935
517.800      -1.778150
517.815      -1.778410
517.830      -1.778714
517.845      -1.779063
517.860      -1.779455
517.875      -1.779889
517.890      -1.780364
517.905      -1.780880
517.920      -1.781437
517.935      -1.782032
517.950      -1.782666
517.965      -1.783338
517.980      -1.784046
517.995      -1.784790
518.010      -1.785569
518.025      -1.786383
518.040      -1.787230
518.055      -1.788109
518.070      -1.789020
518.085      -1.789961
518.100      -1.790933
518.115      -1.791934
518.130      -1.792962
518.145      -1.794018
518.160      -1.795101
518.175      -1.796209
518.190      -1.797341
518.205      -1.798497
518.220      -1.799677
518.235      -1.800878
518.250      -1.802100
518.265      -1.803342
518.280      -1.804604
518.295      -1.805885
518.310      -1.807182
518.325      -1.808497
518.340      -1.809827
518.355      -1.811173
518.370      -1.812532
518.385      -1.813905
518.400      -1.815290
518.415      -1.816686
518.430      -1.818094
518.445      -1.819511
518.460      -1.820937
518.475      -1.822372
518.490      -1.823813
518.505      -1.825262
518.520      -1.826716
518.535      -1.828175
518.550      -1.829638
518.565      -1.831105
518.580      -1.832574
518.595      -1.834045
518.610      -1.835518
518.625      -1.836990
518.640      -1.838462
518.655      -1.839933
518.670      -1.841402
518.685      -1.842869
518.700      -1.844332
518.715      -1.845791
518.730      -1.847246
518.745      -1.848695
518.760      -1.850139
518.775      -1.851575
518.790      -1.853005
518.805      -1.854427
518.820      -1.855840
518.835      -1.857244
518.850      -1.858638
518.865      -1.860022
518.880      -1.861396
518.895      -1.862757
518.910      -1.864107
518.925      -1.865445
518.940      -1.866770
518.955      -1.868081
518.970      -1.869378
518.985      -1.870661
519.000      -1.871929
519.015      -1.873181
519.030      -1.874418
519.045      -1.875639
519.060      -1.876843
519.075      -1.878030
519.090      -1.879200
519.105      -1.880352
519.120      -1.881486
519.135      -1.882601
519.150      -1.883698
519.165      -1.884776
519.180      -1.885834
519.195      -1.886873
519.210      -1.887892
519.225      -1.888890
519.240      -1.889868
519.255      -1.890826
519.270      -1.891762
519.285      -1.892678
519.300      -1.893572
519.315      -1.894445
519.330      -1.895296
519.345      -1.896126
519.360      -1.896933
519.375      -1.897719
519.390      -1.898482
519.405      -1.899223
519.420      -1.899942
519.435      -1.900638
519.450      -1.901312
519.465      -1.901963
519.480      -1.902592
519.495      -1.903198
519.510      -1.903782
519.525      -1.904343
519.540      -1.904881
519.555      -1.905397
519.570      -1.905890
519.585      -1.906361
519.600      -1.906809
519.615      -1.907235
519.630      -1.907639
519.645      -1.908021
519.660      -1.908380
519.675      -1.908718
519.690      -1.909033
519.705      -1.909327
519.720      -1.909599
519.735      -1.909850
519.750      -1.910079
519.765      -1.910288
519.780      -1.910475
519.795      -1.910642
519.810      -1.910788
519.825      -1.910914
519.840      -1.911019
519.855      -1.911105
519.870      -1.911171
519.885      -1.911218
519.900      -1.911245
519.915      -1.911253
519.930      -1.911243
519.945      -1.911215
519.960      -1.911168
519.975      -1.911103
519.990      -1.911021
520.005      -1.910922
520.020      -1.910806
520.035      -1.910673
520.050      -1.910523
520.065      -1.910358
520.080      -1.910177
520.095      -1.909981
520.110      -1.909770
520.125      -1.909545
520.140      -1.909305
520.155      -1.909051
520.170      -1.908784
520.185      -1.908503
520.200      -1.908210
520.215      -1.907904
520.230      -1.907587
520.245      -1.907257
520.260      -1.906917
520.275      -1.906566
520.290      -1.906204
520.305      -1.905832
520.320      -1.905451
520.335      -1.905060
520.350      -1.904661
520.365      -1.904254
520.380      -1.903838
520.395      -1.903415
520.410      -1.902985
520.425      -1.902549
520.440      -1.902106
520.455      -1.901658
520.470      -1.901204
520.485      -1.900746
520.500      -1.900283
520.515      -1.899816
520.530      -1.899346
520.545      -1.898872
520.560      -1.898397
520.575      -1.897919
520.590      -1.897439
520.605      -1.896959
520.620      -1.896477
520.635      -1.895996
520.650      -1.895514
520.665      -1.895034
520.680      -1.894554
520.695      -1.894076
520.710      -1.893601
520.725      -1.893128
520.740      -1.892658
520.755      -1.892191
520.770      -1.891729
520.785      -1.891271
520.800      -1.890818
520.815      -1.890371
520.830      -1.889929
520.845      -1.889494
520.860      -1.889065
520.875      -1.888644
520.890      -1.888231
520.905      -1.887826
520.920      -1.887430
520.935      -1.887043
520.950      -1.886666
520.965      -1.886299
520.980      -1.885942
520.995      -1.885597
521.010      -1.885263
521.025      -1.884941
521.040      -1.884631
521.055      -1.884335
521.070      -1.884051
521.085      -1.883782
521.100      -1.883527
521.115      -1.883286
521.130      -1.883060
521.145      -1.882851
521.160      -1.882657
521.175      -1.882479
521.190      -1.882318
521.205      -1.882175
521.220      -1.882049
521.235      -1.881941
521.250      -1.881852
521.265      -1.881782
521.280      -1.881731
521.295      -1.881699
521.310      -1.881688
521.325      -1.881697
521.340      -1.881727
521.355      -1.881779
521.370      -1.881852
521.385      -1.881946
521.400      -1.882063
521.415      -1.882203
521.430      -1.882366
521.445      -1.882552
521.460      -1.882762
521.475      -1.882996
521.490      -1.883254
521.505      -1.883537
521.520      -1.883845
521.535      -1.884178
521.550      -1.884537
521.565      -1.884921
521.580      -1.885332
521.595      -1.885769
521.610      -1.886233
521.625      -1.886723
521.640      -1.887241
521.655      -1.887787
521.670      -1.888359
521.685      -1.888960
521.700      -1.889589
521.715      -1.890246
521.730      -1.890932
521.745      -1.891647
521.760      -1.892390
521.775      -1.893162
521.790      -1.893964
521.805      -1.894795
521.820      -1.895655
521.835      -1.896546
521.850      -1.897466
521.865      -1.898416
521.880      -1.899396
521.895      -1.900406
521.910      -1.901446
521.925      -1.902517
521.940      -1.903618
521.955      -1.904750
521.970      -1.905912
521.985      -1.907105
522.000      -1.908328
522.015      -1.909583
522.030      -1.910867
522.045      -1.912183
522.060      -1.913529
522.075      -1.914905
522.090      -1.916313
522.105      -1.917750
522.120      -1.919219
522.135      -1.920718
522.150      -1.922247
522.165      -1.923807
522.180      -1.925397
522.195      -1.927017
522.210      -1.928667
522.225      -1.930347
522.240      -1.932057
522.255      -1.933796
522.270      -1.935566
522.285      -1.937364
522.300      -1.939192
522.315      -1.941048
522.330      -1.942934
522.345      -1.944848
522.360      -1.946790
522.375      -1.948761
522.390      -1.950760
522.405      -1.952786
522.420      -1.954840
522.435      -1.956921
522.450      -1.959028
522.465      -1.961163
522.480      -1.963324
522.495      -1.965511
522.510      -1.967723
522.525      -1.969961
522.540      -1.972224
522.555      -1.974512
522.570      -1.976824
522.585      -1.979160
522.600      -1.981519
522.615      -1.983902
522.630      -1.986308
522.645      -1.988736
522.660      -1.991186
522.675      -1.993658
522.690      -1.996150
522.705      -1.998664
522.720      -2.001198
522.735      -2.003751
522.750      -2.006324
522.765      -2.008916
522.780      -2.011526
522.795      -2.014154
522.810      -2.016800
522.825      -2.019462
522.840      -2.022141
522.855      -2.024835
522.870      -2.027545
522.885      -2.030269
522.900      -2.033008
522.915      -2.035760
522.930      -2.038526
522.945      -2.041304
522.960      -2.044094
522.975      -2.046895
522.990      -2.049707
523.005      -2.052529
523.020      -2.055361
523.035      -2.058202
523.050      -2.061051
523.065      -2.063908
523.080      -2.066771
523.095      -2.069642
523.110      -2.072518
523.125      -2.075399
523.140      -2.078285
523.155      -2.081175
523.170      -2.084068
523.185      -2.086963
523.200      -2.089861
523.215      -2.092759
523.230      -2.095659
523.245      -2.098558
523.260      -2.101456
523.275      -2.104353
523.290      -2.107248
523.305      -2.110140
523.320      -2.113028
523.335      -2.115912
523.350      -2.118791
523.365      -2.121665
523.380      -2.124532
523.395      -2.127393
523.410      -2.130245
523.425      -2.133090
523.440      -2.135925
523.455      -2.138750
523.470      -2.141565
523.485      -2.144369
523.500      -2.147161
523.515      -2.149940
523.530      -2.152706
523.545      -2.155458
523.560      -2.158195
523.575      -2.160917
523.590      -2.163622
523.605      -2.166311
523.620      -2.168983
523.635      -2.171636
523.650      -2.174271
523.665      -2.176886
523.680      -2.179481
523.695      -2.182055
523.710      -2.184607
523.725      -2.187138
523.740      -2.189645
523.755      -2.192129
523.770      -2.194589
523.785      -2.197024
523.800      -2.199434
523.815      -2.201817
523.830      -2.204174
523.845      -2.206504
523.860      -2.208805
523.875      -2.211078
523.890      -2.213322
523.905      -2.215537
523.920      -2.217721
523.935      -2.219874
523.950      -2.221995
523.965      -2.224085
523.980      -2.226142
523.995      -2.228166
524.010      -2.230156
524.025      -2.232112
524.040      -2.234034
524.055      -2.235920
524.070      -2.237770
524.085      -2.239585
524.100      -2.241363
524.115      -2.243103
524.130      -2.244807
524.145      -2.246472
524.160      -2.248099
524.175      -2.249687
524.190      -2.251236
524.205      -2.252745
524.220      -2.254215
524.235      -2.255644
524.250      -2.257032
524.265      -2.258379
524.280      -2.259685
524.295      -2.260950
524.310      -2.262172
524.325      -2.263352
524.340      -2.264490
524.355      -2.265585
524.370      -2.266637
524.385      -2.267646
524.400      -2.268611
524.415      -2.269533
524.430      -2.270411
524.445      -2.271246
524.460      -2.272036
524.475      -2.272782
524.490      -2.273483
524.505      -2.274140
524.520      -2.274753
524.535      -2.275321
524.550      -2.275845
524.565      -2.276323
524.580      -2.276757
524.595      -2.277147
524.610      -2.277491
524.625      -2.277792
524.640      -2.278047
524.655      -2.278258
524.670      -2.278424
524.685      -2.278546
524.700      -2.278624
524.715      -2.278657
524.730      -2.278647
524.745      -2.278592
524.760      -2.278494
524.775      -2.278353
524.790      -2.278168
524.805      -2.277940
524.820      -2.277669
524.835      -2.277355
524.850      -2.276999
524.865      -2.276601
524.880      -2.276161
524.895      -2.275680
524.910      -2.275157
524.925      -2.274594
524.940      -2.273990
524.955      -2.273345
524.970      -2.272662
524.985      -2.271938
525.000      -2.271176
525.015      -2.270375
525.030      -2.269536
525.045      -2.268659
525.060      -2.267745
525.075      -2.266795
525.090      -2.265808
525.105      -2.264785
525.120      -2.263727
525.135      -2.262633
525.150      -2.261506
525.165      -2.260345
525.180      -2.259151
525.195      -2.257924
525.210      -2.256664
525.225      -2.255374
525.240      -2.254052
525.255      -2.252700
525.270      -2.251318
525.285      -2.249907
525.300      -2.248467
525.315      -2.247000
525.330      -2.245505
525.345      -2.243983
525.360      -2.242435
525.375      -2.240862
525.390      -2.239264
525.405      -2.237642
525.420      -2.235997
525.435      -2.234328
525.450      -2.232638
525.465      -2.230925
525.480      -2.229193
525.495      -2.227439
525.510      -2.225667
525.525      -2.223876
525.540      -2.222066
525.555      -2.220239
525.570      -2.218395
525.585      -2.216536
525.600      -2.214660
525.615      -2.212771
525.630      -2.210867
525.645      -2.208949
525.660      -2.207019
525.675      -2.205077
525.690      -2.203124
525.705      -2.201160
525.720      -2.199186
525.735      -2.197202
525.750      -2.195210
525.765      -2.193210
525.780      -2.191202
525.795      -2.189188
525.810      -2.187167
525.825      -2.185141
525.840      -2.183111
525.855      -2.181076
525.870      -2.179037
525.885      -2.176996
525.900      -2.174952
525.915      -2.172906
525.930      -2.170859
525.945      -2.168811
525.960      -2.166763
525.975      -2.164716
525.990      -2.162670
526.005      -2.160625
526.020      -2.158583
526.035      -2.156543
526.050      -2.154506
526.065      -2.152473
526.080      -2.150445
526.095      -2.148420
526.110      -2.146401
526.125      -2.144388
526.140      -2.142380
526.155      -2.140379
526.170      -2.138385
526.185      -2.136398
526.200      -2.134419
526.215      -2.132448
526.230      -2.130486
526.245      -2.128532
526.260      -2.126587
526.275      -2.124652
526.290      -2.122727
526.305      -2.120812
526.320      -2.118908
526.335      -2.117014
526.350      -2.115132
526.365      -2.113260
526.380      -2.111401
526.395      -2.109553
526.410      -2.107717
526.425      -2.105893
526.440      -2.104082
526.455      -2.102283
526.470      -2.100498
526.485      -2.098725
526.500      -2.096965
526.515      -2.095219
526.530      -2.093485
526.545      -2.091766
526.560      -2.090060
526.575      -2.088367
526.590      -2.086688
526.605      -2.085023
526.620      -2.083372
526.635      -2.081734
526.650      -2.080111
526.665      -2.078501
526.680      -2.076905
526.695      -2.075323
526.710      -2.073755
526.725      -2.072200
526.740      -2.070659
526.755      -2.069132
526.770      -2.067618
526.785      -2.066118
526.800      -2.064631
526.815      -2.063158
526.830      -2.061698
526.845      -2.060250
526.860      -2.058816
526.875      -2.057395
526.890      -2.055986
526.905      -2.054590
526.920      -2.053206
526.935      -2.051834
526.950      -2.050474
526.965      -2.049126
526.980      -2.047790
526.995      -2.046465
527.010      -2.045151
527.025      -2.043849
527.040      -2.042557
527.055      -2.041276
527.070      -2.040005
527.085      -2.038745
527.100      -2.037495
527.115      -2.036254
527.130      -2.035023
527.145      -2.033801
527.160      -2.032588
527.175      -2.031384
527.190      -2.030189
527.205      -2.029002
527.220      -2.027824
527.235      -2.026653
527.250      -2.025490
527.265      -2.024335
527.280      -2.023187
527.295      -2.022046
527.310      -2.020912
527.325      -2.019785
527.340      -2.018664
527.355      -2.017549
527.370      -2.016441
527.385      -2.015338
527.400      -2.014242
527.415      -2.013150
527.430      -2.012065
527.445      -2.010984
527.460      -2.009909
527.475      -2.008838
527.490      -2.007773
527.505      -2.006712
527.520      -2.005655
527.535      -2.004604
527.550      -2.003556
527.565      -2.002513
527.580      -2.001474
527.595      -2.000439
527.610      -1.999409
527.625      -1.998382
527.640      -1.997360
527.655      -1.996342
527.670      -1.995327
527.685      -1.994317
527.700      -1.993311
527.715      -1.992309
527.730      -1.991311
527.745      -1.990317
527.760      -1.989328
527.775      -1.988343
527.790      -1.987363
527.805      -1.986387
527.820      -1.985417
527.835      -1.984451
527.850      -1.983490
527.865      -1.982535
527.880      -1.981585
527.895      -1.980640
527.910      -1.979702
527.925      -1.978770
527.940      -1.977844
527.955      -1.976925
527.970      -1.976013
527.985      -1.975109
528.000      -1.974212
528.015      -1.973323
528.030      -1.972442
528.045      -1.971570
528.060      -1.970707
528.075      -1.969853
528.090      -1.969009
528.105      -1.968176
528.120      -1.967353
528.135      -1.966542
528.150      -1.965742
528.165      -1.964954
528.180      -1.964179
528.195      -1.963417
528.210      -1.962668
528.225      -1.961934
528.240      -1.961214
528.255      -1.960510
528.270      -1.959821
528.285      -1.959149
528.300      -1.958494
528.315      -1.957856
528.330      -1.957236
528.345      -1.956636
528.360      -1.956054
528.375      -1.955493
528.390      -1.954952
528.405      -1.954433
528.420      -1.953936
528.435      -1.953461
528.450      -1.953010
528.465      -1.952582
528.480      -1.952179
528.495      -1.951802
528.510      -1.951451
528.525      -1.951126
528.540      -1.950829
528.555      -1.950560
528.570      -1.950319
528.585      -1.950108
528.600      -1.949927
528.615      -1.949777
528.630      -1.949659
528.645      -1.949573
528.660      -1.949520
528.675      -1.949500
528.690      -1.949515
528.705      -1.949565
528.720      -1.949650
528.735      -1.949771
528.750      -1.949930
528.765      -1.950126
528.780      -1.950360
528.795      -1.950633
528.810      -1.950946
528.825      -1.951298
528.840      -1.951691
528.855      -1.952126
528.870      -1.952602
528.885      -1.953121
528.900      -1.953682
528.915      -1.954287
528.930      -1.954935
528.945      -1.955629
528.960      -1.956366
528.975      -1.957150
528.990      -1.957978
529.005      -1.958853
529.020      -1.959775
529.035      -1.960743
529.050      -1.961759
529.065      -1.962822
529.080      -1.963933
529.095      -1.965092
529.110      -1.966300
529.125      -1.967556
529.140      -1.968861
529.155      -1.970214
529.170      -1.971617
529.185      -1.973069
529.200      -1.974570
529.215      -1.976121
529.230      -1.977720
529.245      -1.979369
529.260      -1.981068
529.275      -1.982815
529.290      -1.984612
529.305      -1.986458
529.320      -1.988352
529.335      -1.990295
529.350      -1.992286
529.365      -1.994325
529.380      -1.996412
529.395      -1.998546
529.410      -2.000728
529.425      -2.002956
529.440      -2.005230
529.455      -2.007549
529.470      -2.009914
529.485      -2.012323
529.500      -2.014777
529.515      -2.017273
529.530      -2.019812
529.545      -2.022393
529.560      -2.025016
529.575      -2.027678
529.590      -2.030381
529.605      -2.033121
529.620      -2.035900
529.635      -2.038716
529.650      -2.041567
529.665      -2.044453
529.680      -2.047373
529.695      -2.050326
529.710      -2.053311
529.725      -2.056325
529.740      -2.059370
529.755      -2.062442
529.770      -2.065541
529.785      -2.068665
529.800      -2.071814
529.815      -2.074986
529.830      -2.078178
529.845      -2.081391
529.860      -2.084623
529.875      -2.087871
529.890      -2.091135
529.905      -2.094413
529.920      -2.097703
529.935      -2.101003
529.950      -2.104313
529.965      -2.107631
529.980      -2.110954
529.995      -2.114281
530.010      -2.117610
530.025      -2.120940
530.040      -2.124269
530.055      -2.127594
530.070      -2.130914
530.085      -2.134228
530.100      -2.137533
530.115      -2.140827
530.130      -2.144108
530.145      -2.147375
530.160      -2.150626
530.175      -2.153858
530.190      -2.157070
530.205      -2.160260
530.220      -2.163425
530.235      -2.166563
530.250      -2.169673
530.265      -2.172753
530.280      -2.175800
530.295      -2.178813
530.310      -2.181788
530.325      -2.184726
530.340      -2.187622
530.355      -2.190475
530.370      -2.193284
530.385      -2.196046
530.400      -2.198758
530.415      -2.201420
530.430      -2.204028
530.445      -2.206582
530.460      -2.209078
530.475      -2.211515
530.490      -2.213890
530.505      -2.216202
530.520      -2.218449
530.535      -2.220629
530.550      -2.222739
530.565      -2.224779
530.580      -2.226745
530.595      -2.228636
530.610      -2.230450
530.625      -2.232185
530.640      -2.233840
530.655      -2.235412
530.670      -2.236900
530.685      -2.238302
530.700      -2.239616
530.715      -2.240841
530.730      -2.241974
530.745      -2.243014
530.760      -2.243960
530.775      -2.244810
530.790      -2.245562
530.805      -2.246215
530.820      -2.246767
530.835      -2.247217
530.850      -2.247563
530.865      -2.247805
530.880      -2.247940
530.895      -2.247968
530.910      -2.247887
530.925      -2.247696
530.940      -2.247395
530.955      -2.246980
530.970      -2.246453
530.985      -2.245811
531.000      -2.245055
531.015      -2.244182
531.030      -2.243192
531.045      -2.242084
531.060      -2.240858
531.075      -2.239512
531.090      -2.238047
531.105      -2.236461
531.120      -2.234754
531.135      -2.232926
531.150      -2.230975
531.165      -2.228903
531.180      -2.226708
531.195      -2.224390
531.210      -2.221949
531.225      -2.219385
531.240      -2.216698
531.255      -2.213887
531.270      -2.210953
531.285      -2.207897
531.300      -2.204717
531.315      -2.201415
531.330      -2.197991
531.345      -2.194444
531.360      -2.190776
531.375      -2.186987
531.390      -2.183078
531.405      -2.179048
531.420      -2.174900
531.435      -2.170633
531.450      -2.166248
531.465      -2.161747
531.480      -2.157129
531.495      -2.152397
531.510      -2.147551
531.525      -2.142593
531.540      -2.137522
531.555      -2.132342
531.570      -2.127052
531.585      -2.121655
531.600      -2.116152
531.615      -2.110544
531.630      -2.104833
531.645      -2.099021
531.660      -2.093108
531.675      -2.087097
531.690      -2.080990
531.705      -2.074789
531.720      -2.068495
531.735      -2.062110
531.750      -2.055636
531.765      -2.049076
531.780      -2.042431
531.795      -2.035704
531.810      -2.028897
531.825      -2.022012
531.840      -2.015051
531.855      -2.008017
531.870      -2.000913
531.885      -1.993740
531.900      -1.986501
531.915      -1.979199
531.930      -1.971837
531.945      -1.964417
531.960      -1.956941
531.975      -1.949413
531.990      -1.941835
532.005      -1.934211
532.020      -1.926542
532.035      -1.918832
532.050      -1.911083
532.065      -1.903300
532.080      -1.895484
532.095      -1.887638
532.110      -1.879767
532.125      -1.871872
532.140      -1.863957
532.155      -1.856025
532.170      -1.848079
532.185      -1.840122
532.200      -1.832159
532.215      -1.824190
532.230      -1.816221
532.245      -1.808254
532.260      -1.800293
532.275      -1.792340
532.290      -1.784400
532.305      -1.776474
532.320      -1.768568
532.335      -1.760683
532.350      -1.752824
532.365      -1.744993
532.380      -1.737195
532.395      -1.729432
532.410      -1.721707
532.425      -1.714024
532.440      -1.706387
532.455      -1.698798
532.470      -1.691261
532.485      -1.683779
532.500      -1.676356
532.515      -1.668995
532.530      -1.661699
532.545      -1.654471
532.560      -1.647314
532.575      -1.640232
532.590      -1.633229
532.605      -1.626306
532.620      -1.619467
532.635      -1.612716
532.650      -1.606056
532.665      -1.599489
532.680      -1.593018
532.695      -1.586647
532.710      -1.580379
532.725      -1.574216
532.740      -1.568162
532.755      -1.562218
532.770      -1.556389
532.785      -1.550677
532.800      -1.545084
532.815      -1.539614
532.830      -1.534269
532.845      -1.529051
532.860      -1.523963
532.875      -1.519008
532.890      -1.514188
532.905      -1.509506
532.920      -1.504963
532.935      -1.500563
532.950      -1.496307
532.965      -1.492198
532.980      -1.488238
532.995      -1.484428
533.010      -1.480772
533.025      -1.477270
533.040      -1.473925
533.055      -1.470738
533.070      -1.467712
533.085      -1.464848
533.100      -1.462147
533.115      -1.459612
533.130      -1.457244
533.145      -1.455043
533.160      -1.453012
533.175      -1.451152
533.190      -1.449465
533.205      -1.447950
533.220      -1.446610
533.235      -1.445444
533.250      -1.444456
533.265      -1.443644
533.280      -1.443010
533.295      -1.442555
533.310      -1.442279
533.325      -1.442182
533.340      -1.442266
533.355      -1.442531
533.370      -1.442976
533.385      -1.443603
533.400      -1.444411
533.415      -1.445401
533.430      -1.446572
533.445      -1.447924
533.460      -1.449458
533.475      -1.451172
533.490      -1.453068
533.505      -1.455143
533.520      -1.457399
533.535      -1.459834
533.550      -1.462447
533.565      -1.465239
533.580      -1.468207
533.595      -1.471352
533.610      -1.474672
533.625      -1.478166
533.640      -1.481834
533.655      -1.485674
533.670      -1.489684
533.685      -1.493864
533.700      -1.498211
533.715      -1.502726
533.730      -1.507405
533.745      -1.512247
533.760      -1.517251
533.775      -1.522414
533.790      -1.527735
533.805      -1.533213
533.820      -1.538844
533.835      -1.544626
533.850      -1.550559
533.865      -1.556638
533.880      -1.562863
533.895      -1.569230
533.910      -1.575737
533.925      -1.582382
533.940      -1.589162
533.955      -1.596075
533.970      -1.603117
533.985      -1.610286
534.000      -1.617579
534.015      -1.624993
534.030      -1.632526
534.045      -1.640173
534.060      -1.647933
534.075      -1.655801
534.090      -1.663775
534.105      -1.671852
534.120      -1.680028
534.135      -1.688299
534.150      -1.696663
534.165      -1.705116
534.180      -1.713654
534.195      -1.722274
534.210      -1.730972
534.225      -1.739745
534.240      -1.748589
534.255      -1.757500
534.270      -1.766474
534.285      -1.775508
534.300      -1.784597
534.315      -1.793739
534.330      -1.802928
534.345      -1.812162
534.360      -1.821436
534.375      -1.830745
534.390      -1.840087
534.405      -1.849457
534.420      -1.858851
534.435      -1.868265
534.450      -1.877694
534.465      -1.887135
534.480      -1.896584
534.495      -1.906036
534.510      -1.915487
534.525      -1.924934
534.540      -1.934371
534.555      -1.943795
534.570      -1.953201
534.585      -1.962586
534.600      -1.971945
534.615      -1.981274
534.630      -1.990569
534.645      -1.999825
534.660      -2.009039
534.675      -2.018206
534.690      -2.027322
534.705      -2.036383
534.720      -2.045385
534.735      -2.054324
534.750      -2.063195
534.765      -2.071995
534.780      -2.080720
534.795      -2.089365
534.810      -2.097926
534.825      -2.106401
534.840      -2.114784
534.855      -2.123071
534.870      -2.131260
534.885      -2.139345
534.900      -2.147324
534.915      -2.155193
534.930      -2.162947
534.945      -2.170583
534.960      -2.178097
534.975      -2.185487
534.990      -2.192747
535.005      -2.199876
535.020      -2.206869
535.035      -2.213723
535.050      -2.220434
535.065      -2.227000
535.080      -2.233417
535.095      -2.239681
535.110      -2.245791
535.125      -2.251742
535.140      -2.257532
535.155      -2.263158
535.170      -2.268617
535.185      -2.273907
535.200      -2.279023
535.215      -2.283965
535.230      -2.288729
535.245      -2.293312
535.260      -2.297713
535.275      -2.301928
535.290      -2.305957
535.305      -2.309795
535.320      -2.313442
535.335      -2.316896
535.350      -2.320153
535.365      -2.323213
535.380      -2.326073
535.395      -2.328733
535.410      -2.331189
535.425      -2.333441
535.440      -2.335487
535.455      -2.337326
535.470      -2.338956
535.485      -2.340377
535.500      -2.341586
535.515      -2.342584
535.530      -2.343369
535.545      -2.343940
535.560      -2.344297
535.575      -2.344438
535.590      -2.344364
535.605      -2.344074
535.620      -2.343567
535.635      -2.342843
535.650      -2.341901
535.665      -2.340743
535.680      -2.339368
535.695      -2.337775
535.710      -2.335965
535.725      -2.333938
535.740      -2.331695
535.755      -2.329237
535.770      -2.326562
535.785      -2.323673
535.800      -2.320571
535.815      -2.317254
535.830      -2.313726
535.845      -2.309987
535.860      -2.306037
535.875      -2.301878
535.890      -2.297512
535.905      -2.292940
535.920      -2.288163
535.935      -2.283183
535.950      -2.278001
535.965      -2.272620
535.980      -2.267040
535.995      -2.261265
536.010      -2.255296
536.025      -2.249135
536.040      -2.242785
536.055      -2.236247
536.070      -2.229524
536.085      -2.222619
536.100      -2.215534
536.115      -2.208272
536.130      -2.200834
536.145      -2.193225
536.160      -2.185447
536.175      -2.177503
536.190      -2.169396
536.205      -2.161129
536.220      -2.152705
536.235      -2.144128
536.250      -2.135400
536.265      -2.126526
536.280      -2.117508
536.295      -2.108350
536.310      -2.099055
536.325      -2.089628
536.340      -2.080072
536.355      -2.070391
536.370      -2.060588
536.385      -2.050667
536.400      -2.040633
536.415      -2.030489
536.430      -2.020240
536.445      -2.009889
536.460      -1.999440
536.475      -1.988899
536.490      -1.978268
536.505      -1.967552
536.520      -1.956757
536.535      -1.945885
536.550      -1.934941
536.565      -1.923930
536.580      -1.912856
536.595      -1.901724
536.610      -1.890538
536.625      -1.879303
536.640      -1.868023
536.655      -1.856703
536.670      -1.845347
536.685      -1.833961
536.700      -1.822548
536.715      -1.811113
536.730      -1.799662
536.745      -1.788199
536.760      -1.776728
536.775      -1.765254
536.790      -1.753782
536.805      -1.742316
536.820      -1.730862
536.835      -1.719424
536.850      -1.708006
536.865      -1.696614
536.880      -1.685252
536.895      -1.673924
536.910      -1.662636
536.925      -1.651392
536.940      -1.640197
536.955      -1.629055
536.970      -1.617971
536.985      -1.606949
537.000      -1.595995
537.015      -1.585112
537.030      -1.574305
537.045      -1.563578
537.060      -1.552936
537.075      -1.542384
537.090      -1.531925
537.105      -1.521564
537.120      -1.511305
537.135      -1.501153
537.150      -1.491112
537.165      -1.481185
537.180      -1.471377
537.195      -1.461693
537.210      -1.452135
537.225      -1.442708
537.240      -1.433416
537.255      -1.424263
537.270      -1.415252
537.285      -1.406387
537.300      -1.397672
537.315      -1.389110
537.330      -1.380706
537.345      -1.372462
537.360      -1.364381
537.375      -1.356468
537.390      -1.348725
537.405      -1.341156
537.420      -1.333763
537.435      -1.326551
537.450      -1.319521
537.465      -1.312677
537.480      -1.306021
537.495      -1.299556
537.510      -1.293286
537.525      -1.287212
537.540      -1.281336
537.555      -1.275663
537.570      -1.270193
537.585      -1.264929
537.600      -1.259873
537.615      -1.255027
537.630      -1.250394
537.645      -1.245975
537.660      -1.241772
537.675      -1.237786
537.690      -1.234020
537.705      -1.230475
537.720      -1.227152
537.735      -1.224053
537.750      -1.221179
537.765      -1.218532
537.780      -1.216111
537.795      -1.213920
537.810      -1.211957
537.825      -1.210225
537.840      -1.208723
537.855      -1.207453
537.870      -1.206415
537.885      -1.205609
537.900      -1.205037
537.915      -1.204697
537.930      -1.204591
537.945      -1.204718
537.960      -1.205079
537.975      -1.205673
537.990      -1.206500
538.005      -1.207560
538.020      -1.208852
538.035      -1.210377
538.050      -1.212133
538.065      -1.214119
538.080      -1.216336
538.095      -1.218782
538.110      -1.221457
538.125      -1.224358
538.140      -1.227486
538.155      -1.230840
538.170      -1.234417
538.185      -1.238216
538.200      -1.242237
538.215      -1.246477
538.230      -1.250936
538.245      -1.255610
538.260      -1.260500
538.275      -1.265602
538.290      -1.270915
538.305      -1.276437
538.320      -1.282165
538.335      -1.288099
538.350      -1.294234
538.365      -1.300570
538.380      -1.307104
538.395      -1.313834
538.410      -1.320756
538.425      -1.327869
538.440      -1.335169
538.455      -1.342655
538.470      -1.350323
538.485      -1.358170
538.500      -1.366194
538.515      -1.374392
538.530      -1.382761
538.545      -1.391297
538.560      -1.399998
538.575      -1.408860
538.590      -1.417880
538.605      -1.427055
538.620      -1.436382
538.635      -1.445857
538.650      -1.455477
538.665      -1.465239
538.680      -1.475138
538.695      -1.485172
538.710      -1.495336
538.725      -1.505628
538.740      -1.516044
538.755      -1.526579
538.770      -1.537230
538.785      -1.547994
538.800      -1.558867
538.815      -1.569844
538.830      -1.580922
538.845      -1.592098
538.860      -1.603367
538.875      -1.614725
538.890      -1.626169
538.905      -1.637694
538.920      -1.649297
538.935      -1.660974
538.950      -1.672720
538.965      -1.684532
538.980      -1.696406
538.995      -1.708337
539.010      -1.720322
539.025      -1.732357
539.040      -1.744437
539.055      -1.756560
539.070      -1.768719
539.085      -1.780913
539.100      -1.793136
539.115      -1.805385
539.130      -1.817655
539.145      -1.829943
539.160      -1.842245
539.175      -1.854557
539.190      -1.866874
539.205      -1.879194
539.220      -1.891511
539.235      -1.903822
539.250      -1.916124
539.265      -1.928412
539.280      -1.940683
539.295      -1.952933
539.310      -1.965158
539.325      -1.977354
539.340      -1.989517
539.355      -2.001645
539.370      -2.013733
539.385      -2.025778
539.400      -2.037775
539.415      -2.049723
539.430      -2.061617
539.445      -2.073453
539.460      -2.085229
539.475      -2.096940
539.490      -2.108585
539.505      -2.120159
539.520      -2.131658
539.535      -2.143081
539.550      -2.154424
539.565      -2.165683
539.580      -2.176857
539.595      -2.187941
539.610      -2.198933
539.625      -2.209830
539.640      -2.220629
539.655      -2.231328
539.670      -2.241923
539.685      -2.252413
539.700      -2.262794
539.715      -2.273065
539.730      -2.283222
539.745      -2.293264
539.760      -2.303187
539.775      -2.312990
539.790      -2.322671
539.805      -2.332227
539.820      -2.341657
539.835      -2.350958
539.850      -2.360129
539.865      -2.369167
539.880      -2.378071
539.895      -2.386839
539.910      -2.395470
539.925      -2.403962
539.940      -2.412313
539.955      -2.420522
539.970      -2.428588
539.985      -2.436509
540.000      -2.444285
540.015      -2.451913
540.030      -2.459394
540.045      -2.466725
540.060      -2.473907
540.075      -2.480937
540.090      -2.487817
540.105      -2.494544
540.120      -2.501118
540.135      -2.507538
540.150      -2.513805
540.165      -2.519918
540.180      -2.525875
540.195      -2.531678
540.210      -2.537326
540.225      -2.542819
540.240      -2.548156
540.255      -2.553338
540.270      -2.558365
540.285      -2.563237
540.300      -2.567954
540.315      -2.572517
540.330      -2.576925
540.345      -2.581180
540.360      -2.585283
540.375      -2.589232
540.390      -2.593030
540.405      -2.596676
540.420      -2.600173
540.435      -2.603519
540.450      -2.606718
540.465      -2.609768
540.480      -2.612672
540.495      -2.615431
540.510      -2.618046
540.525      -2.620517
540.540      -2.622847
540.555      -2.625036
540.570      -2.627087
540.585      -2.629000
540.600      -2.630777
540.615      -2.632420
540.630      -2.633930
540.645      -2.635309
540.660      -2.636558
540.675      -2.637681
540.690      -2.638677
540.705      -2.639550
540.720      -2.640302
540.735      -2.640933
540.750      -2.641447
540.765      -2.641845
540.780      -2.642129
540.795      -2.642303
540.810      -2.642367
540.825      -2.642324
540.840      -2.642177
540.855      -2.641927
540.870      -2.641578
540.885      -2.641131
540.900      -2.640590
540.915      -2.639956
540.930      -2.639232
540.945      -2.638420
540.960      -2.637523
540.975      -2.636545
540.990      -2.635486
541.005      -2.634351
541.020      -2.633141
541.035      -2.631859
541.050      -2.630509
541.065      -2.629092
541.080      -2.627612
541.095      -2.626071
541.110      -2.624472
541.125      -2.622818
541.140      -2.621111
541.155      -2.619355
541.170      -2.617553
541.185      -2.615706
541.200      -2.613818
541.215      -2.611892
541.230      -2.609931
541.245      -2.607937
541.260      -2.605913
541.275      -2.603863
541.290      -2.601788
541.305      -2.599692
541.320      -2.597578
541.335      -2.595448
541.350      -2.593306
541.365      -2.591153
541.380      -2.588993
541.395      -2.586829
541.410      -2.584663
541.425      -2.582499
541.440      -2.580338
541.455      -2.578183
541.470      -2.576038
541.485      -2.573905
541.500      -2.571786
541.515      -2.569684
541.530      -2.567602
541.545      -2.565543
541.560      -2.563508
541.575      -2.561500
541.590      -2.559522
541.605      -2.557577
541.620      -2.555666
541.635      -2.553792
541.650      -2.551957
541.665      -2.550164
541.680      -2.548415
541.695      -2.546712
541.710      -2.545057
541.725      -2.543453
541.740      -2.541901
541.755      -2.540404
541.770      -2.538963
541.785      -2.537581
541.800      -2.536259
541.815      -2.535000
541.830      -2.533805
541.845      -2.532676
541.860      -2.531614
541.875      -2.530622
541.890      -2.529700
541.905      -2.528851
541.920      -2.528076
541.935      -2.527376
541.950      -2.526753
541.965      -2.526208
541.980      -2.525742
541.995      -2.525357
542.010      -2.525054
542.025      -2.524833
542.040      -2.524696
542.055      -2.524644
542.070      -2.524678
542.085      -2.524798
542.100      -2.525006
542.115      -2.525301
542.130      -2.525686
542.145      -2.526159
542.160      -2.526723
542.175      -2.527376
542.190      -2.528120
542.205      -2.528956
542.220      -2.529882
542.235      -2.530900
542.250      -2.532010
542.265      -2.533211
542.280      -2.534504
542.295      -2.535888
542.310      -2.537364
542.325      -2.538931
542.340      -2.540589
542.355      -2.542337
542.370      -2.544176
542.385      -2.546104
542.400      -2.548121
542.415      -2.550227
542.430      -2.552421
542.445      -2.554702
542.460      -2.557069
542.475      -2.559522
542.490      -2.562059
542.505      -2.564680
542.520      -2.567383
542.535      -2.570167
542.550      -2.573031
542.565      -2.575974
542.580      -2.578995
542.595      -2.582091
542.610      -2.585262
542.625      -2.588507
542.640      -2.591823
542.655      -2.595208
542.670      -2.598662
542.685      -2.602182
542.700      -2.605767
542.715      -2.609415
542.730      -2.613123
542.745      -2.616890
542.760      -2.620714
542.775      -2.624593
542.790      -2.628524
542.805      -2.632506
542.820      -2.636536
542.835      -2.640611
542.850      -2.644730
542.865      -2.648890
542.880      -2.653088
542.895      -2.657323
542.910      -2.661591
542.925      -2.665891
542.940      -2.670218
542.955      -2.674572
542.970      -2.678948
542.985      -2.683344
543.000      -2.687759
543.015      -2.692187
543.030      -2.696628
543.045      -2.701078
543.060      -2.705533
543.075      -2.709992
543.090      -2.714451
543.105      -2.718906
543.120      -2.723356
543.135      -2.727797
543.150      -2.732226
543.165      -2.736640
543.180      -2.741035
543.195      -2.745409
543.210      -2.749759
543.225      -2.754080
543.240      -2.758371
543.255      -2.762627
543.270      -2.766846
543.285      -2.771024
543.300      -2.775159
543.315      -2.779246
543.330      -2.783283
543.345      -2.787266
543.360      -2.791193
543.375      -2.795059
543.390      -2.798862
543.405      -2.802598
543.420      -2.806264
543.435      -2.809857
543.450      -2.813373
543.465      -2.816810
543.480      -2.820164
543.495      -2.823432
543.510      -2.826610
543.525      -2.829696
543.540      -2.832686
543.555      -2.835578
543.570      -2.838367
543.585      -2.841051
543.600      -2.843627
543.615      -2.846092
543.630      -2.848442
543.645      -2.850675
543.660      -2.852788
543.675      -2.854777
543.690      -2.856640
543.705      -2.858374
543.720      -2.859976
543.735      -2.861443
543.750      -2.862772
543.765      -2.863961
543.780      -2.865007
543.795      -2.865907
543.810      -2.866659
543.825      -2.867259
543.840      -2.867706
543.855      -2.867997
543.870      -2.868130
543.885      -2.868101
543.900      -2.867909
543.915      -2.867552
543.930      -2.867026
543.945      -2.866331
543.960      -2.865463
543.975      -2.864421
543.990      -2.863203
544.005      -2.861806
544.020      -2.860229
544.035      -2.858470
544.050      -2.856527
544.065      -2.854398
544.080      -2.852082
544.095      -2.849577
544.110      -2.846881
544.125      -2.843994
544.140      -2.840913
544.155      -2.837637
544.170      -2.834165
544.185      -2.830495
544.200      -2.826628
544.215      -2.822560
544.230      -2.818292
544.245      -2.813823
544.260      -2.809151
544.275      -2.804276
544.290      -2.799197
544.305      -2.793914
544.320      -2.788425
544.335      -2.782731
544.350      -2.776830
544.365      -2.770723
544.380      -2.764409
544.395      -2.757888
544.410      -2.751160
544.425      -2.744225
544.440      -2.737083
544.455      -2.729733
544.470      -2.722176
544.485      -2.714413
544.500      -2.706443
544.515      -2.698267
544.530      -2.689886
544.545      -2.681299
544.560      -2.672508
544.575      -2.663513
544.590      -2.654316
544.605      -2.644916
544.620      -2.635315
544.635      -2.625513
544.650      -2.615513
544.665      -2.605314
544.680      -2.594918
544.695      -2.584327
544.710      -2.573542
544.725      -2.562564
544.740      -2.551395
544.755      -2.540036
544.770      -2.528489
544.785      -2.516755
544.800      -2.504838
544.815      -2.492737
544.830      -2.480456
544.845      -2.467997
544.860      -2.455361
544.875      -2.442550
544.890      -2.429567
544.905      -2.416414
544.920      -2.403094
544.935      -2.389608
544.950      -2.375960
544.965      -2.362152
544.980      -2.348186
544.995      -2.334066
545.010      -2.319793
545.025      -2.305371
545.040      -2.290803
545.055      -2.276091
545.070      -2.261239
545.085      -2.246249
545.100      -2.231125
545.115      -2.215869
545.130      -2.200486
545.145      -2.184978
545.160      -2.169349
545.175      -2.153601
545.190      -2.137739
545.205      -2.121766
545.220      -2.105685
545.235      -2.089501
545.250      -2.073215
545.265      -2.056834
545.280      -2.040359
545.295      -2.023795
545.310      -2.007145
545.325      -1.990414
545.340      -1.973605
545.355      -1.956722
545.370      -1.939769
545.385      -1.922751
545.400      -1.905671
545.415      -1.888533
545.430      -1.871341
545.445      -1.854100
545.460      -1.836813
545.475      -1.819485
545.490      -1.802120
545.505      -1.784722
545.520      -1.767296
545.535      -1.749846
545.550      -1.732376
545.565      -1.714890
545.580      -1.697393
545.595      -1.679889
545.610      -1.662383
545.625      -1.644878
545.640      -1.627380
545.655      -1.609893
545.670      -1.592421
545.685      -1.574968
545.700      -1.557540
545.715      -1.540140
545.730      -1.522773
545.745      -1.505444
545.760      -1.488156
545.775      -1.470915
545.790      -1.453725
545.805      -1.436590
545.820      -1.419515
545.835      -1.402504
545.850      -1.385561
545.865      -1.368692
545.880      -1.351900
545.895      -1.335190
545.910      -1.318566
545.925      -1.302033
545.940      -1.285595
545.955      -1.269256
545.970      -1.253022
545.985      -1.236895
546.000      -1.220880
546.015      -1.204982
546.030      -1.189204
546.045      -1.173552
546.060      -1.158029
546.075      -1.142639
546.090      -1.127386
546.105      -1.112275
546.120      -1.097310
546.135      -1.082494
546.150      -1.067831
546.165      -1.053327
546.180      -1.038983
546.195      -1.024805
546.210      -1.010795
546.225      -0.996959
546.240      -0.983299
546.255      -0.969819
546.270      -0.956524
546.285      -0.943415
546.300      -0.930498
546.315      -0.917775
546.330      -0.905250
546.345      -0.892926
546.360      -0.880807
546.375      -0.868896
546.390      -0.857196
546.405      -0.845710
546.420      -0.834441
546.435      -0.823393
546.450      -0.812568
546.465      -0.801969
546.480      -0.791600
546.495      -0.781462
546.510      -0.771559
546.525      -0.761893
546.540      -0.752466
546.555      -0.743283
546.570      -0.734343
546.585      -0.725651
546.600      -0.717209
546.615      -0.709018
546.630      -0.701081
546.645      -0.693399
546.660      -0.685976
546.675      -0.678812
546.690      -0.671910
546.705      -0.665272
546.720      -0.658899
546.735      -0.652792
546.750      -0.646954
546.765      -0.641386
546.780      -0.636088
546.795      -0.631064
546.810      -0.626313
546.825      -0.621837
546.840      -0.617637
546.855      -0.613713
546.870      -0.610068
546.885      -0.606701
546.900      -0.603614
546.915      -0.600807
546.930      -0.598280
546.945      -0.596035
546.960      -0.594071
546.975      -0.592389
546.990      -0.590989
547.005      -0.589871
547.020      -0.589035
547.035      -0.588482
547.050      -0.588211
547.065      -0.588222
547.080      -0.588515
547.095      -0.589089
547.110      -0.589945
547.125      -0.591080
547.140      -0.592496
547.155      -0.594191
547.170      -0.596164
547.185      -0.598415
547.200      -0.600942
547.215      -0.603745
547.230      -0.606823
547.245      -0.610174
547.260      -0.613797
547.275      -0.617691
547.290      -0.621854
547.305      -0.626285
547.320      -0.630982
547.335      -0.635944
547.350      -0.641169
547.365      -0.646655
547.380      -0.652400
547.395      -0.658402
547.410      -0.664660
547.425      -0.671170
547.440      -0.677932
547.455      -0.684942
547.470      -0.692199
547.485      -0.699699
547.500      -0.707441
547.515      -0.715421
547.530      -0.723638
547.545      -0.732089
547.560      -0.740770
547.575      -0.749680
547.590      -0.758814
547.605      -0.768171
547.620      -0.777747
547.635      -0.787539
547.650      -0.797544
547.665      -0.807758
547.680      -0.818180
547.695      -0.828804
547.710      -0.839628
547.725      -0.850649
547.740      -0.861863
547.755      -0.873266
547.770      -0.884855
547.785      -0.896627
547.800      -0.908577
547.815      -0.920701
547.830      -0.932997
547.845      -0.945460
547.860      -0.958087
547.875      -0.970873
547.890      -0.983814
547.905      -0.996907
547.920      -1.010148
547.935      -1.023532
547.950      -1.037055
547.965      -1.050714
547.980      -1.064503
547.995      -1.078420
548.010      -1.092459
548.025      -1.106617
548.040      -1.120889
548.055      -1.135271
548.070      -1.149758
548.085      -1.164346
548.100      -1.179031
548.115      -1.193809
548.130      -1.208674
548.145      -1.223624
548.160      -1.238652
548.175      -1.253755
548.190      -1.268928
548.205      -1.284167
548.220      -1.299467
548.235      -1.314824
548.250      -1.330234
548.265      -1.345691
548.280      -1.361192
548.295      -1.376731
548.310      -1.392305
548.325      -1.407908
548.340      -1.423537
548.355      -1.439187
548.370      -1.454853
548.385      -1.470531
548.400      -1.486217
548.415      -1.501905
548.430      -1.517593
548.445      -1.533274
548.460      -1.548945
548.475      -1.564601
548.490      -1.580239
548.505      -1.595853
548.520      -1.611440
548.535      -1.626994
548.550      -1.642513
548.565      -1.657991
548.580      -1.673424
548.595      -1.688808
548.610      -1.704139
548.625      -1.719413
548.640      -1.734626
548.655      -1.749774
548.670      -1.764852
548.685      -1.779857
548.700      -1.794784
548.715      -1.809631
548.730      -1.824392
548.745      -1.839064
548.760      -1.853644
548.775      -1.868127
548.790      -1.882510
548.805      -1.896790
548.820      -1.910962
548.835      -1.925023
548.850      -1.938969
548.865      -1.952798
548.880      -1.966506
548.895      -1.980089
548.910      -1.993544
548.925      -2.006868
548.940      -2.020057
548.955      -2.033110
548.970      -2.046021
548.985      -2.058790
549.000      -2.071411
549.015      -2.083884
549.030      -2.096204
549.045      -2.108370
549.060      -2.120378
549.075      -2.132226
549.090      -2.143911
549.105      -2.155430
549.120      -2.166782
549.135      -2.177964
549.150      -2.188974
549.165      -2.199809
549.180      -2.210467
549.195      -2.220946
549.210      -2.231245
549.225      -2.241361
549.240      -2.251292
549.255      -2.261036
549.270      -2.270592
549.285      -2.279959
549.300      -2.289134
549.315      -2.298115
549.330      -2.306903
549.345      -2.315494
549.360      -2.323888
549.375      -2.332084
549.390      -2.340081
549.405      -2.347876
549.420      -2.355471
549.435      -2.362862
549.450      -2.370051
549.465      -2.377035
549.480      -2.383814
549.495      -2.390388
549.510      -2.396755
549.525      -2.402916
549.540      -2.408871
549.555      -2.414617
549.570      -2.420157
549.585      -2.425489
549.600      -2.430612
549.615      -2.435528
549.630      -2.440237
549.645      -2.444737
549.660      -2.449030
549.675      -2.453116
549.690      -2.456995
549.705      -2.460668
549.720      -2.464135
549.735      -2.467396
549.750      -2.470452
549.765      -2.473304
549.780      -2.475953
549.795      -2.478399
549.810      -2.480644
549.825      -2.482688
549.840      -2.484533
549.855      -2.486179
549.870      -2.487628
549.885      -2.488880
549.900      -2.489938
549.915      -2.490803
549.930      -2.491476
549.945      -2.491958
549.960      -2.492252
549.975      -2.492358
549.990      -2.492278
550.005      -2.492015
550.020      -2.491570
550.035      -2.490945
550.050      -2.490142
550.065      -2.489162
550.080      -2.488009
550.095      -2.486683
550.110      -2.485187
550.125      -2.483524
550.140      -2.481695
550.155      -2.479704
550.170      -2.477551
550.185      -2.475240
550.200      -2.472773
550.215      -2.470152
550.230      -2.467381
550.245      -2.464461
550.260      -2.461396
550.275      -2.458187
550.290      -2.454839
550.305      -2.451352
550.320      -2.447731
550.335      -2.443978
550.350      -2.440096
550.365      -2.436088
550.380      -2.431957
550.395      -2.427705
550.410      -2.423336
550.425      -2.418852
550.440      -2.414258
550.455      -2.409555
550.470      -2.404747
550.485      -2.399837
550.500      -2.394829
550.515      -2.389724
550.530      -2.384528
550.545      -2.379242
550.560      -2.373870
550.575      -2.368415
550.590      -2.362880
550.605      -2.357270
550.620      -2.351586
550.635      -2.345832
550.650      -2.340012
550.665      -2.334129
550.680      -2.328186
550.695      -2.322187
550.710      -2.316134
550.725      -2.310031
550.740      -2.303882
550.755      -2.297689
550.770      -2.291456
550.785      -2.285187
550.800      -2.278884
550.815      -2.272551
550.830      -2.266191
550.845      -2.259807
550.860      -2.253403
550.875      -2.246982
550.890      -2.240547
550.905      -2.234101
550.920      -2.227648
550.935      -2.221191
550.950      -2.214733
550.965      -2.208276
550.980      -2.201825
550.995      -2.195382
551.010      -2.188950
551.025      -2.182532
551.040      -2.176132
551.055      -2.169752
551.070      -2.163396
551.085      -2.157066
551.100      -2.150765
551.115      -2.144496
551.130      -2.138261
551.145      -2.132065
551.160      -2.125909
551.175      -2.119796
551.190      -2.113729
551.205      -2.107711
551.220      -2.101743
551.235      -2.095830
551.250      -2.089972
551.265      -2.084174
551.280      -2.078436
551.295      -2.072763
551.310      -2.067155
551.325      -2.061616
551.340      -2.056147
551.355      -2.050751
551.370      -2.045430
551.385      -2.040186
551.400      -2.035021
551.415      -2.029938
551.430      -2.024938
551.445      -2.020023
551.460      -2.015195
551.475      -2.010456
551.490      -2.005808
551.505      -2.001252
551.520      -1.996790
551.535      -1.992424
551.550      -1.988155
551.565      -1.983985
551.580      -1.979916
551.595      -1.975948
551.610      -1.972083
551.625      -1.968322
551.640      -1.964667
551.655      -1.961118
551.670      -1.957678
551.685      -1.954346
551.700      -1.951125
551.715      -1.948014
551.730      -1.945015
551.745      -1.942129
551.760      -1.939356
551.775      -1.936698
551.790      -1.934154
551.805      -1.931726
551.820      -1.929413
551.835      -1.927217
551.850      -1.925139
551.865      -1.923177
551.880      -1.921333
551.895      -1.919607
551.910      -1.917999
551.925      -1.916510
551.940      -1.915138
551.955      -1.913886
551.970      -1.912751
551.985      -1.911735
552.000      -1.910837
552.015      -1.910058
552.030      -1.909395
552.045      -1.908851
552.060      -1.908423
552.075      -1.908113
552.090      -1.907918
552.105      -1.907839
552.120      -1.907875
552.135      -1.908026
552.150      -1.908291
552.165      -1.908669
552.180      -1.909159
552.195      -1.909761
552.210      -1.910473
552.225      -1.911295
552.240      -1.912226
552.255      -1.913264
552.270      -1.914409
552.285      -1.915660
552.300      -1.917014
552.315      -1.918472
552.330      -1.920031
552.345      -1.921691
552.360      -1.923450
552.375      -1.925307
552.390      -1.927259
552.405      -1.929307
552.420      -1.931447
552.435      -1.933679
552.450      -1.936001
552.465      -1.938412
552.480      -1.940908
552.495      -1.943490
552.510      -1.946154
552.525      -1.948899
552.540      -1.951724
552.555      -1.954626
552.570      -1.957604
552.585      -1.960655
552.600      -1.963777
552.615      -1.966969
552.630      -1.970228
552.645      -1.973553
552.660      -1.976940
552.675      -1.980388
552.690      -1.983895
552.705      -1.987459
552.720      -1.991077
552.735      -1.994746
552.750      -1.998466
552.765      -2.002232
552.780      -2.006044
552.795      -2.009898
552.810      -2.013793
552.825      -2.017725
552.840      -2.021693
552.855      -2.025694
552.870      -2.029725
552.885      -2.033784
552.900      -2.037869
552.915      -2.041977
552.930      -2.046105
552.945      -2.050251
552.960      -2.054413
552.975      -2.058588
552.990      -2.062773
553.005      -2.066965
553.020      -2.071163
553.035      -2.075363
553.050      -2.079564
553.065      -2.083762
553.080      -2.087955
553.095      -2.092140
553.110      -2.096315
553.125      -2.100477
553.140      -2.104624
553.155      -2.108752
553.170      -2.112860
553.185      -2.116945
553.200      -2.121005
553.215      -2.125036
553.230      -2.129036
553.245      -2.133003
553.260      -2.136935
553.275      -2.140828
553.290      -2.144681
553.305      -2.148490
553.320      -2.152254
553.335      -2.155970
553.350      -2.159635
553.365      -2.163248
553.380      -2.166805
553.395      -2.170306
553.410      -2.173746
553.425      -2.177124
553.440      -2.180438
553.455      -2.183685
553.470      -2.186864
553.485      -2.189972
553.500      -2.193007
553.515      -2.195966
553.530      -2.198848
553.545      -2.201652
553.560      -2.204373
553.575      -2.207012
553.590      -2.209565
553.605      -2.212032
553.620      -2.214409
553.635      -2.216696
553.650      -2.218890
553.665      -2.220991
553.680      -2.222995
553.695      -2.224902
553.710      -2.226709
553.725      -2.228416
553.740      -2.230021
553.755      -2.231522
553.770      -2.232918
553.785      -2.234208
553.800      -2.235390
553.815      -2.236463
553.830      -2.237426
553.845      -2.238278
553.860      -2.239018
553.875      -2.239644
553.890      -2.240155
553.905      -2.240552
553.920      -2.240832
553.935      -2.240995
553.950      -2.241040
553.965      -2.240967
553.980      -2.240775
553.995      -2.240463
554.010      -2.240031
554.025      -2.239478
554.040      -2.238804
554.055      -2.238009
554.070      -2.237092
554.085      -2.236053
554.100      -2.234892
554.115      -2.233609
554.130      -2.232203
554.145      -2.230676
554.160      -2.229026
554.175      -2.227254
554.190      -2.225361
554.205      -2.223346
554.220      -2.221210
554.235      -2.218953
554.250      -2.216577
554.265      -2.214080
554.280      -2.211465
554.295      -2.208731
554.310      -2.205879
554.325      -2.202911
554.340      -2.199826
554.355      -2.196627
554.370      -2.193313
554.385      -2.189887
554.400      -2.186348
554.415      -2.182699
554.430      -2.178940
554.445      -2.175073
554.460      -2.171099
554.475      -2.167020
554.490      -2.162836
554.505      -2.158551
554.520      -2.154164
554.535      -2.149679
554.550      -2.145096
554.565      -2.140417
554.580      -2.135644
554.595      -2.130780
554.610      -2.125826
554.625      -2.120783
554.640      -2.115655
554.655      -2.110443
554.670      -2.105149
554.685      -2.099776
554.700      -2.094326
554.715      -2.088801
554.730      -2.083203
554.745      -2.077536
554.760      -2.071801
554.775      -2.066000
554.790      -2.060138
554.805      -2.054215
554.820      -2.048235
554.835      -2.042200
554.850      -2.036114
554.865      -2.029978
554.880      -2.023796
554.895      -2.017571
554.910      -2.011305
554.925      -2.005001
554.940      -1.998663
554.955      -1.992292
554.970      -1.985893
554.985      -1.979468
555.000      -1.973021
555.015      -1.966553
555.030      -1.960070
555.045      -1.953572
555.060      -1.947065
555.075      -1.940550
555.090      -1.934032
555.105      -1.927513
555.120      -1.920996
555.135      -1.914485
555.150      -1.907983
555.165      -1.901494
555.180      -1.895019
555.195      -1.888564
555.210      -1.882131
555.225      -1.875723
555.240      -1.869344
555.255      -1.862996
555.270      -1.856684
555.285      -1.850411
555.300      -1.844179
555.315      -1.837992
555.330      -1.831854
555.345      -1.825767
555.360      -1.819735
555.375      -1.813761
555.390      -1.807848
555.405      -1.802000
555.420      -1.796219
555.435      -1.790509
555.450      -1.784873
555.465      -1.779314
555.480      -1.773836
555.495      -1.768441
555.510      -1.763131
555.525      -1.757912
555.540      -1.752784
555.555      -1.747752
555.570      -1.742818
555.585      -1.737986
555.600      -1.733257
555.615      -1.728635
555.630      -1.724122
555.645      -1.719722
555.660      -1.715436
555.675      -1.711268
555.690      -1.707221
555.705      -1.703296
555.720      -1.699496
555.735      -1.695824
555.750      -1.692282
555.765      -1.688873
555.780      -1.685598
555.795      -1.682461
555.810      -1.679463
555.825      -1.676606
555.840      -1.673892
555.855      -1.671324
555.870      -1.668903
555.885      -1.666631
555.900      -1.664511
555.915      -1.662543
555.930      -1.660730
555.945      -1.659074
555.960      -1.657575
555.975      -1.656235
555.990      -1.655056
556.005      -1.654039
556.020      -1.653185
556.035      -1.652496
556.050      -1.651973
556.065      -1.651617
556.080      -1.651428
556.095      -1.651409
556.110      -1.651559
556.125      -1.651879
556.140      -1.652370
556.155      -1.653034
556.170      -1.653869
556.185      -1.654878
556.200      -1.656059
556.215      -1.657414
556.230      -1.658943
556.245      -1.660646
556.260      -1.662523
556.275      -1.664575
556.290      -1.666800
556.305      -1.669199
556.320      -1.671772
556.335      -1.674519
556.350      -1.677438
556.365      -1.680530
556.380      -1.683795
556.395      -1.687231
556.410      -1.690837
556.425      -1.694614
556.440      -1.698560
556.455      -1.702675
556.470      -1.706957
556.485      -1.711405
556.500      -1.716019
556.515      -1.720796
556.530      -1.725737
556.545      -1.730839
556.560      -1.736101
556.575      -1.741521
556.590      -1.747099
556.605      -1.752832
556.620      -1.758719
556.635      -1.764757
556.650      -1.770946
556.665      -1.777283
556.680      -1.783766
556.695      -1.790393
556.710      -1.797163
556.725      -1.804073
556.740      -1.811120
556.755      -1.818303
556.770      -1.825619
556.785      -1.833065
556.800      -1.840640
556.815      -1.848341
556.830      -1.856166
556.845      -1.864110
556.860      -1.872173
556.875      -1.880351
556.890      -1.888642
556.905      -1.897042
556.920      -1.905549
556.935      -1.914161
556.950      -1.922873
556.965      -1.931683
556.980      -1.940588
556.995      -1.949585
557.010      -1.958670
557.025      -1.967841
557.040      -1.977095
557.055      -1.986428
557.070      -1.995837
557.085      -2.005318
557.100      -2.014869
557.115      -2.024485
557.130      -2.034165
557.145      -2.043903
557.160      -2.053697
557.175      -2.063544
557.190      -2.073440
557.205      -2.083380
557.220      -2.093363
557.235      -2.103384
557.250      -2.113441
557.265      -2.123528
557.280      -2.133643
557.295      -2.143782
557.310      -2.153942
557.325      -2.164119
557.340      -2.174309
557.355      -2.184510
557.370      -2.194716
557.385      -2.204926
557.400      -2.215134
557.415      -2.225338
557.430      -2.235534
557.445      -2.245718
557.460      -2.255887
557.475      -2.266037
557.490      -2.276166
557.505      -2.286268
557.520      -2.296341
557.535      -2.306382
557.550      -2.316386
557.565      -2.326350
557.580      -2.336271
557.595      -2.346146
557.610      -2.355971
557.625      -2.365742
557.640      -2.375457
557.655      -2.385112
557.670      -2.394704
557.685      -2.404229
557.700      -2.413684
557.715      -2.423067
557.730      -2.432374
557.745      -2.441601
557.760      -2.450747
557.775      -2.459807
557.790      -2.468779
557.805      -2.477660
557.820      -2.486447
557.835      -2.495137
557.850      -2.503727
557.865      -2.512215
557.880      -2.520597
557.895      -2.528872
557.910      -2.537036
557.925      -2.545088
557.940      -2.553023
557.955      -2.560841
557.970      -2.568538
557.985      -2.576113
558.000      -2.583563
558.015      -2.590885
558.030      -2.598078
558.045      -2.605139
558.060      -2.612067
558.075      -2.618859
558.090      -2.625513
558.105      -2.632029
558.120      -2.638403
558.135      -2.644634
558.150      -2.650720
558.165      -2.656660
558.180      -2.662452
558.195      -2.668095
558.210      -2.673588
558.225      -2.678928
558.240      -2.684115
558.255      -2.689147
558.270      -2.694024
558.285      -2.698744
558.300      -2.703306
558.315      -2.707709
558.330      -2.711953
558.345      -2.716037
558.360      -2.719959
558.375      -2.723719
558.390      -2.727317
558.405      -2.730752
558.420      -2.734024
558.435      -2.737132
558.450      -2.740076
558.465      -2.742855
558.480      -2.745470
558.495      -2.747920
558.510      -2.750205
558.525      -2.752325
558.540      -2.754281
558.555      -2.756073
558.570      -2.757700
558.585      -2.759163
558.600      -2.760462
558.615      -2.761598
558.630      -2.762571
558.645      -2.763382
558.660      -2.764032
558.675      -2.764520
558.690      -2.764848
558.705      -2.765017
558.720      -2.765027
558.735      -2.764879
558.750      -2.764574
558.765      -2.764113
558.780      -2.763498
558.795      -2.762729
558.810      -2.761808
558.825      -2.760736
558.840      -2.759513
558.855      -2.758142
558.870      -2.756624
558.885      -2.754960
558.900      -2.753152
558.915      -2.751202
558.930      -2.749110
558.945      -2.746878
558.960      -2.744509
558.975      -2.742004
558.990      -2.739364
559.005      -2.736592
559.020      -2.733689
559.035      -2.730657
559.050      -2.727498
559.065      -2.724215
559.080      -2.720808
559.095      -2.717280
559.110      -2.713633
559.125      -2.709870
559.140      -2.705991
559.155      -2.702000
559.170      -2.697899
559.185      -2.693689
559.200      -2.689373
559.215      -2.684954
559.230      -2.680432
559.245      -2.675812
559.260      -2.671094
559.275      -2.666282
559.290      -2.661378
559.305      -2.656383
559.320      -2.651301
559.335      -2.646133
559.350      -2.640883
559.365      -2.635552
559.380      -2.630143
559.395      -2.624659
559.410      -2.619101
559.425      -2.613473
559.440      -2.607776
559.455      -2.602013
559.470      -2.596186
559.485      -2.590299
559.500      -2.584353
559.515      -2.578350
559.530      -2.572294
559.545      -2.566187
559.560      -2.560031
559.575      -2.553828
559.590      -2.547581
559.605      -2.541293
559.620      -2.534965
559.635      -2.528600
559.650      -2.522201
559.665      -2.515770
559.680      -2.509309
559.695      -2.502820
559.710      -2.496306
559.725      -2.489770
559.740      -2.483213
559.755      -2.476637
559.770      -2.470046
559.785      -2.463441
559.800      -2.456824
559.815      -2.450198
559.830      -2.443564
559.845      -2.436926
559.860      -2.430284
559.875      -2.423642
559.890      -2.417001
559.905      -2.410363
559.920      -2.403731
559.935      -2.397105
559.950      -2.390490
559.965      -2.383885
559.980      -2.377293
559.995      -2.370717
560.010      -2.364157
560.025      -2.357616
560.040      -2.351096
560.055      -2.344598
560.070      -2.338124
560.085      -2.331675
560.100      -2.325254
560.115      -2.318862
560.130      -2.312501
560.145      -2.306172
560.160      -2.299877
560.175      -2.293617
560.190      -2.287394
560.205      -2.281209
560.220      -2.275064
560.235      -2.268959
560.250      -2.262897
560.265      -2.256879
560.280      -2.250906
560.295      -2.244978
560.310      -2.239098
560.325      -2.233267
560.340      -2.227485
560.355      -2.221754
560.370      -2.216075
560.385      -2.210448
560.400      -2.204875
560.415      -2.199357
560.430      -2.193895
560.445      -2.188489
560.460      -2.183141
560.475      -2.177850
560.490      -2.172619
560.505      -2.167447
560.520      -2.162336
560.535      -2.157286
560.550      -2.152297
560.565      -2.147371
560.580      -2.142507
560.595      -2.137707
560.610      -2.132971
560.625      -2.128299
560.640      -2.123692
560.655      -2.119150
560.670      -2.114673
560.685      -2.110262
560.700      -2.105917
560.715      -2.101638
560.730      -2.097426
560.745      -2.093281
560.760      -2.089202
560.775      -2.085191
560.790      -2.081246
560.805      -2.077369
560.820      -2.073559
560.835      -2.069816
560.850      -2.066140
560.865      -2.062531
560.880      -2.058989
560.895      -2.055514
560.910      -2.052106
560.925      -2.048764
560.940      -2.045488
560.955      -2.042278
560.970      -2.039134
560.985      -2.036056
561.000      -2.033042
561.015      -2.030094
561.030      -2.027209
561.045      -2.024389
561.060      -2.021632
561.075      -2.018939
561.090      -2.016308
561.105      -2.013739
561.120      -2.011232
561.135      -2.008785
561.150      -2.006400
561.165      -2.004074
561.180      -2.001807
561.195      -1.999599
561.210      -1.997448
561.225      -1.995355
561.240      -1.993319
561.255      -1.991338
561.270      -1.989412
561.285      -1.987541
561.300      -1.985723
561.315      -1.983957
561.330      -1.982244
561.345      -1.980581
561.360      -1.978969
561.375      -1.977406
561.390      -1.975891
561.405      -1.974424
561.420      -1.973003
561.435      -1.971628
561.450      -1.970297
561.465      -1.969010
561.480      -1.967766
561.495      -1.966563
561.510      -1.965401
561.525      -1.964278
561.540      -1.963194
561.555      -1.962148
561.570      -1.961138
561.585      -1.960163
561.600      -1.959223
561.615      -1.958316
561.630      -1.957441
561.645      -1.956596
561.660      -1.955782
561.675      -1.954996
561.690      -1.954238
561.705      -1.953506
561.720      -1.952800
561.735      -1.952117
561.750      -1.951457
561.765      -1.950819
561.780      -1.950202
561.795      -1.949604
561.810      -1.949023
561.825      -1.948460
561.840      -1.947912
561.855      -1.947379
561.870      -1.946859
561.885      -1.946351
561.900      -1.945854
561.915      -1.945366
561.930      -1.944886
561.945      -1.944414
561.960      -1.943947
561.975      -1.943485
561.990      -1.943026
562.005      -1.942569
562.020      -1.942113
562.035      -1.941656
562.050      -1.941198
562.065      -1.940736
562.080      -1.940271
562.095      -1.939800
562.110      -1.939322
562.125      -1.938836
562.140      -1.938341
562.155      -1.937836
562.170      -1.937319
562.185      -1.936789
562.200      -1.936244
562.215      -1.935684
562.230      -1.935108
562.245      -1.934514
562.260      -1.933900
562.275      -1.933267
562.290      -1.932611
562.305      -1.931933
562.320      -1.931232
562.335      -1.930505
562.350      -1.929751
562.365      -1.928970
562.380      -1.928161
562.395      -1.927321
562.410      -1.926451
562.425      -1.925549
562.440      -1.924613
562.455      -1.923643
562.470      -1.922637
562.485      -1.921594
562.500      -1.920514
562.515      -1.919395
562.530      -1.918236
562.545      -1.917037
562.560      -1.915795
562.575      -1.914510
562.590      -1.913180
562.605      -1.911806
562.620      -1.910385
562.635      -1.908918
562.650      -1.907402
562.665      -1.905837
562.680      -1.904222
562.695      -1.902556
562.710      -1.900839
562.725      -1.899068
562.740      -1.897244
562.755      -1.895365
562.770      -1.893431
562.785      -1.891441
562.800      -1.889393
562.815      -1.887288
562.830      -1.885124
562.845      -1.882901
562.860      -1.880618
562.875      -1.878274
562.890      -1.875868
562.905      -1.873400
562.920      -1.870870
562.935      -1.868275
562.950      -1.865617
562.965      -1.862895
562.980      -1.860107
562.995      -1.857253
563.010      -1.854333
563.025      -1.851346
563.040      -1.848293
563.055      -1.845171
563.070      -1.841982
563.085      -1.838724
563.100      -1.835398
563.115      -1.832002
563.130      -1.828537
563.145      -1.825002
563.160      -1.821398
563.175      -1.817723
563.190      -1.813979
563.205      -1.810163
563.220      -1.806278
563.235      -1.802321
563.250      -1.798294
563.265      -1.794197
563.280      -1.790028
563.295      -1.785790
563.310      -1.781480
563.325      -1.777100
563.340      -1.772650
563.355      -1.768129
563.370      -1.763539
563.385      -1.758878
563.400      -1.754149
563.415      -1.749350
563.430      -1.744483
563.445      -1.739547
563.460      -1.734543
563.475      -1.729471
563.490      -1.724332
563.505      -1.719127
563.520      -1.713856
563.535      -1.708519
563.550      -1.703118
563.565      -1.697653
563.580      -1.692124
563.595      -1.686532
563.610      -1.680879
563.625      -1.675164
563.640      -1.669389
563.655      -1.663555
563.670      -1.657662
563.685      -1.651712
563.700      -1.645705
563.715      -1.639642
563.730      -1.633526
563.745      -1.627356
563.760      -1.621133
563.775      -1.614860
563.790      -1.608537
563.805      -1.602165
563.820      -1.595746
563.835      -1.589280
563.850      -1.582771
563.865      -1.576217
563.880      -1.569622
563.895      -1.562987
563.910      -1.556313
563.925      -1.549601
563.940      -1.542853
563.955      -1.536071
563.970      -1.529257
563.985      -1.522411
564.000      -1.515536
564.015      -1.508633
564.030      -1.501704
564.045      -1.494751
564.060      -1.487776
564.075      -1.480780
564.090      -1.473766
564.105      -1.466735
564.120      -1.459689
564.135      -1.452629
564.150      -1.445559
564.165      -1.438480
564.180      -1.431394
564.195      -1.424303
564.210      -1.417209
564.225      -1.410114
564.240      -1.403020
564.255      -1.395930
564.270      -1.388846
564.285      -1.381769
564.300      -1.374702
564.315      -1.367647
564.330      -1.360606
564.345      -1.353582
564.360      -1.346577
564.375      -1.339593
564.390      -1.332632
564.405      -1.325697
564.420      -1.318789
564.435      -1.311913
564.450      -1.305068
564.465      -1.298259
564.480      -1.291487
564.495      -1.284754
564.510      -1.278064
564.525      -1.271418
564.540      -1.264818
564.555      -1.258268
564.570      -1.251769
564.585      -1.245324
564.600      -1.238936
564.615      -1.232606
564.630      -1.226337
564.645      -1.220131
564.660      -1.213991
564.675      -1.207919
564.690      -1.201918
564.705      -1.195990
564.720      -1.190136
564.735      -1.184361
564.750      -1.178665
564.765      -1.173051
564.780      -1.167522
564.795      -1.162079
564.810      -1.156725
564.825      -1.151463
564.840      -1.146294
564.855      -1.141221
564.870      -1.136246
564.885      -1.131371
564.900      -1.126599
564.915      -1.121931
564.930      -1.117369
564.945      -1.112916
564.960      -1.108574
564.975      -1.104345
564.990      -1.100230
565.005      -1.096232
565.020      -1.092353
565.035      -1.088595
565.050      -1.084959
565.065      -1.081447
565.080      -1.078062
565.095      -1.074805
565.110      -1.071678
565.125      -1.068682
565.140      -1.065819
565.155      -1.063092
565.170      -1.060500
565.185      -1.058047
565.200      -1.055734
565.215      -1.053561
565.230      -1.051531
565.245      -1.049645
565.260      -1.047904
565.275      -1.046310
565.290      -1.044863
565.305      -1.043566
565.320      -1.042418
565.335      -1.041422
565.350      -1.040579
565.365      -1.039888
565.380      -1.039352
565.395      -1.038972
565.410      -1.038747
565.425      -1.038680
565.440      -1.038770
565.455      -1.039019
565.470      -1.039427
565.485      -1.039995
565.500      -1.040722
565.515      -1.041611
565.530      -1.042661
565.545      -1.043872
565.560      -1.045245
565.575      -1.046781
565.590      -1.048478
565.605      -1.050339
565.620      -1.052361
565.635      -1.054547
565.650      -1.056895
565.665      -1.059406
565.680      -1.062079
565.695      -1.064914
565.710      -1.067912
565.725      -1.071071
565.740      -1.074391
565.755      -1.077873
565.770      -1.081515
565.785      -1.085316
565.800      -1.089277
565.815      -1.093397
565.830      -1.097674
565.845      -1.102109
565.860      -1.106700
565.875      -1.111447
565.890      -1.116348
565.905      -1.121402
565.920      -1.126609
565.935      -1.131968
565.950      -1.137476
565.965      -1.143134
565.980      -1.148940
565.995      -1.154892
566.010      -1.160989
566.025      -1.167229
566.040      -1.173612
566.055      -1.180135
566.070      -1.186798
566.085      -1.193598
566.100      -1.200534
566.115      -1.207604
566.130      -1.214806
566.145      -1.222139
566.160      -1.229600
566.175      -1.237188
566.190      -1.244901
566.205      -1.252736
566.220      -1.260693
566.235      -1.268768
566.250      -1.276960
566.265      -1.285266
566.280      -1.293684
566.295      -1.302212
566.310      -1.310848
566.325      -1.319590
566.340      -1.328434
566.355      -1.337380
566.370      -1.346423
566.385      -1.355563
566.400      -1.364796
566.415      -1.374120
566.430      -1.383533
566.445      -1.393031
566.460      -1.402613
566.475      -1.412276
566.490      -1.422016
566.505      -1.431833
566.520      -1.441722
566.535      -1.451681
566.550      -1.461708
566.565      -1.471800
566.580      -1.481953
566.595      -1.492167
566.610      -1.502436
566.625      -1.512760
566.640      -1.523135
566.655      -1.533558
566.670      -1.544027
566.685      -1.554538
566.700      -1.565090
566.715      -1.575679
566.730      -1.586302
566.745      -1.596956
566.760      -1.607640
566.775      -1.618350
566.790      -1.629083
566.805      -1.639836
566.820      -1.650607
566.835      -1.661394
566.850      -1.672192
566.865      -1.683000
566.880      -1.693814
566.895      -1.704633
566.910      -1.715453
566.925      -1.726271
566.940      -1.737086
566.955      -1.747894
566.970      -1.758692
566.985      -1.769479
567.000      -1.780251
567.015      -1.791006
567.030      -1.801741
567.045      -1.812454
567.060      -1.823143
567.075      -1.833805
567.090      -1.844437
567.105      -1.855037
567.120      -1.865602
567.135      -1.876132
567.150      -1.886622
567.165      -1.897071
567.180      -1.907477
567.195      -1.917837
567.210      -1.928149
567.225      -1.938411
567.240      -1.948622
567.255      -1.958778
567.270      -1.968878
567.285      -1.978921
567.300      -1.988903
567.315      -1.998824
567.330      -2.008681
567.345      -2.018473
567.360      -2.028197
567.375      -2.037853
567.390      -2.047439
567.405      -2.056952
567.420      -2.066392
567.435      -2.075757
567.450      -2.085045
567.465      -2.094255
567.480      -2.103387
567.495      -2.112437
567.510      -2.121406
567.525      -2.130292
567.540      -2.139094
567.555      -2.147810
567.570      -2.156440
567.585      -2.164984
567.600      -2.173439
567.615      -2.181805
567.630      -2.190081
567.645      -2.198267
567.660      -2.206361
567.675      -2.214363
567.690      -2.222273
567.705      -2.230090
567.720      -2.237814
567.735      -2.245443
567.750      -2.252978
567.765      -2.260418
567.780      -2.267763
567.795      -2.275014
567.810      -2.282168
567.825      -2.289228
567.840      -2.296192
567.855      -2.303060
567.870      -2.309833
567.885      -2.316511
567.900      -2.323093
567.915      -2.329581
567.930      -2.335974
567.945      -2.342272
567.960      -2.348476
567.975      -2.354587
567.990      -2.360605
568.005      -2.366530
568.020      -2.372363
568.035      -2.378105
568.050      -2.383755
568.065      -2.389316
568.080      -2.394787
568.095      -2.400170
568.110      -2.405465
568.125      -2.410674
568.140      -2.415796
568.155      -2.420834
568.170      -2.425787
568.185      -2.430658
568.200      -2.435447
568.215      -2.440156
568.230      -2.444785
568.245      -2.449335
568.260      -2.453809
568.275      -2.458207
568.290      -2.462531
568.305      -2.466782
568.320      -2.470961
568.335      -2.475070
568.350      -2.479110
568.365      -2.483082
568.380      -2.486989
568.395      -2.490831
568.410      -2.494611
568.425      -2.498330
568.440      -2.501988
568.455      -2.505589
568.470      -2.509134
568.485      -2.512624
568.500      -2.516061
568.515      -2.519446
568.530      -2.522782
568.545      -2.526070
568.560      -2.529312
568.575      -2.532510
568.590      -2.535665
568.605      -2.538779
568.620      -2.541854
568.635      -2.544892
568.650      -2.547895
568.665      -2.550864
568.680      -2.553800
568.695      -2.556707
568.710      -2.559586
568.725      -2.562438
568.740      -2.565266
568.755      -2.568070
568.770      -2.570854
568.785      -2.573618
568.800      -2.576365
568.815      -2.579097
568.830      -2.581814
568.845      -2.584519
568.860      -2.587214
568.875      -2.589901
568.890      -2.592580
568.905      -2.595254
568.920      -2.597925
568.935      -2.600593
568.950      -2.603262
568.965      -2.605932
568.980      -2.608604
568.995      -2.611282
569.010      -2.613966
569.025      -2.616657
569.040      -2.619358
569.055      -2.622069
569.070      -2.624793
569.085      -2.627530
569.100      -2.630282
569.115      -2.633051
569.130      -2.635837
569.145      -2.638643
569.160      -2.641469
569.175      -2.644316
569.190      -2.647186
569.205      -2.650080
569.220      -2.652999
569.235      -2.655945
569.250      -2.658917
569.265      -2.661918
569.280      -2.664948
569.295      -2.668008
569.310      -2.671099
569.325      -2.674222
569.340      -2.677377
569.355      -2.680566
569.370      -2.683790
569.385      -2.687048
569.400      -2.690341
569.415      -2.693670
569.430      -2.697036
569.445      -2.700439
569.460      -2.703880
569.475      -2.707358
569.490      -2.710875
569.505      -2.714429
569.520      -2.718023
569.535      -2.721656
569.550      -2.725327
569.565      -2.729038
569.580      -2.732788
569.595      -2.736577
569.610      -2.740405
569.625      -2.744272
569.640      -2.748178
569.655      -2.752122
569.670      -2.756105
569.685      -2.760125
569.700      -2.764184
569.715      -2.768279
569.730      -2.772411
569.745      -2.776580
569.760      -2.780783
569.775      -2.785022
569.790      -2.789296
569.805      -2.793602
569.820      -2.797942
569.835      -2.802313
569.850      -2.806716
569.865      -2.811148
569.880      -2.815610
569.895      -2.820100
569.910      -2.824616
569.925      -2.829159
569.940      -2.833726
569.955      -2.838317
569.970      -2.842930
569.985      -2.847564
570.000      -2.852218
570.015      -2.856889
570.030      -2.861577
570.045      -2.866280
570.060      -2.870997
570.075      -2.875726
570.090      -2.880465
570.105      -2.885213
570.120      -2.889968
570.135      -2.894728
570.150      -2.899491
570.165      -2.904256
570.180      -2.909021
570.195      -2.913784
570.210      -2.918542
570.225      -2.923295
570.240      -2.928039
570.255      -2.932773
570.270      -2.937495
570.285      -2.942202
570.300      -2.946893
570.315      -2.951566
570.330      -2.956217
570.345      -2.960845
570.360      -2.965448
570.375      -2.970023
570.390      -2.974569
570.405      -2.979082
570.420      -2.983560
570.435      -2.988001
570.450      -2.992403
570.465      -2.996763
570.480      -3.001079
570.495      -3.005348
570.510      -3.009568
570.525      -3.013736
570.540      -3.017850
570.555      -3.021908
570.570      -3.025906
570.585      -3.029842
570.600      -3.033715
570.615      -3.037520
570.630      -3.041256
570.645      -3.044920
570.660      -3.048510
570.675      -3.052022
570.690      -3.055455
570.705      -3.058806
570.720      -3.062072
570.735      -3.065251
570.750      -3.068340
570.765      -3.071336
570.780      -3.074238
570.795      -3.077042
570.810      -3.079746
570.825      -3.082347
570.840      -3.084843
570.855      -3.087231
570.870      -3.089510
570.885      -3.091675
570.900      -3.093726
570.915      -3.095659
570.930      -3.097472
570.945      -3.099163
570.960      -3.100728
570.975      -3.102167
570.990      -3.103476
571.005      -3.104654
571.020      -3.105697
571.035      -3.106604
571.050      -3.107372
571.065      -3.107999
571.080      -3.108484
571.095      -3.108822
571.110      -3.109014
571.125      -3.109056
571.140      -3.108947
571.155      -3.108684
571.170      -3.108265
571.185      -3.107689
571.200      -3.106954
571.215      -3.106057
571.230      -3.104997
571.245      -3.103772
571.260      -3.102381
571.275      -3.100820
571.290      -3.099090
571.305      -3.097188
571.320      -3.095113
571.335      -3.092863
571.350      -3.090437
571.365      -3.087833
571.380      -3.085050
571.395      -3.082086
571.410      -3.078941
571.425      -3.075612
571.440      -3.072100
571.455      -3.068402
571.470      -3.064517
571.485      -3.060446
571.500      -3.056186
571.515      -3.051736
571.530      -3.047097
571.545      -3.042267
571.560      -3.037245
571.575      -3.032031
571.590      -3.026624
571.605      -3.021023
571.620      -3.015228
571.635      -3.009240
571.650      -3.003056
571.665      -2.996677
571.680      -2.990103
571.695      -2.983334
571.710      -2.976369
571.725      -2.969208
571.740      -2.961851
571.755      -2.954299
571.770      -2.946552
571.785      -2.938609
571.800      -2.930472
571.815      -2.922140
571.830      -2.913613
571.845      -2.904893
571.860      -2.895980
571.875      -2.886874
571.890      -2.877577
571.905      -2.868088
571.920      -2.858409
571.935      -2.848540
571.950      -2.838483
571.965      -2.828238
571.980      -2.817807
571.995      -2.807190
572.010      -2.796389
572.025      -2.785406
572.040      -2.774241
572.055      -2.762895
572.070      -2.751372
572.085      -2.739671
572.100      -2.727794
572.115      -2.715744
572.130      -2.703522
572.145      -2.691130
572.160      -2.678569
572.175      -2.665841
572.190      -2.652950
572.205      -2.639895
572.220      -2.626681
572.235      -2.613308
572.250      -2.599780
572.265      -2.586097
572.280      -2.572264
572.295      -2.558282
572.310      -2.544154
572.325      -2.529882
572.340      -2.515468
572.355      -2.500917
572.370      -2.486229
572.385      -2.471409
572.400      -2.456458
572.415      -2.441380
572.430      -2.426178
572.445      -2.410854
572.460      -2.395412
572.475      -2.379855
572.490      -2.364186
572.505      -2.348408
572.520      -2.332525
572.535      -2.316539
572.550      -2.300454
572.565      -2.284273
572.580      -2.268000
572.595      -2.251639
572.610      -2.235192
572.625      -2.218664
572.640      -2.202057
572.655      -2.185376
572.670      -2.168625
572.685      -2.151806
572.700      -2.134924
572.715      -2.117982
572.730      -2.100985
572.745      -2.083935
572.760      -2.066838
572.775      -2.049696
572.790      -2.032514
572.805      -2.015296
572.820      -1.998046
572.835      -1.980767
572.850      -1.963463
572.865      -1.946140
572.880      -1.928800
572.895      -1.911448
572.910      -1.894088
572.925      -1.876724
572.940      -1.859360
572.955      -1.842000
572.970      -1.824648
572.985      -1.807309
573.000      -1.789987
573.015      -1.772686
573.030      -1.755409
573.045      -1.738162
573.060      -1.720947
573.075      -1.703771
573.090      -1.686636
573.105      -1.669546
573.120      -1.652507
573.135      -1.635522
573.150      -1.618594
573.165      -1.601730
573.180      -1.584931
573.195      -1.568203
573.210      -1.551550
573.225      -1.534975
573.240      -1.518483
573.255      -1.502078
573.270      -1.485764
573.285      -1.469544
573.300      -1.453423
573.315      -1.437405
573.330      -1.421493
573.345      -1.405692
573.360      -1.390005
573.375      -1.374436
573.390      -1.358989
573.405      -1.343668
573.420      -1.328476
573.435      -1.313417
573.450      -1.298495
573.465      -1.283714
573.480      -1.269076
573.495      -1.254586
573.510      -1.240246
573.525      -1.226062
573.540      -1.212034
573.555      -1.198168
573.570      -1.184467
573.585      -1.170933
573.600      -1.157570
573.615      -1.144381
573.630      -1.131369
573.645      -1.118537
573.660      -1.105889
573.675      -1.093426
573.690      -1.081152
573.705      -1.069070
573.720      -1.057183
573.735      -1.045493
573.750      -1.034002
573.765      -1.022714
573.780      -1.011631
573.795      -1.000755
573.810      -0.990089
573.825      -0.979634
573.840      -0.969394
573.855      -0.959371
573.870      -0.949566
573.885      -0.939981
573.900      -0.930619
573.915      -0.921482
573.930      -0.912570
573.945      -0.903887
573.960      -0.895433
573.975      -0.887211
573.990      -0.879221
574.005      -0.871466
574.020      -0.863947
574.035      -0.856664
574.050      -0.849620
574.065      -0.842815
574.080      -0.836251
574.095      -0.829928
574.110      -0.823848
574.125      -0.818011
574.140      -0.812418
574.155      -0.807070
574.170      -0.801968
574.185      -0.797111
574.200      -0.792501
574.215      -0.788138
574.230      -0.784023
574.245      -0.780154
574.260      -0.776534
574.275      -0.773161
574.290      -0.770036
574.305      -0.767159
574.320      -0.764529
574.335      -0.762147
574.350      -0.760012
574.365      -0.758124
574.380      -0.756482
574.395      -0.755086
574.410      -0.753935
574.425      -0.753029
574.440      -0.752367
574.455      -0.751948
574.470      -0.751771
574.485      -0.751835
574.500      -0.752140
574.515      -0.752684
574.530      -0.753466
574.545      -0.754485
574.560      -0.755739
574.575      -0.757227
574.590      -0.758948
574.605      -0.760901
574.620      -0.763083
574.635      -0.765493
574.650      -0.768130
574.665      -0.770991
574.680      -0.774074
574.695      -0.777379
574.710      -0.780903
574.725      -0.784644
574.740      -0.788599
574.755      -0.792768
574.770      -0.797147
574.785      -0.801734
574.800      -0.806527
574.815      -0.811524
574.830      -0.816723
574.845      -0.822120
574.860      -0.827714
574.875      -0.833502
574.890      -0.839481
574.905      -0.845648
574.920      -0.852001
574.935      -0.858538
574.950      -0.865255
574.965      -0.872149
574.980      -0.879219
574.995      -0.886459
575.010      -0.893869
575.025      -0.901445
575.040      -0.909183
575.055      -0.917081
575.070      -0.925136
575.085      -0.933344
575.100      -0.941703
575.115      -0.950208
575.130      -0.958858
575.145      -0.967648
575.160      -0.976576
575.175      -0.985638
575.190      -0.994831
575.205      -1.004150
575.220      -1.013594
575.235      -1.023159
575.250      -1.032841
575.265      -1.042636
575.280      -1.052542
575.295      -1.062555
575.310      -1.072671
575.325      -1.082887
575.340      -1.093199
575.355      -1.103604
575.370      -1.114098
575.385      -1.124678
575.400      -1.135341
575.415      -1.146082
575.430      -1.156898
575.445      -1.167785
575.460      -1.178741
575.475      -1.189761
575.490      -1.200842
575.505      -1.211980
575.520      -1.223172
575.535      -1.234414
575.550      -1.245702
575.565      -1.257034
575.580      -1.268406
575.595      -1.279813
575.610      -1.291253
575.625      -1.302722
575.640      -1.314217
575.655      -1.325734
575.670      -1.337269
575.685      -1.348820
575.700      -1.360382
575.715      -1.371953
575.730      -1.383529
575.745      -1.395106
575.760      -1.406682
575.775      -1.418253
575.790      -1.429815
575.805      -1.441365
575.820      -1.452901
575.835      -1.464419
575.850      -1.475915
575.865      -1.487387
575.880      -1.498832
575.895      -1.510245
575.910      -1.521625
575.925      -1.532969
575.940      -1.544272
575.955      -1.555532
575.970      -1.566747
575.985      -1.577914
576.000      -1.589029
576.015      -1.600089
576.030      -1.611093
576.045      -1.622036
576.060      -1.632918
576.075      -1.643734
576.090      -1.654482
576.105      -1.665160
576.120      -1.675765
576.135      -1.686294
576.150      -1.696746
576.165      -1.707117
576.180      -1.717406
576.195      -1.727610
576.210      -1.737726
576.225      -1.747754
576.240      -1.757689
576.255      -1.767531
576.270      -1.777278
576.285      -1.786926
576.300      -1.796475
576.315      -1.805922
576.330      -1.815266
576.345      -1.824504
576.360      -1.833636
576.375      -1.842658
576.390      -1.851570
576.405      -1.860371
576.420      -1.869057
576.435      -1.877629
576.450      -1.886084
576.465      -1.894421
576.480      -1.902639
576.495      -1.910737
576.510      -1.918713
576.525      -1.926566
576.540      -1.934296
576.555      -1.941900
576.570      -1.949379
576.585      -1.956731
576.600      -1.963955
576.615      -1.971051
576.630      -1.978017
576.645      -1.984854
576.660      -1.991559
576.675      -1.998134
576.690      -2.004577
576.705      -2.010888
576.720      -2.017067
576.735      -2.023112
576.750      -2.029024
576.765      -2.034803
576.780      -2.040449
576.795      -2.045960
576.810      -2.051338
576.825      -2.056582
576.840      -2.061693
576.855      -2.066669
576.870      -2.071513
576.885      -2.076223
576.900      -2.080800
576.915      -2.085245
576.930      -2.089557
576.945      -2.093738
576.960      -2.097787
576.975      -2.101706
576.990      -2.105494
577.005      -2.109154
577.020      -2.112684
577.035      -2.116086
577.050      -2.119362
577.065      -2.122511
577.080      -2.125535
577.095      -2.128434
577.110      -2.131210
577.125      -2.133864
577.140      -2.136396
577.155      -2.138809
577.170      -2.141103
577.185      -2.143279
577.200      -2.145340
577.215      -2.147285
577.230      -2.149117
577.245      -2.150837
577.260      -2.152447
577.275      -2.153948
577.290      -2.155341
577.305      -2.156629
577.320      -2.157813
577.335      -2.158894
577.350      -2.159875
577.365      -2.160757
577.380      -2.161543
577.395      -2.162233
577.410      -2.162829
577.425      -2.163335
577.440      -2.163751
577.455      -2.164080
577.470      -2.164324
577.485      -2.164484
577.500      -2.164564
577.515      -2.164564
577.530      -2.164487
577.545      -2.164336
577.560      -2.164113
577.575      -2.163819
577.590      -2.163457
577.605      -2.163030
577.620      -2.162539
577.635      -2.161987
577.650      -2.161377
577.665      -2.160710
577.680      -2.159989
577.695      -2.159217
577.710      -2.158395
577.725      -2.157527
577.740      -2.156615
577.755      -2.155661
577.770      -2.154668
577.785      -2.153637
577.800      -2.152573
577.815      -2.151477
577.830      -2.150351
577.845      -2.149199
577.860      -2.148022
577.875      -2.146824
577.890      -2.145606
577.905      -2.144372
577.920      -2.143123
577.935      -2.141863
577.950      -2.140594
577.965      -2.139318
577.980      -2.138038
577.995      -2.136756
578.010      -2.135475
578.025      -2.134198
578.040      -2.132927
578.055      -2.131664
578.070      -2.130411
578.085      -2.129172
578.100      -2.127949
578.115      -2.126744
578.130      -2.125559
578.145      -2.124397
578.160      -2.123260
578.175      -2.122151
578.190      -2.121072
578.205      -2.120025
578.220      -2.119012
578.235      -2.118037
578.250      -2.117100
578.265      -2.116204
578.280      -2.115352
578.295      -2.114545
578.310      -2.113785
578.325      -2.113075
578.340      -2.112417
578.355      -2.111813
578.370      -2.111264
578.385      -2.110773
578.400      -2.110341
578.415      -2.109971
578.430      -2.109663
578.445      -2.109421
578.460      -2.109246
578.475      -2.109139
578.490      -2.109102
578.505      -2.109137
578.520      -2.109245
578.535      -2.109428
578.550      -2.109687
578.565      -2.110025
578.580      -2.110441
578.595      -2.110938
578.610      -2.111517
578.625      -2.112178
578.640      -2.112924
578.655      -2.113756
578.670      -2.114674
578.685      -2.115680
578.700      -2.116774
578.715      -2.117958
578.730      -2.119232
578.745      -2.120597
578.760      -2.122054
578.775      -2.123605
578.790      -2.125248
578.805      -2.126986
578.820      -2.128818
578.835      -2.130745
578.850      -2.132768
578.865      -2.134887
578.880      -2.137102
578.895      -2.139414
578.910      -2.141822
578.925      -2.144327
578.940      -2.146929
578.955      -2.149629
578.970      -2.152425
578.985      -2.155318
579.000      -2.158308
579.015      -2.161395
579.030      -2.164578
579.045      -2.167857
579.060      -2.171232
579.075      -2.174702
579.090      -2.178267
579.105      -2.181926
579.120      -2.185679
579.135      -2.189524
579.150      -2.193462
579.165      -2.197491
579.180      -2.201611
579.195      -2.205821
579.210      -2.210120
579.225      -2.214506
579.240      -2.218979
579.255      -2.223537
579.270      -2.228181
579.285      -2.232907
579.300      -2.237715
579.315      -2.242604
579.330      -2.247572
579.345      -2.252618
579.360      -2.257741
579.375      -2.262938
579.390      -2.268208
579.405      -2.273550
579.420      -2.278962
579.435      -2.284441
579.450      -2.289988
579.465      -2.295599
579.480      -2.301272
579.495      -2.307006
579.510      -2.312800
579.525      -2.318649
579.540      -2.324554
579.555      -2.330512
579.570      -2.336520
579.585      -2.342576
579.600      -2.348678
579.615      -2.354825
579.630      -2.361013
579.645      -2.367241
579.660      -2.373505
579.675      -2.379805
579.690      -2.386136
579.705      -2.392497
579.720      -2.398886
579.735      -2.405299
579.750      -2.411735
579.765      -2.418191
579.780      -2.424663
579.795      -2.431151
579.810      -2.437650
579.825      -2.444158
579.840      -2.450674
579.855      -2.457193
579.870      -2.463713
579.885      -2.470233
579.900      -2.476747
579.915      -2.483255
579.930      -2.489754
579.945      -2.496240
579.960      -2.502710
579.975      -2.509163
579.990      -2.515595
580.005      -2.522004
580.020      -2.528386
580.035      -2.534738
580.050      -2.541059
580.065      -2.547345
580.080      -2.553594
580.095      -2.559802
580.110      -2.565967
580.125      -2.572086
580.140      -2.578156
580.155      -2.584174
580.170      -2.590139
580.185      -2.596046
580.200      -2.601893
580.215      -2.607678
580.230      -2.613398
580.245      -2.619049
580.260      -2.624630
580.275      -2.630138
580.290      -2.635569
580.305      -2.640922
580.320      -2.646194
580.335      -2.651382
580.350      -2.656484
580.365      -2.661496
580.380      -2.666418
580.395      -2.671245
580.410      -2.675976
580.425      -2.680609
580.440      -2.685141
580.455      -2.689569
580.470      -2.693891
580.485      -2.698105
580.500      -2.702209
580.515      -2.706201
580.530      -2.710077
580.545      -2.713837
580.560      -2.717479
580.575      -2.720999
580.590      -2.724396
580.605      -2.727669
580.620      -2.730815
580.635      -2.733832
580.650      -2.736719
580.665      -2.739473
580.680      -2.742094
580.695      -2.744579
580.710      -2.746926
580.725      -2.749135
580.740      -2.751203
580.755      -2.753130
580.770      -2.754913
580.785      -2.756552
580.800      -2.758044
580.815      -2.759390
580.830      -2.760587
580.845      -2.761634
580.860      -2.762531
580.875      -2.763276
580.890      -2.763868
580.905      -2.764307
580.920      -2.764591
580.935      -2.764720
580.950      -2.764693
580.965      -2.764509
580.980      -2.764168
580.995      -2.763668
581.010      -2.763011
581.025      -2.762194
581.040      -2.761218
581.055      -2.760082
581.070      -2.758787
581.085      -2.757331
581.100      -2.755715
581.115      -2.753939
581.130      -2.752002
581.145      -2.749904
581.160      -2.747647
581.175      -2.745229
581.190      -2.742651
581.205      -2.739914
581.220      -2.737017
581.235      -2.733962
581.250      -2.730748
581.265      -2.727375
581.280      -2.723846
581.295      -2.720160
581.310      -2.716317
581.325      -2.712319
581.340      -2.708167
581.355      -2.703861
581.370      -2.699402
581.385      -2.694792
581.400      -2.690031
581.415      -2.685120
581.430      -2.680060
581.445      -2.674854
581.460      -2.669501
581.475      -2.664004
581.490      -2.658363
581.505      -2.652581
581.520      -2.646658
581.535      -2.640596
581.550      -2.634397
581.565      -2.628062
581.580      -2.621593
581.595      -2.614992
581.610      -2.608260
581.625      -2.601400
581.640      -2.594413
581.655      -2.587301
581.670      -2.580066
581.685      -2.572711
581.700      -2.565237
581.715      -2.557646
581.730      -2.549940
581.745      -2.542122
581.760      -2.534195
581.775      -2.526159
581.790      -2.518018
581.805      -2.509774
581.820      -2.501429
581.835      -2.492985
581.850      -2.484446
581.865      -2.475814
581.880      -2.467091
581.895      -2.458279
581.910      -2.449382
581.925      -2.440402
581.940      -2.431342
581.955      -2.422204
581.970      -2.412991
581.985      -2.403706
582.000      -2.394352
582.015      -2.384931
582.030      -2.375446
582.045      -2.365901
582.060      -2.356298
582.075      -2.346639
582.090      -2.336929
582.105      -2.327169
582.120      -2.317363
582.135      -2.307514
582.150      -2.297624
582.165      -2.287697
582.180      -2.277736
582.195      -2.267744
582.210      -2.257723
582.225      -2.247677
582.240      -2.237610
582.255      -2.227523
582.270      -2.217420
582.285      -2.207305
582.300      -2.197180
582.315      -2.187048
582.330      -2.176913
582.345      -2.166777
582.360      -2.156645
582.375      -2.146517
582.390      -2.136399
582.405      -2.126293
582.420      -2.116202
582.435      -2.106130
582.450      -2.096078
582.465      -2.086051
582.480      -2.076052
582.495      -2.066083
582.510      -2.056148
582.525      -2.046249
582.540      -2.036390
582.555      -2.026574
582.570      -2.016803
582.585      -2.007082
582.600      -1.997412
582.615      -1.987796
582.630      -1.978238
582.645      -1.968741
582.660      -1.959307
582.675      -1.949940
582.690      -1.940641
582.705      -1.931415
582.720      -1.922263
582.735      -1.913189
582.750      -1.904196
582.765      -1.895285
582.780      -1.886460
582.795      -1.877724
582.810      -1.869078
582.825      -1.860526
582.840      -1.852071
582.855      -1.843714
582.870      -1.835459
582.885      -1.827307
582.900      -1.819262
582.915      -1.811325
582.930      -1.803499
582.945      -1.795787
582.960      -1.788190
582.975      -1.780710
582.990      -1.773351
583.005      -1.766114
583.020      -1.759001
583.035      -1.752015
583.050      -1.745156
583.065      -1.738429
583.080      -1.731833
583.095      -1.725372
583.110      -1.719046
583.125      -1.712858
583.140      -1.706810
583.155      -1.700903
583.170      -1.695139
583.185      -1.689519
583.200      -1.684045
583.215      -1.678719
583.230      -1.673542
583.245      -1.668514
583.260      -1.663639
583.275      -1.658916
583.290      -1.654347
583.305      -1.649934
583.320      -1.645676
583.335      -1.641577
583.350      -1.637635
583.365      -1.633853
583.380      -1.630231
583.395      -1.626770
583.410      -1.623471
583.425      -1.620334
583.440      -1.617360
583.455      -1.614550
583.470      -1.611905
583.485      -1.609424
583.500      -1.607108
583.515      -1.604957
583.530      -1.602973
583.545      -1.601154
583.560      -1.599501
583.575      -1.598015
583.590      -1.596695
583.605      -1.595541
583.620      -1.594554
583.635      -1.593732
583.650      -1.593077
583.665      -1.592587
583.680      -1.592263
583.695      -1.592104
583.710      -1.592109
583.725      -1.592278
583.740      -1.592611
583.755      -1.593107
583.770      -1.593765
583.785      -1.594585
583.800      -1.595566
583.815      -1.596707
583.830      -1.598006
583.845      -1.599464
583.860      -1.601079
583.875      -1.602850
583.890      -1.604777
583.905      -1.606857
583.920      -1.609089
583.935      -1.611473
583.950      -1.614007
583.965      -1.616690
583.980      -1.619520
583.995      -1.622495
584.010      -1.625615
584.025      -1.628877
584.040      -1.632280
584.055      -1.635823
584.070      -1.639503
584.085      -1.643319
584.100      -1.647268
584.115      -1.651350
584.130      -1.655562
584.145      -1.659902
584.160      -1.664368
584.175      -1.668958
584.190      -1.673671
584.205      -1.678503
584.220      -1.683453
584.235      -1.688518
584.250      -1.693696
584.265      -1.698986
584.280      -1.704384
584.295      -1.709888
584.310      -1.715496
584.325      -1.721205
584.340      -1.727014
584.355      -1.732918
584.370      -1.738917
584.385      -1.745007
584.400      -1.751185
584.415      -1.757450
584.430      -1.763798
584.445      -1.770227
584.460      -1.776733
584.475      -1.783315
584.490      -1.789970
584.505      -1.796694
584.520      -1.803485
584.535      -1.810340
584.550      -1.817257
584.565      -1.824232
584.580      -1.831263
584.595      -1.838346
584.610      -1.845479
584.625      -1.852659
584.640      -1.859882
584.655      -1.867147
584.670      -1.874450
584.685      -1.881787
584.700      -1.889157
584.715      -1.896556
584.730      -1.903980
584.745      -1.911428
584.760      -1.918896
584.775      -1.926381
584.790      -1.933880
584.805      -1.941390
584.820      -1.948908
584.835      -1.956431
584.850      -1.963956
584.865      -1.971479
584.880      -1.978999
584.895      -1.986512
584.910      -1.994015
584.925      -2.001505
584.940      -2.008979
584.955      -2.016434
584.970      -2.023867
584.985      -2.031275
585.000      -2.038655
585.015      -2.046005
585.030      -2.053321
585.045      -2.060601
585.060      -2.067841
585.075      -2.075039
585.090      -2.082191
585.105      -2.089296
585.120      -2.096350
585.135      -2.103351
585.150      -2.110295
585.165      -2.117181
585.180      -2.124004
585.195      -2.130763
585.210      -2.137455
585.225      -2.144077
585.240      -2.150627
585.255      -2.157102
585.270      -2.163499
585.285      -2.169817
585.300      -2.176051
585.315      -2.182201
585.330      -2.188263
585.345      -2.194235
585.360      -2.200115
585.375      -2.205901
585.390      -2.211589
585.405      -2.217179
585.420      -2.222666
585.435      -2.228051
585.450      -2.233329
585.465      -2.238499
585.480      -2.243560
585.495      -2.248508
585.510      -2.253342
585.525      -2.258060
585.540      -2.262661
585.555      -2.267141
585.570      -2.271499
585.585      -2.275734
585.600      -2.279844
585.615      -2.283827
585.630      -2.287681
585.645      -2.291405
585.660      -2.294996
585.675      -2.298455
585.690      -2.301778
585.705      -2.304965
585.720      -2.308015
585.735      -2.310925
585.750      -2.313694
585.765      -2.316322
585.780      -2.318808
585.795      -2.321149
585.810      -2.323344
585.825      -2.325394
585.840      -2.327296
585.855      -2.329050
585.870      -2.330655
585.885      -2.332110
585.900      -2.333415
585.915      -2.334567
585.930      -2.335568
585.945      -2.336415
585.960      -2.337109
585.975      -2.337649
585.990      -2.338034
586.005      -2.338264
586.020      -2.338339
586.035      -2.338257
586.050      -2.338020
586.065      -2.337627
586.080      -2.337077
586.095      -2.336370
586.110      -2.335506
586.125      -2.334486
586.140      -2.333309
586.155      -2.331976
586.170      -2.330485
586.185      -2.328839
586.200      -2.327036
586.215      -2.325078
586.230      -2.322964
586.245      -2.320695
586.260      -2.318271
586.275      -2.315693
586.290      -2.312961
586.305      -2.310077
586.320      -2.307040
586.335      -2.303851
586.350      -2.300512
586.365      -2.297022
586.380      -2.293383
586.395      -2.289596
586.410      -2.285661
586.425      -2.281580
586.440      -2.277354
586.455      -2.272983
586.470      -2.268470
586.485      -2.263814
586.500      -2.259018
586.515      -2.254082
586.530      -2.249009
586.545      -2.243799
586.560      -2.238454
586.575      -2.232975
586.590      -2.227364
586.605      -2.221622
586.620      -2.215752
586.635      -2.209754
586.650      -2.203630
586.665      -2.197383
586.680      -2.191014
586.695      -2.184525
586.710      -2.177917
586.725      -2.171193
586.740      -2.164354
586.755      -2.157403
586.770      -2.150342
586.785      -2.143172
586.800      -2.135896
586.815      -2.128515
586.830      -2.121033
586.845      -2.113452
586.860      -2.105772
586.875      -2.097998
586.890      -2.090130
586.905      -2.082173
586.920      -2.074127
586.935      -2.065995
586.950      -2.057780
586.965      -2.049484
586.980      -2.041110
586.995      -2.032660
587.010      -2.024137
587.025      -2.015543
587.040      -2.006881
587.055      -1.998154
587.070      -1.989364
587.085      -1.980513
587.100      -1.971606
587.115      -1.962643
587.130      -1.953629
587.145      -1.944565
587.160      -1.935455
587.175      -1.926301
587.190      -1.917106
587.205      -1.907873
587.220      -1.898605
587.235      -1.889305
587.250      -1.879975
587.265      -1.870618
587.280      -1.861238
587.295      -1.851837
587.310      -1.842417
587.325      -1.832983
587.340      -1.823536
587.355      -1.814081
587.370      -1.804618
587.385      -1.795153
587.400      -1.785687
587.415      -1.776223
587.430      -1.766765
587.445      -1.757315
587.460      -1.747876
587.475      -1.738452
587.490      -1.729045
587.505      -1.719657
587.520      -1.710293
587.535      -1.700955
587.550      -1.691645
587.565      -1.682367
587.580      -1.673124
587.595      -1.663918
587.610      -1.654753
587.625      -1.645631
587.640      -1.636554
587.655      -1.627527
587.670      -1.618552
587.685      -1.609631
587.700      -1.600767
587.715      -1.591964
587.730      -1.583224
587.745      -1.574549
587.760      -1.565942
587.775      -1.557407
587.790      -1.548946
587.805      -1.540561
587.820      -1.532254
587.835      -1.524030
587.850      -1.515890
587.865      -1.507837
587.880      -1.499873
587.895      -1.492001
587.910      -1.484224
587.925      -1.476543
587.940      -1.468962
587.955      -1.461482
587.970      -1.454107
587.985      -1.446838
588.000      -1.439677
588.015      -1.432628
588.030      -1.425691
588.045      -1.418871
588.060      -1.412167
588.075      -1.405584
588.090      -1.399122
588.105      -1.392784
588.120      -1.386572
588.135      -1.380487
588.150      -1.374533
588.165      -1.368710
588.180      -1.363020
588.195      -1.357466
588.210      -1.352049
588.225      -1.346771
588.240      -1.341633
588.255      -1.336638
588.270      -1.331786
588.285      -1.327079
588.300      -1.322519
588.315      -1.318108
588.330      -1.313846
588.345      -1.309734
588.360      -1.305776
588.375      -1.301970
588.390      -1.298319
588.405      -1.294824
588.420      -1.291486
588.435      -1.288306
588.450      -1.285286
588.465      -1.282424
588.480      -1.279724
588.495      -1.277186
588.510      -1.274810
588.525      -1.272597
588.540      -1.270548
588.555      -1.268663
588.570      -1.266944
588.585      -1.265390
588.600      -1.264002
588.615      -1.262780
588.630      -1.261725
588.645      -1.260838
588.660      -1.260117
588.675      -1.259564
588.690      -1.259179
588.705      -1.258961
588.720      -1.258910
588.735      -1.259028
588.750      -1.259312
588.765      -1.259764
588.780      -1.260384
588.795      -1.261169
588.810      -1.262121
588.825      -1.263240
588.840      -1.264523
588.855      -1.265972
588.870      -1.267585
588.885      -1.269362
588.900      -1.271302
588.915      -1.273405
588.930      -1.275669
588.945      -1.278094
588.960      -1.280678
588.975      -1.283422
588.990      -1.286323
589.005      -1.289381
589.020      -1.292594
589.035      -1.295962
589.050      -1.299483
589.065      -1.303155
589.080      -1.306978
589.095      -1.310950
589.110      -1.315070
589.125      -1.319336
589.140      -1.323746
589.155      -1.328299
589.170      -1.332993
589.185      -1.337827
589.200      -1.342799
589.215      -1.347906
589.230      -1.353147
589.245      -1.358521
589.260      -1.364024
589.275      -1.369656
589.290      -1.375414
589.305      -1.381296
589.320      -1.387300
589.335      -1.393423
589.350      -1.399664
589.365      -1.406020
589.380      -1.412489
589.395      -1.419069
589.410      -1.425756
589.425      -1.432550
589.440      -1.439447
589.455      -1.446444
589.470      -1.453540
589.485      -1.460732
589.500      -1.468017
589.515      -1.475392
589.530      -1.482856
589.545      -1.490404
589.560      -1.498036
589.575      -1.505747
589.590      -1.513535
589.605      -1.521397
589.620      -1.529331
589.635      -1.537334
589.650      -1.545402
589.665      -1.553533
589.680      -1.561725
589.695      -1.569974
589.710      -1.578277
589.725      -1.586632
589.740      -1.595035
589.755      -1.603483
589.770      -1.611975
589.785      -1.620506
589.800      -1.629073
589.815      -1.637675
589.830      -1.646307
589.845      -1.654967
589.860      -1.663651
589.875      -1.672358
589.890      -1.681083
589.905      -1.689825
589.920      -1.698579
589.935      -1.707343
589.950      -1.716115
589.965      -1.724890
589.980      -1.733667
589.995      -1.742441
590.010      -1.751212
590.025      -1.759974
590.040      -1.768726
590.055      -1.777465
590.070      -1.786188
590.085      -1.794891
590.100      -1.803573
590.115      -1.812231
590.130      -1.820861
590.145      -1.829461
590.160      -1.838028
590.175      -1.846560
590.190      -1.855054
590.205      -1.863507
590.220      -1.871917
590.235      -1.880281
590.250      -1.888597
590.265      -1.896862
590.280      -1.905074
590.295      -1.913230
590.310      -1.921328
590.325      -1.929366
590.340      -1.937341
590.355      -1.945251
590.370      -1.953094
590.385      -1.960867
590.400      -1.968570
590.415      -1.976198
590.430      -1.983752
590.445      -1.991228
590.460      -1.998624
590.475      -2.005939
590.490      -2.013171
590.505      -2.020318
590.520      -2.027379
590.535      -2.034351
590.550      -2.041234
590.565      -2.048025
590.580      -2.054723
590.595      -2.061326
590.610      -2.067834
590.625      -2.074244
590.640      -2.080556
590.655      -2.086769
590.670      -2.092880
590.685      -2.098890
590.700      -2.104796
590.715      -2.110598
590.730      -2.116296
590.745      -2.121887
590.760      -2.127372
590.775      -2.132750
590.790      -2.138019
590.805      -2.143180
590.820      -2.148231
590.835      -2.153173
590.850      -2.158004
590.865      -2.162724
590.880      -2.167334
590.895      -2.171832
590.910      -2.176218
590.925      -2.180493
590.940      -2.184657
590.955      -2.188708
590.970      -2.192648
590.985      -2.196476
591.000      -2.200193
591.015      -2.203798
591.030      -2.207292
591.045      -2.210676
591.060      -2.213949
591.075      -2.217113
591.090      -2.220167
591.105      -2.223113
591.120      -2.225950
591.135      -2.228680
591.150      -2.231303
591.165      -2.233820
591.180      -2.236232
591.195      -2.238540
591.210      -2.240745
591.225      -2.242848
591.240      -2.244849
591.255      -2.246750
591.270      -2.248553
591.285      -2.250257
591.300      -2.251866
591.315      -2.253379
591.330      -2.254799
591.345      -2.256126
591.360      -2.257362
591.375      -2.258509
591.390      -2.259569
591.405      -2.260542
591.420      -2.261430
591.435      -2.262236
591.450      -2.262960
591.465      -2.263605
591.480      -2.264173
591.495      -2.264664
591.510      -2.265082
591.525      -2.265428
591.540      -2.265704
591.555      -2.265912
591.570      -2.266054
591.585      -2.266132
591.600      -2.266148
591.615      -2.266104
591.630      -2.266003
591.645      -2.265846
591.660      -2.265636
591.675      -2.265376
591.690      -2.265066
591.705      -2.264710
591.720      -2.264310
591.735      -2.263868
591.750      -2.263387
591.765      -2.262868
591.780      -2.262315
591.795      -2.261730
591.810      -2.261114
591.825      -2.260471
591.840      -2.259804
591.855      -2.259113
591.870      -2.258403
591.885      -2.257675
591.900      -2.256932
591.915      -2.256176
591.930      -2.255410
591.945      -2.254637
591.960      -2.253859
591.975      -2.253078
591.990      -2.252297
592.005      -2.251518
592.020      -2.250745
592.035      -2.249979
592.050      -2.249224
592.065      -2.248481
592.080      -2.247753
592.095      -2.247042
592.110      -2.246352
592.125      -2.245685
592.140      -2.245042
592.155      -2.244428
592.170      -2.243843
592.185      -2.243291
592.200      -2.242773
592.215      -2.242293
592.230      -2.241853
592.245      -2.241455
592.260      -2.241101
592.275      -2.240795
592.290      -2.240537
592.305      -2.240331
592.320      -2.240179
592.335      -2.240082
592.350      -2.240044
592.365      -2.240067
592.380      -2.240151
592.395      -2.240301
592.410      -2.240518
592.425      -2.240803
592.440      -2.241160
592.455      -2.241589
592.470      -2.242094
592.485      -2.242675
592.500      -2.243336
592.515      -2.244077
592.530      -2.244901
592.545      -2.245809
592.560      -2.246803
592.575      -2.247885
592.590      -2.249057
592.605      -2.250319
592.620      -2.251675
592.635      -2.253124
592.650      -2.254670
592.665      -2.256312
592.680      -2.258053
592.695      -2.259894
592.710      -2.261837
592.725      -2.263881
592.740      -2.266030
592.755      -2.268283
592.770      -2.270642
592.785      -2.273108
592.800      -2.275681
592.815      -2.278364
592.830      -2.281156
592.845      -2.284059
592.860      -2.287073
592.875      -2.290198
592.890      -2.293437
592.905      -2.296788
592.920      -2.300253
592.935      -2.303832
592.950      -2.307525
592.965      -2.311333
592.980      -2.315256
592.995      -2.319295
593.010      -2.323448
593.025      -2.327717
593.040      -2.332102
593.055      -2.336602
593.070      -2.341217
593.085      -2.345947
593.100      -2.350792
593.115      -2.355751
593.130      -2.360825
593.145      -2.366012
593.160      -2.371312
593.175      -2.376725
593.190      -2.382249
593.205      -2.387885
593.220      -2.393632
593.235      -2.399487
593.250      -2.405452
593.265      -2.411524
593.280      -2.417703
593.295      -2.423987
593.310      -2.430375
593.325      -2.436867
593.340      -2.443461
593.355      -2.450154
593.370      -2.456947
593.385      -2.463838
593.400      -2.470824
593.415      -2.477904
593.430      -2.485078
593.445      -2.492342
593.460      -2.499695
593.475      -2.507135
593.490      -2.514661
593.505      -2.522270
593.520      -2.529960
593.535      -2.537729
593.550      -2.545575
593.565      -2.553496
593.580      -2.561489
593.595      -2.569552
593.610      -2.577683
593.625      -2.585879
593.640      -2.594138
593.655      -2.602457
593.670      -2.610834
593.685      -2.619265
593.700      -2.627749
593.715      -2.636282
593.730      -2.644862
593.745      -2.653486
593.760      -2.662151
593.775      -2.670853
593.790      -2.679591
593.805      -2.688360
593.820      -2.697158
593.835      -2.705982
593.850      -2.714829
593.865      -2.723695
593.880      -2.732577
593.895      -2.741473
593.910      -2.750378
593.925      -2.759289
593.940      -2.768203
593.955      -2.777117
593.970      -2.786027
593.985      -2.794929
594.000      -2.803821
594.015      -2.812699
594.030      -2.821559
594.045      -2.830398
594.060      -2.839211
594.075      -2.847997
594.090      -2.856750
594.105      -2.865468
594.120      -2.874147
594.135      -2.882782
594.150      -2.891371
594.165      -2.899910
594.180      -2.908395
594.195      -2.916823
594.210      -2.925189
594.225      -2.933491
594.240      -2.941724
594.255      -2.949885
594.270      -2.957970
594.285      -2.965975
594.300      -2.973897
594.315      -2.981733
594.330      -2.989477
594.345      -2.997128
594.360      -3.004681
594.375      -3.012132
594.390      -3.019479
594.405      -3.026717
594.420      -3.033842
594.435      -3.040852
594.450      -3.047743
594.465      -3.054511
594.480      -3.061153
594.495      -3.067666
594.510      -3.074045
594.525      -3.080288
594.540      -3.086391
594.555      -3.092351
594.570      -3.098165
594.585      -3.103829
594.600      -3.109340
594.615      -3.114695
594.630      -3.119890
594.645      -3.124924
594.660      -3.129792
594.675      -3.134491
594.690      -3.139020
594.705      -3.143374
594.720      -3.147551
594.735      -3.151547
594.750      -3.155362
594.765      -3.158990
594.780      -3.162430
594.795      -3.165680
594.810      -3.168736
594.825      -3.171596
594.840      -3.174258
594.855      -3.176719
594.870      -3.178977
594.885      -3.181030
594.900      -3.182875
594.915      -3.184510
594.930      -3.185934
594.945      -3.187143
594.960      -3.188137
594.975      -3.188912
594.990      -3.189468
595.005      -3.189803
595.020      -3.189914
595.035      -3.189801
595.050      -3.189461
595.065      -3.188893
595.080      -3.188096
595.095      -3.187068
595.110      -3.185808
595.125      -3.184315
595.140      -3.182588
595.155      -3.180624
595.170      -3.178425
595.185      -3.175987
595.200      -3.173312
595.215      -3.170397
595.230      -3.167242
595.245      -3.163847
595.260      -3.160210
595.275      -3.156332
595.290      -3.152211
595.305      -3.147849
595.320      -3.143243
595.335      -3.138394
595.350      -3.133302
595.365      -3.127967
595.380      -3.122389
595.395      -3.116567
595.410      -3.110503
595.425      -3.104195
595.440      -3.097646
595.455      -3.090854
595.470      -3.083820
595.485      -3.076546
595.500      -3.069031
595.515      -3.061276
595.530      -3.053282
595.545      -3.045050
595.560      -3.036580
595.575      -3.027874
595.590      -3.018933
595.605      -3.009757
595.620      -3.000348
595.635      -2.990707
595.650      -2.980836
595.665      -2.970736
595.680      -2.960408
595.695      -2.949854
595.710      -2.939075
595.725      -2.928073
595.740      -2.916851
595.755      -2.905408
595.770      -2.893749
595.785      -2.881873
595.800      -2.869784
595.815      -2.857484
595.830      -2.844974
595.845      -2.832257
595.860      -2.819334
595.875      -2.806209
595.890      -2.792884
595.905      -2.779360
595.920      -2.765641
595.935      -2.751729
595.950      -2.737627
595.965      -2.723336
595.980      -2.708861
595.995      -2.694203
596.010      -2.679365
596.025      -2.664350
596.040      -2.649162
596.055      -2.633802
596.070      -2.618275
596.085      -2.602582
596.100      -2.586727
596.115      -2.570713
596.130      -2.554543
596.145      -2.538220
596.160      -2.521748
596.175      -2.505130
596.190      -2.488368
596.205      -2.471467
596.220      -2.454429
596.235      -2.437259
596.250      -2.419958
596.265      -2.402532
596.280      -2.384982
596.295      -2.367313
596.310      -2.349528
596.325      -2.331631
596.340      -2.313625
596.355      -2.295513
596.370      -2.277300
596.385      -2.258988
596.400      -2.240582
596.415      -2.222085
596.430      -2.203500
596.445      -2.184832
596.460      -2.166083
596.475      -2.147258
596.490      -2.128360
596.505      -2.109392
596.520      -2.090359
596.535      -2.071264
596.550      -2.052111
596.565      -2.032904
596.580      -2.013645
596.595      -1.994339
596.610      -1.974990
596.625      -1.955600
596.640      -1.936175
596.655      -1.916716
596.670      -1.897229
596.685      -1.877716
596.700      -1.858182
596.715      -1.838629
596.730      -1.819062
596.745      -1.799484
596.760      -1.779899
596.775      -1.760310
596.790      -1.740721
596.805      -1.721135
596.820      -1.701556
596.835      -1.681988
596.850      -1.662433
596.865      -1.642896
596.880      -1.623380
596.895      -1.603889
596.910      -1.584425
596.925      -1.564993
596.940      -1.545595
596.955      -1.526236
596.970      -1.506918
596.985      -1.487645
597.000      -1.468420
597.015      -1.449247
597.030      -1.430128
597.045      -1.411068
597.060      -1.392069
597.075      -1.373134
597.090      -1.354268
597.105      -1.335472
597.120      -1.316751
597.135      -1.298107
597.150      -1.279544
597.165      -1.261064
597.180      -1.242672
597.195      -1.224369
597.210      -1.206158
597.225      -1.188044
597.240      -1.170029
597.255      -1.152116
597.270      -1.134308
597.285      -1.116607
597.300      -1.099018
597.315      -1.081542
597.330      -1.064183
597.345      -1.046943
597.360      -1.029825
597.375      -1.012833
597.390      -0.995969
597.405      -0.979235
597.420      -0.962635
597.435      -0.946172
597.450      -0.929847
597.465      -0.913664
597.480      -0.897625
597.495      -0.881733
597.510      -0.865991
597.525      -0.850402
597.540      -0.834967
597.555      -0.819689
597.570      -0.804572
597.585      -0.789617
597.600      -0.774828
597.615      -0.760205
597.630      -0.745753
597.645      -0.731474
597.660      -0.717369
597.675      -0.703441
597.690      -0.689694
597.705      -0.676128
597.720      -0.662747
597.735      -0.649552
597.750      -0.636547
597.765      -0.623732
597.780      -0.611112
597.795      -0.598687
597.810      -0.586460
597.825      -0.574433
597.840      -0.562608
597.855      -0.550988
597.870      -0.539575
597.885      -0.528370
597.900      -0.517376
597.915      -0.506594
597.930      -0.496028
597.945      -0.485677
597.960      -0.475546
597.975      -0.465635
597.990      -0.455947
598.005      -0.446483
598.020      -0.437245
598.035      -0.428235
598.050      -0.419455
598.065      -0.410906
598.080      -0.402591
598.095      -0.394510
598.110      -0.386666
598.125      -0.379060
598.140      -0.371693
598.155      -0.364568
598.170      -0.357686
598.185      -0.351048
598.200      -0.344655
598.215      -0.338510
598.230      -0.332613
598.245      -0.326966
598.260      -0.321569
598.275      -0.316425
598.290      -0.311535
598.305      -0.306899
598.320      -0.302518
598.335      -0.298394
598.350      -0.294528
598.365      -0.290921
598.380      -0.287574
598.395      -0.284487
598.410      -0.281661
598.425      -0.279097
598.440      -0.276797
598.455      -0.274760
598.470      -0.272987
598.485      -0.271479
598.500      -0.270236
598.515      -0.269259
598.530      -0.268548
598.545      -0.268103
598.560      -0.267926
598.575      -0.268015
598.590      -0.268372
598.605      -0.268996
598.620      -0.269888
598.635      -0.271047
598.650      -0.272474
598.665      -0.274168
598.680      -0.276130
598.695      -0.278358
598.710      -0.280853
598.725      -0.283615
598.740      -0.286642
598.755      -0.289935
598.770      -0.293493
598.785      -0.297315
598.800      -0.301400
598.815      -0.305749
598.830      -0.310360
598.845      -0.315232
598.860      -0.320364
598.875      -0.325755
598.890      -0.331405
598.905      -0.337312
598.920      -0.343475
598.935      -0.349892
598.950      -0.356562
598.965      -0.363485
598.980      -0.370657
598.995      -0.378079
599.010      -0.385747
599.025      -0.393661
599.040      -0.401819
599.055      -0.410219
599.070      -0.418858
599.085      -0.427736
599.100      -0.436849
599.115      -0.446197
599.130      -0.455776
599.145      -0.465585
599.160      -0.475620
599.175      -0.485881
599.190      -0.496364
599.205      -0.507067
599.220      -0.517986
599.235      -0.529121
599.250      -0.540467
599.265      -0.552023
599.280      -0.563784
599.295      -0.575749
599.310      -0.587915
599.325      -0.600277
599.340      -0.612834
599.355      -0.625582
599.370      -0.638518
599.385      -0.651639
599.400      -0.664940
599.415      -0.678420
599.430      -0.692074
599.445      -0.705899
599.460      -0.719891
599.475      -0.734047
599.490      -0.748363
599.505      -0.762835
599.520      -0.777460
599.535      -0.792233
599.550      -0.807152
599.565      -0.822211
599.580      -0.837407
599.595      -0.852736
599.610      -0.868193
599.625      -0.883776
599.640      -0.899479
599.655      -0.915298
599.670      -0.931230
599.685      -0.947269
599.700      -0.963412
599.715      -0.979654
599.730      -0.995992
599.745      -1.012419
599.760      -1.028933
599.775      -1.045528
599.790      -1.062200
599.805      -1.078945
599.820      -1.095757
599.835      -1.112634
599.850      -1.129569
599.865      -1.146558
599.880      -1.163597
599.895      -1.180681
599.910      -1.197805
599.925      -1.214965
599.940      -1.232156
599.955      -1.249373
599.970      -1.266612
599.985      -1.283867
600.000      -1.301135
600.015      -1.318410
