# SEA-Stack Verification Data
# format: timeseries
# source: wecsim
# model: oswec_decay_wecsim
# quantity: pitch_decay
# units: s, rad
# columns: Time(s) Pitch(rad)
0.000000e+00 1.745329e-01
1.000000e-01 1.744209e-01
2.000000e-01 1.740135e-01
3.000000e-01 1.731909e-01
4.000000e-01 1.718571e-01
5.000000e-01 1.699745e-01
6.000000e-01 1.675746e-01
7.000000e-01 1.647470e-01
8.000000e-01 1.616160e-01
9.000000e-01 1.583130e-01
1.000000e+00 1.549529e-01
1.100000e+00 1.516200e-01
1.200000e+00 1.483631e-01
1.300000e+00 1.451987e-01
1.400000e+00 1.421197e-01
1.500000e+00 1.391045e-01
1.600000e+00 1.361254e-01
1.700000e+00 1.331540e-01
1.800000e+00 1.301640e-01
1.900000e+00 1.271314e-01
2.000000e+00 1.240338e-01
2.100000e+00 1.208500e-01
2.200000e+00 1.175597e-01
2.300000e+00 1.141438e-01
2.400000e+00 1.105856e-01
2.500000e+00 1.068724e-01
2.600000e+00 1.029964e-01
2.700000e+00 9.895543e-02
2.800000e+00 9.475279e-02
2.900000e+00 9.039695e-02
3.000000e+00 8.590019e-02
3.100000e+00 8.127740e-02
3.200000e+00 7.654470e-02
3.300000e+00 7.171840e-02
3.400000e+00 6.681409e-02
3.500000e+00 6.184616e-02
3.600000e+00 5.682736e-02
3.700000e+00 5.176874e-02
3.800000e+00 4.667958e-02
3.900000e+00 4.156747e-02
4.000000e+00 3.643846e-02
4.100000e+00 3.129730e-02
4.200000e+00 2.614765e-02
4.300000e+00 2.099236e-02
4.400000e+00 1.583372e-02
4.500000e+00 1.067372e-02
4.600000e+00 5.514307e-03
4.700000e+00 3.576820e-04
4.800000e+00 -4.793529e-03
4.900000e+00 -9.936109e-03
5.000000e+00 -1.506618e-02
5.100000e+00 -2.017921e-02
5.200000e+00 -2.527007e-02
5.300000e+00 -3.033315e-02
5.400000e+00 -3.536242e-02
5.500000e+00 -4.035158e-02
5.600000e+00 -4.529418e-02
5.700000e+00 -5.018373e-02
5.800000e+00 -5.501388e-02
5.900000e+00 -5.977848e-02
6.000000e+00 -6.447176e-02
6.100000e+00 -6.908827e-02
6.200000e+00 -7.362298e-02
6.300000e+00 -7.807121e-02
6.400000e+00 -8.242864e-02
6.500000e+00 -8.669131e-02
6.600000e+00 -9.085557e-02
6.700000e+00 -9.491805e-02
6.800000e+00 -9.887554e-02
6.900000e+00 -1.027249e-01
7.000000e+00 -1.064630e-01
7.100000e+00 -1.100868e-01
7.200000e+00 -1.135929e-01
7.300000e+00 -1.169781e-01
7.400000e+00 -1.202390e-01
7.500000e+00 -1.233721e-01
7.600000e+00 -1.263737e-01
7.700000e+00 -1.292399e-01
7.800000e+00 -1.319671e-01
7.900000e+00 -1.345513e-01
8.000000e+00 -1.369888e-01
8.100000e+00 -1.392758e-01
8.200000e+00 -1.414091e-01
8.300000e+00 -1.433852e-01
8.400000e+00 -1.452013e-01
8.500000e+00 -1.468545e-01
8.600000e+00 -1.483427e-01
8.700000e+00 -1.496639e-01
8.800000e+00 -1.508168e-01
8.900000e+00 -1.518004e-01
9.000000e+00 -1.526141e-01
9.100000e+00 -1.532576e-01
9.200000e+00 -1.537313e-01
9.300000e+00 -1.540356e-01
9.400000e+00 -1.541714e-01
9.500000e+00 -1.541399e-01
9.600000e+00 -1.539424e-01
9.700000e+00 -1.535803e-01
9.800000e+00 -1.530552e-01
9.900000e+00 -1.523687e-01
1.000000e+01 -1.515222e-01
1.010000e+01 -1.505175e-01
1.020000e+01 -1.493561e-01
1.030000e+01 -1.480395e-01
1.040000e+01 -1.465692e-01
1.050000e+01 -1.449465e-01
1.060000e+01 -1.431729e-01
1.070000e+01 -1.412497e-01
1.080000e+01 -1.391786e-01
1.090000e+01 -1.369613e-01
1.100000e+01 -1.345996e-01
1.110000e+01 -1.320954e-01
1.120000e+01 -1.294512e-01
1.130000e+01 -1.266695e-01
1.140000e+01 -1.237531e-01
1.150000e+01 -1.207054e-01
1.160000e+01 -1.175299e-01
1.170000e+01 -1.142306e-01
1.180000e+01 -1.108115e-01
1.190000e+01 -1.072772e-01
1.200000e+01 -1.036321e-01
1.210000e+01 -9.988126e-02
1.220000e+01 -9.602948e-02
1.230000e+01 -9.208178e-02
1.240000e+01 -8.804320e-02
1.250000e+01 -8.391868e-02
1.260000e+01 -7.971313e-02
1.270000e+01 -7.543138e-02
1.280000e+01 -7.107819e-02
1.290000e+01 -6.665825e-02
1.300000e+01 -6.217618e-02
1.310000e+01 -5.763650e-02
1.320000e+01 -5.304369e-02
1.330000e+01 -4.840224e-02
1.340000e+01 -4.371662e-02
1.350000e+01 -3.899139e-02
1.360000e+01 -3.423121e-02
1.370000e+01 -2.944080e-02
1.380000e+01 -2.462495e-02
1.390000e+01 -1.978854e-02
1.400000e+01 -1.493652e-02
1.410000e+01 -1.007392e-02
1.420000e+01 -5.205878e-03
1.430000e+01 -3.375440e-04
1.440000e+01 4.525893e-03
1.450000e+01 9.379268e-03
1.460000e+01 1.421745e-02
1.470000e+01 1.903536e-02
1.480000e+01 2.382792e-02
1.490000e+01 2.859009e-02
1.500000e+01 3.331688e-02
1.510000e+01 3.800332e-02
1.520000e+01 4.264455e-02
1.530000e+01 4.723573e-02
1.540000e+01 5.177212e-02
1.550000e+01 5.624896e-02
1.560000e+01 6.066156e-02
1.570000e+01 6.500525e-02
1.580000e+01 6.927542e-02
1.590000e+01 7.346758e-02
1.600000e+01 7.757732e-02
1.610000e+01 8.160031e-02
1.620000e+01 8.553230e-02
1.630000e+01 8.936910e-02
1.640000e+01 9.310664e-02
1.650000e+01 9.674094e-02
1.660000e+01 1.002682e-01
1.670000e+01 1.036846e-01
1.680000e+01 1.069867e-01
1.690000e+01 1.101710e-01
1.700000e+01 1.132340e-01
1.710000e+01 1.161725e-01
1.720000e+01 1.189834e-01
1.730000e+01 1.216637e-01
1.740000e+01 1.242108e-01
1.750000e+01 1.266219e-01
1.760000e+01 1.288945e-01
1.770000e+01 1.310263e-01
1.780000e+01 1.330151e-01
1.790000e+01 1.348588e-01
1.800000e+01 1.365556e-01
1.810000e+01 1.381038e-01
1.820000e+01 1.395017e-01
1.830000e+01 1.407480e-01
1.840000e+01 1.418414e-01
1.850000e+01 1.427807e-01
1.860000e+01 1.435651e-01
1.870000e+01 1.441938e-01
1.880000e+01 1.446662e-01
1.890000e+01 1.449819e-01
1.900000e+01 1.451409e-01
1.910000e+01 1.451430e-01
1.920000e+01 1.449883e-01
1.930000e+01 1.446774e-01
1.940000e+01 1.442107e-01
1.950000e+01 1.435890e-01
1.960000e+01 1.428134e-01
1.970000e+01 1.418849e-01
1.980000e+01 1.408047e-01
1.990000e+01 1.395745e-01
2.000000e+01 1.381958e-01
2.010000e+01 1.366706e-01
2.020000e+01 1.350007e-01
2.030000e+01 1.331885e-01
2.040000e+01 1.312361e-01
2.050000e+01 1.291461e-01
2.060000e+01 1.269209e-01
2.070000e+01 1.245634e-01
2.080000e+01 1.220764e-01
2.090000e+01 1.194628e-01
2.100000e+01 1.167257e-01
2.110000e+01 1.138683e-01
2.120000e+01 1.108940e-01
2.130000e+01 1.078059e-01
2.140000e+01 1.046078e-01
2.150000e+01 1.013032e-01
2.160000e+01 9.789585e-02
2.170000e+01 9.438956e-02
2.180000e+01 9.078821e-02
2.190000e+01 8.709578e-02
2.200000e+01 8.331632e-02
2.210000e+01 7.945399e-02
2.220000e+01 7.551304e-02
2.230000e+01 7.149779e-02
2.240000e+01 6.741260e-02
2.250000e+01 6.326187e-02
2.260000e+01 5.905008e-02
2.270000e+01 5.478175e-02
2.280000e+01 5.046146e-02
2.290000e+01 4.609386e-02
2.300000e+01 4.168360e-02
2.310000e+01 3.723536e-02
2.320000e+01 3.275381e-02
2.330000e+01 2.824366e-02
2.340000e+01 2.370964e-02
2.350000e+01 1.915650e-02
2.360000e+01 1.458902e-02
2.370000e+01 1.001196e-02
2.380000e+01 5.430098e-03
2.390000e+01 8.481590e-04
2.400000e+01 -3.729119e-03
2.410000e+01 -8.296993e-03
2.420000e+01 -1.285072e-02
2.430000e+01 -1.738555e-02
2.440000e+01 -2.189679e-02
2.450000e+01 -2.637976e-02
2.460000e+01 -3.082985e-02
2.470000e+01 -3.524245e-02
2.480000e+01 -3.961299e-02
2.490000e+01 -4.393690e-02
2.500000e+01 -4.820966e-02
2.510000e+01 -5.242684e-02
2.520000e+01 -5.658404e-02
2.530000e+01 -6.067696e-02
2.540000e+01 -6.470133e-02
2.550000e+01 -6.865295e-02
2.560000e+01 -7.252765e-02
2.570000e+01 -7.632135e-02
2.580000e+01 -8.003008e-02
2.590000e+01 -8.364993e-02
2.600000e+01 -8.717713e-02
2.610000e+01 -9.060797e-02
2.620000e+01 -9.393880e-02
2.630000e+01 -9.716610e-02
2.640000e+01 -1.002864e-01
2.650000e+01 -1.032965e-01
2.660000e+01 -1.061931e-01
2.670000e+01 -1.089732e-01
2.680000e+01 -1.116339e-01
2.690000e+01 -1.141723e-01
2.700000e+01 -1.165857e-01
2.710000e+01 -1.188717e-01
2.720000e+01 -1.210277e-01
2.730000e+01 -1.230516e-01
2.740000e+01 -1.249412e-01
2.750000e+01 -1.266946e-01
2.760000e+01 -1.283100e-01
2.770000e+01 -1.297857e-01
2.780000e+01 -1.311203e-01
2.790000e+01 -1.323123e-01
2.800000e+01 -1.333608e-01
2.810000e+01 -1.342646e-01
2.820000e+01 -1.350230e-01
2.830000e+01 -1.356352e-01
2.840000e+01 -1.361009e-01
2.850000e+01 -1.364196e-01
2.860000e+01 -1.365911e-01
2.870000e+01 -1.366157e-01
2.880000e+01 -1.364933e-01
2.890000e+01 -1.362244e-01
2.900000e+01 -1.358094e-01
2.910000e+01 -1.352491e-01
2.920000e+01 -1.345442e-01
2.930000e+01 -1.336958e-01
2.940000e+01 -1.327051e-01
2.950000e+01 -1.315734e-01
2.960000e+01 -1.303021e-01
2.970000e+01 -1.288930e-01
2.980000e+01 -1.273477e-01
2.990000e+01 -1.256682e-01
3.000000e+01 -1.238566e-01
3.010000e+01 -1.219151e-01
3.020000e+01 -1.198461e-01
3.030000e+01 -1.176520e-01
3.040000e+01 -1.153355e-01
3.050000e+01 -1.128992e-01
3.060000e+01 -1.103460e-01
3.070000e+01 -1.076786e-01
3.080000e+01 -1.049003e-01
3.090000e+01 -1.020140e-01
3.100000e+01 -9.902319e-02
3.110000e+01 -9.593124e-02
3.120000e+01 -9.274173e-02
3.130000e+01 -8.945830e-02
3.140000e+01 -8.608471e-02
3.150000e+01 -8.262476e-02
3.160000e+01 -7.908233e-02
3.170000e+01 -7.546132e-02
3.180000e+01 -7.176571e-02
3.190000e+01 -6.799950e-02
3.200000e+01 -6.416675e-02
3.210000e+01 -6.027158e-02
3.220000e+01 -5.631813e-02
3.230000e+01 -5.231062e-02
3.240000e+01 -4.825330e-02
3.250000e+01 -4.415046e-02
3.260000e+01 -4.000643e-02
3.270000e+01 -3.582557e-02
3.280000e+01 -3.161227e-02
3.290000e+01 -2.737094e-02
3.300000e+01 -2.310604e-02
3.310000e+01 -1.882202e-02
3.320000e+01 -1.452338e-02
3.330000e+01 -1.021460e-02
3.340000e+01 -5.900194e-03
3.350000e+01 -1.584667e-03
3.360000e+01 2.727473e-03
3.370000e+01 7.031730e-03
3.380000e+01 1.132362e-02
3.390000e+01 1.559866e-02
3.400000e+01 1.985242e-02
3.410000e+01 2.408047e-02
3.420000e+01 2.827842e-02
3.430000e+01 3.244191e-02
3.440000e+01 3.656662e-02
3.450000e+01 4.064827e-02
3.460000e+01 4.468262e-02
3.470000e+01 4.866548e-02
3.480000e+01 5.259271e-02
3.490000e+01 5.646022e-02
3.500000e+01 6.026399e-02
3.510000e+01 6.400004e-02
3.520000e+01 6.766449e-02
3.530000e+01 7.125348e-02
3.540000e+01 7.476327e-02
3.550000e+01 7.819018e-02
3.560000e+01 8.153060e-02
3.570000e+01 8.478103e-02
3.580000e+01 8.793804e-02
3.590000e+01 9.099831e-02
3.600000e+01 9.395861e-02
3.610000e+01 9.681582e-02
3.620000e+01 9.956692e-02
3.630000e+01 1.022090e-01
3.640000e+01 1.047394e-01
3.650000e+01 1.071552e-01
3.660000e+01 1.094541e-01
3.670000e+01 1.116337e-01
3.680000e+01 1.136915e-01
3.690000e+01 1.156255e-01
3.700000e+01 1.174338e-01
3.710000e+01 1.191143e-01
3.720000e+01 1.206655e-01
3.730000e+01 1.220857e-01
3.740000e+01 1.233735e-01
3.750000e+01 1.245276e-01
3.760000e+01 1.255469e-01
3.770000e+01 1.264304e-01
3.780000e+01 1.271774e-01
3.790000e+01 1.277871e-01
3.800000e+01 1.282590e-01
3.810000e+01 1.285928e-01
3.820000e+01 1.287882e-01
3.830000e+01 1.288454e-01
3.840000e+01 1.287643e-01
3.850000e+01 1.285452e-01
3.860000e+01 1.281887e-01
3.870000e+01 1.276952e-01
3.880000e+01 1.270655e-01
3.890000e+01 1.263005e-01
3.900000e+01 1.254013e-01
3.910000e+01 1.243691e-01
3.920000e+01 1.232052e-01
3.930000e+01 1.219110e-01
3.940000e+01 1.204883e-01
3.950000e+01 1.189387e-01
3.960000e+01 1.172643e-01
3.970000e+01 1.154669e-01
3.980000e+01 1.135489e-01
3.990000e+01 1.115124e-01
4.000000e+01 1.093599e-01
4.010000e+01 1.070940e-01
4.020000e+01 1.047172e-01
4.030000e+01 1.022324e-01
4.040000e+01 9.964233e-02
4.050000e+01 9.695003e-02
4.060000e+01 9.415856e-02
4.070000e+01 9.127106e-02
4.080000e+01 8.829079e-02
4.090000e+01 8.522109e-02
4.100000e+01 8.206537e-02
4.110000e+01 7.882714e-02
4.120000e+01 7.550995e-02
4.130000e+01 7.211747e-02
4.140000e+01 6.865339e-02
4.150000e+01 6.512148e-02
4.160000e+01 6.152558e-02
4.170000e+01 5.786957e-02
4.180000e+01 5.415737e-02
4.190000e+01 5.039299e-02
4.200000e+01 4.658042e-02
4.210000e+01 4.272375e-02
4.220000e+01 3.882706e-02
4.230000e+01 3.489449e-02
4.240000e+01 3.093018e-02
4.250000e+01 2.693832e-02
4.260000e+01 2.292311e-02
4.270000e+01 1.888876e-02
4.280000e+01 1.483949e-02
4.290000e+01 1.077954e-02
4.300000e+01 6.713151e-03
4.310000e+01 2.644559e-03
4.320000e+01 -1.421997e-03
4.330000e+01 -5.482286e-03
4.340000e+01 -9.532086e-03
4.350000e+01 -1.356719e-02
4.360000e+01 -1.758340e-02
4.370000e+01 -2.157656e-02
4.380000e+01 -2.554252e-02
4.390000e+01 -2.947715e-02
4.400000e+01 -3.337637e-02
4.410000e+01 -3.723613e-02
4.420000e+01 -4.105242e-02
4.430000e+01 -4.482127e-02
4.440000e+01 -4.853876e-02
4.450000e+01 -5.220101e-02
4.460000e+01 -5.580421e-02
4.470000e+01 -5.934460e-02
4.480000e+01 -6.281848e-02
4.490000e+01 -6.622224e-02
4.500000e+01 -6.955230e-02
4.510000e+01 -7.280518e-02
4.520000e+01 -7.597748e-02
4.530000e+01 -7.906587e-02
4.540000e+01 -8.206713e-02
4.550000e+01 -8.497810e-02
4.560000e+01 -8.779573e-02
4.570000e+01 -9.051706e-02
4.580000e+01 -9.313925e-02
4.590000e+01 -9.565955e-02
4.600000e+01 -9.807531e-02
4.610000e+01 -1.003840e-01
4.620000e+01 -1.025832e-01
4.630000e+01 -1.046707e-01
4.640000e+01 -1.066443e-01
4.650000e+01 -1.085018e-01
4.660000e+01 -1.102415e-01
4.670000e+01 -1.118615e-01
4.680000e+01 -1.133602e-01
4.690000e+01 -1.147360e-01
4.700000e+01 -1.159876e-01
4.710000e+01 -1.171137e-01
4.720000e+01 -1.181133e-01
4.730000e+01 -1.189854e-01
4.740000e+01 -1.197291e-01
4.750000e+01 -1.203438e-01
4.760000e+01 -1.208290e-01
4.770000e+01 -1.211843e-01
4.780000e+01 -1.214095e-01
4.790000e+01 -1.215045e-01
4.800000e+01 -1.214693e-01
4.810000e+01 -1.213043e-01
4.820000e+01 -1.210096e-01
4.830000e+01 -1.205860e-01
4.840000e+01 -1.200339e-01
4.850000e+01 -1.193542e-01
4.860000e+01 -1.185478e-01
4.870000e+01 -1.176158e-01
4.880000e+01 -1.165595e-01
4.890000e+01 -1.153800e-01
4.900000e+01 -1.140790e-01
4.910000e+01 -1.126581e-01
4.920000e+01 -1.111189e-01
4.930000e+01 -1.094633e-01
4.940000e+01 -1.076934e-01
4.950000e+01 -1.058112e-01
4.960000e+01 -1.038190e-01
4.970000e+01 -1.017191e-01
4.980000e+01 -9.951383e-02
4.990000e+01 -9.720588e-02
5.000000e+01 -9.479787e-02
5.010000e+01 -9.229254e-02
5.020000e+01 -8.969273e-02
5.030000e+01 -8.700139e-02
5.040000e+01 -8.422154e-02
5.050000e+01 -8.135629e-02
5.060000e+01 -7.840883e-02
5.070000e+01 -7.538242e-02
5.080000e+01 -7.228040e-02
5.090000e+01 -6.910617e-02
5.100000e+01 -6.586322e-02
5.110000e+01 -6.255506e-02
5.120000e+01 -5.918528e-02
5.130000e+01 -5.575754e-02
5.140000e+01 -5.227552e-02
5.150000e+01 -4.874295e-02
5.160000e+01 -4.516362e-02
5.170000e+01 -4.154135e-02
5.180000e+01 -3.787997e-02
5.190000e+01 -3.418339e-02
5.200000e+01 -3.045551e-02
5.210000e+01 -2.670026e-02
5.220000e+01 -2.292160e-02
5.230000e+01 -1.912350e-02
5.240000e+01 -1.530995e-02
5.250000e+01 -1.148493e-02
5.260000e+01 -7.652454e-03
5.270000e+01 -3.816516e-03
5.280000e+01 1.890000e-05
5.290000e+01 3.849734e-03
5.300000e+01 7.672062e-03
5.310000e+01 1.148188e-02
5.320000e+01 1.527524e-02
5.330000e+01 1.904818e-02
5.340000e+01 2.279679e-02
5.350000e+01 2.651718e-02
5.360000e+01 3.020546e-02
5.370000e+01 3.385783e-02
5.380000e+01 3.747047e-02
5.390000e+01 4.103963e-02
5.400000e+01 4.456159e-02
5.410000e+01 4.803270e-02
5.420000e+01 5.144935e-02
5.430000e+01 5.480796e-02
5.440000e+01 5.810504e-02
5.450000e+01 6.133716e-02
5.460000e+01 6.450095e-02
5.470000e+01 6.759309e-02
5.480000e+01 7.061036e-02
5.490000e+01 7.354962e-02
5.500000e+01 7.640779e-02
5.510000e+01 7.918188e-02
5.520000e+01 8.186900e-02
5.530000e+01 8.446634e-02
5.540000e+01 8.697119e-02
5.550000e+01 8.938093e-02
5.560000e+01 9.169305e-02
5.570000e+01 9.390515e-02
5.580000e+01 9.601492e-02
5.590000e+01 9.802017e-02
5.600000e+01 9.991883e-02
5.610000e+01 1.017090e-01
5.620000e+01 1.033887e-01
5.630000e+01 1.049563e-01
5.640000e+01 1.064102e-01
5.650000e+01 1.077490e-01
5.660000e+01 1.089713e-01
5.670000e+01 1.100758e-01
5.680000e+01 1.110616e-01
5.690000e+01 1.119276e-01
5.700000e+01 1.126730e-01
5.710000e+01 1.132973e-01
5.720000e+01 1.137998e-01
5.730000e+01 1.141802e-01
5.740000e+01 1.144381e-01
5.750000e+01 1.145735e-01
5.760000e+01 1.145863e-01
5.770000e+01 1.144767e-01
5.780000e+01 1.142451e-01
5.790000e+01 1.138917e-01
5.800000e+01 1.134173e-01
5.810000e+01 1.128224e-01
5.820000e+01 1.121078e-01
5.830000e+01 1.112746e-01
5.840000e+01 1.103239e-01
5.850000e+01 1.092567e-01
5.860000e+01 1.080745e-01
5.870000e+01 1.067788e-01
5.880000e+01 1.053710e-01
5.890000e+01 1.038530e-01
5.900000e+01 1.022264e-01
5.910000e+01 1.004934e-01
5.920000e+01 9.865579e-02
5.930000e+01 9.671585e-02
5.940000e+01 9.467581e-02
5.950000e+01 9.253801e-02
5.960000e+01 9.030491e-02
5.970000e+01 8.797905e-02
5.980000e+01 8.556308e-02
5.990000e+01 8.305971e-02
6.000000e+01 8.047176e-02
6.010000e+01 7.780212e-02
6.020000e+01 7.505376e-02
6.030000e+01 7.222972e-02
6.040000e+01 6.933312e-02
6.050000e+01 6.636712e-02
6.060000e+01 6.333499e-02
6.070000e+01 6.024002e-02
6.080000e+01 5.708557e-02
6.090000e+01 5.387505e-02
6.100000e+01 5.061192e-02
6.110000e+01 4.729969e-02
6.120000e+01 4.394190e-02
6.130000e+01 4.054214e-02
6.140000e+01 3.710404e-02
6.150000e+01 3.363123e-02
6.160000e+01 3.012741e-02
6.170000e+01 2.659628e-02
6.180000e+01 2.304155e-02
6.190000e+01 1.946698e-02
6.200000e+01 1.587632e-02
6.210000e+01 1.227333e-02
6.220000e+01 8.661797e-03
6.230000e+01 5.045488e-03
6.240000e+01 1.428183e-03
6.250000e+01 -2.186341e-03
6.260000e+01 -5.794316e-03
6.270000e+01 -9.391984e-03
6.280000e+01 -1.297560e-02
6.290000e+01 -1.654143e-02
6.300000e+01 -2.008577e-02
6.310000e+01 -2.360494e-02
6.320000e+01 -2.709527e-02
6.330000e+01 -3.055314e-02
6.340000e+01 -3.397495e-02
6.350000e+01 -3.735715e-02
6.360000e+01 -4.069622e-02
6.370000e+01 -4.398868e-02
6.380000e+01 -4.723111e-02
6.390000e+01 -5.042015e-02
6.400000e+01 -5.355246e-02
6.410000e+01 -5.662479e-02
6.420000e+01 -5.963394e-02
6.430000e+01 -6.257678e-02
6.440000e+01 -6.545024e-02
6.450000e+01 -6.825132e-02
6.460000e+01 -7.097711e-02
6.470000e+01 -7.362476e-02
6.480000e+01 -7.619153e-02
6.490000e+01 -7.867473e-02
6.500000e+01 -8.107178e-02
6.510000e+01 -8.338019e-02
6.520000e+01 -8.559757e-02
6.530000e+01 -8.772160e-02
6.540000e+01 -8.975009e-02
6.550000e+01 -9.168095e-02
6.560000e+01 -9.351218e-02
6.570000e+01 -9.524190e-02
6.580000e+01 -9.686834e-02
6.590000e+01 -9.838985e-02
6.600000e+01 -9.980487e-02
6.610000e+01 -1.011120e-01
6.620000e+01 -1.023099e-01
6.630000e+01 -1.033974e-01
6.640000e+01 -1.043735e-01
6.650000e+01 -1.052371e-01
6.660000e+01 -1.059876e-01
6.670000e+01 -1.066242e-01
6.680000e+01 -1.071463e-01
6.690000e+01 -1.075536e-01
6.700000e+01 -1.078456e-01
6.710000e+01 -1.080223e-01
6.720000e+01 -1.080837e-01
6.730000e+01 -1.080297e-01
6.740000e+01 -1.078606e-01
6.750000e+01 -1.075767e-01
6.760000e+01 -1.071785e-01
6.770000e+01 -1.066666e-01
6.780000e+01 -1.060417e-01
6.790000e+01 -1.053047e-01
6.800000e+01 -1.044564e-01
6.810000e+01 -1.034981e-01
6.820000e+01 -1.024308e-01
6.830000e+01 -1.012560e-01
6.840000e+01 -9.997496e-02
6.850000e+01 -9.858933e-02
6.860000e+01 -9.710073e-02
6.870000e+01 -9.551093e-02
6.880000e+01 -9.382180e-02
6.890000e+01 -9.203532e-02
6.900000e+01 -9.015354e-02
6.910000e+01 -8.817864e-02
6.920000e+01 -8.611289e-02
6.930000e+01 -8.395862e-02
6.940000e+01 -8.171829e-02
6.950000e+01 -7.939442e-02
6.960000e+01 -7.698961e-02
6.970000e+01 -7.450655e-02
6.980000e+01 -7.194800e-02
6.990000e+01 -6.931680e-02
7.000000e+01 -6.661584e-02
7.010000e+01 -6.384809e-02
7.020000e+01 -6.101657e-02
7.030000e+01 -5.812438e-02
7.040000e+01 -5.517465e-02
7.050000e+01 -5.217058e-02
7.060000e+01 -4.911540e-02
7.070000e+01 -4.601240e-02
7.080000e+01 -4.286492e-02
7.090000e+01 -3.967630e-02
7.100000e+01 -3.644997e-02
7.110000e+01 -3.318934e-02
7.120000e+01 -2.989787e-02
7.130000e+01 -2.657906e-02
7.140000e+01 -2.323640e-02
7.150000e+01 -1.987343e-02
7.160000e+01 -1.649368e-02
7.170000e+01 -1.310070e-02
7.180000e+01 -9.698048e-03
7.190000e+01 -6.289296e-03
7.200000e+01 -2.878008e-03
7.210000e+01 5.322540e-04
7.220000e+01 3.937927e-03
7.230000e+01 7.335459e-03
7.240000e+01 1.072131e-02
7.250000e+01 1.409195e-02
7.260000e+01 1.744388e-02
7.270000e+01 2.077360e-02
7.280000e+01 2.407766e-02
7.290000e+01 2.735261e-02
7.300000e+01 3.059505e-02
7.310000e+01 3.380162e-02
7.320000e+01 3.696897e-02
7.330000e+01 4.009382e-02
7.340000e+01 4.317291e-02
7.350000e+01 4.620305e-02
7.360000e+01 4.918108e-02
7.370000e+01 5.210392e-02
7.380000e+01 5.496851e-02
7.390000e+01 5.777188e-02
7.400000e+01 6.051112e-02
7.410000e+01 6.318337e-02
7.420000e+01 6.578586e-02
7.430000e+01 6.831589e-02
7.440000e+01 7.077082e-02
7.450000e+01 7.314811e-02
7.460000e+01 7.544528e-02
7.470000e+01 7.765995e-02
7.480000e+01 7.978984e-02
7.490000e+01 8.183274e-02
7.500000e+01 8.378653e-02
7.510000e+01 8.564920e-02
7.520000e+01 8.741885e-02
7.530000e+01 8.909365e-02
7.540000e+01 9.067190e-02
7.550000e+01 9.215199e-02
7.560000e+01 9.353243e-02
7.570000e+01 9.481182e-02
7.580000e+01 9.598889e-02
7.590000e+01 9.706247e-02
7.600000e+01 9.803153e-02
7.610000e+01 9.889512e-02
7.620000e+01 9.965243e-02
7.630000e+01 1.003028e-01
7.640000e+01 1.008455e-01
7.650000e+01 1.012803e-01
7.660000e+01 1.016067e-01
7.670000e+01 1.018245e-01
7.680000e+01 1.019336e-01
7.690000e+01 1.019341e-01
7.700000e+01 1.018260e-01
7.710000e+01 1.016097e-01
7.720000e+01 1.012855e-01
7.730000e+01 1.008540e-01
7.740000e+01 1.003156e-01
7.750000e+01 9.967125e-02
7.760000e+01 9.892168e-02
7.770000e+01 9.806788e-02
7.780000e+01 9.711093e-02
7.790000e+01 9.605199e-02
7.800000e+01 9.489237e-02
7.810000e+01 9.363347e-02
7.820000e+01 9.227678e-02
7.830000e+01 9.082391e-02
7.840000e+01 8.927657e-02
7.850000e+01 8.763657e-02
7.860000e+01 8.590579e-02
7.870000e+01 8.408624e-02
7.880000e+01 8.217999e-02
7.890000e+01 8.018922e-02
7.900000e+01 7.811617e-02
7.910000e+01 7.596318e-02
7.920000e+01 7.373268e-02
7.930000e+01 7.142714e-02
7.940000e+01 6.904912e-02
7.950000e+01 6.660127e-02
7.960000e+01 6.408628e-02
7.970000e+01 6.150692e-02
7.980000e+01 5.886599e-02
7.990000e+01 5.616640e-02
8.000000e+01 5.341106e-02
8.010000e+01 5.060296e-02
8.020000e+01 4.774515e-02
8.030000e+01 4.484068e-02
8.040000e+01 4.189268e-02
8.050000e+01 3.890431e-02
8.060000e+01 3.587876e-02
8.070000e+01 3.281925e-02
8.080000e+01 2.972903e-02
8.090000e+01 2.661138e-02
8.100000e+01 2.346959e-02
8.110000e+01 2.030700e-02
8.120000e+01 1.712691e-02
8.130000e+01 1.393270e-02
8.140000e+01 1.072770e-02
8.150000e+01 7.515292e-03
8.160000e+01 4.298830e-03
8.170000e+01 1.081683e-03
8.180000e+01 -2.132785e-03
8.190000e+01 -5.341218e-03
8.200000e+01 -8.540268e-03
8.210000e+01 -1.172660e-02
8.220000e+01 -1.489689e-02
8.230000e+01 -1.804785e-02
8.240000e+01 -2.117618e-02
8.250000e+01 -2.427864e-02
8.260000e+01 -2.735201e-02
8.270000e+01 -3.039307e-02
8.280000e+01 -3.339868e-02
8.290000e+01 -3.636571e-02
8.300000e+01 -3.929108e-02
8.310000e+01 -4.217174e-02
8.320000e+01 -4.500471e-02
8.330000e+01 -4.778704e-02
8.340000e+01 -5.051584e-02
8.350000e+01 -5.318827e-02
8.360000e+01 -5.580157e-02
8.370000e+01 -5.835302e-02
8.380000e+01 -6.083996e-02
8.390000e+01 -6.325983e-02
8.400000e+01 -6.561010e-02
8.410000e+01 -6.788835e-02
8.420000e+01 -7.009222e-02
8.430000e+01 -7.221942e-02
8.440000e+01 -7.426776e-02
8.450000e+01 -7.623512e-02
8.460000e+01 -7.811947e-02
8.470000e+01 -7.991889e-02
8.480000e+01 -8.163152e-02
8.490000e+01 -8.325561e-02
8.500000e+01 -8.478951e-02
8.510000e+01 -8.623166e-02
8.520000e+01 -8.758060e-02
8.530000e+01 -8.883498e-02
8.540000e+01 -8.999355e-02
8.550000e+01 -9.105516e-02
8.560000e+01 -9.201878e-02
8.570000e+01 -9.288347e-02
8.580000e+01 -9.364841e-02
8.590000e+01 -9.431290e-02
8.600000e+01 -9.487632e-02
8.610000e+01 -9.533819e-02
8.620000e+01 -9.569813e-02
8.630000e+01 -9.595588e-02
8.640000e+01 -9.611128e-02
8.650000e+01 -9.616431e-02
8.660000e+01 -9.611502e-02
8.670000e+01 -9.596360e-02
8.680000e+01 -9.571037e-02
8.690000e+01 -9.535571e-02
8.700000e+01 -9.490015e-02
8.710000e+01 -9.434432e-02
8.720000e+01 -9.368896e-02
8.730000e+01 -9.293492e-02
8.740000e+01 -9.208313e-02
8.750000e+01 -9.113467e-02
8.760000e+01 -9.009068e-02
8.770000e+01 -8.895243e-02
8.780000e+01 -8.772128e-02
8.790000e+01 -8.639869e-02
8.800000e+01 -8.498620e-02
8.810000e+01 -8.348547e-02
8.820000e+01 -8.189822e-02
8.830000e+01 -8.022630e-02
8.840000e+01 -7.847160e-02
8.850000e+01 -7.663613e-02
8.860000e+01 -7.472195e-02
8.870000e+01 -7.273124e-02
8.880000e+01 -7.066622e-02
8.890000e+01 -6.852919e-02
8.900000e+01 -6.632253e-02
8.910000e+01 -6.404868e-02
8.920000e+01 -6.171016e-02
8.930000e+01 -5.930953e-02
8.940000e+01 -5.684942e-02
8.950000e+01 -5.433251e-02
8.960000e+01 -5.176154e-02
8.970000e+01 -4.913930e-02
8.980000e+01 -4.646862e-02
8.990000e+01 -4.375239e-02
9.000000e+01 -4.099351e-02
9.010000e+01 -3.819496e-02
9.020000e+01 -3.535971e-02
9.030000e+01 -3.249080e-02
9.040000e+01 -2.959128e-02
9.050000e+01 -2.666423e-02
9.060000e+01 -2.371274e-02
9.070000e+01 -2.073995e-02
9.080000e+01 -1.774898e-02
9.090000e+01 -1.474300e-02
9.100000e+01 -1.172516e-02
9.110000e+01 -8.698630e-03
9.120000e+01 -5.666595e-03
9.130000e+01 -2.632228e-03
9.140000e+01 4.012950e-04
9.150000e+01 3.430803e-03
9.160000e+01 6.453131e-03
9.170000e+01 9.465124e-03
9.180000e+01 1.246364e-02
9.190000e+01 1.544556e-02
9.200000e+01 1.840777e-02
9.210000e+01 2.134719e-02
9.220000e+01 2.426076e-02
9.230000e+01 2.714545e-02
9.240000e+01 2.999827e-02
9.250000e+01 3.281625e-02
9.260000e+01 3.559645e-02
9.270000e+01 3.833600e-02
9.280000e+01 4.103204e-02
9.290000e+01 4.368178e-02
9.300000e+01 4.628247e-02
9.310000e+01 4.883141e-02
9.320000e+01 5.132596e-02
9.330000e+01 5.376352e-02
9.340000e+01 5.614157e-02
9.350000e+01 5.845765e-02
9.360000e+01 6.070937e-02
9.370000e+01 6.289438e-02
9.380000e+01 6.501043e-02
9.390000e+01 6.705534e-02
9.400000e+01 6.902700e-02
9.410000e+01 7.092337e-02
9.420000e+01 7.274251e-02
9.430000e+01 7.448255e-02
9.440000e+01 7.614171e-02
9.450000e+01 7.771829e-02
9.460000e+01 7.921070e-02
9.470000e+01 8.061741e-02
9.480000e+01 8.193701e-02
9.490000e+01 8.316817e-02
9.500000e+01 8.430967e-02
9.510000e+01 8.536037e-02
9.520000e+01 8.631925e-02
9.530000e+01 8.718538e-02
9.540000e+01 8.795793e-02
9.550000e+01 8.863617e-02
9.560000e+01 8.921948e-02
9.570000e+01 8.970736e-02
9.580000e+01 9.009937e-02
9.590000e+01 9.039522e-02
9.600000e+01 9.059472e-02
9.610000e+01 9.069775e-02
9.620000e+01 9.070433e-02
9.630000e+01 9.061459e-02
9.640000e+01 9.042873e-02
9.650000e+01 9.014708e-02
9.660000e+01 8.977008e-02
9.670000e+01 8.929826e-02
9.680000e+01 8.873225e-02
9.690000e+01 8.807279e-02
9.700000e+01 8.732072e-02
9.710000e+01 8.647697e-02
9.720000e+01 8.554257e-02
9.730000e+01 8.451867e-02
9.740000e+01 8.340648e-02
9.750000e+01 8.220732e-02
9.760000e+01 8.092260e-02
9.770000e+01 7.955382e-02
9.780000e+01 7.810256e-02
9.790000e+01 7.657049e-02
9.800000e+01 7.495936e-02
9.810000e+01 7.327101e-02
9.820000e+01 7.150735e-02
9.830000e+01 6.967036e-02
9.840000e+01 6.776210e-02
9.850000e+01 6.578471e-02
9.860000e+01 6.374038e-02
9.870000e+01 6.163138e-02
9.880000e+01 5.946003e-02
9.890000e+01 5.722873e-02
9.900000e+01 5.493991e-02
9.910000e+01 5.259608e-02
9.920000e+01 5.019978e-02
9.930000e+01 4.775362e-02
9.940000e+01 4.526025e-02
9.950000e+01 4.272235e-02
9.960000e+01 4.014266e-02
9.970000e+01 3.752395e-02
9.980000e+01 3.486901e-02
9.990000e+01 3.218069e-02
1.000000e+02 2.946184e-02
1.001000e+02 2.671537e-02
1.002000e+02 2.394418e-02
1.003000e+02 2.115122e-02
1.004000e+02 1.833943e-02
1.005000e+02 1.551178e-02
1.006000e+02 1.267125e-02
1.007000e+02 9.820831e-03
1.008000e+02 6.963518e-03
1.009000e+02 4.102309e-03
1.010000e+02 1.240201e-03
1.011000e+02 -1.619808e-03
1.012000e+02 -4.474728e-03
1.013000e+02 -7.321575e-03
1.014000e+02 -1.015738e-02
1.015000e+02 -1.297918e-02
1.016000e+02 -1.578404e-02
1.017000e+02 -1.856903e-02
1.018000e+02 -2.133126e-02
1.019000e+02 -2.406785e-02
1.020000e+02 -2.677596e-02
1.021000e+02 -2.945277e-02
1.022000e+02 -3.209550e-02
1.023000e+02 -3.470141e-02
1.024000e+02 -3.726778e-02
1.025000e+02 -3.979196e-02
1.026000e+02 -4.227133e-02
1.027000e+02 -4.470332e-02
1.028000e+02 -4.708540e-02
1.029000e+02 -4.941511e-02
1.030000e+02 -5.169003e-02
1.031000e+02 -5.390781e-02
1.032000e+02 -5.606617e-02
1.033000e+02 -5.816286e-02
1.034000e+02 -6.019572e-02
1.035000e+02 -6.216266e-02
1.036000e+02 -6.406165e-02
1.037000e+02 -6.589075e-02
1.038000e+02 -6.764805e-02
1.039000e+02 -6.933178e-02
1.040000e+02 -7.094021e-02
1.041000e+02 -7.247170e-02
1.042000e+02 -7.392468e-02
1.043000e+02 -7.529770e-02
1.044000e+02 -7.658936e-02
1.045000e+02 -7.779837e-02
1.046000e+02 -7.892352e-02
1.047000e+02 -7.996370e-02
1.048000e+02 -8.091789e-02
1.049000e+02 -8.178515e-02
1.050000e+02 -8.256466e-02
1.051000e+02 -8.325568e-02
1.052000e+02 -8.385756e-02
1.053000e+02 -8.436978e-02
1.054000e+02 -8.479187e-02
1.055000e+02 -8.512350e-02
1.056000e+02 -8.536442e-02
1.057000e+02 -8.551448e-02
1.058000e+02 -8.557364e-02
1.059000e+02 -8.554193e-02
1.060000e+02 -8.541953e-02
1.061000e+02 -8.520666e-02
1.062000e+02 -8.490369e-02
1.063000e+02 -8.451104e-02
1.064000e+02 -8.402927e-02
1.065000e+02 -8.345900e-02
1.066000e+02 -8.280098e-02
1.067000e+02 -8.205602e-02
1.068000e+02 -8.122504e-02
1.069000e+02 -8.030905e-02
1.070000e+02 -7.930915e-02
1.071000e+02 -7.822653e-02
1.072000e+02 -7.706245e-02
1.073000e+02 -7.581828e-02
1.074000e+02 -7.449547e-02
1.075000e+02 -7.309552e-02
1.076000e+02 -7.162005e-02
1.077000e+02 -7.007073e-02
1.078000e+02 -6.844932e-02
1.079000e+02 -6.675765e-02
1.080000e+02 -6.499760e-02
1.081000e+02 -6.317116e-02
1.082000e+02 -6.128034e-02
1.083000e+02 -5.932726e-02
1.084000e+02 -5.731405e-02
1.085000e+02 -5.524294e-02
1.086000e+02 -5.311620e-02
1.087000e+02 -5.093615e-02
1.088000e+02 -4.870517e-02
1.089000e+02 -4.642569e-02
1.090000e+02 -4.410016e-02
1.091000e+02 -4.173111e-02
1.092000e+02 -3.932108e-02
1.093000e+02 -3.687267e-02
1.094000e+02 -3.438849e-02
1.095000e+02 -3.187122e-02
1.096000e+02 -2.932353e-02
1.097000e+02 -2.674813e-02
1.098000e+02 -2.414777e-02
1.099000e+02 -2.152521e-02
1.100000e+02 -1.888321e-02
1.101000e+02 -1.622457e-02
1.102000e+02 -1.355211e-02
1.103000e+02 -1.086862e-02
1.104000e+02 -8.176943e-03
1.105000e+02 -5.479901e-03
1.106000e+02 -2.780324e-03
1.107000e+02 -8.100000e-05
1.108000e+02 2.615118e-03
1.109000e+02 5.305338e-03
1.110000e+02 7.986804e-03
1.111000e+02 1.065672e-02
1.112000e+02 1.331230e-02
1.113000e+02 1.595077e-02
1.114000e+02 1.856939e-02
1.115000e+02 2.116542e-02
1.116000e+02 2.373618e-02
1.117000e+02 2.627898e-02
1.118000e+02 2.879119e-02
1.119000e+02 3.127019e-02
1.120000e+02 3.371341e-02
1.121000e+02 3.611832e-02
1.122000e+02 3.848241e-02
1.123000e+02 4.080325e-02
1.124000e+02 4.307843e-02
1.125000e+02 4.530558e-02
1.126000e+02 4.748242e-02
1.127000e+02 4.960667e-02
1.128000e+02 5.167616e-02
1.129000e+02 5.368874e-02
1.130000e+02 5.564234e-02
1.131000e+02 5.753494e-02
1.132000e+02 5.936461e-02
1.133000e+02 6.112945e-02
1.134000e+02 6.282766e-02
1.135000e+02 6.445750e-02
1.136000e+02 6.601731e-02
1.137000e+02 6.750550e-02
1.138000e+02 6.892055e-02
1.139000e+02 7.026103e-02
1.140000e+02 7.152560e-02
1.141000e+02 7.271298e-02
1.142000e+02 7.382198e-02
1.143000e+02 7.485151e-02
1.144000e+02 7.580055e-02
1.145000e+02 7.666818e-02
1.146000e+02 7.745356e-02
1.147000e+02 7.815595e-02
1.148000e+02 7.877467e-02
1.149000e+02 7.930918e-02
1.150000e+02 7.975899e-02
1.151000e+02 8.012373e-02
1.152000e+02 8.040310e-02
1.153000e+02 8.059691e-02
1.154000e+02 8.070506e-02
1.155000e+02 8.072754e-02
1.156000e+02 8.066443e-02
1.157000e+02 8.051590e-02
1.158000e+02 8.028224e-02
1.159000e+02 7.996378e-02
1.160000e+02 7.956100e-02
1.161000e+02 7.907443e-02
1.162000e+02 7.850470e-02
1.163000e+02 7.785253e-02
1.164000e+02 7.711874e-02
1.165000e+02 7.630421e-02
1.166000e+02 7.540993e-02
1.167000e+02 7.443696e-02
1.168000e+02 7.338646e-02
1.169000e+02 7.225964e-02
1.170000e+02 7.105781e-02
1.171000e+02 6.978236e-02
1.172000e+02 6.843476e-02
1.173000e+02 6.701653e-02
1.174000e+02 6.552928e-02
1.175000e+02 6.397469e-02
1.176000e+02 6.235451e-02
1.177000e+02 6.067055e-02
1.178000e+02 5.892467e-02
1.179000e+02 5.711883e-02
1.180000e+02 5.525500e-02
1.181000e+02 5.333525e-02
1.182000e+02 5.136168e-02
1.183000e+02 4.933646e-02
1.184000e+02 4.726178e-02
1.185000e+02 4.513991e-02
1.186000e+02 4.297314e-02
1.187000e+02 4.076383e-02
1.188000e+02 3.851435e-02
1.189000e+02 3.622712e-02
1.190000e+02 3.390461e-02
1.191000e+02 3.154929e-02
1.192000e+02 2.916368e-02
1.193000e+02 2.675034e-02
1.194000e+02 2.431181e-02
1.195000e+02 2.185071e-02
1.196000e+02 1.936963e-02
1.197000e+02 1.687121e-02
1.198000e+02 1.435807e-02
1.199000e+02 1.183289e-02
1.200000e+02 9.298305e-03
1.201000e+02 6.756995e-03
1.202000e+02 4.211628e-03
1.203000e+02 1.664874e-03
1.204000e+02 -8.805970e-04
1.205000e+02 -3.422118e-03
1.206000e+02 -5.957033e-03
1.207000e+02 -8.482691e-03
1.208000e+02 -1.099646e-02
1.209000e+02 -1.349570e-02
1.210000e+02 -1.597783e-02
1.211000e+02 -1.844025e-02
1.212000e+02 -2.088040e-02
1.213000e+02 -2.329574e-02
1.214000e+02 -2.568376e-02
1.215000e+02 -2.804198e-02
1.216000e+02 -3.036795e-02
1.217000e+02 -3.265926e-02
1.218000e+02 -3.491353e-02
1.219000e+02 -3.712843e-02
1.220000e+02 -3.930165e-02
1.221000e+02 -4.143096e-02
1.222000e+02 -4.351415e-02
1.223000e+02 -4.554906e-02
1.224000e+02 -4.753360e-02
1.225000e+02 -4.946572e-02
1.226000e+02 -5.134342e-02
1.227000e+02 -5.316477e-02
1.228000e+02 -5.492791e-02
1.229000e+02 -5.663102e-02
1.230000e+02 -5.827235e-02
1.231000e+02 -5.985023e-02
1.232000e+02 -6.136305e-02
1.233000e+02 -6.280926e-02
1.234000e+02 -6.418740e-02
1.235000e+02 -6.549608e-02
1.236000e+02 -6.673396e-02
1.237000e+02 -6.789982e-02
1.238000e+02 -6.899248e-02
1.239000e+02 -7.001086e-02
1.240000e+02 -7.095395e-02
1.241000e+02 -7.182084e-02
1.242000e+02 -7.261068e-02
1.243000e+02 -7.332271e-02
1.244000e+02 -7.395627e-02
1.245000e+02 -7.451076e-02
1.246000e+02 -7.498569e-02
1.247000e+02 -7.538064e-02
1.248000e+02 -7.569529e-02
1.249000e+02 -7.592939e-02
1.250000e+02 -7.608279e-02
1.251000e+02 -7.615544e-02
1.252000e+02 -7.614734e-02
1.253000e+02 -7.605862e-02
1.254000e+02 -7.588947e-02
1.255000e+02 -7.564016e-02
1.256000e+02 -7.531108e-02
1.257000e+02 -7.490267e-02
1.258000e+02 -7.441548e-02
1.259000e+02 -7.385013e-02
1.260000e+02 -7.320733e-02
1.261000e+02 -7.248786e-02
1.262000e+02 -7.169260e-02
1.263000e+02 -7.082250e-02
1.264000e+02 -6.987859e-02
1.265000e+02 -6.886197e-02
1.266000e+02 -6.777382e-02
1.267000e+02 -6.661541e-02
1.268000e+02 -6.538806e-02
1.269000e+02 -6.409316e-02
1.270000e+02 -6.273220e-02
1.271000e+02 -6.130670e-02
1.272000e+02 -5.981827e-02
1.273000e+02 -5.826857e-02
1.274000e+02 -5.665933e-02
1.275000e+02 -5.499233e-02
1.276000e+02 -5.326942e-02
1.277000e+02 -5.149250e-02
1.278000e+02 -4.966353e-02
1.279000e+02 -4.778449e-02
1.280000e+02 -4.585745e-02
1.281000e+02 -4.388450e-02
1.282000e+02 -4.186778e-02
1.283000e+02 -3.980949e-02
1.284000e+02 -3.771183e-02
1.285000e+02 -3.557708e-02
1.286000e+02 -3.340752e-02
1.287000e+02 -3.120549e-02
1.288000e+02 -2.897333e-02
1.289000e+02 -2.671344e-02
1.290000e+02 -2.442822e-02
1.291000e+02 -2.212010e-02
1.292000e+02 -1.979153e-02
1.293000e+02 -1.744498e-02
1.294000e+02 -1.508294e-02
1.295000e+02 -1.270790e-02
1.296000e+02 -1.032237e-02
1.297000e+02 -7.928849e-03
1.298000e+02 -5.529870e-03
1.299000e+02 -3.127950e-03
1.300000e+02 -7.256080e-04
1.301000e+02 1.674636e-03
1.302000e+02 4.070269e-03
1.303000e+02 6.458784e-03
1.304000e+02 8.837686e-03
1.305000e+02 1.120449e-02
1.306000e+02 1.355673e-02
1.307000e+02 1.589195e-02
1.308000e+02 1.820772e-02
1.309000e+02 2.050162e-02
1.310000e+02 2.277128e-02
1.311000e+02 2.501433e-02
1.312000e+02 2.722845e-02
1.313000e+02 2.941134e-02
1.314000e+02 3.156072e-02
1.315000e+02 3.367438e-02
1.316000e+02 3.575013e-02
1.317000e+02 3.778581e-02
1.318000e+02 3.977933e-02
1.319000e+02 4.172861e-02
1.320000e+02 4.363166e-02
1.321000e+02 4.548651e-02
1.322000e+02 4.729125e-02
1.323000e+02 4.904401e-02
1.324000e+02 5.074300e-02
1.325000e+02 5.238648e-02
1.326000e+02 5.397276e-02
1.327000e+02 5.550023e-02
1.328000e+02 5.696731e-02
1.329000e+02 5.837253e-02
1.330000e+02 5.971444e-02
1.331000e+02 6.099170e-02
1.332000e+02 6.220301e-02
1.333000e+02 6.334717e-02
1.334000e+02 6.442301e-02
1.335000e+02 6.542948e-02
1.336000e+02 6.636557e-02
1.337000e+02 6.723038e-02
1.338000e+02 6.802305e-02
1.339000e+02 6.874282e-02
1.340000e+02 6.938902e-02
1.341000e+02 6.996103e-02
1.342000e+02 7.045833e-02
1.343000e+02 7.088048e-02
1.344000e+02 7.122711e-02
1.345000e+02 7.149796e-02
1.346000e+02 7.169281e-02
1.347000e+02 7.181155e-02
1.348000e+02 7.185416e-02
1.349000e+02 7.182068e-02
1.350000e+02 7.171123e-02
1.351000e+02 7.152604e-02
1.352000e+02 7.126540e-02
1.353000e+02 7.092968e-02
1.354000e+02 7.051934e-02
1.355000e+02 7.003490e-02
1.356000e+02 6.947699e-02
1.357000e+02 6.884630e-02
1.358000e+02 6.814359e-02
1.359000e+02 6.736971e-02
1.360000e+02 6.652558e-02
1.361000e+02 6.561219e-02
1.362000e+02 6.463060e-02
1.363000e+02 6.358195e-02
1.364000e+02 6.246745e-02
1.365000e+02 6.128836e-02
1.366000e+02 6.004603e-02
1.367000e+02 5.874187e-02
1.368000e+02 5.737734e-02
1.369000e+02 5.595396e-02
1.370000e+02 5.447333e-02
1.371000e+02 5.293709e-02
1.372000e+02 5.134694e-02
1.373000e+02 4.970464e-02
1.374000e+02 4.801199e-02
1.375000e+02 4.627085e-02
1.376000e+02 4.448312e-02
1.377000e+02 4.265076e-02
1.378000e+02 4.077574e-02
1.379000e+02 3.886011e-02
1.380000e+02 3.690593e-02
1.381000e+02 3.491532e-02
1.382000e+02 3.289042e-02
1.383000e+02 3.083339e-02
1.384000e+02 2.874646e-02
1.385000e+02 2.663183e-02
1.386000e+02 2.449179e-02
1.387000e+02 2.232859e-02
1.388000e+02 2.014455e-02
1.389000e+02 1.794198e-02
1.390000e+02 1.572322e-02
1.391000e+02 1.349061e-02
1.392000e+02 1.124651e-02
1.393000e+02 8.993287e-03
1.394000e+02 6.733320e-03
1.395000e+02 4.468984e-03
1.396000e+02 2.202657e-03
1.397000e+02 -6.330000e-05
1.398000e+02 -2.326455e-03
1.399000e+02 -4.584495e-03
1.400000e+02 -6.835039e-03
1.401000e+02 -9.075734e-03
1.402000e+02 -1.130424e-02
1.403000e+02 -1.351823e-02
1.404000e+02 -1.571541e-02
1.405000e+02 -1.789347e-02
1.406000e+02 -2.005016e-02
1.407000e+02 -2.218323e-02
1.408000e+02 -2.429046e-02
1.409000e+02 -2.636967e-02
1.410000e+02 -2.841871e-02
1.411000e+02 -3.043544e-02
1.412000e+02 -3.241777e-02
1.413000e+02 -3.436366e-02
1.414000e+02 -3.627110e-02
1.415000e+02 -3.813810e-02
1.416000e+02 -3.996276e-02
1.417000e+02 -4.174318e-02
1.418000e+02 -4.347753e-02
1.419000e+02 -4.516402e-02
1.420000e+02 -4.680093e-02
1.421000e+02 -4.838658e-02
1.422000e+02 -4.991934e-02
1.423000e+02 -5.139764e-02
1.424000e+02 -5.281997e-02
1.425000e+02 -5.418490e-02
1.426000e+02 -5.549103e-02
1.427000e+02 -5.673703e-02
1.428000e+02 -5.792166e-02
1.429000e+02 -5.904372e-02
1.430000e+02 -6.010208e-02
1.431000e+02 -6.109570e-02
1.432000e+02 -6.202359e-02
1.433000e+02 -6.288483e-02
1.434000e+02 -6.367858e-02
1.435000e+02 -6.440407e-02
1.436000e+02 -6.506062e-02
1.437000e+02 -6.564759e-02
1.438000e+02 -6.616445e-02
1.439000e+02 -6.661073e-02
1.440000e+02 -6.698603e-02
1.441000e+02 -6.729005e-02
1.442000e+02 -6.752253e-02
1.443000e+02 -6.768332e-02
1.444000e+02 -6.777234e-02
1.445000e+02 -6.778958e-02
1.446000e+02 -6.773511e-02
1.447000e+02 -6.760907e-02
1.448000e+02 -6.741170e-02
1.449000e+02 -6.714329e-02
1.450000e+02 -6.680421e-02
1.451000e+02 -6.639493e-02
1.452000e+02 -6.591596e-02
1.453000e+02 -6.536791e-02
1.454000e+02 -6.475145e-02
1.455000e+02 -6.406732e-02
1.456000e+02 -6.331635e-02
1.457000e+02 -6.249941e-02
1.458000e+02 -6.161747e-02
1.459000e+02 -6.067155e-02
1.460000e+02 -5.966274e-02
1.461000e+02 -5.859218e-02
1.462000e+02 -5.746111e-02
1.463000e+02 -5.627080e-02
1.464000e+02 -5.502259e-02
1.465000e+02 -5.371789e-02
1.466000e+02 -5.235814e-02
1.467000e+02 -5.094487e-02
1.468000e+02 -4.947964e-02
1.469000e+02 -4.796407e-02
1.470000e+02 -4.639982e-02
1.471000e+02 -4.478862e-02
1.472000e+02 -4.313222e-02
1.473000e+02 -4.143244e-02
1.474000e+02 -3.969113e-02
1.475000e+02 -3.791017e-02
1.476000e+02 -3.609149e-02
1.477000e+02 -3.423706e-02
1.478000e+02 -3.234888e-02
1.479000e+02 -3.042897e-02
1.480000e+02 -2.847940e-02
1.481000e+02 -2.650226e-02
1.482000e+02 -2.449965e-02
1.483000e+02 -2.247371e-02
1.484000e+02 -2.042660e-02
1.485000e+02 -1.836050e-02
1.486000e+02 -1.627760e-02
1.487000e+02 -1.418010e-02
1.488000e+02 -1.207022e-02
1.489000e+02 -9.950200e-03
1.490000e+02 -7.822266e-03
1.491000e+02 -5.688663e-03
1.492000e+02 -3.551634e-03
1.493000e+02 -1.413425e-03
1.494000e+02 7.237190e-04
1.495000e+02 2.857558e-03
1.496000e+02 4.985857e-03
1.497000e+02 7.106391e-03
1.498000e+02 9.216941e-03
1.499000e+02 1.131531e-02
1.500000e+02 1.339930e-02
1.501000e+02 1.546674e-02
1.502000e+02 1.751548e-02
1.503000e+02 1.954339e-02
1.504000e+02 2.154836e-02
1.505000e+02 2.352830e-02
1.506000e+02 2.548117e-02
1.507000e+02 2.740494e-02
1.508000e+02 2.929761e-02
1.509000e+02 3.115723e-02
1.510000e+02 3.298187e-02
1.511000e+02 3.476964e-02
1.512000e+02 3.651871e-02
1.513000e+02 3.822726e-02
1.514000e+02 3.989354e-02
1.515000e+02 4.151583e-02
1.516000e+02 4.309247e-02
1.517000e+02 4.462185e-02
1.518000e+02 4.610238e-02
1.519000e+02 4.753256e-02
1.520000e+02 4.891094e-02
1.521000e+02 5.023610e-02
1.522000e+02 5.150670e-02
1.523000e+02 5.272146e-02
1.524000e+02 5.387914e-02
1.525000e+02 5.497859e-02
1.526000e+02 5.601869e-02
1.527000e+02 5.699842e-02
1.528000e+02 5.791679e-02
1.529000e+02 5.877291e-02
1.530000e+02 5.956592e-02
1.531000e+02 6.029507e-02
1.532000e+02 6.095964e-02
1.533000e+02 6.155902e-02
1.534000e+02 6.209262e-02
1.535000e+02 6.255997e-02
1.536000e+02 6.296065e-02
1.537000e+02 6.329430e-02
1.538000e+02 6.356065e-02
1.539000e+02 6.375951e-02
1.540000e+02 6.389073e-02
1.541000e+02 6.395426e-02
1.542000e+02 6.395012e-02
1.543000e+02 6.387840e-02
1.544000e+02 6.373926e-02
1.545000e+02 6.353292e-02
1.546000e+02 6.325970e-02
1.547000e+02 6.291996e-02
1.548000e+02 6.251416e-02
1.549000e+02 6.204281e-02
1.550000e+02 6.150649e-02
1.551000e+02 6.090587e-02
1.552000e+02 6.024166e-02
1.553000e+02 5.951464e-02
1.554000e+02 5.872569e-02
1.555000e+02 5.787570e-02
1.556000e+02 5.696567e-02
1.557000e+02 5.599664e-02
1.558000e+02 5.496972e-02
1.559000e+02 5.388607e-02
1.560000e+02 5.274691e-02
1.561000e+02 5.155352e-02
1.562000e+02 5.030724e-02
1.563000e+02 4.900946e-02
1.564000e+02 4.766162e-02
1.565000e+02 4.626520e-02
1.566000e+02 4.482176e-02
1.567000e+02 4.333287e-02
1.568000e+02 4.180016e-02
1.569000e+02 4.022532e-02
1.570000e+02 3.861005e-02
1.571000e+02 3.695612e-02
1.572000e+02 3.526531e-02
1.573000e+02 3.353946e-02
1.574000e+02 3.178042e-02
1.575000e+02 2.999009e-02
1.576000e+02 2.817040e-02
1.577000e+02 2.632329e-02
1.578000e+02 2.445074e-02
1.579000e+02 2.255476e-02
1.580000e+02 2.063735e-02
1.581000e+02 1.870058e-02
1.582000e+02 1.674648e-02
1.583000e+02 1.477714e-02
1.584000e+02 1.279464e-02
1.585000e+02 1.080107e-02
1.586000e+02 8.798550e-03
1.587000e+02 6.789184e-03
1.588000e+02 4.775089e-03
1.589000e+02 2.758385e-03
1.590000e+02 7.411900e-04
1.591000e+02 -1.274379e-03
1.592000e+02 -3.286208e-03
1.593000e+02 -5.292190e-03
1.594000e+02 -7.290228e-03
1.595000e+02 -9.278232e-03
1.596000e+02 -1.125413e-02
1.597000e+02 -1.321585e-02
1.598000e+02 -1.516136e-02
1.599000e+02 -1.708864e-02
1.600000e+02 -1.899566e-02
1.601000e+02 -2.088047e-02
1.602000e+02 -2.274108e-02
1.603000e+02 -2.457558e-02
1.604000e+02 -2.638207e-02
1.605000e+02 -2.815867e-02
1.606000e+02 -2.990355e-02
1.607000e+02 -3.161490e-02
1.608000e+02 -3.329095e-02
1.609000e+02 -3.492998e-02
1.610000e+02 -3.653030e-02
1.611000e+02 -3.809026e-02
1.612000e+02 -3.960826e-02
1.613000e+02 -4.108274e-02
1.614000e+02 -4.251220e-02
1.615000e+02 -4.389516e-02
1.616000e+02 -4.523022e-02
1.617000e+02 -4.651602e-02
1.618000e+02 -4.775125e-02
1.619000e+02 -4.893466e-02
1.620000e+02 -5.006505e-02
1.621000e+02 -5.114128e-02
1.622000e+02 -5.216228e-02
1.623000e+02 -5.312702e-02
1.624000e+02 -5.403455e-02
1.625000e+02 -5.488395e-02
1.626000e+02 -5.567441e-02
1.627000e+02 -5.640514e-02
1.628000e+02 -5.707544e-02
1.629000e+02 -5.768467e-02
1.630000e+02 -5.823225e-02
1.631000e+02 -5.871767e-02
1.632000e+02 -5.914049e-02
1.633000e+02 -5.950033e-02
1.634000e+02 -5.979689e-02
1.635000e+02 -6.002992e-02
1.636000e+02 -6.019925e-02
1.637000e+02 -6.030479e-02
1.638000e+02 -6.034649e-02
1.639000e+02 -6.032439e-02
1.640000e+02 -6.023860e-02
1.641000e+02 -6.008928e-02
1.642000e+02 -5.987667e-02
1.643000e+02 -5.960108e-02
1.644000e+02 -5.926288e-02
1.645000e+02 -5.886251e-02
1.646000e+02 -5.840046e-02
1.647000e+02 -5.787732e-02
1.648000e+02 -5.729371e-02
1.649000e+02 -5.665034e-02
1.650000e+02 -5.594796e-02
1.651000e+02 -5.518739e-02
1.652000e+02 -5.436952e-02
1.653000e+02 -5.349529e-02
1.654000e+02 -5.256569e-02
1.655000e+02 -5.158179e-02
1.656000e+02 -5.054470e-02
1.657000e+02 -4.945558e-02
1.658000e+02 -4.831566e-02
1.659000e+02 -4.712620e-02
1.660000e+02 -4.588854e-02
1.661000e+02 -4.460404e-02
1.662000e+02 -4.327412e-02
1.663000e+02 -4.190024e-02
1.664000e+02 -4.048392e-02
1.665000e+02 -3.902669e-02
1.666000e+02 -3.753016e-02
1.667000e+02 -3.599594e-02
1.668000e+02 -3.442571e-02
1.669000e+02 -3.282117e-02
1.670000e+02 -3.118404e-02
1.671000e+02 -2.951610e-02
1.672000e+02 -2.781914e-02
1.673000e+02 -2.609497e-02
1.674000e+02 -2.434546e-02
1.675000e+02 -2.257246e-02
1.676000e+02 -2.077787e-02
1.677000e+02 -1.896361e-02
1.678000e+02 -1.713161e-02
1.679000e+02 -1.528380e-02
1.680000e+02 -1.342215e-02
1.681000e+02 -1.154864e-02
1.682000e+02 -9.665233e-03
1.683000e+02 -7.773933e-03
1.684000e+02 -5.876728e-03
1.685000e+02 -3.975618e-03
1.686000e+02 -2.072603e-03
1.687000e+02 -1.696810e-04
1.688000e+02 1.731149e-03
1.689000e+02 3.627896e-03
1.690000e+02 5.518573e-03
1.691000e+02 7.401203e-03
1.692000e+02 9.273817e-03
1.693000e+02 1.113446e-02
1.694000e+02 1.298119e-02
1.695000e+02 1.481209e-02
1.696000e+02 1.662525e-02
1.697000e+02 1.841878e-02
1.698000e+02 2.019082e-02
1.699000e+02 2.193953e-02
1.700000e+02 2.366309e-02
1.701000e+02 2.535973e-02
1.702000e+02 2.702769e-02
1.703000e+02 2.866523e-02
1.704000e+02 3.027067e-02
1.705000e+02 3.184236e-02
1.706000e+02 3.337867e-02
1.707000e+02 3.487802e-02
1.708000e+02 3.633887e-02
1.709000e+02 3.775972e-02
1.710000e+02 3.913912e-02
1.711000e+02 4.047565e-02
1.712000e+02 4.176796e-02
1.713000e+02 4.301471e-02
1.714000e+02 4.421465e-02
1.715000e+02 4.536656e-02
1.716000e+02 4.646927e-02
1.717000e+02 4.752167e-02
1.718000e+02 4.852270e-02
1.719000e+02 4.947136e-02
1.720000e+02 5.036670e-02
1.721000e+02 5.120784e-02
1.722000e+02 5.199394e-02
1.723000e+02 5.272424e-02
1.724000e+02 5.339802e-02
1.725000e+02 5.401463e-02
1.726000e+02 5.457349e-02
1.727000e+02 5.507407e-02
1.728000e+02 5.551591e-02
1.729000e+02 5.589860e-02
1.730000e+02 5.622182e-02
1.731000e+02 5.648528e-02
1.732000e+02 5.668879e-02
1.733000e+02 5.683219e-02
1.734000e+02 5.691541e-02
1.735000e+02 5.693843e-02
1.736000e+02 5.690131e-02
1.737000e+02 5.680415e-02
1.738000e+02 5.664713e-02
1.739000e+02 5.643050e-02
1.740000e+02 5.615455e-02
1.741000e+02 5.581966e-02
1.742000e+02 5.542626e-02
1.743000e+02 5.497483e-02
1.744000e+02 5.446593e-02
1.745000e+02 5.390018e-02
1.746000e+02 5.327824e-02
1.747000e+02 5.260084e-02
1.748000e+02 5.186878e-02
1.749000e+02 5.108291e-02
1.750000e+02 5.024411e-02
1.751000e+02 4.935336e-02
1.752000e+02 4.841166e-02
1.753000e+02 4.742007e-02
1.754000e+02 4.637970e-02
1.755000e+02 4.529173e-02
1.756000e+02 4.415735e-02
1.757000e+02 4.297784e-02
1.758000e+02 4.175449e-02
1.759000e+02 4.048865e-02
1.760000e+02 3.918172e-02
1.761000e+02 3.783512e-02
1.762000e+02 3.645033e-02
1.763000e+02 3.502885e-02
1.764000e+02 3.357223e-02
1.765000e+02 3.208206e-02
1.766000e+02 3.055994e-02
1.767000e+02 2.900752e-02
1.768000e+02 2.742646e-02
1.769000e+02 2.581847e-02
1.770000e+02 2.418527e-02
1.771000e+02 2.252862e-02
1.772000e+02 2.085028e-02
1.773000e+02 1.915204e-02
1.774000e+02 1.743572e-02
1.775000e+02 1.570314e-02
1.776000e+02 1.395613e-02
1.777000e+02 1.219656e-02
1.778000e+02 1.042628e-02
1.779000e+02 8.647170e-03
1.780000e+02 6.861101e-03
1.781000e+02 5.069960e-03
1.782000e+02 3.275634e-03
1.783000e+02 1.480009e-03
1.784000e+02 -3.150270e-04
1.785000e+02 -2.107591e-03
1.786000e+02 -3.895804e-03
1.787000e+02 -5.677793e-03
1.788000e+02 -7.451695e-03
1.789000e+02 -9.215655e-03
1.790000e+02 -1.096783e-02
1.791000e+02 -1.270640e-02
1.792000e+02 -1.442955e-02
1.793000e+02 -1.613548e-02
1.794000e+02 -1.782242e-02
1.795000e+02 -1.948862e-02
1.796000e+02 -2.113236e-02
1.797000e+02 -2.275192e-02
1.798000e+02 -2.434563e-02
1.799000e+02 -2.591184e-02
1.800000e+02 -2.744893e-02
1.801000e+02 -2.895531e-02
1.802000e+02 -3.042944e-02
1.803000e+02 -3.186979e-02
1.804000e+02 -3.327489e-02
1.805000e+02 -3.464329e-02
1.806000e+02 -3.597359e-02
1.807000e+02 -3.726442e-02
1.808000e+02 -3.851446e-02
1.809000e+02 -3.972245e-02
1.810000e+02 -4.088716e-02
1.811000e+02 -4.200739e-02
1.812000e+02 -4.308202e-02
1.813000e+02 -4.410996e-02
1.814000e+02 -4.509018e-02
1.815000e+02 -4.602169e-02
1.816000e+02 -4.690356e-02
1.817000e+02 -4.773492e-02
1.818000e+02 -4.851493e-02
1.819000e+02 -4.924284e-02
1.820000e+02 -4.991794e-02
1.821000e+02 -5.053956e-02
1.822000e+02 -5.110712e-02
1.823000e+02 -5.162006e-02
1.824000e+02 -5.207792e-02
1.825000e+02 -5.248027e-02
1.826000e+02 -5.282676e-02
1.827000e+02 -5.311707e-02
1.828000e+02 -5.335098e-02
1.829000e+02 -5.352829e-02
1.830000e+02 -5.364889e-02
1.831000e+02 -5.371272e-02
1.832000e+02 -5.371978e-02
1.833000e+02 -5.367014e-02
1.834000e+02 -5.356391e-02
1.835000e+02 -5.340128e-02
1.836000e+02 -5.318249e-02
1.837000e+02 -5.290784e-02
1.838000e+02 -5.257770e-02
1.839000e+02 -5.219248e-02
1.840000e+02 -5.175266e-02
1.841000e+02 -5.125877e-02
1.842000e+02 -5.071142e-02
1.843000e+02 -5.011123e-02
1.844000e+02 -4.945893e-02
1.845000e+02 -4.875526e-02
1.846000e+02 -4.800104e-02
1.847000e+02 -4.719713e-02
1.848000e+02 -4.634444e-02
1.849000e+02 -4.544394e-02
1.850000e+02 -4.449665e-02
1.851000e+02 -4.350361e-02
1.852000e+02 -4.246595e-02
1.853000e+02 -4.138481e-02
1.854000e+02 -4.026139e-02
1.855000e+02 -3.909694e-02
1.856000e+02 -3.789273e-02
1.857000e+02 -3.665008e-02
1.858000e+02 -3.537036e-02
1.859000e+02 -3.405496e-02
1.860000e+02 -3.270532e-02
1.861000e+02 -3.132290e-02
1.862000e+02 -2.990919e-02
1.863000e+02 -2.846573e-02
1.864000e+02 -2.699406e-02
1.865000e+02 -2.549579e-02
1.866000e+02 -2.397251e-02
1.867000e+02 -2.242586e-02
1.868000e+02 -2.085750e-02
1.869000e+02 -1.926910e-02
1.870000e+02 -1.766235e-02
1.871000e+02 -1.603897e-02
1.872000e+02 -1.440068e-02
1.873000e+02 -1.274922e-02
1.874000e+02 -1.108635e-02
1.875000e+02 -9.413814e-03
1.876000e+02 -7.733393e-03
1.877000e+02 -6.046857e-03
1.878000e+02 -4.355984e-03
1.879000e+02 -2.662556e-03
1.880000e+02 -9.683520e-04
1.881000e+02 7.248470e-04
1.882000e+02 2.415263e-03
1.883000e+02 4.101127e-03
1.884000e+02 5.780671e-03
1.885000e+02 7.452140e-03
1.886000e+02 9.113786e-03
1.887000e+02 1.076388e-02
1.888000e+02 1.240069e-02
1.889000e+02 1.402252e-02
1.890000e+02 1.562768e-02
1.891000e+02 1.721451e-02
1.892000e+02 1.878135e-02
1.893000e+02 2.032658e-02
1.894000e+02 2.184859e-02
1.895000e+02 2.334582e-02
1.896000e+02 2.481671e-02
1.897000e+02 2.625975e-02
1.898000e+02 2.767344e-02
1.899000e+02 2.905633e-02
1.900000e+02 3.040700e-02
1.901000e+02 3.172406e-02
1.902000e+02 3.300616e-02
1.903000e+02 3.425198e-02
1.904000e+02 3.546025e-02
1.905000e+02 3.662974e-02
1.906000e+02 3.775926e-02
1.907000e+02 3.884766e-02
1.908000e+02 3.989383e-02
1.909000e+02 4.089672e-02
1.910000e+02 4.185532e-02
1.911000e+02 4.276866e-02
1.912000e+02 4.363583e-02
1.913000e+02 4.445597e-02
1.914000e+02 4.522825e-02
1.915000e+02 4.595192e-02
1.916000e+02 4.662627e-02
1.917000e+02 4.725065e-02
1.918000e+02 4.782444e-02
1.919000e+02 4.834710e-02
1.920000e+02 4.881813e-02
1.921000e+02 4.923710e-02
1.922000e+02 4.960363e-02
1.923000e+02 4.991739e-02
1.924000e+02 5.017810e-02
1.925000e+02 5.038556e-02
1.926000e+02 5.053961e-02
1.927000e+02 5.064015e-02
1.928000e+02 5.068714e-02
1.929000e+02 5.068060e-02
1.930000e+02 5.062059e-02
1.931000e+02 5.050725e-02
1.932000e+02 5.034076e-02
1.933000e+02 5.012136e-02
1.934000e+02 4.984936e-02
1.935000e+02 4.952510e-02
1.936000e+02 4.914900e-02
1.937000e+02 4.872152e-02
1.938000e+02 4.824317e-02
1.939000e+02 4.771453e-02
1.940000e+02 4.713621e-02
1.941000e+02 4.650890e-02
1.942000e+02 4.583332e-02
1.943000e+02 4.511025e-02
1.944000e+02 4.434050e-02
1.945000e+02 4.352496e-02
1.946000e+02 4.266455e-02
1.947000e+02 4.176022e-02
1.948000e+02 4.081300e-02
1.949000e+02 3.982393e-02
1.950000e+02 3.879412e-02
1.951000e+02 3.772470e-02
1.952000e+02 3.661686e-02
1.953000e+02 3.547180e-02
1.954000e+02 3.429079e-02
1.955000e+02 3.307512e-02
1.956000e+02 3.182611e-02
1.957000e+02 3.054512e-02
1.958000e+02 2.923353e-02
1.959000e+02 2.789278e-02
1.960000e+02 2.652430e-02
1.961000e+02 2.512958e-02
1.962000e+02 2.371010e-02
1.963000e+02 2.226741e-02
1.964000e+02 2.080303e-02
1.965000e+02 1.931855e-02
1.966000e+02 1.781554e-02
1.967000e+02 1.629561e-02
1.968000e+02 1.476038e-02
1.969000e+02 1.321148e-02
1.970000e+02 1.165054e-02
1.971000e+02 1.007924e-02
1.972000e+02 8.499218e-03
1.973000e+02 6.912161e-03
1.974000e+02 5.319740e-03
1.975000e+02 3.723632e-03
1.976000e+02 2.125519e-03
1.977000e+02 5.270810e-04
1.978000e+02 -1.070002e-03
1.979000e+02 -2.664054e-03
1.980000e+02 -4.253406e-03
1.981000e+02 -5.836392e-03
1.982000e+02 -7.411358e-03
1.983000e+02 -8.976657e-03
1.984000e+02 -1.053066e-02
1.985000e+02 -1.207174e-02
1.986000e+02 -1.359829e-02
1.987000e+02 -1.510874e-02
1.988000e+02 -1.660150e-02
1.989000e+02 -1.807503e-02
1.990000e+02 -1.952780e-02
1.991000e+02 -2.095830e-02
1.992000e+02 -2.236506e-02
1.993000e+02 -2.374662e-02
1.994000e+02 -2.510155e-02
1.995000e+02 -2.642846e-02
1.996000e+02 -2.772599e-02
1.997000e+02 -2.899279e-02
1.998000e+02 -3.022757e-02
1.999000e+02 -3.142906e-02
2.000000e+02 -3.259604e-02
2.001000e+02 -3.372730e-02
2.002000e+02 -3.482170e-02
2.003000e+02 -3.587813e-02
2.004000e+02 -3.689551e-02
2.005000e+02 -3.787280e-02
2.006000e+02 -3.880904e-02
2.007000e+02 -3.970326e-02
2.008000e+02 -4.055459e-02
2.009000e+02 -4.136215e-02
2.010000e+02 -4.212516e-02
2.011000e+02 -4.284285e-02
2.012000e+02 -4.351453e-02
2.013000e+02 -4.413952e-02
2.014000e+02 -4.471723e-02
2.015000e+02 -4.524710e-02
2.016000e+02 -4.572862e-02
2.017000e+02 -4.616134e-02
2.018000e+02 -4.654486e-02
2.019000e+02 -4.687884e-02
2.020000e+02 -4.716297e-02
2.021000e+02 -4.739702e-02
2.022000e+02 -4.758079e-02
2.023000e+02 -4.771416e-02
2.024000e+02 -4.779705e-02
2.025000e+02 -4.782942e-02
2.026000e+02 -4.781130e-02
2.027000e+02 -4.774279e-02
2.028000e+02 -4.762400e-02
2.029000e+02 -4.745512e-02
2.030000e+02 -4.723641e-02
2.031000e+02 -4.696814e-02
2.032000e+02 -4.665067e-02
2.033000e+02 -4.628439e-02
2.034000e+02 -4.586976e-02
2.035000e+02 -4.540727e-02
2.036000e+02 -4.489746e-02
2.037000e+02 -4.434095e-02
2.038000e+02 -4.373837e-02
2.039000e+02 -4.309042e-02
2.040000e+02 -4.239785e-02
2.041000e+02 -4.166143e-02
2.042000e+02 -4.088202e-02
2.043000e+02 -4.006048e-02
2.044000e+02 -3.919773e-02
2.045000e+02 -3.829474e-02
2.046000e+02 -3.735251e-02
2.047000e+02 -3.637208e-02
2.048000e+02 -3.535455e-02
2.049000e+02 -3.430103e-02
2.050000e+02 -3.321267e-02
2.051000e+02 -3.209066e-02
2.052000e+02 -3.093624e-02
2.053000e+02 -2.975066e-02
2.054000e+02 -2.853520e-02
2.055000e+02 -2.729119e-02
2.056000e+02 -2.601997e-02
2.057000e+02 -2.472291e-02
2.058000e+02 -2.340141e-02
2.059000e+02 -2.205689e-02
2.060000e+02 -2.069079e-02
2.061000e+02 -1.930458e-02
2.062000e+02 -1.789975e-02
2.063000e+02 -1.647778e-02
2.064000e+02 -1.504019e-02
2.065000e+02 -1.358852e-02
2.066000e+02 -1.212431e-02
2.067000e+02 -1.064910e-02
2.068000e+02 -9.164478e-03
2.069000e+02 -7.671997e-03
2.070000e+02 -6.173240e-03
2.071000e+02 -4.669788e-03
2.072000e+02 -3.163226e-03
2.073000e+02 -1.655140e-03
2.074000e+02 -1.471160e-04
2.075000e+02 1.359261e-03
2.076000e+02 2.862411e-03
2.077000e+02 4.360760e-03
2.078000e+02 5.852738e-03
2.079000e+02 7.336785e-03
2.080000e+02 8.811352e-03
2.081000e+02 1.027490e-02
2.082000e+02 1.172590e-02
2.083000e+02 1.316285e-02
2.084000e+02 1.458424e-02
2.085000e+02 1.598861e-02
2.086000e+02 1.737449e-02
2.087000e+02 1.874046e-02
2.088000e+02 2.008508e-02
2.089000e+02 2.140698e-02
2.090000e+02 2.270479e-02
2.091000e+02 2.397717e-02
2.092000e+02 2.522280e-02
2.093000e+02 2.644041e-02
2.094000e+02 2.762875e-02
2.095000e+02 2.878660e-02
2.096000e+02 2.991276e-02
2.097000e+02 3.100610e-02
2.098000e+02 3.206548e-02
2.099000e+02 3.308985e-02
2.100000e+02 3.407814e-02
2.101000e+02 3.502937e-02
2.102000e+02 3.594257e-02
2.103000e+02 3.681682e-02
2.104000e+02 3.765124e-02
2.105000e+02 3.844500e-02
2.106000e+02 3.919730e-02
2.107000e+02 3.990739e-02
2.108000e+02 4.057458e-02
2.109000e+02 4.119821e-02
2.110000e+02 4.177768e-02
2.111000e+02 4.231240e-02
2.112000e+02 4.280189e-02
2.113000e+02 4.324567e-02
2.114000e+02 4.364333e-02
2.115000e+02 4.399449e-02
2.116000e+02 4.429885e-02
2.117000e+02 4.455613e-02
2.118000e+02 4.476613e-02
2.119000e+02 4.492867e-02
2.120000e+02 4.504365e-02
2.121000e+02 4.511099e-02
2.122000e+02 4.513068e-02
2.123000e+02 4.510276e-02
2.124000e+02 4.502732e-02
2.125000e+02 4.490450e-02
2.126000e+02 4.473447e-02
2.127000e+02 4.451749e-02
2.128000e+02 4.425384e-02
2.129000e+02 4.394385e-02
2.130000e+02 4.358792e-02
2.131000e+02 4.318647e-02
2.132000e+02 4.273998e-02
2.133000e+02 4.224899e-02
2.134000e+02 4.171406e-02
2.135000e+02 4.113583e-02
2.136000e+02 4.051494e-02
2.137000e+02 3.985213e-02
2.138000e+02 3.914812e-02
2.139000e+02 3.840373e-02
2.140000e+02 3.761979e-02
2.141000e+02 3.679718e-02
2.142000e+02 3.593680e-02
2.143000e+02 3.503962e-02
2.144000e+02 3.410664e-02
2.145000e+02 3.313887e-02
2.146000e+02 3.213739e-02
2.147000e+02 3.110329e-02
2.148000e+02 3.003771e-02
2.149000e+02 2.894180e-02
2.150000e+02 2.781675e-02
2.151000e+02 2.666380e-02
2.152000e+02 2.548418e-02
2.153000e+02 2.427918e-02
2.154000e+02 2.305008e-02
2.155000e+02 2.179823e-02
2.156000e+02 2.052495e-02
2.157000e+02 1.923163e-02
2.158000e+02 1.791963e-02
2.159000e+02 1.659037e-02
2.160000e+02 1.524526e-02
2.161000e+02 1.388574e-02
2.162000e+02 1.251325e-02
2.163000e+02 1.112926e-02
2.164000e+02 9.735223e-03
2.165000e+02 8.332624e-03
2.166000e+02 6.922946e-03
2.167000e+02 5.507678e-03
2.168000e+02 4.088315e-03
2.169000e+02 2.666351e-03
2.170000e+02 1.243285e-03
2.171000e+02 -1.793870e-04
2.172000e+02 -1.600172e-03
2.173000e+02 -3.017578e-03
2.174000e+02 -4.430121e-03
2.175000e+02 -5.836322e-03
2.176000e+02 -7.234710e-03
2.177000e+02 -8.623825e-03
2.178000e+02 -1.000222e-02
2.179000e+02 -1.136845e-02
2.180000e+02 -1.272111e-02
2.181000e+02 -1.405877e-02
2.182000e+02 -1.538006e-02
2.183000e+02 -1.668361e-02
2.184000e+02 -1.796805e-02
2.185000e+02 -1.923206e-02
2.186000e+02 -2.047434e-02
2.187000e+02 -2.169361e-02
2.188000e+02 -2.288860e-02
2.189000e+02 -2.405808e-02
2.190000e+02 -2.520085e-02
2.191000e+02 -2.631575e-02
2.192000e+02 -2.740162e-02
2.193000e+02 -2.845735e-02
2.194000e+02 -2.948187e-02
2.195000e+02 -3.047414e-02
2.196000e+02 -3.143313e-02
2.197000e+02 -3.235789e-02
2.198000e+02 -3.324746e-02
2.199000e+02 -3.410097e-02
2.200000e+02 -3.491753e-02
2.201000e+02 -3.569635e-02
2.202000e+02 -3.643663e-02
2.203000e+02 -3.713763e-02
2.204000e+02 -3.779868e-02
2.205000e+02 -3.841911e-02
2.206000e+02 -3.899831e-02
2.207000e+02 -3.953572e-02
2.208000e+02 -4.003082e-02
2.209000e+02 -4.048314e-02
2.210000e+02 -4.089226e-02
2.211000e+02 -4.125778e-02
2.212000e+02 -4.157937e-02
2.213000e+02 -4.185676e-02
2.214000e+02 -4.208968e-02
2.215000e+02 -4.227796e-02
2.216000e+02 -4.242145e-02
2.217000e+02 -4.252004e-02
2.218000e+02 -4.257370e-02
2.219000e+02 -4.258241e-02
2.220000e+02 -4.254622e-02
2.221000e+02 -4.246522e-02
2.222000e+02 -4.233957e-02
2.223000e+02 -4.216943e-02
2.224000e+02 -4.195505e-02
2.225000e+02 -4.169671e-02
2.226000e+02 -4.139473e-02
2.227000e+02 -4.104949e-02
2.228000e+02 -4.066141e-02
2.229000e+02 -4.023095e-02
2.230000e+02 -3.975862e-02
2.231000e+02 -3.924497e-02
2.232000e+02 -3.869058e-02
2.233000e+02 -3.809611e-02
2.234000e+02 -3.746223e-02
2.235000e+02 -3.678965e-02
2.236000e+02 -3.607913e-02
2.237000e+02 -3.533148e-02
2.238000e+02 -3.454752e-02
2.239000e+02 -3.372813e-02
2.240000e+02 -3.287422e-02
2.241000e+02 -3.198673e-02
2.242000e+02 -3.106664e-02
2.243000e+02 -3.011496e-02
2.244000e+02 -2.913273e-02
2.245000e+02 -2.812103e-02
2.246000e+02 -2.708095e-02
2.247000e+02 -2.601363e-02
2.248000e+02 -2.492023e-02
2.249000e+02 -2.380193e-02
2.250000e+02 -2.265994e-02
2.251000e+02 -2.149549e-02
2.252000e+02 -2.030983e-02
2.253000e+02 -1.910424e-02
2.254000e+02 -1.788000e-02
2.255000e+02 -1.663843e-02
2.256000e+02 -1.538086e-02
2.257000e+02 -1.410863e-02
2.258000e+02 -1.282309e-02
2.259000e+02 -1.152561e-02
2.260000e+02 -1.021756e-02
2.261000e+02 -8.900348e-03
2.262000e+02 -7.575353e-03
2.263000e+02 -6.243982e-03
2.264000e+02 -4.907640e-03
2.265000e+02 -3.567738e-03
2.266000e+02 -2.225689e-03
2.267000e+02 -8.829040e-04
2.268000e+02 4.592050e-04
2.269000e+02 1.799227e-03
2.270000e+02 3.135758e-03
2.271000e+02 4.467397e-03
2.272000e+02 5.792750e-03
2.273000e+02 7.110432e-03
2.274000e+02 8.419067e-03
2.275000e+02 9.717289e-03
2.276000e+02 1.100375e-02
2.277000e+02 1.227710e-02
2.278000e+02 1.353603e-02
2.279000e+02 1.477922e-02
2.280000e+02 1.600539e-02
2.281000e+02 1.721326e-02
2.282000e+02 1.840159e-02
2.283000e+02 1.956914e-02
2.284000e+02 2.071472e-02
2.285000e+02 2.183714e-02
2.286000e+02 2.293525e-02
2.287000e+02 2.400791e-02
2.288000e+02 2.505403e-02
2.289000e+02 2.607254e-02
2.290000e+02 2.706240e-02
2.291000e+02 2.802259e-02
2.292000e+02 2.895213e-02
2.293000e+02 2.985009e-02
2.294000e+02 3.071554e-02
2.295000e+02 3.154763e-02
2.296000e+02 3.234549e-02
2.297000e+02 3.310835e-02
2.298000e+02 3.383542e-02
2.299000e+02 3.452598e-02
2.300000e+02 3.517936e-02
2.301000e+02 3.579489e-02
2.302000e+02 3.637198e-02
2.303000e+02 3.691006e-02
2.304000e+02 3.740860e-02
2.305000e+02 3.786714e-02
2.306000e+02 3.828522e-02
2.307000e+02 3.866246e-02
2.308000e+02 3.899850e-02
2.309000e+02 3.929305e-02
2.310000e+02 3.954583e-02
2.311000e+02 3.975663e-02
2.312000e+02 3.992528e-02
2.313000e+02 4.005165e-02
2.314000e+02 4.013566e-02
2.315000e+02 4.017727e-02
2.316000e+02 4.017648e-02
2.317000e+02 4.013336e-02
2.318000e+02 4.004799e-02
2.319000e+02 3.992051e-02
2.320000e+02 3.975113e-02
2.321000e+02 3.954005e-02
2.322000e+02 3.928757e-02
2.323000e+02 3.899399e-02
2.324000e+02 3.865967e-02
2.325000e+02 3.828503e-02
2.326000e+02 3.787051e-02
2.327000e+02 3.741658e-02
2.328000e+02 3.692379e-02
2.329000e+02 3.639270e-02
2.330000e+02 3.582391e-02
2.331000e+02 3.521809e-02
2.332000e+02 3.457590e-02
2.333000e+02 3.389807e-02
2.334000e+02 3.318537e-02
2.335000e+02 3.243859e-02
2.336000e+02 3.165855e-02
2.337000e+02 3.084613e-02
2.338000e+02 3.000221e-02
2.339000e+02 2.912774e-02
2.340000e+02 2.822366e-02
2.341000e+02 2.729097e-02
2.342000e+02 2.633068e-02
2.343000e+02 2.534384e-02
2.344000e+02 2.433153e-02
2.345000e+02 2.329483e-02
2.346000e+02 2.223488e-02
2.347000e+02 2.115281e-02
2.348000e+02 2.004980e-02
2.349000e+02 1.892702e-02
2.350000e+02 1.778568e-02
2.351000e+02 1.662702e-02
2.352000e+02 1.545226e-02
2.353000e+02 1.426266e-02
2.354000e+02 1.305949e-02
2.355000e+02 1.184403e-02
2.356000e+02 1.061758e-02
2.357000e+02 9.381434e-03
2.358000e+02 8.136906e-03
2.359000e+02 6.885315e-03
2.360000e+02 5.627983e-03
2.361000e+02 4.366240e-03
2.362000e+02 3.101416e-03
2.363000e+02 1.834845e-03
2.364000e+02 5.678580e-04
2.365000e+02 -6.982100e-04
2.366000e+02 -1.962033e-03
2.367000e+02 -3.222283e-03
2.368000e+02 -4.477640e-03
2.369000e+02 -5.726792e-03
2.370000e+02 -6.968431e-03
2.371000e+02 -8.201263e-03
2.372000e+02 -9.424000e-03
2.373000e+02 -1.063537e-02
2.374000e+02 -1.183411e-02
2.375000e+02 -1.301898e-02
2.376000e+02 -1.418874e-02
2.377000e+02 -1.534219e-02
2.378000e+02 -1.647812e-02
2.379000e+02 -1.759537e-02
2.380000e+02 -1.869278e-02
2.381000e+02 -1.976921e-02
2.382000e+02 -2.082356e-02
2.383000e+02 -2.185475e-02
2.384000e+02 -2.286171e-02
2.385000e+02 -2.384342e-02
2.386000e+02 -2.479886e-02
2.387000e+02 -2.572706e-02
2.388000e+02 -2.662707e-02
2.389000e+02 -2.749799e-02
2.390000e+02 -2.833891e-02
2.391000e+02 -2.914900e-02
2.392000e+02 -2.992744e-02
2.393000e+02 -3.067343e-02
2.394000e+02 -3.138623e-02
2.395000e+02 -3.206513e-02
2.396000e+02 -3.270945e-02
2.397000e+02 -3.331855e-02
2.398000e+02 -3.389183e-02
2.399000e+02 -3.442872e-02
2.400000e+02 -3.492871e-02
2.401000e+02 -3.539130e-02
2.402000e+02 -3.581605e-02
2.403000e+02 -3.620256e-02
2.404000e+02 -3.655047e-02
2.405000e+02 -3.685945e-02
2.406000e+02 -3.712922e-02
2.407000e+02 -3.735955e-02
2.408000e+02 -3.755024e-02
2.409000e+02 -3.770114e-02
2.410000e+02 -3.781213e-02
2.411000e+02 -3.788314e-02
2.412000e+02 -3.791415e-02
2.413000e+02 -3.790517e-02
2.414000e+02 -3.785626e-02
2.415000e+02 -3.776753e-02
2.416000e+02 -3.763911e-02
2.417000e+02 -3.747118e-02
2.418000e+02 -3.726398e-02
2.419000e+02 -3.701777e-02
2.420000e+02 -3.673285e-02
2.421000e+02 -3.640959e-02
2.422000e+02 -3.604835e-02
2.423000e+02 -3.564958e-02
2.424000e+02 -3.521374e-02
2.425000e+02 -3.474133e-02
2.426000e+02 -3.423291e-02
2.427000e+02 -3.368904e-02
2.428000e+02 -3.311036e-02
2.429000e+02 -3.249750e-02
2.430000e+02 -3.185117e-02
2.431000e+02 -3.117208e-02
2.432000e+02 -3.046099e-02
2.433000e+02 -2.971869e-02
2.434000e+02 -2.894600e-02
2.435000e+02 -2.814378e-02
2.436000e+02 -2.731290e-02
2.437000e+02 -2.645428e-02
2.438000e+02 -2.556885e-02
2.439000e+02 -2.465758e-02
2.440000e+02 -2.372147e-02
2.441000e+02 -2.276152e-02
2.442000e+02 -2.177878e-02
2.443000e+02 -2.077432e-02
2.444000e+02 -1.974920e-02
2.445000e+02 -1.870455e-02
2.446000e+02 -1.764148e-02
2.447000e+02 -1.656113e-02
2.448000e+02 -1.546466e-02
2.449000e+02 -1.435325e-02
2.450000e+02 -1.322808e-02
2.451000e+02 -1.209034e-02
2.452000e+02 -1.094126e-02
2.453000e+02 -9.782048e-03
2.454000e+02 -8.613943e-03
2.455000e+02 -7.438180e-03
2.456000e+02 -6.256004e-03
2.457000e+02 -5.068667e-03
2.458000e+02 -3.877422e-03
2.459000e+02 -2.683525e-03
2.460000e+02 -1.488235e-03
2.461000e+02 -2.928090e-04
2.462000e+02 9.014960e-04
2.463000e+02 2.093426e-03
2.464000e+02 3.281730e-03
2.465000e+02 4.465166e-03
2.466000e+02 5.642493e-03
2.467000e+02 6.812482e-03
2.468000e+02 7.973912e-03
2.469000e+02 9.125570e-03
2.470000e+02 1.026626e-02
2.471000e+02 1.139479e-02
2.472000e+02 1.250999e-02
2.473000e+02 1.361071e-02
2.474000e+02 1.469580e-02
2.475000e+02 1.576413e-02
2.476000e+02 1.681461e-02
2.477000e+02 1.784615e-02
2.478000e+02 1.885769e-02
2.479000e+02 1.984818e-02
2.480000e+02 2.081660e-02
2.481000e+02 2.176197e-02
2.482000e+02 2.268331e-02
2.483000e+02 2.357968e-02
2.484000e+02 2.445017e-02
2.485000e+02 2.529388e-02
2.486000e+02 2.610996e-02
2.487000e+02 2.689759e-02
2.488000e+02 2.765596e-02
2.489000e+02 2.838430e-02
2.490000e+02 2.908190e-02
2.491000e+02 2.974804e-02
2.492000e+02 3.038206e-02
2.493000e+02 3.098334e-02
2.494000e+02 3.155126e-02
2.495000e+02 3.208528e-02
2.496000e+02 3.258487e-02
2.497000e+02 3.304954e-02
2.498000e+02 3.347884e-02
2.499000e+02 3.387237e-02
2.500000e+02 3.422974e-02
2.501000e+02 3.455064e-02
2.502000e+02 3.483475e-02
2.503000e+02 3.508182e-02
2.504000e+02 3.529164e-02
2.505000e+02 3.546403e-02
2.506000e+02 3.559885e-02
2.507000e+02 3.569600e-02
2.508000e+02 3.575544e-02
2.509000e+02 3.577713e-02
2.510000e+02 3.576111e-02
2.511000e+02 3.570743e-02
2.512000e+02 3.561620e-02
2.513000e+02 3.548756e-02
2.514000e+02 3.532169e-02
2.515000e+02 3.511881e-02
2.516000e+02 3.487918e-02
2.517000e+02 3.460310e-02
2.518000e+02 3.429091e-02
2.519000e+02 3.394298e-02
2.520000e+02 3.355971e-02
2.521000e+02 3.314157e-02
2.522000e+02 3.268902e-02
2.523000e+02 3.220260e-02
2.524000e+02 3.168285e-02
2.525000e+02 3.113037e-02
2.526000e+02 3.054578e-02
2.527000e+02 2.992973e-02
2.528000e+02 2.928292e-02
2.529000e+02 2.860606e-02
2.530000e+02 2.789990e-02
2.531000e+02 2.716523e-02
2.532000e+02 2.640285e-02
2.533000e+02 2.561360e-02
2.534000e+02 2.479835e-02
2.535000e+02 2.395798e-02
2.536000e+02 2.309342e-02
2.537000e+02 2.220560e-02
2.538000e+02 2.129548e-02
2.539000e+02 2.036405e-02
2.540000e+02 1.941232e-02
2.541000e+02 1.844132e-02
2.542000e+02 1.745208e-02
2.543000e+02 1.644568e-02
2.544000e+02 1.542319e-02
2.545000e+02 1.438570e-02
2.546000e+02 1.333433e-02
2.547000e+02 1.227020e-02
2.548000e+02 1.119445e-02
2.549000e+02 1.010821e-02
2.550000e+02 9.012641e-03
2.551000e+02 7.908912e-03
2.552000e+02 6.798188e-03
2.553000e+02 5.681647e-03
2.554000e+02 4.560468e-03
2.555000e+02 3.435836e-03
2.556000e+02 2.308937e-03
2.557000e+02 1.180959e-03
2.558000e+02 5.310000e-05
2.559000e+02 -1.073492e-03
2.560000e+02 -2.197596e-03
2.561000e+02 -3.318046e-03
2.562000e+02 -4.433669e-03
2.563000e+02 -5.543298e-03
2.564000e+02 -6.645773e-03
2.565000e+02 -7.739943e-03
2.566000e+02 -8.824668e-03
2.567000e+02 -9.898819e-03
2.568000e+02 -1.096128e-02
2.569000e+02 -1.201094e-02
2.570000e+02 -1.304672e-02
2.571000e+02 -1.406754e-02
2.572000e+02 -1.507234e-02
2.573000e+02 -1.606009e-02
2.574000e+02 -1.702977e-02
2.575000e+02 -1.798038e-02
2.576000e+02 -1.891094e-02
2.577000e+02 -1.982049e-02
2.578000e+02 -2.070810e-02
2.579000e+02 -2.157286e-02
2.580000e+02 -2.241388e-02
2.581000e+02 -2.323032e-02
2.582000e+02 -2.402133e-02
2.583000e+02 -2.478612e-02
2.584000e+02 -2.552390e-02
2.585000e+02 -2.623393e-02
2.586000e+02 -2.691551e-02
2.587000e+02 -2.756793e-02
2.588000e+02 -2.819055e-02
2.589000e+02 -2.878274e-02
2.590000e+02 -2.934392e-02
2.591000e+02 -2.987353e-02
2.592000e+02 -3.037105e-02
2.593000e+02 -3.083600e-02
2.594000e+02 -3.126791e-02
2.595000e+02 -3.166638e-02
2.596000e+02 -3.203102e-02
2.597000e+02 -3.236149e-02
2.598000e+02 -3.265747e-02
2.599000e+02 -3.291871e-02
2.600000e+02 -3.314496e-02
2.601000e+02 -3.333603e-02
2.602000e+02 -3.349175e-02
2.603000e+02 -3.361202e-02
2.604000e+02 -3.369673e-02
2.605000e+02 -3.374585e-02
2.606000e+02 -3.375936e-02
2.607000e+02 -3.373730e-02
2.608000e+02 -3.367972e-02
2.609000e+02 -3.358675e-02
2.610000e+02 -3.345850e-02
2.611000e+02 -3.329518e-02
2.612000e+02 -3.309698e-02
2.613000e+02 -3.286415e-02
2.614000e+02 -3.259700e-02
2.615000e+02 -3.229584e-02
2.616000e+02 -3.196104e-02
2.617000e+02 -3.159298e-02
2.618000e+02 -3.119209e-02
2.619000e+02 -3.075884e-02
2.620000e+02 -3.029373e-02
2.621000e+02 -2.979728e-02
2.622000e+02 -2.927005e-02
2.623000e+02 -2.871265e-02
2.624000e+02 -2.812569e-02
2.625000e+02 -2.750983e-02
2.626000e+02 -2.686576e-02
2.627000e+02 -2.619418e-02
2.628000e+02 -2.549584e-02
2.629000e+02 -2.477152e-02
2.630000e+02 -2.402199e-02
2.631000e+02 -2.324809e-02
2.632000e+02 -2.245065e-02
2.633000e+02 -2.163056e-02
2.634000e+02 -2.078869e-02
2.635000e+02 -1.992596e-02
2.636000e+02 -1.904331e-02
2.637000e+02 -1.814168e-02
2.638000e+02 -1.722205e-02
2.639000e+02 -1.628542e-02
2.640000e+02 -1.533278e-02
2.641000e+02 -1.436515e-02
2.642000e+02 -1.338358e-02
2.643000e+02 -1.238911e-02
2.644000e+02 -1.138281e-02
2.645000e+02 -1.036574e-02
2.646000e+02 -9.338987e-03
2.647000e+02 -8.303647e-03
2.648000e+02 -7.260815e-03
2.649000e+02 -6.211598e-03
2.650000e+02 -5.157105e-03
2.651000e+02 -4.098452e-03
2.652000e+02 -3.036757e-03
2.653000e+02 -1.973139e-03
2.654000e+02 -9.087180e-04
2.655000e+02 1.553860e-04
2.656000e+02 1.218054e-03
2.657000e+02 2.278171e-03
2.658000e+02 3.334625e-03
2.659000e+02 4.386311e-03
2.660000e+02 5.432128e-03
2.661000e+02 6.470984e-03
2.662000e+02 7.501795e-03
2.663000e+02 8.523485e-03
2.664000e+02 9.534993e-03
2.665000e+02 1.053527e-02
2.666000e+02 1.152326e-02
2.667000e+02 1.249796e-02
2.668000e+02 1.345835e-02
2.669000e+02 1.440344e-02
2.670000e+02 1.533225e-02
2.671000e+02 1.624382e-02
2.672000e+02 1.713721e-02
2.673000e+02 1.801151e-02
2.674000e+02 1.886582e-02
2.675000e+02 1.969925e-02
2.676000e+02 2.051096e-02
2.677000e+02 2.130012e-02
2.678000e+02 2.206593e-02
2.679000e+02 2.280759e-02
2.680000e+02 2.352437e-02
2.681000e+02 2.421553e-02
2.682000e+02 2.488038e-02
2.683000e+02 2.551825e-02
2.684000e+02 2.612848e-02
2.685000e+02 2.671049e-02
2.686000e+02 2.726368e-02
2.687000e+02 2.778750e-02
2.688000e+02 2.828144e-02
2.689000e+02 2.874502e-02
2.690000e+02 2.917777e-02
2.691000e+02 2.957928e-02
2.692000e+02 2.994916e-02
2.693000e+02 3.028706e-02
2.694000e+02 3.059267e-02
2.695000e+02 3.086568e-02
2.696000e+02 3.110587e-02
2.697000e+02 3.131301e-02
2.698000e+02 3.148693e-02
2.699000e+02 3.162747e-02
2.700000e+02 3.173454e-02
2.701000e+02 3.180806e-02
2.702000e+02 3.184799e-02
2.703000e+02 3.185433e-02
2.704000e+02 3.182711e-02
2.705000e+02 3.176641e-02
2.706000e+02 3.167233e-02
2.707000e+02 3.154500e-02
2.708000e+02 3.138461e-02
2.709000e+02 3.119136e-02
2.710000e+02 3.096549e-02
2.711000e+02 3.070729e-02
2.712000e+02 3.041707e-02
2.713000e+02 3.009516e-02
2.714000e+02 2.974196e-02
2.715000e+02 2.935786e-02
2.716000e+02 2.894332e-02
2.717000e+02 2.849880e-02
2.718000e+02 2.802482e-02
2.719000e+02 2.752190e-02
2.720000e+02 2.699062e-02
2.721000e+02 2.643156e-02
2.722000e+02 2.584536e-02
2.723000e+02 2.523266e-02
2.724000e+02 2.459414e-02
2.725000e+02 2.393050e-02
2.726000e+02 2.324248e-02
2.727000e+02 2.253083e-02
2.728000e+02 2.179633e-02
2.729000e+02 2.103978e-02
2.730000e+02 2.026199e-02
2.731000e+02 1.946383e-02
2.732000e+02 1.864615e-02
2.733000e+02 1.780983e-02
2.734000e+02 1.695578e-02
2.735000e+02 1.608493e-02
2.736000e+02 1.519820e-02
2.737000e+02 1.429654e-02
2.738000e+02 1.338094e-02
2.739000e+02 1.245236e-02
2.740000e+02 1.151179e-02
2.741000e+02 1.056025e-02
2.742000e+02 9.598741e-03
2.743000e+02 8.628291e-03
2.744000e+02 7.649931e-03
2.745000e+02 6.664698e-03
2.746000e+02 5.673637e-03
2.747000e+02 4.677796e-03
2.748000e+02 3.678228e-03
2.749000e+02 2.675989e-03
2.750000e+02 1.672134e-03
2.751000e+02 6.677230e-04
2.752000e+02 -3.361900e-04
2.753000e+02 -1.338548e-03
2.754000e+02 -2.338301e-03
2.755000e+02 -3.334401e-03
2.756000e+02 -4.325803e-03
2.757000e+02 -5.311472e-03
2.758000e+02 -6.290378e-03
2.759000e+02 -7.261500e-03
2.760000e+02 -8.223825e-03
2.761000e+02 -9.176352e-03
2.762000e+02 -1.011809e-02
2.763000e+02 -1.104806e-02
2.764000e+02 -1.196531e-02
2.765000e+02 -1.286887e-02
2.766000e+02 -1.375781e-02
2.767000e+02 -1.463122e-02
2.768000e+02 -1.548820e-02
2.769000e+02 -1.632787e-02
2.770000e+02 -1.714935e-02
2.771000e+02 -1.795180e-02
2.772000e+02 -1.873442e-02
2.773000e+02 -1.949638e-02
2.774000e+02 -2.023692e-02
2.775000e+02 -2.095528e-02
2.776000e+02 -2.165073e-02
2.777000e+02 -2.232256e-02
2.778000e+02 -2.297010e-02
2.779000e+02 -2.359269e-02
2.780000e+02 -2.418970e-02
2.781000e+02 -2.476054e-02
2.782000e+02 -2.530463e-02
2.783000e+02 -2.582143e-02
2.784000e+02 -2.631043e-02
2.785000e+02 -2.677114e-02
2.786000e+02 -2.720313e-02
2.787000e+02 -2.760595e-02
2.788000e+02 -2.797923e-02
2.789000e+02 -2.832260e-02
2.790000e+02 -2.863573e-02
2.791000e+02 -2.891834e-02
2.792000e+02 -2.917017e-02
2.793000e+02 -2.939097e-02
2.794000e+02 -2.958056e-02
2.795000e+02 -2.973878e-02
2.796000e+02 -2.986549e-02
2.797000e+02 -2.996059e-02
2.798000e+02 -3.002404e-02
2.799000e+02 -3.005579e-02
2.800000e+02 -3.005585e-02
2.801000e+02 -3.002426e-02
2.802000e+02 -2.996110e-02
2.803000e+02 -2.986646e-02
2.804000e+02 -2.974049e-02
2.805000e+02 -2.958335e-02
2.806000e+02 -2.939525e-02
2.807000e+02 -2.917642e-02
2.808000e+02 -2.892714e-02
2.809000e+02 -2.864770e-02
2.810000e+02 -2.833843e-02
2.811000e+02 -2.799971e-02
2.812000e+02 -2.763191e-02
2.813000e+02 -2.723546e-02
2.814000e+02 -2.681082e-02
2.815000e+02 -2.635847e-02
2.816000e+02 -2.587891e-02
2.817000e+02 -2.537269e-02
2.818000e+02 -2.484038e-02
2.819000e+02 -2.428256e-02
2.820000e+02 -2.369986e-02
2.821000e+02 -2.309291e-02
2.822000e+02 -2.246239e-02
2.823000e+02 -2.180900e-02
2.824000e+02 -2.113344e-02
2.825000e+02 -2.043645e-02
2.826000e+02 -1.971880e-02
2.827000e+02 -1.898127e-02
2.828000e+02 -1.822465e-02
2.829000e+02 -1.744977e-02
2.830000e+02 -1.665746e-02
2.831000e+02 -1.584858e-02
2.832000e+02 -1.502400e-02
2.833000e+02 -1.418461e-02
2.834000e+02 -1.333130e-02
2.835000e+02 -1.246500e-02
2.836000e+02 -1.158662e-02
2.837000e+02 -1.069712e-02
2.838000e+02 -9.797423e-03
2.839000e+02 -8.888506e-03
2.840000e+02 -7.971331e-03
2.841000e+02 -7.046871e-03
2.842000e+02 -6.116108e-03
2.843000e+02 -5.180028e-03
2.844000e+02 -4.239621e-03
2.845000e+02 -3.295882e-03
2.846000e+02 -2.349806e-03
2.847000e+02 -1.402391e-03
2.848000e+02 -4.546350e-04
2.849000e+02 4.924660e-04
2.850000e+02 1.437917e-03
2.851000e+02 2.380725e-03
2.852000e+02 3.319903e-03
2.853000e+02 4.254467e-03
2.854000e+02 5.183439e-03
2.855000e+02 6.105851e-03
2.856000e+02 7.020740e-03
2.857000e+02 7.927152e-03
2.858000e+02 8.824144e-03
2.859000e+02 9.710783e-03
2.860000e+02 1.058615e-02
2.861000e+02 1.144934e-02
2.862000e+02 1.229945e-02
2.863000e+02 1.313561e-02
2.864000e+02 1.395696e-02
2.865000e+02 1.476264e-02
2.866000e+02 1.555183e-02
2.867000e+02 1.632371e-02
2.868000e+02 1.707750e-02
2.869000e+02 1.781242e-02
2.870000e+02 1.852772e-02
2.871000e+02 1.922267e-02
2.872000e+02 1.989657e-02
2.873000e+02 2.054872e-02
2.874000e+02 2.117847e-02
2.875000e+02 2.178517e-02
2.876000e+02 2.236823e-02
2.877000e+02 2.292704e-02
2.878000e+02 2.346106e-02
2.879000e+02 2.396974e-02
2.880000e+02 2.445258e-02
2.881000e+02 2.490911e-02
2.882000e+02 2.533887e-02
2.883000e+02 2.574144e-02
2.884000e+02 2.611642e-02
2.885000e+02 2.646347e-02
2.886000e+02 2.678224e-02
2.887000e+02 2.707243e-02
2.888000e+02 2.733377e-02
2.889000e+02 2.756602e-02
2.890000e+02 2.776897e-02
2.891000e+02 2.794243e-02
2.892000e+02 2.808627e-02
2.893000e+02 2.820036e-02
2.894000e+02 2.828463e-02
2.895000e+02 2.833901e-02
2.896000e+02 2.836348e-02
2.897000e+02 2.835807e-02
2.898000e+02 2.832280e-02
2.899000e+02 2.825775e-02
2.900000e+02 2.816303e-02
2.901000e+02 2.803877e-02
2.902000e+02 2.788514e-02
2.903000e+02 2.770233e-02
2.904000e+02 2.749058e-02
2.905000e+02 2.725014e-02
2.906000e+02 2.698130e-02
2.907000e+02 2.668438e-02
2.908000e+02 2.635972e-02
2.909000e+02 2.600771e-02
2.910000e+02 2.562874e-02
2.911000e+02 2.522325e-02
2.912000e+02 2.479170e-02
2.913000e+02 2.433457e-02
2.914000e+02 2.385238e-02
2.915000e+02 2.334567e-02
2.916000e+02 2.281500e-02
2.917000e+02 2.226095e-02
2.918000e+02 2.168414e-02
2.919000e+02 2.108521e-02
2.920000e+02 2.046481e-02
2.921000e+02 1.982362e-02
2.922000e+02 1.916235e-02
2.923000e+02 1.848171e-02
2.924000e+02 1.778244e-02
2.925000e+02 1.706530e-02
2.926000e+02 1.633107e-02
2.927000e+02 1.558054e-02
2.928000e+02 1.481453e-02
2.929000e+02 1.403384e-02
2.930000e+02 1.323934e-02
2.931000e+02 1.243186e-02
2.932000e+02 1.161227e-02
2.933000e+02 1.078146e-02
2.934000e+02 9.940296e-03
2.935000e+02 9.089690e-03
2.936000e+02 8.230543e-03
2.937000e+02 7.363770e-03
2.938000e+02 6.490291e-03
2.939000e+02 5.611032e-03
2.940000e+02 4.726926e-03
2.941000e+02 3.838907e-03
2.942000e+02 2.947914e-03
2.943000e+02 2.054887e-03
2.944000e+02 1.160767e-03
2.945000e+02 2.664970e-04
2.946000e+02 -6.269850e-04
2.947000e+02 -1.518738e-03
2.948000e+02 -2.407828e-03
2.949000e+02 -3.293323e-03
2.950000e+02 -4.174296e-03
2.951000e+02 -5.049826e-03
2.952000e+02 -5.918999e-03
2.953000e+02 -6.780908e-03
2.954000e+02 -7.634656e-03
2.955000e+02 -8.479354e-03
2.956000e+02 -9.314125e-03
2.957000e+02 -1.013810e-02
2.958000e+02 -1.095043e-02
2.959000e+02 -1.175027e-02
2.960000e+02 -1.253679e-02
2.961000e+02 -1.330919e-02
2.962000e+02 -1.406667e-02
2.963000e+02 -1.480844e-02
2.964000e+02 -1.553374e-02
2.965000e+02 -1.624184e-02
2.966000e+02 -1.693200e-02
2.967000e+02 -1.760352e-02
2.968000e+02 -1.825572e-02
2.969000e+02 -1.888793e-02
2.970000e+02 -1.949951e-02
2.971000e+02 -2.008983e-02
2.972000e+02 -2.065831e-02
2.973000e+02 -2.120437e-02
2.974000e+02 -2.172746e-02
2.975000e+02 -2.222706e-02
2.976000e+02 -2.270267e-02
2.977000e+02 -2.315381e-02
2.978000e+02 -2.358004e-02
2.979000e+02 -2.398094e-02
2.980000e+02 -2.435612e-02
2.981000e+02 -2.470521e-02
2.982000e+02 -2.502788e-02
2.983000e+02 -2.532381e-02
2.984000e+02 -2.559273e-02
2.985000e+02 -2.583438e-02
2.986000e+02 -2.604855e-02
2.987000e+02 -2.623504e-02
2.988000e+02 -2.639368e-02
2.989000e+02 -2.652435e-02
2.990000e+02 -2.662694e-02
2.991000e+02 -2.670137e-02
2.992000e+02 -2.674759e-02
2.993000e+02 -2.676561e-02
2.994000e+02 -2.675542e-02
2.995000e+02 -2.671708e-02
2.996000e+02 -2.665065e-02
2.997000e+02 -2.655625e-02
2.998000e+02 -2.643400e-02
2.999000e+02 -2.628407e-02
3.000000e+02 -2.610665e-02
3.001000e+02 -2.590196e-02
3.002000e+02 -2.567025e-02
3.003000e+02 -2.541180e-02
3.004000e+02 -2.512690e-02
3.005000e+02 -2.481590e-02
3.006000e+02 -2.447915e-02
3.007000e+02 -2.411704e-02
3.008000e+02 -2.372998e-02
3.009000e+02 -2.331841e-02
3.010000e+02 -2.288280e-02
3.011000e+02 -2.242362e-02
3.012000e+02 -2.194140e-02
3.013000e+02 -2.143666e-02
3.014000e+02 -2.090998e-02
3.015000e+02 -2.036192e-02
3.016000e+02 -1.979309e-02
3.017000e+02 -1.920412e-02
3.018000e+02 -1.859566e-02
3.019000e+02 -1.796836e-02
3.020000e+02 -1.732290e-02
3.021000e+02 -1.666000e-02
3.022000e+02 -1.598036e-02
3.023000e+02 -1.528474e-02
3.024000e+02 -1.457386e-02
3.025000e+02 -1.384851e-02
3.026000e+02 -1.310946e-02
3.027000e+02 -1.235751e-02
3.028000e+02 -1.159346e-02
3.029000e+02 -1.081813e-02
3.030000e+02 -1.003236e-02
3.031000e+02 -9.236972e-03
3.032000e+02 -8.432826e-03
3.033000e+02 -7.620773e-03
3.034000e+02 -6.801679e-03
3.035000e+02 -5.976412e-03
3.036000e+02 -5.145849e-03
3.037000e+02 -4.310868e-03
3.038000e+02 -3.472353e-03
3.039000e+02 -2.631190e-03
3.040000e+02 -1.788267e-03
3.041000e+02 -9.444710e-04
3.042000e+02 -1.006920e-04
3.043000e+02 7.421840e-04
3.044000e+02 1.583271e-03
3.045000e+02 2.421688e-03
3.046000e+02 3.256555e-03
3.047000e+02 4.086999e-03
3.048000e+02 4.912153e-03
3.049000e+02 5.731154e-03
3.050000e+02 6.543148e-03
3.051000e+02 7.347290e-03
3.052000e+02 8.142744e-03
3.053000e+02 8.928683e-03
3.054000e+02 9.704291e-03
3.055000e+02 1.046876e-02
3.056000e+02 1.122131e-02
3.057000e+02 1.196116e-02
3.058000e+02 1.268754e-02
3.059000e+02 1.339970e-02
3.060000e+02 1.409692e-02
3.061000e+02 1.477847e-02
3.062000e+02 1.544367e-02
3.063000e+02 1.609181e-02
3.064000e+02 1.672226e-02
3.065000e+02 1.733435e-02
3.066000e+02 1.792747e-02
3.067000e+02 1.850103e-02
3.068000e+02 1.905442e-02
3.069000e+02 1.958711e-02
3.070000e+02 2.009854e-02
3.071000e+02 2.058821e-02
3.072000e+02 2.105563e-02
3.073000e+02 2.150033e-02
3.074000e+02 2.192187e-02
3.075000e+02 2.231983e-02
3.076000e+02 2.269382e-02
3.077000e+02 2.304348e-02
3.078000e+02 2.336847e-02
3.079000e+02 2.366846e-02
3.080000e+02 2.394319e-02
3.081000e+02 2.419238e-02
3.082000e+02 2.441581e-02
3.083000e+02 2.461327e-02
3.084000e+02 2.478458e-02
3.085000e+02 2.492960e-02
3.086000e+02 2.504820e-02
3.087000e+02 2.514028e-02
3.088000e+02 2.520580e-02
3.089000e+02 2.524470e-02
3.090000e+02 2.525697e-02
3.091000e+02 2.524265e-02
3.092000e+02 2.520177e-02
3.093000e+02 2.513440e-02
3.094000e+02 2.504066e-02
3.095000e+02 2.492067e-02
3.096000e+02 2.477460e-02
3.097000e+02 2.460262e-02
3.098000e+02 2.440495e-02
3.099000e+02 2.418182e-02
3.100000e+02 2.393351e-02
3.101000e+02 2.366031e-02
3.102000e+02 2.336253e-02
3.103000e+02 2.304052e-02
3.104000e+02 2.269465e-02
3.105000e+02 2.232531e-02
3.106000e+02 2.193291e-02
3.107000e+02 2.151790e-02
3.108000e+02 2.108075e-02
3.109000e+02 2.062194e-02
3.110000e+02 2.014198e-02
3.111000e+02 1.964139e-02
3.112000e+02 1.912075e-02
3.113000e+02 1.858061e-02
3.114000e+02 1.802156e-02
3.115000e+02 1.744423e-02
3.116000e+02 1.684924e-02
3.117000e+02 1.623723e-02
3.118000e+02 1.560888e-02
3.119000e+02 1.496486e-02
3.120000e+02 1.430586e-02
3.121000e+02 1.363262e-02
3.122000e+02 1.294583e-02
3.123000e+02 1.224626e-02
3.124000e+02 1.153464e-02
3.125000e+02 1.081174e-02
3.126000e+02 1.007834e-02
3.127000e+02 9.335211e-03
3.128000e+02 8.583158e-03
3.129000e+02 7.822978e-03
3.130000e+02 7.055482e-03
3.131000e+02 6.281484e-03
3.132000e+02 5.501807e-03
3.133000e+02 4.717277e-03
3.134000e+02 3.928726e-03
3.135000e+02 3.136986e-03
3.136000e+02 2.342896e-03
3.137000e+02 1.547291e-03
3.138000e+02 7.510110e-04
3.139000e+02 -4.510000e-05
3.140000e+02 -8.402230e-04
3.141000e+02 -1.633506e-03
3.142000e+02 -2.424122e-03
3.143000e+02 -3.211243e-03
3.144000e+02 -3.994046e-03
3.145000e+02 -4.771712e-03
3.146000e+02 -5.543430e-03
3.147000e+02 -6.308395e-03
3.148000e+02 -7.065811e-03
3.149000e+02 -7.814890e-03
3.150000e+02 -8.554854e-03
3.151000e+02 -9.284935e-03
3.152000e+02 -1.000438e-02
3.153000e+02 -1.071244e-02
3.154000e+02 -1.140838e-02
3.155000e+02 -1.209149e-02
3.156000e+02 -1.276107e-02
3.157000e+02 -1.341642e-02
3.158000e+02 -1.405687e-02
3.159000e+02 -1.468177e-02
3.160000e+02 -1.529047e-02
3.161000e+02 -1.588236e-02
3.162000e+02 -1.645683e-02
3.163000e+02 -1.701330e-02
3.164000e+02 -1.755121e-02
3.165000e+02 -1.807000e-02
3.166000e+02 -1.856916e-02
3.167000e+02 -1.904817e-02
3.168000e+02 -1.950657e-02
3.169000e+02 -1.994390e-02
3.170000e+02 -2.035971e-02
3.171000e+02 -2.075360e-02
3.172000e+02 -2.112517e-02
3.173000e+02 -2.147407e-02
3.174000e+02 -2.179995e-02
3.175000e+02 -2.210249e-02
3.176000e+02 -2.238141e-02
3.177000e+02 -2.263643e-02
3.178000e+02 -2.286733e-02
3.179000e+02 -2.307387e-02
3.180000e+02 -2.325589e-02
3.181000e+02 -2.341320e-02
3.182000e+02 -2.354568e-02
3.183000e+02 -2.365322e-02
3.184000e+02 -2.373573e-02
3.185000e+02 -2.379316e-02
3.186000e+02 -2.382547e-02
3.187000e+02 -2.383267e-02
3.188000e+02 -2.381477e-02
3.189000e+02 -2.377182e-02
3.190000e+02 -2.370391e-02
3.191000e+02 -2.361112e-02
3.192000e+02 -2.349359e-02
3.193000e+02 -2.335147e-02
3.194000e+02 -2.318495e-02
3.195000e+02 -2.299422e-02
3.196000e+02 -2.277952e-02
3.197000e+02 -2.254110e-02
3.198000e+02 -2.227924e-02
3.199000e+02 -2.199425e-02
3.200000e+02 -2.168645e-02
3.201000e+02 -2.135620e-02
3.202000e+02 -2.100386e-02
3.203000e+02 -2.062985e-02
3.204000e+02 -2.023458e-02
3.205000e+02 -1.981849e-02
3.206000e+02 -1.938204e-02
3.207000e+02 -1.892572e-02
3.208000e+02 -1.845004e-02
3.209000e+02 -1.795551e-02
3.210000e+02 -1.744269e-02
3.211000e+02 -1.691212e-02
3.212000e+02 -1.636440e-02
3.213000e+02 -1.580013e-02
3.214000e+02 -1.521990e-02
3.215000e+02 -1.462436e-02
3.216000e+02 -1.401415e-02
3.217000e+02 -1.338993e-02
3.218000e+02 -1.275237e-02
3.219000e+02 -1.210216e-02
3.220000e+02 -1.144000e-02
3.221000e+02 -1.076661e-02
3.222000e+02 -1.008269e-02
3.223000e+02 -9.388989e-03
3.224000e+02 -8.686243e-03
3.225000e+02 -7.975204e-03
3.226000e+02 -7.256628e-03
3.227000e+02 -6.531280e-03
3.228000e+02 -5.799933e-03
3.229000e+02 -5.063360e-03
3.230000e+02 -4.322345e-03
3.231000e+02 -3.577671e-03
3.232000e+02 -2.830125e-03
3.233000e+02 -2.080498e-03
3.234000e+02 -1.329580e-03
3.235000e+02 -5.781620e-04
3.236000e+02 1.729650e-04
3.237000e+02 9.230120e-04
3.238000e+02 1.671191e-03
3.239000e+02 2.416717e-03
3.240000e+02 3.158810e-03
3.241000e+02 3.896694e-03
3.242000e+02 4.629596e-03
3.243000e+02 5.356754e-03
3.244000e+02 6.077407e-03
3.245000e+02 6.790808e-03
3.246000e+02 7.496212e-03
3.247000e+02 8.192889e-03
3.248000e+02 8.880115e-03
3.249000e+02 9.557179e-03
3.250000e+02 1.022338e-02
3.251000e+02 1.087803e-02
3.252000e+02 1.152046e-02
3.253000e+02 1.215000e-02
3.254000e+02 1.276600e-02
3.255000e+02 1.336784e-02
3.256000e+02 1.395489e-02
3.257000e+02 1.452656e-02
3.258000e+02 1.508227e-02
3.259000e+02 1.562144e-02
3.260000e+02 1.614353e-02
3.261000e+02 1.664801e-02
3.262000e+02 1.713437e-02
3.263000e+02 1.760212e-02
3.264000e+02 1.805079e-02
3.265000e+02 1.847992e-02
3.266000e+02 1.888910e-02
3.267000e+02 1.927790e-02
3.268000e+02 1.964596e-02
3.269000e+02 1.999290e-02
3.270000e+02 2.031838e-02
3.271000e+02 2.062209e-02
3.272000e+02 2.090373e-02
3.273000e+02 2.116304e-02
3.274000e+02 2.139976e-02
3.275000e+02 2.161367e-02
3.276000e+02 2.180458e-02
3.277000e+02 2.197231e-02
3.278000e+02 2.211672e-02
3.279000e+02 2.223767e-02
3.280000e+02 2.233507e-02
3.281000e+02 2.240884e-02
3.282000e+02 2.245894e-02
3.283000e+02 2.248534e-02
3.284000e+02 2.248804e-02
3.285000e+02 2.246707e-02
3.286000e+02 2.242248e-02
3.287000e+02 2.235434e-02
3.288000e+02 2.226275e-02
3.289000e+02 2.214784e-02
3.290000e+02 2.200976e-02
3.291000e+02 2.184868e-02
3.292000e+02 2.166479e-02
3.293000e+02 2.145833e-02
3.294000e+02 2.122952e-02
3.295000e+02 2.097866e-02
3.296000e+02 2.070601e-02
3.297000e+02 2.041190e-02
3.298000e+02 2.009666e-02
3.299000e+02 1.976065e-02
3.300000e+02 1.940425e-02
3.301000e+02 1.902786e-02
3.302000e+02 1.863190e-02
3.303000e+02 1.821681e-02
3.304000e+02 1.778305e-02
3.305000e+02 1.733109e-02
3.306000e+02 1.686145e-02
3.307000e+02 1.637462e-02
3.308000e+02 1.587116e-02
3.309000e+02 1.535159e-02
3.310000e+02 1.481651e-02
3.311000e+02 1.426647e-02
3.312000e+02 1.370209e-02
3.313000e+02 1.312397e-02
3.314000e+02 1.253273e-02
3.315000e+02 1.192902e-02
3.316000e+02 1.131349e-02
3.317000e+02 1.068680e-02
3.318000e+02 1.004961e-02
3.319000e+02 9.402618e-03
3.320000e+02 8.746511e-03
3.321000e+02 8.081990e-03
3.322000e+02 7.409764e-03
3.323000e+02 6.730550e-03
3.324000e+02 6.045071e-03
3.325000e+02 5.354054e-03
3.326000e+02 4.658234e-03
3.327000e+02 3.958348e-03
3.328000e+02 3.255136e-03
3.329000e+02 2.549343e-03
3.330000e+02 1.841713e-03
3.331000e+02 1.132992e-03
3.332000e+02 4.239290e-04
3.333000e+02 -2.847320e-04
3.334000e+02 -9.922460e-04
3.335000e+02 -1.697871e-03
3.336000e+02 -2.400865e-03
3.337000e+02 -3.100493e-03
3.338000e+02 -3.796024e-03
3.339000e+02 -4.486731e-03
3.340000e+02 -5.171892e-03
3.341000e+02 -5.850795e-03
3.342000e+02 -6.522731e-03
3.343000e+02 -7.187004e-03
3.344000e+02 -7.842923e-03
3.345000e+02 -8.489808e-03
3.346000e+02 -9.126990e-03
3.347000e+02 -9.753809e-03
3.348000e+02 -1.036962e-02
3.349000e+02 -1.097378e-02
3.350000e+02 -1.156568e-02
3.351000e+02 -1.214471e-02
3.352000e+02 -1.271026e-02
3.353000e+02 -1.326177e-02
3.354000e+02 -1.379866e-02
3.355000e+02 -1.432040e-02
3.356000e+02 -1.482645e-02
3.357000e+02 -1.531629e-02
3.358000e+02 -1.578943e-02
3.359000e+02 -1.624539e-02
3.360000e+02 -1.668371e-02
3.361000e+02 -1.710395e-02
3.362000e+02 -1.750569e-02
3.363000e+02 -1.788853e-02
3.364000e+02 -1.825209e-02
3.365000e+02 -1.859601e-02
3.366000e+02 -1.891994e-02
3.367000e+02 -1.922358e-02
3.368000e+02 -1.950662e-02
3.369000e+02 -1.976879e-02
3.370000e+02 -2.000985e-02
3.371000e+02 -2.022956e-02
3.372000e+02 -2.042771e-02
3.373000e+02 -2.060413e-02
3.374000e+02 -2.075865e-02
3.375000e+02 -2.089114e-02
3.376000e+02 -2.100149e-02
3.377000e+02 -2.108959e-02
3.378000e+02 -2.115540e-02
3.379000e+02 -2.119886e-02
3.380000e+02 -2.121995e-02
3.381000e+02 -2.121869e-02
3.382000e+02 -2.119510e-02
3.383000e+02 -2.114923e-02
3.384000e+02 -2.108115e-02
3.385000e+02 -2.099097e-02
3.386000e+02 -2.087881e-02
3.387000e+02 -2.074480e-02
3.388000e+02 -2.058912e-02
3.389000e+02 -2.041197e-02
3.390000e+02 -2.021354e-02
3.391000e+02 -1.999408e-02
3.392000e+02 -1.975384e-02
3.393000e+02 -1.949310e-02
3.394000e+02 -1.921216e-02
3.395000e+02 -1.891134e-02
3.396000e+02 -1.859098e-02
3.397000e+02 -1.825144e-02
3.398000e+02 -1.789310e-02
3.399000e+02 -1.751637e-02
3.400000e+02 -1.712165e-02
3.401000e+02 -1.670940e-02
3.402000e+02 -1.628006e-02
3.403000e+02 -1.583410e-02
3.404000e+02 -1.537202e-02
3.405000e+02 -1.489433e-02
3.406000e+02 -1.440153e-02
3.407000e+02 -1.389418e-02
3.408000e+02 -1.337281e-02
3.409000e+02 -1.283801e-02
3.410000e+02 -1.229034e-02
3.411000e+02 -1.173039e-02
3.412000e+02 -1.115878e-02
3.413000e+02 -1.057612e-02
3.414000e+02 -9.983026e-03
3.415000e+02 -9.380145e-03
3.416000e+02 -8.768120e-03
3.417000e+02 -8.147605e-03
3.418000e+02 -7.519264e-03
3.419000e+02 -6.883766e-03
3.420000e+02 -6.241790e-03
3.421000e+02 -5.594017e-03
3.422000e+02 -4.941136e-03
3.423000e+02 -4.283840e-03
3.424000e+02 -3.622825e-03
3.425000e+02 -2.958791e-03
3.426000e+02 -2.292441e-03
3.427000e+02 -1.624476e-03
3.428000e+02 -9.556030e-04
3.429000e+02 -2.865240e-04
3.430000e+02 3.820550e-04
3.431000e+02 1.049432e-03
3.432000e+02 1.714908e-03
3.433000e+02 2.377783e-03
3.434000e+02 3.037365e-03
3.435000e+02 3.692963e-03
3.436000e+02 4.343893e-03
3.437000e+02 4.989476e-03
3.438000e+02 5.629039e-03
3.439000e+02 6.261916e-03
3.440000e+02 6.887450e-03
3.441000e+02 7.504991e-03
3.442000e+02 8.113900e-03
3.443000e+02 8.713545e-03
3.444000e+02 9.303308e-03
3.445000e+02 9.882579e-03
3.446000e+02 1.045076e-02
3.447000e+02 1.100727e-02
3.448000e+02 1.155154e-02
3.449000e+02 1.208300e-02
3.450000e+02 1.260111e-02
3.451000e+02 1.310535e-02
3.452000e+02 1.359520e-02
3.453000e+02 1.407015e-02
3.454000e+02 1.452974e-02
3.455000e+02 1.497349e-02
3.456000e+02 1.540095e-02
3.457000e+02 1.581170e-02
3.458000e+02 1.620532e-02
3.459000e+02 1.658141e-02
3.460000e+02 1.693961e-02
3.461000e+02 1.727956e-02
3.462000e+02 1.760091e-02
3.463000e+02 1.790336e-02
3.464000e+02 1.818661e-02
3.465000e+02 1.845038e-02
3.466000e+02 1.869441e-02
3.467000e+02 1.891849e-02
3.468000e+02 1.912238e-02
3.469000e+02 1.930591e-02
3.470000e+02 1.946889e-02
3.471000e+02 1.961120e-02
3.472000e+02 1.973269e-02
3.473000e+02 1.983328e-02
3.474000e+02 1.991286e-02
3.475000e+02 1.997140e-02
3.476000e+02 2.000885e-02
3.477000e+02 2.002520e-02
3.478000e+02 2.002045e-02
3.479000e+02 1.999463e-02
3.480000e+02 1.994781e-02
3.481000e+02 1.988005e-02
3.482000e+02 1.979144e-02
3.483000e+02 1.968212e-02
3.484000e+02 1.955221e-02
3.485000e+02 1.940188e-02
3.486000e+02 1.923132e-02
3.487000e+02 1.904072e-02
3.488000e+02 1.883031e-02
3.489000e+02 1.860034e-02
3.490000e+02 1.835107e-02
3.491000e+02 1.808279e-02
3.492000e+02 1.779581e-02
3.493000e+02 1.749044e-02
3.494000e+02 1.716703e-02
3.495000e+02 1.682595e-02
3.496000e+02 1.646758e-02
3.497000e+02 1.609230e-02
3.498000e+02 1.570055e-02
3.499000e+02 1.529274e-02
3.500000e+02 1.486934e-02
3.501000e+02 1.443080e-02
3.502000e+02 1.397760e-02
3.503000e+02 1.351024e-02
3.504000e+02 1.302923e-02
3.505000e+02 1.253509e-02
3.506000e+02 1.202835e-02
3.507000e+02 1.150957e-02
3.508000e+02 1.097930e-02
3.509000e+02 1.043812e-02
3.510000e+02 9.886606e-03
3.511000e+02 9.325354e-03
3.512000e+02 8.754965e-03
3.513000e+02 8.176050e-03
3.514000e+02 7.589230e-03
3.515000e+02 6.995129e-03
3.516000e+02 6.394382e-03
3.517000e+02 5.787629e-03
3.518000e+02 5.175516e-03
3.519000e+02 4.558691e-03
3.520000e+02 3.937810e-03
3.521000e+02 3.313531e-03
3.522000e+02 2.686514e-03
3.523000e+02 2.057423e-03
3.524000e+02 1.426919e-03
3.525000e+02 7.956700e-04
3.526000e+02 1.643390e-04
3.527000e+02 -4.664090e-04
3.528000e+02 -1.095912e-03
3.529000e+02 -1.723509e-03
3.530000e+02 -2.348543e-03
3.531000e+02 -2.970358e-03
3.532000e+02 -3.588306e-03
3.533000e+02 -4.201741e-03
3.534000e+02 -4.810022e-03
3.535000e+02 -5.412517e-03
3.536000e+02 -6.008598e-03
3.537000e+02 -6.597646e-03
3.538000e+02 -7.179050e-03
3.539000e+02 -7.752207e-03
3.540000e+02 -8.316524e-03
3.541000e+02 -8.871418e-03
3.542000e+02 -9.416316e-03
3.543000e+02 -9.950658e-03
3.544000e+02 -1.047389e-02
3.545000e+02 -1.098548e-02
3.546000e+02 -1.148490e-02
3.547000e+02 -1.197165e-02
3.548000e+02 -1.244521e-02
3.549000e+02 -1.290512e-02
3.550000e+02 -1.335090e-02
3.551000e+02 -1.378209e-02
3.552000e+02 -1.419828e-02
3.553000e+02 -1.459902e-02
3.554000e+02 -1.498393e-02
3.555000e+02 -1.535261e-02
3.556000e+02 -1.570469e-02
3.557000e+02 -1.603983e-02
3.558000e+02 -1.635769e-02
3.559000e+02 -1.665796e-02
3.560000e+02 -1.694034e-02
3.561000e+02 -1.720455e-02
3.562000e+02 -1.745035e-02
3.563000e+02 -1.767748e-02
3.564000e+02 -1.788575e-02
3.565000e+02 -1.807494e-02
3.566000e+02 -1.824488e-02
3.567000e+02 -1.839542e-02
3.568000e+02 -1.852643e-02
3.569000e+02 -1.863778e-02
3.570000e+02 -1.872938e-02
3.571000e+02 -1.880116e-02
3.572000e+02 -1.885307e-02
3.573000e+02 -1.888508e-02
3.574000e+02 -1.889717e-02
3.575000e+02 -1.888937e-02
3.576000e+02 -1.886169e-02
3.577000e+02 -1.881420e-02
3.578000e+02 -1.874696e-02
3.579000e+02 -1.866008e-02
3.580000e+02 -1.855367e-02
3.581000e+02 -1.842785e-02
3.582000e+02 -1.828280e-02
3.583000e+02 -1.811868e-02
3.584000e+02 -1.793570e-02
3.585000e+02 -1.773405e-02
3.586000e+02 -1.751399e-02
3.587000e+02 -1.727576e-02
3.588000e+02 -1.701964e-02
3.589000e+02 -1.674592e-02
3.590000e+02 -1.645491e-02
3.591000e+02 -1.614693e-02
3.592000e+02 -1.582233e-02
3.593000e+02 -1.548148e-02
3.594000e+02 -1.512474e-02
3.595000e+02 -1.475252e-02
3.596000e+02 -1.436522e-02
3.597000e+02 -1.396327e-02
3.598000e+02 -1.354712e-02
3.599000e+02 -1.311721e-02
3.600000e+02 -1.267402e-02
3.601000e+02 -1.221802e-02
3.602000e+02 -1.174972e-02
3.603000e+02 -1.126962e-02
3.604000e+02 -1.077824e-02
3.605000e+02 -1.027611e-02
3.606000e+02 -9.763771e-03
3.607000e+02 -9.241777e-03
3.608000e+02 -8.710686e-03
3.609000e+02 -8.171070e-03
3.610000e+02 -7.623504e-03
3.611000e+02 -7.068576e-03
3.612000e+02 -6.506877e-03
3.613000e+02 -5.939007e-03
3.614000e+02 -5.365571e-03
3.615000e+02 -4.787177e-03
3.616000e+02 -4.204440e-03
3.617000e+02 -3.617979e-03
3.618000e+02 -3.028415e-03
3.619000e+02 -2.436371e-03
3.620000e+02 -1.842474e-03
3.621000e+02 -1.247349e-03
3.622000e+02 -6.516240e-04
3.623000e+02 -5.590000e-05
3.624000e+02 5.391160e-04
3.625000e+02 1.132880e-03
3.626000e+02 1.724742e-03
3.627000e+02 2.314082e-03
3.628000e+02 2.900283e-03
3.629000e+02 3.482732e-03
3.630000e+02 4.060822e-03
3.631000e+02 4.633948e-03
3.632000e+02 5.201515e-03
3.633000e+02 5.762932e-03
3.634000e+02 6.317616e-03
3.635000e+02 6.864991e-03
3.636000e+02 7.404490e-03
3.637000e+02 7.935555e-03
3.638000e+02 8.457637e-03
3.639000e+02 8.970198e-03
3.640000e+02 9.472710e-03
3.641000e+02 9.964656e-03
3.642000e+02 1.044553e-02
3.643000e+02 1.091484e-02
3.644000e+02 1.137211e-02
3.645000e+02 1.181686e-02
3.646000e+02 1.224866e-02
3.647000e+02 1.266705e-02
3.648000e+02 1.307161e-02
3.649000e+02 1.346193e-02
3.650000e+02 1.383763e-02
3.651000e+02 1.419831e-02
3.652000e+02 1.454363e-02
3.653000e+02 1.487323e-02
3.654000e+02 1.518679e-02
3.655000e+02 1.548399e-02
3.656000e+02 1.576454e-02
3.657000e+02 1.602817e-02
3.658000e+02 1.627462e-02
3.659000e+02 1.650365e-02
3.660000e+02 1.671504e-02
3.661000e+02 1.690858e-02
3.662000e+02 1.708410e-02
3.663000e+02 1.724144e-02
3.664000e+02 1.738044e-02
3.665000e+02 1.750099e-02
3.666000e+02 1.760297e-02
3.667000e+02 1.768631e-02
3.668000e+02 1.775094e-02
3.669000e+02 1.779681e-02
3.670000e+02 1.782390e-02
3.671000e+02 1.783220e-02
3.672000e+02 1.782172e-02
3.673000e+02 1.779250e-02
3.674000e+02 1.774459e-02
3.675000e+02 1.767807e-02
3.676000e+02 1.759303e-02
3.677000e+02 1.748957e-02
3.678000e+02 1.736784e-02
3.679000e+02 1.722797e-02
3.680000e+02 1.707014e-02
3.681000e+02 1.689454e-02
3.682000e+02 1.670138e-02
3.683000e+02 1.649087e-02
3.684000e+02 1.626326e-02
3.685000e+02 1.601881e-02
3.686000e+02 1.575780e-02
3.687000e+02 1.548052e-02
3.688000e+02 1.518729e-02
3.689000e+02 1.487843e-02
3.690000e+02 1.455428e-02
3.691000e+02 1.421521e-02
3.692000e+02 1.386160e-02
3.693000e+02 1.349382e-02
3.694000e+02 1.311228e-02
3.695000e+02 1.271741e-02
3.696000e+02 1.230964e-02
3.697000e+02 1.188940e-02
3.698000e+02 1.145716e-02
3.699000e+02 1.101338e-02
3.700000e+02 1.055855e-02
3.701000e+02 1.009315e-02
3.702000e+02 9.617703e-03
3.703000e+02 9.132702e-03
3.704000e+02 8.638676e-03
3.705000e+02 8.136155e-03
3.706000e+02 7.625678e-03
3.707000e+02 7.107790e-03
3.708000e+02 6.583047e-03
3.709000e+02 6.052008e-03
3.710000e+02 5.515238e-03
3.711000e+02 4.973311e-03
3.712000e+02 4.426801e-03
3.713000e+02 3.876289e-03
3.714000e+02 3.322360e-03
3.715000e+02 2.765599e-03
3.716000e+02 2.206595e-03
3.717000e+02 1.645940e-03
3.718000e+02 1.084224e-03
3.719000e+02 5.220410e-04
3.720000e+02 -4.000000e-05
3.721000e+02 -6.013650e-04
3.722000e+02 -1.161406e-03
3.723000e+02 -1.719555e-03
3.724000e+02 -2.275228e-03
3.725000e+02 -2.827844e-03
3.726000e+02 -3.376823e-03
3.727000e+02 -3.921594e-03
3.728000e+02 -4.461589e-03
3.729000e+02 -4.996245e-03
3.730000e+02 -5.525006e-03
3.731000e+02 -6.047322e-03
3.732000e+02 -6.562653e-03
3.733000e+02 -7.070465e-03
3.734000e+02 -7.570231e-03
3.735000e+02 -8.061436e-03
3.736000e+02 -8.543574e-03
3.737000e+02 -9.016148e-03
3.738000e+02 -9.478672e-03
3.739000e+02 -9.930671e-03
3.740000e+02 -1.037168e-02
3.741000e+02 -1.080125e-02
3.742000e+02 -1.121895e-02
3.743000e+02 -1.162434e-02
3.744000e+02 -1.201702e-02
3.745000e+02 -1.239659e-02
3.746000e+02 -1.276266e-02
3.747000e+02 -1.311486e-02
3.748000e+02 -1.345285e-02
3.749000e+02 -1.377627e-02
3.750000e+02 -1.408482e-02
3.751000e+02 -1.437817e-02
3.752000e+02 -1.465605e-02
3.753000e+02 -1.491817e-02
3.754000e+02 -1.516428e-02
3.755000e+02 -1.539414e-02
3.756000e+02 -1.560753e-02
3.757000e+02 -1.580424e-02
3.758000e+02 -1.598409e-02
3.759000e+02 -1.614690e-02
3.760000e+02 -1.629252e-02
3.761000e+02 -1.642083e-02
3.762000e+02 -1.653170e-02
3.763000e+02 -1.662504e-02
3.764000e+02 -1.670078e-02
3.765000e+02 -1.675885e-02
3.766000e+02 -1.679922e-02
3.767000e+02 -1.682187e-02
3.768000e+02 -1.682678e-02
3.769000e+02 -1.681399e-02
3.770000e+02 -1.678351e-02
3.771000e+02 -1.673541e-02
3.772000e+02 -1.666976e-02
3.773000e+02 -1.658664e-02
3.774000e+02 -1.648617e-02
3.775000e+02 -1.636848e-02
3.776000e+02 -1.623370e-02
3.777000e+02 -1.608200e-02
3.778000e+02 -1.591357e-02
3.779000e+02 -1.572859e-02
3.780000e+02 -1.552728e-02
3.781000e+02 -1.530987e-02
3.782000e+02 -1.507662e-02
3.783000e+02 -1.482778e-02
3.784000e+02 -1.456364e-02
3.785000e+02 -1.428450e-02
3.786000e+02 -1.399066e-02
3.787000e+02 -1.368245e-02
3.788000e+02 -1.336021e-02
3.789000e+02 -1.302431e-02
3.790000e+02 -1.267511e-02
3.791000e+02 -1.231299e-02
3.792000e+02 -1.193835e-02
3.793000e+02 -1.155160e-02
3.794000e+02 -1.115316e-02
3.795000e+02 -1.074347e-02
3.796000e+02 -1.032296e-02
3.797000e+02 -9.892099e-03
3.798000e+02 -9.451348e-03
3.799000e+02 -9.001184e-03
3.800000e+02 -8.542089e-03
3.801000e+02 -8.074560e-03
3.802000e+02 -7.599097e-03
3.803000e+02 -7.116209e-03
3.804000e+02 -6.626415e-03
3.805000e+02 -6.130237e-03
3.806000e+02 -5.628206e-03
3.807000e+02 -5.120855e-03
3.808000e+02 -4.608726e-03
3.809000e+02 -4.092362e-03
3.810000e+02 -3.572312e-03
3.811000e+02 -3.049127e-03
3.812000e+02 -2.523361e-03
3.813000e+02 -1.995570e-03
3.814000e+02 -1.466313e-03
3.815000e+02 -9.361460e-04
3.816000e+02 -4.056290e-04
3.817000e+02 1.246800e-04
3.818000e+02 6.542230e-04
3.819000e+02 1.182444e-03
3.820000e+02 1.708789e-03
3.821000e+02 2.232708e-03
3.822000e+02 2.753651e-03
3.823000e+02 3.271074e-03
3.824000e+02 3.784438e-03
3.825000e+02 4.293207e-03
3.826000e+02 4.796851e-03
3.827000e+02 5.294848e-03
3.828000e+02 5.786679e-03
3.829000e+02 6.271835e-03
3.830000e+02 6.749813e-03
3.831000e+02 7.220119e-03
3.832000e+02 7.682267e-03
3.833000e+02 8.135782e-03
3.834000e+02 8.580195e-03
3.835000e+02 9.015051e-03
3.836000e+02 9.439903e-03
3.837000e+02 9.854316e-03
3.838000e+02 1.025787e-02
3.839000e+02 1.065014e-02
3.840000e+02 1.103075e-02
3.841000e+02 1.139929e-02
3.842000e+02 1.175540e-02
3.843000e+02 1.209871e-02
3.844000e+02 1.242889e-02
3.845000e+02 1.274559e-02
3.846000e+02 1.304851e-02
3.847000e+02 1.333733e-02
3.848000e+02 1.361178e-02
3.849000e+02 1.387157e-02
3.850000e+02 1.411646e-02
3.851000e+02 1.434621e-02
3.852000e+02 1.456058e-02
3.853000e+02 1.475938e-02
3.854000e+02 1.494241e-02
3.855000e+02 1.510949e-02
3.856000e+02 1.526048e-02
3.857000e+02 1.539523e-02
3.858000e+02 1.551362e-02
3.859000e+02 1.561554e-02
3.860000e+02 1.570091e-02
3.861000e+02 1.576966e-02
3.862000e+02 1.582173e-02
3.863000e+02 1.585709e-02
3.864000e+02 1.587573e-02
3.865000e+02 1.587763e-02
3.866000e+02 1.586283e-02
3.867000e+02 1.583135e-02
3.868000e+02 1.578325e-02
3.869000e+02 1.571860e-02
3.870000e+02 1.563749e-02
3.871000e+02 1.554003e-02
3.872000e+02 1.542632e-02
3.873000e+02 1.529653e-02
3.874000e+02 1.515079e-02
3.875000e+02 1.498928e-02
3.876000e+02 1.481220e-02
3.877000e+02 1.461975e-02
3.878000e+02 1.441214e-02
3.879000e+02 1.418962e-02
3.880000e+02 1.395244e-02
3.881000e+02 1.370086e-02
3.882000e+02 1.343517e-02
3.883000e+02 1.315566e-02
3.884000e+02 1.286264e-02
3.885000e+02 1.255644e-02
3.886000e+02 1.223740e-02
3.887000e+02 1.190587e-02
3.888000e+02 1.156221e-02
3.889000e+02 1.120680e-02
3.890000e+02 1.084002e-02
3.891000e+02 1.046228e-02
3.892000e+02 1.007399e-02
3.893000e+02 9.675563e-03
3.894000e+02 9.267436e-03
3.895000e+02 8.850050e-03
3.896000e+02 8.423853e-03
3.897000e+02 7.989306e-03
3.898000e+02 7.546875e-03
3.899000e+02 7.097036e-03
3.900000e+02 6.640270e-03
3.901000e+02 6.177066e-03
3.902000e+02 5.707919e-03
3.903000e+02 5.233330e-03
3.904000e+02 4.753805e-03
3.905000e+02 4.269854e-03
3.906000e+02 3.781991e-03
3.907000e+02 3.290734e-03
3.908000e+02 2.796603e-03
3.909000e+02 2.300123e-03
3.910000e+02 1.801817e-03
3.911000e+02 1.302213e-03
3.912000e+02 8.018370e-04
3.913000e+02 3.012170e-04
3.914000e+02 -1.991220e-04
3.915000e+02 -6.986520e-04
3.916000e+02 -1.196849e-03
3.917000e+02 -1.693192e-03
3.918000e+02 -2.187160e-03
3.919000e+02 -2.678236e-03
3.920000e+02 -3.165907e-03
3.921000e+02 -3.649665e-03
3.922000e+02 -4.129005e-03
3.923000e+02 -4.603429e-03
3.924000e+02 -5.072442e-03
3.925000e+02 -5.535559e-03
3.926000e+02 -5.992300e-03
3.927000e+02 -6.442190e-03
3.928000e+02 -6.884766e-03
3.929000e+02 -7.319570e-03
3.930000e+02 -7.746154e-03
3.931000e+02 -8.164079e-03
3.932000e+02 -8.572916e-03
3.933000e+02 -8.972245e-03
3.934000e+02 -9.361658e-03
3.935000e+02 -9.740756e-03
3.936000e+02 -1.010915e-02
3.937000e+02 -1.046648e-02
3.938000e+02 -1.081236e-02
3.939000e+02 -1.114645e-02
3.940000e+02 -1.146842e-02
3.941000e+02 -1.177794e-02
3.942000e+02 -1.207469e-02
3.943000e+02 -1.235839e-02
3.944000e+02 -1.262874e-02
3.945000e+02 -1.288549e-02
3.946000e+02 -1.312837e-02
3.947000e+02 -1.335714e-02
3.948000e+02 -1.357159e-02
3.949000e+02 -1.377150e-02
3.950000e+02 -1.395668e-02
3.951000e+02 -1.412696e-02
3.952000e+02 -1.428217e-02
3.953000e+02 -1.442216e-02
3.954000e+02 -1.454682e-02
3.955000e+02 -1.465601e-02
3.956000e+02 -1.474966e-02
3.957000e+02 -1.482767e-02
3.958000e+02 -1.488999e-02
3.959000e+02 -1.493657e-02
3.960000e+02 -1.496737e-02
3.961000e+02 -1.498239e-02
3.962000e+02 -1.498163e-02
3.963000e+02 -1.496510e-02
3.964000e+02 -1.493285e-02
3.965000e+02 -1.488492e-02
3.966000e+02 -1.482139e-02
3.967000e+02 -1.474234e-02
3.968000e+02 -1.464787e-02
3.969000e+02 -1.453810e-02
3.970000e+02 -1.441317e-02
3.971000e+02 -1.427322e-02
3.972000e+02 -1.411842e-02
3.973000e+02 -1.394896e-02
3.974000e+02 -1.376502e-02
3.975000e+02 -1.356682e-02
3.976000e+02 -1.335458e-02
3.977000e+02 -1.312854e-02
3.978000e+02 -1.288897e-02
3.979000e+02 -1.263612e-02
3.980000e+02 -1.237028e-02
3.981000e+02 -1.209174e-02
3.982000e+02 -1.180081e-02
3.983000e+02 -1.149782e-02
3.984000e+02 -1.118310e-02
3.985000e+02 -1.085699e-02
3.986000e+02 -1.051984e-02
3.987000e+02 -1.017204e-02
3.988000e+02 -9.813949e-03
3.989000e+02 -9.445964e-03
3.990000e+02 -9.068483e-03
3.991000e+02 -8.681915e-03
3.992000e+02 -8.286677e-03
3.993000e+02 -7.883195e-03
3.994000e+02 -7.471904e-03
3.995000e+02 -7.053246e-03
3.996000e+02 -6.627670e-03
3.997000e+02 -6.195632e-03
3.998000e+02 -5.757594e-03
3.999000e+02 -5.314025e-03
4.000000e+02 -4.865397e-03
