# SEA-Stack Verification Data
# format: timeseries
# source: inwave
# model: sphere_decay_multicode
# quantity: heave_decay
# units: s, m
# columns: Time(s) Heave(m)
# Linear simulation
# Converted from normalised heave * 1.0 m
1.000000e-02 9.938331e-01
2.000000e-02 9.937314e-01
3.000000e-02 9.934390e-01
4.000000e-02 9.929518e-01
5.000000e-02 9.922699e-01
6.000000e-02 9.913933e-01
7.000000e-02 9.903224e-01
8.000000e-02 9.890574e-01
9.000000e-02 9.875985e-01
1.000000e-01 9.859460e-01
1.100000e-01 9.841003e-01
1.200000e-01 9.820618e-01
1.300000e-01 9.798310e-01
1.400000e-01 9.774083e-01
1.500000e-01 9.747943e-01
1.600000e-01 9.719895e-01
1.700000e-01 9.689946e-01
1.800000e-01 9.658102e-01
1.900000e-01 9.624370e-01
2.000000e-01 9.588757e-01
2.100000e-01 9.551271e-01
2.200000e-01 9.511921e-01
2.300000e-01 9.470715e-01
2.400000e-01 9.427662e-01
2.500000e-01 9.382771e-01
2.600000e-01 9.336052e-01
2.700000e-01 9.287516e-01
2.800000e-01 9.237172e-01
2.900000e-01 9.185032e-01
3.000000e-01 9.131108e-01
3.100000e-01 9.075411e-01
3.200000e-01 9.017952e-01
3.300000e-01 8.958745e-01
3.400000e-01 8.897803e-01
3.500000e-01 8.835138e-01
3.600000e-01 8.770765e-01
3.700000e-01 8.704697e-01
3.800000e-01 8.636949e-01
3.900000e-01 8.567536e-01
4.000000e-01 8.496471e-01
4.100000e-01 8.423772e-01
4.200000e-01 8.349453e-01
4.300000e-01 8.273532e-01
4.400000e-01 8.196023e-01
4.500000e-01 8.116945e-01
4.600000e-01 8.036313e-01
4.700000e-01 7.954147e-01
4.800000e-01 7.870462e-01
4.900000e-01 7.785278e-01
5.000000e-01 7.698613e-01
5.100000e-01 7.610486e-01
5.200000e-01 7.520915e-01
5.300000e-01 7.429921e-01
5.400000e-01 7.337522e-01
5.500000e-01 7.243738e-01
5.600000e-01 7.148590e-01
5.700000e-01 7.052098e-01
5.800000e-01 6.954284e-01
5.900000e-01 6.855167e-01
6.000000e-01 6.754769e-01
6.100000e-01 6.653113e-01
6.200000e-01 6.550219e-01
6.300000e-01 6.446109e-01
6.400000e-01 6.340807e-01
6.500000e-01 6.234334e-01
6.600000e-01 6.126714e-01
6.700000e-01 6.017969e-01
6.800000e-01 5.908123e-01
6.900000e-01 5.797199e-01
7.000000e-01 5.685221e-01
7.100000e-01 5.572212e-01
7.200000e-01 5.458197e-01
7.300000e-01 5.343200e-01
7.400000e-01 5.227246e-01
7.500000e-01 5.110359e-01
7.600000e-01 4.992564e-01
7.700000e-01 4.873886e-01
7.800000e-01 4.754350e-01
7.900000e-01 4.633982e-01
8.000000e-01 4.512806e-01
8.100000e-01 4.390850e-01
8.200000e-01 4.268137e-01
8.300000e-01 4.144695e-01
8.400000e-01 4.020550e-01
8.500000e-01 3.895727e-01
8.600000e-01 3.770253e-01
8.700000e-01 3.644155e-01
8.800000e-01 3.517458e-01
8.900000e-01 3.390189e-01
9.000000e-01 3.262376e-01
9.100000e-01 3.134045e-01
9.200000e-01 3.005222e-01
9.300000e-01 2.875935e-01
9.400000e-01 2.746211e-01
9.500000e-01 2.616077e-01
9.600000e-01 2.485560e-01
9.700000e-01 2.354687e-01
9.800000e-01 2.223486e-01
9.900000e-01 2.091983e-01
1.000000e+00 1.960207e-01
1.010000e+00 1.828183e-01
1.020000e+00 1.695941e-01
1.030000e+00 1.563507e-01
1.040000e+00 1.430908e-01
1.050000e+00 1.298172e-01
1.060000e+00 1.165326e-01
1.070000e+00 1.032398e-01
1.080000e+00 8.994154e-02
1.090000e+00 7.664048e-02
1.100000e+00 6.333937e-02
1.110000e+00 5.004096e-02
1.120000e+00 3.674796e-02
1.130000e+00 2.346308e-02
1.140000e+00 1.018905e-02
1.150000e+00 -3.071433e-03
1.160000e+00 -1.631567e-02
1.170000e+00 -2.954097e-02
1.180000e+00 -4.274464e-02
1.190000e+00 -5.592400e-02
1.200000e+00 -6.907639e-02
1.210000e+00 -8.219916e-02
1.220000e+00 -9.528964e-02
1.230000e+00 -1.083452e-01
1.240000e+00 -1.213632e-01
1.250000e+00 -1.343411e-01
1.260000e+00 -1.472762e-01
1.270000e+00 -1.601659e-01
1.280000e+00 -1.730078e-01
1.290000e+00 -1.857991e-01
1.300000e+00 -1.985373e-01
1.310000e+00 -2.112200e-01
1.320000e+00 -2.238446e-01
1.330000e+00 -2.364087e-01
1.340000e+00 -2.489096e-01
1.350000e+00 -2.613450e-01
1.360000e+00 -2.737123e-01
1.370000e+00 -2.860093e-01
1.380000e+00 -2.982333e-01
1.390000e+00 -3.103822e-01
1.400000e+00 -3.224534e-01
1.410000e+00 -3.344447e-01
1.420000e+00 -3.463536e-01
1.430000e+00 -3.581779e-01
1.440000e+00 -3.699153e-01
1.450000e+00 -3.815635e-01
1.460000e+00 -3.931203e-01
1.470000e+00 -4.045834e-01
1.480000e+00 -4.159507e-01
1.490000e+00 -4.272199e-01
1.500000e+00 -4.383889e-01
1.510000e+00 -4.494556e-01
1.520000e+00 -4.604179e-01
1.530000e+00 -4.712737e-01
1.540000e+00 -4.820209e-01
1.550000e+00 -4.926576e-01
1.560000e+00 -5.031817e-01
1.570000e+00 -5.135912e-01
1.580000e+00 -5.238842e-01
1.590000e+00 -5.340588e-01
1.600000e+00 -5.441132e-01
1.610000e+00 -5.540453e-01
1.620000e+00 -5.638535e-01
1.630000e+00 -5.735358e-01
1.640000e+00 -5.830906e-01
1.650000e+00 -5.925161e-01
1.660000e+00 -6.018106e-01
1.670000e+00 -6.109724e-01
1.680000e+00 -6.199998e-01
1.690000e+00 -6.288913e-01
1.700000e+00 -6.376451e-01
1.710000e+00 -6.462599e-01
1.720000e+00 -6.547340e-01
1.730000e+00 -6.630660e-01
1.740000e+00 -6.712544e-01
1.750000e+00 -6.792978e-01
1.760000e+00 -6.871948e-01
1.770000e+00 -6.949440e-01
1.780000e+00 -7.025441e-01
1.790000e+00 -7.099938e-01
1.800000e+00 -7.172919e-01
1.810000e+00 -7.244371e-01
1.820000e+00 -7.314282e-01
1.830000e+00 -7.382641e-01
1.840000e+00 -7.449436e-01
1.850000e+00 -7.514658e-01
1.860000e+00 -7.578294e-01
1.870000e+00 -7.640336e-01
1.880000e+00 -7.700772e-01
1.890000e+00 -7.759595e-01
1.900000e+00 -7.816794e-01
1.910000e+00 -7.872361e-01
1.920000e+00 -7.926288e-01
1.930000e+00 -7.978566e-01
1.940000e+00 -8.029188e-01
1.950000e+00 -8.078147e-01
1.960000e+00 -8.125435e-01
1.970000e+00 -8.171047e-01
1.980000e+00 -8.214975e-01
1.990000e+00 -8.257215e-01
2.000000e+00 -8.297760e-01
2.010000e+00 -8.336605e-01
2.020000e+00 -8.373747e-01
2.030000e+00 -8.409179e-01
2.040000e+00 -8.442899e-01
2.050000e+00 -8.474903e-01
2.060000e+00 -8.505187e-01
2.070000e+00 -8.533749e-01
2.080000e+00 -8.560585e-01
2.090000e+00 -8.585695e-01
2.100000e+00 -8.609075e-01
2.110000e+00 -8.630725e-01
2.120000e+00 -8.650644e-01
2.130000e+00 -8.668830e-01
2.140000e+00 -8.685283e-01
2.150000e+00 -8.700004e-01
2.160000e+00 -8.712993e-01
2.170000e+00 -8.724250e-01
2.180000e+00 -8.733777e-01
2.190000e+00 -8.741575e-01
2.200000e+00 -8.747646e-01
2.210000e+00 -8.751992e-01
2.220000e+00 -8.754615e-01
2.230000e+00 -8.755519e-01
2.240000e+00 -8.754706e-01
2.250000e+00 -8.752181e-01
2.260000e+00 -8.747947e-01
2.270000e+00 -8.742009e-01
2.280000e+00 -8.734371e-01
2.290000e+00 -8.725038e-01
2.300000e+00 -8.714015e-01
2.310000e+00 -8.701308e-01
2.320000e+00 -8.686924e-01
2.330000e+00 -8.670868e-01
2.340000e+00 -8.653147e-01
2.350000e+00 -8.633768e-01
2.360000e+00 -8.612739e-01
2.370000e+00 -8.590067e-01
2.380000e+00 -8.565760e-01
2.390000e+00 -8.539826e-01
2.400000e+00 -8.512275e-01
2.410000e+00 -8.483115e-01
2.420000e+00 -8.452355e-01
2.430000e+00 -8.420005e-01
2.440000e+00 -8.386076e-01
2.450000e+00 -8.350576e-01
2.460000e+00 -8.313517e-01
2.470000e+00 -8.274909e-01
2.480000e+00 -8.234764e-01
2.490000e+00 -8.193093e-01
2.500000e+00 -8.149908e-01
2.510000e+00 -8.105220e-01
2.520000e+00 -8.059043e-01
2.530000e+00 -8.011388e-01
2.540000e+00 -7.962268e-01
2.550000e+00 -7.911698e-01
2.560000e+00 -7.859689e-01
2.570000e+00 -7.806256e-01
2.580000e+00 -7.751412e-01
2.590000e+00 -7.695173e-01
2.600000e+00 -7.637552e-01
2.610000e+00 -7.578564e-01
2.620000e+00 -7.518223e-01
2.630000e+00 -7.456547e-01
2.640000e+00 -7.393549e-01
2.650000e+00 -7.329245e-01
2.660000e+00 -7.263652e-01
2.670000e+00 -7.196786e-01
2.680000e+00 -7.128663e-01
2.690000e+00 -7.059299e-01
2.700000e+00 -6.988712e-01
2.710000e+00 -6.916918e-01
2.720000e+00 -6.843936e-01
2.730000e+00 -6.769782e-01
2.740000e+00 -6.694474e-01
2.750000e+00 -6.618030e-01
2.760000e+00 -6.540469e-01
2.770000e+00 -6.461807e-01
2.780000e+00 -6.382065e-01
2.790000e+00 -6.301261e-01
2.800000e+00 -6.219413e-01
2.810000e+00 -6.136540e-01
2.820000e+00 -6.052663e-01
2.830000e+00 -5.967799e-01
2.840000e+00 -5.881969e-01
2.850000e+00 -5.795193e-01
2.860000e+00 -5.707489e-01
2.870000e+00 -5.618879e-01
2.880000e+00 -5.529382e-01
2.890000e+00 -5.439018e-01
2.900000e+00 -5.347808e-01
2.910000e+00 -5.255773e-01
2.920000e+00 -5.162933e-01
2.930000e+00 -5.069309e-01
2.940000e+00 -4.974922e-01
2.950000e+00 -4.879792e-01
2.960000e+00 -4.783941e-01
2.970000e+00 -4.687391e-01
2.980000e+00 -4.590162e-01
2.990000e+00 -4.492275e-01
3.000000e+00 -4.393753e-01
3.010000e+00 -4.294617e-01
3.020000e+00 -4.194889e-01
3.030000e+00 -4.094590e-01
3.040000e+00 -3.993742e-01
3.050000e+00 -3.892366e-01
3.060000e+00 -3.790486e-01
3.070000e+00 -3.688123e-01
3.080000e+00 -3.585298e-01
3.090000e+00 -3.482034e-01
3.100000e+00 -3.378353e-01
3.110000e+00 -3.274278e-01
3.120000e+00 -3.169830e-01
3.130000e+00 -3.065031e-01
3.140000e+00 -2.959904e-01
3.150000e+00 -2.854471e-01
3.160000e+00 -2.748755e-01
3.170000e+00 -2.642777e-01
3.180000e+00 -2.536559e-01
3.190000e+00 -2.430125e-01
3.200000e+00 -2.323496e-01
3.210000e+00 -2.216695e-01
3.220000e+00 -2.109743e-01
3.230000e+00 -2.002663e-01
3.240000e+00 -1.895478e-01
3.250000e+00 -1.788208e-01
3.260000e+00 -1.680877e-01
3.270000e+00 -1.573507e-01
3.280000e+00 -1.466119e-01
3.290000e+00 -1.358735e-01
3.300000e+00 -1.251378e-01
3.310000e+00 -1.144069e-01
3.320000e+00 -1.036831e-01
3.330000e+00 -9.296840e-02
3.340000e+00 -8.226507e-02
3.350000e+00 -7.157525e-02
3.360000e+00 -6.090110e-02
3.370000e+00 -5.024475e-02
3.380000e+00 -3.960835e-02
3.390000e+00 -2.899402e-02
3.400000e+00 -1.840387e-02
3.410000e+00 -7.840012e-03
3.420000e+00 2.695457e-03
3.430000e+00 1.320045e-02
3.440000e+00 2.367290e-02
3.450000e+00 3.411075e-02
3.460000e+00 4.451193e-02
3.470000e+00 5.487442e-02
3.480000e+00 6.519620e-02
3.490000e+00 7.547524e-02
3.500000e+00 8.570955e-02
3.510000e+00 9.589716e-02
3.520000e+00 1.060361e-01
3.530000e+00 1.161244e-01
3.540000e+00 1.261601e-01
3.550000e+00 1.361413e-01
3.560000e+00 1.460661e-01
3.570000e+00 1.559327e-01
3.580000e+00 1.657390e-01
3.590000e+00 1.754833e-01
3.600000e+00 1.851638e-01
3.610000e+00 1.947786e-01
3.620000e+00 2.043259e-01
3.630000e+00 2.138039e-01
3.640000e+00 2.232108e-01
3.650000e+00 2.325450e-01
3.660000e+00 2.418046e-01
3.670000e+00 2.509880e-01
3.680000e+00 2.600935e-01
3.690000e+00 2.691194e-01
3.700000e+00 2.780640e-01
3.710000e+00 2.869258e-01
3.720000e+00 2.957031e-01
3.730000e+00 3.043944e-01
3.740000e+00 3.129980e-01
3.750000e+00 3.215125e-01
3.760000e+00 3.299363e-01
3.770000e+00 3.382679e-01
3.780000e+00 3.465058e-01
3.790000e+00 3.546487e-01
3.800000e+00 3.626950e-01
3.810000e+00 3.706433e-01
3.820000e+00 3.784924e-01
3.830000e+00 3.862408e-01
3.840000e+00 3.938872e-01
3.850000e+00 4.014303e-01
3.860000e+00 4.088688e-01
3.870000e+00 4.162014e-01
3.880000e+00 4.234269e-01
3.890000e+00 4.305442e-01
3.900000e+00 4.375520e-01
3.910000e+00 4.444491e-01
3.920000e+00 4.512345e-01
3.930000e+00 4.579070e-01
3.940000e+00 4.644656e-01
3.950000e+00 4.709092e-01
3.960000e+00 4.772367e-01
3.970000e+00 4.834472e-01
3.980000e+00 4.895397e-01
3.990000e+00 4.955133e-01
4.000000e+00 5.013671e-01
4.010000e+00 5.071000e-01
4.020000e+00 5.127114e-01
4.030000e+00 5.182003e-01
4.040000e+00 5.235659e-01
4.050000e+00 5.288075e-01
4.060000e+00 5.339243e-01
4.070000e+00 5.389155e-01
4.080000e+00 5.437806e-01
4.090000e+00 5.485187e-01
4.100000e+00 5.531293e-01
4.110000e+00 5.576118e-01
4.120000e+00 5.619655e-01
4.130000e+00 5.661899e-01
4.140000e+00 5.702845e-01
4.150000e+00 5.742488e-01
4.160000e+00 5.780822e-01
4.170000e+00 5.817844e-01
4.180000e+00 5.853550e-01
4.190000e+00 5.887935e-01
4.200000e+00 5.920996e-01
4.210000e+00 5.952729e-01
4.220000e+00 5.983132e-01
4.230000e+00 6.012201e-01
4.240000e+00 6.039935e-01
4.250000e+00 6.066331e-01
4.260000e+00 6.091388e-01
4.270000e+00 6.115103e-01
4.280000e+00 6.137475e-01
4.290000e+00 6.158503e-01
4.300000e+00 6.178187e-01
4.310000e+00 6.196526e-01
4.320000e+00 6.213520e-01
4.330000e+00 6.229168e-01
4.340000e+00 6.243472e-01
4.350000e+00 6.256431e-01
4.360000e+00 6.268047e-01
4.370000e+00 6.278321e-01
4.380000e+00 6.287255e-01
4.390000e+00 6.294849e-01
4.400000e+00 6.301107e-01
4.410000e+00 6.306029e-01
4.420000e+00 6.309620e-01
4.430000e+00 6.311882e-01
4.440000e+00 6.312817e-01
4.450000e+00 6.312429e-01
4.460000e+00 6.310723e-01
4.470000e+00 6.307701e-01
4.480000e+00 6.303368e-01
4.490000e+00 6.297728e-01
4.500000e+00 6.290786e-01
4.510000e+00 6.282546e-01
4.520000e+00 6.273015e-01
4.530000e+00 6.262198e-01
4.540000e+00 6.250099e-01
4.550000e+00 6.236726e-01
4.560000e+00 6.222084e-01
4.570000e+00 6.206179e-01
4.580000e+00 6.189019e-01
4.590000e+00 6.170611e-01
4.600000e+00 6.150961e-01
4.610000e+00 6.130077e-01
4.620000e+00 6.107966e-01
4.630000e+00 6.084637e-01
4.640000e+00 6.060098e-01
4.650000e+00 6.034356e-01
4.660000e+00 6.007422e-01
4.670000e+00 5.979302e-01
4.680000e+00 5.950007e-01
4.690000e+00 5.919545e-01
4.700000e+00 5.887927e-01
4.710000e+00 5.855161e-01
4.720000e+00 5.821258e-01
4.730000e+00 5.786228e-01
4.740000e+00 5.750080e-01
4.750000e+00 5.712827e-01
4.760000e+00 5.674477e-01
4.770000e+00 5.635043e-01
4.780000e+00 5.594535e-01
4.790000e+00 5.552965e-01
4.800000e+00 5.510344e-01
4.810000e+00 5.466684e-01
4.820000e+00 5.421996e-01
4.830000e+00 5.376294e-01
4.840000e+00 5.329588e-01
4.850000e+00 5.281892e-01
4.860000e+00 5.233218e-01
4.870000e+00 5.183578e-01
4.880000e+00 5.132987e-01
4.890000e+00 5.081456e-01
4.900000e+00 5.028999e-01
4.910000e+00 4.975630e-01
4.920000e+00 4.921361e-01
4.930000e+00 4.866208e-01
4.940000e+00 4.810183e-01
4.950000e+00 4.753300e-01
4.960000e+00 4.695575e-01
4.970000e+00 4.637021e-01
4.980000e+00 4.577652e-01
4.990000e+00 4.517483e-01
5.000000e+00 4.456529e-01
5.010000e+00 4.394804e-01
5.020000e+00 4.332324e-01
5.030000e+00 4.269103e-01
5.040000e+00 4.205157e-01
5.050000e+00 4.140501e-01
5.060000e+00 4.075151e-01
5.070000e+00 4.009121e-01
5.080000e+00 3.942428e-01
5.090000e+00 3.875086e-01
5.100000e+00 3.807113e-01
5.110000e+00 3.738523e-01
5.120000e+00 3.669333e-01
5.130000e+00 3.599559e-01
5.140000e+00 3.529217e-01
5.150000e+00 3.458322e-01
5.160000e+00 3.386892e-01
5.170000e+00 3.314943e-01
5.180000e+00 3.242491e-01
5.190000e+00 3.169552e-01
5.200000e+00 3.096143e-01
5.210000e+00 3.022280e-01
5.220000e+00 2.947981e-01
5.230000e+00 2.873262e-01
5.240000e+00 2.798139e-01
5.250000e+00 2.722630e-01
5.260000e+00 2.646750e-01
5.270000e+00 2.570518e-01
5.280000e+00 2.493949e-01
5.290000e+00 2.417061e-01
5.300000e+00 2.339871e-01
5.310000e+00 2.262395e-01
5.320000e+00 2.184650e-01
5.330000e+00 2.106654e-01
5.340000e+00 2.028423e-01
5.350000e+00 1.949974e-01
5.360000e+00 1.871324e-01
5.370000e+00 1.792490e-01
5.380000e+00 1.713490e-01
5.390000e+00 1.634339e-01
5.400000e+00 1.555055e-01
5.410000e+00 1.475655e-01
5.420000e+00 1.396156e-01
5.430000e+00 1.316574e-01
5.440000e+00 1.236926e-01
5.450000e+00 1.157230e-01
5.460000e+00 1.077501e-01
5.470000e+00 9.977568e-02
5.480000e+00 9.180140e-02
5.490000e+00 8.382891e-02
5.500000e+00 7.585986e-02
5.510000e+00 6.789592e-02
5.520000e+00 5.993872e-02
5.530000e+00 5.198992e-02
5.540000e+00 4.405114e-02
5.550000e+00 3.612402e-02
5.560000e+00 2.821017e-02
5.570000e+00 2.031122e-02
5.580000e+00 1.242877e-02
5.590000e+00 4.564422e-03
5.600000e+00 -3.280234e-03
5.610000e+00 -1.110361e-02
5.620000e+00 -1.890414e-02
5.630000e+00 -2.668025e-02
5.640000e+00 -3.443039e-02
5.650000e+00 -4.215300e-02
5.660000e+00 -4.984656e-02
5.670000e+00 -5.750953e-02
5.680000e+00 -6.514040e-02
5.690000e+00 -7.273766e-02
5.700000e+00 -8.029983e-02
5.710000e+00 -8.782540e-02
5.720000e+00 -9.531292e-02
5.730000e+00 -1.027609e-01
5.740000e+00 -1.101680e-01
5.750000e+00 -1.175326e-01
5.760000e+00 -1.248534e-01
5.770000e+00 -1.321290e-01
5.780000e+00 -1.393580e-01
5.790000e+00 -1.465390e-01
5.800000e+00 -1.536706e-01
5.810000e+00 -1.607514e-01
5.820000e+00 -1.677802e-01
5.830000e+00 -1.747556e-01
5.840000e+00 -1.816763e-01
5.850000e+00 -1.885410e-01
5.860000e+00 -1.953484e-01
5.870000e+00 -2.020972e-01
5.880000e+00 -2.087863e-01
5.890000e+00 -2.154143e-01
5.900000e+00 -2.219800e-01
5.910000e+00 -2.284824e-01
5.920000e+00 -2.349200e-01
5.930000e+00 -2.412919e-01
5.940000e+00 -2.475968e-01
5.950000e+00 -2.538336e-01
5.960000e+00 -2.600013e-01
5.970000e+00 -2.660986e-01
5.980000e+00 -2.721245e-01
5.990000e+00 -2.780780e-01
6.000000e+00 -2.839579e-01
6.010000e+00 -2.897634e-01
6.020000e+00 -2.954933e-01
6.030000e+00 -3.011467e-01
6.040000e+00 -3.067226e-01
6.050000e+00 -3.122201e-01
6.060000e+00 -3.176381e-01
6.070000e+00 -3.229759e-01
6.080000e+00 -3.282325e-01
6.090000e+00 -3.334070e-01
6.100000e+00 -3.384986e-01
6.110000e+00 -3.435064e-01
6.120000e+00 -3.484296e-01
6.130000e+00 -3.532675e-01
6.140000e+00 -3.580192e-01
6.150000e+00 -3.626840e-01
6.160000e+00 -3.672612e-01
6.170000e+00 -3.717500e-01
6.180000e+00 -3.761497e-01
6.190000e+00 -3.804598e-01
6.200000e+00 -3.846794e-01
6.210000e+00 -3.888080e-01
6.220000e+00 -3.928449e-01
6.230000e+00 -3.967897e-01
6.240000e+00 -4.006416e-01
6.250000e+00 -4.044002e-01
6.260000e+00 -4.080649e-01
6.270000e+00 -4.116352e-01
6.280000e+00 -4.151107e-01
6.290000e+00 -4.184908e-01
6.300000e+00 -4.217751e-01
6.310000e+00 -4.249632e-01
6.320000e+00 -4.280547e-01
6.330000e+00 -4.310493e-01
6.340000e+00 -4.339464e-01
6.350000e+00 -4.367459e-01
6.360000e+00 -4.394474e-01
6.370000e+00 -4.420506e-01
6.380000e+00 -4.445552e-01
6.390000e+00 -4.469610e-01
6.400000e+00 -4.492677e-01
6.410000e+00 -4.514751e-01
6.420000e+00 -4.535831e-01
6.430000e+00 -4.555915e-01
6.440000e+00 -4.575001e-01
6.450000e+00 -4.593088e-01
6.460000e+00 -4.610176e-01
6.470000e+00 -4.626262e-01
6.480000e+00 -4.641347e-01
6.490000e+00 -4.655431e-01
6.500000e+00 -4.668512e-01
6.510000e+00 -4.680591e-01
6.520000e+00 -4.691669e-01
6.530000e+00 -4.701746e-01
6.540000e+00 -4.710821e-01
6.550000e+00 -4.718898e-01
6.560000e+00 -4.725975e-01
6.570000e+00 -4.732055e-01
6.580000e+00 -4.737139e-01
6.590000e+00 -4.741229e-01
6.600000e+00 -4.744327e-01
6.610000e+00 -4.746434e-01
6.620000e+00 -4.747553e-01
6.630000e+00 -4.747687e-01
6.640000e+00 -4.746838e-01
6.650000e+00 -4.745009e-01
6.660000e+00 -4.742203e-01
6.670000e+00 -4.738424e-01
6.680000e+00 -4.733675e-01
6.690000e+00 -4.727959e-01
6.700000e+00 -4.721281e-01
6.710000e+00 -4.713644e-01
6.720000e+00 -4.705054e-01
6.730000e+00 -4.695513e-01
6.740000e+00 -4.685027e-01
6.750000e+00 -4.673601e-01
6.760000e+00 -4.661239e-01
6.770000e+00 -4.647948e-01
6.780000e+00 -4.633731e-01
6.790000e+00 -4.618595e-01
6.800000e+00 -4.602545e-01
6.810000e+00 -4.585588e-01
6.820000e+00 -4.567729e-01
6.830000e+00 -4.548975e-01
6.840000e+00 -4.529331e-01
6.850000e+00 -4.508805e-01
6.860000e+00 -4.487403e-01
6.870000e+00 -4.465133e-01
6.880000e+00 -4.442000e-01
6.890000e+00 -4.418013e-01
6.900000e+00 -4.393179e-01
6.910000e+00 -4.367505e-01
6.920000e+00 -4.340999e-01
6.930000e+00 -4.313669e-01
6.940000e+00 -4.285523e-01
6.950000e+00 -4.256569e-01
6.960000e+00 -4.226815e-01
6.970000e+00 -4.196270e-01
6.980000e+00 -4.164942e-01
6.990000e+00 -4.132841e-01
7.000000e+00 -4.099974e-01
7.010000e+00 -4.066351e-01
7.020000e+00 -4.031981e-01
7.030000e+00 -3.996873e-01
7.040000e+00 -3.961037e-01
7.050000e+00 -3.924482e-01
7.060000e+00 -3.887218e-01
7.070000e+00 -3.849255e-01
7.080000e+00 -3.810602e-01
7.090000e+00 -3.771269e-01
7.100000e+00 -3.731267e-01
7.110000e+00 -3.690606e-01
7.120000e+00 -3.649296e-01
7.130000e+00 -3.607347e-01
7.140000e+00 -3.564770e-01
7.150000e+00 -3.521577e-01
7.160000e+00 -3.477776e-01
7.170000e+00 -3.433380e-01
7.180000e+00 -3.388399e-01
7.190000e+00 -3.342844e-01
7.200000e+00 -3.296727e-01
7.210000e+00 -3.250058e-01
7.220000e+00 -3.202849e-01
7.230000e+00 -3.155112e-01
7.240000e+00 -3.106857e-01
7.250000e+00 -3.058096e-01
7.260000e+00 -3.008841e-01
7.270000e+00 -2.959104e-01
7.280000e+00 -2.908895e-01
7.290000e+00 -2.858228e-01
7.300000e+00 -2.807114e-01
7.310000e+00 -2.755564e-01
7.320000e+00 -2.703592e-01
7.330000e+00 -2.651208e-01
7.340000e+00 -2.598425e-01
7.350000e+00 -2.545255e-01
7.360000e+00 -2.491711e-01
7.370000e+00 -2.437803e-01
7.380000e+00 -2.383546e-01
7.390000e+00 -2.328951e-01
7.400000e+00 -2.274030e-01
7.410000e+00 -2.218796e-01
7.420000e+00 -2.163262e-01
7.430000e+00 -2.107439e-01
7.440000e+00 -2.051340e-01
7.450000e+00 -1.994978e-01
7.460000e+00 -1.938365e-01
7.470000e+00 -1.881514e-01
7.480000e+00 -1.824438e-01
7.490000e+00 -1.767148e-01
7.500000e+00 -1.709657e-01
7.510000e+00 -1.651978e-01
7.520000e+00 -1.594124e-01
7.530000e+00 -1.536107e-01
7.540000e+00 -1.477940e-01
7.550000e+00 -1.419635e-01
7.560000e+00 -1.361205e-01
7.570000e+00 -1.302663e-01
7.580000e+00 -1.244020e-01
7.590000e+00 -1.185290e-01
7.600000e+00 -1.126486e-01
7.610000e+00 -1.067618e-01
7.620000e+00 -1.008701e-01
7.630000e+00 -9.497462e-02
7.640000e+00 -8.907663e-02
7.650000e+00 -8.317738e-02
7.660000e+00 -7.727810e-02
7.670000e+00 -7.138003e-02
7.680000e+00 -6.548439e-02
7.690000e+00 -5.959241e-02
7.700000e+00 -5.370532e-02
7.710000e+00 -4.782432e-02
7.720000e+00 -4.195064e-02
7.730000e+00 -3.608547e-02
7.740000e+00 -3.023003e-02
7.750000e+00 -2.438551e-02
7.760000e+00 -1.855311e-02
7.770000e+00 -1.273400e-02
7.780000e+00 -6.929372e-03
7.790000e+00 -1.140395e-03
7.800000e+00 4.631763e-03
7.810000e+00 1.038594e-02
7.820000e+00 1.612099e-02
7.830000e+00 2.183575e-02
7.840000e+00 2.752910e-02
7.850000e+00 3.319990e-02
7.860000e+00 3.884702e-02
7.870000e+00 4.446936e-02
7.880000e+00 5.006580e-02
7.890000e+00 5.563524e-02
7.900000e+00 6.117661e-02
7.910000e+00 6.668881e-02
7.920000e+00 7.217077e-02
7.930000e+00 7.762143e-02
7.940000e+00 8.303974e-02
7.950000e+00 8.842465e-02
7.960000e+00 9.377513e-02
7.970000e+00 9.909016e-02
7.980000e+00 1.043687e-01
7.990000e+00 1.096098e-01
8.000000e+00 1.148124e-01
8.010000e+00 1.199756e-01
8.020000e+00 1.250984e-01
8.030000e+00 1.301798e-01
8.040000e+00 1.352188e-01
8.050000e+00 1.402146e-01
8.060000e+00 1.451662e-01
8.070000e+00 1.500728e-01
8.080000e+00 1.549333e-01
8.090000e+00 1.597469e-01
8.100000e+00 1.645127e-01
8.110000e+00 1.692300e-01
8.120000e+00 1.738977e-01
8.130000e+00 1.785151e-01
8.140000e+00 1.830813e-01
8.150000e+00 1.875956e-01
8.160000e+00 1.920571e-01
8.170000e+00 1.964651e-01
8.180000e+00 2.008187e-01
8.190000e+00 2.051173e-01
8.200000e+00 2.093599e-01
8.210000e+00 2.135461e-01
8.220000e+00 2.176749e-01
8.230000e+00 2.217457e-01
8.240000e+00 2.257579e-01
8.250000e+00 2.297106e-01
8.260000e+00 2.336033e-01
8.270000e+00 2.374354e-01
8.280000e+00 2.412061e-01
8.290000e+00 2.449149e-01
8.300000e+00 2.485612e-01
8.310000e+00 2.521443e-01
8.320000e+00 2.556637e-01
8.330000e+00 2.591188e-01
8.340000e+00 2.625091e-01
8.350000e+00 2.658341e-01
8.360000e+00 2.690931e-01
8.370000e+00 2.722859e-01
8.380000e+00 2.754117e-01
8.390000e+00 2.784703e-01
8.400000e+00 2.814610e-01
8.410000e+00 2.843836e-01
8.420000e+00 2.872375e-01
8.430000e+00 2.900223e-01
8.440000e+00 2.927377e-01
8.450000e+00 2.953832e-01
8.460000e+00 2.979586e-01
8.470000e+00 3.004634e-01
8.480000e+00 3.028974e-01
8.490000e+00 3.052602e-01
8.500000e+00 3.075514e-01
8.510000e+00 3.097710e-01
8.520000e+00 3.119185e-01
8.530000e+00 3.139936e-01
8.540000e+00 3.159963e-01
8.550000e+00 3.179262e-01
8.560000e+00 3.197832e-01
8.570000e+00 3.215670e-01
8.580000e+00 3.232775e-01
8.590000e+00 3.249145e-01
8.600000e+00 3.264779e-01
8.610000e+00 3.279676e-01
8.620000e+00 3.293834e-01
8.630000e+00 3.307253e-01
8.640000e+00 3.319931e-01
8.650000e+00 3.331868e-01
8.660000e+00 3.343064e-01
8.670000e+00 3.353518e-01
8.680000e+00 3.363230e-01
8.690000e+00 3.372200e-01
8.700000e+00 3.380428e-01
8.710000e+00 3.387915e-01
8.720000e+00 3.394660e-01
8.730000e+00 3.400665e-01
8.740000e+00 3.405931e-01
8.750000e+00 3.410457e-01
8.760000e+00 3.414246e-01
8.770000e+00 3.417298e-01
8.780000e+00 3.419615e-01
8.790000e+00 3.421198e-01
8.800000e+00 3.422049e-01
8.810000e+00 3.422169e-01
8.820000e+00 3.421562e-01
8.830000e+00 3.420228e-01
8.840000e+00 3.418170e-01
8.850000e+00 3.415390e-01
8.860000e+00 3.411892e-01
8.870000e+00 3.407676e-01
8.880000e+00 3.402748e-01
8.890000e+00 3.397108e-01
8.900000e+00 3.390761e-01
8.910000e+00 3.383710e-01
8.920000e+00 3.375958e-01
8.930000e+00 3.367508e-01
8.940000e+00 3.358365e-01
8.950000e+00 3.348531e-01
8.960000e+00 3.338011e-01
8.970000e+00 3.326810e-01
8.980000e+00 3.314930e-01
8.990000e+00 3.302377e-01
9.000000e+00 3.289154e-01
9.010000e+00 3.275267e-01
9.020000e+00 3.260720e-01
9.030000e+00 3.245518e-01
9.040000e+00 3.229666e-01
9.050000e+00 3.213169e-01
9.060000e+00 3.196032e-01
9.070000e+00 3.178260e-01
9.080000e+00 3.159859e-01
9.090000e+00 3.140834e-01
9.100000e+00 3.121191e-01
9.110000e+00 3.100936e-01
9.120000e+00 3.080074e-01
9.130000e+00 3.058612e-01
9.140000e+00 3.036556e-01
9.150000e+00 3.013912e-01
9.160000e+00 2.990686e-01
9.170000e+00 2.966884e-01
9.180000e+00 2.942513e-01
9.190000e+00 2.917580e-01
9.200000e+00 2.892092e-01
9.210000e+00 2.866055e-01
9.220000e+00 2.839476e-01
9.230000e+00 2.812362e-01
9.240000e+00 2.784720e-01
9.250000e+00 2.756558e-01
9.260000e+00 2.727882e-01
9.270000e+00 2.698700e-01
9.280000e+00 2.669020e-01
9.290000e+00 2.638849e-01
9.300000e+00 2.608194e-01
9.310000e+00 2.577064e-01
9.320000e+00 2.545466e-01
9.330000e+00 2.513408e-01
9.340000e+00 2.480897e-01
9.350000e+00 2.447943e-01
9.360000e+00 2.414552e-01
9.370000e+00 2.380733e-01
9.380000e+00 2.346495e-01
9.390000e+00 2.311845e-01
9.400000e+00 2.276792e-01
9.410000e+00 2.241344e-01
9.420000e+00 2.205510e-01
9.430000e+00 2.169298e-01
9.440000e+00 2.132717e-01
9.450000e+00 2.095775e-01
9.460000e+00 2.058481e-01
9.470000e+00 2.020844e-01
9.480000e+00 1.982872e-01
9.490000e+00 1.944575e-01
9.500000e+00 1.905960e-01
9.510000e+00 1.867038e-01
9.520000e+00 1.827817e-01
9.530000e+00 1.788306e-01
9.540000e+00 1.748514e-01
9.550000e+00 1.708450e-01
9.560000e+00 1.668123e-01
9.570000e+00 1.627543e-01
9.580000e+00 1.586717e-01
9.590000e+00 1.545657e-01
9.600000e+00 1.504370e-01
9.610000e+00 1.462866e-01
9.620000e+00 1.421154e-01
9.630000e+00 1.379244e-01
9.640000e+00 1.337144e-01
9.650000e+00 1.294865e-01
9.660000e+00 1.252414e-01
9.670000e+00 1.209803e-01
9.680000e+00 1.167039e-01
9.690000e+00 1.124132e-01
9.700000e+00 1.081092e-01
9.710000e+00 1.037928e-01
9.720000e+00 9.946493e-02
9.730000e+00 9.512650e-02
9.740000e+00 9.077845e-02
9.750000e+00 8.642173e-02
9.760000e+00 8.205726e-02
9.770000e+00 7.768596e-02
9.780000e+00 7.330878e-02
9.790000e+00 6.892664e-02
9.800000e+00 6.454047e-02
9.810000e+00 6.015118e-02
9.820000e+00 5.575971e-02
9.830000e+00 5.136698e-02
9.840000e+00 4.697390e-02
9.850000e+00 4.258140e-02
9.860000e+00 3.819037e-02
9.870000e+00 3.380175e-02
9.880000e+00 2.941643e-02
9.890000e+00 2.503533e-02
9.900000e+00 2.065933e-02
9.910000e+00 1.628935e-02
9.920000e+00 1.192628e-02
9.930000e+00 7.570998e-03
9.940000e+00 3.224406e-03
9.950000e+00 -1.112618e-03
9.960000e+00 -5.439196e-03
9.970000e+00 -9.754452e-03
9.980000e+00 -1.405752e-02
9.990000e+00 -1.834753e-02
1.000000e+01 -2.262363e-02
1.001000e+01 -2.688496e-02
1.002000e+01 -3.113067e-02
1.003000e+01 -3.535992e-02
1.004000e+01 -3.957187e-02
1.005000e+01 -4.376569e-02
1.006000e+01 -4.794055e-02
1.007000e+01 -5.209563e-02
1.008000e+01 -5.623012e-02
1.009000e+01 -6.034322e-02
1.010000e+01 -6.443412e-02
1.011000e+01 -6.850202e-02
1.012000e+01 -7.254614e-02
1.013000e+01 -7.656570e-02
1.014000e+01 -8.055994e-02
1.015000e+01 -8.452807e-02
1.016000e+01 -8.846935e-02
1.017000e+01 -9.238302e-02
1.018000e+01 -9.626834e-02
1.019000e+01 -1.001246e-01
1.020000e+01 -1.039510e-01
1.021000e+01 -1.077469e-01
1.022000e+01 -1.115116e-01
1.023000e+01 -1.152443e-01
1.024000e+01 -1.189444e-01
1.025000e+01 -1.226111e-01
1.026000e+01 -1.262439e-01
1.027000e+01 -1.298420e-01
1.028000e+01 -1.334048e-01
1.029000e+01 -1.369316e-01
1.030000e+01 -1.404218e-01
1.031000e+01 -1.438747e-01
1.032000e+01 -1.472898e-01
1.033000e+01 -1.506664e-01
1.034000e+01 -1.540040e-01
1.035000e+01 -1.573018e-01
1.036000e+01 -1.605595e-01
1.037000e+01 -1.637762e-01
1.038000e+01 -1.669516e-01
1.039000e+01 -1.700851e-01
1.040000e+01 -1.731761e-01
1.041000e+01 -1.762240e-01
1.042000e+01 -1.792285e-01
1.043000e+01 -1.821888e-01
1.044000e+01 -1.851047e-01
1.045000e+01 -1.879755e-01
1.046000e+01 -1.908007e-01
1.047000e+01 -1.935800e-01
1.048000e+01 -1.963128e-01
1.049000e+01 -1.989988e-01
1.050000e+01 -2.016374e-01
1.051000e+01 -2.042282e-01
1.052000e+01 -2.067709e-01
1.053000e+01 -2.092650e-01
1.054000e+01 -2.117102e-01
1.055000e+01 -2.141060e-01
1.056000e+01 -2.164521e-01
1.057000e+01 -2.187481e-01
1.058000e+01 -2.209937e-01
1.059000e+01 -2.231885e-01
1.060000e+01 -2.253323e-01
1.061000e+01 -2.274247e-01
1.062000e+01 -2.294654e-01
1.063000e+01 -2.314541e-01
1.064000e+01 -2.333905e-01
1.065000e+01 -2.352744e-01
1.066000e+01 -2.371056e-01
1.067000e+01 -2.388837e-01
1.068000e+01 -2.406086e-01
1.069000e+01 -2.422800e-01
1.070000e+01 -2.438977e-01
1.071000e+01 -2.454615e-01
1.072000e+01 -2.469713e-01
1.073000e+01 -2.484269e-01
1.074000e+01 -2.498280e-01
1.075000e+01 -2.511747e-01
1.076000e+01 -2.524666e-01
1.077000e+01 -2.537037e-01
1.078000e+01 -2.548860e-01
1.079000e+01 -2.560132e-01
1.080000e+01 -2.570853e-01
1.081000e+01 -2.581022e-01
1.082000e+01 -2.590638e-01
1.083000e+01 -2.599702e-01
1.084000e+01 -2.608211e-01
1.085000e+01 -2.616168e-01
1.086000e+01 -2.623570e-01
1.087000e+01 -2.630417e-01
1.088000e+01 -2.636711e-01
1.089000e+01 -2.642451e-01
1.090000e+01 -2.647637e-01
1.091000e+01 -2.652270e-01
1.092000e+01 -2.656350e-01
1.093000e+01 -2.659878e-01
1.094000e+01 -2.662854e-01
1.095000e+01 -2.665280e-01
1.096000e+01 -2.667156e-01
1.097000e+01 -2.668483e-01
1.098000e+01 -2.669263e-01
1.099000e+01 -2.669497e-01
1.100000e+01 -2.669186e-01
1.101000e+01 -2.668331e-01
1.102000e+01 -2.666935e-01
1.103000e+01 -2.664999e-01
1.104000e+01 -2.662525e-01
1.105000e+01 -2.659514e-01
1.106000e+01 -2.655969e-01
1.107000e+01 -2.651893e-01
1.108000e+01 -2.647286e-01
1.109000e+01 -2.642152e-01
1.110000e+01 -2.636494e-01
1.111000e+01 -2.630312e-01
1.112000e+01 -2.623612e-01
1.113000e+01 -2.616394e-01
1.114000e+01 -2.608662e-01
1.115000e+01 -2.600419e-01
1.116000e+01 -2.591668e-01
1.117000e+01 -2.582412e-01
1.118000e+01 -2.572655e-01
1.119000e+01 -2.562399e-01
1.120000e+01 -2.551649e-01
1.121000e+01 -2.540407e-01
1.122000e+01 -2.528678e-01
1.123000e+01 -2.516465e-01
1.124000e+01 -2.503772e-01
1.125000e+01 -2.490603e-01
1.126000e+01 -2.476962e-01
1.127000e+01 -2.462853e-01
1.128000e+01 -2.448280e-01
1.129000e+01 -2.433248e-01
1.130000e+01 -2.417760e-01
1.131000e+01 -2.401822e-01
1.132000e+01 -2.385438e-01
1.133000e+01 -2.368612e-01
1.134000e+01 -2.351349e-01
1.135000e+01 -2.333654e-01
1.136000e+01 -2.315531e-01
1.137000e+01 -2.296987e-01
1.138000e+01 -2.278024e-01
1.139000e+01 -2.258650e-01
1.140000e+01 -2.238868e-01
1.141000e+01 -2.218685e-01
1.142000e+01 -2.198104e-01
1.143000e+01 -2.177133e-01
1.144000e+01 -2.155775e-01
1.145000e+01 -2.134037e-01
1.146000e+01 -2.111924e-01
1.147000e+01 -2.089442e-01
1.148000e+01 -2.066597e-01
1.149000e+01 -2.043393e-01
1.150000e+01 -2.019838e-01
1.151000e+01 -1.995936e-01
1.152000e+01 -1.971694e-01
1.153000e+01 -1.947118e-01
1.154000e+01 -1.922213e-01
1.155000e+01 -1.896987e-01
1.156000e+01 -1.871444e-01
1.157000e+01 -1.845592e-01
1.158000e+01 -1.819435e-01
1.159000e+01 -1.792982e-01
1.160000e+01 -1.766237e-01
1.161000e+01 -1.739208e-01
1.162000e+01 -1.711901e-01
1.163000e+01 -1.684322e-01
1.164000e+01 -1.656477e-01
1.165000e+01 -1.628374e-01
1.166000e+01 -1.600018e-01
1.167000e+01 -1.571417e-01
1.168000e+01 -1.542577e-01
1.169000e+01 -1.513505e-01
1.170000e+01 -1.484207e-01
1.171000e+01 -1.454690e-01
1.172000e+01 -1.424961e-01
1.173000e+01 -1.395027e-01
1.174000e+01 -1.364895e-01
1.175000e+01 -1.334570e-01
1.176000e+01 -1.304061e-01
1.177000e+01 -1.273375e-01
1.178000e+01 -1.242517e-01
1.179000e+01 -1.211495e-01
1.180000e+01 -1.180316e-01
1.181000e+01 -1.148986e-01
1.182000e+01 -1.117514e-01
1.183000e+01 -1.085905e-01
1.184000e+01 -1.054167e-01
1.185000e+01 -1.022307e-01
1.186000e+01 -9.903310e-02
1.187000e+01 -9.582471e-02
1.188000e+01 -9.260620e-02
1.189000e+01 -8.937826e-02
1.190000e+01 -8.614160e-02
1.191000e+01 -8.289692e-02
1.192000e+01 -7.964492e-02
1.193000e+01 -7.638631e-02
1.194000e+01 -7.312177e-02
1.195000e+01 -6.985202e-02
1.196000e+01 -6.657776e-02
1.197000e+01 -6.329967e-02
1.198000e+01 -6.001846e-02
1.199000e+01 -5.673483e-02
1.200000e+01 -5.344947e-02
1.201000e+01 -5.016307e-02
1.202000e+01 -4.687633e-02
1.203000e+01 -4.358994e-02
1.204000e+01 -4.030458e-02
1.205000e+01 -3.702094e-02
1.206000e+01 -3.373971e-02
1.207000e+01 -3.046156e-02
1.208000e+01 -2.718719e-02
1.209000e+01 -2.391726e-02
1.210000e+01 -2.065244e-02
1.211000e+01 -1.739342e-02
1.212000e+01 -1.414086e-02
1.213000e+01 -1.089542e-02
1.214000e+01 -7.657764e-03
1.215000e+01 -4.428556e-03
1.216000e+01 -1.208449e-03
1.217000e+01 2.001907e-03
1.218000e+01 5.201862e-03
1.219000e+01 8.390773e-03
1.220000e+01 1.156800e-02
1.221000e+01 1.473291e-02
1.222000e+01 1.788486e-02
1.223000e+01 2.102324e-02
1.224000e+01 2.414741e-02
1.225000e+01 2.725676e-02
1.226000e+01 3.035068e-02
1.227000e+01 3.342856e-02
1.228000e+01 3.648979e-02
1.229000e+01 3.953378e-02
1.230000e+01 4.255993e-02
1.231000e+01 4.556765e-02
1.232000e+01 4.855637e-02
1.233000e+01 5.152550e-02
1.234000e+01 5.447448e-02
1.235000e+01 5.740273e-02
1.236000e+01 6.030970e-02
1.237000e+01 6.319483e-02
1.238000e+01 6.605758e-02
1.239000e+01 6.889740e-02
1.240000e+01 7.171376e-02
1.241000e+01 7.450613e-02
1.242000e+01 7.727399e-02
1.243000e+01 8.001682e-02
1.244000e+01 8.273411e-02
1.245000e+01 8.542536e-02
1.246000e+01 8.809007e-02
1.247000e+01 9.072775e-02
1.248000e+01 9.333793e-02
1.249000e+01 9.592012e-02
1.250000e+01 9.847386e-02
1.251000e+01 1.009987e-01
1.252000e+01 1.034941e-01
1.253000e+01 1.059598e-01
1.254000e+01 1.083952e-01
1.255000e+01 1.107999e-01
1.256000e+01 1.131735e-01
1.257000e+01 1.155156e-01
1.258000e+01 1.178258e-01
1.259000e+01 1.201036e-01
1.260000e+01 1.223487e-01
1.261000e+01 1.245607e-01
1.262000e+01 1.267393e-01
1.263000e+01 1.288839e-01
1.264000e+01 1.309944e-01
1.265000e+01 1.330703e-01
1.266000e+01 1.351113e-01
1.267000e+01 1.371171e-01
1.268000e+01 1.390872e-01
1.269000e+01 1.410215e-01
1.270000e+01 1.429196e-01
1.271000e+01 1.447812e-01
1.272000e+01 1.466060e-01
1.273000e+01 1.483938e-01
1.274000e+01 1.501441e-01
1.275000e+01 1.518569e-01
1.276000e+01 1.535317e-01
1.277000e+01 1.551685e-01
1.278000e+01 1.567668e-01
1.279000e+01 1.583265e-01
1.280000e+01 1.598475e-01
1.281000e+01 1.613293e-01
1.282000e+01 1.627719e-01
1.283000e+01 1.641751e-01
1.284000e+01 1.655386e-01
1.285000e+01 1.668623e-01
1.286000e+01 1.681460e-01
1.287000e+01 1.693895e-01
1.288000e+01 1.705928e-01
1.289000e+01 1.717555e-01
1.290000e+01 1.728777e-01
1.291000e+01 1.739592e-01
1.292000e+01 1.749998e-01
1.293000e+01 1.759995e-01
1.294000e+01 1.769582e-01
1.295000e+01 1.778757e-01
1.296000e+01 1.787520e-01
1.297000e+01 1.795870e-01
1.298000e+01 1.803807e-01
1.299000e+01 1.811329e-01
1.300000e+01 1.818437e-01
1.301000e+01 1.825131e-01
1.302000e+01 1.831408e-01
1.303000e+01 1.837271e-01
1.304000e+01 1.842718e-01
1.305000e+01 1.847749e-01
1.306000e+01 1.852365e-01
1.307000e+01 1.856565e-01
1.308000e+01 1.860351e-01
1.309000e+01 1.863721e-01
1.310000e+01 1.866678e-01
1.311000e+01 1.869220e-01
1.312000e+01 1.871349e-01
1.313000e+01 1.873066e-01
1.314000e+01 1.874370e-01
1.315000e+01 1.875264e-01
1.316000e+01 1.875747e-01
1.317000e+01 1.875822e-01
1.318000e+01 1.875488e-01
1.319000e+01 1.874748e-01
1.320000e+01 1.873602e-01
1.321000e+01 1.872052e-01
1.322000e+01 1.870099e-01
1.323000e+01 1.867745e-01
1.324000e+01 1.864991e-01
1.325000e+01 1.861839e-01
1.326000e+01 1.858291e-01
1.327000e+01 1.854349e-01
1.328000e+01 1.850013e-01
1.329000e+01 1.845287e-01
1.330000e+01 1.840173e-01
1.331000e+01 1.834672e-01
1.332000e+01 1.828787e-01
1.333000e+01 1.822520e-01
1.334000e+01 1.815874e-01
1.335000e+01 1.808850e-01
1.336000e+01 1.801452e-01
1.337000e+01 1.793682e-01
1.338000e+01 1.785542e-01
1.339000e+01 1.777036e-01
1.340000e+01 1.768165e-01
1.341000e+01 1.758934e-01
1.342000e+01 1.749345e-01
1.343000e+01 1.739400e-01
1.344000e+01 1.729103e-01
1.345000e+01 1.718458e-01
1.346000e+01 1.707466e-01
1.347000e+01 1.696132e-01
1.348000e+01 1.684459e-01
1.349000e+01 1.672450e-01
1.350000e+01 1.660109e-01
1.351000e+01 1.647439e-01
1.352000e+01 1.634444e-01
1.353000e+01 1.621126e-01
1.354000e+01 1.607491e-01
1.355000e+01 1.593542e-01
1.356000e+01 1.579282e-01
1.357000e+01 1.564716e-01
1.358000e+01 1.549846e-01
1.359000e+01 1.534678e-01
1.360000e+01 1.519216e-01
1.361000e+01 1.503462e-01
1.362000e+01 1.487422e-01
1.363000e+01 1.471100e-01
1.364000e+01 1.454499e-01
1.365000e+01 1.437624e-01
1.366000e+01 1.420480e-01
1.367000e+01 1.403070e-01
1.368000e+01 1.385399e-01
1.369000e+01 1.367472e-01
1.370000e+01 1.349293e-01
1.371000e+01 1.330866e-01
1.372000e+01 1.312196e-01
1.373000e+01 1.293288e-01
1.374000e+01 1.274146e-01
1.375000e+01 1.254774e-01
1.376000e+01 1.235179e-01
1.377000e+01 1.215363e-01
1.378000e+01 1.195333e-01
1.379000e+01 1.175093e-01
1.380000e+01 1.154647e-01
1.381000e+01 1.134001e-01
1.382000e+01 1.113160e-01
1.383000e+01 1.092128e-01
1.384000e+01 1.070910e-01
1.385000e+01 1.049511e-01
1.386000e+01 1.027937e-01
1.387000e+01 1.006192e-01
1.388000e+01 9.842814e-02
1.389000e+01 9.622102e-02
1.390000e+01 9.399834e-02
1.391000e+01 9.176063e-02
1.392000e+01 8.950838e-02
1.393000e+01 8.724212e-02
1.394000e+01 8.496235e-02
1.395000e+01 8.266960e-02
1.396000e+01 8.036438e-02
1.397000e+01 7.804720e-02
1.398000e+01 7.571860e-02
1.399000e+01 7.337909e-02
1.400000e+01 7.102918e-02
1.401000e+01 6.866941e-02
1.402000e+01 6.630030e-02
1.403000e+01 6.392236e-02
1.404000e+01 6.153613e-02
1.405000e+01 5.914213e-02
1.406000e+01 5.674088e-02
1.407000e+01 5.433290e-02
1.408000e+01 5.191872e-02
1.409000e+01 4.949887e-02
1.410000e+01 4.707386e-02
1.411000e+01 4.464423e-02
1.412000e+01 4.221048e-02
1.413000e+01 3.977316e-02
1.414000e+01 3.733277e-02
1.415000e+01 3.488984e-02
1.416000e+01 3.244489e-02
1.417000e+01 2.999844e-02
1.418000e+01 2.755100e-02
1.419000e+01 2.510309e-02
1.420000e+01 2.265523e-02
1.421000e+01 2.020793e-02
1.422000e+01 1.776170e-02
1.423000e+01 1.531705e-02
1.424000e+01 1.287449e-02
1.425000e+01 1.043454e-02
1.426000e+01 7.997682e-03
1.427000e+01 5.564432e-03
1.428000e+01 3.135289e-03
1.429000e+01 7.107510e-04
1.430000e+01 -1.708688e-03
1.431000e+01 -4.122532e-03
1.432000e+01 -6.530291e-03
1.433000e+01 -8.931478e-03
1.434000e+01 -1.132561e-02
1.435000e+01 -1.371219e-02
1.436000e+01 -1.609076e-02
1.437000e+01 -1.846083e-02
1.438000e+01 -2.082192e-02
1.439000e+01 -2.317358e-02
1.440000e+01 -2.551532e-02
1.441000e+01 -2.784670e-02
1.442000e+01 -3.016724e-02
1.443000e+01 -3.247650e-02
1.444000e+01 -3.477401e-02
1.445000e+01 -3.705933e-02
1.446000e+01 -3.933201e-02
1.447000e+01 -4.159162e-02
1.448000e+01 -4.383771e-02
1.449000e+01 -4.606985e-02
1.450000e+01 -4.828762e-02
1.451000e+01 -5.049058e-02
1.452000e+01 -5.267832e-02
1.453000e+01 -5.485042e-02
1.454000e+01 -5.700646e-02
1.455000e+01 -5.914605e-02
1.456000e+01 -6.126878e-02
1.457000e+01 -6.337424e-02
1.458000e+01 -6.546206e-02
1.459000e+01 -6.753183e-02
1.460000e+01 -6.958318e-02
1.461000e+01 -7.161572e-02
1.462000e+01 -7.362909e-02
1.463000e+01 -7.562291e-02
1.464000e+01 -7.759682e-02
1.465000e+01 -7.955047e-02
1.466000e+01 -8.148349e-02
1.467000e+01 -8.339555e-02
1.468000e+01 -8.528629e-02
1.469000e+01 -8.715539e-02
1.470000e+01 -8.900251e-02
1.471000e+01 -9.082733e-02
1.472000e+01 -9.262953e-02
1.473000e+01 -9.440878e-02
1.474000e+01 -9.616479e-02
1.475000e+01 -9.789724e-02
1.476000e+01 -9.960585e-02
1.477000e+01 -1.012903e-01
1.478000e+01 -1.029504e-01
1.479000e+01 -1.045857e-01
1.480000e+01 -1.061961e-01
1.481000e+01 -1.077812e-01
1.482000e+01 -1.093408e-01
1.483000e+01 -1.108747e-01
1.484000e+01 -1.123825e-01
1.485000e+01 -1.138641e-01
1.486000e+01 -1.153192e-01
1.487000e+01 -1.167475e-01
1.488000e+01 -1.181490e-01
1.489000e+01 -1.195232e-01
1.490000e+01 -1.208701e-01
1.491000e+01 -1.221894e-01
1.492000e+01 -1.234809e-01
1.493000e+01 -1.247444e-01
1.494000e+01 -1.259798e-01
1.495000e+01 -1.271869e-01
1.496000e+01 -1.283654e-01
1.497000e+01 -1.295152e-01
1.498000e+01 -1.306362e-01
1.499000e+01 -1.317282e-01
1.500000e+01 -1.327911e-01
1.501000e+01 -1.338246e-01
1.502000e+01 -1.348288e-01
1.503000e+01 -1.358034e-01
1.504000e+01 -1.367483e-01
1.505000e+01 -1.376635e-01
1.506000e+01 -1.385487e-01
1.507000e+01 -1.394040e-01
1.508000e+01 -1.402291e-01
1.509000e+01 -1.410241e-01
1.510000e+01 -1.417889e-01
1.511000e+01 -1.425233e-01
1.512000e+01 -1.432273e-01
1.513000e+01 -1.439008e-01
1.514000e+01 -1.445438e-01
1.515000e+01 -1.451562e-01
1.516000e+01 -1.457380e-01
1.517000e+01 -1.462892e-01
1.518000e+01 -1.468097e-01
1.519000e+01 -1.472994e-01
1.520000e+01 -1.477585e-01
1.521000e+01 -1.481868e-01
1.522000e+01 -1.485844e-01
1.523000e+01 -1.489512e-01
1.524000e+01 -1.492874e-01
1.525000e+01 -1.495928e-01
1.526000e+01 -1.498675e-01
1.527000e+01 -1.501116e-01
1.528000e+01 -1.503251e-01
1.529000e+01 -1.505079e-01
1.530000e+01 -1.506603e-01
1.531000e+01 -1.507821e-01
1.532000e+01 -1.508736e-01
1.533000e+01 -1.509346e-01
1.534000e+01 -1.509654e-01
1.535000e+01 -1.509660e-01
1.536000e+01 -1.509365e-01
1.537000e+01 -1.508769e-01
1.538000e+01 -1.507874e-01
1.539000e+01 -1.506681e-01
1.540000e+01 -1.505190e-01
1.541000e+01 -1.503403e-01
1.542000e+01 -1.501321e-01
1.543000e+01 -1.498946e-01
1.544000e+01 -1.496278e-01
1.545000e+01 -1.493320e-01
1.546000e+01 -1.490072e-01
1.547000e+01 -1.486535e-01
1.548000e+01 -1.482712e-01
1.549000e+01 -1.478605e-01
1.550000e+01 -1.474214e-01
1.551000e+01 -1.469541e-01
1.552000e+01 -1.464589e-01
1.553000e+01 -1.459359e-01
1.554000e+01 -1.453852e-01
1.555000e+01 -1.448071e-01
1.556000e+01 -1.442019e-01
1.557000e+01 -1.435696e-01
1.558000e+01 -1.429104e-01
1.559000e+01 -1.422247e-01
1.560000e+01 -1.415126e-01
1.561000e+01 -1.407743e-01
1.562000e+01 -1.400101e-01
1.563000e+01 -1.392202e-01
1.564000e+01 -1.384049e-01
1.565000e+01 -1.375643e-01
1.566000e+01 -1.366987e-01
1.567000e+01 -1.358084e-01
1.568000e+01 -1.348936e-01
1.569000e+01 -1.339546e-01
1.570000e+01 -1.329917e-01
1.571000e+01 -1.320050e-01
1.572000e+01 -1.309950e-01
1.573000e+01 -1.299618e-01
1.574000e+01 -1.289058e-01
1.575000e+01 -1.278271e-01
1.576000e+01 -1.267262e-01
1.577000e+01 -1.256033e-01
1.578000e+01 -1.244587e-01
1.579000e+01 -1.232927e-01
1.580000e+01 -1.221057e-01
1.581000e+01 -1.208978e-01
1.582000e+01 -1.196694e-01
1.583000e+01 -1.184209e-01
1.584000e+01 -1.171525e-01
1.585000e+01 -1.158645e-01
1.586000e+01 -1.145574e-01
1.587000e+01 -1.132314e-01
1.588000e+01 -1.118868e-01
1.589000e+01 -1.105240e-01
1.590000e+01 -1.091433e-01
1.591000e+01 -1.077451e-01
1.592000e+01 -1.063297e-01
1.593000e+01 -1.048973e-01
1.594000e+01 -1.034485e-01
1.595000e+01 -1.019835e-01
1.596000e+01 -1.005026e-01
1.597000e+01 -9.900629e-02
1.598000e+01 -9.749485e-02
1.599000e+01 -9.596865e-02
1.600000e+01 -9.442804e-02
1.601000e+01 -9.287339e-02
1.602000e+01 -9.130505e-02
1.603000e+01 -8.972340e-02
1.604000e+01 -8.812880e-02
1.605000e+01 -8.652162e-02
1.606000e+01 -8.490223e-02
1.607000e+01 -8.327099e-02
1.608000e+01 -8.162828e-02
1.609000e+01 -7.997448e-02
1.610000e+01 -7.830995e-02
1.611000e+01 -7.663508e-02
1.612000e+01 -7.495024e-02
1.613000e+01 -7.325582e-02
1.614000e+01 -7.155218e-02
1.615000e+01 -6.983971e-02
1.616000e+01 -6.811879e-02
1.617000e+01 -6.638980e-02
1.618000e+01 -6.465312e-02
1.619000e+01 -6.290914e-02
1.620000e+01 -6.115824e-02
1.621000e+01 -5.940079e-02
1.622000e+01 -5.763720e-02
1.623000e+01 -5.586783e-02
1.624000e+01 -5.409307e-02
1.625000e+01 -5.231331e-02
1.626000e+01 -5.052893e-02
1.627000e+01 -4.874031e-02
1.628000e+01 -4.694785e-02
1.629000e+01 -4.515191e-02
1.630000e+01 -4.335288e-02
1.631000e+01 -4.155115e-02
1.632000e+01 -3.974710e-02
1.633000e+01 -3.794110e-02
1.634000e+01 -3.613355e-02
1.635000e+01 -3.432481e-02
1.636000e+01 -3.251527e-02
1.637000e+01 -3.070531e-02
1.638000e+01 -2.889530e-02
1.639000e+01 -2.708562e-02
1.640000e+01 -2.527664e-02
1.641000e+01 -2.346875e-02
1.642000e+01 -2.166230e-02
1.643000e+01 -1.985768e-02
1.644000e+01 -1.805524e-02
1.645000e+01 -1.625537e-02
1.646000e+01 -1.445842e-02
1.647000e+01 -1.266476e-02
1.648000e+01 -1.087476e-02
1.649000e+01 -9.088775e-03
1.650000e+01 -7.307166e-03
1.651000e+01 -5.530289e-03
1.652000e+01 -3.758503e-03
1.653000e+01 -1.992159e-03
1.654000e+01 -2.316110e-04
1.655000e+01 1.522793e-03
1.656000e+01 3.270706e-03
1.657000e+01 5.011782e-03
1.658000e+01 6.745680e-03
1.659000e+01 8.472058e-03
1.660000e+01 1.019058e-02
1.661000e+01 1.190091e-02
1.662000e+01 1.360272e-02
1.663000e+01 1.529567e-02
1.664000e+01 1.697944e-02
1.665000e+01 1.865371e-02
1.666000e+01 2.031815e-02
1.667000e+01 2.197245e-02
1.668000e+01 2.361628e-02
1.669000e+01 2.524935e-02
1.670000e+01 2.687133e-02
1.671000e+01 2.848193e-02
1.672000e+01 3.008083e-02
1.673000e+01 3.166775e-02
1.674000e+01 3.324238e-02
1.675000e+01 3.480443e-02
1.676000e+01 3.635361e-02
1.677000e+01 3.788964e-02
1.678000e+01 3.941223e-02
1.679000e+01 4.092110e-02
1.680000e+01 4.241598e-02
1.681000e+01 4.389660e-02
1.682000e+01 4.536268e-02
1.683000e+01 4.681397e-02
1.684000e+01 4.825020e-02
1.685000e+01 4.967112e-02
1.686000e+01 5.107647e-02
1.687000e+01 5.246601e-02
1.688000e+01 5.383949e-02
1.689000e+01 5.519666e-02
1.690000e+01 5.653730e-02
1.691000e+01 5.786116e-02
1.692000e+01 5.916802e-02
1.693000e+01 6.045766e-02
1.694000e+01 6.172985e-02
1.695000e+01 6.298438e-02
1.696000e+01 6.422104e-02
1.697000e+01 6.543961e-02
1.698000e+01 6.663989e-02
1.699000e+01 6.782170e-02
1.700000e+01 6.898482e-02
1.701000e+01 7.012907e-02
1.702000e+01 7.125426e-02
1.703000e+01 7.236021e-02
1.704000e+01 7.344675e-02
1.705000e+01 7.451370e-02
1.706000e+01 7.556089e-02
1.707000e+01 7.658816e-02
1.708000e+01 7.759536e-02
1.709000e+01 7.858231e-02
1.710000e+01 7.954888e-02
1.711000e+01 8.049493e-02
1.712000e+01 8.142030e-02
1.713000e+01 8.232486e-02
1.714000e+01 8.320848e-02
1.715000e+01 8.407104e-02
1.716000e+01 8.491241e-02
1.717000e+01 8.573248e-02
1.718000e+01 8.653112e-02
1.719000e+01 8.730824e-02
1.720000e+01 8.806373e-02
1.721000e+01 8.879750e-02
1.722000e+01 8.950943e-02
1.723000e+01 9.019946e-02
1.724000e+01 9.086749e-02
1.725000e+01 9.151345e-02
1.726000e+01 9.213725e-02
1.727000e+01 9.273884e-02
1.728000e+01 9.331813e-02
1.729000e+01 9.387508e-02
1.730000e+01 9.440963e-02
1.731000e+01 9.492172e-02
1.732000e+01 9.541131e-02
1.733000e+01 9.587836e-02
1.734000e+01 9.632283e-02
1.735000e+01 9.674469e-02
1.736000e+01 9.714391e-02
1.737000e+01 9.752046e-02
1.738000e+01 9.787434e-02
1.739000e+01 9.820553e-02
1.740000e+01 9.851401e-02
1.741000e+01 9.879979e-02
1.742000e+01 9.906286e-02
1.743000e+01 9.930324e-02
1.744000e+01 9.952092e-02
1.745000e+01 9.971594e-02
1.746000e+01 9.988830e-02
1.747000e+01 1.000380e-01
1.748000e+01 1.001651e-01
1.749000e+01 1.002697e-01
1.750000e+01 1.003517e-01
1.751000e+01 1.004113e-01
1.752000e+01 1.004484e-01
1.753000e+01 1.004631e-01
1.754000e+01 1.004554e-01
1.755000e+01 1.004255e-01
1.756000e+01 1.003734e-01
1.757000e+01 1.002991e-01
1.758000e+01 1.002028e-01
1.759000e+01 1.000845e-01
1.760000e+01 9.994426e-02
1.761000e+01 9.978222e-02
1.762000e+01 9.959844e-02
1.763000e+01 9.939302e-02
1.764000e+01 9.916607e-02
1.765000e+01 9.891768e-02
1.766000e+01 9.864797e-02
1.767000e+01 9.835704e-02
1.768000e+01 9.804502e-02
1.769000e+01 9.771201e-02
1.770000e+01 9.735815e-02
1.771000e+01 9.698355e-02
1.772000e+01 9.658837e-02
1.773000e+01 9.617272e-02
1.774000e+01 9.573675e-02
1.775000e+01 9.528060e-02
1.776000e+01 9.480442e-02
1.777000e+01 9.430835e-02
1.778000e+01 9.379256e-02
1.779000e+01 9.325721e-02
1.780000e+01 9.270244e-02
1.781000e+01 9.212844e-02
1.782000e+01 9.153536e-02
1.783000e+01 9.092338e-02
1.784000e+01 9.029268e-02
1.785000e+01 8.964343e-02
1.786000e+01 8.897582e-02
1.787000e+01 8.829004e-02
1.788000e+01 8.758626e-02
1.789000e+01 8.686470e-02
1.790000e+01 8.612553e-02
1.791000e+01 8.536896e-02
1.792000e+01 8.459520e-02
1.793000e+01 8.380444e-02
1.794000e+01 8.299689e-02
1.795000e+01 8.217277e-02
1.796000e+01 8.133229e-02
1.797000e+01 8.047567e-02
1.798000e+01 7.960312e-02
1.799000e+01 7.871486e-02
1.800000e+01 7.781113e-02
1.801000e+01 7.689215e-02
1.802000e+01 7.595815e-02
1.803000e+01 7.500936e-02
1.804000e+01 7.404601e-02
1.805000e+01 7.306835e-02
1.806000e+01 7.207662e-02
1.807000e+01 7.107105e-02
1.808000e+01 7.005189e-02
1.809000e+01 6.901938e-02
1.810000e+01 6.797379e-02
1.811000e+01 6.691535e-02
1.812000e+01 6.584431e-02
1.813000e+01 6.476095e-02
1.814000e+01 6.366550e-02
1.815000e+01 6.255823e-02
1.816000e+01 6.143940e-02
1.817000e+01 6.030927e-02
1.818000e+01 5.916811e-02
1.819000e+01 5.801618e-02
1.820000e+01 5.685375e-02
1.821000e+01 5.568108e-02
1.822000e+01 5.449845e-02
1.823000e+01 5.330612e-02
1.824000e+01 5.210438e-02
1.825000e+01 5.089349e-02
1.826000e+01 4.967373e-02
1.827000e+01 4.844538e-02
1.828000e+01 4.720871e-02
1.829000e+01 4.596400e-02
1.830000e+01 4.471153e-02
1.831000e+01 4.345158e-02
1.832000e+01 4.218443e-02
1.833000e+01 4.091037e-02
1.834000e+01 3.962968e-02
1.835000e+01 3.834264e-02
1.836000e+01 3.704953e-02
1.837000e+01 3.575064e-02
1.838000e+01 3.444625e-02
1.839000e+01 3.313666e-02
1.840000e+01 3.182214e-02
1.841000e+01 3.050298e-02
1.842000e+01 2.917947e-02
1.843000e+01 2.785190e-02
1.844000e+01 2.652054e-02
1.845000e+01 2.518570e-02
1.846000e+01 2.384765e-02
1.847000e+01 2.250669e-02
1.848000e+01 2.116309e-02
1.849000e+01 1.981715e-02
1.850000e+01 1.846915e-02
1.851000e+01 1.711938e-02
1.852000e+01 1.576812e-02
1.853000e+01 1.441566e-02
1.854000e+01 1.306229e-02
1.855000e+01 1.170829e-02
1.856000e+01 1.035393e-02
1.857000e+01 8.999516e-03
1.858000e+01 7.645317e-03
1.859000e+01 6.291619e-03
1.860000e+01 4.938702e-03
1.861000e+01 3.586845e-03
1.862000e+01 2.236329e-03
1.863000e+01 8.874320e-04
1.864000e+01 -4.595690e-04
1.865000e+01 -1.804398e-03
1.866000e+01 -3.146780e-03
1.867000e+01 -4.486442e-03
1.868000e+01 -5.823109e-03
1.869000e+01 -7.156512e-03
1.870000e+01 -8.486379e-03
1.871000e+01 -9.812444e-03
1.872000e+01 -1.113444e-02
1.873000e+01 -1.245209e-02
1.874000e+01 -1.376515e-02
1.875000e+01 -1.507335e-02
1.876000e+01 -1.637642e-02
1.877000e+01 -1.767410e-02
1.878000e+01 -1.896615e-02
1.879000e+01 -2.025230e-02
1.880000e+01 -2.153231e-02
1.881000e+01 -2.280591e-02
1.882000e+01 -2.407286e-02
1.883000e+01 -2.533291e-02
1.884000e+01 -2.658582e-02
1.885000e+01 -2.783133e-02
1.886000e+01 -2.906922e-02
1.887000e+01 -3.029924e-02
1.888000e+01 -3.152115e-02
1.889000e+01 -3.273472e-02
1.890000e+01 -3.393972e-02
1.891000e+01 -3.513591e-02
1.892000e+01 -3.632308e-02
1.893000e+01 -3.750098e-02
1.894000e+01 -3.866940e-02
1.895000e+01 -3.982812e-02
1.896000e+01 -4.097693e-02
1.897000e+01 -4.211560e-02
1.898000e+01 -4.324392e-02
1.899000e+01 -4.436169e-02
1.900000e+01 -4.546869e-02
1.901000e+01 -4.656473e-02
1.902000e+01 -4.764959e-02
1.903000e+01 -4.872309e-02
1.904000e+01 -4.978502e-02
1.905000e+01 -5.083520e-02
1.906000e+01 -5.187343e-02
1.907000e+01 -5.289953e-02
1.908000e+01 -5.391330e-02
1.909000e+01 -5.491458e-02
1.910000e+01 -5.590318e-02
1.911000e+01 -5.687892e-02
1.912000e+01 -5.784164e-02
1.913000e+01 -5.879117e-02
1.914000e+01 -5.972734e-02
1.915000e+01 -6.064998e-02
1.916000e+01 -6.155895e-02
1.917000e+01 -6.245408e-02
1.918000e+01 -6.333522e-02
1.919000e+01 -6.420222e-02
1.920000e+01 -6.505494e-02
1.921000e+01 -6.589323e-02
1.922000e+01 -6.671695e-02
1.923000e+01 -6.752597e-02
1.924000e+01 -6.832016e-02
1.925000e+01 -6.909938e-02
1.926000e+01 -6.986352e-02
1.927000e+01 -7.061244e-02
1.928000e+01 -7.134604e-02
1.929000e+01 -7.206418e-02
1.930000e+01 -7.276678e-02
1.931000e+01 -7.345370e-02
1.932000e+01 -7.412486e-02
1.933000e+01 -7.478015e-02
1.934000e+01 -7.541947e-02
1.935000e+01 -7.604273e-02
1.936000e+01 -7.664983e-02
1.937000e+01 -7.724071e-02
1.938000e+01 -7.781525e-02
1.939000e+01 -7.837340e-02
1.940000e+01 -7.891508e-02
1.941000e+01 -7.944020e-02
1.942000e+01 -7.994871e-02
1.943000e+01 -8.044054e-02
1.944000e+01 -8.091562e-02
1.945000e+01 -8.137391e-02
1.946000e+01 -8.181534e-02
1.947000e+01 -8.223987e-02
1.948000e+01 -8.264746e-02
1.949000e+01 -8.303805e-02
1.950000e+01 -8.341160e-02
1.951000e+01 -8.376810e-02
1.952000e+01 -8.410749e-02
1.953000e+01 -8.442976e-02
1.954000e+01 -8.473488e-02
1.955000e+01 -8.502283e-02
1.956000e+01 -8.529359e-02
1.957000e+01 -8.554715e-02
1.958000e+01 -8.578350e-02
1.959000e+01 -8.600264e-02
1.960000e+01 -8.620456e-02
1.961000e+01 -8.638926e-02
1.962000e+01 -8.655674e-02
1.963000e+01 -8.670703e-02
1.964000e+01 -8.684012e-02
1.965000e+01 -8.695604e-02
1.966000e+01 -8.705480e-02
1.967000e+01 -8.713643e-02
1.968000e+01 -8.720095e-02
1.969000e+01 -8.724840e-02
1.970000e+01 -8.727880e-02
1.971000e+01 -8.729220e-02
1.972000e+01 -8.728863e-02
1.973000e+01 -8.726814e-02
1.974000e+01 -8.723078e-02
1.975000e+01 -8.717660e-02
1.976000e+01 -8.710565e-02
1.977000e+01 -8.701799e-02
1.978000e+01 -8.691368e-02
1.979000e+01 -8.679279e-02
1.980000e+01 -8.665538e-02
1.981000e+01 -8.650153e-02
1.982000e+01 -8.633131e-02
1.983000e+01 -8.614480e-02
1.984000e+01 -8.594207e-02
1.985000e+01 -8.572322e-02
1.986000e+01 -8.548833e-02
1.987000e+01 -8.523750e-02
1.988000e+01 -8.497081e-02
1.989000e+01 -8.468836e-02
1.990000e+01 -8.439026e-02
1.991000e+01 -8.407661e-02
1.992000e+01 -8.374750e-02
1.993000e+01 -8.340306e-02
1.994000e+01 -8.304340e-02
1.995000e+01 -8.266863e-02
1.996000e+01 -8.227886e-02
1.997000e+01 -8.187422e-02
1.998000e+01 -8.145484e-02
1.999000e+01 -8.102084e-02
2.000000e+01 -8.057234e-02
2.001000e+01 -8.010949e-02
2.002000e+01 -7.963242e-02
2.003000e+01 -7.914126e-02
2.004000e+01 -7.863615e-02
2.005000e+01 -7.811724e-02
2.006000e+01 -7.758468e-02
2.007000e+01 -7.703860e-02
2.008000e+01 -7.647917e-02
2.009000e+01 -7.590653e-02
2.010000e+01 -7.532084e-02
2.011000e+01 -7.472226e-02
2.012000e+01 -7.411095e-02
2.013000e+01 -7.348707e-02
2.014000e+01 -7.285079e-02
2.015000e+01 -7.220226e-02
2.016000e+01 -7.154167e-02
2.017000e+01 -7.086918e-02
2.018000e+01 -7.018496e-02
2.019000e+01 -6.948920e-02
2.020000e+01 -6.878206e-02
2.021000e+01 -6.806373e-02
2.022000e+01 -6.733439e-02
2.023000e+01 -6.659422e-02
2.024000e+01 -6.584341e-02
2.025000e+01 -6.508215e-02
2.026000e+01 -6.431061e-02
2.027000e+01 -6.352900e-02
2.028000e+01 -6.273750e-02
2.029000e+01 -6.193631e-02
2.030000e+01 -6.112563e-02
2.031000e+01 -6.030564e-02
2.032000e+01 -5.947655e-02
2.033000e+01 -5.863856e-02
2.034000e+01 -5.779186e-02
2.035000e+01 -5.693666e-02
2.036000e+01 -5.607317e-02
2.037000e+01 -5.520159e-02
2.038000e+01 -5.432212e-02
2.039000e+01 -5.343497e-02
2.040000e+01 -5.254035e-02
2.041000e+01 -5.163847e-02
2.042000e+01 -5.072954e-02
2.043000e+01 -4.981377e-02
2.044000e+01 -4.889137e-02
2.045000e+01 -4.796255e-02
2.046000e+01 -4.702754e-02
2.047000e+01 -4.608653e-02
2.048000e+01 -4.513976e-02
2.049000e+01 -4.418743e-02
2.050000e+01 -4.322975e-02
2.051000e+01 -4.226696e-02
2.052000e+01 -4.129926e-02
2.053000e+01 -4.032688e-02
2.054000e+01 -3.935002e-02
2.055000e+01 -3.836892e-02
2.056000e+01 -3.738379e-02
2.057000e+01 -3.639484e-02
2.058000e+01 -3.540231e-02
2.059000e+01 -3.440640e-02
2.060000e+01 -3.340734e-02
2.061000e+01 -3.240535e-02
2.062000e+01 -3.140065e-02
2.063000e+01 -3.039346e-02
2.064000e+01 -2.938400e-02
2.065000e+01 -2.837248e-02
2.066000e+01 -2.735914e-02
2.067000e+01 -2.634418e-02
2.068000e+01 -2.532783e-02
2.069000e+01 -2.431031e-02
2.070000e+01 -2.329184e-02
2.071000e+01 -2.227263e-02
2.072000e+01 -2.125290e-02
2.073000e+01 -2.023287e-02
2.074000e+01 -1.921276e-02
2.075000e+01 -1.819278e-02
2.076000e+01 -1.717315e-02
2.077000e+01 -1.615409e-02
2.078000e+01 -1.513580e-02
2.079000e+01 -1.411851e-02
2.080000e+01 -1.310242e-02
2.081000e+01 -1.208775e-02
2.082000e+01 -1.107470e-02
2.083000e+01 -1.006350e-02
2.084000e+01 -9.054343e-03
2.085000e+01 -8.047444e-03
2.086000e+01 -7.043008e-03
2.087000e+01 -6.041243e-03
2.088000e+01 -5.042353e-03
2.089000e+01 -4.046542e-03
2.090000e+01 -3.054013e-03
2.091000e+01 -2.064968e-03
2.092000e+01 -1.079606e-03
2.093000e+01 -9.812650e-05
2.094000e+01 8.792730e-04
2.095000e+01 1.852397e-03
2.096000e+01 2.821049e-03
2.097000e+01 3.785038e-03
2.098000e+01 4.744172e-03
2.099000e+01 5.698260e-03
2.100000e+01 6.647113e-03
2.101000e+01 7.590546e-03
2.102000e+01 8.528373e-03
2.103000e+01 9.460410e-03
2.104000e+01 1.038648e-02
2.105000e+01 1.130639e-02
2.106000e+01 1.221997e-02
2.107000e+01 1.312705e-02
2.108000e+01 1.402745e-02
2.109000e+01 1.492100e-02
2.110000e+01 1.580752e-02
2.111000e+01 1.668685e-02
2.112000e+01 1.755882e-02
2.113000e+01 1.842327e-02
2.114000e+01 1.928002e-02
2.115000e+01 2.012894e-02
2.116000e+01 2.096985e-02
2.117000e+01 2.180259e-02
2.118000e+01 2.262703e-02
2.119000e+01 2.344299e-02
2.120000e+01 2.425034e-02
2.121000e+01 2.504892e-02
2.122000e+01 2.583859e-02
2.123000e+01 2.661921e-02
2.124000e+01 2.739064e-02
2.125000e+01 2.815274e-02
2.126000e+01 2.890537e-02
2.127000e+01 2.964840e-02
2.128000e+01 3.038169e-02
2.129000e+01 3.110513e-02
2.130000e+01 3.181859e-02
2.131000e+01 3.252193e-02
2.132000e+01 3.321504e-02
2.133000e+01 3.389780e-02
2.134000e+01 3.457010e-02
2.135000e+01 3.523182e-02
2.136000e+01 3.588285e-02
2.137000e+01 3.652308e-02
2.138000e+01 3.715241e-02
2.139000e+01 3.777074e-02
2.140000e+01 3.837795e-02
2.141000e+01 3.897396e-02
2.142000e+01 3.955867e-02
2.143000e+01 4.013199e-02
2.144000e+01 4.069383e-02
2.145000e+01 4.124409e-02
2.146000e+01 4.178271e-02
2.147000e+01 4.230958e-02
2.148000e+01 4.282465e-02
2.149000e+01 4.332782e-02
2.150000e+01 4.381903e-02
2.151000e+01 4.429821e-02
2.152000e+01 4.476528e-02
2.153000e+01 4.522019e-02
2.154000e+01 4.566286e-02
2.155000e+01 4.609325e-02
2.156000e+01 4.651129e-02
2.157000e+01 4.691693e-02
2.158000e+01 4.731013e-02
2.159000e+01 4.769082e-02
2.160000e+01 4.805897e-02
2.161000e+01 4.841452e-02
2.162000e+01 4.875746e-02
2.163000e+01 4.908773e-02
2.164000e+01 4.940530e-02
2.165000e+01 4.971013e-02
2.166000e+01 5.000221e-02
2.167000e+01 5.028151e-02
2.168000e+01 5.054800e-02
2.169000e+01 5.080166e-02
2.170000e+01 5.104247e-02
2.171000e+01 5.127042e-02
2.172000e+01 5.148550e-02
2.173000e+01 5.168770e-02
2.174000e+01 5.187701e-02
2.175000e+01 5.205344e-02
2.176000e+01 5.221696e-02
2.177000e+01 5.236760e-02
2.178000e+01 5.250535e-02
2.179000e+01 5.263023e-02
2.180000e+01 5.274224e-02
2.181000e+01 5.284139e-02
2.182000e+01 5.292770e-02
2.183000e+01 5.300119e-02
2.184000e+01 5.306188e-02
2.185000e+01 5.310980e-02
2.186000e+01 5.314496e-02
2.187000e+01 5.316741e-02
2.188000e+01 5.317716e-02
2.189000e+01 5.317425e-02
2.190000e+01 5.315873e-02
2.191000e+01 5.313063e-02
2.192000e+01 5.308999e-02
2.193000e+01 5.303686e-02
2.194000e+01 5.297128e-02
2.195000e+01 5.289331e-02
2.196000e+01 5.280299e-02
2.197000e+01 5.270038e-02
2.198000e+01 5.258554e-02
2.199000e+01 5.245852e-02
2.200000e+01 5.231939e-02
2.201000e+01 5.216822e-02
2.202000e+01 5.200506e-02
2.203000e+01 5.182999e-02
2.204000e+01 5.164308e-02
2.205000e+01 5.144440e-02
2.206000e+01 5.123404e-02
2.207000e+01 5.101206e-02
2.208000e+01 5.077854e-02
2.209000e+01 5.053358e-02
2.210000e+01 5.027725e-02
2.211000e+01 5.000964e-02
2.212000e+01 4.973085e-02
2.213000e+01 4.944096e-02
2.214000e+01 4.914006e-02
2.215000e+01 4.882825e-02
2.216000e+01 4.850563e-02
2.217000e+01 4.817230e-02
2.218000e+01 4.782837e-02
2.219000e+01 4.747392e-02
2.220000e+01 4.710907e-02
2.221000e+01 4.673393e-02
2.222000e+01 4.634860e-02
2.223000e+01 4.595320e-02
2.224000e+01 4.554784e-02
2.225000e+01 4.513263e-02
2.226000e+01 4.470768e-02
2.227000e+01 4.427313e-02
2.228000e+01 4.382908e-02
2.229000e+01 4.337567e-02
2.230000e+01 4.291300e-02
2.231000e+01 4.244121e-02
2.232000e+01 4.196043e-02
2.233000e+01 4.147077e-02
2.234000e+01 4.097237e-02
2.235000e+01 4.046536e-02
2.236000e+01 3.994988e-02
2.237000e+01 3.942605e-02
2.238000e+01 3.889401e-02
2.239000e+01 3.835390e-02
2.240000e+01 3.780585e-02
2.241000e+01 3.725001e-02
2.242000e+01 3.668650e-02
2.243000e+01 3.611549e-02
2.244000e+01 3.553710e-02
2.245000e+01 3.495148e-02
2.246000e+01 3.435877e-02
2.247000e+01 3.375913e-02
2.248000e+01 3.315269e-02
2.249000e+01 3.253961e-02
2.250000e+01 3.192003e-02
2.251000e+01 3.129410e-02
2.252000e+01 3.066198e-02
2.253000e+01 3.002382e-02
2.254000e+01 2.937976e-02
2.255000e+01 2.872996e-02
2.256000e+01 2.807457e-02
2.257000e+01 2.741376e-02
2.258000e+01 2.674766e-02
2.259000e+01 2.607645e-02
2.260000e+01 2.540027e-02
2.261000e+01 2.471929e-02
2.262000e+01 2.403365e-02
2.263000e+01 2.334352e-02
2.264000e+01 2.264906e-02
2.265000e+01 2.195042e-02
2.266000e+01 2.124776e-02
2.267000e+01 2.054125e-02
2.268000e+01 1.983105e-02
2.269000e+01 1.911730e-02
2.270000e+01 1.840018e-02
2.271000e+01 1.767985e-02
2.272000e+01 1.695646e-02
2.273000e+01 1.623018e-02
2.274000e+01 1.550117e-02
2.275000e+01 1.476958e-02
2.276000e+01 1.403558e-02
2.277000e+01 1.329934e-02
2.278000e+01 1.256101e-02
2.279000e+01 1.182075e-02
2.280000e+01 1.107873e-02
2.281000e+01 1.033510e-02
2.282000e+01 9.590026e-03
2.283000e+01 8.843670e-03
2.284000e+01 8.096192e-03
2.285000e+01 7.347751e-03
2.286000e+01 6.598507e-03
2.287000e+01 5.848619e-03
2.288000e+01 5.098246e-03
2.289000e+01 4.347547e-03
2.290000e+01 3.596681e-03
2.291000e+01 2.845805e-03
2.292000e+01 2.095076e-03
2.293000e+01 1.344650e-03
2.294000e+01 5.946860e-04
2.295000e+01 -1.546630e-04
2.296000e+01 -9.032410e-04
2.297000e+01 -1.650894e-03
2.298000e+01 -2.397469e-03
2.299000e+01 -3.142811e-03
2.300000e+01 -3.886769e-03
2.301000e+01 -4.629192e-03
2.302000e+01 -5.369929e-03
2.303000e+01 -6.108830e-03
2.304000e+01 -6.845746e-03
2.305000e+01 -7.580529e-03
2.306000e+01 -8.313031e-03
2.307000e+01 -9.043108e-03
2.308000e+01 -9.770613e-03
2.309000e+01 -1.049540e-02
2.310000e+01 -1.121733e-02
2.311000e+01 -1.193626e-02
2.312000e+01 -1.265205e-02
2.313000e+01 -1.336455e-02
2.314000e+01 -1.407364e-02
2.315000e+01 -1.477916e-02
2.316000e+01 -1.548099e-02
2.317000e+01 -1.617899e-02
2.318000e+01 -1.687302e-02
2.319000e+01 -1.756296e-02
2.320000e+01 -1.824867e-02
2.321000e+01 -1.893001e-02
2.322000e+01 -1.960687e-02
2.323000e+01 -2.027912e-02
2.324000e+01 -2.094662e-02
2.325000e+01 -2.160925e-02
2.326000e+01 -2.226690e-02
2.327000e+01 -2.291943e-02
2.328000e+01 -2.356673e-02
2.329000e+01 -2.420868e-02
2.330000e+01 -2.484515e-02
2.331000e+01 -2.547605e-02
2.332000e+01 -2.610124e-02
2.333000e+01 -2.672062e-02
2.334000e+01 -2.733407e-02
2.335000e+01 -2.794149e-02
2.336000e+01 -2.854277e-02
2.337000e+01 -2.913780e-02
2.338000e+01 -2.972648e-02
2.339000e+01 -3.030870e-02
2.340000e+01 -3.088435e-02
2.341000e+01 -3.145336e-02
2.342000e+01 -3.201560e-02
2.343000e+01 -3.257099e-02
2.344000e+01 -3.311943e-02
2.345000e+01 -3.366083e-02
2.346000e+01 -3.419510e-02
2.347000e+01 -3.472215e-02
2.348000e+01 -3.524188e-02
2.349000e+01 -3.575422e-02
2.350000e+01 -3.625908e-02
2.351000e+01 -3.675638e-02
2.352000e+01 -3.724603e-02
2.353000e+01 -3.772796e-02
2.354000e+01 -3.820210e-02
2.355000e+01 -3.866836e-02
2.356000e+01 -3.912667e-02
2.357000e+01 -3.957697e-02
2.358000e+01 -4.001918e-02
2.359000e+01 -4.045323e-02
2.360000e+01 -4.087907e-02
2.361000e+01 -4.129662e-02
2.362000e+01 -4.170582e-02
2.363000e+01 -4.210662e-02
2.364000e+01 -4.249896e-02
2.365000e+01 -4.288278e-02
2.366000e+01 -4.325802e-02
2.367000e+01 -4.362464e-02
2.368000e+01 -4.398258e-02
2.369000e+01 -4.433180e-02
2.370000e+01 -4.467224e-02
2.371000e+01 -4.500387e-02
2.372000e+01 -4.532665e-02
2.373000e+01 -4.564053e-02
2.374000e+01 -4.594547e-02
2.375000e+01 -4.624144e-02
2.376000e+01 -4.652840e-02
2.377000e+01 -4.680632e-02
2.378000e+01 -4.707517e-02
2.379000e+01 -4.733492e-02
2.380000e+01 -4.758554e-02
2.381000e+01 -4.782702e-02
2.382000e+01 -4.805931e-02
2.383000e+01 -4.828242e-02
2.384000e+01 -4.849631e-02
2.385000e+01 -4.870097e-02
2.386000e+01 -4.889638e-02
2.387000e+01 -4.908254e-02
2.388000e+01 -4.925942e-02
2.389000e+01 -4.942702e-02
2.390000e+01 -4.958534e-02
2.391000e+01 -4.973436e-02
2.392000e+01 -4.987409e-02
2.393000e+01 -5.000452e-02
2.394000e+01 -5.012565e-02
2.395000e+01 -5.023748e-02
2.396000e+01 -5.034003e-02
2.397000e+01 -5.043329e-02
2.398000e+01 -5.051727e-02
2.399000e+01 -5.059198e-02
2.400000e+01 -5.065743e-02
2.401000e+01 -5.071364e-02
2.402000e+01 -5.076063e-02
2.403000e+01 -5.079840e-02
2.404000e+01 -5.082698e-02
2.405000e+01 -5.084639e-02
2.406000e+01 -5.085664e-02
2.407000e+01 -5.085778e-02
2.408000e+01 -5.084981e-02
2.409000e+01 -5.083277e-02
2.410000e+01 -5.080669e-02
2.411000e+01 -5.077160e-02
2.412000e+01 -5.072753e-02
2.413000e+01 -5.067451e-02
2.414000e+01 -5.061259e-02
2.415000e+01 -5.054181e-02
2.416000e+01 -5.046219e-02
2.417000e+01 -5.037378e-02
2.418000e+01 -5.027664e-02
2.419000e+01 -5.017079e-02
2.420000e+01 -5.005628e-02
2.421000e+01 -4.993318e-02
2.422000e+01 -4.980151e-02
2.423000e+01 -4.966135e-02
2.424000e+01 -4.951273e-02
2.425000e+01 -4.935571e-02
2.426000e+01 -4.919035e-02
2.427000e+01 -4.901671e-02
2.428000e+01 -4.883484e-02
2.429000e+01 -4.864481e-02
2.430000e+01 -4.844667e-02
2.431000e+01 -4.824050e-02
2.432000e+01 -4.802634e-02
2.433000e+01 -4.780428e-02
2.434000e+01 -4.757438e-02
2.435000e+01 -4.733670e-02
2.436000e+01 -4.709132e-02
2.437000e+01 -4.683830e-02
2.438000e+01 -4.657774e-02
2.439000e+01 -4.630968e-02
2.440000e+01 -4.603422e-02
2.441000e+01 -4.575142e-02
2.442000e+01 -4.546137e-02
2.443000e+01 -4.516415e-02
2.444000e+01 -4.485984e-02
2.445000e+01 -4.454851e-02
2.446000e+01 -4.423025e-02
2.447000e+01 -4.390514e-02
2.448000e+01 -4.357328e-02
2.449000e+01 -4.323474e-02
2.450000e+01 -4.288962e-02
2.451000e+01 -4.253800e-02
2.452000e+01 -4.217997e-02
2.453000e+01 -4.181562e-02
2.454000e+01 -4.144505e-02
2.455000e+01 -4.106834e-02
2.456000e+01 -4.068559e-02
2.457000e+01 -4.029690e-02
2.458000e+01 -3.990235e-02
2.459000e+01 -3.950205e-02
2.460000e+01 -3.909610e-02
2.461000e+01 -3.868459e-02
2.462000e+01 -3.826761e-02
2.463000e+01 -3.784528e-02
2.464000e+01 -3.741769e-02
2.465000e+01 -3.698494e-02
2.466000e+01 -3.654714e-02
2.467000e+01 -3.610438e-02
2.468000e+01 -3.565678e-02
2.469000e+01 -3.520442e-02
2.470000e+01 -3.474743e-02
2.471000e+01 -3.428590e-02
2.472000e+01 -3.381995e-02
2.473000e+01 -3.334968e-02
2.474000e+01 -3.287519e-02
2.475000e+01 -3.239659e-02
2.476000e+01 -3.191400e-02
2.477000e+01 -3.142751e-02
2.478000e+01 -3.093725e-02
2.479000e+01 -3.044332e-02
2.480000e+01 -2.994583e-02
2.481000e+01 -2.944489e-02
2.482000e+01 -2.894062e-02
2.483000e+01 -2.843312e-02
2.484000e+01 -2.792250e-02
2.485000e+01 -2.740889e-02
2.486000e+01 -2.689238e-02
2.487000e+01 -2.637311e-02
2.488000e+01 -2.585116e-02
2.489000e+01 -2.532667e-02
2.490000e+01 -2.479975e-02
2.491000e+01 -2.427050e-02
2.492000e+01 -2.373904e-02
2.493000e+01 -2.320549e-02
2.494000e+01 -2.266996e-02
2.495000e+01 -2.213257e-02
2.496000e+01 -2.159342e-02
2.497000e+01 -2.105264e-02
2.498000e+01 -2.051034e-02
2.499000e+01 -1.996663e-02
2.500000e+01 -1.942162e-02
2.501000e+01 -1.887544e-02
2.502000e+01 -1.832819e-02
2.503000e+01 -1.778000e-02
2.504000e+01 -1.723096e-02
2.505000e+01 -1.668121e-02
2.506000e+01 -1.613085e-02
2.507000e+01 -1.557999e-02
2.508000e+01 -1.502876e-02
2.509000e+01 -1.447725e-02
2.510000e+01 -1.392560e-02
2.511000e+01 -1.337390e-02
2.512000e+01 -1.282228e-02
2.513000e+01 -1.227084e-02
2.514000e+01 -1.171970e-02
2.515000e+01 -1.116896e-02
2.516000e+01 -1.061874e-02
2.517000e+01 -1.006916e-02
2.518000e+01 -9.520311e-03
2.519000e+01 -8.972316e-03
2.520000e+01 -8.425282e-03
2.521000e+01 -7.879318e-03
2.522000e+01 -7.334532e-03
2.523000e+01 -6.791033e-03
2.524000e+01 -6.248928e-03
2.525000e+01 -5.708325e-03
2.526000e+01 -5.169330e-03
2.527000e+01 -4.632049e-03
2.528000e+01 -4.096588e-03
2.529000e+01 -3.563051e-03
2.530000e+01 -3.031543e-03
2.531000e+01 -2.502166e-03
2.532000e+01 -1.975025e-03
2.533000e+01 -1.450220e-03
2.534000e+01 -9.278530e-04
2.535000e+01 -4.080250e-04
2.536000e+01 1.091640e-04
2.537000e+01 6.236150e-04
2.538000e+01 1.135230e-03
2.539000e+01 1.643912e-03
2.540000e+01 2.149563e-03
2.541000e+01 2.652088e-03
2.542000e+01 3.151391e-03
2.543000e+01 3.647380e-03
2.544000e+01 4.139959e-03
2.545000e+01 4.629038e-03
2.546000e+01 5.114524e-03
2.547000e+01 5.596328e-03
2.548000e+01 6.074360e-03
2.549000e+01 6.548530e-03
2.550000e+01 7.018753e-03
2.551000e+01 7.484940e-03
2.552000e+01 7.947008e-03
2.553000e+01 8.404870e-03
2.554000e+01 8.858444e-03
2.555000e+01 9.307648e-03
2.556000e+01 9.752400e-03
2.557000e+01 1.019262e-02
2.558000e+01 1.062823e-02
2.559000e+01 1.105915e-02
2.560000e+01 1.148530e-02
2.561000e+01 1.190661e-02
2.562000e+01 1.232301e-02
2.563000e+01 1.273441e-02
2.564000e+01 1.314075e-02
2.565000e+01 1.354196e-02
2.566000e+01 1.393797e-02
2.567000e+01 1.432871e-02
2.568000e+01 1.471410e-02
2.569000e+01 1.509410e-02
2.570000e+01 1.546862e-02
2.571000e+01 1.583761e-02
2.572000e+01 1.620100e-02
2.573000e+01 1.655874e-02
2.574000e+01 1.691076e-02
2.575000e+01 1.725700e-02
2.576000e+01 1.759741e-02
2.577000e+01 1.793193e-02
2.578000e+01 1.826051e-02
2.579000e+01 1.858310e-02
2.580000e+01 1.889963e-02
2.581000e+01 1.921007e-02
2.582000e+01 1.951436e-02
2.583000e+01 1.981245e-02
2.584000e+01 2.010430e-02
2.585000e+01 2.038986e-02
2.586000e+01 2.066909e-02
2.587000e+01 2.094195e-02
2.588000e+01 2.120839e-02
2.589000e+01 2.146838e-02
2.590000e+01 2.172188e-02
2.591000e+01 2.196884e-02
2.592000e+01 2.220924e-02
2.593000e+01 2.244305e-02
2.594000e+01 2.267022e-02
2.595000e+01 2.289073e-02
2.596000e+01 2.310455e-02
2.597000e+01 2.331165e-02
2.598000e+01 2.351200e-02
2.599000e+01 2.370558e-02
2.600000e+01 2.389236e-02
2.601000e+01 2.407232e-02
2.602000e+01 2.424545e-02
2.603000e+01 2.441171e-02
2.604000e+01 2.457110e-02
2.605000e+01 2.472359e-02
2.606000e+01 2.486917e-02
2.607000e+01 2.500783e-02
2.608000e+01 2.513955e-02
2.609000e+01 2.526433e-02
2.610000e+01 2.538214e-02
2.611000e+01 2.549300e-02
2.612000e+01 2.559688e-02
2.613000e+01 2.569378e-02
2.614000e+01 2.578371e-02
2.615000e+01 2.586665e-02
2.616000e+01 2.594261e-02
2.617000e+01 2.601158e-02
2.618000e+01 2.607358e-02
2.619000e+01 2.612859e-02
2.620000e+01 2.617663e-02
2.621000e+01 2.621771e-02
2.622000e+01 2.625182e-02
2.623000e+01 2.627899e-02
2.624000e+01 2.629922e-02
2.625000e+01 2.631251e-02
2.626000e+01 2.631890e-02
2.627000e+01 2.631838e-02
2.628000e+01 2.631098e-02
2.629000e+01 2.629671e-02
2.630000e+01 2.627559e-02
2.631000e+01 2.624765e-02
2.632000e+01 2.621290e-02
2.633000e+01 2.617136e-02
2.634000e+01 2.612307e-02
2.635000e+01 2.606804e-02
2.636000e+01 2.600630e-02
2.637000e+01 2.593789e-02
2.638000e+01 2.586283e-02
2.639000e+01 2.578114e-02
2.640000e+01 2.569288e-02
2.641000e+01 2.559805e-02
2.642000e+01 2.549671e-02
2.643000e+01 2.538889e-02
2.644000e+01 2.527462e-02
2.645000e+01 2.515395e-02
2.646000e+01 2.502690e-02
2.647000e+01 2.489354e-02
2.648000e+01 2.475388e-02
2.649000e+01 2.460799e-02
2.650000e+01 2.445590e-02
2.651000e+01 2.429766e-02
2.652000e+01 2.413331e-02
2.653000e+01 2.396291e-02
2.654000e+01 2.378651e-02
2.655000e+01 2.360414e-02
2.656000e+01 2.341588e-02
2.657000e+01 2.322176e-02
2.658000e+01 2.302184e-02
2.659000e+01 2.281618e-02
2.660000e+01 2.260483e-02
2.661000e+01 2.238786e-02
2.662000e+01 2.216530e-02
2.663000e+01 2.193724e-02
2.664000e+01 2.170372e-02
2.665000e+01 2.146481e-02
2.666000e+01 2.122057e-02
2.667000e+01 2.097106e-02
2.668000e+01 2.071635e-02
2.669000e+01 2.045650e-02
2.670000e+01 2.019158e-02
2.671000e+01 1.992165e-02
2.672000e+01 1.964679e-02
2.673000e+01 1.936705e-02
2.674000e+01 1.908252e-02
2.675000e+01 1.879326e-02
2.676000e+01 1.849933e-02
2.677000e+01 1.820083e-02
2.678000e+01 1.789780e-02
2.679000e+01 1.759034e-02
2.680000e+01 1.727851e-02
2.681000e+01 1.696240e-02
2.682000e+01 1.664206e-02
2.683000e+01 1.631759e-02
2.684000e+01 1.598906e-02
2.685000e+01 1.565655e-02
2.686000e+01 1.532014e-02
2.687000e+01 1.497989e-02
2.688000e+01 1.463591e-02
2.689000e+01 1.428826e-02
2.690000e+01 1.393703e-02
2.691000e+01 1.358230e-02
2.692000e+01 1.322414e-02
2.693000e+01 1.286266e-02
2.694000e+01 1.249792e-02
2.695000e+01 1.213001e-02
2.696000e+01 1.175902e-02
2.697000e+01 1.138504e-02
2.698000e+01 1.100814e-02
2.699000e+01 1.062841e-02
2.700000e+01 1.024594e-02
2.701000e+01 9.860812e-03
2.702000e+01 9.473120e-03
2.703000e+01 9.082948e-03
2.704000e+01 8.690384e-03
2.705000e+01 8.295516e-03
2.706000e+01 7.898433e-03
2.707000e+01 7.499222e-03
2.708000e+01 7.097973e-03
2.709000e+01 6.694776e-03
2.710000e+01 6.289719e-03
2.711000e+01 5.882892e-03
2.712000e+01 5.474386e-03
2.713000e+01 5.064289e-03
2.714000e+01 4.652693e-03
2.715000e+01 4.239687e-03
2.716000e+01 3.825362e-03
2.717000e+01 3.409809e-03
2.718000e+01 2.993118e-03
2.719000e+01 2.575379e-03
2.720000e+01 2.156684e-03
2.721000e+01 1.737124e-03
2.722000e+01 1.316788e-03
2.723000e+01 8.957670e-04
2.724000e+01 4.741530e-04
2.725000e+01 5.203510e-05
2.726000e+01 -3.704950e-04
2.727000e+01 -7.933480e-04
2.728000e+01 -1.216433e-03
2.729000e+01 -1.639659e-03
2.730000e+01 -2.062938e-03
2.731000e+01 -2.486178e-03
2.732000e+01 -2.909291e-03
2.733000e+01 -3.332187e-03
2.734000e+01 -3.754777e-03
2.735000e+01 -4.176971e-03
2.736000e+01 -4.598682e-03
2.737000e+01 -5.019820e-03
2.738000e+01 -5.440298e-03
2.739000e+01 -5.860028e-03
2.740000e+01 -6.278922e-03
2.741000e+01 -6.696893e-03
2.742000e+01 -7.113856e-03
2.743000e+01 -7.529722e-03
2.744000e+01 -7.944407e-03
2.745000e+01 -8.357826e-03
2.746000e+01 -8.769892e-03
2.747000e+01 -9.180521e-03
2.748000e+01 -9.589631e-03
2.749000e+01 -9.997136e-03
2.750000e+01 -1.040295e-02
2.751000e+01 -1.080700e-02
2.752000e+01 -1.120920e-02
2.753000e+01 -1.160946e-02
2.754000e+01 -1.200771e-02
2.755000e+01 -1.240387e-02
2.756000e+01 -1.279785e-02
2.757000e+01 -1.318958e-02
2.758000e+01 -1.357898e-02
2.759000e+01 -1.396597e-02
2.760000e+01 -1.435048e-02
2.761000e+01 -1.473242e-02
2.762000e+01 -1.511173e-02
2.763000e+01 -1.548832e-02
2.764000e+01 -1.586213e-02
2.765000e+01 -1.623308e-02
2.766000e+01 -1.660110e-02
2.767000e+01 -1.696612e-02
2.768000e+01 -1.732806e-02
2.769000e+01 -1.768685e-02
2.770000e+01 -1.804244e-02
2.771000e+01 -1.839474e-02
2.772000e+01 -1.874369e-02
2.773000e+01 -1.908922e-02
2.774000e+01 -1.943127e-02
2.775000e+01 -1.976978e-02
2.776000e+01 -2.010467e-02
2.777000e+01 -2.043589e-02
2.778000e+01 -2.076338e-02
2.779000e+01 -2.108706e-02
2.780000e+01 -2.140689e-02
2.781000e+01 -2.172280e-02
2.782000e+01 -2.203473e-02
2.783000e+01 -2.234263e-02
2.784000e+01 -2.264644e-02
2.785000e+01 -2.294611e-02
2.786000e+01 -2.324158e-02
2.787000e+01 -2.353279e-02
2.788000e+01 -2.381971e-02
2.789000e+01 -2.410226e-02
2.790000e+01 -2.438041e-02
2.791000e+01 -2.465411e-02
2.792000e+01 -2.492330e-02
2.793000e+01 -2.518794e-02
2.794000e+01 -2.544799e-02
2.795000e+01 -2.570340e-02
2.796000e+01 -2.595412e-02
2.797000e+01 -2.620011e-02
2.798000e+01 -2.644134e-02
2.799000e+01 -2.667776e-02
2.800000e+01 -2.690934e-02
2.801000e+01 -2.713603e-02
2.802000e+01 -2.735780e-02
2.803000e+01 -2.757460e-02
2.804000e+01 -2.778642e-02
2.805000e+01 -2.799321e-02
2.806000e+01 -2.819495e-02
2.807000e+01 -2.839160e-02
2.808000e+01 -2.858313e-02
2.809000e+01 -2.876951e-02
2.810000e+01 -2.895072e-02
2.811000e+01 -2.912673e-02
2.812000e+01 -2.929751e-02
2.813000e+01 -2.946304e-02
2.814000e+01 -2.962330e-02
2.815000e+01 -2.977827e-02
2.816000e+01 -2.992793e-02
2.817000e+01 -3.007225e-02
2.818000e+01 -3.021122e-02
2.819000e+01 -3.034482e-02
2.820000e+01 -3.047304e-02
2.821000e+01 -3.059587e-02
2.822000e+01 -3.071328e-02
2.823000e+01 -3.082528e-02
2.824000e+01 -3.093184e-02
2.825000e+01 -3.103296e-02
2.826000e+01 -3.112863e-02
2.827000e+01 -3.121885e-02
2.828000e+01 -3.130360e-02
2.829000e+01 -3.138289e-02
2.830000e+01 -3.145671e-02
2.831000e+01 -3.152505e-02
2.832000e+01 -3.158793e-02
2.833000e+01 -3.164533e-02
2.834000e+01 -3.169725e-02
2.835000e+01 -3.174371e-02
2.836000e+01 -3.178471e-02
2.837000e+01 -3.182025e-02
2.838000e+01 -3.185033e-02
2.839000e+01 -3.187497e-02
2.840000e+01 -3.189417e-02
2.841000e+01 -3.190795e-02
2.842000e+01 -3.191631e-02
2.843000e+01 -3.191926e-02
2.844000e+01 -3.191682e-02
2.845000e+01 -3.190901e-02
2.846000e+01 -3.189584e-02
2.847000e+01 -3.187732e-02
2.848000e+01 -3.185348e-02
2.849000e+01 -3.182433e-02
2.850000e+01 -3.178989e-02
2.851000e+01 -3.175018e-02
2.852000e+01 -3.170524e-02
2.853000e+01 -3.165507e-02
2.854000e+01 -3.159971e-02
2.855000e+01 -3.153917e-02
2.856000e+01 -3.147350e-02
2.857000e+01 -3.140270e-02
2.858000e+01 -3.132682e-02
2.859000e+01 -3.124589e-02
2.860000e+01 -3.115993e-02
2.861000e+01 -3.106897e-02
2.862000e+01 -3.097305e-02
2.863000e+01 -3.087220e-02
2.864000e+01 -3.076647e-02
2.865000e+01 -3.065587e-02
2.866000e+01 -3.054046e-02
2.867000e+01 -3.042026e-02
2.868000e+01 -3.029532e-02
2.869000e+01 -3.016568e-02
2.870000e+01 -3.003137e-02
2.871000e+01 -2.989245e-02
2.872000e+01 -2.974894e-02
2.873000e+01 -2.960090e-02
2.874000e+01 -2.944837e-02
2.875000e+01 -2.929140e-02
2.876000e+01 -2.913003e-02
2.877000e+01 -2.896430e-02
2.878000e+01 -2.879427e-02
2.879000e+01 -2.861998e-02
2.880000e+01 -2.844149e-02
2.881000e+01 -2.825884e-02
2.882000e+01 -2.807209e-02
2.883000e+01 -2.788128e-02
2.884000e+01 -2.768647e-02
2.885000e+01 -2.748772e-02
2.886000e+01 -2.728507e-02
2.887000e+01 -2.707858e-02
2.888000e+01 -2.686832e-02
2.889000e+01 -2.665432e-02
2.890000e+01 -2.643665e-02
2.891000e+01 -2.621537e-02
2.892000e+01 -2.599054e-02
2.893000e+01 -2.576222e-02
2.894000e+01 -2.553045e-02
2.895000e+01 -2.529531e-02
2.896000e+01 -2.505686e-02
2.897000e+01 -2.481515e-02
2.898000e+01 -2.457025e-02
2.899000e+01 -2.432221e-02
2.900000e+01 -2.407111e-02
2.901000e+01 -2.381701e-02
2.902000e+01 -2.355997e-02
2.903000e+01 -2.330005e-02
2.904000e+01 -2.303732e-02
2.905000e+01 -2.277184e-02
2.906000e+01 -2.250369e-02
2.907000e+01 -2.223292e-02
2.908000e+01 -2.195960e-02
2.909000e+01 -2.168380e-02
2.910000e+01 -2.140559e-02
2.911000e+01 -2.112503e-02
2.912000e+01 -2.084220e-02
2.913000e+01 -2.055715e-02
2.914000e+01 -2.026996e-02
2.915000e+01 -1.998070e-02
2.916000e+01 -1.968944e-02
2.917000e+01 -1.939624e-02
2.918000e+01 -1.910118e-02
2.919000e+01 -1.880432e-02
2.920000e+01 -1.850574e-02
2.921000e+01 -1.820551e-02
2.922000e+01 -1.790368e-02
2.923000e+01 -1.760035e-02
2.924000e+01 -1.729557e-02
2.925000e+01 -1.698942e-02
2.926000e+01 -1.668197e-02
2.927000e+01 -1.637329e-02
2.928000e+01 -1.606344e-02
2.929000e+01 -1.575251e-02
2.930000e+01 -1.544056e-02
2.931000e+01 -1.512766e-02
2.932000e+01 -1.481389e-02
2.933000e+01 -1.449931e-02
2.934000e+01 -1.418400e-02
2.935000e+01 -1.386803e-02
2.936000e+01 -1.355146e-02
2.937000e+01 -1.323438e-02
2.938000e+01 -1.291684e-02
2.939000e+01 -1.259892e-02
2.940000e+01 -1.228070e-02
2.941000e+01 -1.196223e-02
2.942000e+01 -1.164360e-02
2.943000e+01 -1.132487e-02
2.944000e+01 -1.100611e-02
2.945000e+01 -1.068739e-02
2.946000e+01 -1.036878e-02
2.947000e+01 -1.005034e-02
2.948000e+01 -9.732160e-03
2.949000e+01 -9.414292e-03
2.950000e+01 -9.096809e-03
2.951000e+01 -8.779778e-03
2.952000e+01 -8.463268e-03
2.953000e+01 -8.147345e-03
2.954000e+01 -7.832077e-03
2.955000e+01 -7.517530e-03
2.956000e+01 -7.203770e-03
2.957000e+01 -6.890864e-03
2.958000e+01 -6.578876e-03
2.959000e+01 -6.267871e-03
2.960000e+01 -5.957915e-03
2.961000e+01 -5.649071e-03
2.962000e+01 -5.341404e-03
2.963000e+01 -5.034975e-03
2.964000e+01 -4.729848e-03
2.965000e+01 -4.426086e-03
2.966000e+01 -4.123749e-03
2.967000e+01 -3.822899e-03
2.968000e+01 -3.523597e-03
2.969000e+01 -3.225902e-03
2.970000e+01 -2.929875e-03
2.971000e+01 -2.635574e-03
2.972000e+01 -2.343057e-03
2.973000e+01 -2.052382e-03
2.974000e+01 -1.763607e-03
2.975000e+01 -1.476788e-03
2.976000e+01 -1.191981e-03
2.977000e+01 -9.092410e-04
2.978000e+01 -6.286220e-04
2.979000e+01 -3.501790e-04
2.980000e+01 -7.396540e-05
2.981000e+01 1.999670e-04
2.982000e+01 4.715660e-04
2.983000e+01 7.407810e-04
2.984000e+01 1.007560e-03
2.985000e+01 1.271855e-03
2.986000e+01 1.533616e-03
2.987000e+01 1.792794e-03
2.988000e+01 2.049343e-03
2.989000e+01 2.303215e-03
2.990000e+01 2.554365e-03
2.991000e+01 2.802747e-03
2.992000e+01 3.048317e-03
2.993000e+01 3.291030e-03
2.994000e+01 3.530845e-03
2.995000e+01 3.767719e-03
2.996000e+01 4.001610e-03
2.997000e+01 4.232478e-03
2.998000e+01 4.460284e-03
2.999000e+01 4.684988e-03
3.000000e+01 4.906553e-03
3.001000e+01 5.124941e-03
3.002000e+01 5.340116e-03
3.003000e+01 5.552043e-03
3.004000e+01 5.760686e-03
3.005000e+01 5.966012e-03
3.006000e+01 6.167988e-03
3.007000e+01 6.366582e-03
3.008000e+01 6.561762e-03
3.009000e+01 6.753498e-03
3.010000e+01 6.941761e-03
3.011000e+01 7.126522e-03
3.012000e+01 7.307754e-03
3.013000e+01 7.485428e-03
3.014000e+01 7.659520e-03
3.015000e+01 7.830004e-03
3.016000e+01 7.996856e-03
3.017000e+01 8.160053e-03
3.018000e+01 8.319572e-03
3.019000e+01 8.475391e-03
3.020000e+01 8.627490e-03
3.021000e+01 8.775849e-03
3.022000e+01 8.920450e-03
3.023000e+01 9.061273e-03
3.024000e+01 9.198303e-03
3.025000e+01 9.331522e-03
3.026000e+01 9.460916e-03
3.027000e+01 9.586470e-03
3.028000e+01 9.708170e-03
3.029000e+01 9.826004e-03
3.030000e+01 9.939960e-03
3.031000e+01 1.005003e-02
3.032000e+01 1.015619e-02
3.033000e+01 1.025845e-02
3.034000e+01 1.035680e-02
3.035000e+01 1.045122e-02
3.036000e+01 1.054171e-02
3.037000e+01 1.062826e-02
3.038000e+01 1.071088e-02
3.039000e+01 1.078954e-02
3.040000e+01 1.086427e-02
3.041000e+01 1.093504e-02
3.042000e+01 1.100186e-02
3.043000e+01 1.106473e-02
3.044000e+01 1.112365e-02
3.045000e+01 1.117862e-02
3.046000e+01 1.122964e-02
3.047000e+01 1.127671e-02
3.048000e+01 1.131985e-02
3.049000e+01 1.135905e-02
3.050000e+01 1.139432e-02
3.051000e+01 1.142566e-02
3.052000e+01 1.145309e-02
3.053000e+01 1.147660e-02
3.054000e+01 1.149622e-02
3.055000e+01 1.151194e-02
3.056000e+01 1.152378e-02
3.057000e+01 1.153176e-02
3.058000e+01 1.153587e-02
3.059000e+01 1.153614e-02
3.060000e+01 1.153257e-02
3.061000e+01 1.152519e-02
3.062000e+01 1.151400e-02
3.063000e+01 1.149903e-02
3.064000e+01 1.148028e-02
3.065000e+01 1.145778e-02
3.066000e+01 1.143154e-02
3.067000e+01 1.140159e-02
3.068000e+01 1.136793e-02
3.069000e+01 1.133060e-02
3.070000e+01 1.128961e-02
3.071000e+01 1.124498e-02
3.072000e+01 1.119674e-02
3.073000e+01 1.114490e-02
3.074000e+01 1.108950e-02
3.075000e+01 1.103055e-02
3.076000e+01 1.096808e-02
3.077000e+01 1.090212e-02
3.078000e+01 1.083268e-02
3.079000e+01 1.075981e-02
3.080000e+01 1.068352e-02
3.081000e+01 1.060385e-02
3.082000e+01 1.052081e-02
3.083000e+01 1.043444e-02
3.084000e+01 1.034478e-02
3.085000e+01 1.025184e-02
3.086000e+01 1.015567e-02
3.087000e+01 1.005628e-02
3.088000e+01 9.953726e-03
3.089000e+01 9.848022e-03
3.090000e+01 9.739208e-03
3.091000e+01 9.627315e-03
3.092000e+01 9.512379e-03
3.093000e+01 9.394433e-03
3.094000e+01 9.273513e-03
3.095000e+01 9.149653e-03
3.096000e+01 9.022890e-03
3.097000e+01 8.893260e-03
3.098000e+01 8.760799e-03
3.099000e+01 8.625545e-03
3.100000e+01 8.487535e-03
3.101000e+01 8.346808e-03
3.102000e+01 8.203401e-03
3.103000e+01 8.057354e-03
3.104000e+01 7.908706e-03
3.105000e+01 7.757496e-03
3.106000e+01 7.603764e-03
3.107000e+01 7.447552e-03
3.108000e+01 7.288898e-03
3.109000e+01 7.127845e-03
3.110000e+01 6.964434e-03
3.111000e+01 6.798706e-03
3.112000e+01 6.630704e-03
3.113000e+01 6.460470e-03
3.114000e+01 6.288045e-03
3.115000e+01 6.113474e-03
3.116000e+01 5.936800e-03
3.117000e+01 5.758065e-03
3.118000e+01 5.577313e-03
3.119000e+01 5.394589e-03
3.120000e+01 5.209936e-03
3.121000e+01 5.023398e-03
3.122000e+01 4.835021e-03
3.123000e+01 4.644849e-03
3.124000e+01 4.452927e-03
3.125000e+01 4.259300e-03
3.126000e+01 4.064013e-03
3.127000e+01 3.867112e-03
3.128000e+01 3.668642e-03
3.129000e+01 3.468649e-03
3.130000e+01 3.267179e-03
3.131000e+01 3.064279e-03
3.132000e+01 2.859993e-03
3.133000e+01 2.654369e-03
3.134000e+01 2.447452e-03
3.135000e+01 2.239289e-03
3.136000e+01 2.029926e-03
3.137000e+01 1.819411e-03
3.138000e+01 1.607788e-03
3.139000e+01 1.395106e-03
3.140000e+01 1.181411e-03
3.141000e+01 9.667490e-04
3.142000e+01 7.511670e-04
3.143000e+01 5.347120e-04
3.144000e+01 3.174310e-04
3.145000e+01 9.936920e-05
3.146000e+01 -1.194250e-04
3.147000e+01 -3.389070e-04
3.148000e+01 -5.590280e-04
3.149000e+01 -7.797420e-04
3.150000e+01 -1.001004e-03
3.151000e+01 -1.222766e-03
3.152000e+01 -1.444982e-03
3.153000e+01 -1.667606e-03
3.154000e+01 -1.890592e-03
3.155000e+01 -2.113894e-03
3.156000e+01 -2.337465e-03
3.157000e+01 -2.561260e-03
3.158000e+01 -2.785234e-03
3.159000e+01 -3.009340e-03
3.160000e+01 -3.233533e-03
3.161000e+01 -3.457768e-03
3.162000e+01 -3.682000e-03
3.163000e+01 -3.906184e-03
3.164000e+01 -4.130275e-03
3.165000e+01 -4.354228e-03
3.166000e+01 -4.577999e-03
3.167000e+01 -4.801544e-03
3.168000e+01 -5.024819e-03
3.169000e+01 -5.247779e-03
3.170000e+01 -5.470382e-03
3.171000e+01 -5.692585e-03
3.172000e+01 -5.914343e-03
3.173000e+01 -6.135614e-03
3.174000e+01 -6.356356e-03
3.175000e+01 -6.576525e-03
3.176000e+01 -6.796081e-03
3.177000e+01 -7.014981e-03
3.178000e+01 -7.233184e-03
3.179000e+01 -7.450647e-03
3.180000e+01 -7.667332e-03
3.181000e+01 -7.883196e-03
3.182000e+01 -8.098199e-03
3.183000e+01 -8.312301e-03
3.184000e+01 -8.525463e-03
3.185000e+01 -8.737645e-03
3.186000e+01 -8.948808e-03
3.187000e+01 -9.158914e-03
3.188000e+01 -9.367923e-03
3.189000e+01 -9.575797e-03
3.190000e+01 -9.782500e-03
3.191000e+01 -9.987993e-03
3.192000e+01 -1.019224e-02
3.193000e+01 -1.039520e-02
3.194000e+01 -1.059685e-02
3.195000e+01 -1.079714e-02
3.196000e+01 -1.099603e-02
3.197000e+01 -1.119351e-02
3.198000e+01 -1.138952e-02
3.199000e+01 -1.158404e-02
3.200000e+01 -1.177702e-02
3.201000e+01 -1.196845e-02
3.202000e+01 -1.215828e-02
3.203000e+01 -1.234648e-02
3.204000e+01 -1.253302e-02
3.205000e+01 -1.271787e-02
3.206000e+01 -1.290100e-02
3.207000e+01 -1.308237e-02
3.208000e+01 -1.326196e-02
3.209000e+01 -1.343972e-02
3.210000e+01 -1.361565e-02
3.211000e+01 -1.378970e-02
3.212000e+01 -1.396185e-02
3.213000e+01 -1.413207e-02
3.214000e+01 -1.430033e-02
3.215000e+01 -1.446660e-02
3.216000e+01 -1.463086e-02
3.217000e+01 -1.479308e-02
3.218000e+01 -1.495323e-02
3.219000e+01 -1.511129e-02
3.220000e+01 -1.526724e-02
3.221000e+01 -1.542104e-02
3.222000e+01 -1.557268e-02
3.223000e+01 -1.572214e-02
3.224000e+01 -1.586938e-02
3.225000e+01 -1.601438e-02
3.226000e+01 -1.615714e-02
3.227000e+01 -1.629761e-02
3.228000e+01 -1.643579e-02
3.229000e+01 -1.657164e-02
3.230000e+01 -1.670516e-02
3.231000e+01 -1.683632e-02
3.232000e+01 -1.696510e-02
3.233000e+01 -1.709149e-02
3.234000e+01 -1.721546e-02
3.235000e+01 -1.733700e-02
3.236000e+01 -1.745609e-02
3.237000e+01 -1.757271e-02
3.238000e+01 -1.768685e-02
3.239000e+01 -1.779850e-02
3.240000e+01 -1.790764e-02
3.241000e+01 -1.801425e-02
3.242000e+01 -1.811831e-02
3.243000e+01 -1.821983e-02
3.244000e+01 -1.831878e-02
3.245000e+01 -1.841515e-02
3.246000e+01 -1.850893e-02
3.247000e+01 -1.860011e-02
3.248000e+01 -1.868868e-02
3.249000e+01 -1.877462e-02
3.250000e+01 -1.885793e-02
3.251000e+01 -1.893861e-02
3.252000e+01 -1.901663e-02
3.253000e+01 -1.909199e-02
3.254000e+01 -1.916469e-02
3.255000e+01 -1.923471e-02
3.256000e+01 -1.930205e-02
3.257000e+01 -1.936671e-02
3.258000e+01 -1.942868e-02
3.259000e+01 -1.948796e-02
3.260000e+01 -1.954453e-02
3.261000e+01 -1.959840e-02
3.262000e+01 -1.964956e-02
3.263000e+01 -1.969801e-02
3.264000e+01 -1.974374e-02
3.265000e+01 -1.978676e-02
3.266000e+01 -1.982707e-02
3.267000e+01 -1.986466e-02
3.268000e+01 -1.989953e-02
3.269000e+01 -1.993168e-02
3.270000e+01 -1.996112e-02
3.271000e+01 -1.998785e-02
3.272000e+01 -2.001185e-02
3.273000e+01 -2.003315e-02
3.274000e+01 -2.005174e-02
3.275000e+01 -2.006763e-02
3.276000e+01 -2.008081e-02
3.277000e+01 -2.009130e-02
3.278000e+01 -2.009910e-02
3.279000e+01 -2.010420e-02
3.280000e+01 -2.010663e-02
3.281000e+01 -2.010638e-02
3.282000e+01 -2.010346e-02
3.283000e+01 -2.009788e-02
3.284000e+01 -2.008965e-02
3.285000e+01 -2.007877e-02
3.286000e+01 -2.006526e-02
3.287000e+01 -2.004911e-02
3.288000e+01 -2.003035e-02
3.289000e+01 -2.000899e-02
3.290000e+01 -1.998502e-02
3.291000e+01 -1.995847e-02
3.292000e+01 -1.992934e-02
3.293000e+01 -1.989765e-02
3.294000e+01 -1.986341e-02
3.295000e+01 -1.982663e-02
3.296000e+01 -1.978732e-02
3.297000e+01 -1.974551e-02
3.298000e+01 -1.970119e-02
3.299000e+01 -1.965440e-02
3.300000e+01 -1.960513e-02
3.301000e+01 -1.955342e-02
3.302000e+01 -1.949926e-02
3.303000e+01 -1.944269e-02
3.304000e+01 -1.938371e-02
3.305000e+01 -1.932235e-02
3.306000e+01 -1.925862e-02
3.307000e+01 -1.919254e-02
3.308000e+01 -1.912412e-02
3.309000e+01 -1.905340e-02
3.310000e+01 -1.898037e-02
3.311000e+01 -1.890508e-02
3.312000e+01 -1.882752e-02
3.313000e+01 -1.874773e-02
3.314000e+01 -1.866573e-02
3.315000e+01 -1.858153e-02
3.316000e+01 -1.849517e-02
3.317000e+01 -1.840664e-02
3.318000e+01 -1.831600e-02
3.319000e+01 -1.822324e-02
3.320000e+01 -1.812840e-02
3.321000e+01 -1.803151e-02
3.322000e+01 -1.793257e-02
3.323000e+01 -1.783162e-02
3.324000e+01 -1.772869e-02
3.325000e+01 -1.762378e-02
3.326000e+01 -1.751694e-02
3.327000e+01 -1.740819e-02
3.328000e+01 -1.729754e-02
3.329000e+01 -1.718504e-02
3.330000e+01 -1.707069e-02
3.331000e+01 -1.695453e-02
3.332000e+01 -1.683659e-02
3.333000e+01 -1.671689e-02
3.334000e+01 -1.659546e-02
3.335000e+01 -1.647232e-02
3.336000e+01 -1.634751e-02
3.337000e+01 -1.622106e-02
3.338000e+01 -1.609298e-02
3.339000e+01 -1.596331e-02
3.340000e+01 -1.583208e-02
3.341000e+01 -1.569931e-02
3.342000e+01 -1.556504e-02
3.343000e+01 -1.542929e-02
3.344000e+01 -1.529210e-02
3.345000e+01 -1.515349e-02
3.346000e+01 -1.501350e-02
3.347000e+01 -1.487215e-02
3.348000e+01 -1.472948e-02
3.349000e+01 -1.458552e-02
3.350000e+01 -1.444029e-02
3.351000e+01 -1.429382e-02
3.352000e+01 -1.414616e-02
3.353000e+01 -1.399733e-02
3.354000e+01 -1.384736e-02
3.355000e+01 -1.369628e-02
3.356000e+01 -1.354413e-02
3.357000e+01 -1.339094e-02
3.358000e+01 -1.323674e-02
3.359000e+01 -1.308156e-02
3.360000e+01 -1.292543e-02
3.361000e+01 -1.276839e-02
3.362000e+01 -1.261048e-02
3.363000e+01 -1.245171e-02
3.364000e+01 -1.229213e-02
3.365000e+01 -1.213177e-02
3.366000e+01 -1.197067e-02
3.367000e+01 -1.180884e-02
3.368000e+01 -1.164634e-02
3.369000e+01 -1.148319e-02
3.370000e+01 -1.131943e-02
3.371000e+01 -1.115508e-02
3.372000e+01 -1.099019e-02
3.373000e+01 -1.082478e-02
3.374000e+01 -1.065890e-02
3.375000e+01 -1.049257e-02
3.376000e+01 -1.032583e-02
3.377000e+01 -1.015871e-02
3.378000e+01 -9.991247e-03
3.379000e+01 -9.823474e-03
3.380000e+01 -9.655425e-03
3.381000e+01 -9.487134e-03
3.382000e+01 -9.318636e-03
3.383000e+01 -9.149963e-03
3.384000e+01 -8.981151e-03
3.385000e+01 -8.812232e-03
3.386000e+01 -8.643242e-03
3.387000e+01 -8.474213e-03
3.388000e+01 -8.305180e-03
3.389000e+01 -8.136177e-03
3.390000e+01 -7.967238e-03
3.391000e+01 -7.798395e-03
3.392000e+01 -7.629686e-03
3.393000e+01 -7.461142e-03
3.394000e+01 -7.292797e-03
3.395000e+01 -7.124682e-03
3.396000e+01 -6.956833e-03
3.397000e+01 -6.789283e-03
3.398000e+01 -6.622064e-03
3.399000e+01 -6.455210e-03
3.400000e+01 -6.288754e-03
3.401000e+01 -6.122729e-03
3.402000e+01 -5.957167e-03
3.403000e+01 -5.792102e-03
3.404000e+01 -5.627566e-03
3.405000e+01 -5.463591e-03
3.406000e+01 -5.300210e-03
3.407000e+01 -5.137454e-03
3.408000e+01 -4.975357e-03
3.409000e+01 -4.813949e-03
3.410000e+01 -4.653262e-03
3.411000e+01 -4.493328e-03
3.412000e+01 -4.334179e-03
3.413000e+01 -4.175844e-03
3.414000e+01 -4.018356e-03
3.415000e+01 -3.861745e-03
3.416000e+01 -3.706041e-03
3.417000e+01 -3.551275e-03
3.418000e+01 -3.397477e-03
3.419000e+01 -3.244677e-03
3.420000e+01 -3.092904e-03
3.421000e+01 -2.942189e-03
3.422000e+01 -2.792560e-03
3.423000e+01 -2.644046e-03
3.424000e+01 -2.496676e-03
3.425000e+01 -2.350476e-03
3.426000e+01 -2.205477e-03
3.427000e+01 -2.061706e-03
3.428000e+01 -1.919192e-03
3.429000e+01 -1.777961e-03
3.430000e+01 -1.638042e-03
3.431000e+01 -1.499460e-03
3.432000e+01 -1.362242e-03
3.433000e+01 -1.226415e-03
3.434000e+01 -1.092005e-03
3.435000e+01 -9.590360e-04
3.436000e+01 -8.275350e-04
3.437000e+01 -6.975270e-04
3.438000e+01 -5.690350e-04
3.439000e+01 -4.420850e-04
3.440000e+01 -3.167010e-04
3.441000e+01 -1.929060e-04
3.442000e+01 -7.072290e-05
3.443000e+01 4.982420e-05
3.444000e+01 1.687130e-04
3.445000e+01 2.859200e-04
3.446000e+01 4.014240e-04
3.447000e+01 5.152050e-04
3.448000e+01 6.272400e-04
3.449000e+01 7.375100e-04
3.450000e+01 8.459930e-04
3.451000e+01 9.526700e-04
3.452000e+01 1.057521e-03
3.453000e+01 1.160527e-03
3.454000e+01 1.261669e-03
3.455000e+01 1.360929e-03
3.456000e+01 1.458288e-03
3.457000e+01 1.553729e-03
3.458000e+01 1.647235e-03
3.459000e+01 1.738789e-03
3.460000e+01 1.828374e-03
3.461000e+01 1.915975e-03
3.462000e+01 2.001575e-03
3.463000e+01 2.085161e-03
3.464000e+01 2.166717e-03
3.465000e+01 2.246229e-03
3.466000e+01 2.323684e-03
3.467000e+01 2.399069e-03
3.468000e+01 2.472369e-03
3.469000e+01 2.543573e-03
3.470000e+01 2.612669e-03
3.471000e+01 2.679644e-03
3.472000e+01 2.744489e-03
3.473000e+01 2.807192e-03
3.474000e+01 2.867743e-03
3.475000e+01 2.926132e-03
3.476000e+01 2.982351e-03
3.477000e+01 3.036391e-03
3.478000e+01 3.088242e-03
3.479000e+01 3.137899e-03
3.480000e+01 3.185352e-03
3.481000e+01 3.230596e-03
3.482000e+01 3.273624e-03
3.483000e+01 3.314429e-03
3.484000e+01 3.353008e-03
3.485000e+01 3.389354e-03
3.486000e+01 3.423463e-03
3.487000e+01 3.455332e-03
3.488000e+01 3.484957e-03
3.489000e+01 3.512334e-03
3.490000e+01 3.537462e-03
3.491000e+01 3.560338e-03
3.492000e+01 3.580961e-03
3.493000e+01 3.599330e-03
3.494000e+01 3.615444e-03
3.495000e+01 3.629304e-03
3.496000e+01 3.640909e-03
3.497000e+01 3.650260e-03
3.498000e+01 3.657360e-03
3.499000e+01 3.662209e-03
3.500000e+01 3.664811e-03
3.501000e+01 3.665168e-03
3.502000e+01 3.663284e-03
3.503000e+01 3.659161e-03
3.504000e+01 3.652806e-03
3.505000e+01 3.644222e-03
3.506000e+01 3.633415e-03
3.507000e+01 3.620391e-03
3.508000e+01 3.605155e-03
3.509000e+01 3.587716e-03
3.510000e+01 3.568079e-03
3.511000e+01 3.546253e-03
3.512000e+01 3.522245e-03
3.513000e+01 3.496065e-03
3.514000e+01 3.467722e-03
3.515000e+01 3.437224e-03
3.516000e+01 3.404583e-03
3.517000e+01 3.369809e-03
3.518000e+01 3.332913e-03
3.519000e+01 3.293905e-03
3.520000e+01 3.252799e-03
3.521000e+01 3.209606e-03
3.522000e+01 3.164340e-03
3.523000e+01 3.117013e-03
3.524000e+01 3.067639e-03
3.525000e+01 3.016233e-03
3.526000e+01 2.962809e-03
3.527000e+01 2.907381e-03
3.528000e+01 2.849967e-03
3.529000e+01 2.790580e-03
3.530000e+01 2.729240e-03
3.531000e+01 2.665961e-03
3.532000e+01 2.600760e-03
3.533000e+01 2.533656e-03
3.534000e+01 2.464666e-03
3.535000e+01 2.393808e-03
3.536000e+01 2.321102e-03
3.537000e+01 2.246567e-03
3.538000e+01 2.170221e-03
3.539000e+01 2.092085e-03
3.540000e+01 2.012180e-03
3.541000e+01 1.930524e-03
3.542000e+01 1.847140e-03
3.543000e+01 1.762050e-03
3.544000e+01 1.675276e-03
3.545000e+01 1.586838e-03
3.546000e+01 1.496761e-03
3.547000e+01 1.405067e-03
3.548000e+01 1.311779e-03
3.549000e+01 1.216921e-03
3.550000e+01 1.120517e-03
3.551000e+01 1.022592e-03
3.552000e+01 9.231690e-04
3.553000e+01 8.222740e-04
3.554000e+01 7.199310e-04
3.555000e+01 6.161660e-04
3.556000e+01 5.110050e-04
3.557000e+01 4.044730e-04
3.558000e+01 2.965970e-04
3.559000e+01 1.874040e-04
3.560000e+01 7.692010e-05
3.561000e+01 -3.482730e-05
3.562000e+01 -1.478110e-04
3.563000e+01 -2.620030e-04
3.564000e+01 -3.773760e-04
3.565000e+01 -4.939010e-04
3.566000e+01 -6.115500e-04
3.567000e+01 -7.302950e-04
3.568000e+01 -8.501070e-04
3.569000e+01 -9.709570e-04
3.570000e+01 -1.092815e-03
3.571000e+01 -1.215653e-03
3.572000e+01 -1.339440e-03
3.573000e+01 -1.464148e-03
3.574000e+01 -1.589745e-03
3.575000e+01 -1.716203e-03
3.576000e+01 -1.843490e-03
3.577000e+01 -1.971577e-03
3.578000e+01 -2.100432e-03
3.579000e+01 -2.230026e-03
3.580000e+01 -2.360327e-03
3.581000e+01 -2.491304e-03
3.582000e+01 -2.622927e-03
3.583000e+01 -2.755164e-03
3.584000e+01 -2.887987e-03
3.585000e+01 -3.021361e-03
3.586000e+01 -3.155256e-03
3.587000e+01 -3.289640e-03
3.588000e+01 -3.424481e-03
3.589000e+01 -3.559747e-03
3.590000e+01 -3.695408e-03
3.591000e+01 -3.831432e-03
3.592000e+01 -3.967786e-03
3.593000e+01 -4.104438e-03
3.594000e+01 -4.241356e-03
3.595000e+01 -4.378508e-03
3.596000e+01 -4.515865e-03
3.597000e+01 -4.653393e-03
3.598000e+01 -4.791061e-03
3.599000e+01 -4.928837e-03
3.600000e+01 -5.066690e-03
3.601000e+01 -5.204588e-03
3.602000e+01 -5.342499e-03
3.603000e+01 -5.480392e-03
3.604000e+01 -5.618235e-03
3.605000e+01 -5.755997e-03
3.606000e+01 -5.893646e-03
3.607000e+01 -6.031151e-03
3.608000e+01 -6.168481e-03
3.609000e+01 -6.305605e-03
3.610000e+01 -6.442492e-03
3.611000e+01 -6.579110e-03
3.612000e+01 -6.715430e-03
3.613000e+01 -6.851420e-03
3.614000e+01 -6.987050e-03
3.615000e+01 -7.122292e-03
3.616000e+01 -7.257114e-03
3.617000e+01 -7.391486e-03
3.618000e+01 -7.525376e-03
3.619000e+01 -7.658757e-03
3.620000e+01 -7.791599e-03
3.621000e+01 -7.923871e-03
3.622000e+01 -8.055546e-03
3.623000e+01 -8.186593e-03
3.624000e+01 -8.316985e-03
3.625000e+01 -8.446693e-03
3.626000e+01 -8.575689e-03
3.627000e+01 -8.703944e-03
3.628000e+01 -8.831431e-03
3.629000e+01 -8.958123e-03
3.630000e+01 -9.083991e-03
3.631000e+01 -9.209010e-03
3.632000e+01 -9.333151e-03
3.633000e+01 -9.456390e-03
3.634000e+01 -9.578699e-03
3.635000e+01 -9.700053e-03
3.636000e+01 -9.820426e-03
3.637000e+01 -9.939793e-03
3.638000e+01 -1.005813e-02
3.639000e+01 -1.017541e-02
3.640000e+01 -1.029161e-02
3.641000e+01 -1.040670e-02
3.642000e+01 -1.052067e-02
3.643000e+01 -1.063348e-02
3.644000e+01 -1.074512e-02
3.645000e+01 -1.085556e-02
3.646000e+01 -1.096479e-02
3.647000e+01 -1.107277e-02
3.648000e+01 -1.117948e-02
3.649000e+01 -1.128491e-02
3.650000e+01 -1.138904e-02
3.651000e+01 -1.149183e-02
3.652000e+01 -1.159329e-02
3.653000e+01 -1.169337e-02
3.654000e+01 -1.179207e-02
3.655000e+01 -1.188937e-02
3.656000e+01 -1.198524e-02
3.657000e+01 -1.207967e-02
3.658000e+01 -1.217264e-02
3.659000e+01 -1.226413e-02
3.660000e+01 -1.235413e-02
3.661000e+01 -1.244262e-02
3.662000e+01 -1.252958e-02
3.663000e+01 -1.261500e-02
3.664000e+01 -1.269887e-02
3.665000e+01 -1.278116e-02
3.666000e+01 -1.286186e-02
3.667000e+01 -1.294096e-02
3.668000e+01 -1.301844e-02
3.669000e+01 -1.309430e-02
3.670000e+01 -1.316851e-02
3.671000e+01 -1.324107e-02
3.672000e+01 -1.331197e-02
3.673000e+01 -1.338119e-02
3.674000e+01 -1.344872e-02
3.675000e+01 -1.351455e-02
3.676000e+01 -1.357868e-02
3.677000e+01 -1.364108e-02
3.678000e+01 -1.370176e-02
3.679000e+01 -1.376071e-02
3.680000e+01 -1.381791e-02
3.681000e+01 -1.387336e-02
3.682000e+01 -1.392705e-02
3.683000e+01 -1.397897e-02
3.684000e+01 -1.402912e-02
3.685000e+01 -1.407749e-02
3.686000e+01 -1.412408e-02
3.687000e+01 -1.416888e-02
3.688000e+01 -1.421189e-02
3.689000e+01 -1.425309e-02
3.690000e+01 -1.429250e-02
3.691000e+01 -1.433010e-02
3.692000e+01 -1.436589e-02
3.693000e+01 -1.439987e-02
3.694000e+01 -1.443204e-02
3.695000e+01 -1.446240e-02
3.696000e+01 -1.449094e-02
3.697000e+01 -1.451767e-02
3.698000e+01 -1.454258e-02
3.699000e+01 -1.456568e-02
3.700000e+01 -1.458696e-02
3.701000e+01 -1.460643e-02
3.702000e+01 -1.462409e-02
3.703000e+01 -1.463994e-02
3.704000e+01 -1.465399e-02
3.705000e+01 -1.466623e-02
3.706000e+01 -1.467667e-02
3.707000e+01 -1.468532e-02
3.708000e+01 -1.469217e-02
3.709000e+01 -1.469724e-02
3.710000e+01 -1.470052e-02
3.711000e+01 -1.470203e-02
3.712000e+01 -1.470177e-02
3.713000e+01 -1.469975e-02
3.714000e+01 -1.469596e-02
3.715000e+01 -1.469043e-02
3.716000e+01 -1.468316e-02
3.717000e+01 -1.467415e-02
3.718000e+01 -1.466341e-02
3.719000e+01 -1.465096e-02
3.720000e+01 -1.463680e-02
3.721000e+01 -1.462094e-02
3.722000e+01 -1.460339e-02
3.723000e+01 -1.458416e-02
3.724000e+01 -1.456327e-02
3.725000e+01 -1.454071e-02
3.726000e+01 -1.451652e-02
3.727000e+01 -1.449068e-02
3.728000e+01 -1.446323e-02
3.729000e+01 -1.443417e-02
3.730000e+01 -1.440351e-02
3.731000e+01 -1.437126e-02
3.732000e+01 -1.433745e-02
3.733000e+01 -1.430208e-02
3.734000e+01 -1.426517e-02
3.735000e+01 -1.422673e-02
3.736000e+01 -1.418678e-02
3.737000e+01 -1.414533e-02
3.738000e+01 -1.410239e-02
3.739000e+01 -1.405799e-02
3.740000e+01 -1.401213e-02
3.741000e+01 -1.396485e-02
3.742000e+01 -1.391614e-02
3.743000e+01 -1.386603e-02
3.744000e+01 -1.381453e-02
3.745000e+01 -1.376167e-02
3.746000e+01 -1.370745e-02
3.747000e+01 -1.365191e-02
3.748000e+01 -1.359504e-02
3.749000e+01 -1.353688e-02
3.750000e+01 -1.347744e-02
3.751000e+01 -1.341675e-02
3.752000e+01 -1.335481e-02
3.753000e+01 -1.329165e-02
3.754000e+01 -1.322729e-02
3.755000e+01 -1.316174e-02
3.756000e+01 -1.309503e-02
3.757000e+01 -1.302718e-02
3.758000e+01 -1.295820e-02
3.759000e+01 -1.288812e-02
3.760000e+01 -1.281696e-02
3.761000e+01 -1.274473e-02
3.762000e+01 -1.267146e-02
3.763000e+01 -1.259718e-02
3.764000e+01 -1.252189e-02
3.765000e+01 -1.244562e-02
3.766000e+01 -1.236840e-02
3.767000e+01 -1.229024e-02
3.768000e+01 -1.221116e-02
3.769000e+01 -1.213120e-02
3.770000e+01 -1.205036e-02
3.771000e+01 -1.196867e-02
3.772000e+01 -1.188615e-02
3.773000e+01 -1.180283e-02
3.774000e+01 -1.171873e-02
3.775000e+01 -1.163387e-02
3.776000e+01 -1.154826e-02
3.777000e+01 -1.146194e-02
3.778000e+01 -1.137493e-02
3.779000e+01 -1.128724e-02
3.780000e+01 -1.119891e-02
3.781000e+01 -1.110995e-02
3.782000e+01 -1.102038e-02
3.783000e+01 -1.093024e-02
3.784000e+01 -1.083953e-02
3.785000e+01 -1.074829e-02
3.786000e+01 -1.065653e-02
3.787000e+01 -1.056429e-02
3.788000e+01 -1.047157e-02
3.789000e+01 -1.037841e-02
3.790000e+01 -1.028482e-02
3.791000e+01 -1.019084e-02
3.792000e+01 -1.009648e-02
3.793000e+01 -1.000176e-02
3.794000e+01 -9.906709e-03
3.795000e+01 -9.811348e-03
3.796000e+01 -9.715700e-03
3.797000e+01 -9.619786e-03
3.798000e+01 -9.523629e-03
3.799000e+01 -9.427251e-03
3.800000e+01 -9.330676e-03
3.801000e+01 -9.233924e-03
3.802000e+01 -9.137018e-03
3.803000e+01 -9.039980e-03
3.804000e+01 -8.942832e-03
3.805000e+01 -8.845596e-03
3.806000e+01 -8.748293e-03
3.807000e+01 -8.650944e-03
3.808000e+01 -8.553573e-03
3.809000e+01 -8.456199e-03
3.810000e+01 -8.358846e-03
3.811000e+01 -8.261533e-03
3.812000e+01 -8.164283e-03
3.813000e+01 -8.067116e-03
3.814000e+01 -7.970054e-03
3.815000e+01 -7.873116e-03
3.816000e+01 -7.776324e-03
3.817000e+01 -7.679698e-03
3.818000e+01 -7.583259e-03
3.819000e+01 -7.487026e-03
3.820000e+01 -7.391021e-03
3.821000e+01 -7.295261e-03
3.822000e+01 -7.199769e-03
3.823000e+01 -7.104562e-03
3.824000e+01 -7.009661e-03
3.825000e+01 -6.915084e-03
3.826000e+01 -6.820851e-03
3.827000e+01 -6.726983e-03
3.828000e+01 -6.633496e-03
3.829000e+01 -6.540409e-03
3.830000e+01 -6.447740e-03
3.831000e+01 -6.355508e-03
3.832000e+01 -6.263730e-03
3.833000e+01 -6.172424e-03
3.834000e+01 -6.081608e-03
3.835000e+01 -5.991299e-03
3.836000e+01 -5.901514e-03
3.837000e+01 -5.812271e-03
3.838000e+01 -5.723585e-03
3.839000e+01 -5.635475e-03
3.840000e+01 -5.547955e-03
3.841000e+01 -5.461042e-03
3.842000e+01 -5.374752e-03
3.843000e+01 -5.289101e-03
3.844000e+01 -5.204103e-03
3.845000e+01 -5.119775e-03
3.846000e+01 -5.036131e-03
3.847000e+01 -4.953186e-03
3.848000e+01 -4.870954e-03
3.849000e+01 -4.789450e-03
3.850000e+01 -4.708688e-03
3.851000e+01 -4.628682e-03
3.852000e+01 -4.549444e-03
3.853000e+01 -4.470989e-03
3.854000e+01 -4.393330e-03
3.855000e+01 -4.316479e-03
3.856000e+01 -4.240449e-03
3.857000e+01 -4.165252e-03
3.858000e+01 -4.090900e-03
3.859000e+01 -4.017406e-03
3.860000e+01 -3.944779e-03
3.861000e+01 -3.873033e-03
3.862000e+01 -3.802177e-03
3.863000e+01 -3.732224e-03
3.864000e+01 -3.663183e-03
3.865000e+01 -3.595064e-03
3.866000e+01 -3.527879e-03
3.867000e+01 -3.461636e-03
3.868000e+01 -3.396345e-03
3.869000e+01 -3.332016e-03
3.870000e+01 -3.268657e-03
3.871000e+01 -3.206277e-03
3.872000e+01 -3.144884e-03
3.873000e+01 -3.084487e-03
3.874000e+01 -3.025094e-03
3.875000e+01 -2.966712e-03
3.876000e+01 -2.909349e-03
3.877000e+01 -2.853012e-03
3.878000e+01 -2.797707e-03
3.879000e+01 -2.743442e-03
3.880000e+01 -2.690223e-03
3.881000e+01 -2.638056e-03
3.882000e+01 -2.586946e-03
3.883000e+01 -2.536900e-03
3.884000e+01 -2.487922e-03
3.885000e+01 -2.440018e-03
3.886000e+01 -2.393191e-03
3.887000e+01 -2.347448e-03
3.888000e+01 -2.302792e-03
3.889000e+01 -2.259226e-03
3.890000e+01 -2.216756e-03
3.891000e+01 -2.175384e-03
3.892000e+01 -2.135113e-03
3.893000e+01 -2.095947e-03
3.894000e+01 -2.057888e-03
3.895000e+01 -2.020938e-03
3.896000e+01 -1.985101e-03
3.897000e+01 -1.950377e-03
3.898000e+01 -1.916770e-03
3.899000e+01 -1.884279e-03
3.900000e+01 -1.852906e-03
3.901000e+01 -1.822653e-03
3.902000e+01 -1.793520e-03
3.903000e+01 -1.765507e-03
3.904000e+01 -1.738616e-03
3.905000e+01 -1.712845e-03
3.906000e+01 -1.688195e-03
3.907000e+01 -1.664665e-03
3.908000e+01 -1.642255e-03
3.909000e+01 -1.620963e-03
3.910000e+01 -1.600789e-03
3.911000e+01 -1.581731e-03
3.912000e+01 -1.563788e-03
3.913000e+01 -1.546958e-03
3.914000e+01 -1.531238e-03
3.915000e+01 -1.516627e-03
3.916000e+01 -1.503123e-03
3.917000e+01 -1.490721e-03
3.918000e+01 -1.479421e-03
3.919000e+01 -1.469218e-03
3.920000e+01 -1.460109e-03
3.921000e+01 -1.452091e-03
3.922000e+01 -1.445160e-03
3.923000e+01 -1.439312e-03
3.924000e+01 -1.434543e-03
3.925000e+01 -1.430849e-03
3.926000e+01 -1.428225e-03
3.927000e+01 -1.426668e-03
3.928000e+01 -1.426171e-03
3.929000e+01 -1.426730e-03
3.930000e+01 -1.428340e-03
3.931000e+01 -1.430995e-03
3.932000e+01 -1.434690e-03
3.933000e+01 -1.439419e-03
3.934000e+01 -1.445177e-03
3.935000e+01 -1.451957e-03
3.936000e+01 -1.459753e-03
3.937000e+01 -1.468558e-03
3.938000e+01 -1.478367e-03
3.939000e+01 -1.489173e-03
3.940000e+01 -1.500968e-03
3.941000e+01 -1.513746e-03
3.942000e+01 -1.527499e-03
3.943000e+01 -1.542221e-03
3.944000e+01 -1.557904e-03
3.945000e+01 -1.574541e-03
3.946000e+01 -1.592123e-03
3.947000e+01 -1.610644e-03
3.948000e+01 -1.630095e-03
3.949000e+01 -1.650468e-03
3.950000e+01 -1.671755e-03
3.951000e+01 -1.693947e-03
3.952000e+01 -1.717037e-03
3.953000e+01 -1.741016e-03
3.954000e+01 -1.765875e-03
3.955000e+01 -1.791606e-03
3.956000e+01 -1.818199e-03
3.957000e+01 -1.845646e-03
3.958000e+01 -1.873938e-03
3.959000e+01 -1.903065e-03
3.960000e+01 -1.933019e-03
3.961000e+01 -1.963790e-03
3.962000e+01 -1.995369e-03
3.963000e+01 -2.027746e-03
3.964000e+01 -2.060912e-03
3.965000e+01 -2.094857e-03
3.966000e+01 -2.129571e-03
3.967000e+01 -2.165045e-03
3.968000e+01 -2.201268e-03
3.969000e+01 -2.238232e-03
3.970000e+01 -2.275925e-03
3.971000e+01 -2.314338e-03
3.972000e+01 -2.353460e-03
3.973000e+01 -2.393282e-03
3.974000e+01 -2.433794e-03
3.975000e+01 -2.474984e-03
3.976000e+01 -2.516843e-03
3.977000e+01 -2.559360e-03
3.978000e+01 -2.602525e-03
3.979000e+01 -2.646327e-03
3.980000e+01 -2.690756e-03
3.981000e+01 -2.735801e-03
3.982000e+01 -2.781452e-03
3.983000e+01 -2.827698e-03
3.984000e+01 -2.874528e-03
3.985000e+01 -2.921932e-03
3.986000e+01 -2.969899e-03
3.987000e+01 -3.018417e-03
3.988000e+01 -3.067477e-03
3.989000e+01 -3.117068e-03
3.990000e+01 -3.167178e-03
3.991000e+01 -3.217797e-03
3.992000e+01 -3.268914e-03
3.993000e+01 -3.320518e-03
3.994000e+01 -3.372598e-03
3.995000e+01 -3.425143e-03
3.996000e+01 -3.478143e-03
3.997000e+01 -3.531585e-03
3.998000e+01 -3.585462e-03
3.999000e+01 -3.639759e-03
4.000000e+01 -3.694467e-03
