Time (s)   Float Heave (m) Plate Heave (m)Float Drift (x) (m)
0.01           -0.72000273    -21.28999999     -0.00000623
0.02           -0.72001211    -21.28999995     -0.00002761
0.03           -0.72002828    -21.28999988     -0.00006440
0.04           -0.72005110    -21.28999978     -0.00011617
0.05           -0.72008044    -21.28999965     -0.00018253
0.06           -0.72011613    -21.28999949     -0.00026309
0.07           -0.72015804    -21.28999931     -0.00035743
0.08           -0.72020601    -21.28999910     -0.00046512
0.09           -0.72025989    -21.28999886     -0.00058574
0.10           -0.72031949    -21.28999860     -0.00071884
0.11           -0.72038467    -21.28999831     -0.00086399
0.12           -0.72045526    -21.28999800     -0.00102072
0.13           -0.72053107    -21.28999767     -0.00118860
0.14           -0.72061194    -21.28999731     -0.00136716
0.15           -0.72069768    -21.28999693     -0.00155593
0.16           -0.72078812    -21.28999653     -0.00175444
0.17           -0.72088306    -21.28999610     -0.00196222
0.18           -0.72098232    -21.28999566     -0.00217879
0.19           -0.72108571    -21.28999520     -0.00240366
0.20           -0.72119304    -21.28999472     -0.00263635
0.21           -0.72130411    -21.28999422     -0.00287637
0.22           -0.72141872    -21.28999370     -0.00312322
0.23           -0.72153668    -21.28999316     -0.00337640
0.24           -0.72165777    -21.28999261     -0.00363541
0.25           -0.72178181    -21.28999205     -0.00389974
0.26           -0.72190857    -21.28999147     -0.00416889
0.27           -0.72203785    -21.28999087     -0.00444236
0.28           -0.72216944    -21.28999026     -0.00471962
0.29           -0.72230314    -21.28998964     -0.00500016
0.30           -0.72243872    -21.28998901     -0.00528348
0.31           -0.72257597    -21.28998836     -0.00556905
0.32           -0.72271469    -21.28998771     -0.00585636
0.33           -0.72285464    -21.28998704     -0.00614488
0.34           -0.72299562    -21.28998637     -0.00643411
0.35           -0.72313741    -21.28998568     -0.00672352
0.36           -0.72327978    -21.28998499     -0.00701259
0.37           -0.72342252    -21.28998429     -0.00730080
0.38           -0.72356541    -21.28998359     -0.00758764
0.39           -0.72370823    -21.28998288     -0.00787258
0.40           -0.72385076    -21.28998216     -0.00815512
0.41           -0.72399277    -21.28998144     -0.00843473
0.42           -0.72413405    -21.28998072     -0.00871090
0.43           -0.72427438    -21.28997999     -0.00898312
0.44           -0.72441354    -21.28997927     -0.00925088
0.45           -0.72455130    -21.28997854     -0.00951367
0.46           -0.72468745    -21.28997781     -0.00977099
0.47           -0.72482177    -21.28997708     -0.01002232
0.48           -0.72495404    -21.28997635     -0.01026718
0.49           -0.72508405    -21.28997562     -0.01050506
0.50           -0.72521158    -21.28997489     -0.01073547
0.51           -0.72533642    -21.28997417     -0.01095793
0.52           -0.72545835    -21.28997345     -0.01117193
0.53           -0.72557716    -21.28997274     -0.01137701
0.54           -0.72569264    -21.28997202     -0.01157268
0.55           -0.72580458    -21.28997132     -0.01175848
0.56           -0.72591278    -21.28997062     -0.01193392
0.57           -0.72601703    -21.28996993     -0.01209856
0.58           -0.72611713    -21.28996925     -0.01225193
0.59           -0.72621287    -21.28996857     -0.01239358
0.60           -0.72630407    -21.28996791     -0.01252307
0.61           -0.72639051    -21.28996725     -0.01263994
0.62           -0.72647202    -21.28996660     -0.01274378
0.63           -0.72654839    -21.28996597     -0.01283414
0.64           -0.72661945    -21.28996535     -0.01291061
0.65           -0.72668499    -21.28996474     -0.01297277
0.66           -0.72674485    -21.28996414     -0.01302021
0.67           -0.72679884    -21.28996356     -0.01305253
0.68           -0.72684678    -21.28996299     -0.01306935
0.69           -0.72688851    -21.28996243     -0.01307026
0.70           -0.72692385    -21.28996190     -0.01305490
0.71           -0.72695263    -21.28996138     -0.01302290
0.72           -0.72697469    -21.28996087     -0.01297388
0.73           -0.72698988    -21.28996038     -0.01290749
0.74           -0.72699803    -21.28995992     -0.01282340
0.75           -0.72699899    -21.28995947     -0.01272125
0.76           -0.72699263    -21.28995904     -0.01260073
0.77           -0.72697878    -21.28995863     -0.01246151
0.78           -0.72695732    -21.28995824     -0.01230328
0.79           -0.72692810    -21.28995788     -0.01212574
0.80           -0.72689100    -21.28995753     -0.01192860
0.81           -0.72684589    -21.28995721     -0.01171157
0.82           -0.72679265    -21.28995691     -0.01147438
0.83           -0.72673115    -21.28995664     -0.01121676
0.84           -0.72666128    -21.28995639     -0.01093846
0.85           -0.72658294    -21.28995617     -0.01063925
0.86           -0.72649602    -21.28995597     -0.01031887
0.87           -0.72640042    -21.28995580     -0.00997711
0.88           -0.72629604    -21.28995565     -0.00961375
0.89           -0.72618280    -21.28995553     -0.00922860
0.90           -0.72606061    -21.28995544     -0.00882145
0.91           -0.72592940    -21.28995538     -0.00839213
0.92           -0.72578908    -21.28995535     -0.00794046
0.93           -0.72563958    -21.28995535     -0.00746629
0.94           -0.72548086    -21.28995538     -0.00696945
0.95           -0.72531283    -21.28995544     -0.00644982
0.96           -0.72513546    -21.28995553     -0.00590726
0.97           -0.72494869    -21.28995565     -0.00534165
0.98           -0.72475247    -21.28995581     -0.00475290
0.99           -0.72454678    -21.28995600     -0.00414089
1.00           -0.72433158    -21.28995622     -0.00350556
1.01           -0.72410684    -21.28995647     -0.00284682
1.02           -0.72387255    -21.28995676     -0.00216461
1.03           -0.72362868    -21.28995709     -0.00145889
1.04           -0.72337523    -21.28995745     -0.00072960
1.05           -0.72311219    -21.28995784      0.00002327
1.06           -0.72283956    -21.28995827      0.00079974
1.07           -0.72255735    -21.28995874      0.00159982
1.08           -0.72226558    -21.28995925      0.00242351
1.09           -0.72196426    -21.28995979      0.00327079
1.10           -0.72165342    -21.28996037      0.00414162
1.11           -0.72133308    -21.28996099      0.00503598
1.12           -0.72100329    -21.28996165      0.00595381
1.13           -0.72066407    -21.28996235      0.00689505
1.14           -0.72031549    -21.28996309      0.00785963
1.15           -0.71995759    -21.28996387      0.00884745
1.16           -0.71959042    -21.28996469      0.00985844
1.17           -0.71921407    -21.28996554      0.01089248
1.18           -0.71882858    -21.28996645      0.01194946
1.19           -0.71843405    -21.28996739      0.01302924
1.20           -0.71803054    -21.28996837      0.01413169
1.21           -0.71761815    -21.28996940      0.01525667
1.22           -0.71719697    -21.28997047      0.01640400
1.23           -0.71676710    -21.28997158      0.01757352
1.24           -0.71632863    -21.28997274      0.01876504
1.25           -0.71588169    -21.28997394      0.01997838
1.26           -0.71542637    -21.28997518      0.02121333
1.27           -0.71496281    -21.28997647      0.02246968
1.28           -0.71449112    -21.28997780      0.02374721
1.29           -0.71401144    -21.28997918      0.02504568
1.30           -0.71352391    -21.28998060      0.02636485
1.31           -0.71302865    -21.28998207      0.02770446
1.32           -0.71252583    -21.28998358      0.02906426
1.33           -0.71201558    -21.28998514      0.03044396
1.34           -0.71149808    -21.28998674      0.03184330
1.35           -0.71097347    -21.28998839      0.03326197
1.36           -0.71044192    -21.28999009      0.03469967
1.37           -0.70990361    -21.28999184      0.03615610
1.38           -0.70935871    -21.28999363      0.03763094
1.39           -0.70880740    -21.28999546      0.03912385
1.40           -0.70824987    -21.28999735      0.04063450
1.41           -0.70768631    -21.28999928      0.04216254
1.42           -0.70711691    -21.29000126      0.04370763
1.43           -0.70654187    -21.29000329      0.04526939
1.44           -0.70596139    -21.29000537      0.04684747
1.45           -0.70537569    -21.29000749      0.04844147
1.46           -0.70478497    -21.29000966      0.05005102
1.47           -0.70418945    -21.29001188      0.05167571
1.48           -0.70358935    -21.29001415      0.05331516
1.49           -0.70298489    -21.29001647      0.05496895
1.50           -0.70237631    -21.29001883      0.05663666
1.51           -0.70176383    -21.29002124      0.05831788
1.52           -0.70114769    -21.29002371      0.06001217
1.53           -0.70052812    -21.29002622      0.06171910
1.54           -0.69990538    -21.29002877      0.06343823
1.55           -0.69927970    -21.29003138      0.06516911
1.56           -0.69865133    -21.29003404      0.06691128
1.57           -0.69802053    -21.29003674      0.06866430
1.58           -0.69738755    -21.29003949      0.07042768
1.59           -0.69675265    -21.29004230      0.07220097
1.60           -0.69611610    -21.29004515      0.07398369
1.61           -0.69547814    -21.29004805      0.07577535
1.62           -0.69483905    -21.29005099      0.07757548
1.63           -0.69419910    -21.29005399      0.07938358
1.64           -0.69355856    -21.29005703      0.08119916
1.65           -0.69291770    -21.29006012      0.08302173
1.66           -0.69227679    -21.29006327      0.08485078
1.67           -0.69163612    -21.29006645      0.08668580
1.68           -0.69099596    -21.29006969      0.08852630
1.69           -0.69035659    -21.29007297      0.09037176
1.70           -0.68971829    -21.29007631      0.09222167
1.71           -0.68908135    -21.29007969      0.09407551
1.72           -0.68844606    -21.29008311      0.09593276
1.73           -0.68781269    -21.29008659      0.09779290
1.74           -0.68718154    -21.29009011      0.09965541
1.75           -0.68655289    -21.29009368      0.10151977
1.76           -0.68592704    -21.29009729      0.10338545
1.77           -0.68530426    -21.29010096      0.10525191
1.78           -0.68468486    -21.29010466      0.10711865
1.79           -0.68406912    -21.29010842      0.10898512
1.80           -0.68345734    -21.29011222      0.11085079
1.81           -0.68284980    -21.29011607      0.11271515
1.82           -0.68224679    -21.29011996      0.11457765
1.83           -0.68164861    -21.29012390      0.11643778
1.84           -0.68105555    -21.29012788      0.11829499
1.85           -0.68046789    -21.29013191      0.12014877
1.86           -0.67988593    -21.29013598      0.12199858
1.87           -0.67930995    -21.29014010      0.12384391
1.88           -0.67874025    -21.29014426      0.12568422
1.89           -0.67817710    -21.29014846      0.12751900
1.90           -0.67762080    -21.29015271      0.12934772
1.91           -0.67707164    -21.29015700      0.13116986
1.92           -0.67652988    -21.29016133      0.13298492
1.93           -0.67599582    -21.29016571      0.13479237
1.94           -0.67546974    -21.29017013      0.13659170
1.95           -0.67495191    -21.29017459      0.13838241
1.96           -0.67444261    -21.29017910      0.14016399
1.97           -0.67394211    -21.29018364      0.14193594
1.98           -0.67345070    -21.29018823      0.14369777
1.99           -0.67296863    -21.29019285      0.14544897
2.00           -0.67249617    -21.29019752      0.14718907
2.01           -0.67203360    -21.29020223      0.14891758
2.02           -0.67158117    -21.29020697      0.15063401
2.03           -0.67113914    -21.29021176      0.15233790
2.04           -0.67070776    -21.29021658      0.15402877
2.05           -0.67028730    -21.29022145      0.15570615
2.06           -0.66987801    -21.29022635      0.15736960
2.07           -0.66948012    -21.29023129      0.15901865
2.08           -0.66909388    -21.29023627      0.16065285
2.09           -0.66871953    -21.29024129      0.16227177
2.10           -0.66835732    -21.29024634      0.16387498
2.11           -0.66800746    -21.29025143      0.16546203
2.12           -0.66767019    -21.29025655      0.16703252
2.13           -0.66734574    -21.29026172      0.16858602
2.14           -0.66703432    -21.29026691      0.17012213
2.15           -0.66673614    -21.29027215      0.17164045
2.16           -0.66645143    -21.29027741      0.17314058
2.17           -0.66618039    -21.29028272      0.17462214
2.18           -0.66592321    -21.29028805      0.17608475
2.19           -0.66568011    -21.29029342      0.17752804
2.20           -0.66545126    -21.29029883      0.17895165
2.21           -0.66523686    -21.29030426      0.18035522
2.22           -0.66503709    -21.29030973      0.18173842
2.23           -0.66485213    -21.29031523      0.18310091
2.24           -0.66468215    -21.29032077      0.18444235
2.25           -0.66452731    -21.29032633      0.18576243
2.26           -0.66438779    -21.29033193      0.18706085
2.27           -0.66426373    -21.29033756      0.18833729
2.28           -0.66415529    -21.29034321      0.18959148
2.29           -0.66406261    -21.29034890      0.19082312
2.30           -0.66398583    -21.29035462      0.19203196
2.31           -0.66392508    -21.29036037      0.19321772
2.32           -0.66388049    -21.29036615      0.19438016
2.33           -0.66385218    -21.29037195      0.19551903
2.34           -0.66384027    -21.29037779      0.19663410
2.35           -0.66384487    -21.29038365      0.19772516
2.36           -0.66386607    -21.29038954      0.19879198
2.37           -0.66390398    -21.29039546      0.19983438
2.38           -0.66395869    -21.29040141      0.20085215
2.39           -0.66403027    -21.29040739      0.20184513
2.40           -0.66411881    -21.29041339      0.20281313
2.41           -0.66422438    -21.29041941      0.20375601
2.42           -0.66434704    -21.29042547      0.20467362
2.43           -0.66448685    -21.29043155      0.20556582
2.44           -0.66464386    -21.29043765      0.20643248
2.45           -0.66481812    -21.29044378      0.20727350
2.46           -0.66500966    -21.29044994      0.20808877
2.47           -0.66521851    -21.29045612      0.20887819
2.48           -0.66544469    -21.29046233      0.20964169
2.49           -0.66568823    -21.29046856      0.21037919
2.50           -0.66594914    -21.29047481      0.21109065
2.51           -0.66622741    -21.29048109      0.21177601
2.52           -0.66652304    -21.29048739      0.21243523
2.53           -0.66683603    -21.29049372      0.21306830
2.54           -0.66716635    -21.29050007      0.21367520
2.55           -0.66751398    -21.29050644      0.21425593
2.56           -0.66787889    -21.29051284      0.21481049
2.57           -0.66826104    -21.29051926      0.21533892
2.58           -0.66866039    -21.29052570      0.21584124
2.59           -0.66907687    -21.29053216      0.21631750
2.60           -0.66951044    -21.29053865      0.21676775
2.61           -0.66996102    -21.29054515      0.21719206
2.62           -0.67042855    -21.29055168      0.21759051
2.63           -0.67091293    -21.29055824      0.21796318
2.64           -0.67141409    -21.29056481      0.21831018
2.65           -0.67193193    -21.29057140      0.21863162
2.66           -0.67246634    -21.29057802      0.21892762
2.67           -0.67301722    -21.29058466      0.21919832
2.68           -0.67358445    -21.29059132      0.21944385
2.69           -0.67416792    -21.29059800      0.21966438
2.70           -0.67476748    -21.29060470      0.21986008
2.71           -0.67538301    -21.29061142      0.22003111
2.72           -0.67601436    -21.29061816      0.22017767
2.73           -0.67666139    -21.29062493      0.22029996
2.74           -0.67732393    -21.29063171      0.22039818
2.75           -0.67800183    -21.29063852      0.22047255
2.76           -0.67869491    -21.29064534      0.22052332
2.77           -0.67940300    -21.29065219      0.22055071
2.78           -0.68012592    -21.29065905      0.22055497
2.79           -0.68086347    -21.29066594      0.22053637
2.80           -0.68161547    -21.29067285      0.22049518
2.81           -0.68238171    -21.29067977      0.22043167
2.82           -0.68316198    -21.29068672      0.22034615
2.83           -0.68395607    -21.29069369      0.22023890
2.84           -0.68476377    -21.29070068      0.22011023
2.85           -0.68558483    -21.29070769      0.21996047
2.86           -0.68641904    -21.29071472      0.21978993
2.87           -0.68726616    -21.29072177      0.21959897
2.88           -0.68812593    -21.29072884      0.21938792
2.89           -0.68899812    -21.29073593      0.21915713
2.90           -0.68988247    -21.29074304      0.21890697
2.91           -0.69077871    -21.29075017      0.21863780
2.92           -0.69168659    -21.29075732      0.21835002
2.93           -0.69260583    -21.29076449      0.21804400
2.94           -0.69353615    -21.29077168      0.21772013
2.95           -0.69447728    -21.29077890      0.21737883
2.96           -0.69542892    -21.29078613      0.21702050
2.97           -0.69639079    -21.29079339      0.21664555
2.98           -0.69736260    -21.29080066      0.21625441
2.99           -0.69834403    -21.29080796      0.21584752
3.00           -0.69933479    -21.29081527      0.21542531
3.01           -0.70033456    -21.29082261      0.21498822
3.02           -0.70134304    -21.29082997      0.21453671
3.03           -0.70235990    -21.29083735      0.21407123
3.04           -0.70338482    -21.29084475      0.21359224
3.05           -0.70441748    -21.29085217      0.21310022
3.06           -0.70545754    -21.29085961      0.21259564
3.07           -0.70650467    -21.29086708      0.21207897
3.08           -0.70755854    -21.29087456      0.21155070
3.09           -0.70861880    -21.29088207      0.21101132
3.10           -0.70968511    -21.29088960      0.21046133
3.11           -0.71075713    -21.29089715      0.20990122
3.12           -0.71183449    -21.29090472      0.20933149
3.13           -0.71291686    -21.29091232      0.20875266
3.14           -0.71400386    -21.29091993      0.20816523
3.15           -0.71509515    -21.29092757      0.20756971
3.16           -0.71619036    -21.29093523      0.20696663
3.17           -0.71728913    -21.29094291      0.20635650
3.18           -0.71839109    -21.29095061      0.20573985
3.19           -0.71949588    -21.29095834      0.20511719
3.20           -0.72060312    -21.29096609      0.20448907
3.21           -0.72171245    -21.29097386      0.20385601
3.22           -0.72282349    -21.29098165      0.20321854
3.23           -0.72393586    -21.29098947      0.20257720
3.24           -0.72504919    -21.29099731      0.20193251
3.25           -0.72616310    -21.29100517      0.20128503
3.26           -0.72727721    -21.29101305      0.20063528
3.27           -0.72839115    -21.29102096      0.19998380
3.28           -0.72950453    -21.29102889      0.19933113
3.29           -0.73061697    -21.29103684      0.19867782
3.30           -0.73172810    -21.29104482      0.19802439
3.31           -0.73283752    -21.29105281      0.19737139
3.32           -0.73394487    -21.29106084      0.19671936
3.33           -0.73504975    -21.29106888      0.19606883
3.34           -0.73615179    -21.29107695      0.19542034
3.35           -0.73725061    -21.29108504      0.19477442
3.36           -0.73834581    -21.29109315      0.19413162
3.37           -0.73943704    -21.29110129      0.19349245
3.38           -0.74052390    -21.29110945      0.19285745
3.39           -0.74160601    -21.29111764      0.19222716
3.40           -0.74268301    -21.29112585      0.19160208
3.41           -0.74375451    -21.29113408      0.19098276
3.42           -0.74482014    -21.29114233      0.19036970
3.43           -0.74587952    -21.29115061      0.18976343
3.44           -0.74693230    -21.29115891      0.18916446
3.45           -0.74797808    -21.29116724      0.18857330
3.46           -0.74901652    -21.29117559      0.18799045
3.47           -0.75004724    -21.29118396      0.18741643
3.48           -0.75106988    -21.29119235      0.18685172
3.49           -0.75208408    -21.29120077      0.18629683
3.50           -0.75308949    -21.29120921      0.18575223
3.51           -0.75408574    -21.29121768      0.18521842
3.52           -0.75507249    -21.29122617      0.18469588
3.53           -0.75604938    -21.29123468      0.18418508
3.54           -0.75701607    -21.29124321      0.18368649
3.55           -0.75797222    -21.29125177      0.18320058
3.56           -0.75891748    -21.29126035      0.18272779
3.57           -0.75985153    -21.29126895      0.18226859
3.58           -0.76077403    -21.29127758      0.18182341
3.59           -0.76168465    -21.29128623      0.18139270
3.60           -0.76258307    -21.29129490      0.18097688
3.61           -0.76346897    -21.29130360      0.18057639
3.62           -0.76434203    -21.29131231      0.18019164
3.63           -0.76520194    -21.29132105      0.17982304
3.64           -0.76604839    -21.29132982      0.17947100
3.65           -0.76688109    -21.29133860      0.17913591
3.66           -0.76769973    -21.29134741      0.17881815
3.67           -0.76850403    -21.29135623      0.17851812
3.68           -0.76929369    -21.29136508      0.17823618
3.69           -0.77006843    -21.29137396      0.17797269
3.70           -0.77082798    -21.29138285      0.17772801
3.71           -0.77157207    -21.29139176      0.17750250
3.72           -0.77230042    -21.29140070      0.17729648
3.73           -0.77301279    -21.29140965      0.17711028
3.74           -0.77370890    -21.29141863      0.17694423
3.75           -0.77438853    -21.29142763      0.17679864
3.76           -0.77505141    -21.29143665      0.17667381
3.77           -0.77569732    -21.29144568      0.17657002
3.78           -0.77632603    -21.29145474      0.17648758
3.79           -0.77693730    -21.29146382      0.17642674
3.80           -0.77753093    -21.29147292      0.17638777
3.81           -0.77810670    -21.29148203      0.17637092
3.82           -0.77866440    -21.29149117      0.17637645
3.83           -0.77920384    -21.29150032      0.17640457
3.84           -0.77972482    -21.29150950      0.17645552
3.85           -0.78022716    -21.29151869      0.17652951
3.86           -0.78071069    -21.29152790      0.17662674
3.87           -0.78117522    -21.29153712      0.17674740
3.88           -0.78162059    -21.29154637      0.17689168
3.89           -0.78204665    -21.29155563      0.17705974
3.90           -0.78245325    -21.29156491      0.17725174
3.91           -0.78284024    -21.29157420      0.17746784
3.92           -0.78320749    -21.29158351      0.17770816
3.93           -0.78355487    -21.29159284      0.17797285
3.94           -0.78388226    -21.29160218      0.17826201
3.95           -0.78418954    -21.29161154      0.17857575
3.96           -0.78447661    -21.29162091      0.17891417
3.97           -0.78474336    -21.29163030      0.17927734
3.98           -0.78498972    -21.29163970      0.17966535
3.99           -0.78521558    -21.29164912      0.18007824
4.00           -0.78542089    -21.29165855      0.18051607
4.01           -0.78560556    -21.29166799      0.18097888
4.02           -0.78576955    -21.29167745      0.18146669
4.03           -0.78591278    -21.29168691      0.18197952
4.04           -0.78603523    -21.29169639      0.18251738
4.05           -0.78613686    -21.29170588      0.18308025
4.06           -0.78621762    -21.29171538      0.18366812
4.07           -0.78627751    -21.29172490      0.18428096
4.08           -0.78631650    -21.29173442      0.18491872
4.09           -0.78633460    -21.29174395      0.18558136
4.10           -0.78633180    -21.29175350      0.18626881
4.11           -0.78630811    -21.29176305      0.18698100
4.12           -0.78626355    -21.29177261      0.18771783
4.13           -0.78619815    -21.29178218      0.18847922
4.14           -0.78611193    -21.29179175      0.18926506
4.15           -0.78600495    -21.29180133      0.19007522
4.16           -0.78587724    -21.29181092      0.19090957
4.17           -0.78572887    -21.29182052      0.19176798
4.18           -0.78555989    -21.29183012      0.19265029
4.19           -0.78537039    -21.29183973      0.19355634
4.20           -0.78516043    -21.29184934      0.19448595
4.21           -0.78493011    -21.29185896      0.19543894
4.22           -0.78467953    -21.29186858      0.19641511
4.23           -0.78440878    -21.29187820      0.19741427
4.24           -0.78411797    -21.29188782      0.19843618
4.25           -0.78380723    -21.29189745      0.19948063
4.26           -0.78347668    -21.29190708      0.20054738
4.27           -0.78312644    -21.29191671      0.20163618
4.28           -0.78275667    -21.29192634      0.20274678
4.29           -0.78236750    -21.29193597      0.20387890
4.30           -0.78195910    -21.29194560      0.20503227
4.31           -0.78153163    -21.29195523      0.20620660
4.32           -0.78108524    -21.29196486      0.20740161
4.33           -0.78062013    -21.29197448      0.20861697
4.34           -0.78013647    -21.29198410      0.20985238
4.35           -0.77963446    -21.29199372      0.21110751
4.36           -0.77911428    -21.29200333      0.21238203
4.37           -0.77857615    -21.29201294      0.21367559
4.38           -0.77802028    -21.29202255      0.21498785
4.39           -0.77744687    -21.29203214      0.21631845
4.40           -0.77685616    -21.29204173      0.21766701
4.41           -0.77624838    -21.29205132      0.21903317
4.42           -0.77562376    -21.29206089      0.22041653
4.43           -0.77498254    -21.29207046      0.22181670
4.44           -0.77432498    -21.29208002      0.22323329
4.45           -0.77365133    -21.29208957      0.22466588
4.46           -0.77296185    -21.29209910      0.22611406
4.47           -0.77225680    -21.29210863      0.22757740
4.48           -0.77153646    -21.29211815      0.22905549
4.49           -0.77080111    -21.29212765      0.23054787
4.50           -0.77005104    -21.29213714      0.23205411
4.51           -0.76928652    -21.29214661      0.23357375
4.52           -0.76850786    -21.29215607      0.23510635
4.53           -0.76771535    -21.29216552      0.23665143
4.54           -0.76690930    -21.29217495      0.23820853
4.55           -0.76609002    -21.29218436      0.23977718
4.56           -0.76525783    -21.29219376      0.24135688
4.57           -0.76441304    -21.29220314      0.24294717
4.58           -0.76355597    -21.29221250      0.24454755
4.59           -0.76268696    -21.29222184      0.24615752
4.60           -0.76180634    -21.29223116      0.24777659
4.61           -0.76091444    -21.29224046      0.24940424
4.62           -0.76001160    -21.29224973      0.25103998
4.63           -0.75909818    -21.29225899      0.25268328
4.64           -0.75817451    -21.29226822      0.25433364
4.65           -0.75724095    -21.29227743      0.25599053
4.66           -0.75629786    -21.29228662      0.25765343
4.67           -0.75534559    -21.29229578      0.25932181
4.68           -0.75438450    -21.29230491      0.26099515
4.69           -0.75341497    -21.29231402      0.26267291
4.70           -0.75243735    -21.29232310      0.26435455
4.71           -0.75145203    -21.29233215      0.26603955
4.72           -0.75045936    -21.29234117      0.26772736
4.73           -0.74945973    -21.29235017      0.26941744
4.74           -0.74845352    -21.29235913      0.27110925
4.75           -0.74744110    -21.29236806      0.27280225
4.76           -0.74642286    -21.29237696      0.27449589
4.77           -0.74539918    -21.29238583      0.27618964
4.78           -0.74437045    -21.29239467      0.27788293
4.79           -0.74333704    -21.29240347      0.27957524
4.80           -0.74229937    -21.29241224      0.28126601
4.81           -0.74125780    -21.29242097      0.28295469
4.82           -0.74021273    -21.29242966      0.28464075
4.83           -0.73916455    -21.29243832      0.28632364
4.84           -0.73811366    -21.29244694      0.28800281
4.85           -0.73706045    -21.29245553      0.28967772
4.86           -0.73600530    -21.29246407      0.29134784
4.87           -0.73494862    -21.29247258      0.29301262
4.88           -0.73389080    -21.29248104      0.29467153
4.89           -0.73283223    -21.29248946      0.29632403
4.90           -0.73177330    -21.29249785      0.29796959
4.91           -0.73071440    -21.29250619      0.29960767
4.92           -0.72965593    -21.29251448      0.30123775
4.93           -0.72859828    -21.29252273      0.30285931
4.94           -0.72754185    -21.29253094      0.30447183
4.95           -0.72648700    -21.29253910      0.30607478
4.96           -0.72543415    -21.29254722      0.30766766
4.97           -0.72438367    -21.29255529      0.30924995
4.98           -0.72333595    -21.29256331      0.31082115
4.99           -0.72229137    -21.29257129      0.31238076
5.00           -0.72125032    -21.29257922      0.31392827
5.01           -0.72021317    -21.29258709      0.31546321
5.02           -0.71918030    -21.29259492      0.31698507
5.03           -0.71815210    -21.29260270      0.31849339
5.04           -0.71712892    -21.29261042      0.31998768
5.05           -0.71611114    -21.29261810      0.32146748
5.06           -0.71509914    -21.29262572      0.32293232
5.07           -0.71409327    -21.29263329      0.32438174
5.08           -0.71309389    -21.29264080      0.32581529
5.09           -0.71210137    -21.29264827      0.32723252
5.10           -0.71111606    -21.29265567      0.32863300
5.11           -0.71013831    -21.29266302      0.33001630
5.12           -0.70916848    -21.29267032      0.33138199
5.13           -0.70820689    -21.29267756      0.33272965
5.14           -0.70725391    -21.29268474      0.33405888
5.15           -0.70630986    -21.29269187      0.33536927
5.16           -0.70537507    -21.29269894      0.33666043
5.17           -0.70444988    -21.29270594      0.33793197
5.18           -0.70353460    -21.29271289      0.33918352
5.19           -0.70262956    -21.29271979      0.34041470
5.20           -0.70173508    -21.29272662      0.34162515
5.21           -0.70085145    -21.29273339      0.34281453
5.22           -0.69997900    -21.29274010      0.34398249
5.23           -0.69911801    -21.29274674      0.34512869
5.24           -0.69826878    -21.29275333      0.34625281
5.25           -0.69743161    -21.29275986      0.34735454
5.26           -0.69660677    -21.29276632      0.34843356
5.27           -0.69579454    -21.29277272      0.34948958
5.28           -0.69499521    -21.29277906      0.35052232
5.29           -0.69420903    -21.29278533      0.35153150
5.30           -0.69343626    -21.29279154      0.35251684
5.31           -0.69267717    -21.29279768      0.35347810
5.32           -0.69193201    -21.29280376      0.35441502
5.33           -0.69120100    -21.29280978      0.35532737
5.34           -0.69048441    -21.29281573      0.35621493
5.35           -0.68978245    -21.29282161      0.35707747
5.36           -0.68909534    -21.29282743      0.35791479
5.37           -0.68842332    -21.29283319      0.35872671
5.38           -0.68776659    -21.29283887      0.35951303
5.39           -0.68712535    -21.29284449      0.36027358
5.40           -0.68649980    -21.29285005      0.36100820
5.41           -0.68589014    -21.29285554      0.36171674
5.42           -0.68529656    -21.29286096      0.36239906
5.43           -0.68471922    -21.29286631      0.36305504
5.44           -0.68415830    -21.29287160      0.36368455
5.45           -0.68361396    -21.29287682      0.36428749
5.46           -0.68308636    -21.29288197      0.36486377
5.47           -0.68257565    -21.29288706      0.36541330
5.48           -0.68208197    -21.29289207      0.36593601
5.49           -0.68160547    -21.29289702      0.36643184
5.50           -0.68114625    -21.29290190      0.36690074
5.51           -0.68070445    -21.29290672      0.36734268
5.52           -0.68028018    -21.29291146      0.36775763
5.53           -0.67987355    -21.29291614      0.36814558
5.54           -0.67948465    -21.29292075      0.36850651
5.55           -0.67911357    -21.29292530      0.36884045
5.56           -0.67876039    -21.29292977      0.36914741
5.57           -0.67842520    -21.29293418      0.36942742
5.58           -0.67810806    -21.29293852      0.36968053
5.59           -0.67780903    -21.29294280      0.36990680
5.60           -0.67752817    -21.29294700      0.37010628
5.61           -0.67726551    -21.29295114      0.37027906
5.62           -0.67702110    -21.29295521      0.37042523
5.63           -0.67679497    -21.29295922      0.37054488
5.64           -0.67658713    -21.29296316      0.37063813
5.65           -0.67639761    -21.29296703      0.37070511
5.66           -0.67622641    -21.29297084      0.37074594
5.67           -0.67607353    -21.29297458      0.37076077
5.68           -0.67593896    -21.29297825      0.37074976
5.69           -0.67582269    -21.29298186      0.37071308
5.70           -0.67572469    -21.29298541      0.37065091
5.71           -0.67564493    -21.29298889      0.37056342
5.72           -0.67558338    -21.29299230      0.37045084
5.73           -0.67553999    -21.29299565      0.37031336
5.74           -0.67551470    -21.29299894      0.37015121
5.75           -0.67550745    -21.29300216      0.36996462
5.76           -0.67551818    -21.29300532      0.36975384
5.77           -0.67554681    -21.29300842      0.36951911
5.78           -0.67559326    -21.29301145      0.36926069
5.79           -0.67565744    -21.29301442      0.36897888
5.80           -0.67573924    -21.29301733      0.36867393
5.81           -0.67583857    -21.29302018      0.36834616
5.82           -0.67595532    -21.29302297      0.36799585
5.83           -0.67608936    -21.29302569      0.36762333
5.84           -0.67624057    -21.29302836      0.36722892
5.85           -0.67640881    -21.29303097      0.36681294
5.86           -0.67659396    -21.29303352      0.36637573
5.87           -0.67679585    -21.29303601      0.36591766
5.88           -0.67701435    -21.29303844      0.36543906
5.89           -0.67724928    -21.29304081      0.36494031
5.90           -0.67750048    -21.29304313      0.36442179
5.91           -0.67776778    -21.29304539      0.36388388
5.92           -0.67805101    -21.29304759      0.36332696
5.93           -0.67834997    -21.29304974      0.36275144
5.94           -0.67866447    -21.29305184      0.36215773
5.95           -0.67899432    -21.29305388      0.36154624
5.96           -0.67933931    -21.29305586      0.36091740
5.97           -0.67969923    -21.29305779      0.36027163
5.98           -0.68007387    -21.29305967      0.35960936
5.99           -0.68046300    -21.29306150      0.35893106
6.00           -0.68086641    -21.29306328      0.35823715
6.01           -0.68128385    -21.29306501      0.35752811
6.02           -0.68171508    -21.29306668      0.35680439
6.03           -0.68215987    -21.29306831      0.35606647
6.04           -0.68261797    -21.29306989      0.35531481
6.05           -0.68308912    -21.29307142      0.35454991
6.06           -0.68357307    -21.29307290      0.35377224
6.07           -0.68406954    -21.29307433      0.35298229
6.08           -0.68457828    -21.29307572      0.35218057
6.09           -0.68509901    -21.29307707      0.35136758
6.10           -0.68563146    -21.29307837      0.35054382
6.11           -0.68617533    -21.29307962      0.34970980
6.12           -0.68673035    -21.29308083      0.34886603
6.13           -0.68729623    -21.29308200      0.34801304
6.14           -0.68787267    -21.29308313      0.34715134
6.15           -0.68845938    -21.29308421      0.34628147
6.16           -0.68905605    -21.29308525      0.34540394
6.17           -0.68966238    -21.29308626      0.34451930
6.18           -0.69027807    -21.29308722      0.34362807
6.19           -0.69090279    -21.29308815      0.34273080
6.20           -0.69153624    -21.29308904      0.34182801
6.21           -0.69217809    -21.29308989      0.34092026
6.22           -0.69282803    -21.29309070      0.34000809
6.23           -0.69348574    -21.29309148      0.33909203
6.24           -0.69415089    -21.29309223      0.33817264
6.25           -0.69482315    -21.29309294      0.33725047
6.26           -0.69550218    -21.29309361      0.33632606
6.27           -0.69618767    -21.29309426      0.33539995
6.28           -0.69687927    -21.29309487      0.33447270
6.29           -0.69757664    -21.29309545      0.33354486
6.30           -0.69827946    -21.29309599      0.33261698
6.31           -0.69898738    -21.29309651      0.33168959
6.32           -0.69970005    -21.29309700      0.33076326
6.33           -0.70041715    -21.29309746      0.32983853
6.34           -0.70113832    -21.29309790      0.32891594
6.35           -0.70186321    -21.29309830      0.32799604
6.36           -0.70259150    -21.29309868      0.32707937
6.37           -0.70332282    -21.29309904      0.32616647
6.38           -0.70405684    -21.29309936      0.32525788
6.39           -0.70479321    -21.29309967      0.32435414
6.40           -0.70553159    -21.29309995      0.32345578
6.41           -0.70627161    -21.29310021      0.32256333
6.42           -0.70701295    -21.29310044      0.32167733
6.43           -0.70775526    -21.29310066      0.32079829
6.44           -0.70849818    -21.29310085      0.31992674
6.45           -0.70924138    -21.29310102      0.31906320
6.46           -0.70998450    -21.29310118      0.31820818
6.47           -0.71072722    -21.29310131      0.31736219
6.48           -0.71146918    -21.29310143      0.31652573
6.49           -0.71221005    -21.29310153      0.31569932
6.50           -0.71294949    -21.29310161      0.31488344
6.51           -0.71368715    -21.29310167      0.31407858
6.52           -0.71442270    -21.29310172      0.31328523
6.53           -0.71515582    -21.29310176      0.31250388
6.54           -0.71588615    -21.29310178      0.31173500
6.55           -0.71661339    -21.29310179      0.31097905
6.56           -0.71733719    -21.29310179      0.31023650
6.57           -0.71805723    -21.29310177      0.30950780
6.58           -0.71877319    -21.29310174      0.30879342
6.59           -0.71948474    -21.29310170      0.30809378
6.60           -0.72019158    -21.29310165      0.30740934
6.61           -0.72089338    -21.29310159      0.30674051
6.62           -0.72158984    -21.29310152      0.30608772
6.63           -0.72228064    -21.29310144      0.30545139
6.64           -0.72296548    -21.29310136      0.30483192
6.65           -0.72364406    -21.29310127      0.30422971
6.66           -0.72431608    -21.29310117      0.30364517
6.67           -0.72498125    -21.29310106      0.30307866
6.68           -0.72563927    -21.29310095      0.30253056
6.69           -0.72628986    -21.29310083      0.30200125
6.70           -0.72693273    -21.29310071      0.30149108
6.71           -0.72756762    -21.29310058      0.30100040
6.72           -0.72819423    -21.29310045      0.30052956
6.73           -0.72881232    -21.29310032      0.30007887
6.74           -0.72942160    -21.29310019      0.29964868
6.75           -0.73002182    -21.29310005      0.29923928
6.76           -0.73061273    -21.29309991      0.29885099
6.77           -0.73119406    -21.29309978      0.29848410
6.78           -0.73176559    -21.29309964      0.29813890
6.79           -0.73232707    -21.29309950      0.29781565
6.80           -0.73287825    -21.29309936      0.29751463
6.81           -0.73341892    -21.29309922      0.29723608
6.82           -0.73394885    -21.29309909      0.29698026
6.83           -0.73446782    -21.29309895      0.29674740
6.84           -0.73497561    -21.29309882      0.29653772
6.85           -0.73547202    -21.29309869      0.29635143
6.86           -0.73595684    -21.29309857      0.29618874
6.87           -0.73642988    -21.29309845      0.29604985
6.88           -0.73689096    -21.29309833      0.29593492
6.89           -0.73733987    -21.29309822      0.29584414
6.90           -0.73777646    -21.29309811      0.29577767
6.91           -0.73820053    -21.29309801      0.29573564
6.92           -0.73861194    -21.29309791      0.29571821
6.93           -0.73901051    -21.29309782      0.29572549
6.94           -0.73939610    -21.29309774      0.29575761
6.95           -0.73976856    -21.29309766      0.29581466
6.96           -0.74012775    -21.29309759      0.29589675
6.97           -0.74047353    -21.29309753      0.29600395
6.98           -0.74080578    -21.29309748      0.29613633
6.99           -0.74112437    -21.29309743      0.29629396
7.00           -0.74142920    -21.29309740      0.29647687
7.01           -0.74172015    -21.29309737      0.29668512
7.02           -0.74199712    -21.29309735      0.29691872
7.03           -0.74226003    -21.29309735      0.29717769
7.04           -0.74250878    -21.29309735      0.29746204
7.05           -0.74274329    -21.29309736      0.29777174
7.06           -0.74296349    -21.29309738      0.29810679
7.07           -0.74316931    -21.29309742      0.29846715
7.08           -0.74336070    -21.29309746      0.29885277
7.09           -0.74353760    -21.29309752      0.29926362
7.10           -0.74369996    -21.29309759      0.29969961
7.11           -0.74384775    -21.29309766      0.30016067
7.12           -0.74398094    -21.29309776      0.30064672
7.13           -0.74409950    -21.29309786      0.30115766
7.14           -0.74420341    -21.29309798      0.30169337
7.15           -0.74429266    -21.29309811      0.30225373
7.16           -0.74436725    -21.29309825      0.30283862
7.17           -0.74442718    -21.29309841      0.30344789
7.18           -0.74447247    -21.29309857      0.30408138
7.19           -0.74450312    -21.29309876      0.30473893
7.20           -0.74451916    -21.29309895      0.30542037
7.21           -0.74452063    -21.29309916      0.30612551
7.22           -0.74450756    -21.29309939      0.30685414
7.23           -0.74448000    -21.29309963      0.30760607
7.24           -0.74443800    -21.29309988      0.30838107
7.25           -0.74438161    -21.29310015      0.30917892
7.26           -0.74431090    -21.29310043      0.30999938
7.27           -0.74422595    -21.29310073      0.31084220
7.28           -0.74412683    -21.29310104      0.31170712
7.29           -0.74401363    -21.29310137      0.31259388
7.30           -0.74388644    -21.29310171      0.31350218
7.31           -0.74374535    -21.29310206      0.31443176
7.32           -0.74359048    -21.29310244      0.31538230
7.33           -0.74342193    -21.29310282      0.31635350
7.34           -0.74323983    -21.29310323      0.31734505
7.35           -0.74304429    -21.29310364      0.31835663
7.36           -0.74283544    -21.29310408      0.31938788
7.37           -0.74261343    -21.29310453      0.32043848
7.38           -0.74237840    -21.29310499      0.32150808
7.39           -0.74213049    -21.29310547      0.32259630
7.40           -0.74186986    -21.29310597      0.32370279
7.41           -0.74159667    -21.29310648      0.32482716
7.42           -0.74131109    -21.29310700      0.32596904
7.43           -0.74101328    -21.29310754      0.32712802
7.44           -0.74070343    -21.29310810      0.32830371
7.45           -0.74038173    -21.29310867      0.32949571
7.46           -0.74004835    -21.29310926      0.33070359
7.47           -0.73970350    -21.29310987      0.33192693
7.48           -0.73934737    -21.29311048      0.33316531
7.49           -0.73898017    -21.29311112      0.33441828
7.50           -0.73860210    -21.29311177      0.33568541
7.51           -0.73821340    -21.29311243      0.33696625
7.52           -0.73781426    -21.29311311      0.33826034
7.53           -0.73740492    -21.29311380      0.33956722
7.54           -0.73698562    -21.29311451      0.34088642
7.55           -0.73655657    -21.29311524      0.34221748
7.56           -0.73611802    -21.29311597      0.34355991
7.57           -0.73567022    -21.29311673      0.34491323
7.58           -0.73521341    -21.29311749      0.34627695
7.59           -0.73474784    -21.29311827      0.34765059
7.60           -0.73427376    -21.29311907      0.34903364
7.61           -0.73379144    -21.29311988      0.35042559
7.62           -0.73330114    -21.29312070      0.35182596
7.63           -0.73280313    -21.29312154      0.35323422
7.64           -0.73229767    -21.29312239      0.35464987
7.65           -0.73178503    -21.29312325      0.35607239
7.66           -0.73126551    -21.29312413      0.35750126
7.67           -0.73073936    -21.29312502      0.35893595
7.68           -0.73020689    -21.29312592      0.36037595
7.69           -0.72966837    -21.29312683      0.36182071
7.70           -0.72912408    -21.29312776      0.36326973
7.71           -0.72857433    -21.29312870      0.36472246
7.72           -0.72801941    -21.29312965      0.36617836
7.73           -0.72745960    -21.29313061      0.36763691
7.74           -0.72689522    -21.29313158      0.36909757
7.75           -0.72632655    -21.29313256      0.37055981
7.76           -0.72575390    -21.29313356      0.37202307
7.77           -0.72517758    -21.29313456      0.37348683
7.78           -0.72459788    -21.29313558      0.37495054
7.79           -0.72401512    -21.29313661      0.37641367
7.80           -0.72342960    -21.29313764      0.37787568
7.81           -0.72284164    -21.29313869      0.37933603
7.82           -0.72225153    -21.29313974      0.38079418
7.83           -0.72165960    -21.29314080      0.38224959
7.84           -0.72106615    -21.29314188      0.38370173
7.85           -0.72047149    -21.29314296      0.38515006
7.86           -0.71987595    -21.29314405      0.38659405
7.87           -0.71927982    -21.29314514      0.38803318
7.88           -0.71868344    -21.29314625      0.38946690
7.89           -0.71808710    -21.29314736      0.39089469
7.90           -0.71749112    -21.29314848      0.39231604
7.91           -0.71689581    -21.29314960      0.39373040
7.92           -0.71630149    -21.29315073      0.39513728
7.93           -0.71570846    -21.29315187      0.39653615
7.94           -0.71511705    -21.29315302      0.39792650
7.95           -0.71452755    -21.29315416      0.39930783
7.96           -0.71394028    -21.29315532      0.40067962
7.97           -0.71335555    -21.29315648      0.40204138
7.98           -0.71277366    -21.29315764      0.40339261
7.99           -0.71219491    -21.29315881      0.40473282
8.00           -0.71161962    -21.29315998      0.40606152
8.01           -0.71104807    -21.29316115      0.40737824
8.02           -0.71048058    -21.29316233      0.40868249
8.03           -0.70991744    -21.29316351      0.40997381
8.04           -0.70935895    -21.29316470      0.41125172
8.05           -0.70880540    -21.29316588      0.41251578
8.06           -0.70825708    -21.29316707      0.41376552
8.07           -0.70771427    -21.29316826      0.41500051
8.08           -0.70717728    -21.29316945      0.41622029
8.09           -0.70664637    -21.29317064      0.41742444
8.10           -0.70612183    -21.29317183      0.41861252
8.11           -0.70560393    -21.29317302      0.41978412
8.12           -0.70509295    -21.29317422      0.42093883
8.13           -0.70458917    -21.29317541      0.42207624
8.14           -0.70409284    -21.29317660      0.42319595
8.15           -0.70360423    -21.29317779      0.42429757
8.16           -0.70312360    -21.29317898      0.42538072
8.17           -0.70265121    -21.29318017      0.42644502
8.18           -0.70218730    -21.29318135      0.42749012
8.19           -0.70173213    -21.29318254      0.42851565
8.20           -0.70128594    -21.29318372      0.42952126
8.21           -0.70084897    -21.29318490      0.43050662
8.22           -0.70042145    -21.29318607      0.43147139
8.23           -0.70000361    -21.29318725      0.43241525
8.24           -0.69959569    -21.29318841      0.43333790
8.25           -0.69919789    -21.29318958      0.43423901
8.26           -0.69881045    -21.29319074      0.43511832
8.27           -0.69843356    -21.29319190      0.43597552
8.28           -0.69806743    -21.29319305      0.43681034
8.29           -0.69771227    -21.29319420      0.43762253
8.30           -0.69736827    -21.29319534      0.43841182
8.31           -0.69703563    -21.29319647      0.43917797
8.32           -0.69671452    -21.29319760      0.43992075
8.33           -0.69640512    -21.29319873      0.44063993
8.34           -0.69610762    -21.29319985      0.44133531
8.35           -0.69582218    -21.29320096      0.44200667
8.36           -0.69554896    -21.29320206      0.44265383
8.37           -0.69528812    -21.29320316      0.44327660
8.38           -0.69503980    -21.29320425      0.44387482
8.39           -0.69480417    -21.29320534      0.44444833
8.40           -0.69458134    -21.29320642      0.44499697
8.41           -0.69437147    -21.29320748      0.44552061
8.42           -0.69417466    -21.29320855      0.44601913
8.43           -0.69399105    -21.29320960      0.44649240
8.44           -0.69382075    -21.29321064      0.44694032
8.45           -0.69366386    -21.29321168      0.44736281
8.46           -0.69352050    -21.29321271      0.44775977
8.47           -0.69339074    -21.29321373      0.44813115
8.48           -0.69327469    -21.29321474      0.44847687
8.49           -0.69317241    -21.29321574      0.44879690
8.50           -0.69308400    -21.29321673      0.44909119
8.51           -0.69300952    -21.29321772      0.44935973
8.52           -0.69294902    -21.29321869      0.44960250
8.53           -0.69290258    -21.29321965      0.44981949
8.54           -0.69287022    -21.29322061      0.45001072
8.55           -0.69285201    -21.29322155      0.45017621
8.56           -0.69284797    -21.29322249      0.45031599
8.57           -0.69285813    -21.29322341      0.45043011
8.58           -0.69288251    -21.29322433      0.45051862
8.59           -0.69292113    -21.29322523      0.45058159
8.60           -0.69297400    -21.29322613      0.45061910
8.61           -0.69304112    -21.29322701      0.45063123
8.62           -0.69312249    -21.29322789      0.45061809
8.63           -0.69321808    -21.29322875      0.45057980
8.64           -0.69332789    -21.29322961      0.45051646
8.65           -0.69345189    -21.29323045      0.45042823
8.66           -0.69359005    -21.29323128      0.45031524
8.67           -0.69374232    -21.29323210      0.45017765
8.68           -0.69390866    -21.29323292      0.45001564
8.69           -0.69408902    -21.29323372      0.44982937
8.70           -0.69428335    -21.29323451      0.44961903
8.71           -0.69449157    -21.29323529      0.44938484
8.72           -0.69471361    -21.29323606      0.44912700
8.73           -0.69494939    -21.29323682      0.44884572
8.74           -0.69519883    -21.29323756      0.44854125
8.75           -0.69546183    -21.29323830      0.44821382
8.76           -0.69573831    -21.29323903      0.44786369
8.77           -0.69602814    -21.29323975      0.44749113
8.78           -0.69633122    -21.29324045      0.44709639
8.79           -0.69664744    -21.29324115      0.44667977
8.80           -0.69697666    -21.29324184      0.44624156
8.81           -0.69731876    -21.29324251      0.44578206
8.82           -0.69767360    -21.29324318      0.44530158
8.83           -0.69804104    -21.29324383      0.44480044
8.84           -0.69842093    -21.29324448      0.44427898
8.85           -0.69881311    -21.29324511      0.44373752
8.86           -0.69921742    -21.29324574      0.44317643
8.87           -0.69963371    -21.29324635      0.44259606
8.88           -0.70006178    -21.29324696      0.44199677
8.89           -0.70050147    -21.29324756      0.44137894
8.90           -0.70095259    -21.29324814      0.44074294
8.91           -0.70141496    -21.29324872      0.44008918
8.92           -0.70188837    -21.29324929      0.43941805
8.93           -0.70237263    -21.29324984      0.43872995
8.94           -0.70286753    -21.29325039      0.43802530
8.95           -0.70337286    -21.29325093      0.43730452
8.96           -0.70388840    -21.29325146      0.43656804
8.97           -0.70441394    -21.29325198      0.43581629
8.98           -0.70494925    -21.29325250      0.43504973
8.99           -0.70549410    -21.29325300      0.43426879
9.00           -0.70604824    -21.29325350      0.43347393
9.01           -0.70661145    -21.29325398      0.43266561
9.02           -0.70718348    -21.29325446      0.43184431
9.03           -0.70776407    -21.29325493      0.43101049
9.04           -0.70835298    -21.29325539      0.43016464
9.05           -0.70894995    -21.29325585      0.42930724
9.06           -0.70955472    -21.29325629      0.42843878
9.07           -0.71016701    -21.29325673      0.42755975
9.08           -0.71078657    -21.29325716      0.42667066
9.09           -0.71141312    -21.29325759      0.42577201
9.10           -0.71204638    -21.29325800      0.42486430
9.11           -0.71268608    -21.29325841      0.42394806
9.12           -0.71333193    -21.29325881      0.42302379
9.13           -0.71398364    -21.29325921      0.42209203
9.14           -0.71464092    -21.29325959      0.42115328
9.15           -0.71530349    -21.29325998      0.42020809
9.16           -0.71597104    -21.29326035      0.41925697
9.17           -0.71664329    -21.29326072      0.41830047
9.18           -0.71731992    -21.29326108      0.41733912
9.19           -0.71800064    -21.29326143      0.41637345
9.20           -0.71868514    -21.29326178      0.41540400
9.21           -0.71937312    -21.29326213      0.41443132
9.22           -0.72006426    -21.29326246      0.41345595
9.23           -0.72075825    -21.29326279      0.41247843
9.24           -0.72145479    -21.29326312      0.41149931
9.25           -0.72215355    -21.29326344      0.41051913
9.26           -0.72285423    -21.29326375      0.40953845
9.27           -0.72355650    -21.29326406      0.40855780
9.28           -0.72426005    -21.29326437      0.40757774
9.29           -0.72496456    -21.29326466      0.40659881
9.30           -0.72566971    -21.29326496      0.40562156
9.31           -0.72637517    -21.29326525      0.40464654
9.32           -0.72708063    -21.29326553      0.40367429
9.33           -0.72778576    -21.29326581      0.40270535
9.34           -0.72849025    -21.29326608      0.40174027
9.35           -0.72919377    -21.29326635      0.40077959
9.36           -0.72989600    -21.29326662      0.39982385
9.37           -0.73059661    -21.29326688      0.39887358
9.38           -0.73129529    -21.29326714      0.39792933
9.39           -0.73199172    -21.29326739      0.39699162
9.40           -0.73268557    -21.29326764      0.39606098
9.41           -0.73337653    -21.29326788      0.39513795
9.42           -0.73406427    -21.29326812      0.39422304
9.43           -0.73474848    -21.29326836      0.39331678
9.44           -0.73542884    -21.29326859      0.39241968
9.45           -0.73610504    -21.29326882      0.39153226
9.46           -0.73677676    -21.29326904      0.39065502
9.47           -0.73744369    -21.29326926      0.38978847
9.48           -0.73810552    -21.29326948      0.38893311
9.49           -0.73876195    -21.29326970      0.38808944
9.50           -0.73941266    -21.29326991      0.38725794
9.51           -0.74005735    -21.29327011      0.38643910
9.52           -0.74069571    -21.29327032      0.38563340
9.53           -0.74132746    -21.29327052      0.38484131
9.54           -0.74195229    -21.29327072      0.38406331
9.55           -0.74256991    -21.29327091      0.38329985
9.56           -0.74318003    -21.29327110      0.38255140
9.57           -0.74378235    -21.29327129      0.38181839
9.58           -0.74437660    -21.29327147      0.38110128
9.59           -0.74496248    -21.29327165      0.38040049
9.60           -0.74553973    -21.29327183      0.37971647
9.61           -0.74610807    -21.29327201      0.37904963
9.62           -0.74666722    -21.29327218      0.37840038
9.63           -0.74721692    -21.29327235      0.37776914
9.64           -0.74775690    -21.29327251      0.37715631
9.65           -0.74828691    -21.29327267      0.37656226
9.66           -0.74880668    -21.29327283      0.37598740
9.67           -0.74931597    -21.29327299      0.37543209
9.68           -0.74981453    -21.29327314      0.37489671
9.69           -0.75030211    -21.29327329      0.37438160
9.70           -0.75077849    -21.29327344      0.37388713
9.71           -0.75124341    -21.29327358      0.37341362
9.72           -0.75169667    -21.29327372      0.37296142
9.73           -0.75213802    -21.29327386      0.37253085
9.74           -0.75256726    -21.29327400      0.37212221
9.75           -0.75298417    -21.29327413      0.37173582
9.76           -0.75338853    -21.29327426      0.37137197
9.77           -0.75378016    -21.29327438      0.37103095
9.78           -0.75415884    -21.29327450      0.37071302
9.79           -0.75452439    -21.29327462      0.37041846
9.80           -0.75487662    -21.29327474      0.37014752
9.81           -0.75521535    -21.29327485      0.36990045
9.82           -0.75554040    -21.29327496      0.36967748
9.83           -0.75585161    -21.29327507      0.36947883
9.84           -0.75614880    -21.29327517      0.36930473
9.85           -0.75643183    -21.29327527      0.36915537
9.86           -0.75670054    -21.29327536      0.36903094
9.87           -0.75695479    -21.29327545      0.36893164
9.88           -0.75719443    -21.29327554      0.36885763
9.89           -0.75741933    -21.29327563      0.36880907
9.90           -0.75762937    -21.29327571      0.36878612
9.91           -0.75782442    -21.29327579      0.36878890
9.92           -0.75800438    -21.29327586      0.36881756
9.93           -0.75816913    -21.29327593      0.36887220
9.94           -0.75831857    -21.29327600      0.36895294
9.95           -0.75845261    -21.29327606      0.36905987
9.96           -0.75857117    -21.29327612      0.36919307
9.97           -0.75867415    -21.29327617      0.36935261
9.98           -0.75876149    -21.29327622      0.36953856
9.99           -0.75883312    -21.29327627      0.36975096
10.00          -0.75888898    -21.29327631      0.36998985
10.01          -0.75892901    -21.29327635      0.37025527
10.02          -0.75895317    -21.29327638      0.37054722
10.03          -0.75896141    -21.29327641      0.37086571
10.04          -0.75895372    -21.29327644      0.37121074
10.05          -0.75893004    -21.29327646      0.37158228
10.06          -0.75889038    -21.29327647      0.37198030
10.07          -0.75883472    -21.29327648      0.37240478
10.08          -0.75876305    -21.29327649      0.37285564
10.09          -0.75867537    -21.29327649      0.37333283
10.10          -0.75857169    -21.29327649      0.37383628
10.11          -0.75845203    -21.29327648      0.37436589
10.12          -0.75831641    -21.29327647      0.37492158
10.13          -0.75816486    -21.29327645      0.37550323
10.14          -0.75799741    -21.29327643      0.37611072
10.15          -0.75781412    -21.29327640      0.37674392
10.16          -0.75761503    -21.29327637      0.37740270
10.17          -0.75740020    -21.29327633      0.37808690
10.18          -0.75716969    -21.29327629      0.37879635
10.19          -0.75692357    -21.29327624      0.37953088
10.20          -0.75666193    -21.29327618      0.38029031
10.21          -0.75638484    -21.29327612      0.38107445
10.22          -0.75609240    -21.29327606      0.38188308
10.23          -0.75578471    -21.29327599      0.38271599
10.24          -0.75546188    -21.29327591      0.38357296
10.25          -0.75512401    -21.29327582      0.38445375
10.26          -0.75477122    -21.29327573      0.38535810
10.27          -0.75440364    -21.29327564      0.38628577
10.28          -0.75402141    -21.29327554      0.38723649
10.29          -0.75362465    -21.29327543      0.38820997
10.30          -0.75321352    -21.29327531      0.38920594
10.31          -0.75278816    -21.29327519      0.39022410
10.32          -0.75234874    -21.29327506      0.39126415
10.33          -0.75189541    -21.29327493      0.39232576
10.34          -0.75142834    -21.29327478      0.39340862
10.35          -0.75094772    -21.29327464      0.39451238
10.36          -0.75045373    -21.29327448      0.39563672
10.37          -0.74994655    -21.29327432      0.39678129
10.38          -0.74942637    -21.29327415      0.39794571
10.39          -0.74889340    -21.29327397      0.39912963
10.40          -0.74834784    -21.29327378      0.40033266
10.41          -0.74778990    -21.29327359      0.40155444
10.42          -0.74721981    -21.29327339      0.40279455
10.43          -0.74663777    -21.29327318      0.40405261
10.44          -0.74604402    -21.29327296      0.40532822
10.45          -0.74543880    -21.29327274      0.40662094
10.46          -0.74482233    -21.29327251      0.40793037
10.47          -0.74419487    -21.29327227      0.40925607
10.48          -0.74355666    -21.29327202      0.41059762
10.49          -0.74290795    -21.29327176      0.41195456
10.50          -0.74224901    -21.29327149      0.41332645
10.51          -0.74158008    -21.29327121      0.41471284
10.52          -0.74090145    -21.29327093      0.41611326
10.53          -0.74021338    -21.29327064      0.41752725
10.54          -0.73951615    -21.29327033      0.41895434
10.55          -0.73881003    -21.29327002      0.42039405
10.56          -0.73809532    -21.29326970      0.42184589
10.57          -0.73737229    -21.29326937      0.42330939
10.58          -0.73664125    -21.29326902      0.42478404
10.59          -0.73590248    -21.29326867      0.42626935
10.60          -0.73515628    -21.29326831      0.42776483
10.61          -0.73440297    -21.29326794      0.42926995
10.62          -0.73364283    -21.29326755      0.43078422
10.63          -0.73287619    -21.29326716      0.43230712
10.64          -0.73210336    -21.29326676      0.43383813
10.65          -0.73132464    -21.29326634      0.43537674
10.66          -0.73054036    -21.29326592      0.43692243
10.67          -0.72975083    -21.29326548      0.43847466
10.68          -0.72895639    -21.29326503      0.44003290
10.69          -0.72815735    -21.29326457      0.44159664
10.70          -0.72735404    -21.29326410      0.44316533
10.71          -0.72654680    -21.29326361      0.44473845
10.72          -0.72573595    -21.29326312      0.44631545
10.73          -0.72492182    -21.29326261      0.44789579
10.74          -0.72410476    -21.29326209      0.44947895
10.75          -0.72328510    -21.29326155      0.45106438
10.76          -0.72246318    -21.29326101      0.45265154
10.77          -0.72163933    -21.29326045      0.45423989
10.78          -0.72081390    -21.29325988      0.45582890
10.79          -0.71998723    -21.29325929      0.45741801
10.80          -0.71915966    -21.29325869      0.45900669
10.81          -0.71833153    -21.29325808      0.46059440
10.82          -0.71750319    -21.29325745      0.46218060
10.83          -0.71667497    -21.29325681      0.46376476
10.84          -0.71584724    -21.29325615      0.46534633
10.85          -0.71502031    -21.29325548      0.46692478
10.86          -0.71419455    -21.29325480      0.46849959
10.87          -0.71337029    -21.29325410      0.47007021
10.88          -0.71254788    -21.29325338      0.47163612
10.89          -0.71172766    -21.29325265      0.47319679
10.90          -0.71090998    -21.29325191      0.47475169
10.91          -0.71009516    -21.29325114      0.47630032
10.92          -0.70928356    -21.29325037      0.47784214
10.93          -0.70847551    -21.29324957      0.47937665
10.94          -0.70767135    -21.29324877      0.48090332
10.95          -0.70687141    -21.29324794      0.48242167
10.96          -0.70607604    -21.29324710      0.48393117
10.97          -0.70528556    -21.29324624      0.48543134
10.98          -0.70450030    -21.29324536      0.48692168
10.99          -0.70372059    -21.29324447      0.48840170
11.00          -0.70294677    -21.29324356      0.48987091
11.01          -0.70217914    -21.29324263      0.49132884
11.02          -0.70141805    -21.29324168      0.49277501
11.03          -0.70066380    -21.29324072      0.49420895
11.04          -0.69991671    -21.29323974      0.49563021
11.05          -0.69917710    -21.29323874      0.49703831
11.06          -0.69844528    -21.29323772      0.49843281
11.07          -0.69772155    -21.29323668      0.49981328
11.08          -0.69700622    -21.29323563      0.50117926
11.09          -0.69629960    -21.29323455      0.50253033
11.10          -0.69560197    -21.29323346      0.50386607
11.11          -0.69491363    -21.29323234      0.50518606
11.12          -0.69423488    -21.29323121      0.50648988
11.13          -0.69356599    -21.29323006      0.50777715
11.14          -0.69290726    -21.29322889      0.50904745
11.15          -0.69225895    -21.29322769      0.51030042
11.16          -0.69162135    -21.29322648      0.51153566
11.17          -0.69099472    -21.29322525      0.51275281
11.18          -0.69037932    -21.29322399      0.51395151
11.19          -0.68977542    -21.29322272      0.51513140
11.20          -0.68918328    -21.29322143      0.51629215
11.21          -0.68860313    -21.29322011      0.51743340
11.22          -0.68803523    -21.29321877      0.51855485
11.23          -0.68747983    -21.29321742      0.51965617
11.24          -0.68693714    -21.29321604      0.52073705
11.25          -0.68640741    -21.29321464      0.52179720
11.26          -0.68589085    -21.29321322      0.52283633
11.27          -0.68538770    -21.29321177      0.52385415
11.28          -0.68489815    -21.29321031      0.52485040
11.29          -0.68442242    -21.29320882      0.52582482
11.30          -0.68396071    -21.29320732      0.52677716
11.31          -0.68351322    -21.29320579      0.52770718
11.32          -0.68308013    -21.29320423      0.52861465
11.33          -0.68266164    -21.29320266      0.52949936
11.34          -0.68225791    -21.29320106      0.53036110
11.35          -0.68186912    -21.29319944      0.53119966
11.36          -0.68149543    -21.29319780      0.53201487
11.37          -0.68113701    -21.29319614      0.53280654
11.38          -0.68079401    -21.29319445      0.53357451
11.39          -0.68046657    -21.29319274      0.53431864
11.40          -0.68015483    -21.29319101      0.53503877
11.41          -0.67985893    -21.29318926      0.53573477
11.42          -0.67957899    -21.29318748      0.53640653
11.43          -0.67931513    -21.29318568      0.53705392
11.44          -0.67906746    -21.29318386      0.53767687
11.45          -0.67883610    -21.29318202      0.53827527
11.46          -0.67862114    -21.29318015      0.53884905
11.47          -0.67842266    -21.29317826      0.53939815
11.48          -0.67824076    -21.29317635      0.53992251
11.49          -0.67807552    -21.29317441      0.54042210
11.50          -0.67792701    -21.29317246      0.54089688
11.51          -0.67779528    -21.29317048      0.54134683
11.52          -0.67768040    -21.29316847      0.54177195
11.53          -0.67758242    -21.29316645      0.54217224
11.54          -0.67750137    -21.29316440      0.54254771
11.55          -0.67743730    -21.29316233      0.54289839
11.56          -0.67739024    -21.29316023      0.54322433
11.57          -0.67736020    -21.29315812      0.54352556
11.58          -0.67734719    -21.29315598      0.54380216
11.59          -0.67735123    -21.29315382      0.54405419
11.60          -0.67737232    -21.29315164      0.54428173
11.61          -0.67741043    -21.29314943      0.54448489
11.62          -0.67746558    -21.29314721      0.54466377
11.63          -0.67753771    -21.29314496      0.54481848
11.64          -0.67762682    -21.29314269      0.54494916
11.65          -0.67773286    -21.29314040      0.54505594
11.66          -0.67785579    -21.29313808      0.54513898
11.67          -0.67799556    -21.29313575      0.54519844
11.68          -0.67815210    -21.29313339      0.54523448
11.69          -0.67832536    -21.29313102      0.54524729
11.70          -0.67851526    -21.29312862      0.54523708
11.71          -0.67872173    -21.29312620      0.54520403
11.72          -0.67894466    -21.29312376      0.54514837
11.73          -0.67918398    -21.29312130      0.54507032
11.74          -0.67943958    -21.29311882      0.54497012
11.75          -0.67971136    -21.29311631      0.54484801
11.76          -0.67999919    -21.29311379      0.54470426
11.77          -0.68030297    -21.29311125      0.54453912
11.78          -0.68062255    -21.29310869      0.54435288
11.79          -0.68095781    -21.29310611      0.54414582
11.80          -0.68130860    -21.29310351      0.54391823
11.81          -0.68167478    -21.29310088      0.54367043
11.82          -0.68205620    -21.29309825      0.54340272
11.83          -0.68245268    -21.29309559      0.54311543
11.84          -0.68286407    -21.29309291      0.54280889
11.85          -0.68329019    -21.29309021      0.54248345
11.86          -0.68373086    -21.29308750      0.54213946
11.87          -0.68418590    -21.29308477      0.54177727
11.88          -0.68465511    -21.29308202      0.54139725
11.89          -0.68513830    -21.29307925      0.54099978
11.90          -0.68563525    -21.29307647      0.54058525
11.91          -0.68614577    -21.29307366      0.54015404
11.92          -0.68666963    -21.29307085      0.53970657
11.93          -0.68720662    -21.29306801      0.53924322
11.94          -0.68775650    -21.29306516      0.53876443
11.95          -0.68831905    -21.29306229      0.53827060
11.96          -0.68889403    -21.29305940      0.53776218
11.97          -0.68948119    -21.29305650      0.53723960
11.98          -0.69008029    -21.29305359      0.53670330
11.99          -0.69069107    -21.29305066      0.53615373
12.00          -0.69131327    -21.29304771      0.53559135
12.01          -0.69194664    -21.29304475      0.53501662
12.02          -0.69259091    -21.29304177      0.53443000
12.03          -0.69324579    -21.29303878      0.53383198
12.04          -0.69391102    -21.29303578      0.53322302
12.05          -0.69458632    -21.29303276      0.53260362
12.06          -0.69527140    -21.29302973      0.53197427
12.07          -0.69596597    -21.29302668      0.53133545
12.08          -0.69666973    -21.29302362      0.53068767
12.09          -0.69738240    -21.29302055      0.53003143
12.10          -0.69810366    -21.29301747      0.52936724
12.11          -0.69883322    -21.29301437      0.52869560
12.12          -0.69957076    -21.29301127      0.52801704
12.13          -0.70031598    -21.29300815      0.52733208
12.14          -0.70106856    -21.29300502      0.52664122
12.15          -0.70182818    -21.29300187      0.52594501
12.16          -0.70259452    -21.29299872      0.52524396
12.17          -0.70336726    -21.29299556      0.52453861
12.18          -0.70414607    -21.29299238      0.52382948
12.19          -0.70493063    -21.29298920      0.52311712
12.20          -0.70572060    -21.29298600      0.52240206
12.21          -0.70651564    -21.29298280      0.52168483
12.22          -0.70731544    -21.29297958      0.52096599
12.23          -0.70811964    -21.29297636      0.52024606
12.24          -0.70892790    -21.29297313      0.51952558
12.25          -0.70973990    -21.29296989      0.51880511
12.26          -0.71055528    -21.29296664      0.51808518
12.27          -0.71137370    -21.29296338      0.51736633
12.28          -0.71219482    -21.29296011      0.51664912
12.29          -0.71301829    -21.29295684      0.51593407
12.30          -0.71384376    -21.29295356      0.51522173
12.31          -0.71467089    -21.29295027      0.51451265
12.32          -0.71549933    -21.29294697      0.51380735
12.33          -0.71632873    -21.29294367      0.51310639
12.34          -0.71715874    -21.29294036      0.51241029
12.35          -0.71798901    -21.29293705      0.51171960
12.36          -0.71881919    -21.29293373      0.51103484
12.37          -0.71964894    -21.29293040      0.51035655
12.38          -0.72047791    -21.29292707      0.50968526
12.39          -0.72130574    -21.29292373      0.50902149
12.40          -0.72213210    -21.29292039      0.50836576
12.41          -0.72295662    -21.29291704      0.50771859
12.42          -0.72377897    -21.29291369      0.50708051
12.43          -0.72459881    -21.29291033      0.50645203
12.44          -0.72541578    -21.29290697      0.50583364
12.45          -0.72622955    -21.29290361      0.50522587
12.46          -0.72703978    -21.29290024      0.50462920
12.47          -0.72784612    -21.29289686      0.50404414
12.48          -0.72864824    -21.29289349      0.50347118
12.49          -0.72944580    -21.29289011      0.50291080
12.50          -0.73023848    -21.29288673      0.50236349
12.51          -0.73102593    -21.29288334      0.50182972
12.52          -0.73180783    -21.29287995      0.50130997
12.53          -0.73258385    -21.29287656      0.50080469
12.54          -0.73335367    -21.29287317      0.50031435
12.55          -0.73411697    -21.29286977      0.49983940
12.56          -0.73487343    -21.29286638      0.49938029
12.57          -0.73562274    -21.29286298      0.49893745
12.58          -0.73636458    -21.29285958      0.49851132
12.59          -0.73709864    -21.29285618      0.49810233
12.60          -0.73782462    -21.29285278      0.49771090
12.61          -0.73854222    -21.29284937      0.49733743
12.62          -0.73925114    -21.29284597      0.49698233
12.63          -0.73995109    -21.29284257      0.49664601
12.64          -0.74064177    -21.29283916      0.49632883
12.65          -0.74132290    -21.29283575      0.49603120
12.66          -0.74199420    -21.29283235      0.49575348
12.67          -0.74265539    -21.29282894      0.49549603
12.68          -0.74330620    -21.29282554      0.49525921
12.69          -0.74394635    -21.29282213      0.49504337
12.70          -0.74457560    -21.29281873      0.49484885
12.71          -0.74519367    -21.29281533      0.49467597
12.72          -0.74580031    -21.29281192      0.49452506
12.73          -0.74639528    -21.29280852      0.49439643
12.74          -0.74697832    -21.29280512      0.49429037
12.75          -0.74754921    -21.29280172      0.49420719
12.76          -0.74810771    -21.29279832      0.49414716
12.77          -0.74865359    -21.29279493      0.49411056
12.78          -0.74918662    -21.29279153      0.49409764
12.79          -0.74970660    -21.29278814      0.49410867
12.80          -0.75021330    -21.29278475      0.49414388
12.81          -0.75070653    -21.29278136      0.49420352
12.82          -0.75118609    -21.29277797      0.49428779
12.83          -0.75165178    -21.29277458      0.49439691
12.84          -0.75210341    -21.29277120      0.49453109
12.85          -0.75254081    -21.29276782      0.49469052
12.86          -0.75296379    -21.29276444      0.49487537
12.87          -0.75337220    -21.29276107      0.49508581
12.88          -0.75376586    -21.29275770      0.49532201
12.89          -0.75414462    -21.29275433      0.49558410
12.90          -0.75450834    -21.29275097      0.49587224
12.91          -0.75485687    -21.29274760      0.49618654
12.92          -0.75519007    -21.29274424      0.49652711
12.93          -0.75550781    -21.29274089      0.49689407
12.94          -0.75580998    -21.29273754      0.49728751
12.95          -0.75609644    -21.29273419      0.49770750
12.96          -0.75636711    -21.29273084      0.49815411
12.97          -0.75662187    -21.29272750      0.49862741
12.98          -0.75686062    -21.29272417      0.49912744
12.99          -0.75708329    -21.29272083      0.49965424
13.00          -0.75728978    -21.29271751      0.50020783
13.01          -0.75748003    -21.29271418      0.50078823
13.02          -0.75765396    -21.29271086      0.50139544
13.03          -0.75781152    -21.29270755      0.50202945
13.04          -0.75795265    -21.29270423      0.50269023
13.05          -0.75807730    -21.29270093      0.50337777
13.06          -0.75818545    -21.29269763      0.50409200
13.07          -0.75827704    -21.29269433      0.50483289
13.08          -0.75835207    -21.29269103      0.50560036
13.09          -0.75841052    -21.29268775      0.50639433
13.10          -0.75845236    -21.29268446      0.50721472
13.11          -0.75847761    -21.29268118      0.50806144
13.12          -0.75848626    -21.29267791      0.50893435
13.13          -0.75847833    -21.29267464      0.50983336
13.14          -0.75845383    -21.29267138      0.51075832
13.15          -0.75841279    -21.29266812      0.51170909
13.16          -0.75835524    -21.29266487      0.51268551
13.17          -0.75828122    -21.29266162      0.51368743
13.18          -0.75819079    -21.29265838      0.51471465
13.19          -0.75808398    -21.29265514      0.51576701
13.20          -0.75796088    -21.29265191      0.51684429
13.21          -0.75782153    -21.29264868      0.51794630
13.22          -0.75766603    -21.29264546      0.51907280
13.23          -0.75749444    -21.29264224      0.52022358
13.24          -0.75730687    -21.29263903      0.52139839
13.25          -0.75710340    -21.29263582      0.52259699
13.26          -0.75688414    -21.29263262      0.52381911
13.27          -0.75664920    -21.29262943      0.52506449
13.28          -0.75639870    -21.29262624      0.52633285
13.29          -0.75613275    -21.29262306      0.52762389
13.30          -0.75585150    -21.29261988      0.52893733
13.31          -0.75555507    -21.29261670      0.53027284
13.32          -0.75524360    -21.29261353      0.53163012
13.33          -0.75491726    -21.29261037      0.53300884
13.34          -0.75457619    -21.29260721      0.53440866
13.35          -0.75422055    -21.29260406      0.53582924
13.36          -0.75385052    -21.29260092      0.53727023
13.37          -0.75346627    -21.29259777      0.53873126
13.38          -0.75306797    -21.29259464      0.54021196
13.39          -0.75265583    -21.29259150      0.54171196
13.40          -0.75223002    -21.29258838      0.54323087
13.41          -0.75179075    -21.29258526      0.54476830
13.42          -0.75133823    -21.29258214      0.54632384
13.43          -0.75087266    -21.29257903      0.54789708
13.44          -0.75039425    -21.29257592      0.54948761
13.45          -0.74990323    -21.29257282      0.55109500
13.46          -0.74939984    -21.29256972      0.55271882
13.47          -0.74888428    -21.29256663      0.55435864
13.48          -0.74835682    -21.29256354      0.55601400
13.49          -0.74781767    -21.29256045      0.55768446
13.50          -0.74726711    -21.29255737      0.55936956
13.51          -0.74670537    -21.29255430      0.56106884
13.52          -0.74613271    -21.29255122      0.56278182
13.53          -0.74554939    -21.29254816      0.56450803
13.54          -0.74495569    -21.29254509      0.56624700
13.55          -0.74435186    -21.29254203      0.56799822
13.56          -0.74373819    -21.29253897      0.56976122
13.57          -0.74311495    -21.29253592      0.57153550
13.58          -0.74248243    -21.29253287      0.57332055
13.59          -0.74184091    -21.29252982      0.57511588
13.60          -0.74119068    -21.29252678      0.57692097
13.61          -0.74053204    -21.29252373      0.57873531
13.62          -0.73986528    -21.29252069      0.58055838
13.63          -0.73919071    -21.29251766      0.58238967
13.64          -0.73850863    -21.29251462      0.58422864
13.65          -0.73781935    -21.29251159      0.58607478
13.66          -0.73712317    -21.29250856      0.58792756
13.67          -0.73642042    -21.29250553      0.58978643
13.68          -0.73571141    -21.29250250      0.59165087
13.69          -0.73499645    -21.29249948      0.59352034
13.70          -0.73427586    -21.29249645      0.59539431
13.71          -0.73354998    -21.29249342      0.59727223
13.72          -0.73281912    -21.29249040      0.59915356
13.73          -0.73208362    -21.29248738      0.60103775
13.74          -0.73134380    -21.29248435      0.60292427
13.75          -0.73059999    -21.29248133      0.60481258
13.76          -0.72985253    -21.29247831      0.60670212
13.77          -0.72910176    -21.29247528      0.60859234
13.78          -0.72834799    -21.29247226      0.61048272
13.79          -0.72759159    -21.29246923      0.61237270
13.80          -0.72683287    -21.29246620      0.61426173
13.81          -0.72607218    -21.29246317      0.61614927
13.82          -0.72530986    -21.29246014      0.61803479
13.83          -0.72454624    -21.29245711      0.61991774
13.84          -0.72378168    -21.29245408      0.62179757
13.85          -0.72301650    -21.29245104      0.62367376
13.86          -0.72225105    -21.29244800      0.62554576
13.87          -0.72148567    -21.29244495      0.62741304
13.88          -0.72072070    -21.29244191      0.62927507
13.89          -0.71995648    -21.29243886      0.63113131
13.90          -0.71919334    -21.29243580      0.63298125
13.91          -0.71843164    -21.29243274      0.63482436
13.92          -0.71767169    -21.29242968      0.63666012
13.93          -0.71691385    -21.29242661      0.63848801
13.94          -0.71615845    -21.29242353      0.64030753
13.95          -0.71540581    -21.29242045      0.64211815
13.96          -0.71465628    -21.29241737      0.64391938
13.97          -0.71391019    -21.29241428      0.64571071
13.98          -0.71316786    -21.29241118      0.64749166
13.99          -0.71242963    -21.29240807      0.64926173
14.00          -0.71169582    -21.29240496      0.65102043
14.01          -0.71096675    -21.29240184      0.65276729
14.02          -0.71024274    -21.29239872      0.65450182
14.03          -0.70952412    -21.29239558      0.65622357
14.04          -0.70881121    -21.29239244      0.65793207
14.05          -0.70810431    -21.29238929      0.65962685
14.06          -0.70740373    -21.29238613      0.66130748
14.07          -0.70670979    -21.29238296      0.66297350
14.08          -0.70602279    -21.29237978      0.66462449
14.09          -0.70534304    -21.29237659      0.66626000
14.10          -0.70467082    -21.29237339      0.66787961
14.11          -0.70400644    -21.29237018      0.66948292
14.12          -0.70335019    -21.29236696      0.67106950
14.13          -0.70270235    -21.29236373      0.67263897
14.14          -0.70206321    -21.29236048      0.67419092
14.15          -0.70143305    -21.29235723      0.67572498
14.16          -0.70081214    -21.29235396      0.67724076
14.17          -0.70020076    -21.29235068      0.67873789
14.18          -0.69959917    -21.29234739      0.68021603
14.19          -0.69900764    -21.29234409      0.68167480
14.20          -0.69842642    -21.29234077      0.68311389
14.21          -0.69785577    -21.29233744      0.68453294
14.22          -0.69729593    -21.29233410      0.68593163
14.23          -0.69674715    -21.29233074      0.68730966
14.24          -0.69620967    -21.29232736      0.68866671
14.25          -0.69568372    -21.29232398      0.69000249
14.26          -0.69516953    -21.29232057      0.69131671
14.27          -0.69466732    -21.29231716      0.69260910
14.28          -0.69417731    -21.29231372      0.69387938
14.29          -0.69369971    -21.29231027      0.69512731
14.30          -0.69323472    -21.29230681      0.69635263
14.31          -0.69278255    -21.29230333      0.69755512
14.32          -0.69234340    -21.29229983      0.69873453
14.33          -0.69191744    -21.29229632      0.69989067
14.34          -0.69150487    -21.29229279      0.70102332
14.35          -0.69110586    -21.29228924      0.70213229
14.36          -0.69072058    -21.29228568      0.70321739
14.37          -0.69034920    -21.29228209      0.70427846
14.38          -0.68999187    -21.29227849      0.70531533
14.39          -0.68964874    -21.29227487      0.70632785
14.40          -0.68931996    -21.29227124      0.70731589
14.41          -0.68900568    -21.29226758      0.70827931
14.42          -0.68870601    -21.29226391      0.70921799
14.43          -0.68842110    -21.29226022      0.71013183
14.44          -0.68815105    -21.29225651      0.71102074
14.45          -0.68789598    -21.29225278      0.71188463
14.46          -0.68765600    -21.29224903      0.71272343
14.47          -0.68743120    -21.29224526      0.71353708
14.48          -0.68722167    -21.29224147      0.71432552
14.49          -0.68702751    -21.29223767      0.71508873
14.50          -0.68684879    -21.29223384      0.71582667
14.51          -0.68668558    -21.29222999      0.71653933
14.52          -0.68653794    -21.29222612      0.71722671
14.53          -0.68640594    -21.29222224      0.71788880
14.54          -0.68628962    -21.29221833      0.71852565
14.55          -0.68618903    -21.29221440      0.71913726
14.56          -0.68610420    -21.29221045      0.71972369
14.57          -0.68603517    -21.29220648      0.72028498
14.58          -0.68598195    -21.29220249      0.72082121
14.59          -0.68594456    -21.29219848      0.72133245
14.60          -0.68592301    -21.29219445      0.72181879
14.61          -0.68591730    -21.29219040      0.72228032
14.62          -0.68592742    -21.29218633      0.72271716
14.63          -0.68595336    -21.29218224      0.72312942
14.64          -0.68599510    -21.29217812      0.72351724
14.65          -0.68605261    -21.29217399      0.72388077
14.66          -0.68612586    -21.29216983      0.72422015
14.67          -0.68621481    -21.29216566      0.72453555
14.68          -0.68631940    -21.29216146      0.72482715
14.69          -0.68643959    -21.29215724      0.72509514
14.70          -0.68657530    -21.29215300      0.72533970
14.71          -0.68672648    -21.29214874      0.72556106
14.72          -0.68689304    -21.29214446      0.72575943
14.73          -0.68707490    -21.29214016      0.72593503
14.74          -0.68727197    -21.29213584      0.72608811
14.75          -0.68748416    -21.29213149      0.72621892
14.76          -0.68771135    -21.29212713      0.72632772
14.77          -0.68795345    -21.29212275      0.72641477
14.78          -0.68821033    -21.29211834      0.72648036
14.79          -0.68848187    -21.29211392      0.72652477
14.80          -0.68876794    -21.29210947      0.72654830
14.81          -0.68906841    -21.29210501      0.72655127
14.82          -0.68938312    -21.29210052      0.72653399
14.83          -0.68971194    -21.29209602      0.72649678
14.84          -0.69005470    -21.29209149      0.72643998
14.85          -0.69041124    -21.29208695      0.72636394
14.86          -0.69078141    -21.29208239      0.72626901
14.87          -0.69116501    -21.29207780      0.72615554
14.88          -0.69156188    -21.29207320      0.72602392
14.89          -0.69197182    -21.29206858      0.72587452
14.90          -0.69239465    -21.29206394      0.72570773
14.91          -0.69283016    -21.29205928      0.72552393
14.92          -0.69327816    -21.29205460      0.72532354
14.93          -0.69373844    -21.29204990      0.72510695
14.94          -0.69421078    -21.29204519      0.72487460
14.95          -0.69469496    -21.29204045      0.72462690
14.96          -0.69519076    -21.29203570      0.72436428
14.97          -0.69569795    -21.29203094      0.72408719
14.98          -0.69621629    -21.29202615      0.72379606
14.99          -0.69674555    -21.29202135      0.72349134
15.00          -0.69728547    -21.29201653      0.72317350
15.01          -0.69783581    -21.29201169      0.72284300
15.02          -0.69839632    -21.29200683      0.72250030
15.03          -0.69896674    -21.29200196      0.72214588
15.04          -0.69954681    -21.29199708      0.72178022
15.05          -0.70013625    -21.29199218      0.72140380
15.06          -0.70073479    -21.29198726      0.72101711
15.07          -0.70134217    -21.29198232      0.72062065
15.08          -0.70195810    -21.29197737      0.72021491
15.09          -0.70258230    -21.29197241      0.71980040
15.10          -0.70321448    -21.29196743      0.71937763
15.11          -0.70385435    -21.29196244      0.71894710
15.12          -0.70450162    -21.29195743      0.71850933
15.13          -0.70515600    -21.29195241      0.71806484
15.14          -0.70581717    -21.29194737      0.71761414
15.15          -0.70648485    -21.29194233      0.71715777
15.16          -0.70715872    -21.29193726      0.71669624
15.17          -0.70783847    -21.29193219      0.71623009
15.18          -0.70852380    -21.29192710      0.71575985
15.19          -0.70921439    -21.29192200      0.71528604
15.20          -0.70990992    -21.29191689      0.71480921
15.21          -0.71061008    -21.29191176      0.71432989
15.22          -0.71131454    -21.29190663      0.71384861
15.23          -0.71202299    -21.29190148      0.71336592
15.24          -0.71273510    -21.29189632      0.71288235
15.25          -0.71345055    -21.29189116      0.71239844
15.26          -0.71416901    -21.29188598      0.71191473
15.27          -0.71489014    -21.29188079      0.71143176
15.28          -0.71561363    -21.29187559      0.71095007
15.29          -0.71633915    -21.29187038      0.71047020
15.30          -0.71706635    -21.29186516      0.70999268
15.31          -0.71779491    -21.29185993      0.70951806
15.32          -0.71852450    -21.29185470      0.70904686
15.33          -0.71925479    -21.29184945      0.70857963
15.34          -0.71998543    -21.29184420      0.70811690
15.35          -0.72071611    -21.29183894      0.70765919
15.36          -0.72144648    -21.29183367      0.70720703
15.37          -0.72217622    -21.29182839      0.70676096
15.38          -0.72290498    -21.29182311      0.70632149
15.39          -0.72363244    -21.29181782      0.70588915
15.40          -0.72435827    -21.29181253      0.70546446
15.41          -0.72508214    -21.29180722      0.70504792
15.42          -0.72580372    -21.29180192      0.70464005
15.43          -0.72652267    -21.29179660      0.70424136
15.44          -0.72723867    -21.29179128      0.70385234
15.45          -0.72795140    -21.29178596      0.70347351
15.46          -0.72866053    -21.29178063      0.70310535
15.47          -0.72936573    -21.29177530      0.70274835
15.48          -0.73006669    -21.29176996      0.70240301
15.49          -0.73076309    -21.29176462      0.70206979
15.50          -0.73145461    -21.29175927      0.70174917
15.51          -0.73214094    -21.29175392      0.70144163
15.52          -0.73282175    -21.29174857      0.70114763
15.53          -0.73349675    -21.29174321      0.70086762
15.54          -0.73416563    -21.29173786      0.70060205
15.55          -0.73482807    -21.29173250      0.70035138
15.56          -0.73548378    -21.29172713      0.70011604
15.57          -0.73613247    -21.29172177      0.69989646
15.58          -0.73677383    -21.29171640      0.69969306
15.59          -0.73740757    -21.29171104      0.69950627
15.60          -0.73803340    -21.29170567      0.69933650
15.61          -0.73865104    -21.29170030      0.69918415
15.62          -0.73926021    -21.29169493      0.69904962
15.63          -0.73986063    -21.29168956      0.69893329
15.64          -0.74045202    -21.29168419      0.69883554
15.65          -0.74103412    -21.29167882      0.69875675
15.66          -0.74160666    -21.29167345      0.69869728
15.67          -0.74216938    -21.29166808      0.69865748
15.68          -0.74272202    -21.29166272      0.69863771
15.69          -0.74326433    -21.29165735      0.69863829
15.70          -0.74379606    -21.29165198      0.69865957
15.71          -0.74431697    -21.29164662      0.69870185
15.72          -0.74482683    -21.29164126      0.69876545
15.73          -0.74532539    -21.29163590      0.69885067
15.74          -0.74581243    -21.29163054      0.69895781
15.75          -0.74628772    -21.29162519      0.69908714
15.76          -0.74675106    -21.29161983      0.69923893
15.77          -0.74720223    -21.29161448      0.69941346
15.78          -0.74764101    -21.29160914      0.69961097
15.79          -0.74806722    -21.29160380      0.69983170
15.80          -0.74848064    -21.29159846      0.70007590
15.81          -0.74888111    -21.29159312      0.70034377
15.82          -0.74926842    -21.29158779      0.70063554
15.83          -0.74964240    -21.29158246      0.70095140
15.84          -0.75000289    -21.29157714      0.70129154
15.85          -0.75034970    -21.29157182      0.70165615
15.86          -0.75068269    -21.29156650      0.70204539
15.87          -0.75100170    -21.29156120      0.70245943
15.88          -0.75130658    -21.29155589      0.70289841
15.89          -0.75159720    -21.29155059      0.70336246
15.90          -0.75187341    -21.29154530      0.70385172
15.91          -0.75213508    -21.29154001      0.70436630
15.92          -0.75238211    -21.29153473      0.70490630
15.93          -0.75261436    -21.29152945      0.70547181
15.94          -0.75283173    -21.29152418      0.70606292
15.95          -0.75303413    -21.29151892      0.70667970
15.96          -0.75322145    -21.29151366      0.70732220
15.97          -0.75339360    -21.29150841      0.70799048
15.98          -0.75355051    -21.29150316      0.70868456
15.99          -0.75369210    -21.29149793      0.70940448
16.00          -0.75381830    -21.29149269      0.71015025
16.01          -0.75392905    -21.29148747      0.71092187
16.02          -0.75402430    -21.29148225      0.71171933
16.03          -0.75410399    -21.29147704      0.71254260
16.04          -0.75416809    -21.29147184      0.71339167
16.05          -0.75421657    -21.29146664      0.71426649
16.06          -0.75424939    -21.29146146      0.71516699
16.07          -0.75426655    -21.29145628      0.71609312
16.08          -0.75426802    -21.29145110      0.71704480
16.09          -0.75425380    -21.29144594      0.71802194
16.10          -0.75422389    -21.29144078      0.71902444
16.11          -0.75417831    -21.29143563      0.72005219
16.12          -0.75411706    -21.29143049      0.72110507
16.13          -0.75404017    -21.29142536      0.72218295
16.14          -0.75394768    -21.29142024      0.72328568
16.15          -0.75383961    -21.29141512      0.72441310
16.16          -0.75371601    -21.29141001      0.72556506
16.17          -0.75357693    -21.29140491      0.72674137
16.18          -0.75342243    -21.29139982      0.72794186
16.19          -0.75325258    -21.29139474      0.72916631
16.20          -0.75306744    -21.29138966      0.73041453
16.21          -0.75286709    -21.29138460      0.73168629
16.22          -0.75265162    -21.29137954      0.73298136
16.23          -0.75242112    -21.29137449      0.73429951
16.24          -0.75217570    -21.29136945      0.73564049
16.25          -0.75191544    -21.29136442      0.73700403
16.26          -0.75164047    -21.29135939      0.73838987
16.27          -0.75135091    -21.29135438      0.73979772
16.28          -0.75104688    -21.29134937      0.74122730
16.29          -0.75072851    -21.29134437      0.74267831
16.30          -0.75039594    -21.29133938      0.74415044
16.31          -0.75004932    -21.29133440      0.74564337
16.32          -0.74968879    -21.29132943      0.74715678
16.33          -0.74931452    -21.29132446      0.74869033
16.34          -0.74892666    -21.29131950      0.75024367
16.35          -0.74852539    -21.29131455      0.75181645
16.36          -0.74811088    -21.29130961      0.75340830
16.37          -0.74768331    -21.29130468      0.75501887
16.38          -0.74724287    -21.29129975      0.75664776
16.39          -0.74678976    -21.29129483      0.75829460
16.40          -0.74632416    -21.29128992      0.75995898
16.41          -0.74584630    -21.29128502      0.76164050
16.42          -0.74535637    -21.29128013      0.76333875
16.43          -0.74485459    -21.29127524      0.76505332
16.44          -0.74434118    -21.29127036      0.76678378
16.45          -0.74381637    -21.29126548      0.76852969
16.46          -0.74328039    -21.29126062      0.77029061
16.47          -0.74273348    -21.29125575      0.77206611
16.48          -0.74217588    -21.29125090      0.77385572
16.49          -0.74160782    -21.29124605      0.77565899
16.50          -0.74102958    -21.29124121      0.77747545
16.51          -0.74044139    -21.29123638      0.77930464
16.52          -0.73984351    -21.29123155      0.78114606
16.53          -0.73923623    -21.29122672      0.78299925
16.54          -0.73861979    -21.29122191      0.78486372
16.55          -0.73799448    -21.29121709      0.78673896
16.56          -0.73736057    -21.29121228      0.78862449
16.57          -0.73671834    -21.29120748      0.79051980
16.58          -0.73606808    -21.29120268      0.79242439
16.59          -0.73541007    -21.29119789      0.79433774
16.60          -0.73474461    -21.29119310      0.79625934
16.61          -0.73407199    -21.29118831      0.79818866
16.62          -0.73339251    -21.29118353      0.80012520
16.63          -0.73270647    -21.29117875      0.80206841
16.64          -0.73201417    -21.29117398      0.80401778
16.65          -0.73131593    -21.29116920      0.80597277
16.66          -0.73061205    -21.29116443      0.80793285
16.67          -0.72990284    -21.29115966      0.80989747
16.68          -0.72918863    -21.29115490      0.81186611
16.69          -0.72846972    -21.29115013      0.81383821
16.70          -0.72774644    -21.29114537      0.81581325
16.71          -0.72701911    -21.29114061      0.81779066
16.72          -0.72628805    -21.29113585      0.81976992
16.73          -0.72555360    -21.29113109      0.82175046
16.74          -0.72481606    -21.29112633      0.82373175
16.75          -0.72407578    -21.29112157      0.82571324
16.76          -0.72333309    -21.29111681      0.82769437
16.77          -0.72258831    -21.29111204      0.82967461
16.78          -0.72184177    -21.29110728      0.83165340
16.79          -0.72109381    -21.29110252      0.83363020
16.80          -0.72034477    -21.29109775      0.83560445
16.81          -0.71959497    -21.29109298      0.83757562
16.82          -0.71884476    -21.29108821      0.83954316
16.83          -0.71809446    -21.29108344      0.84150653
16.84          -0.71734441    -21.29107866      0.84346518
16.85          -0.71659495    -21.29107388      0.84541858
16.86          -0.71584641    -21.29106910      0.84736618
16.87          -0.71509913    -21.29106431      0.84930746
16.88          -0.71435344    -21.29105952      0.85124187
16.89          -0.71360967    -21.29105472      0.85316890
16.90          -0.71286815    -21.29104991      0.85508802
16.91          -0.71212923    -21.29104511      0.85699869
16.92          -0.71139322    -21.29104029      0.85890040
16.93          -0.71066046    -21.29103547      0.86079264
16.94          -0.70993128    -21.29103064      0.86267489
16.95          -0.70920600    -21.29102580      0.86454665
16.96          -0.70848495    -21.29102096      0.86640740
16.97          -0.70776845    -21.29101611      0.86825666
16.98          -0.70705683    -21.29101125      0.87009393
16.99          -0.70635039    -21.29100638      0.87191871
17.00          -0.70564947    -21.29100150      0.87373053
17.01          -0.70495437    -21.29099661      0.87552891
17.02          -0.70426541    -21.29099171      0.87731338
17.03          -0.70358289    -21.29098680      0.87908346
17.04          -0.70290713    -21.29098189      0.88083870
17.05          -0.70223843    -21.29097696      0.88257864
17.06          -0.70157708    -21.29097201      0.88430284
17.07          -0.70092339    -21.29096706      0.88601085
17.08          -0.70027765    -21.29096210      0.88770225
17.09          -0.69964015    -21.29095712      0.88937660
17.10          -0.69901118    -21.29095213      0.89103349
17.11          -0.69839102    -21.29094712      0.89267250
17.12          -0.69777995    -21.29094211      0.89429323
17.13          -0.69717825    -21.29093708      0.89589528
17.14          -0.69658620    -21.29093203      0.89747826
17.15          -0.69600405    -21.29092697      0.89904180
17.16          -0.69543207    -21.29092189      0.90058553
17.17          -0.69487052    -21.29091680      0.90210907
17.18          -0.69431966    -21.29091170      0.90361207
17.19          -0.69377973    -21.29090658      0.90509420
17.20          -0.69325098    -21.29090144      0.90655510
17.21          -0.69273365    -21.29089628      0.90799446
17.22          -0.69222797    -21.29089111      0.90941195
17.23          -0.69173418    -21.29088592      0.91080728
17.24          -0.69125250    -21.29088072      0.91218012
17.25          -0.69078315    -21.29087549      0.91353021
17.26          -0.69032633    -21.29087025      0.91485725
17.27          -0.68988227    -21.29086499      0.91616099
17.28          -0.68945117    -21.29085971      0.91744115
17.29          -0.68903321    -21.29085441      0.91869749
17.30          -0.68862860    -21.29084910      0.91992977
17.31          -0.68823751    -21.29084376      0.92113776
17.32          -0.68786014    -21.29083840      0.92232124
17.33          -0.68749664    -21.29083303      0.92348001
17.34          -0.68714720    -21.29082763      0.92461386
17.35          -0.68681196    -21.29082222      0.92572262
17.36          -0.68649110    -21.29081678      0.92680610
17.37          -0.68618474    -21.29081133      0.92786414
17.38          -0.68589305    -21.29080585      0.92889659
17.39          -0.68561614    -21.29080035      0.92990331
17.40          -0.68535416    -21.29079483      0.93088416
17.41          -0.68510723    -21.29078929      0.93183903
17.42          -0.68487545    -21.29078373      0.93276780
17.43          -0.68465895    -21.29077815      0.93367038
17.44          -0.68445782    -21.29077254      0.93454668
17.45          -0.68427217    -21.29076692      0.93539662
17.46          -0.68410207    -21.29076127      0.93622016
17.47          -0.68394761    -21.29075560      0.93701722
17.48          -0.68380887    -21.29074991      0.93778778
17.49          -0.68368592    -21.29074420      0.93853179
17.50          -0.68357882    -21.29073846      0.93924926
17.51          -0.68348762    -21.29073270      0.93994016
17.52          -0.68341236    -21.29072692      0.94060451
17.53          -0.68335310    -21.29072112      0.94124232
17.54          -0.68330986    -21.29071529      0.94185362
17.55          -0.68328268    -21.29070945      0.94243844
17.56          -0.68327156    -21.29070358      0.94299686
17.57          -0.68327652    -21.29069769      0.94352891
17.58          -0.68329757    -21.29069177      0.94403469
17.59          -0.68333471    -21.29068584      0.94451427
17.60          -0.68338792    -21.29067988      0.94496775
17.61          -0.68345719    -21.29067390      0.94539524
17.62          -0.68354250    -21.29066789      0.94579686
17.63          -0.68364381    -21.29066187      0.94617274
17.64          -0.68376110    -21.29065582      0.94652302
17.65          -0.68389430    -21.29064976      0.94684785
17.66          -0.68404338    -21.29064367      0.94714741
17.67          -0.68420827    -21.29063756      0.94742185
17.68          -0.68438891    -21.29063142      0.94767138
17.69          -0.68458523    -21.29062527      0.94789618
17.70          -0.68479714    -21.29061910      0.94809646
17.71          -0.68502456    -21.29061290      0.94827245
17.72          -0.68526739    -21.29060669      0.94842435
17.73          -0.68552555    -21.29060045      0.94855243
17.74          -0.68579891    -21.29059419      0.94865692
17.75          -0.68608736    -21.29058791      0.94873808
17.76          -0.68639080    -21.29058162      0.94879618
17.77          -0.68670907    -21.29057530      0.94883151
17.78          -0.68704207    -21.29056896      0.94884434
17.79          -0.68738964    -21.29056261      0.94883498
17.80          -0.68775163    -21.29055623      0.94880373
17.81          -0.68812790    -21.29054984      0.94875092
17.82          -0.68851828    -21.29054343      0.94867686
17.83          -0.68892262    -21.29053700      0.94858190
17.84          -0.68934073    -21.29053055      0.94846637
17.85          -0.68977244    -21.29052408      0.94833064
17.86          -0.69021757    -21.29051760      0.94817505
17.87          -0.69067593    -21.29051110      0.94799999
17.88          -0.69114731    -21.29050458      0.94780583
17.89          -0.69163152    -21.29049805      0.94759295
17.90          -0.69212836    -21.29049150      0.94736176
17.91          -0.69263760    -21.29048493      0.94711264
17.92          -0.69315904    -21.29047835      0.94684603
17.93          -0.69369244    -21.29047176      0.94656232
17.94          -0.69423758    -21.29046515      0.94626194
17.95          -0.69479422    -21.29045852      0.94594534
17.96          -0.69536212    -21.29045189      0.94561293
17.97          -0.69594105    -21.29044523      0.94526518
17.98          -0.69653074    -21.29043857      0.94490252
17.99          -0.69713095    -21.29043189      0.94452543
18.00          -0.69774141    -21.29042520      0.94413435
18.01          -0.69836187    -21.29041850      0.94372977
18.02          -0.69899205    -21.29041178      0.94331216
18.03          -0.69963169    -21.29040506      0.94288199
18.04          -0.70028050    -21.29039832      0.94243975
18.05          -0.70093821    -21.29039158      0.94198594
18.06          -0.70160453    -21.29038482      0.94152104
18.07          -0.70227917    -21.29037806      0.94104556
18.08          -0.70296184    -21.29037128      0.94056001
18.09          -0.70365225    -21.29036450      0.94006488
18.10          -0.70435010    -21.29035771      0.93956070
18.11          -0.70505507    -21.29035091      0.93904798
18.12          -0.70576688    -21.29034410      0.93852724
18.13          -0.70648520    -21.29033729      0.93799899
18.14          -0.70720973    -21.29033047      0.93746377
18.15          -0.70794015    -21.29032364      0.93692211
18.16          -0.70867615    -21.29031681      0.93637453
18.17          -0.70941740    -21.29030998      0.93582156
18.18          -0.71016359    -21.29030314      0.93526375
18.19          -0.71091438    -21.29029629      0.93470162
18.20          -0.71166946    -21.29028944      0.93413572
18.21          -0.71242849    -21.29028259      0.93356658
18.22          -0.71319115    -21.29027574      0.93299475
18.23          -0.71395710    -21.29026888      0.93242076
18.24          -0.71472600    -21.29026202      0.93184516
18.25          -0.71549754    -21.29025516      0.93126849
18.26          -0.71627136    -21.29024830      0.93069129
18.27          -0.71704713    -21.29024144      0.93011411
18.28          -0.71782451    -21.29023458      0.92953748
18.29          -0.71860317    -21.29022772      0.92896194
18.30          -0.71938277    -21.29022086      0.92838804
18.31          -0.72016296    -21.29021401      0.92781631
18.32          -0.72094341    -21.29020715      0.92724730
18.33          -0.72172377    -21.29020030      0.92668153
18.34          -0.72250370    -21.29019344      0.92611954
18.35          -0.72328288    -21.29018660      0.92556186
18.36          -0.72406094    -21.29017975      0.92500903
18.37          -0.72483756    -21.29017291      0.92446157
18.38          -0.72561240    -21.29016608      0.92392000
18.39          -0.72638512    -21.29015925      0.92338484
18.40          -0.72715538    -21.29015242      0.92285662
18.41          -0.72792284    -21.29014560      0.92233584
18.42          -0.72868717    -21.29013879      0.92182302
18.43          -0.72944803    -21.29013198      0.92131867
18.44          -0.73020510    -21.29012518      0.92082328
18.45          -0.73095804    -21.29011839      0.92033736
18.46          -0.73170652    -21.29011161      0.91986140
18.47          -0.73245022    -21.29010483      0.91939589
18.48          -0.73318881    -21.29009807      0.91894131
18.49          -0.73392197    -21.29009131      0.91849814
18.50          -0.73464938    -21.29008456      0.91806685
18.51          -0.73537071    -21.29007783      0.91764792
18.52          -0.73608566    -21.29007110      0.91724181
18.53          -0.73679391    -21.29006438      0.91684896
18.54          -0.73749515    -21.29005768      0.91646983
18.55          -0.73818907    -21.29005098      0.91610486
18.56          -0.73887537    -21.29004430      0.91575450
18.57          -0.73955376    -21.29003763      0.91541916
18.58          -0.74022392    -21.29003098      0.91509927
18.59          -0.74088557    -21.29002433      0.91479525
18.60          -0.74153843    -21.29001770      0.91450750
18.61          -0.74218219    -21.29001109      0.91423642
18.62          -0.74281659    -21.29000448      0.91398241
18.63          -0.74344134    -21.28999789      0.91374585
18.64          -0.74405617    -21.28999132      0.91352712
18.65          -0.74466081    -21.28998476      0.91332659
18.66          -0.74525499    -21.28997822      0.91314461
18.67          -0.74583846    -21.28997169      0.91298154
18.68          -0.74641095    -21.28996518      0.91283771
18.69          -0.74697222    -21.28995869      0.91271347
18.70          -0.74752202    -21.28995221      0.91260914
18.71          -0.74806011    -21.28994575      0.91252503
18.72          -0.74858625    -21.28993930      0.91246144
18.73          -0.74910022    -21.28993287      0.91241869
18.74          -0.74960177    -21.28992646      0.91239704
18.75          -0.75009071    -21.28992007      0.91239679
18.76          -0.75056680    -21.28991370      0.91241819
18.77          -0.75102985    -21.28990734      0.91246151
18.78          -0.75147964    -21.28990101      0.91252698
18.79          -0.75191598    -21.28989469      0.91261486
18.80          -0.75233868    -21.28988839      0.91272537
18.81          -0.75274756    -21.28988211      0.91285872
18.82          -0.75314242    -21.28987585      0.91301511
18.83          -0.75352310    -21.28986961      0.91319476
18.84          -0.75388943    -21.28986339      0.91339783
18.85          -0.75424124    -21.28985720      0.91362451
18.86          -0.75457839    -21.28985102      0.91387495
18.87          -0.75490072    -21.28984486      0.91414932
18.88          -0.75520810    -21.28983872      0.91444775
18.89          -0.75550038    -21.28983260      0.91477037
18.90          -0.75577743    -21.28982651      0.91511730
18.91          -0.75603914    -21.28982043      0.91548866
18.92          -0.75628539    -21.28981438      0.91588454
18.93          -0.75651606    -21.28980834      0.91630502
18.94          -0.75673107    -21.28980233      0.91675018
18.95          -0.75693030    -21.28979634      0.91722008
18.96          -0.75711367    -21.28979038      0.91771478
18.97          -0.75728110    -21.28978443      0.91823432
18.98          -0.75743252    -21.28977851      0.91877872
18.99          -0.75756785    -21.28977260      0.91934801
19.00          -0.75768704    -21.28976672      0.91994219
19.01          -0.75779004    -21.28976087      0.92056126
19.02          -0.75787679    -21.28975503      0.92120521
19.03          -0.75794725    -21.28974922      0.92187399
19.04          -0.75800140    -21.28974343      0.92256759
19.05          -0.75803920    -21.28973766      0.92328594
19.06          -0.75806065    -21.28973191      0.92402899
19.07          -0.75806572    -21.28972619      0.92479666
19.08          -0.75805442    -21.28972048      0.92558888
19.09          -0.75802675    -21.28971481      0.92640554
19.10          -0.75798272    -21.28970915      0.92724654
19.11          -0.75792234    -21.28970351      0.92811176
19.12          -0.75784564    -21.28969790      0.92900107
19.13          -0.75775265    -21.28969231      0.92991435
19.14          -0.75764342    -21.28968674      0.93085142
19.15          -0.75751798    -21.28968120      0.93181214
19.16          -0.75737639    -21.28967567      0.93279634
19.17          -0.75721871    -21.28967017      0.93380382
19.18          -0.75704501    -21.28966469      0.93483440
19.19          -0.75685536    -21.28965924      0.93588788
19.20          -0.75664984    -21.28965380      0.93696403
19.21          -0.75642854    -21.28964839      0.93806263
19.22          -0.75619156    -21.28964299      0.93918346
19.23          -0.75593900    -21.28963762      0.94032626
19.24          -0.75567096    -21.28963227      0.94149077
19.25          -0.75538756    -21.28962694      0.94267674
19.26          -0.75508893    -21.28962164      0.94388388
19.27          -0.75477519    -21.28961635      0.94511192
19.28          -0.75444648    -21.28961108      0.94636056
19.29          -0.75410293    -21.28960584      0.94762948
19.30          -0.75374471    -21.28960061      0.94891839
19.31          -0.75337196    -21.28959541      0.95022696
19.32          -0.75298484    -21.28959023      0.95155485
19.33          -0.75258352    -21.28958506      0.95290173
19.34          -0.75216818    -21.28957992      0.95426724
19.35          -0.75173900    -21.28957479      0.95565102
19.36          -0.75129616    -21.28956969      0.95705272
19.37          -0.75083985    -21.28956460      0.95847195
19.38          -0.75037027    -21.28955953      0.95990834
19.39          -0.74988762    -21.28955448      0.96136148
19.40          -0.74939212    -21.28954945      0.96283098
19.41          -0.74888398    -21.28954443      0.96431644
19.42          -0.74836342    -21.28953944      0.96581744
19.43          -0.74783066    -21.28953446      0.96733356
19.44          -0.74728595    -21.28952950      0.96886437
19.45          -0.74672950    -21.28952455      0.97040943
19.46          -0.74616157    -21.28951962      0.97196830
19.47          -0.74558240    -21.28951471      0.97354054
19.48          -0.74499225    -21.28950981      0.97512569
19.49          -0.74439136    -21.28950493      0.97672328
19.50          -0.74378001    -21.28950007      0.97833284
19.51          -0.74315845    -21.28949521      0.97995392
19.52          -0.74252696    -21.28949038      0.98158602
19.53          -0.74188581    -21.28948555      0.98322867
19.54          -0.74123529    -21.28948075      0.98488136
19.55          -0.74057566    -21.28947595      0.98654362
19.56          -0.73990723    -21.28947117      0.98821494
19.57          -0.73923028    -21.28946640      0.98989482
19.58          -0.73854510    -21.28946164      0.99158274
19.59          -0.73785200    -21.28945689      0.99327821
19.60          -0.73715127    -21.28945216      0.99498070
19.61          -0.73644323    -21.28944744      0.99668969
19.62          -0.73572817    -21.28944272      0.99840467
19.63          -0.73500641    -21.28943802      1.00012510
19.64          -0.73427826    -21.28943333      1.00185046
19.65          -0.73354405    -21.28942864      1.00358022
19.66          -0.73280409    -21.28942397      1.00531384
19.67          -0.73205870    -21.28941930      1.00705079
19.68          -0.73130821    -21.28941464      1.00879053
19.69          -0.73055294    -21.28940999      1.01053252
19.70          -0.72979322    -21.28940535      1.01227623
19.71          -0.72902939    -21.28940071      1.01402110
19.72          -0.72826178    -21.28939608      1.01576659
19.73          -0.72749071    -21.28939146      1.01751217
19.74          -0.72671654    -21.28938684      1.01925729
19.75          -0.72593958    -21.28938222      1.02100140
19.76          -0.72516019    -21.28937761      1.02274396
19.77          -0.72437870    -21.28937300      1.02448442
19.78          -0.72359546    -21.28936840      1.02622224
19.79          -0.72281080    -21.28936380      1.02795688
19.80          -0.72202506    -21.28935920      1.02968778
19.81          -0.72123859    -21.28935460      1.03141443
19.82          -0.72045173    -21.28935001      1.03313626
19.83          -0.71966482    -21.28934541      1.03485275
19.84          -0.71887821    -21.28934082      1.03656335
19.85          -0.71809224    -21.28933622      1.03826754
19.86          -0.71730725    -21.28933163      1.03996477
19.87          -0.71652358    -21.28932703      1.04165453
19.88          -0.71574157    -21.28932243      1.04333628
19.89          -0.71496157    -21.28931783      1.04500950
19.90          -0.71418392    -21.28931323      1.04667367
19.91          -0.71340895    -21.28930862      1.04832827
19.92          -0.71263700    -21.28930401      1.04997279
19.93          -0.71186840    -21.28929940      1.05160672
19.94          -0.71110350    -21.28929478      1.05322956
19.95          -0.71034263    -21.28929016      1.05484080
19.96          -0.70958611    -21.28928553      1.05643995
19.97          -0.70883427    -21.28928089      1.05802651
19.98          -0.70808745    -21.28927625      1.05960000
19.99          -0.70734597    -21.28927160      1.06115995
20.00          -0.70661015    -21.28926695      1.06270587
20.01          -0.70588031    -21.28926228      1.06423729
20.02          -0.70515678    -21.28925761      1.06575375
20.03          -0.70443985    -21.28925293      1.06725479
20.04          -0.70372985    -21.28924823      1.06873997
20.05          -0.70302709    -21.28924353      1.07020883
20.06          -0.70233187    -21.28923882      1.07166094
20.07          -0.70164450    -21.28923410      1.07309586
20.08          -0.70096526    -21.28922937      1.07451318
20.09          -0.70029447    -21.28922462      1.07591247
20.10          -0.69963241    -21.28921986      1.07729333
20.11          -0.69897936    -21.28921509      1.07865536
20.12          -0.69833562    -21.28921031      1.07999815
20.13          -0.69770146    -21.28920551      1.08132133
20.14          -0.69707715    -21.28920070      1.08262452
20.15          -0.69646298    -21.28919588      1.08390734
20.16          -0.69585920    -21.28919104      1.08516944
20.17          -0.69526609    -21.28918619      1.08641046
20.18          -0.69468388    -21.28918132      1.08763007
20.19          -0.69411285    -21.28917643      1.08882792
20.20          -0.69355324    -21.28917153      1.09000370
20.21          -0.69300528    -21.28916662      1.09115708
20.22          -0.69246922    -21.28916168      1.09228776
20.23          -0.69194529    -21.28915673      1.09339544
20.24          -0.69143372    -21.28915176      1.09447984
20.25          -0.69093473    -21.28914678      1.09554068
20.26          -0.69044854    -21.28914177      1.09657769
20.27          -0.68997535    -21.28913675      1.09759061
20.28          -0.68951537    -21.28913171      1.09857920
20.29          -0.68906880    -21.28912665      1.09954322
20.30          -0.68863584    -21.28912157      1.10048244
20.31          -0.68821666    -21.28911647      1.10139665
20.32          -0.68781146    -21.28911135      1.10228565
20.33          -0.68742040    -21.28910621      1.10314923
20.34          -0.68704367    -21.28910106      1.10398722
20.35          -0.68668140    -21.28909588      1.10479944
20.36          -0.68633378    -21.28909068      1.10558572
20.37          -0.68600093    -21.28908546      1.10634593
20.38          -0.68568302    -21.28908021      1.10707991
20.39          -0.68538017    -21.28907495      1.10778755
20.40          -0.68509251    -21.28906967      1.10846872
20.41          -0.68482017    -21.28906436      1.10912331
20.42          -0.68456326    -21.28905904      1.10975124
20.43          -0.68432190    -21.28905369      1.11035242
20.44          -0.68409618    -21.28904832      1.11092677
20.45          -0.68388621    -21.28904293      1.11147424
20.46          -0.68369207    -21.28903751      1.11199477
20.47          -0.68351384    -21.28903208      1.11248833
20.48          -0.68335160    -21.28902662      1.11295490
20.49          -0.68320543    -21.28902114      1.11339445
20.50          -0.68307536    -21.28901563      1.11380699
20.51          -0.68296148    -21.28901011      1.11419252
20.52          -0.68286381    -21.28900456      1.11455107
20.53          -0.68278240    -21.28899899      1.11488265
20.54          -0.68271729    -21.28899340      1.11518733
20.55          -0.68266849    -21.28898779      1.11546515
20.56          -0.68263603    -21.28898215      1.11571617
20.57          -0.68261991    -21.28897649      1.11594048
20.58          -0.68262015    -21.28897081      1.11613816
20.59          -0.68263674    -21.28896511      1.11630931
20.60          -0.68266966    -21.28895939      1.11645405
20.61          -0.68271891    -21.28895364      1.11657249
20.62          -0.68278445    -21.28894788      1.11666478
20.63          -0.68286626    -21.28894209      1.11673104
20.64          -0.68296429    -21.28893628      1.11677145
20.65          -0.68307850    -21.28893044      1.11678617
20.66          -0.68320883    -21.28892459      1.11677538
20.67          -0.68335523    -21.28891872      1.11673926
20.68          -0.68351763    -21.28891282      1.11667801
20.69          -0.68369596    -21.28890691      1.11659185
20.70          -0.68389012    -21.28890097      1.11648099
20.71          -0.68410004    -21.28889502      1.11634567
20.72          -0.68432562    -21.28888904      1.11618612
20.73          -0.68456676    -21.28888305      1.11600261
20.74          -0.68482334    -21.28887703      1.11579539
20.75          -0.68509526    -21.28887100      1.11556473
20.76          -0.68538238    -21.28886494      1.11531093
20.77          -0.68568459    -21.28885887      1.11503425
20.78          -0.68600174    -21.28885278      1.11473502
20.79          -0.68633370    -21.28884667      1.11441354
20.80          -0.68668031    -21.28884055      1.11407013
20.81          -0.68704142    -21.28883440      1.11370513
20.82          -0.68741687    -21.28882824      1.11331886
20.83          -0.68780648    -21.28882206      1.11291168
20.84          -0.68821010    -21.28881587      1.11248395
20.85          -0.68862752    -21.28880966      1.11203603
20.86          -0.68905858    -21.28880343      1.11156829
20.87          -0.68950308    -21.28879719      1.11108112
20.88          -0.68996082    -21.28879094      1.11057491
20.89          -0.69043159    -21.28878466      1.11005005
20.90          -0.69091519    -21.28877838      1.10950696
20.91          -0.69141140    -21.28877208      1.10894604
20.92          -0.69192000    -21.28876577      1.10836771
20.93          -0.69244077    -21.28875944      1.10777241
20.94          -0.69297346    -21.28875310      1.10716058
20.95          -0.69351786    -21.28874675      1.10653264
20.96          -0.69407371    -21.28874039      1.10588906
20.97          -0.69464077    -21.28873401      1.10523028
20.98          -0.69521879    -21.28872763      1.10455677
20.99          -0.69580751    -21.28872123      1.10386901
21.00          -0.69640667    -21.28871482      1.10316745
21.01          -0.69701600    -21.28870841      1.10245258
21.02          -0.69763524    -21.28870198      1.10172489
21.03          -0.69826410    -21.28869555      1.10098486
21.04          -0.69890232    -21.28868911      1.10023299
21.05          -0.69954961    -21.28868266      1.09946979
21.06          -0.70020568    -21.28867620      1.09869574
21.07          -0.70087024    -21.28866974      1.09791137
21.08          -0.70154300    -21.28866327      1.09711719
21.09          -0.70222366    -21.28865679      1.09631371
21.10          -0.70291192    -21.28865031      1.09550145
21.11          -0.70360747    -21.28864382      1.09468094
21.12          -0.70431002    -21.28863733      1.09385271
21.13          -0.70501924    -21.28863084      1.09301728
21.14          -0.70573482    -21.28862434      1.09217518
21.15          -0.70645645    -21.28861784      1.09132696
21.16          -0.70718381    -21.28861133      1.09047315
21.17          -0.70791658    -21.28860482      1.08961428
21.18          -0.70865444    -21.28859832      1.08875091
21.19          -0.70939705    -21.28859181      1.08788357
21.20          -0.71014409    -21.28858530      1.08701280
21.21          -0.71089524    -21.28857879      1.08613916
21.22          -0.71165015    -21.28857228      1.08526319
21.23          -0.71240850    -21.28856577      1.08438543
21.24          -0.71316996    -21.28855926      1.08350644
21.25          -0.71393418    -21.28855276      1.08262675
21.26          -0.71470083    -21.28854626      1.08174692
21.27          -0.71546957    -21.28853976      1.08086749
21.28          -0.71624007    -21.28853326      1.07998901
21.29          -0.71701197    -21.28852677      1.07911203
21.30          -0.71778495    -21.28852028      1.07823708
21.31          -0.71855867    -21.28851379      1.07736471
21.32          -0.71933278    -21.28850732      1.07649547
21.33          -0.72010693    -21.28850084      1.07562988
21.34          -0.72088080    -21.28849437      1.07476849
21.35          -0.72165404    -21.28848791      1.07391183
21.36          -0.72242630    -21.28848146      1.07306044
21.37          -0.72319726    -21.28847501      1.07221485
21.38          -0.72396656    -21.28846858      1.07137557
21.39          -0.72473388    -21.28846215      1.07054314
21.40          -0.72549887    -21.28845573      1.06971807
21.41          -0.72626119    -21.28844931      1.06890089
21.42          -0.72702052    -21.28844291      1.06809209
21.43          -0.72777652    -21.28843652      1.06729220
21.44          -0.72852885    -21.28843014      1.06650172
21.45          -0.72927719    -21.28842377      1.06572114
21.46          -0.73002121    -21.28841741      1.06495096
21.47          -0.73076057    -21.28841106      1.06419167
21.48          -0.73149496    -21.28840473      1.06344375
21.49          -0.73222405    -21.28839840      1.06270768
21.50          -0.73294752    -21.28839209      1.06198395
21.51          -0.73366506    -21.28838580      1.06127300
21.52          -0.73437634    -21.28837951      1.06057531
21.53          -0.73508106    -21.28837325      1.05989133
21.54          -0.73577891    -21.28836699      1.05922151
21.55          -0.73646958    -21.28836075      1.05856629
21.56          -0.73715277    -21.28835453      1.05792610
21.57          -0.73782818    -21.28834832      1.05730139
21.58          -0.73849551    -21.28834213      1.05669255
21.59          -0.73915447    -21.28833595      1.05610002
21.60          -0.73980477    -21.28832979      1.05552419
21.61          -0.74044612    -21.28832365      1.05496547
21.62          -0.74107825    -21.28831752      1.05442424
21.63          -0.74170088    -21.28831141      1.05390089
21.64          -0.74231373    -21.28830532      1.05339579
21.65          -0.74291654    -21.28829925      1.05290931
21.66          -0.74350905    -21.28829320      1.05244180
21.67          -0.74409099    -21.28828716      1.05199361
21.68          -0.74466210    -21.28828114      1.05156509
21.69          -0.74522215    -21.28827515      1.05115656
21.70          -0.74577088    -21.28826917      1.05076834
21.71          -0.74630805    -21.28826321      1.05040075
21.72          -0.74683343    -21.28825727      1.05005410
21.73          -0.74734680    -21.28825136      1.04972866
21.74          -0.74784792    -21.28824546      1.04942473
21.75          -0.74833657    -21.28823958      1.04914258
21.76          -0.74881255    -21.28823373      1.04888247
21.77          -0.74927565    -21.28822790      1.04864466
21.78          -0.74972566    -21.28822208      1.04842939
21.79          -0.75016239    -21.28821629      1.04823689
21.80          -0.75058564    -21.28821052      1.04806739
21.81          -0.75099524    -21.28820478      1.04792110
21.82          -0.75139101    -21.28819905      1.04779823
21.83          -0.75177277    -21.28819335      1.04769895
21.84          -0.75214035    -21.28818767      1.04762346
21.85          -0.75249360    -21.28818201      1.04757191
21.86          -0.75283237    -21.28817638      1.04754449
21.87          -0.75315650    -21.28817077      1.04754132
21.88          -0.75346586    -21.28816518      1.04756254
21.89          -0.75376031    -21.28815961      1.04760829
21.90          -0.75403973    -21.28815407      1.04767868
21.91          -0.75430400    -21.28814855      1.04777381
21.92          -0.75455299    -21.28814306      1.04789377
21.93          -0.75478660    -21.28813759      1.04803865
21.94          -0.75500474    -21.28813214      1.04820851
21.95          -0.75520731    -21.28812672      1.04840342
21.96          -0.75539422    -21.28812132      1.04862342
21.97          -0.75556540    -21.28811595      1.04886855
21.98          -0.75572076    -21.28811060      1.04913882
21.99          -0.75586024    -21.28810527      1.04943427
22.00          -0.75598380    -21.28809997      1.04975488
22.01          -0.75609136    -21.28809469      1.05010065
22.02          -0.75618289    -21.28808944      1.05047156
22.03          -0.75625835    -21.28808421      1.05086757
22.04          -0.75631772    -21.28807900      1.05128864
22.05          -0.75636095    -21.28807382      1.05173473
22.06          -0.75638805    -21.28806867      1.05220575
22.07          -0.75639900    -21.28806354      1.05270164
22.08          -0.75639379    -21.28805843      1.05322231
22.09          -0.75637244    -21.28805335      1.05376765
22.10          -0.75633495    -21.28804829      1.05433756
22.11          -0.75628135    -21.28804326      1.05493191
22.12          -0.75621166    -21.28803825      1.05555057
22.13          -0.75612591    -21.28803326      1.05619341
22.14          -0.75602415    -21.28802830      1.05686025
22.15          -0.75590642    -21.28802337      1.05755094
22.16          -0.75577277    -21.28801845      1.05826530
22.17          -0.75562327    -21.28801357      1.05900315
22.18          -0.75545799    -21.28800870      1.05976428
22.19          -0.75527700    -21.28800386      1.06054850
22.20          -0.75508038    -21.28799905      1.06135557
22.21          -0.75486823    -21.28799425      1.06218527
22.22          -0.75464064    -21.28798949      1.06303737
22.23          -0.75439771    -21.28798474      1.06391161
22.24          -0.75413955    -21.28798002      1.06480773
22.25          -0.75386628    -21.28797532      1.06572547
22.26          -0.75357803    -21.28797065      1.06666454
22.27          -0.75327491    -21.28796599      1.06762466
22.28          -0.75295707    -21.28796136      1.06860553
22.29          -0.75262466    -21.28795676      1.06960685
22.30          -0.75227781    -21.28795217      1.07062829
22.31          -0.75191669    -21.28794761      1.07166953
22.32          -0.75154146    -21.28794307      1.07273023
22.33          -0.75115228    -21.28793856      1.07381006
22.34          -0.75074933    -21.28793406      1.07490866
22.35          -0.75033279    -21.28792959      1.07602567
22.36          -0.74990285    -21.28792514      1.07716071
22.37          -0.74945969    -21.28792071      1.07831342
22.38          -0.74900352    -21.28791630      1.07948341
22.39          -0.74853454    -21.28791191      1.08067029
22.40          -0.74805296    -21.28790754      1.08187364
22.41          -0.74755900    -21.28790319      1.08309307
22.42          -0.74705286    -21.28789887      1.08432816
22.43          -0.74653479    -21.28789456      1.08557849
22.44          -0.74600501    -21.28789027      1.08684363
22.45          -0.74546376    -21.28788600      1.08812313
22.46          -0.74491127    -21.28788175      1.08941657
22.47          -0.74434780    -21.28787752      1.09072348
22.48          -0.74377359    -21.28787331      1.09204341
22.49          -0.74318890    -21.28786912      1.09337591
22.50          -0.74259400    -21.28786495      1.09472050
22.51          -0.74198914    -21.28786079      1.09607671
22.52          -0.74137459    -21.28785665      1.09744406
22.53          -0.74075064    -21.28785253      1.09882207
22.54          -0.74011755    -21.28784842      1.10021025
22.55          -0.73947561    -21.28784434      1.10160810
22.56          -0.73882510    -21.28784026      1.10301514
22.57          -0.73816631    -21.28783621      1.10443085
22.58          -0.73749954    -21.28783217      1.10585474
22.59          -0.73682508    -21.28782814      1.10728628
22.60          -0.73614323    -21.28782413      1.10872497
22.61          -0.73545429    -21.28782014      1.11017030
22.62          -0.73475858    -21.28781616      1.11162173
22.63          -0.73405639    -21.28781219      1.11307875
22.64          -0.73334805    -21.28780824      1.11454084
22.65          -0.73263386    -21.28780430      1.11600746
22.66          -0.73191414    -21.28780037      1.11747808
22.67          -0.73118922    -21.28779646      1.11895217
22.68          -0.73045942    -21.28779256      1.12042920
22.69          -0.72972505    -21.28778867      1.12190863
22.70          -0.72898645    -21.28778479      1.12338992
22.71          -0.72824394    -21.28778092      1.12487254
22.72          -0.72749785    -21.28777707      1.12635595
22.73          -0.72674852    -21.28777322      1.12783960
22.74          -0.72599627    -21.28776939      1.12932297
22.75          -0.72524144    -21.28776556      1.13080550
22.76          -0.72448437    -21.28776174      1.13228666
22.77          -0.72372539    -21.28775794      1.13376590
22.78          -0.72296484    -21.28775414      1.13524270
22.79          -0.72220305    -21.28775035      1.13671651
22.80          -0.72144037    -21.28774656      1.13818680
22.81          -0.72067713    -21.28774279      1.13965303
22.82          -0.71991367    -21.28773902      1.14111466
22.83          -0.71915033    -21.28773525      1.14257117
22.84          -0.71838745    -21.28773150      1.14402202
22.85          -0.71762536    -21.28772775      1.14546668
22.86          -0.71686441    -21.28772400      1.14690464
22.87          -0.71610493    -21.28772026      1.14833537
22.88          -0.71534726    -21.28771653      1.14975835
22.89          -0.71459173    -21.28771279      1.15117306
22.90          -0.71383868    -21.28770907      1.15257899
22.91          -0.71308845    -21.28770534      1.15397563
22.92          -0.71234136    -21.28770162      1.15536248
22.93          -0.71159775    -21.28769790      1.15673903
22.94          -0.71085795    -21.28769419      1.15810479
22.95          -0.71012229    -21.28769047      1.15945926
22.96          -0.70939108    -21.28768676      1.16080197
22.97          -0.70866467    -21.28768305      1.16213242
22.98          -0.70794336    -21.28767934      1.16345014
22.99          -0.70722748    -21.28767562      1.16475466
23.00          -0.70651734    -21.28767191      1.16604551
23.01          -0.70581326    -21.28766820      1.16732223
23.02          -0.70511556    -21.28766449      1.16858437
23.03          -0.70442454    -21.28766078      1.16983148
23.04          -0.70374050    -21.28765706      1.17106311
23.05          -0.70306376    -21.28765335      1.17227884
23.06          -0.70239461    -21.28764963      1.17347824
23.07          -0.70173334    -21.28764591      1.17466088
23.08          -0.70108026    -21.28764218      1.17582635
23.09          -0.70043564    -21.28763845      1.17697424
23.10          -0.69979978    -21.28763472      1.17810417
23.11          -0.69917296    -21.28763099      1.17921573
23.12          -0.69855546    -21.28762725      1.18030854
23.13          -0.69794754    -21.28762351      1.18138223
23.14          -0.69734948    -21.28761976      1.18243644
23.15          -0.69676155    -21.28761600      1.18347080
23.16          -0.69618399    -21.28761225      1.18448497
23.17          -0.69561708    -21.28760848      1.18547860
23.18          -0.69506106    -21.28760471      1.18645137
23.19          -0.69451618    -21.28760093      1.18740295
23.20          -0.69398268    -21.28759715      1.18833302
23.21          -0.69346079    -21.28759336      1.18924130
23.22          -0.69295074    -21.28758956      1.19012747
23.23          -0.69245277    -21.28758576      1.19099127
23.24          -0.69196710    -21.28758195      1.19183240
23.25          -0.69149393    -21.28757813      1.19265061
23.26          -0.69103348    -21.28757430      1.19344565
23.27          -0.69058594    -21.28757046      1.19421726
23.28          -0.69015153    -21.28756662      1.19496522
23.29          -0.68973044    -21.28756276      1.19568930
23.30          -0.68932284    -21.28755890      1.19638928
23.31          -0.68892891    -21.28755503      1.19706497
23.32          -0.68854885    -21.28755115      1.19771617
23.33          -0.68818280    -21.28754726      1.19834270
23.34          -0.68783094    -21.28754336      1.19894438
23.35          -0.68749342    -21.28753945      1.19952107
23.36          -0.68717039    -21.28753553      1.20007261
23.37          -0.68686199    -21.28753160      1.20059886
23.38          -0.68656835    -21.28752766      1.20109970
23.39          -0.68628962    -21.28752371      1.20157501
23.40          -0.68602591    -21.28751975      1.20202469
23.41          -0.68577734    -21.28751578      1.20244863
23.42          -0.68554402    -21.28751180      1.20284678
23.43          -0.68532604    -21.28750781      1.20321904
23.44          -0.68512352    -21.28750380      1.20356537
23.45          -0.68493654    -21.28749979      1.20388571
23.46          -0.68476517    -21.28749576      1.20418003
23.47          -0.68460951    -21.28749173      1.20444830
23.48          -0.68446960    -21.28748768      1.20469052
23.49          -0.68434553    -21.28748363      1.20490668
23.50          -0.68423734    -21.28747956      1.20509679
23.51          -0.68414507    -21.28747548      1.20526086
23.52          -0.68406878    -21.28747139      1.20539895
23.53          -0.68400849    -21.28746729      1.20551108
23.54          -0.68396423    -21.28746318      1.20559731
23.55          -0.68393603    -21.28745905      1.20565772
23.56          -0.68392388    -21.28745492      1.20569238
23.57          -0.68392780    -21.28745077      1.20570137
23.58          -0.68394779    -21.28744662      1.20568481
23.59          -0.68398384    -21.28744245      1.20564280
23.60          -0.68403593    -21.28743827      1.20557546
23.61          -0.68410403    -21.28743409      1.20548294
23.62          -0.68418812    -21.28742989      1.20536538
23.63          -0.68428817    -21.28742568      1.20522293
23.64          -0.68440411    -21.28742146      1.20505576
23.65          -0.68453592    -21.28741723      1.20486405
23.66          -0.68468351    -21.28741299      1.20464800
23.67          -0.68484684    -21.28740875      1.20440780
23.68          -0.68502583    -21.28740449      1.20414366
23.69          -0.68522039    -21.28740022      1.20385580
23.70          -0.68543045    -21.28739594      1.20354447
23.71          -0.68565590    -21.28739166      1.20320989
23.72          -0.68589666    -21.28738736      1.20285232
23.73          -0.68615260    -21.28738306      1.20247203
23.74          -0.68642363    -21.28737874      1.20206929
23.75          -0.68670961    -21.28737442      1.20164438
23.76          -0.68701043    -21.28737009      1.20119760
23.77          -0.68732595    -21.28736575      1.20072924
23.78          -0.68765602    -21.28736140      1.20023961
23.79          -0.68800051    -21.28735705      1.19972905
23.80          -0.68835925    -21.28735269      1.19919788
23.81          -0.68873210    -21.28734832      1.19864644
23.82          -0.68911889    -21.28734394      1.19807508
23.83          -0.68951944    -21.28733956      1.19748415
23.84          -0.68993357    -21.28733517      1.19687402
23.85          -0.69036111    -21.28733078      1.19624508
23.86          -0.69080187    -21.28732638      1.19559769
23.87          -0.69125565    -21.28732197      1.19493225
23.88          -0.69172224    -21.28731756      1.19424916
23.89          -0.69220145    -21.28731314      1.19354882
23.90          -0.69269305    -21.28730872      1.19283166
23.91          -0.69319684    -21.28730429      1.19209809
23.92          -0.69371259    -21.28729986      1.19134854
23.93          -0.69424006    -21.28729542      1.19058345
23.94          -0.69477904    -21.28729098      1.18980326
23.95          -0.69532928    -21.28728654      1.18900841
23.96          -0.69589053    -21.28728209      1.18819938
23.97          -0.69646254    -21.28727764      1.18737661
23.98          -0.69704507    -21.28727319      1.18654058
23.99          -0.69763786    -21.28726874      1.18569176
24.00          -0.69824064    -21.28726428      1.18483064
24.01          -0.69885315    -21.28725982      1.18395769
24.02          -0.69947511    -21.28725536      1.18307340
24.03          -0.70010626    -21.28725090      1.18217828
24.04          -0.70074630    -21.28724644      1.18127283
24.05          -0.70139496    -21.28724198      1.18035754
24.06          -0.70205196    -21.28723752      1.17943293
24.07          -0.70271700    -21.28723306      1.17849951
24.08          -0.70338978    -21.28722860      1.17755780
24.09          -0.70407001    -21.28722414      1.17660832
24.10          -0.70475739    -21.28721968      1.17565159
24.11          -0.70545161    -21.28721523      1.17468815
24.12          -0.70615237    -21.28721077      1.17371852
24.13          -0.70685935    -21.28720632      1.17274323
24.14          -0.70757225    -21.28720187      1.17176283
24.15          -0.70829075    -21.28719742      1.17077785
24.16          -0.70901453    -21.28719298      1.16978882
24.17          -0.70974327    -21.28718854      1.16879630
24.18          -0.71047665    -21.28718410      1.16780083
24.19          -0.71121434    -21.28717967      1.16680294
24.20          -0.71195602    -21.28717524      1.16580320
24.21          -0.71270136    -21.28717082      1.16480213
24.22          -0.71345003    -21.28716640      1.16380030
24.23          -0.71420170    -21.28716198      1.16279825
24.24          -0.71495604    -21.28715758      1.16179652
24.25          -0.71571271    -21.28715317      1.16079567
24.26          -0.71647138    -21.28714878      1.15979624
24.27          -0.71723171    -21.28714439      1.15879878
24.28          -0.71799337    -21.28714001      1.15780383
24.29          -0.71875602    -21.28713563      1.15681195
24.30          -0.71951932    -21.28713127      1.15582367
24.31          -0.72028294    -21.28712691      1.15483953
24.32          -0.72104654    -21.28712255      1.15386008
24.33          -0.72180977    -21.28711821      1.15288585
24.34          -0.72257231    -21.28711388      1.15191739
24.35          -0.72333382    -21.28710955      1.15095521
24.36          -0.72409396    -21.28710523      1.14999987
24.37          -0.72485239    -21.28710093      1.14905187
24.38          -0.72560877    -21.28709663      1.14811175
24.39          -0.72636278    -21.28709234      1.14718003
24.40          -0.72711408    -21.28708806      1.14625723
24.41          -0.72786234    -21.28708380      1.14534385
24.42          -0.72860723    -21.28707954      1.14444041
24.43          -0.72934841    -21.28707529      1.14354742
24.44          -0.73008557    -21.28707106      1.14266538
24.45          -0.73081837    -21.28706684      1.14179477
24.46          -0.73154649    -21.28706263      1.14093610
24.47          -0.73226960    -21.28705843      1.14008984
24.48          -0.73298740    -21.28705424      1.13925649
24.49          -0.73369956    -21.28705007      1.13843650
24.50          -0.73440577    -21.28704590      1.13763036
24.51          -0.73510571    -21.28704175      1.13683853
24.52          -0.73579908    -21.28703762      1.13606145
24.53          -0.73648556    -21.28703350      1.13529959
24.54          -0.73716486    -21.28702939      1.13455339
24.55          -0.73783668    -21.28702529      1.13382328
24.56          -0.73850071    -21.28702121      1.13310969
24.57          -0.73915667    -21.28701714      1.13241305
24.58          -0.73980426    -21.28701309      1.13173378
24.59          -0.74044321    -21.28700905      1.13107227
24.60          -0.74107321    -21.28700502      1.13042893
24.61          -0.74169401    -21.28700101      1.12980416
24.62          -0.74230531    -21.28699702      1.12919833
24.63          -0.74290686    -21.28699304      1.12861183
24.64          -0.74349839    -21.28698907      1.12804502
24.65          -0.74407963    -21.28698512      1.12749825
24.66          -0.74465032    -21.28698119      1.12697189
24.67          -0.74521023    -21.28697727      1.12646627
24.68          -0.74575909    -21.28697337      1.12598173
24.69          -0.74629666    -21.28696949      1.12551858
24.70          -0.74682271    -21.28696562      1.12507715
24.71          -0.74733701    -21.28696176      1.12465773
24.72          -0.74783932    -21.28695793      1.12426063
24.73          -0.74832943    -21.28695411      1.12388613
24.74          -0.74880711    -21.28695030      1.12353450
24.75          -0.74927217    -21.28694652      1.12320601
24.76          -0.74972438    -21.28694275      1.12290092
24.77          -0.75016355    -21.28693900      1.12261947
24.78          -0.75058949    -21.28693526      1.12236190
24.79          -0.75100200    -21.28693154      1.12212843
24.80          -0.75140091    -21.28692784      1.12191928
24.81          -0.75178604    -21.28692416      1.12173465
24.82          -0.75215721    -21.28692049      1.12157474
24.83          -0.75251427    -21.28691685      1.12143973
24.84          -0.75285705    -21.28691322      1.12132978
24.85          -0.75318540    -21.28690960      1.12124508
24.86          -0.75349918    -21.28690601      1.12118575
24.87          -0.75379825    -21.28690243      1.12115195
24.88          -0.75408247    -21.28689888      1.12114380
24.89          -0.75435172    -21.28689534      1.12116142
24.90          -0.75460588    -21.28689181      1.12120491
24.91          -0.75484484    -21.28688831      1.12127437
24.92          -0.75506848    -21.28688483      1.12136989
24.93          -0.75527672    -21.28688136      1.12149154
24.94          -0.75546945    -21.28687791      1.12163937
24.95          -0.75564660    -21.28687448      1.12181344
24.96          -0.75580808    -21.28687107      1.12201379
24.97          -0.75595382    -21.28686768      1.12224044
24.98          -0.75608376    -21.28686431      1.12249341
24.99          -0.75619783    -21.28686095      1.12277271
25.00          -0.75629599    -21.28685762      1.12307833
25.01          -0.75637819    -21.28685430      1.12341025
25.02          -0.75644440    -21.28685100      1.12376844
25.03          -0.75649458    -21.28684772      1.12415286
25.04          -0.75652871    -21.28684446      1.12456346
25.05          -0.75654678    -21.28684122      1.12500017
25.06          -0.75654878    -21.28683800      1.12546293
25.07          -0.75653470    -21.28683479      1.12595164
25.08          -0.75650455    -21.28683161      1.12646621
25.09          -0.75645834    -21.28682844      1.12700654
25.10          -0.75639610    -21.28682529      1.12757249
25.11          -0.75631784    -21.28682217      1.12816394
25.12          -0.75622360    -21.28681906      1.12878076
25.13          -0.75611343    -21.28681597      1.12942278
25.14          -0.75598737    -21.28681290      1.13008985
25.15          -0.75584547    -21.28680984      1.13078180
25.16          -0.75568780    -21.28680681      1.13149843
25.17          -0.75551442    -21.28680379      1.13223955
25.18          -0.75532541    -21.28680080      1.13300496
25.19          -0.75512086    -21.28679782      1.13379445
25.20          -0.75490084    -21.28679486      1.13460778
25.21          -0.75466547    -21.28679192      1.13544472
25.22          -0.75441483    -21.28678900      1.13630502
25.23          -0.75414905    -21.28678610      1.13718843
25.24          -0.75386823    -21.28678322      1.13809468
25.25          -0.75357249    -21.28678035      1.13902349
25.26          -0.75326198    -21.28677751      1.13997458
25.27          -0.75293682    -21.28677468      1.14094766
25.28          -0.75259715    -21.28677187      1.14194241
25.29          -0.75224314    -21.28676908      1.14295853
25.30          -0.75187492    -21.28676631      1.14399568
25.31          -0.75149266    -21.28676355      1.14505355
25.32          -0.75109653    -21.28676082      1.14613178
25.33          -0.75068670    -21.28675810      1.14723003
25.34          -0.75026336    -21.28675540      1.14834794
25.35          -0.74982668    -21.28675272      1.14948514
25.36          -0.74937686    -21.28675005      1.15064126
25.37          -0.74891410    -21.28674741      1.15181592
25.38          -0.74843860    -21.28674478      1.15300872
25.39          -0.74795056    -21.28674217      1.15421926
25.40          -0.74745021    -21.28673957      1.15544714
25.41          -0.74693776    -21.28673700      1.15669195
25.42          -0.74641344    -21.28673444      1.15795326
25.43          -0.74587747    -21.28673190      1.15923065
25.44          -0.74533010    -21.28672937      1.16052369
25.45          -0.74477156    -21.28672686      1.16183192
25.46          -0.74420209    -21.28672437      1.16315491
25.47          -0.74362196    -21.28672190      1.16449220
25.48          -0.74303141    -21.28671944      1.16584333
25.49          -0.74243070    -21.28671700      1.16720784
25.50          -0.74182009    -21.28671458      1.16858525
25.51          -0.74119986    -21.28671217      1.16997508
25.52          -0.74057028    -21.28670978      1.17137686
25.53          -0.73993162    -21.28670740      1.17279010
25.54          -0.73928416    -21.28670504      1.17421431
25.55          -0.73862820    -21.28670270      1.17564899
25.56          -0.73796401    -21.28670037      1.17709364
25.57          -0.73729189    -21.28669805      1.17854775
25.58          -0.73661213    -21.28669575      1.18001082
25.59          -0.73592504    -21.28669347      1.18148234
25.60          -0.73523092    -21.28669120      1.18296178
25.61          -0.73453006    -21.28668895      1.18444864
25.62          -0.73382278    -21.28668671      1.18594238
25.63          -0.73310940    -21.28668448      1.18744249
25.64          -0.73239021    -21.28668227      1.18894843
25.65          -0.73166555    -21.28668007      1.19045969
25.66          -0.73093573    -21.28667789      1.19197571
25.67          -0.73020106    -21.28667572      1.19349599
25.68          -0.72946188    -21.28667356      1.19501996
25.69          -0.72871850    -21.28667142      1.19654711
25.70          -0.72797127    -21.28666929      1.19807690
25.71          -0.72722049    -21.28666717      1.19960878
25.72          -0.72646651    -21.28666506      1.20114221
25.73          -0.72570965    -21.28666297      1.20267667
25.74          -0.72495026    -21.28666089      1.20421160
25.75          -0.72418865    -21.28665882      1.20574647
25.76          -0.72342518    -21.28665676      1.20728074
25.77          -0.72266017    -21.28665472      1.20881387
25.78          -0.72189396    -21.28665268      1.21034532
25.79          -0.72112689    -21.28665066      1.21187456
25.80          -0.72035929    -21.28664865      1.21340105
25.81          -0.71959151    -21.28664665      1.21492426
25.82          -0.71882388    -21.28664465      1.21644365
25.83          -0.71805673    -21.28664267      1.21795870
25.84          -0.71729042    -21.28664070      1.21946887
25.85          -0.71652527    -21.28663874      1.22097364
25.86          -0.71576162    -21.28663679      1.22247250
25.87          -0.71499981    -21.28663485      1.22396491
25.88          -0.71424017    -21.28663291      1.22545036
25.89          -0.71348304    -21.28663099      1.22692834
25.90          -0.71272875    -21.28662907      1.22839833
25.91          -0.71197763    -21.28662716      1.22985984
25.92          -0.71123002    -21.28662526      1.23131236
25.93          -0.71048624    -21.28662337      1.23275539
25.94          -0.70974662    -21.28662149      1.23418844
25.95          -0.70901148    -21.28661961      1.23561102
25.96          -0.70828116    -21.28661774      1.23702264
25.97          -0.70755597    -21.28661588      1.23842284
25.98          -0.70683622    -21.28661402      1.23981112
25.99          -0.70612225    -21.28661218      1.24118704
26.00          -0.70541436    -21.28661033      1.24255012
26.01          -0.70471286    -21.28660850      1.24389992
26.02          -0.70401807    -21.28660666      1.24523597
26.03          -0.70333028    -21.28660484      1.24655784
26.04          -0.70264981    -21.28660302      1.24786510
26.05          -0.70197694    -21.28660120      1.24915730
26.06          -0.70131199    -21.28659939      1.25043404
26.07          -0.70065524    -21.28659759      1.25169488
26.08          -0.70000698    -21.28659579      1.25293944
26.09          -0.69936749    -21.28659399      1.25416729
26.10          -0.69873706    -21.28659220      1.25537806
26.11          -0.69811597    -21.28659041      1.25657136
26.12          -0.69750449    -21.28658863      1.25774680
26.13          -0.69690288    -21.28658684      1.25890403
26.14          -0.69631142    -21.28658507      1.26004267
26.15          -0.69573036    -21.28658329      1.26116238
26.16          -0.69515997    -21.28658152      1.26226282
26.17          -0.69460048    -21.28657975      1.26334365
26.18          -0.69405215    -21.28657798      1.26440455
26.19          -0.69351522    -21.28657622      1.26544520
26.20          -0.69298993    -21.28657445      1.26646529
26.21          -0.69247651    -21.28657269      1.26746453
26.22          -0.69197518    -21.28657093      1.26844262
26.23          -0.69148616    -21.28656918      1.26939930
26.24          -0.69100967    -21.28656742      1.27033429
26.25          -0.69054593    -21.28656567      1.27124733
26.26          -0.69009513    -21.28656391      1.27213819
26.27          -0.68965747    -21.28656216      1.27300661
26.28          -0.68923314    -21.28656041      1.27385237
26.29          -0.68882234    -21.28655866      1.27467525
26.30          -0.68842525    -21.28655691      1.27547506
26.31          -0.68804203    -21.28655516      1.27625158
26.32          -0.68767286    -21.28655341      1.27700464
26.33          -0.68731790    -21.28655166      1.27773406
26.34          -0.68697731    -21.28654991      1.27843968
26.35          -0.68665123    -21.28654816      1.27912135
26.36          -0.68633981    -21.28654641      1.27977892
26.37          -0.68604319    -21.28654466      1.28041226
26.38          -0.68576150    -21.28654291      1.28102125
26.39          -0.68549487    -21.28654115      1.28160579
26.40          -0.68524340    -21.28653940      1.28216577
26.41          -0.68500721    -21.28653765      1.28270112
26.42          -0.68478641    -21.28653590      1.28321175
26.43          -0.68458108    -21.28653414      1.28369760
26.44          -0.68439133    -21.28653239      1.28415863
26.45          -0.68421724    -21.28653063      1.28459478
26.46          -0.68405888    -21.28652888      1.28500604
26.47          -0.68391632    -21.28652712      1.28539238
26.48          -0.68378963    -21.28652536      1.28575379
26.49          -0.68367885    -21.28652360      1.28609029
26.50          -0.68358405    -21.28652184      1.28640189
26.51          -0.68350526    -21.28652008      1.28668861
26.52          -0.68344251    -21.28651832      1.28695050
26.53          -0.68339584    -21.28651656      1.28718760
26.54          -0.68336526    -21.28651479      1.28739998
26.55          -0.68335079    -21.28651303      1.28758772
26.56          -0.68335243    -21.28651126      1.28775089
26.57          -0.68337018    -21.28650949      1.28788960
26.58          -0.68340404    -21.28650773      1.28800394
26.59          -0.68345399    -21.28650596      1.28809404
26.60          -0.68352001    -21.28650419      1.28816004
26.61          -0.68360206    -21.28650242      1.28820206
26.62          -0.68370012    -21.28650064      1.28822026
26.63          -0.68381414    -21.28649887      1.28821481
26.64          -0.68394406    -21.28649710      1.28818587
26.65          -0.68408984    -21.28649532      1.28813364
26.66          -0.68425141    -21.28649355      1.28805830
26.67          -0.68442869    -21.28649177      1.28796007
26.68          -0.68462160    -21.28649000      1.28783915
26.69          -0.68483007    -21.28648822      1.28769578
26.70          -0.68505400    -21.28648644      1.28753020
26.71          -0.68529330    -21.28648467      1.28734264
26.72          -0.68554785    -21.28648289      1.28713338
26.73          -0.68581754    -21.28648111      1.28690267
26.74          -0.68610226    -21.28647934      1.28665079
26.75          -0.68640187    -21.28647756      1.28637803
26.76          -0.68671626    -21.28647578      1.28608469
26.77          -0.68704527    -21.28647401      1.28577107
26.78          -0.68738877    -21.28647223      1.28543750
26.79          -0.68774660    -21.28647046      1.28508429
26.80          -0.68811860    -21.28646869      1.28471177
26.81          -0.68850462    -21.28646691      1.28432030
26.82          -0.68890447    -21.28646514      1.28391022
26.83          -0.68931799    -21.28646337      1.28348190
26.84          -0.68974500    -21.28646160      1.28303570
26.85          -0.69018529    -21.28645984      1.28257200
26.86          -0.69063869    -21.28645807      1.28209119
26.87          -0.69110498    -21.28645631      1.28159366
26.88          -0.69158397    -21.28645455      1.28107980
26.89          -0.69207544    -21.28645279      1.28055004
26.90          -0.69257918    -21.28645103      1.28000479
26.91          -0.69309497    -21.28644928      1.27944446
26.92          -0.69362257    -21.28644753      1.27886950
26.93          -0.69416176    -21.28644578      1.27828033
26.94          -0.69471229    -21.28644403      1.27767741
26.95          -0.69527393    -21.28644229      1.27706118
26.96          -0.69584643    -21.28644055      1.27643210
26.97          -0.69642953    -21.28643882      1.27579063
26.98          -0.69702298    -21.28643709      1.27513725
26.99          -0.69762652    -21.28643536      1.27447242
27.00          -0.69823988    -21.28643364      1.27379664
27.01          -0.69886279    -21.28643192      1.27311037
27.02          -0.69949497    -21.28643021      1.27241412
27.03          -0.70013616    -21.28642850      1.27170838
27.04          -0.70078606    -21.28642679      1.27099364
27.05          -0.70144439    -21.28642509      1.27027042
27.06          -0.70211086    -21.28642340      1.26953922
27.07          -0.70278517    -21.28642171      1.26880055
27.08          -0.70346704    -21.28642003      1.26805494
27.09          -0.70415615    -21.28641835      1.26730289
27.10          -0.70485221    -21.28641668      1.26654493
27.11          -0.70555491    -21.28641502      1.26578159
27.12          -0.70626394    -21.28641336      1.26501340
27.13          -0.70697899    -21.28641171      1.26424088
27.14          -0.70769973    -21.28641007      1.26346458
27.15          -0.70842587    -21.28640843      1.26268502
27.16          -0.70915707    -21.28640680      1.26190274
27.17          -0.70989301    -21.28640518      1.26111829
27.18          -0.71063337    -21.28640356      1.26033220
27.19          -0.71137783    -21.28640195      1.25954501
27.20          -0.71212605    -21.28640036      1.25875727
27.21          -0.71287771    -21.28639876      1.25796952
27.22          -0.71363248    -21.28639718      1.25718230
27.23          -0.71439002    -21.28639561      1.25639616
27.24          -0.71515000    -21.28639404      1.25561164
27.25          -0.71591208    -21.28639249      1.25482928
27.26          -0.71667594    -21.28639094      1.25404962
27.27          -0.71744123    -21.28638940      1.25327322
27.28          -0.71820762    -21.28638787      1.25250060
27.29          -0.71897477    -21.28638636      1.25173230
27.30          -0.71974234    -21.28638485      1.25096888
27.31          -0.72051000    -21.28638335      1.25021085
27.32          -0.72127741    -21.28638186      1.24945876
27.33          -0.72204422    -21.28638038      1.24871314
27.34          -0.72281011    -21.28637891      1.24797451
27.35          -0.72357474    -21.28637746      1.24724341
27.36          -0.72433776    -21.28637601      1.24652036
27.37          -0.72509885    -21.28637457      1.24580588
27.38          -0.72585766    -21.28637315      1.24510048
27.39          -0.72661387    -21.28637174      1.24440468
27.40          -0.72736715    -21.28637034      1.24371900
27.41          -0.72811715    -21.28636895      1.24304393
27.42          -0.72886356    -21.28636757      1.24237998
27.43          -0.72960604    -21.28636620      1.24172765
27.44          -0.73034427    -21.28636485      1.24108743
27.45          -0.73107792    -21.28636351      1.24045980
27.46          -0.73180666    -21.28636218      1.23984525
27.47          -0.73253019    -21.28636086      1.23924426
27.48          -0.73324818    -21.28635956      1.23865730
27.49          -0.73396031    -21.28635826      1.23808483
27.50          -0.73466628    -21.28635699      1.23752731
27.51          -0.73536577    -21.28635572      1.23698521
27.52          -0.73605847    -21.28635447      1.23645895
27.53          -0.73674408    -21.28635323      1.23594900
27.54          -0.73742230    -21.28635200      1.23545577
27.55          -0.73809283    -21.28635079      1.23497970
27.56          -0.73875538    -21.28634959      1.23452121
27.57          -0.73940965    -21.28634841      1.23408071
27.58          -0.74005536    -21.28634724      1.23365860
27.59          -0.74069222    -21.28634608      1.23325529
27.60          -0.74131996    -21.28634494      1.23287116
27.61          -0.74193829    -21.28634382      1.23250659
27.62          -0.74254695    -21.28634270      1.23216196
27.63          -0.74314567    -21.28634160      1.23183764
27.64          -0.74373418    -21.28634052      1.23153397
27.65          -0.74431223    -21.28633945      1.23125132
27.66          -0.74487956    -21.28633840      1.23099001
27.67          -0.74543593    -21.28633736      1.23075038
27.68          -0.74598109    -21.28633633      1.23053275
27.69          -0.74651479    -21.28633532      1.23033743
27.70          -0.74703681    -21.28633433      1.23016472
27.71          -0.74754692    -21.28633335      1.23001492
27.72          -0.74804489    -21.28633239      1.22988831
27.73          -0.74853051    -21.28633144      1.22978517
27.74          -0.74900355    -21.28633051      1.22970575
27.75          -0.74946382    -21.28632959      1.22965032
27.76          -0.74991111    -21.28632869      1.22961911
27.77          -0.75034522    -21.28632781      1.22961237
27.78          -0.75076596    -21.28632694      1.22963030
27.79          -0.75117316    -21.28632609      1.22967313
27.80          -0.75156663    -21.28632526      1.22974106
27.81          -0.75194619    -21.28632444      1.22983428
27.82          -0.75231169    -21.28632363      1.22995298
27.83          -0.75266296    -21.28632285      1.23009731
27.84          -0.75299984    -21.28632208      1.23026745
27.85          -0.75332219    -21.28632132      1.23046353
27.86          -0.75362988    -21.28632059      1.23068571
27.87          -0.75392275    -21.28631987      1.23093410
27.88          -0.75420069    -21.28631917      1.23120882
27.89          -0.75446357    -21.28631848      1.23150997
27.90          -0.75471129    -21.28631781      1.23183765
27.91          -0.75494372    -21.28631716      1.23219195
27.92          -0.75516076    -21.28631652      1.23257293
27.93          -0.75536234    -21.28631591      1.23298065
27.94          -0.75554834    -21.28631531      1.23341516
27.95          -0.75571870    -21.28631472      1.23387649
27.96          -0.75587334    -21.28631416      1.23436469
27.97          -0.75601219    -21.28631361      1.23487975
27.98          -0.75613519    -21.28631308      1.23542168
27.99          -0.75624229    -21.28631257      1.23599047
28.00          -0.75633343    -21.28631207      1.23658611
28.01          -0.75640859    -21.28631160      1.23720856
28.02          -0.75646773    -21.28631114      1.23785778
28.03          -0.75651082    -21.28631069      1.23853371
28.04          -0.75653785    -21.28631027      1.23923630
28.05          -0.75654879    -21.28630986      1.23996547
28.06          -0.75654366    -21.28630948      1.24072112
28.07          -0.75652245    -21.28630911      1.24150317
28.08          -0.75648517    -21.28630875      1.24231150
28.09          -0.75643184    -21.28630842      1.24314598
28.10          -0.75636248    -21.28630811      1.24400650
28.11          -0.75627713    -21.28630781      1.24489290
28.12          -0.75617582    -21.28630753      1.24580504
28.13          -0.75605859    -21.28630727      1.24674274
28.14          -0.75592551    -21.28630702      1.24770584
28.15          -0.75577662    -21.28630680      1.24869414
28.16          -0.75561200    -21.28630659      1.24970745
28.17          -0.75543171    -21.28630641      1.25074557
28.18          -0.75523584    -21.28630624      1.25180828
28.19          -0.75502448    -21.28630609      1.25289534
28.20          -0.75479771    -21.28630595      1.25400652
28.21          -0.75455564    -21.28630584      1.25514158
28.22          -0.75429838    -21.28630574      1.25630024
28.23          -0.75402603    -21.28630567      1.25748226
28.24          -0.75373872    -21.28630561      1.25868734
28.25          -0.75343658    -21.28630557      1.25991520
28.26          -0.75311974    -21.28630555      1.26116554
28.27          -0.75278834    -21.28630554      1.26243806
28.28          -0.75244253    -21.28630556      1.26373244
28.29          -0.75208245    -21.28630559      1.26504835
28.30          -0.75170828    -21.28630564      1.26638546
28.31          -0.75132016    -21.28630571      1.26774343
28.32          -0.75091828    -21.28630580      1.26912191
28.33          -0.75050282    -21.28630591      1.27052053
28.34          -0.75007395    -21.28630603      1.27193892
28.35          -0.74963186    -21.28630618      1.27337671
28.36          -0.74917675    -21.28630634      1.27483352
28.37          -0.74870883    -21.28630652      1.27630894
28.38          -0.74822829    -21.28630672      1.27780259
28.39          -0.74773535    -21.28630694      1.27931404
28.40          -0.74723023    -21.28630717      1.28084289
28.41          -0.74671316    -21.28630742      1.28238871
28.42          -0.74618434    -21.28630769      1.28395108
28.43          -0.74564404    -21.28630798      1.28552954
28.44          -0.74509247    -21.28630829      1.28712367
28.45          -0.74452988    -21.28630861      1.28873300
28.46          -0.74395653    -21.28630895      1.29035709
28.47          -0.74337266    -21.28630931      1.29199547
28.48          -0.74277854    -21.28630969      1.29364767
28.49          -0.74217442    -21.28631008      1.29531322
28.50          -0.74156057    -21.28631050      1.29699164
28.51          -0.74093727    -21.28631093      1.29868244
28.52          -0.74030478    -21.28631137      1.30038514
28.53          -0.73966339    -21.28631183      1.30209923
28.54          -0.73901338    -21.28631231      1.30382423
28.55          -0.73835503    -21.28631281      1.30555962
28.56          -0.73768864    -21.28631333      1.30730490
28.57          -0.73701451    -21.28631386      1.30905955
28.58          -0.73633292    -21.28631440      1.31082306
28.59          -0.73564418    -21.28631497      1.31259492
28.60          -0.73494859    -21.28631554      1.31437459
28.61          -0.73424647    -21.28631614      1.31616155
28.62          -0.73353811    -21.28631675      1.31795528
28.63          -0.73282384    -21.28631738      1.31975524
28.64          -0.73210396    -21.28631802      1.32156091
28.65          -0.73137880    -21.28631868      1.32337173
28.66          -0.73064868    -21.28631935      1.32518719
28.67          -0.72991391    -21.28632004      1.32700673
28.68          -0.72917482    -21.28632074      1.32882982
28.69          -0.72843175    -21.28632146      1.33065592
28.70          -0.72768501    -21.28632219      1.33248448
28.71          -0.72693493    -21.28632294      1.33431496
28.72          -0.72618185    -21.28632370      1.33614682
28.73          -0.72542610    -21.28632448      1.33797951
28.74          -0.72466801    -21.28632527      1.33981249
28.75          -0.72390792    -21.28632607      1.34164522
28.76          -0.72314616    -21.28632688      1.34347714
28.77          -0.72238307    -21.28632771      1.34530773
28.78          -0.72161898    -21.28632856      1.34713643
28.79          -0.72085424    -21.28632941      1.34896271
28.80          -0.72008918    -21.28633028      1.35078603
28.81          -0.71932413    -21.28633116      1.35260585
28.82          -0.71855944    -21.28633205      1.35442163
28.83          -0.71779544    -21.28633295      1.35623285
28.84          -0.71703248    -21.28633387      1.35803897
28.85          -0.71627088    -21.28633480      1.35983946
28.86          -0.71551098    -21.28633573      1.36163380
28.87          -0.71475312    -21.28633668      1.36342147
28.88          -0.71399763    -21.28633764      1.36520194
28.89          -0.71324485    -21.28633861      1.36697470
28.90          -0.71249511    -21.28633959      1.36873924
28.91          -0.71174874    -21.28634058      1.37049506
28.92          -0.71100606    -21.28634158      1.37224164
28.93          -0.71026741    -21.28634259      1.37397849
28.94          -0.70953312    -21.28634361      1.37570511
28.95          -0.70880350    -21.28634464      1.37742102
28.96          -0.70807888    -21.28634568      1.37912573
28.97          -0.70735958    -21.28634672      1.38081876
28.98          -0.70664592    -21.28634778      1.38249964
28.99          -0.70593821    -21.28634884      1.38416790
29.00          -0.70523676    -21.28634991      1.38582308
29.01          -0.70454188    -21.28635098      1.38746472
29.02          -0.70385389    -21.28635207      1.38909237
29.03          -0.70317308    -21.28635316      1.39070558
29.04          -0.70249975    -21.28635426      1.39230394
29.05          -0.70183420    -21.28635536      1.39388699
29.06          -0.70117673    -21.28635647      1.39545433
29.07          -0.70052763    -21.28635759      1.39700553
29.08          -0.69988718    -21.28635871      1.39854020
29.09          -0.69925566    -21.28635984      1.40005792
29.10          -0.69863336    -21.28636097      1.40155831
29.11          -0.69802054    -21.28636211      1.40304098
29.12          -0.69741748    -21.28636325      1.40450556
29.13          -0.69682445    -21.28636440      1.40595168
29.14          -0.69624171    -21.28636555      1.40737898
29.15          -0.69566951    -21.28636670      1.40878711
29.16          -0.69510810    -21.28636786      1.41017573
29.17          -0.69455774    -21.28636902      1.41154451
29.18          -0.69401867    -21.28637019      1.41289313
29.19          -0.69349113    -21.28637136      1.41422126
29.20          -0.69297534    -21.28637253      1.41552861
29.21          -0.69247154    -21.28637370      1.41681488
29.22          -0.69197994    -21.28637488      1.41807978
29.23          -0.69150077    -21.28637606      1.41932305
29.24          -0.69103424    -21.28637724      1.42054441
29.25          -0.69058055    -21.28637842      1.42174360
29.26          -0.69013991    -21.28637960      1.42292039
29.27          -0.68971250    -21.28638079      1.42407454
29.28          -0.68929852    -21.28638197      1.42520583
29.29          -0.68889814    -21.28638316      1.42631403
29.30          -0.68851155    -21.28638435      1.42739894
29.31          -0.68813892    -21.28638554      1.42846038
29.32          -0.68778041    -21.28638673      1.42949816
29.33          -0.68743618    -21.28638792      1.43051211
29.34          -0.68710638    -21.28638911      1.43150206
29.35          -0.68679115    -21.28639030      1.43246787
29.36          -0.68649064    -21.28639148      1.43340940
29.37          -0.68620498    -21.28639267      1.43432653
29.38          -0.68593429    -21.28639386      1.43521913
29.39          -0.68567869    -21.28639505      1.43608710
29.40          -0.68543830    -21.28639624      1.43693034
29.41          -0.68521322    -21.28639742      1.43774879
29.42          -0.68500355    -21.28639861      1.43854235
29.43          -0.68480939    -21.28639979      1.43931098
29.44          -0.68463081    -21.28640097      1.44005462
29.45          -0.68446791    -21.28640215      1.44077324
29.46          -0.68432074    -21.28640333      1.44146681
29.47          -0.68418937    -21.28640451      1.44213531
29.48          -0.68407387    -21.28640568      1.44277876
29.49          -0.68397428    -21.28640686      1.44339714
29.50          -0.68389065    -21.28640803      1.44399049
29.51          -0.68382301    -21.28640920      1.44455883
29.52          -0.68377139    -21.28641037      1.44510222
29.53          -0.68373582    -21.28641154      1.44562069
29.54          -0.68371631    -21.28641270      1.44611432
29.55          -0.68371287    -21.28641386      1.44658318
29.56          -0.68372550    -21.28641503      1.44702737
29.57          -0.68375420    -21.28641618      1.44744698
29.58          -0.68379895    -21.28641734      1.44784213
29.59          -0.68385972    -21.28641849      1.44821292
29.60          -0.68393651    -21.28641965      1.44855951
29.61          -0.68402926    -21.28642080      1.44888203
29.62          -0.68413795    -21.28642194      1.44918063
29.63          -0.68426251    -21.28642309      1.44945549
29.64          -0.68440290    -21.28642423      1.44970678
29.65          -0.68455906    -21.28642537      1.44993469
29.66          -0.68473091    -21.28642651      1.45013941
29.67          -0.68491837    -21.28642765      1.45032116
29.68          -0.68512137    -21.28642878      1.45048015
29.69          -0.68533982    -21.28642992      1.45061661
29.70          -0.68557362    -21.28643105      1.45073079
29.71          -0.68582266    -21.28643218      1.45082293
29.72          -0.68608683    -21.28643331      1.45089330
29.73          -0.68636603    -21.28643443      1.45094216
29.74          -0.68666011    -21.28643556      1.45096979
29.75          -0.68696896    -21.28643668      1.45097649
29.76          -0.68729244    -21.28643780      1.45096255
29.77          -0.68763040    -21.28643892      1.45092828
29.78          -0.68798270    -21.28644004      1.45087400
29.79          -0.68834917    -21.28644116      1.45080004
29.80          -0.68872966    -21.28644228      1.45070673
29.81          -0.68912400    -21.28644339      1.45059442
29.82          -0.68953202    -21.28644451      1.45046346
29.83          -0.68995352    -21.28644563      1.45031422
29.84          -0.69038834    -21.28644674      1.45014706
29.85          -0.69083626    -21.28644786      1.44996236
29.86          -0.69129711    -21.28644897      1.44976051
29.87          -0.69177066    -21.28645009      1.44954191
29.88          -0.69225672    -21.28645120      1.44930695
29.89          -0.69275507    -21.28645232      1.44905605
29.90          -0.69326548    -21.28645343      1.44878963
29.91          -0.69378774    -21.28645455      1.44850810
29.92          -0.69432161    -21.28645567      1.44821191
29.93          -0.69486685    -21.28645678      1.44790148
29.94          -0.69542323    -21.28645790      1.44757726
29.95          -0.69599049    -21.28645903      1.44723971
29.96          -0.69656839    -21.28646015      1.44688928
29.97          -0.69715668    -21.28646127      1.44652643
29.98          -0.69775508    -21.28646240      1.44615163
29.99          -0.69836334    -21.28646353      1.44576536
30.00          -0.69898119    -21.28646466      1.44536810
30.01          -0.69960836    -21.28646579      1.44496033
30.02          -0.70024456    -21.28646693      1.44454254
30.03          -0.70088952    -21.28646807      1.44411522
30.04          -0.70154295    -21.28646921      1.44367888
30.05          -0.70220457    -21.28647036      1.44323401
30.06          -0.70287407    -21.28647151      1.44278113
30.07          -0.70355117    -21.28647267      1.44232075
30.08          -0.70423556    -21.28647382      1.44185337
30.09          -0.70492695    -21.28647499      1.44137952
30.10          -0.70562502    -21.28647616      1.44089972
30.11          -0.70632947    -21.28647733      1.44041449
30.12          -0.70703999    -21.28647851      1.43992435
30.13          -0.70775627    -21.28647969      1.43942984
30.14          -0.70847798    -21.28648088      1.43893149
30.15          -0.70920481    -21.28648207      1.43842983
30.16          -0.70993643    -21.28648327      1.43792539
30.17          -0.71067253    -21.28648448      1.43741870
30.18          -0.71141277    -21.28648569      1.43691032
30.19          -0.71215684    -21.28648691      1.43640077
30.20          -0.71290440    -21.28648814      1.43589059
30.21          -0.71365513    -21.28648937      1.43538033
30.22          -0.71440868    -21.28649061      1.43487051
30.23          -0.71516473    -21.28649186      1.43436169
30.24          -0.71592294    -21.28649312      1.43385440
30.25          -0.71668298    -21.28649438      1.43334917
30.26          -0.71744452    -21.28649565      1.43284655
30.27          -0.71820721    -21.28649694      1.43234708
30.28          -0.71897072    -21.28649823      1.43185128
30.29          -0.71973472    -21.28649953      1.43135970
30.30          -0.72049885    -21.28650084      1.43087286
30.31          -0.72126280    -21.28650216      1.43039130
30.32          -0.72202621    -21.28650348      1.42991555
30.33          -0.72278876    -21.28650482      1.42944613
30.34          -0.72355010    -21.28650617      1.42898356
30.35          -0.72430990    -21.28650753      1.42852837
30.36          -0.72506782    -21.28650890      1.42808108
30.37          -0.72582354    -21.28651028      1.42764219
30.38          -0.72657670    -21.28651168      1.42721223
30.39          -0.72732699    -21.28651308      1.42679169
30.40          -0.72807407    -21.28651450      1.42638108
30.41          -0.72881761    -21.28651593      1.42598090
30.42          -0.72955728    -21.28651737      1.42559165
30.43          -0.73029276    -21.28651882      1.42521381
30.44          -0.73102372    -21.28652028      1.42484787
30.45          -0.73174984    -21.28652176      1.42449430
30.46          -0.73247079    -21.28652325      1.42415359
30.47          -0.73318626    -21.28652476      1.42382621
30.48          -0.73389593    -21.28652627      1.42351261
30.49          -0.73459950    -21.28652781      1.42321326
30.50          -0.73529664    -21.28652935      1.42292860
30.51          -0.73598705    -21.28653091      1.42265908
30.52          -0.73667042    -21.28653248      1.42240515
30.53          -0.73734646    -21.28653407      1.42216722
30.54          -0.73801486    -21.28653568      1.42194574
30.55          -0.73867533    -21.28653729      1.42174111
30.56          -0.73932758    -21.28653893      1.42155374
30.57          -0.73997132    -21.28654058      1.42138405
30.58          -0.74060626    -21.28654224      1.42123242
30.59          -0.74123213    -21.28654392      1.42109925
30.60          -0.74184864    -21.28654562      1.42098491
30.61          -0.74245553    -21.28654733      1.42088977
30.62          -0.74305253    -21.28654906      1.42081421
30.63          -0.74363937    -21.28655080      1.42075857
30.64          -0.74421579    -21.28655256      1.42072320
30.65          -0.74478155    -21.28655434      1.42070844
30.66          -0.74533638    -21.28655614      1.42071462
30.67          -0.74588004    -21.28655795      1.42074206
30.68          -0.74641230    -21.28655978      1.42079106
30.69          -0.74693292    -21.28656163      1.42086194
30.70          -0.74744166    -21.28656349      1.42095498
30.71          -0.74793831    -21.28656538      1.42107046
30.72          -0.74842264    -21.28656728      1.42120866
30.73          -0.74889445    -21.28656920      1.42136984
30.74          -0.74935351    -21.28657114      1.42155425
30.75          -0.74979963    -21.28657309      1.42176214
30.76          -0.75023261    -21.28657507      1.42199373
30.77          -0.75065226    -21.28657706      1.42224926
30.78          -0.75105839    -21.28657908      1.42252893
30.79          -0.75145083    -21.28658111      1.42283294
30.80          -0.75182939    -21.28658316      1.42316148
30.81          -0.75219392    -21.28658523      1.42351474
30.82          -0.75254425    -21.28658732      1.42389289
30.83          -0.75288023    -21.28658943      1.42429607
30.84          -0.75320170    -21.28659156      1.42472445
30.85          -0.75350853    -21.28659371      1.42517816
30.86          -0.75380058    -21.28659588      1.42565731
30.87          -0.75407772    -21.28659807      1.42616204
30.88          -0.75433982    -21.28660028      1.42669244
30.89          -0.75458678    -21.28660252      1.42724860
30.90          -0.75481847    -21.28660477      1.42783061
30.91          -0.75503481    -21.28660704      1.42843854
30.92          -0.75523568    -21.28660933      1.42907244
30.93          -0.75542101    -21.28661165      1.42973237
30.94          -0.75559071    -21.28661398      1.43041835
30.95          -0.75574471    -21.28661634      1.43113042
30.96          -0.75588293    -21.28661871      1.43186859
30.97          -0.75600532    -21.28662111      1.43263285
30.98          -0.75611182    -21.28662353      1.43342321
30.99          -0.75620238    -21.28662597      1.43423964
31.00          -0.75627696    -21.28662843      1.43508211
31.01          -0.75633553    -21.28663092      1.43595057
31.02          -0.75637807    -21.28663342      1.43684498
31.03          -0.75640455    -21.28663595      1.43776527
31.04          -0.75641495    -21.28663849      1.43871135
31.05          -0.75640929    -21.28664106      1.43968314
31.06          -0.75638755    -21.28664366      1.44068055
31.07          -0.75634975    -21.28664627      1.44170346
31.08          -0.75629590    -21.28664890      1.44275174
31.09          -0.75622602    -21.28665156      1.44382528
31.10          -0.75614015    -21.28665424      1.44492392
31.11          -0.75603833    -21.28665694      1.44604751
31.12          -0.75592059    -21.28665966      1.44719588
31.13          -0.75578699    -21.28666240      1.44836886
31.14          -0.75563759    -21.28666517      1.44956626
31.15          -0.75547245    -21.28666796      1.45078788
31.16          -0.75529164    -21.28667077      1.45203352
31.17          -0.75509525    -21.28667360      1.45330295
31.18          -0.75488335    -21.28667645      1.45459595
31.19          -0.75465605    -21.28667933      1.45591228
31.20          -0.75441344    -21.28668223      1.45725169
31.21          -0.75415563    -21.28668514      1.45861391
31.22          -0.75388273    -21.28668808      1.45999869
31.23          -0.75359487    -21.28669105      1.46140573
31.24          -0.75329216    -21.28669403      1.46283476
31.25          -0.75297474    -21.28669704      1.46428546
31.26          -0.75264275    -21.28670006      1.46575754
31.27          -0.75229633    -21.28670311      1.46725068
31.28          -0.75193565    -21.28670618      1.46876455
31.29          -0.75156085    -21.28670927      1.47029880
31.30          -0.75117211    -21.28671238      1.47185311
31.31          -0.75076958    -21.28671552      1.47342711
31.32          -0.75035346    -21.28671867      1.47502045
31.33          -0.74992392    -21.28672184      1.47663275
31.34          -0.74948115    -21.28672504      1.47826363
31.35          -0.74902535    -21.28672826      1.47991271
31.36          -0.74855672    -21.28673149      1.48157959
31.37          -0.74807545    -21.28673475      1.48326386
31.38          -0.74758178    -21.28673803      1.48496513
31.39          -0.74707591    -21.28674133      1.48668296
31.40          -0.74655806    -21.28674464      1.48841694
31.41          -0.74602847    -21.28674798      1.49016664
31.42          -0.74548736    -21.28675134      1.49193160
31.43          -0.74493498    -21.28675472      1.49371139
31.44          -0.74437156    -21.28675811      1.49550556
31.45          -0.74379737    -21.28676153      1.49731364
31.46          -0.74321264    -21.28676496      1.49913518
31.47          -0.74261764    -21.28676841      1.50096969
31.48          -0.74201263    -21.28677188      1.50281671
31.49          -0.74139788    -21.28677537      1.50467574
31.50          -0.74077366    -21.28677888      1.50654632
31.51          -0.74014023    -21.28678241      1.50842793
31.52          -0.73949789    -21.28678595      1.51032009
31.53          -0.73884691    -21.28678951      1.51222229
31.54          -0.73818759    -21.28679309      1.51413402
31.55          -0.73752021    -21.28679668      1.51605478
31.56          -0.73684506    -21.28680029      1.51798405
31.57          -0.73616245    -21.28680392      1.51992131
31.58          -0.73547267    -21.28680757      1.52186604
31.59          -0.73477604    -21.28681123      1.52381771
31.60          -0.73407285    -21.28681490      1.52577580
31.61          -0.73336342    -21.28681859      1.52773977
31.62          -0.73264806    -21.28682230      1.52970909
31.63          -0.73192708    -21.28682602      1.53168322
31.64          -0.73120081    -21.28682975      1.53366163
31.65          -0.73046957    -21.28683350      1.53564377
31.66          -0.72973367    -21.28683726      1.53762910
31.67          -0.72899344    -21.28684104      1.53961708
31.68          -0.72824922    -21.28684483      1.54160717
31.69          -0.72750132    -21.28684863      1.54359881
31.70          -0.72675008    -21.28685245      1.54559146
31.71          -0.72599582    -21.28685627      1.54758457
31.72          -0.72523889    -21.28686011      1.54957759
31.73          -0.72447962    -21.28686396      1.55156999
31.74          -0.72371833    -21.28686782      1.55356120
31.75          -0.72295538    -21.28687170      1.55555069
31.76          -0.72219109    -21.28687558      1.55753790
31.77          -0.72142580    -21.28687947      1.55952230
31.78          -0.72065985    -21.28688337      1.56150333
31.79          -0.71989358    -21.28688728      1.56348045
31.80          -0.71912733    -21.28689120      1.56545313
31.81          -0.71836143    -21.28689513      1.56742082
31.82          -0.71759623    -21.28689907      1.56938299
31.83          -0.71683206    -21.28690301      1.57133910
31.84          -0.71606926    -21.28690697      1.57328861
31.85          -0.71530817    -21.28691093      1.57523101
31.86          -0.71454911    -21.28691489      1.57716576
31.87          -0.71379244    -21.28691886      1.57909234
31.88          -0.71303848    -21.28692284      1.58101023
31.89          -0.71228757    -21.28692682      1.58291891
31.90          -0.71154003    -21.28693081      1.58481788
31.91          -0.71079620    -21.28693481      1.58670662
31.92          -0.71005641    -21.28693880      1.58858463
31.93          -0.70932099    -21.28694280      1.59045141
31.94          -0.70859025    -21.28694681      1.59230647
31.95          -0.70786453    -21.28695082      1.59414932
31.96          -0.70714414    -21.28695483      1.59597948
31.97          -0.70642940    -21.28695884      1.59779646
31.98          -0.70572063    -21.28696285      1.59959980
31.99          -0.70501814    -21.28696687      1.60138902
32.00          -0.70432225    -21.28697089      1.60316368
32.01          -0.70363325    -21.28697490      1.60492330
32.02          -0.70295146    -21.28697892      1.60666746
32.03          -0.70227718    -21.28698294      1.60839570
32.04          -0.70161070    -21.28698696      1.61010759
32.05          -0.70095233    -21.28699097      1.61180270
32.06          -0.70030234    -21.28699499      1.61348062
32.07          -0.69966103    -21.28699900      1.61514094
32.08          -0.69902869    -21.28700302      1.61678324
32.09          -0.69840559    -21.28700702      1.61840714
32.10          -0.69779201    -21.28701103      1.62001223
32.11          -0.69718821    -21.28701503      1.62159815
32.12          -0.69659448    -21.28701903      1.62316453
32.13          -0.69601106    -21.28702303      1.62471099
32.14          -0.69543823    -21.28702702      1.62623718
32.15          -0.69487623    -21.28703101      1.62774276
32.16          -0.69432531    -21.28703499      1.62922739
32.17          -0.69378571    -21.28703897      1.63069074
32.18          -0.69325768    -21.28704294      1.63213250
32.19          -0.69274145    -21.28704691      1.63355234
32.20          -0.69223724    -21.28705087      1.63494999
32.21          -0.69174529    -21.28705482      1.63632513
32.22          -0.69126580    -21.28705876      1.63767751
32.23          -0.69079900    -21.28706270      1.63900683
32.24          -0.69034508    -21.28706664      1.64031285
32.25          -0.68990425    -21.28707056      1.64159532
32.26          -0.68947671    -21.28707447      1.64285399
32.27          -0.68906264    -21.28707838      1.64408863
32.28          -0.68866224    -21.28708228      1.64529903
32.29          -0.68827566    -21.28708617      1.64648498
32.30          -0.68790310    -21.28709005      1.64764628
32.31          -0.68754471    -21.28709392      1.64878274
32.32          -0.68720065    -21.28709779      1.64989419
32.33          -0.68687107    -21.28710164      1.65098047
32.34          -0.68655613    -21.28710548      1.65204141
32.35          -0.68625595    -21.28710931      1.65307688
32.36          -0.68597068    -21.28711314      1.65408675
32.37          -0.68570045    -21.28711695      1.65507089
32.38          -0.68544536    -21.28712075      1.65602919
32.39          -0.68520554    -21.28712454      1.65696156
32.40          -0.68498109    -21.28712832      1.65786791
32.41          -0.68477212    -21.28713208      1.65874816
32.42          -0.68457870    -21.28713584      1.65960226
32.43          -0.68440094    -21.28713958      1.66043014
32.44          -0.68423891    -21.28714332      1.66123177
32.45          -0.68409269    -21.28714704      1.66200711
32.46          -0.68396233    -21.28715075      1.66275616
32.47          -0.68384790    -21.28715444      1.66347890
32.48          -0.68374944    -21.28715813      1.66417533
32.49          -0.68366701    -21.28716180      1.66484548
32.50          -0.68360064    -21.28716546      1.66548938
32.51          -0.68355036    -21.28716911      1.66610705
32.52          -0.68351619    -21.28717275      1.66669855
32.53          -0.68349815    -21.28717637      1.66726395
32.54          -0.68349625    -21.28717998      1.66780331
32.55          -0.68351049    -21.28718358      1.66831673
32.56          -0.68354086    -21.28718717      1.66880429
32.57          -0.68358735    -21.28719075      1.66926611
32.58          -0.68364994    -21.28719431      1.66970231
32.59          -0.68372861    -21.28719786      1.67011300
32.60          -0.68382332    -21.28720140      1.67049835
32.61          -0.68393403    -21.28720492      1.67085849
32.62          -0.68406069    -21.28720844      1.67119359
32.63          -0.68420325    -21.28721194      1.67150383
32.64          -0.68436164    -21.28721543      1.67178938
32.65          -0.68453580    -21.28721890      1.67205045
32.66          -0.68472564    -21.28722237      1.67228724
32.67          -0.68493110    -21.28722582      1.67249996
32.68          -0.68515206    -21.28722927      1.67268885
32.69          -0.68538845    -21.28723270      1.67285414
32.70          -0.68564015    -21.28723612      1.67299609
32.71          -0.68590706    -21.28723952      1.67311493
32.72          -0.68618906    -21.28724292      1.67321096
32.73          -0.68648602    -21.28724631      1.67328443
32.74          -0.68679781    -21.28724968      1.67333565
32.75          -0.68712430    -21.28725305      1.67336490
32.76          -0.68746534    -21.28725641      1.67337250
32.77          -0.68782079    -21.28725975      1.67335876
32.78          -0.68819049    -21.28726309      1.67332400
32.79          -0.68857427    -21.28726641      1.67326856
32.80          -0.68897196    -21.28726973      1.67319279
32.81          -0.68938340    -21.28727303      1.67309703
32.82          -0.68980839    -21.28727633      1.67298164
32.83          -0.69024676    -21.28727962      1.67284701
32.84          -0.69069831    -21.28728290      1.67269349
32.85          -0.69116284    -21.28728618      1.67252148
32.86          -0.69164015    -21.28728944      1.67233137
32.87          -0.69213002    -21.28729270      1.67212357
32.88          -0.69263225    -21.28729595      1.67189848
32.89          -0.69314661    -21.28729919      1.67165651
32.90          -0.69367286    -21.28730243      1.67139810
32.91          -0.69421080    -21.28730566      1.67112366
32.92          -0.69476016    -21.28730888      1.67083365
32.93          -0.69532072    -21.28731210      1.67052850
32.94          -0.69589223    -21.28731531      1.67020866
32.95          -0.69647442    -21.28731852      1.66987459
32.96          -0.69706706    -21.28732172      1.66952675
32.97          -0.69766988    -21.28732492      1.66916562
32.98          -0.69828260    -21.28732812      1.66879166
32.99          -0.69890497    -21.28733131      1.66840535
33.00          -0.69953670    -21.28733450      1.66800718
33.01          -0.70017752    -21.28733768      1.66759764
33.02          -0.70082715    -21.28734086      1.66717723
33.03          -0.70148530    -21.28734404      1.66674643
33.04          -0.70215168    -21.28734722      1.66630576
33.05          -0.70282600    -21.28735040      1.66585573
33.06          -0.70350795    -21.28735357      1.66539683
33.07          -0.70419725    -21.28735675      1.66492960
33.08          -0.70489358    -21.28735992      1.66445454
33.09          -0.70559663    -21.28736310      1.66397217
33.10          -0.70630611    -21.28736627      1.66348303
33.11          -0.70702169    -21.28736945      1.66298764
33.12          -0.70774306    -21.28737262      1.66248653
33.13          -0.70846990    -21.28737580      1.66198023
33.14          -0.70920189    -21.28737898      1.66146927
33.15          -0.70993872    -21.28738217      1.66095418
33.16          -0.71068005    -21.28738536      1.66043552
33.17          -0.71142555    -21.28738854      1.65991381
33.18          -0.71217490    -21.28739174      1.65938959
33.19          -0.71292778    -21.28739494      1.65886340
33.20          -0.71368384    -21.28739814      1.65833579
33.21          -0.71444275    -21.28740135      1.65780729
33.22          -0.71520418    -21.28740456      1.65727845
33.23          -0.71596779    -21.28740778      1.65674980
33.24          -0.71673325    -21.28741100      1.65622189
33.25          -0.71750022    -21.28741423      1.65569526
33.26          -0.71826836    -21.28741747      1.65517044
33.27          -0.71903733    -21.28742072      1.65464797
33.28          -0.71980680    -21.28742397      1.65412840
33.29          -0.72057642    -21.28742723      1.65361224
33.30          -0.72134585    -21.28743050      1.65310004
33.31          -0.72211476    -21.28743378      1.65259233
33.32          -0.72288280    -21.28743707      1.65208964
33.33          -0.72364964    -21.28744037      1.65159249
33.34          -0.72441494    -21.28744368      1.65110140
33.35          -0.72517836    -21.28744700      1.65061690
33.36          -0.72593957    -21.28745033      1.65013950
33.37          -0.72669823    -21.28745368      1.64966971
33.38          -0.72745400    -21.28745703      1.64920805
33.39          -0.72820655    -21.28746040      1.64875502
33.40          -0.72895555    -21.28746378      1.64831113
33.41          -0.72970067    -21.28746717      1.64787686
33.42          -0.73044158    -21.28747058      1.64745272
33.43          -0.73117796    -21.28747400      1.64703918
33.44          -0.73190948    -21.28747743      1.64663674
33.45          -0.73263581    -21.28748088      1.64624588
33.46          -0.73335663    -21.28748434      1.64586705
33.47          -0.73407164    -21.28748782      1.64550074
33.48          -0.73478051    -21.28749131      1.64514740
33.49          -0.73548293    -21.28749482      1.64480748
33.50          -0.73617858    -21.28749835      1.64448144
33.51          -0.73686718    -21.28750189      1.64416971
33.52          -0.73754840    -21.28750545      1.64387274
33.53          -0.73822195    -21.28750903      1.64359094
33.54          -0.73888753    -21.28751263      1.64332475
33.55          -0.73954485    -21.28751624      1.64307457
33.56          -0.74019362    -21.28751987      1.64284081
33.57          -0.74083355    -21.28752352      1.64262388
33.58          -0.74146436    -21.28752719      1.64242416
33.59          -0.74208577    -21.28753088      1.64224203
33.60          -0.74269751    -21.28753459      1.64207788
33.61          -0.74329930    -21.28753832      1.64193206
33.62          -0.74389089    -21.28754207      1.64180495
33.63          -0.74447200    -21.28754583      1.64169688
33.64          -0.74504239    -21.28754962      1.64160820
33.65          -0.74560181    -21.28755343      1.64153925
33.66          -0.74614999    -21.28755727      1.64149034
33.67          -0.74668671    -21.28756112      1.64146179
33.68          -0.74721173    -21.28756499      1.64145391
33.69          -0.74772481    -21.28756889      1.64146699
33.70          -0.74822572    -21.28757281      1.64150131
33.71          -0.74871426    -21.28757675      1.64155716
33.72          -0.74919019    -21.28758072      1.64163480
33.73          -0.74965331    -21.28758471      1.64173448
33.74          -0.75010342    -21.28758872      1.64185646
33.75          -0.75054032    -21.28759275      1.64200097
33.76          -0.75096381    -21.28759681      1.64216823
33.77          -0.75137371    -21.28760089      1.64235847
33.78          -0.75176983    -21.28760500      1.64257188
33.79          -0.75215200    -21.28760913      1.64280866
33.80          -0.75252005    -21.28761328      1.64306900
33.81          -0.75287383    -21.28761746      1.64335306
33.82          -0.75321316    -21.28762167      1.64366102
33.83          -0.75353791    -21.28762590      1.64399303
33.84          -0.75384792    -21.28763015      1.64434921
33.85          -0.75414307    -21.28763443      1.64472971
33.86          -0.75442321    -21.28763873      1.64513465
33.87          -0.75468823    -21.28764306      1.64556412
33.88          -0.75493801    -21.28764742      1.64601823
33.89          -0.75517244    -21.28765180      1.64649707
33.90          -0.75539141    -21.28765621      1.64700070
33.91          -0.75559483    -21.28766064      1.64752919
33.92          -0.75578261    -21.28766510      1.64808259
33.93          -0.75595466    -21.28766959      1.64866094
33.94          -0.75611091    -21.28767410      1.64926427
33.95          -0.75625128    -21.28767864      1.64989260
33.96          -0.75637572    -21.28768321      1.65054593
33.97          -0.75648416    -21.28768780      1.65122426
33.98          -0.75657657    -21.28769242      1.65192758
33.99          -0.75665290    -21.28769706      1.65265585
34.00          -0.75671311    -21.28770173      1.65340903
34.01          -0.75675718    -21.28770643      1.65418708
34.02          -0.75678508    -21.28771115      1.65498993
34.03          -0.75679682    -21.28771591      1.65581751
34.04          -0.75679236    -21.28772068      1.65666974
34.05          -0.75677173    -21.28772549      1.65754652
34.06          -0.75673493    -21.28773032      1.65844773
34.07          -0.75668197    -21.28773518      1.65937328
34.08          -0.75661287    -21.28774006      1.66032302
34.09          -0.75652767    -21.28774497      1.66129682
34.10          -0.75642641    -21.28774991      1.66229452
34.11          -0.75630912    -21.28775488      1.66331597
34.12          -0.75617585    -21.28775987      1.66436099
34.13          -0.75602668    -21.28776488      1.66542939
34.14          -0.75586165    -21.28776993      1.66652099
34.15          -0.75568084    -21.28777500      1.66763558
34.16          -0.75548434    -21.28778009      1.66877294
34.17          -0.75527222    -21.28778521      1.66993285
34.18          -0.75504458    -21.28779036      1.67111508
34.19          -0.75480152    -21.28779553      1.67231937
34.20          -0.75454314    -21.28780073      1.67354547
34.21          -0.75426957    -21.28780596      1.67479311
34.22          -0.75398091    -21.28781121      1.67606203
34.23          -0.75367729    -21.28781648      1.67735192
34.24          -0.75335886    -21.28782178      1.67866250
34.25          -0.75302574    -21.28782711      1.67999347
34.26          -0.75267808    -21.28783246      1.68134450
34.27          -0.75231604    -21.28783783      1.68271528
34.28          -0.75193977    -21.28784323      1.68410547
34.29          -0.75154945    -21.28784866      1.68551473
34.30          -0.75114523    -21.28785410      1.68694270
34.31          -0.75072730    -21.28785957      1.68838904
34.32          -0.75029584    -21.28786507      1.68985338
34.33          -0.74985105    -21.28787059      1.69133533
34.34          -0.74939311    -21.28787613      1.69283451
34.35          -0.74892223    -21.28788169      1.69435053
34.36          -0.74843861    -21.28788728      1.69588300
34.37          -0.74794247    -21.28789289      1.69743150
34.38          -0.74743402    -21.28789852      1.69899561
34.39          -0.74691349    -21.28790417      1.70057493
34.40          -0.74638110    -21.28790984      1.70216901
34.41          -0.74583710    -21.28791554      1.70377742
34.42          -0.74528172    -21.28792125      1.70539972
34.43          -0.74471520    -21.28792699      1.70703545
34.44          -0.74413779    -21.28793274      1.70868417
34.45          -0.74354975    -21.28793852      1.71034540
34.46          -0.74295134    -21.28794431      1.71201869
34.47          -0.74234281    -21.28795013      1.71370355
34.48          -0.74172444    -21.28795596      1.71539951
34.49          -0.74109650    -21.28796181      1.71710609
34.50          -0.74045926    -21.28796768      1.71882278
34.51          -0.73981300    -21.28797357      1.72054910
34.52          -0.73915801    -21.28797948      1.72228455
34.53          -0.73849458    -21.28798540      1.72402863
34.54          -0.73782300    -21.28799134      1.72578082
34.55          -0.73714357    -21.28799729      1.72754061
34.56          -0.73645657    -21.28800326      1.72930749
34.57          -0.73576232    -21.28800925      1.73108094
34.58          -0.73506112    -21.28801525      1.73286043
34.59          -0.73435328    -21.28802126      1.73464544
34.60          -0.73363911    -21.28802729      1.73643543
34.61          -0.73291893    -21.28803333      1.73822988
34.62          -0.73219305    -21.28803939      1.74002826
34.63          -0.73146179    -21.28804546      1.74183002
34.64          -0.73072548    -21.28805154      1.74363463
34.65          -0.72998443    -21.28805763      1.74544154
34.66          -0.72923897    -21.28806373      1.74725022
34.67          -0.72848944    -21.28806985      1.74906012
34.68          -0.72773616    -21.28807597      1.75087070
34.69          -0.72697947    -21.28808211      1.75268141
34.70          -0.72621969    -21.28808825      1.75449171
34.71          -0.72545716    -21.28809440      1.75630105
34.72          -0.72469222    -21.28810057      1.75810889
34.73          -0.72392521    -21.28810674      1.75991468
34.74          -0.72315646    -21.28811291      1.76171788
34.75          -0.72238631    -21.28811910      1.76351793
34.76          -0.72161510    -21.28812529      1.76531431
34.77          -0.72084317    -21.28813148      1.76710646
34.78          -0.72007086    -21.28813768      1.76889384
34.79          -0.71929851    -21.28814389      1.77067592
34.80          -0.71852646    -21.28815010      1.77245216
34.81          -0.71775505    -21.28815632      1.77422202
34.82          -0.71698462    -21.28816253      1.77598497
34.83          -0.71621551    -21.28816876      1.77774047
34.84          -0.71544806    -21.28817498      1.77948801
34.85          -0.71468261    -21.28818121      1.78122705
34.86          -0.71391949    -21.28818743      1.78295707
34.87          -0.71315904    -21.28819366      1.78467756
34.88          -0.71240160    -21.28819989      1.78638800
34.89          -0.71164750    -21.28820612      1.78808788
34.90          -0.71089707    -21.28821234      1.78977670
34.91          -0.71015065    -21.28821857      1.79145395
34.92          -0.70940855    -21.28822479      1.79311913
34.93          -0.70867112    -21.28823101      1.79477176
34.94          -0.70793867    -21.28823723      1.79641135
34.95          -0.70721152    -21.28824345      1.79803740
34.96          -0.70649001    -21.28824966      1.79964946
34.97          -0.70577444    -21.28825587      1.80124704
34.98          -0.70506513    -21.28826207      1.80282968
34.99          -0.70436239    -21.28826827      1.80439693
35.00          -0.70366654    -21.28827446      1.80594832
35.01          -0.70297788    -21.28828065      1.80748342
35.02          -0.70229671    -21.28828683      1.80900179
35.03          -0.70162333    -21.28829300      1.81050298
35.04          -0.70095805    -21.28829916      1.81198659
35.05          -0.70030115    -21.28830532      1.81345218
35.06          -0.69965293    -21.28831147      1.81489935
35.07          -0.69901367    -21.28831760      1.81632769
35.08          -0.69838365    -21.28832373      1.81773682
35.09          -0.69776314    -21.28832985      1.81912634
35.10          -0.69715244    -21.28833596      1.82049587
35.11          -0.69655179    -21.28834206      1.82184505
35.12          -0.69596147    -21.28834815      1.82317351
35.13          -0.69538175    -21.28835422      1.82448089
35.14          -0.69481286    -21.28836028      1.82576687
35.15          -0.69425507    -21.28836633      1.82703109
35.16          -0.69370862    -21.28837237      1.82827323
35.17          -0.69317375    -21.28837840      1.82949298
35.18          -0.69265070    -21.28838441      1.83069003
35.19          -0.69213970    -21.28839040      1.83186408
35.20          -0.69164097    -21.28839639      1.83301484
35.21          -0.69115473    -21.28840235      1.83414203
35.22          -0.69068120    -21.28840831      1.83524538
35.23          -0.69022059    -21.28841424      1.83632465
35.24          -0.68977310    -21.28842017      1.83737957
35.25          -0.68933893    -21.28842607      1.83840991
35.26          -0.68891827    -21.28843196      1.83941544
35.27          -0.68851130    -21.28843783      1.84039595
35.28          -0.68811820    -21.28844369      1.84135123
35.29          -0.68773915    -21.28844953      1.84228108
35.30          -0.68737432    -21.28845535      1.84318532
35.31          -0.68702386    -21.28846116      1.84406378
35.32          -0.68668793    -21.28846694      1.84491628
35.33          -0.68636669    -21.28847271      1.84574269
35.34          -0.68606026    -21.28847846      1.84654285
35.35          -0.68576878    -21.28848419      1.84731664
35.36          -0.68549239    -21.28848990      1.84806394
35.37          -0.68523121    -21.28849559      1.84878465
35.38          -0.68498534    -21.28850127      1.84947866
35.39          -0.68475491    -21.28850692      1.85014589
35.40          -0.68454000    -21.28851256      1.85078627
35.41          -0.68434072    -21.28851818      1.85139973
35.42          -0.68415716    -21.28852377      1.85198623
35.43          -0.68398939    -21.28852935      1.85254573
35.44          -0.68383749    -21.28853491      1.85307820
35.45          -0.68370152    -21.28854044      1.85358362
35.46          -0.68358155    -21.28854596      1.85406199
35.47          -0.68347762    -21.28855146      1.85451332
35.48          -0.68338979    -21.28855693      1.85493762
35.49          -0.68331810    -21.28856239      1.85533493
35.50          -0.68326257    -21.28856782      1.85570528
35.51          -0.68322322    -21.28857324      1.85604874
35.52          -0.68320008    -21.28857864      1.85636535
35.53          -0.68319316    -21.28858401      1.85665521
35.54          -0.68320246    -21.28858937      1.85691840
35.55          -0.68322797    -21.28859470      1.85715501
35.56          -0.68326969    -21.28860002      1.85736516
35.57          -0.68332759    -21.28860531      1.85754897
35.58          -0.68340166    -21.28861059      1.85770657
35.59          -0.68349185    -21.28861584      1.85783810
35.60          -0.68359812    -21.28862108      1.85794372
35.61          -0.68372044    -21.28862629      1.85802359
35.62          -0.68385874    -21.28863149      1.85807790
35.63          -0.68401297    -21.28863667      1.85810683
35.64          -0.68418305    -21.28864182      1.85811057
35.65          -0.68436892    -21.28864696      1.85808933
35.66          -0.68457049    -21.28865208      1.85804335
35.67          -0.68478766    -21.28865718      1.85797284
35.68          -0.68502036    -21.28866226      1.85787804
35.69          -0.68526846    -21.28866733      1.85775922
35.70          -0.68553187    -21.28867237      1.85761662
35.71          -0.68581047    -21.28867740      1.85745052
35.72          -0.68610412    -21.28868241      1.85726120
35.73          -0.68641272    -21.28868740      1.85704895
35.74          -0.68673611    -21.28869237      1.85681407
35.75          -0.68707415    -21.28869733      1.85655687
35.76          -0.68742670    -21.28870227      1.85627767
35.77          -0.68779361    -21.28870719      1.85597681
35.78          -0.68817470    -21.28871210      1.85565461
35.79          -0.68856981    -21.28871699      1.85531142
35.80          -0.68897877    -21.28872187      1.85494760
35.81          -0.68940139    -21.28872673      1.85456352
35.82          -0.68983749    -21.28873158      1.85415955
35.83          -0.69028688    -21.28873641      1.85373606
35.84          -0.69074936    -21.28874123      1.85329345
35.85          -0.69122473    -21.28874603      1.85283211
35.86          -0.69171277    -21.28875082      1.85235245
35.87          -0.69221326    -21.28875560      1.85185488
35.88          -0.69272600    -21.28876036      1.85133983
35.89          -0.69325075    -21.28876511      1.85080771
35.90          -0.69378728    -21.28876985      1.85025897
35.91          -0.69433536    -21.28877458      1.84969404
35.92          -0.69489474    -21.28877929      1.84911338
35.93          -0.69546518    -21.28878400      1.84851743
35.94          -0.69604642    -21.28878869      1.84790666
35.95          -0.69663821    -21.28879338      1.84728154
35.96          -0.69724028    -21.28879805      1.84664253
35.97          -0.69785238    -21.28880272      1.84599012
35.98          -0.69847424    -21.28880737      1.84532479
35.99          -0.69910557    -21.28881202      1.84464703
36.00          -0.69974610    -21.28881666      1.84395733
36.01          -0.70039554    -21.28882129      1.84325620
36.02          -0.70105362    -21.28882592      1.84254413
36.03          -0.70172004    -21.28883054      1.84182163
36.04          -0.70239451    -21.28883515      1.84108921
36.05          -0.70307672    -21.28883976      1.84034740
36.06          -0.70376639    -21.28884436      1.83959670
36.07          -0.70446320    -21.28884896      1.83883765
36.08          -0.70516685    -21.28885355      1.83807077
36.09          -0.70587702    -21.28885813      1.83729658
36.10          -0.70659341    -21.28886272      1.83651562
36.11          -0.70731570    -21.28886730      1.83572843
36.12          -0.70804357    -21.28887188      1.83493553
36.13          -0.70877670    -21.28887646      1.83413748
36.14          -0.70951477    -21.28888103      1.83333480
36.15          -0.71025745    -21.28888560      1.83252805
36.16          -0.71100441    -21.28889018      1.83171776
36.17          -0.71175533    -21.28889475      1.83090447
36.18          -0.71250987    -21.28889932      1.83008874
36.19          -0.71326771    -21.28890390      1.82927111
36.20          -0.71402850    -21.28890847      1.82845213
36.21          -0.71479191    -21.28891305      1.82763233
36.22          -0.71555762    -21.28891763      1.82681227
36.23          -0.71632527    -21.28892221      1.82599250
36.24          -0.71709453    -21.28892679      1.82517355
36.25          -0.71786506    -21.28893138      1.82435597
36.26          -0.71863653    -21.28893597      1.82354031
36.27          -0.71940859    -21.28894056      1.82272711
36.28          -0.72018090    -21.28894516      1.82191690
36.29          -0.72095312    -21.28894977      1.82111023
36.30          -0.72172492    -21.28895438      1.82030763
36.31          -0.72249595    -21.28895900      1.81950964
36.32          -0.72326587    -21.28896362      1.81871678
36.33          -0.72403434    -21.28896825      1.81792959
36.34          -0.72480104    -21.28897289      1.81714859
36.35          -0.72556560    -21.28897753      1.81637431
36.36          -0.72632771    -21.28898218      1.81560726
36.37          -0.72708703    -21.28898685      1.81484796
36.38          -0.72784322    -21.28899152      1.81409692
36.39          -0.72859594    -21.28899620      1.81335464
36.40          -0.72934487    -21.28900089      1.81262164
36.41          -0.73008968    -21.28900559      1.81189841
36.42          -0.73083004    -21.28901030      1.81118544
36.43          -0.73156562    -21.28901502      1.81048323
36.44          -0.73229610    -21.28901976      1.80979225
36.45          -0.73302116    -21.28902450      1.80911298
36.46          -0.73374048    -21.28902926      1.80844591
36.47          -0.73445374    -21.28903403      1.80779148
36.48          -0.73516063    -21.28903881      1.80715017
36.49          -0.73586083    -21.28904361      1.80652243
36.50          -0.73655405    -21.28904842      1.80590871
36.51          -0.73723997    -21.28905324      1.80530944
36.52          -0.73791829    -21.28905808      1.80472507
36.53          -0.73858871    -21.28906293      1.80415602
36.54          -0.73925094    -21.28906780      1.80360271
36.55          -0.73990469    -21.28907268      1.80306555
36.56          -0.74054967    -21.28907758      1.80254495
36.57          -0.74118559    -21.28908249      1.80204131
36.58          -0.74181218    -21.28908742      1.80155502
36.59          -0.74242916    -21.28909237      1.80108645
36.60          -0.74303626    -21.28909733      1.80063599
36.61          -0.74363320    -21.28910231      1.80020399
36.62          -0.74421974    -21.28910731      1.79979082
36.63          -0.74479561    -21.28911232      1.79939681
36.64          -0.74536056    -21.28911735      1.79902232
36.65          -0.74591434    -21.28912240      1.79866767
36.66          -0.74645670    -21.28912747      1.79833318
36.67          -0.74698741    -21.28913256      1.79801916
36.68          -0.74750623    -21.28913767      1.79772591
36.69          -0.74801294    -21.28914279      1.79745374
36.70          -0.74850731    -21.28914794      1.79720291
36.71          -0.74898912    -21.28915310      1.79697370
36.72          -0.74945817    -21.28915828      1.79676638
36.73          -0.74991425    -21.28916349      1.79658120
36.74          -0.75035715    -21.28916871      1.79641840
36.75          -0.75078669    -21.28917395      1.79627821
36.76          -0.75120266    -21.28917921      1.79616086
36.77          -0.75160490    -21.28918450      1.79606656
36.78          -0.75199322    -21.28918980      1.79599550
36.79          -0.75236746    -21.28919513      1.79594789
36.80          -0.75272744    -21.28920048      1.79592389
36.81          -0.75307302    -21.28920584      1.79592368
36.82          -0.75340403    -21.28921123      1.79594742
36.83          -0.75372033    -21.28921664      1.79599526
36.84          -0.75402179    -21.28922207      1.79606732
36.85          -0.75430827    -21.28922753      1.79616374
36.86          -0.75457965    -21.28923300      1.79628463
36.87          -0.75483580    -21.28923850      1.79643010
36.88          -0.75507662    -21.28924402      1.79660023
36.89          -0.75530200    -21.28924956      1.79679510
36.90          -0.75551183    -21.28925512      1.79701479
36.91          -0.75570604    -21.28926070      1.79725935
36.92          -0.75588452    -21.28926631      1.79752883
36.93          -0.75604721    -21.28927194      1.79782327
36.94          -0.75619404    -21.28927759      1.79814269
36.95          -0.75632493    -21.28928326      1.79848709
36.96          -0.75643983    -21.28928896      1.79885650
36.97          -0.75653870    -21.28929467      1.79925088
36.98          -0.75662148    -21.28930041      1.79967023
36.99          -0.75668814    -21.28930617      1.80011450
37.00          -0.75673866    -21.28931196      1.80058366
37.01          -0.75677301    -21.28931776      1.80107765
37.02          -0.75679117    -21.28932359      1.80159641
37.03          -0.75679314    -21.28932944      1.80213985
37.04          -0.75677892    -21.28933531      1.80270788
37.05          -0.75674851    -21.28934121      1.80330041
37.06          -0.75670193    -21.28934713      1.80391733
37.07          -0.75663920    -21.28935306      1.80455851
37.08          -0.75656035    -21.28935902      1.80522381
37.09          -0.75646541    -21.28936501      1.80591310
37.10          -0.75635442    -21.28937101      1.80662622
37.11          -0.75622744    -21.28937703      1.80736300
37.12          -0.75608451    -21.28938308      1.80812327
37.13          -0.75592571    -21.28938915      1.80890683
37.14          -0.75575110    -21.28939524      1.80971350
37.15          -0.75556077    -21.28940135      1.81054305
37.16          -0.75535478    -21.28940748      1.81139528
37.17          -0.75513324    -21.28941363      1.81226995
37.18          -0.75489625    -21.28941981      1.81316682
37.19          -0.75464390    -21.28942600      1.81408564
37.20          -0.75437631    -21.28943221      1.81502616
37.21          -0.75409360    -21.28943845      1.81598809
37.22          -0.75379589    -21.28944470      1.81697118
37.23          -0.75348331    -21.28945098      1.81797511
37.24          -0.75315601    -21.28945727      1.81899960
37.25          -0.75281412    -21.28946358      1.82004434
37.26          -0.75245779    -21.28946992      1.82110901
37.27          -0.75208720    -21.28947627      1.82219328
37.28          -0.75170248    -21.28948264      1.82329682
37.29          -0.75130383    -21.28948903      1.82441929
37.30          -0.75089141    -21.28949544      1.82556032
37.31          -0.75046540    -21.28950186      1.82671957
37.32          -0.75002600    -21.28950830      1.82789665
37.33          -0.74957340    -21.28951477      1.82909120
37.34          -0.74910778    -21.28952124      1.83030282
37.35          -0.74862938    -21.28952774      1.83153112
37.36          -0.74813838    -21.28953425      1.83277570
37.37          -0.74763501    -21.28954078      1.83403616
37.38          -0.74711950    -21.28954733      1.83531207
37.39          -0.74659206    -21.28955389      1.83660301
37.40          -0.74605293    -21.28956046      1.83790855
37.41          -0.74550235    -21.28956706      1.83922825
37.42          -0.74494057    -21.28957366      1.84056167
37.43          -0.74436782    -21.28958029      1.84190836
37.44          -0.74378436    -21.28958692      1.84326787
37.45          -0.74319045    -21.28959357      1.84463972
37.46          -0.74258636    -21.28960024      1.84602346
37.47          -0.74197234    -21.28960691      1.84741860
37.48          -0.74134867    -21.28961360      1.84882467
37.49          -0.74071562    -21.28962031      1.85024119
37.50          -0.74007347    -21.28962702      1.85166766
37.51          -0.73942251    -21.28963375      1.85310360
37.52          -0.73876302    -21.28964049      1.85454849
37.53          -0.73809529    -21.28964724      1.85600185
37.54          -0.73741962    -21.28965400      1.85746316
37.55          -0.73673630    -21.28966077      1.85893191
37.56          -0.73604564    -21.28966755      1.86040759
37.57          -0.73534794    -21.28967434      1.86188968
37.58          -0.73464351    -21.28968114      1.86337766
37.59          -0.73393266    -21.28968795      1.86487101
37.60          -0.73321570    -21.28969477      1.86636919
37.61          -0.73249295    -21.28970159      1.86787168
37.62          -0.73176472    -21.28970843      1.86937796
37.63          -0.73103135    -21.28971527      1.87088747
37.64          -0.73029314    -21.28972211      1.87239970
37.65          -0.72955043    -21.28972896      1.87391411
37.66          -0.72880355    -21.28973582      1.87543014
37.67          -0.72805282    -21.28974269      1.87694728
37.68          -0.72729857    -21.28974956      1.87846497
37.69          -0.72654114    -21.28975643      1.87998268
37.70          -0.72578086    -21.28976331      1.88149987
37.71          -0.72501807    -21.28977019      1.88301600
37.72          -0.72425310    -21.28977707      1.88453052
37.73          -0.72348629    -21.28978396      1.88604289
37.74          -0.72271798    -21.28979085      1.88755258
37.75          -0.72194850    -21.28979774      1.88905905
37.76          -0.72117820    -21.28980463      1.89056175
37.77          -0.72040741    -21.28981153      1.89206016
37.78          -0.71963648    -21.28981842      1.89355374
37.79          -0.71886574    -21.28982532      1.89504195
37.80          -0.71809554    -21.28983221      1.89652427
37.81          -0.71732622    -21.28983910      1.89800017
37.82          -0.71655810    -21.28984599      1.89946911
37.83          -0.71579154    -21.28985288      1.90093059
37.84          -0.71502687    -21.28985977      1.90238406
37.85          -0.71426442    -21.28986666      1.90382903
37.86          -0.71350454    -21.28987354      1.90526498
37.87          -0.71274755    -21.28988042      1.90669139
37.88          -0.71199380    -21.28988729      1.90810776
37.89          -0.71124361    -21.28989416      1.90951359
37.90          -0.71049732    -21.28990102      1.91090838
37.91          -0.70975525    -21.28990788      1.91229164
37.92          -0.70901773    -21.28991473      1.91366288
37.93          -0.70828509    -21.28992158      1.91502161
37.94          -0.70755764    -21.28992842      1.91636737
37.95          -0.70683572    -21.28993525      1.91769967
37.96          -0.70611963    -21.28994208      1.91901805
37.97          -0.70540970    -21.28994890      1.92032204
37.98          -0.70470623    -21.28995570      1.92161121
37.99          -0.70400954    -21.28996250      1.92288509
38.00          -0.70331993    -21.28996930      1.92414324
38.01          -0.70263771    -21.28997608      1.92538523
38.02          -0.70196318    -21.28998285      1.92661063
38.03          -0.70129664    -21.28998961      1.92781901
38.04          -0.70063837    -21.28999636      1.92900998
38.05          -0.69998867    -21.29000309      1.93018310
38.06          -0.69934783    -21.29000982      1.93133800
38.07          -0.69871613    -21.29001653      1.93247427
38.08          -0.69809384    -21.29002323      1.93359154
38.09          -0.69748124    -21.29002992      1.93468943
38.10          -0.69687861    -21.29003660      1.93576756
38.11          -0.69628620    -21.29004326      1.93682559
38.12          -0.69570428    -21.29004991      1.93786316
38.13          -0.69513310    -21.29005654      1.93887994
38.14          -0.69457292    -21.29006316      1.93987558
38.15          -0.69402397    -21.29006976      1.94084978
38.16          -0.69348652    -21.29007635      1.94180220
38.17          -0.69296078    -21.29008292      1.94273256
38.18          -0.69244700    -21.29008948      1.94364055
38.19          -0.69194539    -21.29009602      1.94452589
38.20          -0.69145618    -21.29010255      1.94538831
38.21          -0.69097959    -21.29010905      1.94622753
38.22          -0.69051582    -21.29011554      1.94704331
38.23          -0.69006509    -21.29012202      1.94783540
38.24          -0.68962758    -21.29012847      1.94860356
38.25          -0.68920348    -21.29013491      1.94934758
38.26          -0.68879300    -21.29014133      1.95006722
38.27          -0.68839630    -21.29014773      1.95076231
38.28          -0.68801357    -21.29015412      1.95143263
38.29          -0.68764496    -21.29016048      1.95207800
38.30          -0.68729065    -21.29016682      1.95269827
38.31          -0.68695079    -21.29017315      1.95329326
38.32          -0.68662552    -21.29017946      1.95386283
38.33          -0.68631500    -21.29018575      1.95440684
38.34          -0.68601935    -21.29019201      1.95492516
38.35          -0.68573871    -21.29019826      1.95541767
38.36          -0.68547320    -21.29020449      1.95588428
38.37          -0.68522294    -21.29021070      1.95632489
38.38          -0.68498804    -21.29021688      1.95673941
38.39          -0.68476859    -21.29022305      1.95712778
38.40          -0.68456471    -21.29022920      1.95748993
38.41          -0.68437647    -21.29023533      1.95782582
38.42          -0.68420395    -21.29024143      1.95813542
38.43          -0.68404725    -21.29024752      1.95841869
38.44          -0.68390641    -21.29025358      1.95867562
38.45          -0.68378151    -21.29025963      1.95890622
38.46          -0.68367260    -21.29026565      1.95911049
38.47          -0.68357973    -21.29027165      1.95928845
38.48          -0.68350293    -21.29027763      1.95944014
38.49          -0.68344224    -21.29028359      1.95956559
38.50          -0.68339769    -21.29028953      1.95966487
38.51          -0.68336930    -21.29029545      1.95973804
38.52          -0.68335707    -21.29030135      1.95978518
38.53          -0.68336102    -21.29030722      1.95980638
38.54          -0.68338114    -21.29031308      1.95980174
38.55          -0.68341741    -21.29031892      1.95977138
38.56          -0.68346983    -21.29032473      1.95971541
38.57          -0.68353838    -21.29033052      1.95963397
38.58          -0.68362301    -21.29033630      1.95952720
38.59          -0.68372369    -21.29034205      1.95939527
38.60          -0.68384038    -21.29034778      1.95923835
38.61          -0.68397303    -21.29035350      1.95905660
38.62          -0.68412157    -21.29035919      1.95885022
38.63          -0.68428594    -21.29036486      1.95861942
38.64          -0.68446607    -21.29037051      1.95836439
38.65          -0.68466187    -21.29037614      1.95808537
38.66          -0.68487327    -21.29038176      1.95778259
38.67          -0.68510016    -21.29038735      1.95745628
38.68          -0.68534244    -21.29039292      1.95710670
38.69          -0.68560001    -21.29039848      1.95673412
38.70          -0.68587276    -21.29040401      1.95633880
38.71          -0.68616056    -21.29040953      1.95592104
38.72          -0.68646328    -21.29041503      1.95548111
38.73          -0.68678080    -21.29042051      1.95501934
38.74          -0.68711297    -21.29042597      1.95453601
38.75          -0.68745964    -21.29043142      1.95403147
38.76          -0.68782065    -21.29043684      1.95350604
38.77          -0.68819586    -21.29044225      1.95296005
38.78          -0.68858510    -21.29044764      1.95239386
38.79          -0.68898819    -21.29045302      1.95180783
38.80          -0.68940495    -21.29045838      1.95120232
38.81          -0.68983519    -21.29046372      1.95057770
38.82          -0.69027874    -21.29046904      1.94993437
38.83          -0.69073540    -21.29047435      1.94927270
38.84          -0.69120495    -21.29047965      1.94859310
38.85          -0.69168720    -21.29048493      1.94789598
38.86          -0.69218192    -21.29049019      1.94718174
38.87          -0.69268891    -21.29049544      1.94645082
38.88          -0.69320794    -21.29050067      1.94570365
38.89          -0.69373877    -21.29050589      1.94494065
38.90          -0.69428118    -21.29051110      1.94416227
38.91          -0.69483493    -21.29051629      1.94336896
38.92          -0.69539976    -21.29052147      1.94256118
38.93          -0.69597544    -21.29052663      1.94173939
38.94          -0.69656170    -21.29053179      1.94090406
38.95          -0.69715828    -21.29053693      1.94005566
38.96          -0.69776493    -21.29054205      1.93919468
38.97          -0.69838138    -21.29054717      1.93832160
38.98          -0.69900735    -21.29055228      1.93743690
38.99          -0.69964257    -21.29055737      1.93654109
39.00          -0.70028675    -21.29056246      1.93563467
39.01          -0.70093962    -21.29056753      1.93471815
39.02          -0.70160088    -21.29057259      1.93379202
39.03          -0.70227024    -21.29057765      1.93285681
39.04          -0.70294741    -21.29058269      1.93191303
39.05          -0.70363209    -21.29058772      1.93096121
39.06          -0.70432398    -21.29059275      1.93000187
39.07          -0.70502276    -21.29059777      1.92903553
39.08          -0.70572814    -21.29060278      1.92806274
39.09          -0.70643980    -21.29060778      1.92708401
39.10          -0.70715743    -21.29061277      1.92609990
39.11          -0.70788071    -21.29061776      1.92511093
39.12          -0.70860932    -21.29062274      1.92411765
39.13          -0.70934294    -21.29062772      1.92312060
39.14          -0.71008125    -21.29063268      1.92212033
39.15          -0.71082391    -21.29063765      1.92111737
39.16          -0.71157062    -21.29064260      1.92011228
39.17          -0.71232102    -21.29064756      1.91910560
39.18          -0.71307481    -21.29065250      1.91809789
39.19          -0.71383163    -21.29065745      1.91708968
39.20          -0.71459116    -21.29066238      1.91608154
39.21          -0.71535306    -21.29066732      1.91507399
39.22          -0.71611700    -21.29067225      1.91406760
39.23          -0.71688264    -21.29067718      1.91306292
39.24          -0.71764965    -21.29068210      1.91206048
39.25          -0.71841767    -21.29068703      1.91106083
39.26          -0.71918639    -21.29069195      1.91006452
39.27          -0.71995545    -21.29069687      1.90907209
39.28          -0.72072452    -21.29070178      1.90808408
39.29          -0.72149326    -21.29070670      1.90710102
39.30          -0.72226134    -21.29071162      1.90612347
39.31          -0.72302840    -21.29071653      1.90515194
39.32          -0.72379412    -21.29072144      1.90418697
39.33          -0.72455816    -21.29072636      1.90322909
39.34          -0.72532018    -21.29073127      1.90227883
39.35          -0.72607984    -21.29073619      1.90133670
39.36          -0.72683681    -21.29074110      1.90040322
39.37          -0.72759076    -21.29074602      1.89947891
39.38          -0.72834136    -21.29075093      1.89856428
39.39          -0.72908827    -21.29075585      1.89765983
39.40          -0.72983117    -21.29076077      1.89676607
39.41          -0.73056972    -21.29076570      1.89588349
39.42          -0.73130361    -21.29077062      1.89501258
39.43          -0.73203251    -21.29077555      1.89415383
39.44          -0.73275610    -21.29078048      1.89330771
39.45          -0.73347406    -21.29078541      1.89247472
39.46          -0.73418608    -21.29079035      1.89165531
39.47          -0.73489183    -21.29079529      1.89084995
39.48          -0.73559102    -21.29080023      1.89005909
39.49          -0.73628333    -21.29080518      1.88928319
39.50          -0.73696846    -21.29081013      1.88852269
39.51          -0.73764611    -21.29081509      1.88777802
39.52          -0.73831597    -21.29082005      1.88704963
39.53          -0.73897776    -21.29082501      1.88633793
39.54          -0.73963118    -21.29082998      1.88564333
39.55          -0.74027595    -21.29083496      1.88496626
39.56          -0.74091178    -21.29083994      1.88430709
39.57          -0.74153839    -21.29084492      1.88366624
39.58          -0.74215550    -21.29084992      1.88304409
39.59          -0.74276285    -21.29085491      1.88244100
39.60          -0.74336017    -21.29085992      1.88185736
39.61          -0.74394720    -21.29086493      1.88129351
39.62          -0.74452367    -21.29086994      1.88074981
39.63          -0.74508933    -21.29087496      1.88022661
39.64          -0.74564394    -21.29087999      1.87972423
39.65          -0.74618725    -21.29088503      1.87924300
39.66          -0.74671902    -21.29089007      1.87878323
39.67          -0.74723902    -21.29089512      1.87834523
39.68          -0.74774702    -21.29090018      1.87792930
39.69          -0.74824279    -21.29090524      1.87753571
39.70          -0.74872613    -21.29091032      1.87716476
39.71          -0.74919681    -21.29091539      1.87681670
39.72          -0.74965462    -21.29092048      1.87649178
39.73          -0.75009938    -21.29092558      1.87619027
39.74          -0.75053088    -21.29093068      1.87591238
39.75          -0.75094893    -21.29093579      1.87565836
39.76          -0.75135335    -21.29094091      1.87542840
39.77          -0.75174396    -21.29094604      1.87522273
39.78          -0.75212060    -21.29095117      1.87504152
39.79          -0.75248309    -21.29095631      1.87488498
39.80          -0.75283127    -21.29096147      1.87475326
39.81          -0.75316499    -21.29096663      1.87464652
39.82          -0.75348412    -21.29097179      1.87456493
39.83          -0.75378849    -21.29097697      1.87450862
39.84          -0.75407800    -21.29098216      1.87447772
39.85          -0.75435249    -21.29098735      1.87447235
39.86          -0.75461186    -21.29099256      1.87449261
39.87          -0.75485600    -21.29099777      1.87453860
39.88          -0.75508479    -21.29100299      1.87461040
39.89          -0.75529813    -21.29100822      1.87470809
39.90          -0.75549593    -21.29101346      1.87483172
39.91          -0.75567811    -21.29101870      1.87498136
39.92          -0.75584458    -21.29102396      1.87515703
39.93          -0.75599527    -21.29102923      1.87535877
39.94          -0.75613012    -21.29103450      1.87558659
39.95          -0.75624907    -21.29103979      1.87584050
39.96          -0.75635206    -21.29104508      1.87612049
39.97          -0.75643905    -21.29105038      1.87642654
39.98          -0.75651001    -21.29105569      1.87675862
39.99          -0.75656489    -21.29106101      1.87711670
40.00          -0.75660368    -21.29106634      1.87750072
