# Trimaran outrigger hull (Wigley)
v -12.500000 -0.000000 1.500000
v -12.500000 -0.000000 1.399519
v -12.500000 -0.000000 1.125000
v -12.500000 -0.000000 0.750000
v -12.500000 -0.000000 0.375000
v -12.500000 -0.000000 0.100481
v -12.500000 -0.000000 0.000000
v -12.500000 -0.000000 -0.025556
v -12.500000 -0.000000 -0.100481
v -12.500000 -0.000000 -0.219670
v -12.500000 -0.000000 -0.375000
v -12.500000 -0.000000 -0.555886
v -12.500000 -0.000000 -0.750000
v -12.500000 -0.000000 -0.944114
v -12.500000 -0.000000 -1.125000
v -12.500000 -0.000000 -1.280330
v -12.500000 -0.000000 -1.399519
v -12.500000 -0.000000 -1.474444
v -12.500000 -0.000000 -1.500000
v -12.500000 0.000000 -1.474444
v -12.500000 0.000000 -1.399519
v -12.500000 0.000000 -1.280330
v -12.500000 0.000000 -1.125000
v -12.500000 0.000000 -0.944114
v -12.500000 0.000000 -0.750000
v -12.500000 0.000000 -0.555886
v -12.500000 0.000000 -0.375000
v -12.500000 0.000000 -0.219670
v -12.500000 0.000000 -0.100481
v -12.500000 0.000000 -0.025556
v -12.500000 0.000000 0.000000
v -12.500000 0.000000 0.100481
v -12.500000 0.000000 0.375000
v -12.500000 0.000000 0.750000
v -12.500000 0.000000 1.125000
v -12.500000 0.000000 1.399519
v -12.500000 0.000000 1.500000
v -12.500000 0.000000 1.500000
v -12.500000 0.000000 1.500000
v -12.500000 0.000000 1.500000
v -12.500000 0.000000 1.500000
v -12.500000 -0.000000 1.500000
v -12.500000 -0.000000 1.500000
v -12.500000 -0.000000 1.500000
v -12.473237 -0.008555 1.500000
v -12.473237 -0.008555 1.399519
v -12.473237 -0.008555 1.125000
v -12.473237 -0.008555 0.750000
v -12.473237 -0.008555 0.375000
v -12.473237 -0.008555 0.100481
v -12.473237 -0.008555 0.000000
v -12.473237 -0.008553 -0.025556
v -12.473237 -0.008517 -0.100481
v -12.473237 -0.008372 -0.219670
v -12.473237 -0.008020 -0.375000
v -12.473237 -0.007380 -0.555886
v -12.473237 -0.006416 -0.750000
v -12.473237 -0.005166 -0.944114
v -12.473237 -0.003743 -1.125000
v -12.473237 -0.002322 -1.280330
v -12.473237 -0.001108 -1.399519
v -12.473237 -0.000289 -1.474444
v -12.473237 -0.000000 -1.500000
v -12.473237 0.000289 -1.474444
v -12.473237 0.001108 -1.399519
v -12.473237 0.002322 -1.280330
v -12.473237 0.003743 -1.125000
v -12.473237 0.005166 -0.944114
v -12.473237 0.006416 -0.750000
v -12.473237 0.007380 -0.555886
v -12.473237 0.008020 -0.375000
v -12.473237 0.008372 -0.219670
v -12.473237 0.008517 -0.100481
v -12.473237 0.008553 -0.025556
v -12.473237 0.008555 0.000000
v -12.473237 0.008555 0.100481
v -12.473237 0.008555 0.375000
v -12.473237 0.008555 0.750000
v -12.473237 0.008555 1.125000
v -12.473237 0.008555 1.399519
v -12.473237 0.008555 1.500000
v -12.473237 0.006416 1.500000
v -12.473237 0.004278 1.500000
v -12.473237 0.002139 1.500000
v -12.473237 0.000000 1.500000
v -12.473237 -0.002139 1.500000
v -12.473237 -0.004278 1.500000
v -12.473237 -0.006416 1.500000
v -12.393061 -0.034074 1.500000
v -12.393061 -0.034074 1.399519
v -12.393061 -0.034074 1.125000
v -12.393061 -0.034074 0.750000
v -12.393061 -0.034074 0.375000
v -12.393061 -0.034074 0.100481
v -12.393061 -0.034074 0.000000
v -12.393061 -0.034064 -0.025556
v -12.393061 -0.033921 -0.100481
v -12.393061 -0.033343 -0.219670
v -12.393061 -0.031945 -0.375000
v -12.393061 -0.029395 -0.555886
v -12.393061 -0.025556 -0.750000
v -12.393061 -0.020575 -0.944114
v -12.393061 -0.014907 -1.125000
v -12.393061 -0.009249 -1.280330
v -12.393061 -0.004412 -1.399519
v -12.393061 -0.001151 -1.474444
v -12.393061 -0.000000 -1.500000
v -12.393061 0.001151 -1.474444
v -12.393061 0.004412 -1.399519
v -12.393061 0.009249 -1.280330
v -12.393061 0.014907 -1.125000
v -12.393061 0.020575 -0.944114
v -12.393061 0.025556 -0.750000
v -12.393061 0.029395 -0.555886
v -12.393061 0.031945 -0.375000
v -12.393061 0.033343 -0.219670
v -12.393061 0.033921 -0.100481
v -12.393061 0.034064 -0.025556
v -12.393061 0.034074 0.000000
v -12.393061 0.034074 0.100481
v -12.393061 0.034074 0.375000
v -12.393061 0.034074 0.750000
v -12.393061 0.034074 1.125000
v -12.393061 0.034074 1.399519
v -12.393061 0.034074 1.500000
v -12.393061 0.025556 1.500000
v -12.393061 0.017037 1.500000
v -12.393061 0.008519 1.500000
v -12.393061 0.000000 1.500000
v -12.393061 -0.008519 1.500000
v -12.393061 -0.017037 1.500000
v -12.393061 -0.025556 1.500000
v -12.259816 -0.076120 1.500000
v -12.259816 -0.076120 1.399519
v -12.259816 -0.076120 1.125000
v -12.259816 -0.076120 0.750000
v -12.259816 -0.076120 0.375000
v -12.259816 -0.076120 0.100481
v -12.259816 -0.076120 0.000000
v -12.259816 -0.076098 -0.025556
v -12.259816 -0.075779 -0.100481
v -12.259816 -0.074488 -0.219670
v -12.259816 -0.071363 -0.375000
v -12.259816 -0.065666 -0.555886
v -12.259816 -0.057090 -0.750000
v -12.259816 -0.045965 -0.944114
v -12.259816 -0.033303 -1.125000
v -12.259816 -0.020663 -1.280330
v -12.259816 -0.009857 -1.399519
v -12.259816 -0.002572 -1.474444
v -12.259816 -0.000000 -1.500000
v -12.259816 0.002572 -1.474444
v -12.259816 0.009857 -1.399519
v -12.259816 0.020663 -1.280330
v -12.259816 0.033303 -1.125000
v -12.259816 0.045965 -0.944114
v -12.259816 0.057090 -0.750000
v -12.259816 0.065666 -0.555886
v -12.259816 0.071363 -0.375000
v -12.259816 0.074488 -0.219670
v -12.259816 0.075779 -0.100481
v -12.259816 0.076098 -0.025556
v -12.259816 0.076120 0.000000
v -12.259816 0.076120 0.100481
v -12.259816 0.076120 0.375000
v -12.259816 0.076120 0.750000
v -12.259816 0.076120 1.125000
v -12.259816 0.076120 1.399519
v -12.259816 0.076120 1.500000
v -12.259816 0.057090 1.500000
v -12.259816 0.038060 1.500000
v -12.259816 0.019030 1.500000
v -12.259816 0.000000 1.500000
v -12.259816 -0.019030 1.500000
v -12.259816 -0.038060 1.500000
v -12.259816 -0.057090 1.500000
v -12.074073 -0.133975 1.500000
v -12.074073 -0.133975 1.399519
v -12.074073 -0.133975 1.125000
v -12.074073 -0.133975 0.750000
v -12.074073 -0.133975 0.375000
v -12.074073 -0.133975 0.100481
v -12.074073 -0.133975 0.000000
v -12.074073 -0.133936 -0.025556
v -12.074073 -0.133373 -0.100481
v -12.074073 -0.131101 -0.219670
v -12.074073 -0.125601 -0.375000
v -12.074073 -0.115575 -0.555886
v -12.074073 -0.100481 -0.750000
v -12.074073 -0.080900 -0.944114
v -12.074073 -0.058614 -1.125000
v -12.074073 -0.036367 -1.280330
v -12.074073 -0.017348 -1.399519
v -12.074073 -0.004526 -1.474444
v -12.074073 -0.000000 -1.500000
v -12.074073 0.004526 -1.474444
v -12.074073 0.017348 -1.399519
v -12.074073 0.036367 -1.280330
v -12.074073 0.058614 -1.125000
v -12.074073 0.080900 -0.944114
v -12.074073 0.100481 -0.750000
v -12.074073 0.115575 -0.555886
v -12.074073 0.125601 -0.375000
v -12.074073 0.131101 -0.219670
v -12.074073 0.133373 -0.100481
v -12.074073 0.133936 -0.025556
v -12.074073 0.133975 0.000000
v -12.074073 0.133975 0.100481
v -12.074073 0.133975 0.375000
v -12.074073 0.133975 0.750000
v -12.074073 0.133975 1.125000
v -12.074073 0.133975 1.399519
v -12.074073 0.133975 1.500000
v -12.074073 0.100481 1.500000
v -12.074073 0.066987 1.500000
v -12.074073 0.033494 1.500000
v -12.074073 0.000000 1.500000
v -12.074073 -0.033494 1.500000
v -12.074073 -0.066987 1.500000
v -12.074073 -0.100481 1.500000
v -11.836627 -0.206647 1.500000
v -11.836627 -0.206647 1.399519
v -11.836627 -0.206647 1.125000
v -11.836627 -0.206647 0.750000
v -11.836627 -0.206647 0.375000
v -11.836627 -0.206647 0.100481
v -11.836627 -0.206647 0.000000
v -11.836627 -0.206587 -0.025556
v -11.836627 -0.205719 -0.100481
v -11.836627 -0.202215 -0.219670
v -11.836627 -0.193731 -0.375000
v -11.836627 -0.178266 -0.555886
v -11.836627 -0.154985 -0.750000
v -11.836627 -0.124782 -0.944114
v -11.836627 -0.090408 -1.125000
v -11.836627 -0.056094 -1.280330
v -11.836627 -0.026758 -1.399519
v -11.836627 -0.006981 -1.474444
v -11.836627 -0.000000 -1.500000
v -11.836627 0.006981 -1.474444
v -11.836627 0.026758 -1.399519
v -11.836627 0.056094 -1.280330
v -11.836627 0.090408 -1.125000
v -11.836627 0.124782 -0.944114
v -11.836627 0.154985 -0.750000
v -11.836627 0.178266 -0.555886
v -11.836627 0.193731 -0.375000
v -11.836627 0.202215 -0.219670
v -11.836627 0.205719 -0.100481
v -11.836627 0.206587 -0.025556
v -11.836627 0.206647 0.000000
v -11.836627 0.206647 0.100481
v -11.836627 0.206647 0.375000
v -11.836627 0.206647 0.750000
v -11.836627 0.206647 1.125000
v -11.836627 0.206647 1.399519
v -11.836627 0.206647 1.500000
v -11.836627 0.154985 1.500000
v -11.836627 0.103323 1.500000
v -11.836627 0.051662 1.500000
v -11.836627 0.000000 1.500000
v -11.836627 -0.051662 1.500000
v -11.836627 -0.103323 1.500000
v -11.836627 -0.154985 1.500000
v -11.548494 -0.292893 1.500000
v -11.548494 -0.292893 1.399519
v -11.548494 -0.292893 1.125000
v -11.548494 -0.292893 0.750000
v -11.548494 -0.292893 0.375000
v -11.548494 -0.292893 0.100481
v -11.548494 -0.292893 0.000000
v -11.548494 -0.292808 -0.025556
v -11.548494 -0.291579 -0.100481
v -11.548494 -0.286612 -0.219670
v -11.548494 -0.274587 -0.375000
v -11.548494 -0.252668 -0.555886
v -11.548494 -0.219670 -0.750000
v -11.548494 -0.176862 -0.944114
v -11.548494 -0.128141 -1.125000
v -11.548494 -0.079505 -1.280330
v -11.548494 -0.037926 -1.399519
v -11.548494 -0.009895 -1.474444
v -11.548494 -0.000000 -1.500000
v -11.548494 0.009895 -1.474444
v -11.548494 0.037926 -1.399519
v -11.548494 0.079505 -1.280330
v -11.548494 0.128141 -1.125000
v -11.548494 0.176862 -0.944114
v -11.548494 0.219670 -0.750000
v -11.548494 0.252668 -0.555886
v -11.548494 0.274587 -0.375000
v -11.548494 0.286612 -0.219670
v -11.548494 0.291579 -0.100481
v -11.548494 0.292808 -0.025556
v -11.548494 0.292893 0.000000
v -11.548494 0.292893 0.100481
v -11.548494 0.292893 0.375000
v -11.548494 0.292893 0.750000
v -11.548494 0.292893 1.125000
v -11.548494 0.292893 1.399519
v -11.548494 0.292893 1.500000
v -11.548494 0.219670 1.500000
v -11.548494 0.146447 1.500000
v -11.548494 0.073223 1.500000
v -11.548494 0.000000 1.500000
v -11.548494 -0.073223 1.500000
v -11.548494 -0.146447 1.500000
v -11.548494 -0.219670 1.500000
v -11.210909 -0.391239 1.500000
v -11.210909 -0.391239 1.399519
v -11.210909 -0.391239 1.125000
v -11.210909 -0.391239 0.750000
v -11.210909 -0.391239 0.375000
v -11.210909 -0.391239 0.100481
v -11.210909 -0.391239 0.000000
v -11.210909 -0.391125 -0.025556
v -11.210909 -0.389483 -0.100481
v -11.210909 -0.382848 -0.219670
v -11.210909 -0.366786 -0.375000
v -11.210909 -0.337507 -0.555886
v -11.210909 -0.293429 -0.750000
v -11.210909 -0.236247 -0.944114
v -11.210909 -0.171167 -1.125000
v -11.210909 -0.106200 -1.280330
v -11.210909 -0.050660 -1.399519
v -11.210909 -0.013218 -1.474444
v -11.210909 -0.000000 -1.500000
v -11.210909 0.013218 -1.474444
v -11.210909 0.050660 -1.399519
v -11.210909 0.106200 -1.280330
v -11.210909 0.171167 -1.125000
v -11.210909 0.236247 -0.944114
v -11.210909 0.293429 -0.750000
v -11.210909 0.337507 -0.555886
v -11.210909 0.366786 -0.375000
v -11.210909 0.382848 -0.219670
v -11.210909 0.389483 -0.100481
v -11.210909 0.391125 -0.025556
v -11.210909 0.391239 0.000000
v -11.210909 0.391239 0.100481
v -11.210909 0.391239 0.375000
v -11.210909 0.391239 0.750000
v -11.210909 0.391239 1.125000
v -11.210909 0.391239 1.399519
v -11.210909 0.391239 1.500000
v -11.210909 0.293429 1.500000
v -11.210909 0.195619 1.500000
v -11.210909 0.097810 1.500000
v -11.210909 0.000000 1.500000
v -11.210909 -0.097810 1.500000
v -11.210909 -0.195619 1.500000
v -11.210909 -0.293429 1.500000
v -10.825318 -0.500000 1.500000
v -10.825318 -0.500000 1.399519
v -10.825318 -0.500000 1.125000
v -10.825318 -0.500000 0.750000
v -10.825318 -0.500000 0.375000
v -10.825318 -0.500000 0.100481
v -10.825318 -0.500000 0.000000
v -10.825318 -0.499855 -0.025556
v -10.825318 -0.497756 -0.100481
v -10.825318 -0.489277 -0.219670
v -10.825318 -0.468750 -0.375000
v -10.825318 -0.431331 -0.555886
v -10.825318 -0.375000 -0.750000
v -10.825318 -0.301922 -0.944114
v -10.825318 -0.218750 -1.125000
v -10.825318 -0.135723 -1.280330
v -10.825318 -0.064744 -1.399519
v -10.825318 -0.016892 -1.474444
v -10.825318 -0.000000 -1.500000
v -10.825318 0.016892 -1.474444
v -10.825318 0.064744 -1.399519
v -10.825318 0.135723 -1.280330
v -10.825318 0.218750 -1.125000
v -10.825318 0.301922 -0.944114
v -10.825318 0.375000 -0.750000
v -10.825318 0.431331 -0.555886
v -10.825318 0.468750 -0.375000
v -10.825318 0.489277 -0.219670
v -10.825318 0.497756 -0.100481
v -10.825318 0.499855 -0.025556
v -10.825318 0.500000 0.000000
v -10.825318 0.500000 0.100481
v -10.825318 0.500000 0.375000
v -10.825318 0.500000 0.750000
v -10.825318 0.500000 1.125000
v -10.825318 0.500000 1.399519
v -10.825318 0.500000 1.500000
v -10.825318 0.375000 1.500000
v -10.825318 0.250000 1.500000
v -10.825318 0.125000 1.500000
v -10.825318 0.000000 1.500000
v -10.825318 -0.125000 1.500000
v -10.825318 -0.250000 1.500000
v -10.825318 -0.375000 1.500000
v -10.393370 -0.617317 1.500000
v -10.393370 -0.617317 1.399519
v -10.393370 -0.617317 1.125000
v -10.393370 -0.617317 0.750000
v -10.393370 -0.617317 0.375000
v -10.393370 -0.617317 0.100481
v -10.393370 -0.617317 0.000000
v -10.393370 -0.617137 -0.025556
v -10.393370 -0.614546 -0.100481
v -10.393370 -0.604077 -0.219670
v -10.393370 -0.578734 -0.375000
v -10.393370 -0.532536 -0.555886
v -10.393370 -0.462987 -0.750000
v -10.393370 -0.372763 -0.944114
v -10.393370 -0.270076 -1.125000
v -10.393370 -0.167568 -1.280330
v -10.393370 -0.079935 -1.399519
v -10.393370 -0.020855 -1.474444
v -10.393370 -0.000000 -1.500000
v -10.393370 0.020855 -1.474444
v -10.393370 0.079935 -1.399519
v -10.393370 0.167568 -1.280330
v -10.393370 0.270076 -1.125000
v -10.393370 0.372763 -0.944114
v -10.393370 0.462987 -0.750000
v -10.393370 0.532536 -0.555886
v -10.393370 0.578734 -0.375000
v -10.393370 0.604077 -0.219670
v -10.393370 0.614546 -0.100481
v -10.393370 0.617137 -0.025556
v -10.393370 0.617317 0.000000
v -10.393370 0.617317 0.100481
v -10.393370 0.617317 0.375000
v -10.393370 0.617317 0.750000
v -10.393370 0.617317 1.125000
v -10.393370 0.617317 1.399519
v -10.393370 0.617317 1.500000
v -10.393370 0.462987 1.500000
v -10.393370 0.308658 1.500000
v -10.393370 0.154329 1.500000
v -10.393370 0.000000 1.500000
v -10.393370 -0.154329 1.500000
v -10.393370 -0.308658 1.500000
v -10.393370 -0.462987 1.500000
v -9.916917 -0.741181 1.500000
v -9.916917 -0.741181 1.399519
v -9.916917 -0.741181 1.125000
v -9.916917 -0.741181 0.750000
v -9.916917 -0.741181 0.375000
v -9.916917 -0.741181 0.100481
v -9.916917 -0.741181 0.000000
v -9.916917 -0.740966 -0.025556
v -9.916917 -0.737855 -0.100481
v -9.916917 -0.725285 -0.219670
v -9.916917 -0.694857 -0.375000
v -9.916917 -0.639389 -0.555886
v -9.916917 -0.555886 -0.750000
v -9.916917 -0.447557 -0.944114
v -9.916917 -0.324267 -1.125000
v -9.916917 -0.201191 -1.280330
v -9.916917 -0.095974 -1.399519
v -9.916917 -0.025040 -1.474444
v -9.916917 -0.000000 -1.500000
v -9.916917 0.025040 -1.474444
v -9.916917 0.095974 -1.399519
v -9.916917 0.201191 -1.280330
v -9.916917 0.324267 -1.125000
v -9.916917 0.447557 -0.944114
v -9.916917 0.555886 -0.750000
v -9.916917 0.639389 -0.555886
v -9.916917 0.694857 -0.375000
v -9.916917 0.725285 -0.219670
v -9.916917 0.737855 -0.100481
v -9.916917 0.740966 -0.025556
v -9.916917 0.741181 0.000000
v -9.916917 0.741181 0.100481
v -9.916917 0.741181 0.375000
v -9.916917 0.741181 0.750000
v -9.916917 0.741181 1.125000
v -9.916917 0.741181 1.399519
v -9.916917 0.741181 1.500000
v -9.916917 0.555886 1.500000
v -9.916917 0.370590 1.500000
v -9.916917 0.185295 1.500000
v -9.916917 0.000000 1.500000
v -9.916917 -0.185295 1.500000
v -9.916917 -0.370590 1.500000
v -9.916917 -0.555886 1.500000
v -9.397998 -0.869474 1.500000
v -9.397998 -0.869474 1.399519
v -9.397998 -0.869474 1.125000
v -9.397998 -0.869474 0.750000
v -9.397998 -0.869474 0.375000
v -9.397998 -0.869474 0.100481
v -9.397998 -0.869474 0.000000
v -9.397998 -0.869221 -0.025556
v -9.397998 -0.865572 -0.100481
v -9.397998 -0.850827 -0.219670
v -9.397998 -0.815132 -0.375000
v -9.397998 -0.750063 -0.555886
v -9.397998 -0.652105 -0.750000
v -9.397998 -0.525026 -0.944114
v -9.397998 -0.380395 -1.125000
v -9.397998 -0.236016 -1.280330
v -9.397998 -0.112586 -1.399519
v -9.397998 -0.029374 -1.474444
v -9.397998 -0.000000 -1.500000
v -9.397998 0.029374 -1.474444
v -9.397998 0.112586 -1.399519
v -9.397998 0.236016 -1.280330
v -9.397998 0.380395 -1.125000
v -9.397998 0.525026 -0.944114
v -9.397998 0.652105 -0.750000
v -9.397998 0.750063 -0.555886
v -9.397998 0.815132 -0.375000
v -9.397998 0.850827 -0.219670
v -9.397998 0.865572 -0.100481
v -9.397998 0.869221 -0.025556
v -9.397998 0.869474 0.000000
v -9.397998 0.869474 0.100481
v -9.397998 0.869474 0.375000
v -9.397998 0.869474 0.750000
v -9.397998 0.869474 1.125000
v -9.397998 0.869474 1.399519
v -9.397998 0.869474 1.500000
v -9.397998 0.652105 1.500000
v -9.397998 0.434737 1.500000
v -9.397998 0.217368 1.500000
v -9.397998 0.000000 1.500000
v -9.397998 -0.217368 1.500000
v -9.397998 -0.434737 1.500000
v -9.397998 -0.652105 1.500000
v -8.838835 -1.000000 1.500000
v -8.838835 -1.000000 1.399519
v -8.838835 -1.000000 1.125000
v -8.838835 -1.000000 0.750000
v -8.838835 -1.000000 0.375000
v -8.838835 -1.000000 0.100481
v -8.838835 -1.000000 0.000000
v -8.838835 -0.999710 -0.025556
v -8.838835 -0.995513 -0.100481
v -8.838835 -0.978553 -0.219670
v -8.838835 -0.937500 -0.375000
v -8.838835 -0.862663 -0.555886
v -8.838835 -0.750000 -0.750000
v -8.838835 -0.603844 -0.944114
v -8.838835 -0.437500 -1.125000
v -8.838835 -0.271447 -1.280330
v -8.838835 -0.129487 -1.399519
v -8.838835 -0.033784 -1.474444
v -8.838835 -0.000000 -1.500000
v -8.838835 0.033784 -1.474444
v -8.838835 0.129487 -1.399519
v -8.838835 0.271447 -1.280330
v -8.838835 0.437500 -1.125000
v -8.838835 0.603844 -0.944114
v -8.838835 0.750000 -0.750000
v -8.838835 0.862663 -0.555886
v -8.838835 0.937500 -0.375000
v -8.838835 0.978553 -0.219670
v -8.838835 0.995513 -0.100481
v -8.838835 0.999710 -0.025556
v -8.838835 1.000000 0.000000
v -8.838835 1.000000 0.100481
v -8.838835 1.000000 0.375000
v -8.838835 1.000000 0.750000
v -8.838835 1.000000 1.125000
v -8.838835 1.000000 1.399519
v -8.838835 1.000000 1.500000
v -8.838835 0.750000 1.500000
v -8.838835 0.500000 1.500000
v -8.838835 0.250000 1.500000
v -8.838835 0.000000 1.500000
v -8.838835 -0.250000 1.500000
v -8.838835 -0.500000 1.500000
v -8.838835 -0.750000 1.500000
v -8.241823 -1.130526 1.500000
v -8.241823 -1.130526 1.399519
v -8.241823 -1.130526 1.125000
v -8.241823 -1.130526 0.750000
v -8.241823 -1.130526 0.375000
v -8.241823 -1.130526 0.100481
v -8.241823 -1.130526 0.000000
v -8.241823 -1.130198 -0.025556
v -8.241823 -1.125453 -0.100481
v -8.241823 -1.106280 -0.219670
v -8.241823 -1.059868 -0.375000
v -8.241823 -0.975263 -0.555886
v -8.241823 -0.847895 -0.750000
v -8.241823 -0.682661 -0.944114
v -8.241823 -0.494605 -1.125000
v -8.241823 -0.306878 -1.280330
v -8.241823 -0.146389 -1.399519
v -8.241823 -0.038194 -1.474444
v -8.241823 -0.000000 -1.500000
v -8.241823 0.038194 -1.474444
v -8.241823 0.146389 -1.399519
v -8.241823 0.306878 -1.280330
v -8.241823 0.494605 -1.125000
v -8.241823 0.682661 -0.944114
v -8.241823 0.847895 -0.750000
v -8.241823 0.975263 -0.555886
v -8.241823 1.059868 -0.375000
v -8.241823 1.106280 -0.219670
v -8.241823 1.125453 -0.100481
v -8.241823 1.130198 -0.025556
v -8.241823 1.130526 0.000000
v -8.241823 1.130526 0.100481
v -8.241823 1.130526 0.375000
v -8.241823 1.130526 0.750000
v -8.241823 1.130526 1.125000
v -8.241823 1.130526 1.399519
v -8.241823 1.130526 1.500000
v -8.241823 0.847895 1.500000
v -8.241823 0.565263 1.500000
v -8.241823 0.282632 1.500000
v -8.241823 0.000000 1.500000
v -8.241823 -0.282632 1.500000
v -8.241823 -0.565263 1.500000
v -8.241823 -0.847895 1.500000
v -7.609518 -1.258819 1.500000
v -7.609518 -1.258819 1.399519
v -7.609518 -1.258819 1.125000
v -7.609518 -1.258819 0.750000
v -7.609518 -1.258819 0.375000
v -7.609518 -1.258819 0.100481
v -7.609518 -1.258819 0.000000
v -7.609518 -1.258454 -0.025556
v -7.609518 -1.253170 -0.100481
v -7.609518 -1.231822 -0.219670
v -7.609518 -1.180143 -0.375000
v -7.609518 -1.085936 -0.555886
v -7.609518 -0.944114 -0.750000
v -7.609518 -0.760130 -0.944114
v -7.609518 -0.550733 -1.125000
v -7.609518 -0.341702 -1.280330
v -7.609518 -0.163001 -1.399519
v -7.609518 -0.042528 -1.474444
v -7.609518 -0.000000 -1.500000
v -7.609518 0.042528 -1.474444
v -7.609518 0.163001 -1.399519
v -7.609518 0.341702 -1.280330
v -7.609518 0.550733 -1.125000
v -7.609518 0.760130 -0.944114
v -7.609518 0.944114 -0.750000
v -7.609518 1.085936 -0.555886
v -7.609518 1.180143 -0.375000
v -7.609518 1.231822 -0.219670
v -7.609518 1.253170 -0.100481
v -7.609518 1.258454 -0.025556
v -7.609518 1.258819 0.000000
v -7.609518 1.258819 0.100481
v -7.609518 1.258819 0.375000
v -7.609518 1.258819 0.750000
v -7.609518 1.258819 1.125000
v -7.609518 1.258819 1.399519
v -7.609518 1.258819 1.500000
v -7.609518 0.944114 1.500000
v -7.609518 0.629410 1.500000
v -7.609518 0.314705 1.500000
v -7.609518 0.000000 1.500000
v -7.609518 -0.314705 1.500000
v -7.609518 -0.629410 1.500000
v -7.609518 -0.944114 1.500000
v -6.944628 -1.382683 1.500000
v -6.944628 -1.382683 1.399519
v -6.944628 -1.382683 1.125000
v -6.944628 -1.382683 0.750000
v -6.944628 -1.382683 0.375000
v -6.944628 -1.382683 0.100481
v -6.944628 -1.382683 0.000000
v -6.944628 -1.382282 -0.025556
v -6.944628 -1.376479 -0.100481
v -6.944628 -1.353030 -0.219670
v -6.944628 -1.296266 -0.375000
v -6.944628 -1.192789 -0.555886
v -6.944628 -1.037013 -0.750000
v -6.944628 -0.834925 -0.944114
v -6.944628 -0.604924 -1.125000
v -6.944628 -0.375325 -1.280330
v -6.944628 -0.179040 -1.399519
v -6.944628 -0.046712 -1.474444
v -6.944628 -0.000000 -1.500000
v -6.944628 0.046712 -1.474444
v -6.944628 0.179040 -1.399519
v -6.944628 0.375325 -1.280330
v -6.944628 0.604924 -1.125000
v -6.944628 0.834925 -0.944114
v -6.944628 1.037013 -0.750000
v -6.944628 1.192789 -0.555886
v -6.944628 1.296266 -0.375000
v -6.944628 1.353030 -0.219670
v -6.944628 1.376479 -0.100481
v -6.944628 1.382282 -0.025556
v -6.944628 1.382683 0.000000
v -6.944628 1.382683 0.100481
v -6.944628 1.382683 0.375000
v -6.944628 1.382683 0.750000
v -6.944628 1.382683 1.125000
v -6.944628 1.382683 1.399519
v -6.944628 1.382683 1.500000
v -6.944628 1.037013 1.500000
v -6.944628 0.691342 1.500000
v -6.944628 0.345671 1.500000
v -6.944628 0.000000 1.500000
v -6.944628 -0.345671 1.500000
v -6.944628 -0.691342 1.500000
v -6.944628 -1.037013 1.500000
v -6.250000 -1.500000 1.500000
v -6.250000 -1.500000 1.399519
v -6.250000 -1.500000 1.125000
v -6.250000 -1.500000 0.750000
v -6.250000 -1.500000 0.375000
v -6.250000 -1.500000 0.100481
v -6.250000 -1.500000 0.000000
v -6.250000 -1.499565 -0.025556
v -6.250000 -1.493269 -0.100481
v -6.250000 -1.467830 -0.219670
v -6.250000 -1.406250 -0.375000
v -6.250000 -1.293994 -0.555886
v -6.250000 -1.125000 -0.750000
v -6.250000 -0.905765 -0.944114
v -6.250000 -0.656250 -1.125000
v -6.250000 -0.407170 -1.280330
v -6.250000 -0.194231 -1.399519
v -6.250000 -0.050676 -1.474444
v -6.250000 -0.000000 -1.500000
v -6.250000 0.050676 -1.474444
v -6.250000 0.194231 -1.399519
v -6.250000 0.407170 -1.280330
v -6.250000 0.656250 -1.125000
v -6.250000 0.905765 -0.944114
v -6.250000 1.125000 -0.750000
v -6.250000 1.293994 -0.555886
v -6.250000 1.406250 -0.375000
v -6.250000 1.467830 -0.219670
v -6.250000 1.493269 -0.100481
v -6.250000 1.499565 -0.025556
v -6.250000 1.500000 0.000000
v -6.250000 1.500000 0.100481
v -6.250000 1.500000 0.375000
v -6.250000 1.500000 0.750000
v -6.250000 1.500000 1.125000
v -6.250000 1.500000 1.399519
v -6.250000 1.500000 1.500000
v -6.250000 1.125000 1.500000
v -6.250000 0.750000 1.500000
v -6.250000 0.375000 1.500000
v -6.250000 0.000000 1.500000
v -6.250000 -0.375000 1.500000
v -6.250000 -0.750000 1.500000
v -6.250000 -1.125000 1.500000
v -5.528609 -1.608761 1.500000
v -5.528609 -1.608761 1.399519
v -5.528609 -1.608761 1.125000
v -5.528609 -1.608761 0.750000
v -5.528609 -1.608761 0.375000
v -5.528609 -1.608761 0.100481
v -5.528609 -1.608761 0.000000
v -5.528609 -1.608294 -0.025556
v -5.528609 -1.601542 -0.100481
v -5.528609 -1.574259 -0.219670
v -5.528609 -1.508214 -0.375000
v -5.528609 -1.387818 -0.555886
v -5.528609 -1.206571 -0.750000
v -5.528609 -0.971440 -0.944114
v -5.528609 -0.703833 -1.125000
v -5.528609 -0.436693 -1.280330
v -5.528609 -0.208314 -1.399519
v -5.528609 -0.054350 -1.474444
v -5.528609 -0.000000 -1.500000
v -5.528609 0.054350 -1.474444
v -5.528609 0.208314 -1.399519
v -5.528609 0.436693 -1.280330
v -5.528609 0.703833 -1.125000
v -5.528609 0.971440 -0.944114
v -5.528609 1.206571 -0.750000
v -5.528609 1.387818 -0.555886
v -5.528609 1.508214 -0.375000
v -5.528609 1.574259 -0.219670
v -5.528609 1.601542 -0.100481
v -5.528609 1.608294 -0.025556
v -5.528609 1.608761 0.000000
v -5.528609 1.608761 0.100481
v -5.528609 1.608761 0.375000
v -5.528609 1.608761 0.750000
v -5.528609 1.608761 1.125000
v -5.528609 1.608761 1.399519
v -5.528609 1.608761 1.500000
v -5.528609 1.206571 1.500000
v -5.528609 0.804381 1.500000
v -5.528609 0.402190 1.500000
v -5.528609 0.000000 1.500000
v -5.528609 -0.402190 1.500000
v -5.528609 -0.804381 1.500000
v -5.528609 -1.206571 1.500000
v -4.783543 -1.707107 1.500000
v -4.783543 -1.707107 1.399519
v -4.783543 -1.707107 1.125000
v -4.783543 -1.707107 0.750000
v -4.783543 -1.707107 0.375000
v -4.783543 -1.707107 0.100481
v -4.783543 -1.707107 0.000000
v -4.783543 -1.706611 -0.025556
v -4.783543 -1.699446 -0.100481
v -4.783543 -1.670495 -0.219670
v -4.783543 -1.600413 -0.375000
v -4.783543 -1.472657 -0.555886
v -4.783543 -1.280330 -0.750000
v -4.783543 -1.030826 -0.944114
v -4.783543 -0.746859 -1.125000
v -4.783543 -0.463388 -1.280330
v -4.783543 -0.221049 -1.399519
v -4.783543 -0.057673 -1.474444
v -4.783543 -0.000000 -1.500000
v -4.783543 0.057673 -1.474444
v -4.783543 0.221049 -1.399519
v -4.783543 0.463388 -1.280330
v -4.783543 0.746859 -1.125000
v -4.783543 1.030826 -0.944114
v -4.783543 1.280330 -0.750000
v -4.783543 1.472657 -0.555886
v -4.783543 1.600413 -0.375000
v -4.783543 1.670495 -0.219670
v -4.783543 1.699446 -0.100481
v -4.783543 1.706611 -0.025556
v -4.783543 1.707107 0.000000
v -4.783543 1.707107 0.100481
v -4.783543 1.707107 0.375000
v -4.783543 1.707107 0.750000
v -4.783543 1.707107 1.125000
v -4.783543 1.707107 1.399519
v -4.783543 1.707107 1.500000
v -4.783543 1.280330 1.500000
v -4.783543 0.853553 1.500000
v -4.783543 0.426777 1.500000
v -4.783543 0.000000 1.500000
v -4.783543 -0.426777 1.500000
v -4.783543 -0.853553 1.500000
v -4.783543 -1.280330 1.500000
v -4.017993 -1.793353 1.500000
v -4.017993 -1.793353 1.399519
v -4.017993 -1.793353 1.125000
v -4.017993 -1.793353 0.750000
v -4.017993 -1.793353 0.375000
v -4.017993 -1.793353 0.100481
v -4.017993 -1.793353 0.000000
v -4.017993 -1.792833 -0.025556
v -4.017993 -1.785306 -0.100481
v -4.017993 -1.754892 -0.219670
v -4.017993 -1.681269 -0.375000
v -4.017993 -1.547059 -0.555886
v -4.017993 -1.345015 -0.750000
v -4.017993 -1.082905 -0.944114
v -4.017993 -0.784592 -1.125000
v -4.017993 -0.486800 -1.280330
v -4.017993 -0.232216 -1.399519
v -4.017993 -0.060586 -1.474444
v -4.017993 -0.000000 -1.500000
v -4.017993 0.060586 -1.474444
v -4.017993 0.232216 -1.399519
v -4.017993 0.486800 -1.280330
v -4.017993 0.784592 -1.125000
v -4.017993 1.082905 -0.944114
v -4.017993 1.345015 -0.750000
v -4.017993 1.547059 -0.555886
v -4.017993 1.681269 -0.375000
v -4.017993 1.754892 -0.219670
v -4.017993 1.785306 -0.100481
v -4.017993 1.792833 -0.025556
v -4.017993 1.793353 0.000000
v -4.017993 1.793353 0.100481
v -4.017993 1.793353 0.375000
v -4.017993 1.793353 0.750000
v -4.017993 1.793353 1.125000
v -4.017993 1.793353 1.399519
v -4.017993 1.793353 1.500000
v -4.017993 1.345015 1.500000
v -4.017993 0.896677 1.500000
v -4.017993 0.448338 1.500000
v -4.017993 0.000000 1.500000
v -4.017993 -0.448338 1.500000
v -4.017993 -0.896677 1.500000
v -4.017993 -1.345015 1.500000
v -3.235238 -1.866025 1.500000
v -3.235238 -1.866025 1.399519
v -3.235238 -1.866025 1.125000
v -3.235238 -1.866025 0.750000
v -3.235238 -1.866025 0.375000
v -3.235238 -1.866025 0.100481
v -3.235238 -1.866025 0.000000
v -3.235238 -1.865484 -0.025556
v -3.235238 -1.857652 -0.100481
v -3.235238 -1.826005 -0.219670
v -3.235238 -1.749399 -0.375000
v -3.235238 -1.609751 -0.555886
v -3.235238 -1.399519 -0.750000
v -3.235238 -1.126788 -0.944114
v -3.235238 -0.816386 -1.125000
v -3.235238 -0.506526 -1.280330
v -3.235238 -0.241627 -1.399519
v -3.235238 -0.063042 -1.474444
v -3.235238 -0.000000 -1.500000
v -3.235238 0.063042 -1.474444
v -3.235238 0.241627 -1.399519
v -3.235238 0.506526 -1.280330
v -3.235238 0.816386 -1.125000
v -3.235238 1.126788 -0.944114
v -3.235238 1.399519 -0.750000
v -3.235238 1.609751 -0.555886
v -3.235238 1.749399 -0.375000
v -3.235238 1.826005 -0.219670
v -3.235238 1.857652 -0.100481
v -3.235238 1.865484 -0.025556
v -3.235238 1.866025 0.000000
v -3.235238 1.866025 0.100481
v -3.235238 1.866025 0.375000
v -3.235238 1.866025 0.750000
v -3.235238 1.866025 1.125000
v -3.235238 1.866025 1.399519
v -3.235238 1.866025 1.500000
v -3.235238 1.399519 1.500000
v -3.235238 0.933013 1.500000
v -3.235238 0.466506 1.500000
v -3.235238 0.000000 1.500000
v -3.235238 -0.466506 1.500000
v -3.235238 -0.933013 1.500000
v -3.235238 -1.399519 1.500000
v -2.438629 -1.923880 1.500000
v -2.438629 -1.923880 1.399519
v -2.438629 -1.923880 1.125000
v -2.438629 -1.923880 0.750000
v -2.438629 -1.923880 0.375000
v -2.438629 -1.923880 0.100481
v -2.438629 -1.923880 0.000000
v -2.438629 -1.923321 -0.025556
v -2.438629 -1.915247 -0.100481
v -2.438629 -1.882619 -0.219670
v -2.438629 -1.803637 -0.375000
v -2.438629 -1.659659 -0.555886
v -2.438629 -1.442910 -0.750000
v -2.438629 -1.161722 -0.944114
v -2.438629 -0.841697 -1.125000
v -2.438629 -0.522231 -1.280330
v -2.438629 -0.249118 -1.399519
v -2.438629 -0.064996 -1.474444
v -2.438629 -0.000000 -1.500000
v -2.438629 0.064996 -1.474444
v -2.438629 0.249118 -1.399519
v -2.438629 0.522231 -1.280330
v -2.438629 0.841697 -1.125000
v -2.438629 1.161722 -0.944114
v -2.438629 1.442910 -0.750000
v -2.438629 1.659659 -0.555886
v -2.438629 1.803637 -0.375000
v -2.438629 1.882619 -0.219670
v -2.438629 1.915247 -0.100481
v -2.438629 1.923321 -0.025556
v -2.438629 1.923880 0.000000
v -2.438629 1.923880 0.100481
v -2.438629 1.923880 0.375000
v -2.438629 1.923880 0.750000
v -2.438629 1.923880 1.125000
v -2.438629 1.923880 1.399519
v -2.438629 1.923880 1.500000
v -2.438629 1.442910 1.500000
v -2.438629 0.961940 1.500000
v -2.438629 0.480970 1.500000
v -2.438629 0.000000 1.500000
v -2.438629 -0.480970 1.500000
v -2.438629 -0.961940 1.500000
v -2.438629 -1.442910 1.500000
v -1.631577 -1.965926 1.500000
v -1.631577 -1.965926 1.399519
v -1.631577 -1.965926 1.125000
v -1.631577 -1.965926 0.750000
v -1.631577 -1.965926 0.375000
v -1.631577 -1.965926 0.100481
v -1.631577 -1.965926 0.000000
v -1.631577 -1.965355 -0.025556
v -1.631577 -1.957104 -0.100481
v -1.631577 -1.923763 -0.219670
v -1.631577 -1.843055 -0.375000
v -1.631577 -1.695931 -0.555886
v -1.631577 -1.474444 -0.750000
v -1.631577 -1.187112 -0.944114
v -1.631577 -0.860093 -1.125000
v -1.631577 -0.533644 -1.280330
v -1.631577 -0.254562 -1.399519
v -1.631577 -0.066417 -1.474444
v -1.631577 -0.000000 -1.500000
v -1.631577 0.066417 -1.474444
v -1.631577 0.254562 -1.399519
v -1.631577 0.533644 -1.280330
v -1.631577 0.860093 -1.125000
v -1.631577 1.187112 -0.944114
v -1.631577 1.474444 -0.750000
v -1.631577 1.695931 -0.555886
v -1.631577 1.843055 -0.375000
v -1.631577 1.923763 -0.219670
v -1.631577 1.957104 -0.100481
v -1.631577 1.965355 -0.025556
v -1.631577 1.965926 0.000000
v -1.631577 1.965926 0.100481
v -1.631577 1.965926 0.375000
v -1.631577 1.965926 0.750000
v -1.631577 1.965926 1.125000
v -1.631577 1.965926 1.399519
v -1.631577 1.965926 1.500000
v -1.631577 1.474444 1.500000
v -1.631577 0.982963 1.500000
v -1.631577 0.491481 1.500000
v -1.631577 0.000000 1.500000
v -1.631577 -0.491481 1.500000
v -1.631577 -0.982963 1.500000
v -1.631577 -1.474444 1.500000
v -0.817539 -1.991445 1.500000
v -0.817539 -1.991445 1.399519
v -0.817539 -1.991445 1.125000
v -0.817539 -1.991445 0.750000
v -0.817539 -1.991445 0.375000
v -0.817539 -1.991445 0.100481
v -0.817539 -1.991445 0.000000
v -0.817539 -1.990867 -0.025556
v -0.817539 -1.982509 -0.100481
v -0.817539 -1.948735 -0.219670
v -0.817539 -1.866980 -0.375000
v -0.817539 -1.717945 -0.555886
v -0.817539 -1.493584 -0.750000
v -0.817539 -1.202521 -0.944114
v -0.817539 -0.871257 -1.125000
v -0.817539 -0.540571 -1.280330
v -0.817539 -0.257867 -1.399519
v -0.817539 -0.067279 -1.474444
v -0.817539 -0.000000 -1.500000
v -0.817539 0.067279 -1.474444
v -0.817539 0.257867 -1.399519
v -0.817539 0.540571 -1.280330
v -0.817539 0.871257 -1.125000
v -0.817539 1.202521 -0.944114
v -0.817539 1.493584 -0.750000
v -0.817539 1.717945 -0.555886
v -0.817539 1.866980 -0.375000
v -0.817539 1.948735 -0.219670
v -0.817539 1.982509 -0.100481
v -0.817539 1.990867 -0.025556
v -0.817539 1.991445 0.000000
v -0.817539 1.991445 0.100481
v -0.817539 1.991445 0.375000
v -0.817539 1.991445 0.750000
v -0.817539 1.991445 1.125000
v -0.817539 1.991445 1.399519
v -0.817539 1.991445 1.500000
v -0.817539 1.493584 1.500000
v -0.817539 0.995722 1.500000
v -0.817539 0.497861 1.500000
v -0.817539 0.000000 1.500000
v -0.817539 -0.497861 1.500000
v -0.817539 -0.995722 1.500000
v -0.817539 -1.493584 1.500000
v -0.000000 -2.000000 1.500000
v -0.000000 -2.000000 1.399519
v -0.000000 -2.000000 1.125000
v -0.000000 -2.000000 0.750000
v -0.000000 -2.000000 0.375000
v -0.000000 -2.000000 0.100481
v -0.000000 -2.000000 0.000000
v -0.000000 -1.999419 -0.025556
v -0.000000 -1.991025 -0.100481
v -0.000000 -1.957107 -0.219670
v -0.000000 -1.875000 -0.375000
v -0.000000 -1.725325 -0.555886
v -0.000000 -1.500000 -0.750000
v -0.000000 -1.207687 -0.944114
v -0.000000 -0.875000 -1.125000
v -0.000000 -0.542893 -1.280330
v -0.000000 -0.258975 -1.399519
v -0.000000 -0.067568 -1.474444
v -0.000000 -0.000000 -1.500000
v -0.000000 0.067568 -1.474444
v -0.000000 0.258975 -1.399519
v -0.000000 0.542893 -1.280330
v -0.000000 0.875000 -1.125000
v -0.000000 1.207687 -0.944114
v -0.000000 1.500000 -0.750000
v -0.000000 1.725325 -0.555886
v -0.000000 1.875000 -0.375000
v -0.000000 1.957107 -0.219670
v -0.000000 1.991025 -0.100481
v -0.000000 1.999419 -0.025556
v -0.000000 2.000000 0.000000
v -0.000000 2.000000 0.100481
v -0.000000 2.000000 0.375000
v -0.000000 2.000000 0.750000
v -0.000000 2.000000 1.125000
v -0.000000 2.000000 1.399519
v -0.000000 2.000000 1.500000
v -0.000000 1.500000 1.500000
v -0.000000 1.000000 1.500000
v -0.000000 0.500000 1.500000
v -0.000000 0.000000 1.500000
v -0.000000 -0.500000 1.500000
v -0.000000 -1.000000 1.500000
v -0.000000 -1.500000 1.500000
v 0.817539 -1.991445 1.500000
v 0.817539 -1.991445 1.399519
v 0.817539 -1.991445 1.125000
v 0.817539 -1.991445 0.750000
v 0.817539 -1.991445 0.375000
v 0.817539 -1.991445 0.100481
v 0.817539 -1.991445 0.000000
v 0.817539 -1.990867 -0.025556
v 0.817539 -1.982509 -0.100481
v 0.817539 -1.948735 -0.219670
v 0.817539 -1.866980 -0.375000
v 0.817539 -1.717945 -0.555886
v 0.817539 -1.493584 -0.750000
v 0.817539 -1.202521 -0.944114
v 0.817539 -0.871257 -1.125000
v 0.817539 -0.540571 -1.280330
v 0.817539 -0.257867 -1.399519
v 0.817539 -0.067279 -1.474444
v 0.817539 -0.000000 -1.500000
v 0.817539 0.067279 -1.474444
v 0.817539 0.257867 -1.399519
v 0.817539 0.540571 -1.280330
v 0.817539 0.871257 -1.125000
v 0.817539 1.202521 -0.944114
v 0.817539 1.493584 -0.750000
v 0.817539 1.717945 -0.555886
v 0.817539 1.866980 -0.375000
v 0.817539 1.948735 -0.219670
v 0.817539 1.982509 -0.100481
v 0.817539 1.990867 -0.025556
v 0.817539 1.991445 0.000000
v 0.817539 1.991445 0.100481
v 0.817539 1.991445 0.375000
v 0.817539 1.991445 0.750000
v 0.817539 1.991445 1.125000
v 0.817539 1.991445 1.399519
v 0.817539 1.991445 1.500000
v 0.817539 1.493584 1.500000
v 0.817539 0.995722 1.500000
v 0.817539 0.497861 1.500000
v 0.817539 0.000000 1.500000
v 0.817539 -0.497861 1.500000
v 0.817539 -0.995722 1.500000
v 0.817539 -1.493584 1.500000
v 1.631577 -1.965926 1.500000
v 1.631577 -1.965926 1.399519
v 1.631577 -1.965926 1.125000
v 1.631577 -1.965926 0.750000
v 1.631577 -1.965926 0.375000
v 1.631577 -1.965926 0.100481
v 1.631577 -1.965926 0.000000
v 1.631577 -1.965355 -0.025556
v 1.631577 -1.957104 -0.100481
v 1.631577 -1.923763 -0.219670
v 1.631577 -1.843055 -0.375000
v 1.631577 -1.695931 -0.555886
v 1.631577 -1.474444 -0.750000
v 1.631577 -1.187112 -0.944114
v 1.631577 -0.860093 -1.125000
v 1.631577 -0.533644 -1.280330
v 1.631577 -0.254562 -1.399519
v 1.631577 -0.066417 -1.474444
v 1.631577 -0.000000 -1.500000
v 1.631577 0.066417 -1.474444
v 1.631577 0.254562 -1.399519
v 1.631577 0.533644 -1.280330
v 1.631577 0.860093 -1.125000
v 1.631577 1.187112 -0.944114
v 1.631577 1.474444 -0.750000
v 1.631577 1.695931 -0.555886
v 1.631577 1.843055 -0.375000
v 1.631577 1.923763 -0.219670
v 1.631577 1.957104 -0.100481
v 1.631577 1.965355 -0.025556
v 1.631577 1.965926 0.000000
v 1.631577 1.965926 0.100481
v 1.631577 1.965926 0.375000
v 1.631577 1.965926 0.750000
v 1.631577 1.965926 1.125000
v 1.631577 1.965926 1.399519
v 1.631577 1.965926 1.500000
v 1.631577 1.474444 1.500000
v 1.631577 0.982963 1.500000
v 1.631577 0.491481 1.500000
v 1.631577 0.000000 1.500000
v 1.631577 -0.491481 1.500000
v 1.631577 -0.982963 1.500000
v 1.631577 -1.474444 1.500000
v 2.438629 -1.923880 1.500000
v 2.438629 -1.923880 1.399519
v 2.438629 -1.923880 1.125000
v 2.438629 -1.923880 0.750000
v 2.438629 -1.923880 0.375000
v 2.438629 -1.923880 0.100481
v 2.438629 -1.923880 0.000000
v 2.438629 -1.923321 -0.025556
v 2.438629 -1.915247 -0.100481
v 2.438629 -1.882619 -0.219670
v 2.438629 -1.803637 -0.375000
v 2.438629 -1.659659 -0.555886
v 2.438629 -1.442910 -0.750000
v 2.438629 -1.161722 -0.944114
v 2.438629 -0.841697 -1.125000
v 2.438629 -0.522231 -1.280330
v 2.438629 -0.249118 -1.399519
v 2.438629 -0.064996 -1.474444
v 2.438629 -0.000000 -1.500000
v 2.438629 0.064996 -1.474444
v 2.438629 0.249118 -1.399519
v 2.438629 0.522231 -1.280330
v 2.438629 0.841697 -1.125000
v 2.438629 1.161722 -0.944114
v 2.438629 1.442910 -0.750000
v 2.438629 1.659659 -0.555886
v 2.438629 1.803637 -0.375000
v 2.438629 1.882619 -0.219670
v 2.438629 1.915247 -0.100481
v 2.438629 1.923321 -0.025556
v 2.438629 1.923880 0.000000
v 2.438629 1.923880 0.100481
v 2.438629 1.923880 0.375000
v 2.438629 1.923880 0.750000
v 2.438629 1.923880 1.125000
v 2.438629 1.923880 1.399519
v 2.438629 1.923880 1.500000
v 2.438629 1.442910 1.500000
v 2.438629 0.961940 1.500000
v 2.438629 0.480970 1.500000
v 2.438629 0.000000 1.500000
v 2.438629 -0.480970 1.500000
v 2.438629 -0.961940 1.500000
v 2.438629 -1.442910 1.500000
v 3.235238 -1.866025 1.500000
v 3.235238 -1.866025 1.399519
v 3.235238 -1.866025 1.125000
v 3.235238 -1.866025 0.750000
v 3.235238 -1.866025 0.375000
v 3.235238 -1.866025 0.100481
v 3.235238 -1.866025 0.000000
v 3.235238 -1.865484 -0.025556
v 3.235238 -1.857652 -0.100481
v 3.235238 -1.826005 -0.219670
v 3.235238 -1.749399 -0.375000
v 3.235238 -1.609751 -0.555886
v 3.235238 -1.399519 -0.750000
v 3.235238 -1.126788 -0.944114
v 3.235238 -0.816386 -1.125000
v 3.235238 -0.506526 -1.280330
v 3.235238 -0.241627 -1.399519
v 3.235238 -0.063042 -1.474444
v 3.235238 -0.000000 -1.500000
v 3.235238 0.063042 -1.474444
v 3.235238 0.241627 -1.399519
v 3.235238 0.506526 -1.280330
v 3.235238 0.816386 -1.125000
v 3.235238 1.126788 -0.944114
v 3.235238 1.399519 -0.750000
v 3.235238 1.609751 -0.555886
v 3.235238 1.749399 -0.375000
v 3.235238 1.826005 -0.219670
v 3.235238 1.857652 -0.100481
v 3.235238 1.865484 -0.025556
v 3.235238 1.866025 0.000000
v 3.235238 1.866025 0.100481
v 3.235238 1.866025 0.375000
v 3.235238 1.866025 0.750000
v 3.235238 1.866025 1.125000
v 3.235238 1.866025 1.399519
v 3.235238 1.866025 1.500000
v 3.235238 1.399519 1.500000
v 3.235238 0.933013 1.500000
v 3.235238 0.466506 1.500000
v 3.235238 0.000000 1.500000
v 3.235238 -0.466506 1.500000
v 3.235238 -0.933013 1.500000
v 3.235238 -1.399519 1.500000
v 4.017993 -1.793353 1.500000
v 4.017993 -1.793353 1.399519
v 4.017993 -1.793353 1.125000
v 4.017993 -1.793353 0.750000
v 4.017993 -1.793353 0.375000
v 4.017993 -1.793353 0.100481
v 4.017993 -1.793353 0.000000
v 4.017993 -1.792833 -0.025556
v 4.017993 -1.785306 -0.100481
v 4.017993 -1.754892 -0.219670
v 4.017993 -1.681269 -0.375000
v 4.017993 -1.547059 -0.555886
v 4.017993 -1.345015 -0.750000
v 4.017993 -1.082905 -0.944114
v 4.017993 -0.784592 -1.125000
v 4.017993 -0.486800 -1.280330
v 4.017993 -0.232216 -1.399519
v 4.017993 -0.060586 -1.474444
v 4.017993 -0.000000 -1.500000
v 4.017993 0.060586 -1.474444
v 4.017993 0.232216 -1.399519
v 4.017993 0.486800 -1.280330
v 4.017993 0.784592 -1.125000
v 4.017993 1.082905 -0.944114
v 4.017993 1.345015 -0.750000
v 4.017993 1.547059 -0.555886
v 4.017993 1.681269 -0.375000
v 4.017993 1.754892 -0.219670
v 4.017993 1.785306 -0.100481
v 4.017993 1.792833 -0.025556
v 4.017993 1.793353 0.000000
v 4.017993 1.793353 0.100481
v 4.017993 1.793353 0.375000
v 4.017993 1.793353 0.750000
v 4.017993 1.793353 1.125000
v 4.017993 1.793353 1.399519
v 4.017993 1.793353 1.500000
v 4.017993 1.345015 1.500000
v 4.017993 0.896677 1.500000
v 4.017993 0.448338 1.500000
v 4.017993 0.000000 1.500000
v 4.017993 -0.448338 1.500000
v 4.017993 -0.896677 1.500000
v 4.017993 -1.345015 1.500000
v 4.783543 -1.707107 1.500000
v 4.783543 -1.707107 1.399519
v 4.783543 -1.707107 1.125000
v 4.783543 -1.707107 0.750000
v 4.783543 -1.707107 0.375000
v 4.783543 -1.707107 0.100481
v 4.783543 -1.707107 0.000000
v 4.783543 -1.706611 -0.025556
v 4.783543 -1.699446 -0.100481
v 4.783543 -1.670495 -0.219670
v 4.783543 -1.600413 -0.375000
v 4.783543 -1.472657 -0.555886
v 4.783543 -1.280330 -0.750000
v 4.783543 -1.030826 -0.944114
v 4.783543 -0.746859 -1.125000
v 4.783543 -0.463388 -1.280330
v 4.783543 -0.221049 -1.399519
v 4.783543 -0.057673 -1.474444
v 4.783543 -0.000000 -1.500000
v 4.783543 0.057673 -1.474444
v 4.783543 0.221049 -1.399519
v 4.783543 0.463388 -1.280330
v 4.783543 0.746859 -1.125000
v 4.783543 1.030826 -0.944114
v 4.783543 1.280330 -0.750000
v 4.783543 1.472657 -0.555886
v 4.783543 1.600413 -0.375000
v 4.783543 1.670495 -0.219670
v 4.783543 1.699446 -0.100481
v 4.783543 1.706611 -0.025556
v 4.783543 1.707107 0.000000
v 4.783543 1.707107 0.100481
v 4.783543 1.707107 0.375000
v 4.783543 1.707107 0.750000
v 4.783543 1.707107 1.125000
v 4.783543 1.707107 1.399519
v 4.783543 1.707107 1.500000
v 4.783543 1.280330 1.500000
v 4.783543 0.853553 1.500000
v 4.783543 0.426777 1.500000
v 4.783543 0.000000 1.500000
v 4.783543 -0.426777 1.500000
v 4.783543 -0.853553 1.500000
v 4.783543 -1.280330 1.500000
v 5.528609 -1.608761 1.500000
v 5.528609 -1.608761 1.399519
v 5.528609 -1.608761 1.125000
v 5.528609 -1.608761 0.750000
v 5.528609 -1.608761 0.375000
v 5.528609 -1.608761 0.100481
v 5.528609 -1.608761 0.000000
v 5.528609 -1.608294 -0.025556
v 5.528609 -1.601542 -0.100481
v 5.528609 -1.574259 -0.219670
v 5.528609 -1.508214 -0.375000
v 5.528609 -1.387818 -0.555886
v 5.528609 -1.206571 -0.750000
v 5.528609 -0.971440 -0.944114
v 5.528609 -0.703833 -1.125000
v 5.528609 -0.436693 -1.280330
v 5.528609 -0.208314 -1.399519
v 5.528609 -0.054350 -1.474444
v 5.528609 -0.000000 -1.500000
v 5.528609 0.054350 -1.474444
v 5.528609 0.208314 -1.399519
v 5.528609 0.436693 -1.280330
v 5.528609 0.703833 -1.125000
v 5.528609 0.971440 -0.944114
v 5.528609 1.206571 -0.750000
v 5.528609 1.387818 -0.555886
v 5.528609 1.508214 -0.375000
v 5.528609 1.574259 -0.219670
v 5.528609 1.601542 -0.100481
v 5.528609 1.608294 -0.025556
v 5.528609 1.608761 0.000000
v 5.528609 1.608761 0.100481
v 5.528609 1.608761 0.375000
v 5.528609 1.608761 0.750000
v 5.528609 1.608761 1.125000
v 5.528609 1.608761 1.399519
v 5.528609 1.608761 1.500000
v 5.528609 1.206571 1.500000
v 5.528609 0.804381 1.500000
v 5.528609 0.402190 1.500000
v 5.528609 0.000000 1.500000
v 5.528609 -0.402190 1.500000
v 5.528609 -0.804381 1.500000
v 5.528609 -1.206571 1.500000
v 6.250000 -1.500000 1.500000
v 6.250000 -1.500000 1.399519
v 6.250000 -1.500000 1.125000
v 6.250000 -1.500000 0.750000
v 6.250000 -1.500000 0.375000
v 6.250000 -1.500000 0.100481
v 6.250000 -1.500000 0.000000
v 6.250000 -1.499565 -0.025556
v 6.250000 -1.493269 -0.100481
v 6.250000 -1.467830 -0.219670
v 6.250000 -1.406250 -0.375000
v 6.250000 -1.293994 -0.555886
v 6.250000 -1.125000 -0.750000
v 6.250000 -0.905765 -0.944114
v 6.250000 -0.656250 -1.125000
v 6.250000 -0.407170 -1.280330
v 6.250000 -0.194231 -1.399519
v 6.250000 -0.050676 -1.474444
v 6.250000 -0.000000 -1.500000
v 6.250000 0.050676 -1.474444
v 6.250000 0.194231 -1.399519
v 6.250000 0.407170 -1.280330
v 6.250000 0.656250 -1.125000
v 6.250000 0.905765 -0.944114
v 6.250000 1.125000 -0.750000
v 6.250000 1.293994 -0.555886
v 6.250000 1.406250 -0.375000
v 6.250000 1.467830 -0.219670
v 6.250000 1.493269 -0.100481
v 6.250000 1.499565 -0.025556
v 6.250000 1.500000 0.000000
v 6.250000 1.500000 0.100481
v 6.250000 1.500000 0.375000
v 6.250000 1.500000 0.750000
v 6.250000 1.500000 1.125000
v 6.250000 1.500000 1.399519
v 6.250000 1.500000 1.500000
v 6.250000 1.125000 1.500000
v 6.250000 0.750000 1.500000
v 6.250000 0.375000 1.500000
v 6.250000 0.000000 1.500000
v 6.250000 -0.375000 1.500000
v 6.250000 -0.750000 1.500000
v 6.250000 -1.125000 1.500000
v 6.944628 -1.382683 1.500000
v 6.944628 -1.382683 1.399519
v 6.944628 -1.382683 1.125000
v 6.944628 -1.382683 0.750000
v 6.944628 -1.382683 0.375000
v 6.944628 -1.382683 0.100481
v 6.944628 -1.382683 0.000000
v 6.944628 -1.382282 -0.025556
v 6.944628 -1.376479 -0.100481
v 6.944628 -1.353030 -0.219670
v 6.944628 -1.296266 -0.375000
v 6.944628 -1.192789 -0.555886
v 6.944628 -1.037013 -0.750000
v 6.944628 -0.834925 -0.944114
v 6.944628 -0.604924 -1.125000
v 6.944628 -0.375325 -1.280330
v 6.944628 -0.179040 -1.399519
v 6.944628 -0.046712 -1.474444
v 6.944628 -0.000000 -1.500000
v 6.944628 0.046712 -1.474444
v 6.944628 0.179040 -1.399519
v 6.944628 0.375325 -1.280330
v 6.944628 0.604924 -1.125000
v 6.944628 0.834925 -0.944114
v 6.944628 1.037013 -0.750000
v 6.944628 1.192789 -0.555886
v 6.944628 1.296266 -0.375000
v 6.944628 1.353030 -0.219670
v 6.944628 1.376479 -0.100481
v 6.944628 1.382282 -0.025556
v 6.944628 1.382683 0.000000
v 6.944628 1.382683 0.100481
v 6.944628 1.382683 0.375000
v 6.944628 1.382683 0.750000
v 6.944628 1.382683 1.125000
v 6.944628 1.382683 1.399519
v 6.944628 1.382683 1.500000
v 6.944628 1.037013 1.500000
v 6.944628 0.691342 1.500000
v 6.944628 0.345671 1.500000
v 6.944628 0.000000 1.500000
v 6.944628 -0.345671 1.500000
v 6.944628 -0.691342 1.500000
v 6.944628 -1.037013 1.500000
v 7.609518 -1.258819 1.500000
v 7.609518 -1.258819 1.399519
v 7.609518 -1.258819 1.125000
v 7.609518 -1.258819 0.750000
v 7.609518 -1.258819 0.375000
v 7.609518 -1.258819 0.100481
v 7.609518 -1.258819 0.000000
v 7.609518 -1.258454 -0.025556
v 7.609518 -1.253170 -0.100481
v 7.609518 -1.231822 -0.219670
v 7.609518 -1.180143 -0.375000
v 7.609518 -1.085936 -0.555886
v 7.609518 -0.944114 -0.750000
v 7.609518 -0.760130 -0.944114
v 7.609518 -0.550733 -1.125000
v 7.609518 -0.341702 -1.280330
v 7.609518 -0.163001 -1.399519
v 7.609518 -0.042528 -1.474444
v 7.609518 -0.000000 -1.500000
v 7.609518 0.042528 -1.474444
v 7.609518 0.163001 -1.399519
v 7.609518 0.341702 -1.280330
v 7.609518 0.550733 -1.125000
v 7.609518 0.760130 -0.944114
v 7.609518 0.944114 -0.750000
v 7.609518 1.085936 -0.555886
v 7.609518 1.180143 -0.375000
v 7.609518 1.231822 -0.219670
v 7.609518 1.253170 -0.100481
v 7.609518 1.258454 -0.025556
v 7.609518 1.258819 0.000000
v 7.609518 1.258819 0.100481
v 7.609518 1.258819 0.375000
v 7.609518 1.258819 0.750000
v 7.609518 1.258819 1.125000
v 7.609518 1.258819 1.399519
v 7.609518 1.258819 1.500000
v 7.609518 0.944114 1.500000
v 7.609518 0.629410 1.500000
v 7.609518 0.314705 1.500000
v 7.609518 0.000000 1.500000
v 7.609518 -0.314705 1.500000
v 7.609518 -0.629410 1.500000
v 7.609518 -0.944114 1.500000
v 8.241823 -1.130526 1.500000
v 8.241823 -1.130526 1.399519
v 8.241823 -1.130526 1.125000
v 8.241823 -1.130526 0.750000
v 8.241823 -1.130526 0.375000
v 8.241823 -1.130526 0.100481
v 8.241823 -1.130526 0.000000
v 8.241823 -1.130198 -0.025556
v 8.241823 -1.125453 -0.100481
v 8.241823 -1.106280 -0.219670
v 8.241823 -1.059868 -0.375000
v 8.241823 -0.975263 -0.555886
v 8.241823 -0.847895 -0.750000
v 8.241823 -0.682661 -0.944114
v 8.241823 -0.494605 -1.125000
v 8.241823 -0.306878 -1.280330
v 8.241823 -0.146389 -1.399519
v 8.241823 -0.038194 -1.474444
v 8.241823 -0.000000 -1.500000
v 8.241823 0.038194 -1.474444
v 8.241823 0.146389 -1.399519
v 8.241823 0.306878 -1.280330
v 8.241823 0.494605 -1.125000
v 8.241823 0.682661 -0.944114
v 8.241823 0.847895 -0.750000
v 8.241823 0.975263 -0.555886
v 8.241823 1.059868 -0.375000
v 8.241823 1.106280 -0.219670
v 8.241823 1.125453 -0.100481
v 8.241823 1.130198 -0.025556
v 8.241823 1.130526 0.000000
v 8.241823 1.130526 0.100481
v 8.241823 1.130526 0.375000
v 8.241823 1.130526 0.750000
v 8.241823 1.130526 1.125000
v 8.241823 1.130526 1.399519
v 8.241823 1.130526 1.500000
v 8.241823 0.847895 1.500000
v 8.241823 0.565263 1.500000
v 8.241823 0.282632 1.500000
v 8.241823 0.000000 1.500000
v 8.241823 -0.282632 1.500000
v 8.241823 -0.565263 1.500000
v 8.241823 -0.847895 1.500000
v 8.838835 -1.000000 1.500000
v 8.838835 -1.000000 1.399519
v 8.838835 -1.000000 1.125000
v 8.838835 -1.000000 0.750000
v 8.838835 -1.000000 0.375000
v 8.838835 -1.000000 0.100481
v 8.838835 -1.000000 0.000000
v 8.838835 -0.999710 -0.025556
v 8.838835 -0.995513 -0.100481
v 8.838835 -0.978553 -0.219670
v 8.838835 -0.937500 -0.375000
v 8.838835 -0.862663 -0.555886
v 8.838835 -0.750000 -0.750000
v 8.838835 -0.603844 -0.944114
v 8.838835 -0.437500 -1.125000
v 8.838835 -0.271447 -1.280330
v 8.838835 -0.129487 -1.399519
v 8.838835 -0.033784 -1.474444
v 8.838835 -0.000000 -1.500000
v 8.838835 0.033784 -1.474444
v 8.838835 0.129487 -1.399519
v 8.838835 0.271447 -1.280330
v 8.838835 0.437500 -1.125000
v 8.838835 0.603844 -0.944114
v 8.838835 0.750000 -0.750000
v 8.838835 0.862663 -0.555886
v 8.838835 0.937500 -0.375000
v 8.838835 0.978553 -0.219670
v 8.838835 0.995513 -0.100481
v 8.838835 0.999710 -0.025556
v 8.838835 1.000000 0.000000
v 8.838835 1.000000 0.100481
v 8.838835 1.000000 0.375000
v 8.838835 1.000000 0.750000
v 8.838835 1.000000 1.125000
v 8.838835 1.000000 1.399519
v 8.838835 1.000000 1.500000
v 8.838835 0.750000 1.500000
v 8.838835 0.500000 1.500000
v 8.838835 0.250000 1.500000
v 8.838835 0.000000 1.500000
v 8.838835 -0.250000 1.500000
v 8.838835 -0.500000 1.500000
v 8.838835 -0.750000 1.500000
v 9.397998 -0.869474 1.500000
v 9.397998 -0.869474 1.399519
v 9.397998 -0.869474 1.125000
v 9.397998 -0.869474 0.750000
v 9.397998 -0.869474 0.375000
v 9.397998 -0.869474 0.100481
v 9.397998 -0.869474 0.000000
v 9.397998 -0.869221 -0.025556
v 9.397998 -0.865572 -0.100481
v 9.397998 -0.850827 -0.219670
v 9.397998 -0.815132 -0.375000
v 9.397998 -0.750063 -0.555886
v 9.397998 -0.652105 -0.750000
v 9.397998 -0.525026 -0.944114
v 9.397998 -0.380395 -1.125000
v 9.397998 -0.236016 -1.280330
v 9.397998 -0.112586 -1.399519
v 9.397998 -0.029374 -1.474444
v 9.397998 -0.000000 -1.500000
v 9.397998 0.029374 -1.474444
v 9.397998 0.112586 -1.399519
v 9.397998 0.236016 -1.280330
v 9.397998 0.380395 -1.125000
v 9.397998 0.525026 -0.944114
v 9.397998 0.652105 -0.750000
v 9.397998 0.750063 -0.555886
v 9.397998 0.815132 -0.375000
v 9.397998 0.850827 -0.219670
v 9.397998 0.865572 -0.100481
v 9.397998 0.869221 -0.025556
v 9.397998 0.869474 0.000000
v 9.397998 0.869474 0.100481
v 9.397998 0.869474 0.375000
v 9.397998 0.869474 0.750000
v 9.397998 0.869474 1.125000
v 9.397998 0.869474 1.399519
v 9.397998 0.869474 1.500000
v 9.397998 0.652105 1.500000
v 9.397998 0.434737 1.500000
v 9.397998 0.217368 1.500000
v 9.397998 0.000000 1.500000
v 9.397998 -0.217368 1.500000
v 9.397998 -0.434737 1.500000
v 9.397998 -0.652105 1.500000
v 9.916917 -0.741181 1.500000
v 9.916917 -0.741181 1.399519
v 9.916917 -0.741181 1.125000
v 9.916917 -0.741181 0.750000
v 9.916917 -0.741181 0.375000
v 9.916917 -0.741181 0.100481
v 9.916917 -0.741181 0.000000
v 9.916917 -0.740966 -0.025556
v 9.916917 -0.737855 -0.100481
v 9.916917 -0.725285 -0.219670
v 9.916917 -0.694857 -0.375000
v 9.916917 -0.639389 -0.555886
v 9.916917 -0.555886 -0.750000
v 9.916917 -0.447557 -0.944114
v 9.916917 -0.324267 -1.125000
v 9.916917 -0.201191 -1.280330
v 9.916917 -0.095974 -1.399519
v 9.916917 -0.025040 -1.474444
v 9.916917 -0.000000 -1.500000
v 9.916917 0.025040 -1.474444
v 9.916917 0.095974 -1.399519
v 9.916917 0.201191 -1.280330
v 9.916917 0.324267 -1.125000
v 9.916917 0.447557 -0.944114
v 9.916917 0.555886 -0.750000
v 9.916917 0.639389 -0.555886
v 9.916917 0.694857 -0.375000
v 9.916917 0.725285 -0.219670
v 9.916917 0.737855 -0.100481
v 9.916917 0.740966 -0.025556
v 9.916917 0.741181 0.000000
v 9.916917 0.741181 0.100481
v 9.916917 0.741181 0.375000
v 9.916917 0.741181 0.750000
v 9.916917 0.741181 1.125000
v 9.916917 0.741181 1.399519
v 9.916917 0.741181 1.500000
v 9.916917 0.555886 1.500000
v 9.916917 0.370590 1.500000
v 9.916917 0.185295 1.500000
v 9.916917 0.000000 1.500000
v 9.916917 -0.185295 1.500000
v 9.916917 -0.370590 1.500000
v 9.916917 -0.555886 1.500000
v 10.393370 -0.617317 1.500000
v 10.393370 -0.617317 1.399519
v 10.393370 -0.617317 1.125000
v 10.393370 -0.617317 0.750000
v 10.393370 -0.617317 0.375000
v 10.393370 -0.617317 0.100481
v 10.393370 -0.617317 0.000000
v 10.393370 -0.617137 -0.025556
v 10.393370 -0.614546 -0.100481
v 10.393370 -0.604077 -0.219670
v 10.393370 -0.578734 -0.375000
v 10.393370 -0.532536 -0.555886
v 10.393370 -0.462987 -0.750000
v 10.393370 -0.372763 -0.944114
v 10.393370 -0.270076 -1.125000
v 10.393370 -0.167568 -1.280330
v 10.393370 -0.079935 -1.399519
v 10.393370 -0.020855 -1.474444
v 10.393370 -0.000000 -1.500000
v 10.393370 0.020855 -1.474444
v 10.393370 0.079935 -1.399519
v 10.393370 0.167568 -1.280330
v 10.393370 0.270076 -1.125000
v 10.393370 0.372763 -0.944114
v 10.393370 0.462987 -0.750000
v 10.393370 0.532536 -0.555886
v 10.393370 0.578734 -0.375000
v 10.393370 0.604077 -0.219670
v 10.393370 0.614546 -0.100481
v 10.393370 0.617137 -0.025556
v 10.393370 0.617317 0.000000
v 10.393370 0.617317 0.100481
v 10.393370 0.617317 0.375000
v 10.393370 0.617317 0.750000
v 10.393370 0.617317 1.125000
v 10.393370 0.617317 1.399519
v 10.393370 0.617317 1.500000
v 10.393370 0.462987 1.500000
v 10.393370 0.308658 1.500000
v 10.393370 0.154329 1.500000
v 10.393370 0.000000 1.500000
v 10.393370 -0.154329 1.500000
v 10.393370 -0.308658 1.500000
v 10.393370 -0.462987 1.500000
v 10.825318 -0.500000 1.500000
v 10.825318 -0.500000 1.399519
v 10.825318 -0.500000 1.125000
v 10.825318 -0.500000 0.750000
v 10.825318 -0.500000 0.375000
v 10.825318 -0.500000 0.100481
v 10.825318 -0.500000 0.000000
v 10.825318 -0.499855 -0.025556
v 10.825318 -0.497756 -0.100481
v 10.825318 -0.489277 -0.219670
v 10.825318 -0.468750 -0.375000
v 10.825318 -0.431331 -0.555886
v 10.825318 -0.375000 -0.750000
v 10.825318 -0.301922 -0.944114
v 10.825318 -0.218750 -1.125000
v 10.825318 -0.135723 -1.280330
v 10.825318 -0.064744 -1.399519
v 10.825318 -0.016892 -1.474444
v 10.825318 -0.000000 -1.500000
v 10.825318 0.016892 -1.474444
v 10.825318 0.064744 -1.399519
v 10.825318 0.135723 -1.280330
v 10.825318 0.218750 -1.125000
v 10.825318 0.301922 -0.944114
v 10.825318 0.375000 -0.750000
v 10.825318 0.431331 -0.555886
v 10.825318 0.468750 -0.375000
v 10.825318 0.489277 -0.219670
v 10.825318 0.497756 -0.100481
v 10.825318 0.499855 -0.025556
v 10.825318 0.500000 0.000000
v 10.825318 0.500000 0.100481
v 10.825318 0.500000 0.375000
v 10.825318 0.500000 0.750000
v 10.825318 0.500000 1.125000
v 10.825318 0.500000 1.399519
v 10.825318 0.500000 1.500000
v 10.825318 0.375000 1.500000
v 10.825318 0.250000 1.500000
v 10.825318 0.125000 1.500000
v 10.825318 0.000000 1.500000
v 10.825318 -0.125000 1.500000
v 10.825318 -0.250000 1.500000
v 10.825318 -0.375000 1.500000
v 11.210909 -0.391239 1.500000
v 11.210909 -0.391239 1.399519
v 11.210909 -0.391239 1.125000
v 11.210909 -0.391239 0.750000
v 11.210909 -0.391239 0.375000
v 11.210909 -0.391239 0.100481
v 11.210909 -0.391239 0.000000
v 11.210909 -0.391125 -0.025556
v 11.210909 -0.389483 -0.100481
v 11.210909 -0.382848 -0.219670
v 11.210909 -0.366786 -0.375000
v 11.210909 -0.337507 -0.555886
v 11.210909 -0.293429 -0.750000
v 11.210909 -0.236247 -0.944114
v 11.210909 -0.171167 -1.125000
v 11.210909 -0.106200 -1.280330
v 11.210909 -0.050660 -1.399519
v 11.210909 -0.013218 -1.474444
v 11.210909 -0.000000 -1.500000
v 11.210909 0.013218 -1.474444
v 11.210909 0.050660 -1.399519
v 11.210909 0.106200 -1.280330
v 11.210909 0.171167 -1.125000
v 11.210909 0.236247 -0.944114
v 11.210909 0.293429 -0.750000
v 11.210909 0.337507 -0.555886
v 11.210909 0.366786 -0.375000
v 11.210909 0.382848 -0.219670
v 11.210909 0.389483 -0.100481
v 11.210909 0.391125 -0.025556
v 11.210909 0.391239 0.000000
v 11.210909 0.391239 0.100481
v 11.210909 0.391239 0.375000
v 11.210909 0.391239 0.750000
v 11.210909 0.391239 1.125000
v 11.210909 0.391239 1.399519
v 11.210909 0.391239 1.500000
v 11.210909 0.293429 1.500000
v 11.210909 0.195619 1.500000
v 11.210909 0.097810 1.500000
v 11.210909 0.000000 1.500000
v 11.210909 -0.097810 1.500000
v 11.210909 -0.195619 1.500000
v 11.210909 -0.293429 1.500000
v 11.548494 -0.292893 1.500000
v 11.548494 -0.292893 1.399519
v 11.548494 -0.292893 1.125000
v 11.548494 -0.292893 0.750000
v 11.548494 -0.292893 0.375000
v 11.548494 -0.292893 0.100481
v 11.548494 -0.292893 0.000000
v 11.548494 -0.292808 -0.025556
v 11.548494 -0.291579 -0.100481
v 11.548494 -0.286612 -0.219670
v 11.548494 -0.274587 -0.375000
v 11.548494 -0.252668 -0.555886
v 11.548494 -0.219670 -0.750000
v 11.548494 -0.176862 -0.944114
v 11.548494 -0.128141 -1.125000
v 11.548494 -0.079505 -1.280330
v 11.548494 -0.037926 -1.399519
v 11.548494 -0.009895 -1.474444
v 11.548494 -0.000000 -1.500000
v 11.548494 0.009895 -1.474444
v 11.548494 0.037926 -1.399519
v 11.548494 0.079505 -1.280330
v 11.548494 0.128141 -1.125000
v 11.548494 0.176862 -0.944114
v 11.548494 0.219670 -0.750000
v 11.548494 0.252668 -0.555886
v 11.548494 0.274587 -0.375000
v 11.548494 0.286612 -0.219670
v 11.548494 0.291579 -0.100481
v 11.548494 0.292808 -0.025556
v 11.548494 0.292893 0.000000
v 11.548494 0.292893 0.100481
v 11.548494 0.292893 0.375000
v 11.548494 0.292893 0.750000
v 11.548494 0.292893 1.125000
v 11.548494 0.292893 1.399519
v 11.548494 0.292893 1.500000
v 11.548494 0.219670 1.500000
v 11.548494 0.146447 1.500000
v 11.548494 0.073223 1.500000
v 11.548494 0.000000 1.500000
v 11.548494 -0.073223 1.500000
v 11.548494 -0.146447 1.500000
v 11.548494 -0.219670 1.500000
v 11.836627 -0.206647 1.500000
v 11.836627 -0.206647 1.399519
v 11.836627 -0.206647 1.125000
v 11.836627 -0.206647 0.750000
v 11.836627 -0.206647 0.375000
v 11.836627 -0.206647 0.100481
v 11.836627 -0.206647 0.000000
v 11.836627 -0.206587 -0.025556
v 11.836627 -0.205719 -0.100481
v 11.836627 -0.202215 -0.219670
v 11.836627 -0.193731 -0.375000
v 11.836627 -0.178266 -0.555886
v 11.836627 -0.154985 -0.750000
v 11.836627 -0.124782 -0.944114
v 11.836627 -0.090408 -1.125000
v 11.836627 -0.056094 -1.280330
v 11.836627 -0.026758 -1.399519
v 11.836627 -0.006981 -1.474444
v 11.836627 -0.000000 -1.500000
v 11.836627 0.006981 -1.474444
v 11.836627 0.026758 -1.399519
v 11.836627 0.056094 -1.280330
v 11.836627 0.090408 -1.125000
v 11.836627 0.124782 -0.944114
v 11.836627 0.154985 -0.750000
v 11.836627 0.178266 -0.555886
v 11.836627 0.193731 -0.375000
v 11.836627 0.202215 -0.219670
v 11.836627 0.205719 -0.100481
v 11.836627 0.206587 -0.025556
v 11.836627 0.206647 0.000000
v 11.836627 0.206647 0.100481
v 11.836627 0.206647 0.375000
v 11.836627 0.206647 0.750000
v 11.836627 0.206647 1.125000
v 11.836627 0.206647 1.399519
v 11.836627 0.206647 1.500000
v 11.836627 0.154985 1.500000
v 11.836627 0.103323 1.500000
v 11.836627 0.051662 1.500000
v 11.836627 0.000000 1.500000
v 11.836627 -0.051662 1.500000
v 11.836627 -0.103323 1.500000
v 11.836627 -0.154985 1.500000
v 12.074073 -0.133975 1.500000
v 12.074073 -0.133975 1.399519
v 12.074073 -0.133975 1.125000
v 12.074073 -0.133975 0.750000
v 12.074073 -0.133975 0.375000
v 12.074073 -0.133975 0.100481
v 12.074073 -0.133975 0.000000
v 12.074073 -0.133936 -0.025556
v 12.074073 -0.133373 -0.100481
v 12.074073 -0.131101 -0.219670
v 12.074073 -0.125601 -0.375000
v 12.074073 -0.115575 -0.555886
v 12.074073 -0.100481 -0.750000
v 12.074073 -0.080900 -0.944114
v 12.074073 -0.058614 -1.125000
v 12.074073 -0.036367 -1.280330
v 12.074073 -0.017348 -1.399519
v 12.074073 -0.004526 -1.474444
v 12.074073 -0.000000 -1.500000
v 12.074073 0.004526 -1.474444
v 12.074073 0.017348 -1.399519
v 12.074073 0.036367 -1.280330
v 12.074073 0.058614 -1.125000
v 12.074073 0.080900 -0.944114
v 12.074073 0.100481 -0.750000
v 12.074073 0.115575 -0.555886
v 12.074073 0.125601 -0.375000
v 12.074073 0.131101 -0.219670
v 12.074073 0.133373 -0.100481
v 12.074073 0.133936 -0.025556
v 12.074073 0.133975 0.000000
v 12.074073 0.133975 0.100481
v 12.074073 0.133975 0.375000
v 12.074073 0.133975 0.750000
v 12.074073 0.133975 1.125000
v 12.074073 0.133975 1.399519
v 12.074073 0.133975 1.500000
v 12.074073 0.100481 1.500000
v 12.074073 0.066987 1.500000
v 12.074073 0.033494 1.500000
v 12.074073 0.000000 1.500000
v 12.074073 -0.033494 1.500000
v 12.074073 -0.066987 1.500000
v 12.074073 -0.100481 1.500000
v 12.259816 -0.076120 1.500000
v 12.259816 -0.076120 1.399519
v 12.259816 -0.076120 1.125000
v 12.259816 -0.076120 0.750000
v 12.259816 -0.076120 0.375000
v 12.259816 -0.076120 0.100481
v 12.259816 -0.076120 0.000000
v 12.259816 -0.076098 -0.025556
v 12.259816 -0.075779 -0.100481
v 12.259816 -0.074488 -0.219670
v 12.259816 -0.071363 -0.375000
v 12.259816 -0.065666 -0.555886
v 12.259816 -0.057090 -0.750000
v 12.259816 -0.045965 -0.944114
v 12.259816 -0.033303 -1.125000
v 12.259816 -0.020663 -1.280330
v 12.259816 -0.009857 -1.399519
v 12.259816 -0.002572 -1.474444
v 12.259816 -0.000000 -1.500000
v 12.259816 0.002572 -1.474444
v 12.259816 0.009857 -1.399519
v 12.259816 0.020663 -1.280330
v 12.259816 0.033303 -1.125000
v 12.259816 0.045965 -0.944114
v 12.259816 0.057090 -0.750000
v 12.259816 0.065666 -0.555886
v 12.259816 0.071363 -0.375000
v 12.259816 0.074488 -0.219670
v 12.259816 0.075779 -0.100481
v 12.259816 0.076098 -0.025556
v 12.259816 0.076120 0.000000
v 12.259816 0.076120 0.100481
v 12.259816 0.076120 0.375000
v 12.259816 0.076120 0.750000
v 12.259816 0.076120 1.125000
v 12.259816 0.076120 1.399519
v 12.259816 0.076120 1.500000
v 12.259816 0.057090 1.500000
v 12.259816 0.038060 1.500000
v 12.259816 0.019030 1.500000
v 12.259816 0.000000 1.500000
v 12.259816 -0.019030 1.500000
v 12.259816 -0.038060 1.500000
v 12.259816 -0.057090 1.500000
v 12.393061 -0.034074 1.500000
v 12.393061 -0.034074 1.399519
v 12.393061 -0.034074 1.125000
v 12.393061 -0.034074 0.750000
v 12.393061 -0.034074 0.375000
v 12.393061 -0.034074 0.100481
v 12.393061 -0.034074 0.000000
v 12.393061 -0.034064 -0.025556
v 12.393061 -0.033921 -0.100481
v 12.393061 -0.033343 -0.219670
v 12.393061 -0.031945 -0.375000
v 12.393061 -0.029395 -0.555886
v 12.393061 -0.025556 -0.750000
v 12.393061 -0.020575 -0.944114
v 12.393061 -0.014907 -1.125000
v 12.393061 -0.009249 -1.280330
v 12.393061 -0.004412 -1.399519
v 12.393061 -0.001151 -1.474444
v 12.393061 -0.000000 -1.500000
v 12.393061 0.001151 -1.474444
v 12.393061 0.004412 -1.399519
v 12.393061 0.009249 -1.280330
v 12.393061 0.014907 -1.125000
v 12.393061 0.020575 -0.944114
v 12.393061 0.025556 -0.750000
v 12.393061 0.029395 -0.555886
v 12.393061 0.031945 -0.375000
v 12.393061 0.033343 -0.219670
v 12.393061 0.033921 -0.100481
v 12.393061 0.034064 -0.025556
v 12.393061 0.034074 0.000000
v 12.393061 0.034074 0.100481
v 12.393061 0.034074 0.375000
v 12.393061 0.034074 0.750000
v 12.393061 0.034074 1.125000
v 12.393061 0.034074 1.399519
v 12.393061 0.034074 1.500000
v 12.393061 0.025556 1.500000
v 12.393061 0.017037 1.500000
v 12.393061 0.008519 1.500000
v 12.393061 0.000000 1.500000
v 12.393061 -0.008519 1.500000
v 12.393061 -0.017037 1.500000
v 12.393061 -0.025556 1.500000
v 12.473237 -0.008555 1.500000
v 12.473237 -0.008555 1.399519
v 12.473237 -0.008555 1.125000
v 12.473237 -0.008555 0.750000
v 12.473237 -0.008555 0.375000
v 12.473237 -0.008555 0.100481
v 12.473237 -0.008555 0.000000
v 12.473237 -0.008553 -0.025556
v 12.473237 -0.008517 -0.100481
v 12.473237 -0.008372 -0.219670
v 12.473237 -0.008020 -0.375000
v 12.473237 -0.007380 -0.555886
v 12.473237 -0.006416 -0.750000
v 12.473237 -0.005166 -0.944114
v 12.473237 -0.003743 -1.125000
v 12.473237 -0.002322 -1.280330
v 12.473237 -0.001108 -1.399519
v 12.473237 -0.000289 -1.474444
v 12.473237 -0.000000 -1.500000
v 12.473237 0.000289 -1.474444
v 12.473237 0.001108 -1.399519
v 12.473237 0.002322 -1.280330
v 12.473237 0.003743 -1.125000
v 12.473237 0.005166 -0.944114
v 12.473237 0.006416 -0.750000
v 12.473237 0.007380 -0.555886
v 12.473237 0.008020 -0.375000
v 12.473237 0.008372 -0.219670
v 12.473237 0.008517 -0.100481
v 12.473237 0.008553 -0.025556
v 12.473237 0.008555 0.000000
v 12.473237 0.008555 0.100481
v 12.473237 0.008555 0.375000
v 12.473237 0.008555 0.750000
v 12.473237 0.008555 1.125000
v 12.473237 0.008555 1.399519
v 12.473237 0.008555 1.500000
v 12.473237 0.006416 1.500000
v 12.473237 0.004278 1.500000
v 12.473237 0.002139 1.500000
v 12.473237 0.000000 1.500000
v 12.473237 -0.002139 1.500000
v 12.473237 -0.004278 1.500000
v 12.473237 -0.006416 1.500000
v 12.500000 -0.000000 1.500000
v 12.500000 -0.000000 1.399519
v 12.500000 -0.000000 1.125000
v 12.500000 -0.000000 0.750000
v 12.500000 -0.000000 0.375000
v 12.500000 -0.000000 0.100481
v 12.500000 -0.000000 0.000000
v 12.500000 -0.000000 -0.025556
v 12.500000 -0.000000 -0.100481
v 12.500000 -0.000000 -0.219670
v 12.500000 -0.000000 -0.375000
v 12.500000 -0.000000 -0.555886
v 12.500000 -0.000000 -0.750000
v 12.500000 -0.000000 -0.944114
v 12.500000 -0.000000 -1.125000
v 12.500000 -0.000000 -1.280330
v 12.500000 -0.000000 -1.399519
v 12.500000 -0.000000 -1.474444
v 12.500000 -0.000000 -1.500000
v 12.500000 0.000000 -1.474444
v 12.500000 0.000000 -1.399519
v 12.500000 0.000000 -1.280330
v 12.500000 0.000000 -1.125000
v 12.500000 0.000000 -0.944114
v 12.500000 0.000000 -0.750000
v 12.500000 0.000000 -0.555886
v 12.500000 0.000000 -0.375000
v 12.500000 0.000000 -0.219670
v 12.500000 0.000000 -0.100481
v 12.500000 0.000000 -0.025556
v 12.500000 0.000000 0.000000
v 12.500000 0.000000 0.100481
v 12.500000 0.000000 0.375000
v 12.500000 0.000000 0.750000
v 12.500000 0.000000 1.125000
v 12.500000 0.000000 1.399519
v 12.500000 0.000000 1.500000
v 12.500000 0.000000 1.500000
v 12.500000 0.000000 1.500000
v 12.500000 0.000000 1.500000
v 12.500000 0.000000 1.500000
v 12.500000 -0.000000 1.500000
v 12.500000 -0.000000 1.500000
v 12.500000 -0.000000 1.500000
f 1 2 46 45
f 2 3 47 46
f 3 4 48 47
f 4 5 49 48
f 5 6 50 49
f 6 7 51 50
f 7 8 52 51
f 8 9 53 52
f 9 10 54 53
f 10 11 55 54
f 11 12 56 55
f 12 13 57 56
f 13 14 58 57
f 14 15 59 58
f 15 16 60 59
f 16 17 61 60
f 17 18 62 61
f 18 19 63 62
f 19 20 64 63
f 20 21 65 64
f 21 22 66 65
f 22 23 67 66
f 23 24 68 67
f 24 25 69 68
f 25 26 70 69
f 26 27 71 70
f 27 28 72 71
f 28 29 73 72
f 29 30 74 73
f 30 31 75 74
f 31 32 76 75
f 32 33 77 76
f 33 34 78 77
f 34 35 79 78
f 35 36 80 79
f 36 37 81 80
f 37 38 82 81
f 38 39 83 82
f 39 40 84 83
f 40 41 85 84
f 41 42 86 85
f 42 43 87 86
f 43 44 88 87
f 44 1 45 88
f 45 46 90 89
f 46 47 91 90
f 47 48 92 91
f 48 49 93 92
f 49 50 94 93
f 50 51 95 94
f 51 52 96 95
f 52 53 97 96
f 53 54 98 97
f 54 55 99 98
f 55 56 100 99
f 56 57 101 100
f 57 58 102 101
f 58 59 103 102
f 59 60 104 103
f 60 61 105 104
f 61 62 106 105
f 62 63 107 106
f 63 64 108 107
f 64 65 109 108
f 65 66 110 109
f 66 67 111 110
f 67 68 112 111
f 68 69 113 112
f 69 70 114 113
f 70 71 115 114
f 71 72 116 115
f 72 73 117 116
f 73 74 118 117
f 74 75 119 118
f 75 76 120 119
f 76 77 121 120
f 77 78 122 121
f 78 79 123 122
f 79 80 124 123
f 80 81 125 124
f 81 82 126 125
f 82 83 127 126
f 83 84 128 127
f 84 85 129 128
f 85 86 130 129
f 86 87 131 130
f 87 88 132 131
f 88 45 89 132
f 89 90 134 133
f 90 91 135 134
f 91 92 136 135
f 92 93 137 136
f 93 94 138 137
f 94 95 139 138
f 95 96 140 139
f 96 97 141 140
f 97 98 142 141
f 98 99 143 142
f 99 100 144 143
f 100 101 145 144
f 101 102 146 145
f 102 103 147 146
f 103 104 148 147
f 104 105 149 148
f 105 106 150 149
f 106 107 151 150
f 107 108 152 151
f 108 109 153 152
f 109 110 154 153
f 110 111 155 154
f 111 112 156 155
f 112 113 157 156
f 113 114 158 157
f 114 115 159 158
f 115 116 160 159
f 116 117 161 160
f 117 118 162 161
f 118 119 163 162
f 119 120 164 163
f 120 121 165 164
f 121 122 166 165
f 122 123 167 166
f 123 124 168 167
f 124 125 169 168
f 125 126 170 169
f 126 127 171 170
f 127 128 172 171
f 128 129 173 172
f 129 130 174 173
f 130 131 175 174
f 131 132 176 175
f 132 89 133 176
f 133 134 178 177
f 134 135 179 178
f 135 136 180 179
f 136 137 181 180
f 137 138 182 181
f 138 139 183 182
f 139 140 184 183
f 140 141 185 184
f 141 142 186 185
f 142 143 187 186
f 143 144 188 187
f 144 145 189 188
f 145 146 190 189
f 146 147 191 190
f 147 148 192 191
f 148 149 193 192
f 149 150 194 193
f 150 151 195 194
f 151 152 196 195
f 152 153 197 196
f 153 154 198 197
f 154 155 199 198
f 155 156 200 199
f 156 157 201 200
f 157 158 202 201
f 158 159 203 202
f 159 160 204 203
f 160 161 205 204
f 161 162 206 205
f 162 163 207 206
f 163 164 208 207
f 164 165 209 208
f 165 166 210 209
f 166 167 211 210
f 167 168 212 211
f 168 169 213 212
f 169 170 214 213
f 170 171 215 214
f 171 172 216 215
f 172 173 217 216
f 173 174 218 217
f 174 175 219 218
f 175 176 220 219
f 176 133 177 220
f 177 178 222 221
f 178 179 223 222
f 179 180 224 223
f 180 181 225 224
f 181 182 226 225
f 182 183 227 226
f 183 184 228 227
f 184 185 229 228
f 185 186 230 229
f 186 187 231 230
f 187 188 232 231
f 188 189 233 232
f 189 190 234 233
f 190 191 235 234
f 191 192 236 235
f 192 193 237 236
f 193 194 238 237
f 194 195 239 238
f 195 196 240 239
f 196 197 241 240
f 197 198 242 241
f 198 199 243 242
f 199 200 244 243
f 200 201 245 244
f 201 202 246 245
f 202 203 247 246
f 203 204 248 247
f 204 205 249 248
f 205 206 250 249
f 206 207 251 250
f 207 208 252 251
f 208 209 253 252
f 209 210 254 253
f 210 211 255 254
f 211 212 256 255
f 212 213 257 256
f 213 214 258 257
f 214 215 259 258
f 215 216 260 259
f 216 217 261 260
f 217 218 262 261
f 218 219 263 262
f 219 220 264 263
f 220 177 221 264
f 221 222 266 265
f 222 223 267 266
f 223 224 268 267
f 224 225 269 268
f 225 226 270 269
f 226 227 271 270
f 227 228 272 271
f 228 229 273 272
f 229 230 274 273
f 230 231 275 274
f 231 232 276 275
f 232 233 277 276
f 233 234 278 277
f 234 235 279 278
f 235 236 280 279
f 236 237 281 280
f 237 238 282 281
f 238 239 283 282
f 239 240 284 283
f 240 241 285 284
f 241 242 286 285
f 242 243 287 286
f 243 244 288 287
f 244 245 289 288
f 245 246 290 289
f 246 247 291 290
f 247 248 292 291
f 248 249 293 292
f 249 250 294 293
f 250 251 295 294
f 251 252 296 295
f 252 253 297 296
f 253 254 298 297
f 254 255 299 298
f 255 256 300 299
f 256 257 301 300
f 257 258 302 301
f 258 259 303 302
f 259 260 304 303
f 260 261 305 304
f 261 262 306 305
f 262 263 307 306
f 263 264 308 307
f 264 221 265 308
f 265 266 310 309
f 266 267 311 310
f 267 268 312 311
f 268 269 313 312
f 269 270 314 313
f 270 271 315 314
f 271 272 316 315
f 272 273 317 316
f 273 274 318 317
f 274 275 319 318
f 275 276 320 319
f 276 277 321 320
f 277 278 322 321
f 278 279 323 322
f 279 280 324 323
f 280 281 325 324
f 281 282 326 325
f 282 283 327 326
f 283 284 328 327
f 284 285 329 328
f 285 286 330 329
f 286 287 331 330
f 287 288 332 331
f 288 289 333 332
f 289 290 334 333
f 290 291 335 334
f 291 292 336 335
f 292 293 337 336
f 293 294 338 337
f 294 295 339 338
f 295 296 340 339
f 296 297 341 340
f 297 298 342 341
f 298 299 343 342
f 299 300 344 343
f 300 301 345 344
f 301 302 346 345
f 302 303 347 346
f 303 304 348 347
f 304 305 349 348
f 305 306 350 349
f 306 307 351 350
f 307 308 352 351
f 308 265 309 352
f 309 310 354 353
f 310 311 355 354
f 311 312 356 355
f 312 313 357 356
f 313 314 358 357
f 314 315 359 358
f 315 316 360 359
f 316 317 361 360
f 317 318 362 361
f 318 319 363 362
f 319 320 364 363
f 320 321 365 364
f 321 322 366 365
f 322 323 367 366
f 323 324 368 367
f 324 325 369 368
f 325 326 370 369
f 326 327 371 370
f 327 328 372 371
f 328 329 373 372
f 329 330 374 373
f 330 331 375 374
f 331 332 376 375
f 332 333 377 376
f 333 334 378 377
f 334 335 379 378
f 335 336 380 379
f 336 337 381 380
f 337 338 382 381
f 338 339 383 382
f 339 340 384 383
f 340 341 385 384
f 341 342 386 385
f 342 343 387 386
f 343 344 388 387
f 344 345 389 388
f 345 346 390 389
f 346 347 391 390
f 347 348 392 391
f 348 349 393 392
f 349 350 394 393
f 350 351 395 394
f 351 352 396 395
f 352 309 353 396
f 353 354 398 397
f 354 355 399 398
f 355 356 400 399
f 356 357 401 400
f 357 358 402 401
f 358 359 403 402
f 359 360 404 403
f 360 361 405 404
f 361 362 406 405
f 362 363 407 406
f 363 364 408 407
f 364 365 409 408
f 365 366 410 409
f 366 367 411 410
f 367 368 412 411
f 368 369 413 412
f 369 370 414 413
f 370 371 415 414
f 371 372 416 415
f 372 373 417 416
f 373 374 418 417
f 374 375 419 418
f 375 376 420 419
f 376 377 421 420
f 377 378 422 421
f 378 379 423 422
f 379 380 424 423
f 380 381 425 424
f 381 382 426 425
f 382 383 427 426
f 383 384 428 427
f 384 385 429 428
f 385 386 430 429
f 386 387 431 430
f 387 388 432 431
f 388 389 433 432
f 389 390 434 433
f 390 391 435 434
f 391 392 436 435
f 392 393 437 436
f 393 394 438 437
f 394 395 439 438
f 395 396 440 439
f 396 353 397 440
f 397 398 442 441
f 398 399 443 442
f 399 400 444 443
f 400 401 445 444
f 401 402 446 445
f 402 403 447 446
f 403 404 448 447
f 404 405 449 448
f 405 406 450 449
f 406 407 451 450
f 407 408 452 451
f 408 409 453 452
f 409 410 454 453
f 410 411 455 454
f 411 412 456 455
f 412 413 457 456
f 413 414 458 457
f 414 415 459 458
f 415 416 460 459
f 416 417 461 460
f 417 418 462 461
f 418 419 463 462
f 419 420 464 463
f 420 421 465 464
f 421 422 466 465
f 422 423 467 466
f 423 424 468 467
f 424 425 469 468
f 425 426 470 469
f 426 427 471 470
f 427 428 472 471
f 428 429 473 472
f 429 430 474 473
f 430 431 475 474
f 431 432 476 475
f 432 433 477 476
f 433 434 478 477
f 434 435 479 478
f 435 436 480 479
f 436 437 481 480
f 437 438 482 481
f 438 439 483 482
f 439 440 484 483
f 440 397 441 484
f 441 442 486 485
f 442 443 487 486
f 443 444 488 487
f 444 445 489 488
f 445 446 490 489
f 446 447 491 490
f 447 448 492 491
f 448 449 493 492
f 449 450 494 493
f 450 451 495 494
f 451 452 496 495
f 452 453 497 496
f 453 454 498 497
f 454 455 499 498
f 455 456 500 499
f 456 457 501 500
f 457 458 502 501
f 458 459 503 502
f 459 460 504 503
f 460 461 505 504
f 461 462 506 505
f 462 463 507 506
f 463 464 508 507
f 464 465 509 508
f 465 466 510 509
f 466 467 511 510
f 467 468 512 511
f 468 469 513 512
f 469 470 514 513
f 470 471 515 514
f 471 472 516 515
f 472 473 517 516
f 473 474 518 517
f 474 475 519 518
f 475 476 520 519
f 476 477 521 520
f 477 478 522 521
f 478 479 523 522
f 479 480 524 523
f 480 481 525 524
f 481 482 526 525
f 482 483 527 526
f 483 484 528 527
f 484 441 485 528
f 485 486 530 529
f 486 487 531 530
f 487 488 532 531
f 488 489 533 532
f 489 490 534 533
f 490 491 535 534
f 491 492 536 535
f 492 493 537 536
f 493 494 538 537
f 494 495 539 538
f 495 496 540 539
f 496 497 541 540
f 497 498 542 541
f 498 499 543 542
f 499 500 544 543
f 500 501 545 544
f 501 502 546 545
f 502 503 547 546
f 503 504 548 547
f 504 505 549 548
f 505 506 550 549
f 506 507 551 550
f 507 508 552 551
f 508 509 553 552
f 509 510 554 553
f 510 511 555 554
f 511 512 556 555
f 512 513 557 556
f 513 514 558 557
f 514 515 559 558
f 515 516 560 559
f 516 517 561 560
f 517 518 562 561
f 518 519 563 562
f 519 520 564 563
f 520 521 565 564
f 521 522 566 565
f 522 523 567 566
f 523 524 568 567
f 524 525 569 568
f 525 526 570 569
f 526 527 571 570
f 527 528 572 571
f 528 485 529 572
f 529 530 574 573
f 530 531 575 574
f 531 532 576 575
f 532 533 577 576
f 533 534 578 577
f 534 535 579 578
f 535 536 580 579
f 536 537 581 580
f 537 538 582 581
f 538 539 583 582
f 539 540 584 583
f 540 541 585 584
f 541 542 586 585
f 542 543 587 586
f 543 544 588 587
f 544 545 589 588
f 545 546 590 589
f 546 547 591 590
f 547 548 592 591
f 548 549 593 592
f 549 550 594 593
f 550 551 595 594
f 551 552 596 595
f 552 553 597 596
f 553 554 598 597
f 554 555 599 598
f 555 556 600 599
f 556 557 601 600
f 557 558 602 601
f 558 559 603 602
f 559 560 604 603
f 560 561 605 604
f 561 562 606 605
f 562 563 607 606
f 563 564 608 607
f 564 565 609 608
f 565 566 610 609
f 566 567 611 610
f 567 568 612 611
f 568 569 613 612
f 569 570 614 613
f 570 571 615 614
f 571 572 616 615
f 572 529 573 616
f 573 574 618 617
f 574 575 619 618
f 575 576 620 619
f 576 577 621 620
f 577 578 622 621
f 578 579 623 622
f 579 580 624 623
f 580 581 625 624
f 581 582 626 625
f 582 583 627 626
f 583 584 628 627
f 584 585 629 628
f 585 586 630 629
f 586 587 631 630
f 587 588 632 631
f 588 589 633 632
f 589 590 634 633
f 590 591 635 634
f 591 592 636 635
f 592 593 637 636
f 593 594 638 637
f 594 595 639 638
f 595 596 640 639
f 596 597 641 640
f 597 598 642 641
f 598 599 643 642
f 599 600 644 643
f 600 601 645 644
f 601 602 646 645
f 602 603 647 646
f 603 604 648 647
f 604 605 649 648
f 605 606 650 649
f 606 607 651 650
f 607 608 652 651
f 608 609 653 652
f 609 610 654 653
f 610 611 655 654
f 611 612 656 655
f 612 613 657 656
f 613 614 658 657
f 614 615 659 658
f 615 616 660 659
f 616 573 617 660
f 617 618 662 661
f 618 619 663 662
f 619 620 664 663
f 620 621 665 664
f 621 622 666 665
f 622 623 667 666
f 623 624 668 667
f 624 625 669 668
f 625 626 670 669
f 626 627 671 670
f 627 628 672 671
f 628 629 673 672
f 629 630 674 673
f 630 631 675 674
f 631 632 676 675
f 632 633 677 676
f 633 634 678 677
f 634 635 679 678
f 635 636 680 679
f 636 637 681 680
f 637 638 682 681
f 638 639 683 682
f 639 640 684 683
f 640 641 685 684
f 641 642 686 685
f 642 643 687 686
f 643 644 688 687
f 644 645 689 688
f 645 646 690 689
f 646 647 691 690
f 647 648 692 691
f 648 649 693 692
f 649 650 694 693
f 650 651 695 694
f 651 652 696 695
f 652 653 697 696
f 653 654 698 697
f 654 655 699 698
f 655 656 700 699
f 656 657 701 700
f 657 658 702 701
f 658 659 703 702
f 659 660 704 703
f 660 617 661 704
f 661 662 706 705
f 662 663 707 706
f 663 664 708 707
f 664 665 709 708
f 665 666 710 709
f 666 667 711 710
f 667 668 712 711
f 668 669 713 712
f 669 670 714 713
f 670 671 715 714
f 671 672 716 715
f 672 673 717 716
f 673 674 718 717
f 674 675 719 718
f 675 676 720 719
f 676 677 721 720
f 677 678 722 721
f 678 679 723 722
f 679 680 724 723
f 680 681 725 724
f 681 682 726 725
f 682 683 727 726
f 683 684 728 727
f 684 685 729 728
f 685 686 730 729
f 686 687 731 730
f 687 688 732 731
f 688 689 733 732
f 689 690 734 733
f 690 691 735 734
f 691 692 736 735
f 692 693 737 736
f 693 694 738 737
f 694 695 739 738
f 695 696 740 739
f 696 697 741 740
f 697 698 742 741
f 698 699 743 742
f 699 700 744 743
f 700 701 745 744
f 701 702 746 745
f 702 703 747 746
f 703 704 748 747
f 704 661 705 748
f 705 706 750 749
f 706 707 751 750
f 707 708 752 751
f 708 709 753 752
f 709 710 754 753
f 710 711 755 754
f 711 712 756 755
f 712 713 757 756
f 713 714 758 757
f 714 715 759 758
f 715 716 760 759
f 716 717 761 760
f 717 718 762 761
f 718 719 763 762
f 719 720 764 763
f 720 721 765 764
f 721 722 766 765
f 722 723 767 766
f 723 724 768 767
f 724 725 769 768
f 725 726 770 769
f 726 727 771 770
f 727 728 772 771
f 728 729 773 772
f 729 730 774 773
f 730 731 775 774
f 731 732 776 775
f 732 733 777 776
f 733 734 778 777
f 734 735 779 778
f 735 736 780 779
f 736 737 781 780
f 737 738 782 781
f 738 739 783 782
f 739 740 784 783
f 740 741 785 784
f 741 742 786 785
f 742 743 787 786
f 743 744 788 787
f 744 745 789 788
f 745 746 790 789
f 746 747 791 790
f 747 748 792 791
f 748 705 749 792
f 749 750 794 793
f 750 751 795 794
f 751 752 796 795
f 752 753 797 796
f 753 754 798 797
f 754 755 799 798
f 755 756 800 799
f 756 757 801 800
f 757 758 802 801
f 758 759 803 802
f 759 760 804 803
f 760 761 805 804
f 761 762 806 805
f 762 763 807 806
f 763 764 808 807
f 764 765 809 808
f 765 766 810 809
f 766 767 811 810
f 767 768 812 811
f 768 769 813 812
f 769 770 814 813
f 770 771 815 814
f 771 772 816 815
f 772 773 817 816
f 773 774 818 817
f 774 775 819 818
f 775 776 820 819
f 776 777 821 820
f 777 778 822 821
f 778 779 823 822
f 779 780 824 823
f 780 781 825 824
f 781 782 826 825
f 782 783 827 826
f 783 784 828 827
f 784 785 829 828
f 785 786 830 829
f 786 787 831 830
f 787 788 832 831
f 788 789 833 832
f 789 790 834 833
f 790 791 835 834
f 791 792 836 835
f 792 749 793 836
f 793 794 838 837
f 794 795 839 838
f 795 796 840 839
f 796 797 841 840
f 797 798 842 841
f 798 799 843 842
f 799 800 844 843
f 800 801 845 844
f 801 802 846 845
f 802 803 847 846
f 803 804 848 847
f 804 805 849 848
f 805 806 850 849
f 806 807 851 850
f 807 808 852 851
f 808 809 853 852
f 809 810 854 853
f 810 811 855 854
f 811 812 856 855
f 812 813 857 856
f 813 814 858 857
f 814 815 859 858
f 815 816 860 859
f 816 817 861 860
f 817 818 862 861
f 818 819 863 862
f 819 820 864 863
f 820 821 865 864
f 821 822 866 865
f 822 823 867 866
f 823 824 868 867
f 824 825 869 868
f 825 826 870 869
f 826 827 871 870
f 827 828 872 871
f 828 829 873 872
f 829 830 874 873
f 830 831 875 874
f 831 832 876 875
f 832 833 877 876
f 833 834 878 877
f 834 835 879 878
f 835 836 880 879
f 836 793 837 880
f 837 838 882 881
f 838 839 883 882
f 839 840 884 883
f 840 841 885 884
f 841 842 886 885
f 842 843 887 886
f 843 844 888 887
f 844 845 889 888
f 845 846 890 889
f 846 847 891 890
f 847 848 892 891
f 848 849 893 892
f 849 850 894 893
f 850 851 895 894
f 851 852 896 895
f 852 853 897 896
f 853 854 898 897
f 854 855 899 898
f 855 856 900 899
f 856 857 901 900
f 857 858 902 901
f 858 859 903 902
f 859 860 904 903
f 860 861 905 904
f 861 862 906 905
f 862 863 907 906
f 863 864 908 907
f 864 865 909 908
f 865 866 910 909
f 866 867 911 910
f 867 868 912 911
f 868 869 913 912
f 869 870 914 913
f 870 871 915 914
f 871 872 916 915
f 872 873 917 916
f 873 874 918 917
f 874 875 919 918
f 875 876 920 919
f 876 877 921 920
f 877 878 922 921
f 878 879 923 922
f 879 880 924 923
f 880 837 881 924
f 881 882 926 925
f 882 883 927 926
f 883 884 928 927
f 884 885 929 928
f 885 886 930 929
f 886 887 931 930
f 887 888 932 931
f 888 889 933 932
f 889 890 934 933
f 890 891 935 934
f 891 892 936 935
f 892 893 937 936
f 893 894 938 937
f 894 895 939 938
f 895 896 940 939
f 896 897 941 940
f 897 898 942 941
f 898 899 943 942
f 899 900 944 943
f 900 901 945 944
f 901 902 946 945
f 902 903 947 946
f 903 904 948 947
f 904 905 949 948
f 905 906 950 949
f 906 907 951 950
f 907 908 952 951
f 908 909 953 952
f 909 910 954 953
f 910 911 955 954
f 911 912 956 955
f 912 913 957 956
f 913 914 958 957
f 914 915 959 958
f 915 916 960 959
f 916 917 961 960
f 917 918 962 961
f 918 919 963 962
f 919 920 964 963
f 920 921 965 964
f 921 922 966 965
f 922 923 967 966
f 923 924 968 967
f 924 881 925 968
f 925 926 970 969
f 926 927 971 970
f 927 928 972 971
f 928 929 973 972
f 929 930 974 973
f 930 931 975 974
f 931 932 976 975
f 932 933 977 976
f 933 934 978 977
f 934 935 979 978
f 935 936 980 979
f 936 937 981 980
f 937 938 982 981
f 938 939 983 982
f 939 940 984 983
f 940 941 985 984
f 941 942 986 985
f 942 943 987 986
f 943 944 988 987
f 944 945 989 988
f 945 946 990 989
f 946 947 991 990
f 947 948 992 991
f 948 949 993 992
f 949 950 994 993
f 950 951 995 994
f 951 952 996 995
f 952 953 997 996
f 953 954 998 997
f 954 955 999 998
f 955 956 1000 999
f 956 957 1001 1000
f 957 958 1002 1001
f 958 959 1003 1002
f 959 960 1004 1003
f 960 961 1005 1004
f 961 962 1006 1005
f 962 963 1007 1006
f 963 964 1008 1007
f 964 965 1009 1008
f 965 966 1010 1009
f 966 967 1011 1010
f 967 968 1012 1011
f 968 925 969 1012
f 969 970 1014 1013
f 970 971 1015 1014
f 971 972 1016 1015
f 972 973 1017 1016
f 973 974 1018 1017
f 974 975 1019 1018
f 975 976 1020 1019
f 976 977 1021 1020
f 977 978 1022 1021
f 978 979 1023 1022
f 979 980 1024 1023
f 980 981 1025 1024
f 981 982 1026 1025
f 982 983 1027 1026
f 983 984 1028 1027
f 984 985 1029 1028
f 985 986 1030 1029
f 986 987 1031 1030
f 987 988 1032 1031
f 988 989 1033 1032
f 989 990 1034 1033
f 990 991 1035 1034
f 991 992 1036 1035
f 992 993 1037 1036
f 993 994 1038 1037
f 994 995 1039 1038
f 995 996 1040 1039
f 996 997 1041 1040
f 997 998 1042 1041
f 998 999 1043 1042
f 999 1000 1044 1043
f 1000 1001 1045 1044
f 1001 1002 1046 1045
f 1002 1003 1047 1046
f 1003 1004 1048 1047
f 1004 1005 1049 1048
f 1005 1006 1050 1049
f 1006 1007 1051 1050
f 1007 1008 1052 1051
f 1008 1009 1053 1052
f 1009 1010 1054 1053
f 1010 1011 1055 1054
f 1011 1012 1056 1055
f 1012 969 1013 1056
f 1013 1014 1058 1057
f 1014 1015 1059 1058
f 1015 1016 1060 1059
f 1016 1017 1061 1060
f 1017 1018 1062 1061
f 1018 1019 1063 1062
f 1019 1020 1064 1063
f 1020 1021 1065 1064
f 1021 1022 1066 1065
f 1022 1023 1067 1066
f 1023 1024 1068 1067
f 1024 1025 1069 1068
f 1025 1026 1070 1069
f 1026 1027 1071 1070
f 1027 1028 1072 1071
f 1028 1029 1073 1072
f 1029 1030 1074 1073
f 1030 1031 1075 1074
f 1031 1032 1076 1075
f 1032 1033 1077 1076
f 1033 1034 1078 1077
f 1034 1035 1079 1078
f 1035 1036 1080 1079
f 1036 1037 1081 1080
f 1037 1038 1082 1081
f 1038 1039 1083 1082
f 1039 1040 1084 1083
f 1040 1041 1085 1084
f 1041 1042 1086 1085
f 1042 1043 1087 1086
f 1043 1044 1088 1087
f 1044 1045 1089 1088
f 1045 1046 1090 1089
f 1046 1047 1091 1090
f 1047 1048 1092 1091
f 1048 1049 1093 1092
f 1049 1050 1094 1093
f 1050 1051 1095 1094
f 1051 1052 1096 1095
f 1052 1053 1097 1096
f 1053 1054 1098 1097
f 1054 1055 1099 1098
f 1055 1056 1100 1099
f 1056 1013 1057 1100
f 1057 1058 1102 1101
f 1058 1059 1103 1102
f 1059 1060 1104 1103
f 1060 1061 1105 1104
f 1061 1062 1106 1105
f 1062 1063 1107 1106
f 1063 1064 1108 1107
f 1064 1065 1109 1108
f 1065 1066 1110 1109
f 1066 1067 1111 1110
f 1067 1068 1112 1111
f 1068 1069 1113 1112
f 1069 1070 1114 1113
f 1070 1071 1115 1114
f 1071 1072 1116 1115
f 1072 1073 1117 1116
f 1073 1074 1118 1117
f 1074 1075 1119 1118
f 1075 1076 1120 1119
f 1076 1077 1121 1120
f 1077 1078 1122 1121
f 1078 1079 1123 1122
f 1079 1080 1124 1123
f 1080 1081 1125 1124
f 1081 1082 1126 1125
f 1082 1083 1127 1126
f 1083 1084 1128 1127
f 1084 1085 1129 1128
f 1085 1086 1130 1129
f 1086 1087 1131 1130
f 1087 1088 1132 1131
f 1088 1089 1133 1132
f 1089 1090 1134 1133
f 1090 1091 1135 1134
f 1091 1092 1136 1135
f 1092 1093 1137 1136
f 1093 1094 1138 1137
f 1094 1095 1139 1138
f 1095 1096 1140 1139
f 1096 1097 1141 1140
f 1097 1098 1142 1141
f 1098 1099 1143 1142
f 1099 1100 1144 1143
f 1100 1057 1101 1144
f 1101 1102 1146 1145
f 1102 1103 1147 1146
f 1103 1104 1148 1147
f 1104 1105 1149 1148
f 1105 1106 1150 1149
f 1106 1107 1151 1150
f 1107 1108 1152 1151
f 1108 1109 1153 1152
f 1109 1110 1154 1153
f 1110 1111 1155 1154
f 1111 1112 1156 1155
f 1112 1113 1157 1156
f 1113 1114 1158 1157
f 1114 1115 1159 1158
f 1115 1116 1160 1159
f 1116 1117 1161 1160
f 1117 1118 1162 1161
f 1118 1119 1163 1162
f 1119 1120 1164 1163
f 1120 1121 1165 1164
f 1121 1122 1166 1165
f 1122 1123 1167 1166
f 1123 1124 1168 1167
f 1124 1125 1169 1168
f 1125 1126 1170 1169
f 1126 1127 1171 1170
f 1127 1128 1172 1171
f 1128 1129 1173 1172
f 1129 1130 1174 1173
f 1130 1131 1175 1174
f 1131 1132 1176 1175
f 1132 1133 1177 1176
f 1133 1134 1178 1177
f 1134 1135 1179 1178
f 1135 1136 1180 1179
f 1136 1137 1181 1180
f 1137 1138 1182 1181
f 1138 1139 1183 1182
f 1139 1140 1184 1183
f 1140 1141 1185 1184
f 1141 1142 1186 1185
f 1142 1143 1187 1186
f 1143 1144 1188 1187
f 1144 1101 1145 1188
f 1145 1146 1190 1189
f 1146 1147 1191 1190
f 1147 1148 1192 1191
f 1148 1149 1193 1192
f 1149 1150 1194 1193
f 1150 1151 1195 1194
f 1151 1152 1196 1195
f 1152 1153 1197 1196
f 1153 1154 1198 1197
f 1154 1155 1199 1198
f 1155 1156 1200 1199
f 1156 1157 1201 1200
f 1157 1158 1202 1201
f 1158 1159 1203 1202
f 1159 1160 1204 1203
f 1160 1161 1205 1204
f 1161 1162 1206 1205
f 1162 1163 1207 1206
f 1163 1164 1208 1207
f 1164 1165 1209 1208
f 1165 1166 1210 1209
f 1166 1167 1211 1210
f 1167 1168 1212 1211
f 1168 1169 1213 1212
f 1169 1170 1214 1213
f 1170 1171 1215 1214
f 1171 1172 1216 1215
f 1172 1173 1217 1216
f 1173 1174 1218 1217
f 1174 1175 1219 1218
f 1175 1176 1220 1219
f 1176 1177 1221 1220
f 1177 1178 1222 1221
f 1178 1179 1223 1222
f 1179 1180 1224 1223
f 1180 1181 1225 1224
f 1181 1182 1226 1225
f 1182 1183 1227 1226
f 1183 1184 1228 1227
f 1184 1185 1229 1228
f 1185 1186 1230 1229
f 1186 1187 1231 1230
f 1187 1188 1232 1231
f 1188 1145 1189 1232
f 1189 1190 1234 1233
f 1190 1191 1235 1234
f 1191 1192 1236 1235
f 1192 1193 1237 1236
f 1193 1194 1238 1237
f 1194 1195 1239 1238
f 1195 1196 1240 1239
f 1196 1197 1241 1240
f 1197 1198 1242 1241
f 1198 1199 1243 1242
f 1199 1200 1244 1243
f 1200 1201 1245 1244
f 1201 1202 1246 1245
f 1202 1203 1247 1246
f 1203 1204 1248 1247
f 1204 1205 1249 1248
f 1205 1206 1250 1249
f 1206 1207 1251 1250
f 1207 1208 1252 1251
f 1208 1209 1253 1252
f 1209 1210 1254 1253
f 1210 1211 1255 1254
f 1211 1212 1256 1255
f 1212 1213 1257 1256
f 1213 1214 1258 1257
f 1214 1215 1259 1258
f 1215 1216 1260 1259
f 1216 1217 1261 1260
f 1217 1218 1262 1261
f 1218 1219 1263 1262
f 1219 1220 1264 1263
f 1220 1221 1265 1264
f 1221 1222 1266 1265
f 1222 1223 1267 1266
f 1223 1224 1268 1267
f 1224 1225 1269 1268
f 1225 1226 1270 1269
f 1226 1227 1271 1270
f 1227 1228 1272 1271
f 1228 1229 1273 1272
f 1229 1230 1274 1273
f 1230 1231 1275 1274
f 1231 1232 1276 1275
f 1232 1189 1233 1276
f 1233 1234 1278 1277
f 1234 1235 1279 1278
f 1235 1236 1280 1279
f 1236 1237 1281 1280
f 1237 1238 1282 1281
f 1238 1239 1283 1282
f 1239 1240 1284 1283
f 1240 1241 1285 1284
f 1241 1242 1286 1285
f 1242 1243 1287 1286
f 1243 1244 1288 1287
f 1244 1245 1289 1288
f 1245 1246 1290 1289
f 1246 1247 1291 1290
f 1247 1248 1292 1291
f 1248 1249 1293 1292
f 1249 1250 1294 1293
f 1250 1251 1295 1294
f 1251 1252 1296 1295
f 1252 1253 1297 1296
f 1253 1254 1298 1297
f 1254 1255 1299 1298
f 1255 1256 1300 1299
f 1256 1257 1301 1300
f 1257 1258 1302 1301
f 1258 1259 1303 1302
f 1259 1260 1304 1303
f 1260 1261 1305 1304
f 1261 1262 1306 1305
f 1262 1263 1307 1306
f 1263 1264 1308 1307
f 1264 1265 1309 1308
f 1265 1266 1310 1309
f 1266 1267 1311 1310
f 1267 1268 1312 1311
f 1268 1269 1313 1312
f 1269 1270 1314 1313
f 1270 1271 1315 1314
f 1271 1272 1316 1315
f 1272 1273 1317 1316
f 1273 1274 1318 1317
f 1274 1275 1319 1318
f 1275 1276 1320 1319
f 1276 1233 1277 1320
f 1277 1278 1322 1321
f 1278 1279 1323 1322
f 1279 1280 1324 1323
f 1280 1281 1325 1324
f 1281 1282 1326 1325
f 1282 1283 1327 1326
f 1283 1284 1328 1327
f 1284 1285 1329 1328
f 1285 1286 1330 1329
f 1286 1287 1331 1330
f 1287 1288 1332 1331
f 1288 1289 1333 1332
f 1289 1290 1334 1333
f 1290 1291 1335 1334
f 1291 1292 1336 1335
f 1292 1293 1337 1336
f 1293 1294 1338 1337
f 1294 1295 1339 1338
f 1295 1296 1340 1339
f 1296 1297 1341 1340
f 1297 1298 1342 1341
f 1298 1299 1343 1342
f 1299 1300 1344 1343
f 1300 1301 1345 1344
f 1301 1302 1346 1345
f 1302 1303 1347 1346
f 1303 1304 1348 1347
f 1304 1305 1349 1348
f 1305 1306 1350 1349
f 1306 1307 1351 1350
f 1307 1308 1352 1351
f 1308 1309 1353 1352
f 1309 1310 1354 1353
f 1310 1311 1355 1354
f 1311 1312 1356 1355
f 1312 1313 1357 1356
f 1313 1314 1358 1357
f 1314 1315 1359 1358
f 1315 1316 1360 1359
f 1316 1317 1361 1360
f 1317 1318 1362 1361
f 1318 1319 1363 1362
f 1319 1320 1364 1363
f 1320 1277 1321 1364
f 1321 1322 1366 1365
f 1322 1323 1367 1366
f 1323 1324 1368 1367
f 1324 1325 1369 1368
f 1325 1326 1370 1369
f 1326 1327 1371 1370
f 1327 1328 1372 1371
f 1328 1329 1373 1372
f 1329 1330 1374 1373
f 1330 1331 1375 1374
f 1331 1332 1376 1375
f 1332 1333 1377 1376
f 1333 1334 1378 1377
f 1334 1335 1379 1378
f 1335 1336 1380 1379
f 1336 1337 1381 1380
f 1337 1338 1382 1381
f 1338 1339 1383 1382
f 1339 1340 1384 1383
f 1340 1341 1385 1384
f 1341 1342 1386 1385
f 1342 1343 1387 1386
f 1343 1344 1388 1387
f 1344 1345 1389 1388
f 1345 1346 1390 1389
f 1346 1347 1391 1390
f 1347 1348 1392 1391
f 1348 1349 1393 1392
f 1349 1350 1394 1393
f 1350 1351 1395 1394
f 1351 1352 1396 1395
f 1352 1353 1397 1396
f 1353 1354 1398 1397
f 1354 1355 1399 1398
f 1355 1356 1400 1399
f 1356 1357 1401 1400
f 1357 1358 1402 1401
f 1358 1359 1403 1402
f 1359 1360 1404 1403
f 1360 1361 1405 1404
f 1361 1362 1406 1405
f 1362 1363 1407 1406
f 1363 1364 1408 1407
f 1364 1321 1365 1408
f 1365 1366 1410 1409
f 1366 1367 1411 1410
f 1367 1368 1412 1411
f 1368 1369 1413 1412
f 1369 1370 1414 1413
f 1370 1371 1415 1414
f 1371 1372 1416 1415
f 1372 1373 1417 1416
f 1373 1374 1418 1417
f 1374 1375 1419 1418
f 1375 1376 1420 1419
f 1376 1377 1421 1420
f 1377 1378 1422 1421
f 1378 1379 1423 1422
f 1379 1380 1424 1423
f 1380 1381 1425 1424
f 1381 1382 1426 1425
f 1382 1383 1427 1426
f 1383 1384 1428 1427
f 1384 1385 1429 1428
f 1385 1386 1430 1429
f 1386 1387 1431 1430
f 1387 1388 1432 1431
f 1388 1389 1433 1432
f 1389 1390 1434 1433
f 1390 1391 1435 1434
f 1391 1392 1436 1435
f 1392 1393 1437 1436
f 1393 1394 1438 1437
f 1394 1395 1439 1438
f 1395 1396 1440 1439
f 1396 1397 1441 1440
f 1397 1398 1442 1441
f 1398 1399 1443 1442
f 1399 1400 1444 1443
f 1400 1401 1445 1444
f 1401 1402 1446 1445
f 1402 1403 1447 1446
f 1403 1404 1448 1447
f 1404 1405 1449 1448
f 1405 1406 1450 1449
f 1406 1407 1451 1450
f 1407 1408 1452 1451
f 1408 1365 1409 1452
f 1409 1410 1454 1453
f 1410 1411 1455 1454
f 1411 1412 1456 1455
f 1412 1413 1457 1456
f 1413 1414 1458 1457
f 1414 1415 1459 1458
f 1415 1416 1460 1459
f 1416 1417 1461 1460
f 1417 1418 1462 1461
f 1418 1419 1463 1462
f 1419 1420 1464 1463
f 1420 1421 1465 1464
f 1421 1422 1466 1465
f 1422 1423 1467 1466
f 1423 1424 1468 1467
f 1424 1425 1469 1468
f 1425 1426 1470 1469
f 1426 1427 1471 1470
f 1427 1428 1472 1471
f 1428 1429 1473 1472
f 1429 1430 1474 1473
f 1430 1431 1475 1474
f 1431 1432 1476 1475
f 1432 1433 1477 1476
f 1433 1434 1478 1477
f 1434 1435 1479 1478
f 1435 1436 1480 1479
f 1436 1437 1481 1480
f 1437 1438 1482 1481
f 1438 1439 1483 1482
f 1439 1440 1484 1483
f 1440 1441 1485 1484
f 1441 1442 1486 1485
f 1442 1443 1487 1486
f 1443 1444 1488 1487
f 1444 1445 1489 1488
f 1445 1446 1490 1489
f 1446 1447 1491 1490
f 1447 1448 1492 1491
f 1448 1449 1493 1492
f 1449 1450 1494 1493
f 1450 1451 1495 1494
f 1451 1452 1496 1495
f 1452 1409 1453 1496
f 1453 1454 1498 1497
f 1454 1455 1499 1498
f 1455 1456 1500 1499
f 1456 1457 1501 1500
f 1457 1458 1502 1501
f 1458 1459 1503 1502
f 1459 1460 1504 1503
f 1460 1461 1505 1504
f 1461 1462 1506 1505
f 1462 1463 1507 1506
f 1463 1464 1508 1507
f 1464 1465 1509 1508
f 1465 1466 1510 1509
f 1466 1467 1511 1510
f 1467 1468 1512 1511
f 1468 1469 1513 1512
f 1469 1470 1514 1513
f 1470 1471 1515 1514
f 1471 1472 1516 1515
f 1472 1473 1517 1516
f 1473 1474 1518 1517
f 1474 1475 1519 1518
f 1475 1476 1520 1519
f 1476 1477 1521 1520
f 1477 1478 1522 1521
f 1478 1479 1523 1522
f 1479 1480 1524 1523
f 1480 1481 1525 1524
f 1481 1482 1526 1525
f 1482 1483 1527 1526
f 1483 1484 1528 1527
f 1484 1485 1529 1528
f 1485 1486 1530 1529
f 1486 1487 1531 1530
f 1487 1488 1532 1531
f 1488 1489 1533 1532
f 1489 1490 1534 1533
f 1490 1491 1535 1534
f 1491 1492 1536 1535
f 1492 1493 1537 1536
f 1493 1494 1538 1537
f 1494 1495 1539 1538
f 1495 1496 1540 1539
f 1496 1453 1497 1540
f 1497 1498 1542 1541
f 1498 1499 1543 1542
f 1499 1500 1544 1543
f 1500 1501 1545 1544
f 1501 1502 1546 1545
f 1502 1503 1547 1546
f 1503 1504 1548 1547
f 1504 1505 1549 1548
f 1505 1506 1550 1549
f 1506 1507 1551 1550
f 1507 1508 1552 1551
f 1508 1509 1553 1552
f 1509 1510 1554 1553
f 1510 1511 1555 1554
f 1511 1512 1556 1555
f 1512 1513 1557 1556
f 1513 1514 1558 1557
f 1514 1515 1559 1558
f 1515 1516 1560 1559
f 1516 1517 1561 1560
f 1517 1518 1562 1561
f 1518 1519 1563 1562
f 1519 1520 1564 1563
f 1520 1521 1565 1564
f 1521 1522 1566 1565
f 1522 1523 1567 1566
f 1523 1524 1568 1567
f 1524 1525 1569 1568
f 1525 1526 1570 1569
f 1526 1527 1571 1570
f 1527 1528 1572 1571
f 1528 1529 1573 1572
f 1529 1530 1574 1573
f 1530 1531 1575 1574
f 1531 1532 1576 1575
f 1532 1533 1577 1576
f 1533 1534 1578 1577
f 1534 1535 1579 1578
f 1535 1536 1580 1579
f 1536 1537 1581 1580
f 1537 1538 1582 1581
f 1538 1539 1583 1582
f 1539 1540 1584 1583
f 1540 1497 1541 1584
f 1541 1542 1586 1585
f 1542 1543 1587 1586
f 1543 1544 1588 1587
f 1544 1545 1589 1588
f 1545 1546 1590 1589
f 1546 1547 1591 1590
f 1547 1548 1592 1591
f 1548 1549 1593 1592
f 1549 1550 1594 1593
f 1550 1551 1595 1594
f 1551 1552 1596 1595
f 1552 1553 1597 1596
f 1553 1554 1598 1597
f 1554 1555 1599 1598
f 1555 1556 1600 1599
f 1556 1557 1601 1600
f 1557 1558 1602 1601
f 1558 1559 1603 1602
f 1559 1560 1604 1603
f 1560 1561 1605 1604
f 1561 1562 1606 1605
f 1562 1563 1607 1606
f 1563 1564 1608 1607
f 1564 1565 1609 1608
f 1565 1566 1610 1609
f 1566 1567 1611 1610
f 1567 1568 1612 1611
f 1568 1569 1613 1612
f 1569 1570 1614 1613
f 1570 1571 1615 1614
f 1571 1572 1616 1615
f 1572 1573 1617 1616
f 1573 1574 1618 1617
f 1574 1575 1619 1618
f 1575 1576 1620 1619
f 1576 1577 1621 1620
f 1577 1578 1622 1621
f 1578 1579 1623 1622
f 1579 1580 1624 1623
f 1580 1581 1625 1624
f 1581 1582 1626 1625
f 1582 1583 1627 1626
f 1583 1584 1628 1627
f 1584 1541 1585 1628
f 1585 1586 1630 1629
f 1586 1587 1631 1630
f 1587 1588 1632 1631
f 1588 1589 1633 1632
f 1589 1590 1634 1633
f 1590 1591 1635 1634
f 1591 1592 1636 1635
f 1592 1593 1637 1636
f 1593 1594 1638 1637
f 1594 1595 1639 1638
f 1595 1596 1640 1639
f 1596 1597 1641 1640
f 1597 1598 1642 1641
f 1598 1599 1643 1642
f 1599 1600 1644 1643
f 1600 1601 1645 1644
f 1601 1602 1646 1645
f 1602 1603 1647 1646
f 1603 1604 1648 1647
f 1604 1605 1649 1648
f 1605 1606 1650 1649
f 1606 1607 1651 1650
f 1607 1608 1652 1651
f 1608 1609 1653 1652
f 1609 1610 1654 1653
f 1610 1611 1655 1654
f 1611 1612 1656 1655
f 1612 1613 1657 1656
f 1613 1614 1658 1657
f 1614 1615 1659 1658
f 1615 1616 1660 1659
f 1616 1617 1661 1660
f 1617 1618 1662 1661
f 1618 1619 1663 1662
f 1619 1620 1664 1663
f 1620 1621 1665 1664
f 1621 1622 1666 1665
f 1622 1623 1667 1666
f 1623 1624 1668 1667
f 1624 1625 1669 1668
f 1625 1626 1670 1669
f 1626 1627 1671 1670
f 1627 1628 1672 1671
f 1628 1585 1629 1672
f 1629 1630 1674 1673
f 1630 1631 1675 1674
f 1631 1632 1676 1675
f 1632 1633 1677 1676
f 1633 1634 1678 1677
f 1634 1635 1679 1678
f 1635 1636 1680 1679
f 1636 1637 1681 1680
f 1637 1638 1682 1681
f 1638 1639 1683 1682
f 1639 1640 1684 1683
f 1640 1641 1685 1684
f 1641 1642 1686 1685
f 1642 1643 1687 1686
f 1643 1644 1688 1687
f 1644 1645 1689 1688
f 1645 1646 1690 1689
f 1646 1647 1691 1690
f 1647 1648 1692 1691
f 1648 1649 1693 1692
f 1649 1650 1694 1693
f 1650 1651 1695 1694
f 1651 1652 1696 1695
f 1652 1653 1697 1696
f 1653 1654 1698 1697
f 1654 1655 1699 1698
f 1655 1656 1700 1699
f 1656 1657 1701 1700
f 1657 1658 1702 1701
f 1658 1659 1703 1702
f 1659 1660 1704 1703
f 1660 1661 1705 1704
f 1661 1662 1706 1705
f 1662 1663 1707 1706
f 1663 1664 1708 1707
f 1664 1665 1709 1708
f 1665 1666 1710 1709
f 1666 1667 1711 1710
f 1667 1668 1712 1711
f 1668 1669 1713 1712
f 1669 1670 1714 1713
f 1670 1671 1715 1714
f 1671 1672 1716 1715
f 1672 1629 1673 1716
f 1673 1674 1718 1717
f 1674 1675 1719 1718
f 1675 1676 1720 1719
f 1676 1677 1721 1720
f 1677 1678 1722 1721
f 1678 1679 1723 1722
f 1679 1680 1724 1723
f 1680 1681 1725 1724
f 1681 1682 1726 1725
f 1682 1683 1727 1726
f 1683 1684 1728 1727
f 1684 1685 1729 1728
f 1685 1686 1730 1729
f 1686 1687 1731 1730
f 1687 1688 1732 1731
f 1688 1689 1733 1732
f 1689 1690 1734 1733
f 1690 1691 1735 1734
f 1691 1692 1736 1735
f 1692 1693 1737 1736
f 1693 1694 1738 1737
f 1694 1695 1739 1738
f 1695 1696 1740 1739
f 1696 1697 1741 1740
f 1697 1698 1742 1741
f 1698 1699 1743 1742
f 1699 1700 1744 1743
f 1700 1701 1745 1744
f 1701 1702 1746 1745
f 1702 1703 1747 1746
f 1703 1704 1748 1747
f 1704 1705 1749 1748
f 1705 1706 1750 1749
f 1706 1707 1751 1750
f 1707 1708 1752 1751
f 1708 1709 1753 1752
f 1709 1710 1754 1753
f 1710 1711 1755 1754
f 1711 1712 1756 1755
f 1712 1713 1757 1756
f 1713 1714 1758 1757
f 1714 1715 1759 1758
f 1715 1716 1760 1759
f 1716 1673 1717 1760
f 1717 1718 1762 1761
f 1718 1719 1763 1762
f 1719 1720 1764 1763
f 1720 1721 1765 1764
f 1721 1722 1766 1765
f 1722 1723 1767 1766
f 1723 1724 1768 1767
f 1724 1725 1769 1768
f 1725 1726 1770 1769
f 1726 1727 1771 1770
f 1727 1728 1772 1771
f 1728 1729 1773 1772
f 1729 1730 1774 1773
f 1730 1731 1775 1774
f 1731 1732 1776 1775
f 1732 1733 1777 1776
f 1733 1734 1778 1777
f 1734 1735 1779 1778
f 1735 1736 1780 1779
f 1736 1737 1781 1780
f 1737 1738 1782 1781
f 1738 1739 1783 1782
f 1739 1740 1784 1783
f 1740 1741 1785 1784
f 1741 1742 1786 1785
f 1742 1743 1787 1786
f 1743 1744 1788 1787
f 1744 1745 1789 1788
f 1745 1746 1790 1789
f 1746 1747 1791 1790
f 1747 1748 1792 1791
f 1748 1749 1793 1792
f 1749 1750 1794 1793
f 1750 1751 1795 1794
f 1751 1752 1796 1795
f 1752 1753 1797 1796
f 1753 1754 1798 1797
f 1754 1755 1799 1798
f 1755 1756 1800 1799
f 1756 1757 1801 1800
f 1757 1758 1802 1801
f 1758 1759 1803 1802
f 1759 1760 1804 1803
f 1760 1717 1761 1804
f 1761 1762 1806 1805
f 1762 1763 1807 1806
f 1763 1764 1808 1807
f 1764 1765 1809 1808
f 1765 1766 1810 1809
f 1766 1767 1811 1810
f 1767 1768 1812 1811
f 1768 1769 1813 1812
f 1769 1770 1814 1813
f 1770 1771 1815 1814
f 1771 1772 1816 1815
f 1772 1773 1817 1816
f 1773 1774 1818 1817
f 1774 1775 1819 1818
f 1775 1776 1820 1819
f 1776 1777 1821 1820
f 1777 1778 1822 1821
f 1778 1779 1823 1822
f 1779 1780 1824 1823
f 1780 1781 1825 1824
f 1781 1782 1826 1825
f 1782 1783 1827 1826
f 1783 1784 1828 1827
f 1784 1785 1829 1828
f 1785 1786 1830 1829
f 1786 1787 1831 1830
f 1787 1788 1832 1831
f 1788 1789 1833 1832
f 1789 1790 1834 1833
f 1790 1791 1835 1834
f 1791 1792 1836 1835
f 1792 1793 1837 1836
f 1793 1794 1838 1837
f 1794 1795 1839 1838
f 1795 1796 1840 1839
f 1796 1797 1841 1840
f 1797 1798 1842 1841
f 1798 1799 1843 1842
f 1799 1800 1844 1843
f 1800 1801 1845 1844
f 1801 1802 1846 1845
f 1802 1803 1847 1846
f 1803 1804 1848 1847
f 1804 1761 1805 1848
f 1805 1806 1850 1849
f 1806 1807 1851 1850
f 1807 1808 1852 1851
f 1808 1809 1853 1852
f 1809 1810 1854 1853
f 1810 1811 1855 1854
f 1811 1812 1856 1855
f 1812 1813 1857 1856
f 1813 1814 1858 1857
f 1814 1815 1859 1858
f 1815 1816 1860 1859
f 1816 1817 1861 1860
f 1817 1818 1862 1861
f 1818 1819 1863 1862
f 1819 1820 1864 1863
f 1820 1821 1865 1864
f 1821 1822 1866 1865
f 1822 1823 1867 1866
f 1823 1824 1868 1867
f 1824 1825 1869 1868
f 1825 1826 1870 1869
f 1826 1827 1871 1870
f 1827 1828 1872 1871
f 1828 1829 1873 1872
f 1829 1830 1874 1873
f 1830 1831 1875 1874
f 1831 1832 1876 1875
f 1832 1833 1877 1876
f 1833 1834 1878 1877
f 1834 1835 1879 1878
f 1835 1836 1880 1879
f 1836 1837 1881 1880
f 1837 1838 1882 1881
f 1838 1839 1883 1882
f 1839 1840 1884 1883
f 1840 1841 1885 1884
f 1841 1842 1886 1885
f 1842 1843 1887 1886
f 1843 1844 1888 1887
f 1844 1845 1889 1888
f 1845 1846 1890 1889
f 1846 1847 1891 1890
f 1847 1848 1892 1891
f 1848 1805 1849 1892
f 1849 1850 1894 1893
f 1850 1851 1895 1894
f 1851 1852 1896 1895
f 1852 1853 1897 1896
f 1853 1854 1898 1897
f 1854 1855 1899 1898
f 1855 1856 1900 1899
f 1856 1857 1901 1900
f 1857 1858 1902 1901
f 1858 1859 1903 1902
f 1859 1860 1904 1903
f 1860 1861 1905 1904
f 1861 1862 1906 1905
f 1862 1863 1907 1906
f 1863 1864 1908 1907
f 1864 1865 1909 1908
f 1865 1866 1910 1909
f 1866 1867 1911 1910
f 1867 1868 1912 1911
f 1868 1869 1913 1912
f 1869 1870 1914 1913
f 1870 1871 1915 1914
f 1871 1872 1916 1915
f 1872 1873 1917 1916
f 1873 1874 1918 1917
f 1874 1875 1919 1918
f 1875 1876 1920 1919
f 1876 1877 1921 1920
f 1877 1878 1922 1921
f 1878 1879 1923 1922
f 1879 1880 1924 1923
f 1880 1881 1925 1924
f 1881 1882 1926 1925
f 1882 1883 1927 1926
f 1883 1884 1928 1927
f 1884 1885 1929 1928
f 1885 1886 1930 1929
f 1886 1887 1931 1930
f 1887 1888 1932 1931
f 1888 1889 1933 1932
f 1889 1890 1934 1933
f 1890 1891 1935 1934
f 1891 1892 1936 1935
f 1892 1849 1893 1936
f 1893 1894 1938 1937
f 1894 1895 1939 1938
f 1895 1896 1940 1939
f 1896 1897 1941 1940
f 1897 1898 1942 1941
f 1898 1899 1943 1942
f 1899 1900 1944 1943
f 1900 1901 1945 1944
f 1901 1902 1946 1945
f 1902 1903 1947 1946
f 1903 1904 1948 1947
f 1904 1905 1949 1948
f 1905 1906 1950 1949
f 1906 1907 1951 1950
f 1907 1908 1952 1951
f 1908 1909 1953 1952
f 1909 1910 1954 1953
f 1910 1911 1955 1954
f 1911 1912 1956 1955
f 1912 1913 1957 1956
f 1913 1914 1958 1957
f 1914 1915 1959 1958
f 1915 1916 1960 1959
f 1916 1917 1961 1960
f 1917 1918 1962 1961
f 1918 1919 1963 1962
f 1919 1920 1964 1963
f 1920 1921 1965 1964
f 1921 1922 1966 1965
f 1922 1923 1967 1966
f 1923 1924 1968 1967
f 1924 1925 1969 1968
f 1925 1926 1970 1969
f 1926 1927 1971 1970
f 1927 1928 1972 1971
f 1928 1929 1973 1972
f 1929 1930 1974 1973
f 1930 1931 1975 1974
f 1931 1932 1976 1975
f 1932 1933 1977 1976
f 1933 1934 1978 1977
f 1934 1935 1979 1978
f 1935 1936 1980 1979
f 1936 1893 1937 1980
f 1937 1938 1982 1981
f 1938 1939 1983 1982
f 1939 1940 1984 1983
f 1940 1941 1985 1984
f 1941 1942 1986 1985
f 1942 1943 1987 1986
f 1943 1944 1988 1987
f 1944 1945 1989 1988
f 1945 1946 1990 1989
f 1946 1947 1991 1990
f 1947 1948 1992 1991
f 1948 1949 1993 1992
f 1949 1950 1994 1993
f 1950 1951 1995 1994
f 1951 1952 1996 1995
f 1952 1953 1997 1996
f 1953 1954 1998 1997
f 1954 1955 1999 1998
f 1955 1956 2000 1999
f 1956 1957 2001 2000
f 1957 1958 2002 2001
f 1958 1959 2003 2002
f 1959 1960 2004 2003
f 1960 1961 2005 2004
f 1961 1962 2006 2005
f 1962 1963 2007 2006
f 1963 1964 2008 2007
f 1964 1965 2009 2008
f 1965 1966 2010 2009
f 1966 1967 2011 2010
f 1967 1968 2012 2011
f 1968 1969 2013 2012
f 1969 1970 2014 2013
f 1970 1971 2015 2014
f 1971 1972 2016 2015
f 1972 1973 2017 2016
f 1973 1974 2018 2017
f 1974 1975 2019 2018
f 1975 1976 2020 2019
f 1976 1977 2021 2020
f 1977 1978 2022 2021
f 1978 1979 2023 2022
f 1979 1980 2024 2023
f 1980 1937 1981 2024
f 1981 1982 2026 2025
f 1982 1983 2027 2026
f 1983 1984 2028 2027
f 1984 1985 2029 2028
f 1985 1986 2030 2029
f 1986 1987 2031 2030
f 1987 1988 2032 2031
f 1988 1989 2033 2032
f 1989 1990 2034 2033
f 1990 1991 2035 2034
f 1991 1992 2036 2035
f 1992 1993 2037 2036
f 1993 1994 2038 2037
f 1994 1995 2039 2038
f 1995 1996 2040 2039
f 1996 1997 2041 2040
f 1997 1998 2042 2041
f 1998 1999 2043 2042
f 1999 2000 2044 2043
f 2000 2001 2045 2044
f 2001 2002 2046 2045
f 2002 2003 2047 2046
f 2003 2004 2048 2047
f 2004 2005 2049 2048
f 2005 2006 2050 2049
f 2006 2007 2051 2050
f 2007 2008 2052 2051
f 2008 2009 2053 2052
f 2009 2010 2054 2053
f 2010 2011 2055 2054
f 2011 2012 2056 2055
f 2012 2013 2057 2056
f 2013 2014 2058 2057
f 2014 2015 2059 2058
f 2015 2016 2060 2059
f 2016 2017 2061 2060
f 2017 2018 2062 2061
f 2018 2019 2063 2062
f 2019 2020 2064 2063
f 2020 2021 2065 2064
f 2021 2022 2066 2065
f 2022 2023 2067 2066
f 2023 2024 2068 2067
f 2024 1981 2025 2068
f 2025 2026 2070 2069
f 2026 2027 2071 2070
f 2027 2028 2072 2071
f 2028 2029 2073 2072
f 2029 2030 2074 2073
f 2030 2031 2075 2074
f 2031 2032 2076 2075
f 2032 2033 2077 2076
f 2033 2034 2078 2077
f 2034 2035 2079 2078
f 2035 2036 2080 2079
f 2036 2037 2081 2080
f 2037 2038 2082 2081
f 2038 2039 2083 2082
f 2039 2040 2084 2083
f 2040 2041 2085 2084
f 2041 2042 2086 2085
f 2042 2043 2087 2086
f 2043 2044 2088 2087
f 2044 2045 2089 2088
f 2045 2046 2090 2089
f 2046 2047 2091 2090
f 2047 2048 2092 2091
f 2048 2049 2093 2092
f 2049 2050 2094 2093
f 2050 2051 2095 2094
f 2051 2052 2096 2095
f 2052 2053 2097 2096
f 2053 2054 2098 2097
f 2054 2055 2099 2098
f 2055 2056 2100 2099
f 2056 2057 2101 2100
f 2057 2058 2102 2101
f 2058 2059 2103 2102
f 2059 2060 2104 2103
f 2060 2061 2105 2104
f 2061 2062 2106 2105
f 2062 2063 2107 2106
f 2063 2064 2108 2107
f 2064 2065 2109 2108
f 2065 2066 2110 2109
f 2066 2067 2111 2110
f 2067 2068 2112 2111
f 2068 2025 2069 2112
f 2069 2070 2114 2113
f 2070 2071 2115 2114
f 2071 2072 2116 2115
f 2072 2073 2117 2116
f 2073 2074 2118 2117
f 2074 2075 2119 2118
f 2075 2076 2120 2119
f 2076 2077 2121 2120
f 2077 2078 2122 2121
f 2078 2079 2123 2122
f 2079 2080 2124 2123
f 2080 2081 2125 2124
f 2081 2082 2126 2125
f 2082 2083 2127 2126
f 2083 2084 2128 2127
f 2084 2085 2129 2128
f 2085 2086 2130 2129
f 2086 2087 2131 2130
f 2087 2088 2132 2131
f 2088 2089 2133 2132
f 2089 2090 2134 2133
f 2090 2091 2135 2134
f 2091 2092 2136 2135
f 2092 2093 2137 2136
f 2093 2094 2138 2137
f 2094 2095 2139 2138
f 2095 2096 2140 2139
f 2096 2097 2141 2140
f 2097 2098 2142 2141
f 2098 2099 2143 2142
f 2099 2100 2144 2143
f 2100 2101 2145 2144
f 2101 2102 2146 2145
f 2102 2103 2147 2146
f 2103 2104 2148 2147
f 2104 2105 2149 2148
f 2105 2106 2150 2149
f 2106 2107 2151 2150
f 2107 2108 2152 2151
f 2108 2109 2153 2152
f 2109 2110 2154 2153
f 2110 2111 2155 2154
f 2111 2112 2156 2155
f 2112 2069 2113 2156
