Time (s)  Flap Rotation y (radians)Flap Rotation y (degrees)
0.015             0.000001        0.000050
0.030             0.000003        0.000152
0.045             0.000005        0.000306
0.060             0.000009        0.000515
0.075             0.000014        0.000778
0.090             0.000019        0.001097
0.105             0.000026        0.001474
0.120             0.000033        0.001909
0.135             0.000042        0.002404
0.150             0.000052        0.002959
0.165             0.000062        0.003576
0.180             0.000074        0.004255
0.195             0.000087        0.004998
0.210             0.000101        0.005805
0.225             0.000117        0.006677
0.240             0.000133        0.007616
0.255             0.000150        0.008621
0.270             0.000169        0.009694
0.285             0.000189        0.010836
0.300             0.000210        0.012047
0.315             0.000233        0.013328
0.330             0.000256        0.014679
0.345             0.000281        0.016101
0.360             0.000307        0.017596
0.375             0.000334        0.019162
0.390             0.000363        0.020801
0.405             0.000393        0.022513
0.420             0.000424        0.024298
0.435             0.000457        0.026158
0.450             0.000490        0.028091
0.465             0.000525        0.030099
0.480             0.000562        0.032182
0.495             0.000599        0.034339
0.510             0.000638        0.036571
0.525             0.000679        0.038878
0.540             0.000720        0.041260
0.555             0.000763        0.043717
0.570             0.000807        0.046249
0.585             0.000853        0.048856
0.600             0.000900        0.051538
0.615             0.000948        0.054293
0.630             0.000997        0.057123
0.645             0.001048        0.060027
0.660             0.001100        0.063004
0.675             0.001153        0.066055
0.690             0.001207        0.069178
0.705             0.001263        0.072372
0.720             0.001320        0.075639
0.735             0.001378        0.078976
0.750             0.001438        0.082383
0.765             0.001499        0.085860
0.780             0.001560        0.089405
0.795             0.001623        0.093018
0.810             0.001688        0.096698
0.825             0.001753        0.100444
0.840             0.001820        0.104254
0.855             0.001887        0.108129
0.870             0.001956        0.112066
0.885             0.002026        0.116064
0.900             0.002097        0.120123
0.915             0.002168        0.124242
0.930             0.002241        0.128417
0.945             0.002315        0.132650
0.960             0.002390        0.136937
0.975             0.002466        0.141277
0.990             0.002542        0.145670
1.005             0.002620        0.150113
1.020             0.002698        0.154604
1.035             0.002778        0.159143
1.050             0.002858        0.163727
1.065             0.002938        0.168355
1.080             0.003020        0.173024
1.095             0.003102        0.177734
1.110             0.003185        0.182482
1.125             0.003268        0.187265
1.140             0.003352        0.192083
1.155             0.003437        0.196933
1.170             0.003522        0.201813
1.185             0.003608        0.206722
1.200             0.003694        0.211656
1.215             0.003781        0.216613
1.230             0.003868        0.221592
1.245             0.003955        0.226591
1.260             0.004042        0.231606
1.275             0.004130        0.236637
1.290             0.004218        0.241679
1.305             0.004306        0.246732
1.320             0.004395        0.251792
1.335             0.004483        0.256857
1.350             0.004571        0.261925
1.365             0.004660        0.266993
1.380             0.004748        0.272059
1.395             0.004837        0.277120
1.410             0.004925        0.282174
1.425             0.005013        0.287218
1.440             0.005101        0.292249
1.455             0.005188        0.297266
1.470             0.005276        0.302265
1.485             0.005362        0.307243
1.500             0.005449        0.312198
1.515             0.005535        0.317128
1.530             0.005620        0.322029
1.545             0.005705        0.326900
1.560             0.005790        0.331737
1.575             0.005874        0.336537
1.590             0.005957        0.341299
1.605             0.006039        0.346019
1.620             0.006121        0.350694
1.635             0.006202        0.355323
1.650             0.006281        0.359902
1.665             0.006360        0.364428
1.680             0.006439        0.368900
1.695             0.006516        0.373314
1.710             0.006592        0.377668
1.725             0.006666        0.381959
1.740             0.006740        0.386185
1.755             0.006813        0.390342
1.770             0.006884        0.394430
1.785             0.006954        0.398444
1.800             0.007023        0.402383
1.815             0.007090        0.406245
1.830             0.007156        0.410026
1.845             0.007221        0.413724
1.860             0.007284        0.417338
1.875             0.007345        0.420865
1.890             0.007405        0.424302
1.905             0.007464        0.427648
1.920             0.007521        0.430900
1.935             0.007576        0.434057
1.950             0.007629        0.437116
1.965             0.007681        0.440076
1.980             0.007731        0.442934
1.995             0.007779        0.445689
2.010             0.007825        0.448340
2.025             0.007869        0.450884
2.040             0.007912        0.453320
2.055             0.007953        0.455646
2.070             0.007991        0.457862
2.085             0.008028        0.459965
2.100             0.008063        0.461955
2.115             0.008095        0.463830
2.130             0.008126        0.465590
2.145             0.008155        0.467233
2.160             0.008181        0.468759
2.175             0.008206        0.470167
2.190             0.008228        0.471457
2.205             0.008249        0.472626
2.220             0.008267        0.473677
2.235             0.008283        0.474607
2.250             0.008298        0.475417
2.265             0.008310        0.476106
2.280             0.008320        0.476675
2.295             0.008327        0.477124
2.310             0.008333        0.477452
2.325             0.008337        0.477661
2.340             0.008338        0.477751
2.355             0.008338        0.477721
2.370             0.008335        0.477573
2.385             0.008331        0.477308
2.400             0.008324        0.476927
2.415             0.008315        0.476429
2.430             0.008305        0.475817
2.445             0.008292        0.475092
2.460             0.008277        0.474255
2.475             0.008261        0.473307
2.490             0.008242        0.472250
2.505             0.008222        0.471085
2.520             0.008200        0.469815
2.535             0.008176        0.468440
2.550             0.008150        0.466964
2.565             0.008123        0.465388
2.580             0.008093        0.463713
2.595             0.008062        0.461943
2.610             0.008030        0.460080
2.625             0.007996        0.458126
2.640             0.007960        0.456083
2.655             0.007923        0.453954
2.670             0.007884        0.451743
2.685             0.007844        0.449450
2.700             0.007803        0.447080
2.715             0.007760        0.444636
2.730             0.007716        0.442119
2.745             0.007671        0.439534
2.760             0.007625        0.436884
2.775             0.007578        0.434171
2.790             0.007529        0.431399
2.805             0.007480        0.428571
2.820             0.007430        0.425690
2.835             0.007379        0.422761
2.850             0.007327        0.419786
2.865             0.007274        0.416768
2.880             0.007221        0.413713
2.895             0.007167        0.410622
2.910             0.007112        0.407500
2.925             0.007057        0.404350
2.940             0.007002        0.401177
2.955             0.006946        0.397983
2.970             0.006890        0.394772
2.985             0.006834        0.391549
3.000             0.006777        0.388316
3.015             0.006721        0.385078
3.030             0.006664        0.381838
3.045             0.006608        0.378600
3.060             0.006551        0.375368
3.075             0.006495        0.372145
3.090             0.006439        0.368935
3.105             0.006383        0.365742
3.120             0.006328        0.362569
3.135             0.006273        0.359420
3.150             0.006219        0.356299
3.165             0.006165        0.353208
3.180             0.006111        0.350151
3.195             0.006059        0.347132
3.210             0.006007        0.344153
3.225             0.005955        0.341219
3.240             0.005905        0.338332
3.255             0.005855        0.335495
3.270             0.005807        0.332710
3.285             0.005759        0.329982
3.300             0.005713        0.327312
3.315             0.005667        0.324704
3.330             0.005623        0.322159
3.345             0.005579        0.319681
3.360             0.005537        0.317271
3.375             0.005497        0.314931
3.390             0.005457        0.312664
3.405             0.005419        0.310471
3.420             0.005382        0.308354
3.435             0.005346        0.306314
3.450             0.005312        0.304354
3.465             0.005279        0.302473
3.480             0.005248        0.300674
3.495             0.005218        0.298956
3.510             0.005189        0.297321
3.525             0.005162        0.295768
3.540             0.005136        0.294299
3.555             0.005112        0.292914
3.570             0.005090        0.291611
3.585             0.005068        0.290392
3.600             0.005048        0.289255
3.615             0.005030        0.288200
3.630             0.005013        0.287225
3.645             0.004997        0.286330
3.660             0.004983        0.285513
3.675             0.004970        0.284773
3.690             0.004959        0.284108
3.705             0.004948        0.283516
3.720             0.004939        0.282995
3.735             0.004931        0.282542
3.750             0.004925        0.282155
3.765             0.004919        0.281831
3.780             0.004914        0.281567
3.795             0.004911        0.281360
3.810             0.004908        0.281206
3.825             0.004906        0.281101
3.840             0.004905        0.281043
3.855             0.004905        0.281027
3.870             0.004905        0.281048
3.885             0.004906        0.281103
3.900             0.004908        0.281187
3.915             0.004910        0.281296
3.930             0.004912        0.281424
3.945             0.004914        0.281567
3.960             0.004917        0.281720
3.975             0.004920        0.281877
3.990             0.004922        0.282033
4.005             0.004925        0.282183
4.020             0.004927        0.282321
4.035             0.004930        0.282442
4.050             0.004931        0.282540
4.065             0.004932        0.282610
4.080             0.004933        0.282645
4.095             0.004933        0.282639
4.110             0.004932        0.282588
4.125             0.004930        0.282484
4.140             0.004927        0.282322
4.155             0.004924        0.282097
4.170             0.004918        0.281801
4.185             0.004912        0.281431
4.200             0.004904        0.280978
4.215             0.004895        0.280439
4.230             0.004884        0.279807
4.245             0.004871        0.279076
4.260             0.004856        0.278241
4.275             0.004840        0.277296
4.290             0.004821        0.276236
4.305             0.004801        0.275056
4.320             0.004778        0.273751
4.335             0.004753        0.272315
4.350             0.004725        0.270743
4.365             0.004695        0.269032
4.380             0.004663        0.267176
4.395             0.004628        0.265170
4.410             0.004590        0.263012
4.425             0.004550        0.260695
4.440             0.004507        0.258218
4.455             0.004461        0.255575
4.470             0.004412        0.252764
4.485             0.004359        0.249781
4.500             0.004304        0.246623
4.515             0.004246        0.243287
4.530             0.004185        0.239770
4.545             0.004120        0.236071
4.560             0.004052        0.232186
4.575             0.003981        0.228114
4.590             0.003907        0.223853
4.605             0.003829        0.219402
4.620             0.003748        0.214758
4.635             0.003664        0.209921
4.650             0.003576        0.204891
4.665             0.003485        0.199666
4.680             0.003390        0.194246
4.695             0.003292        0.188631
4.710             0.003191        0.182820
4.725             0.003086        0.176815
4.740             0.002978        0.170615
4.755             0.002866        0.164222
4.770             0.002751        0.157635
4.785             0.002633        0.150857
4.800             0.002511        0.143888
4.815             0.002386        0.136730
4.830             0.002258        0.129384
4.845             0.002127        0.121853
4.860             0.001992        0.114138
4.875             0.001854        0.106242
4.890             0.001713        0.098167
4.905             0.001569        0.089915
4.920             0.001422        0.081490
4.935             0.001272        0.072894
4.950             0.001119        0.064130
4.965             0.000963        0.055201
4.980             0.000805        0.046111
4.995             0.000643        0.036863
5.010             0.000479        0.027460
5.025             0.000313        0.017907
5.040             0.000143        0.008206
5.055            -0.000029       -0.001639
5.070            -0.000203       -0.011622
5.085            -0.000379       -0.021741
5.100            -0.000558       -0.031992
5.115            -0.000739       -0.042370
5.130            -0.000923       -0.052870
5.145            -0.001108       -0.063490
5.160            -0.001295       -0.074224
5.175            -0.001485       -0.085067
5.190            -0.001676       -0.096017
5.205            -0.001869       -0.107067
5.220            -0.002063       -0.118215
5.235            -0.002259       -0.129454
5.250            -0.002457       -0.140781
5.265            -0.002656       -0.152192
5.280            -0.002857       -0.163681
5.295            -0.003059       -0.175244
5.310            -0.003262       -0.186877
5.325            -0.003466       -0.198575
5.340            -0.003671       -0.210334
5.355            -0.003877       -0.222149
5.370            -0.004084       -0.234016
5.385            -0.004292       -0.245931
5.400            -0.004501       -0.257889
5.415            -0.004710       -0.269887
5.430            -0.004920       -0.281919
5.445            -0.005131       -0.293981
5.460            -0.005342       -0.306071
5.475            -0.005553       -0.318183
5.490            -0.005765       -0.330314
5.505            -0.005977       -0.342460
5.520            -0.006189       -0.354617
5.535            -0.006402       -0.366781
5.550            -0.006614       -0.378950
5.565            -0.006826       -0.391119
5.580            -0.007039       -0.403285
5.595            -0.007251       -0.415445
5.610            -0.007463       -0.427595
5.625            -0.007675       -0.439734
5.640            -0.007886       -0.451857
5.655            -0.008098       -0.463962
5.670            -0.008309       -0.476047
5.685            -0.008519       -0.488109
5.700            -0.008729       -0.500145
5.715            -0.008939       -0.512153
5.730            -0.009148       -0.524132
5.745            -0.009356       -0.536080
5.760            -0.009564       -0.547994
5.775            -0.009772       -0.559873
5.790            -0.009978       -0.571716
5.805            -0.010184       -0.583520
5.820            -0.010390       -0.595286
5.835            -0.010594       -0.607012
5.850            -0.010798       -0.618698
5.865            -0.011002       -0.630342
5.880            -0.011204       -0.641944
5.895            -0.011406       -0.653504
5.910            -0.011607       -0.665022
5.925            -0.011807       -0.676498
5.940            -0.012007       -0.687931
5.955            -0.012205       -0.699323
5.970            -0.012404       -0.710673
5.985            -0.012601       -0.721982
6.000            -0.012798       -0.733252
6.015            -0.012994       -0.744482
6.030            -0.013189       -0.755675
6.045            -0.013384       -0.766831
6.060            -0.013578       -0.777952
6.075            -0.013771       -0.789038
6.090            -0.013964       -0.800093
6.105            -0.014157       -0.811117
6.120            -0.014349       -0.822113
6.135            -0.014540       -0.833081
6.150            -0.014731       -0.844026
6.165            -0.014922       -0.854948
6.180            -0.015112       -0.865849
6.195            -0.015302       -0.876733
6.210            -0.015492       -0.887602
6.225            -0.015681       -0.898457
6.240            -0.015870       -0.909303
6.255            -0.016059       -0.920140
6.270            -0.016249       -0.930972
6.285            -0.016438       -0.941802
6.300            -0.016627       -0.952631
6.315            -0.016816       -0.963463
6.330            -0.017005       -0.974301
6.345            -0.017194       -0.985146
6.360            -0.017384       -0.996002
6.375            -0.017573       -1.006872
6.390            -0.017763       -1.017757
6.405            -0.017953       -1.028660
6.420            -0.018144       -1.039583
6.435            -0.018335       -1.050530
6.450            -0.018527       -1.061502
6.465            -0.018719       -1.072501
6.480            -0.018911       -1.083530
6.495            -0.019104       -1.094590
6.510            -0.019298       -1.105684
6.525            -0.019492       -1.116812
6.540            -0.019687       -1.127977
6.555            -0.019882       -1.139180
6.570            -0.020079       -1.150422
6.585            -0.020276       -1.161705
6.600            -0.020473       -1.173029
6.615            -0.020672       -1.184395
6.630            -0.020871       -1.195804
6.645            -0.021071       -1.207256
6.660            -0.021271       -1.218752
6.675            -0.021473       -1.230291
6.690            -0.021675       -1.241874
6.705            -0.021878       -1.253499
6.720            -0.022081       -1.265168
6.735            -0.022286       -1.276878
6.750            -0.022491       -1.288629
6.765            -0.022697       -1.300419
6.780            -0.022903       -1.312248
6.795            -0.023110       -1.324114
6.810            -0.023318       -1.336015
6.825            -0.023526       -1.347950
6.840            -0.023735       -1.359915
6.855            -0.023944       -1.371909
6.870            -0.024154       -1.383929
6.885            -0.024364       -1.395973
6.900            -0.024575       -1.408037
6.915            -0.024786       -1.420118
6.930            -0.024997       -1.432214
6.945            -0.025208       -1.444320
6.960            -0.025420       -1.456434
6.975            -0.025631       -1.468551
6.990            -0.025843       -1.480667
7.005            -0.026054       -1.492779
7.020            -0.026265       -1.504882
7.035            -0.026476       -1.516972
7.050            -0.026687       -1.529044
7.065            -0.026897       -1.541094
7.080            -0.027107       -1.553118
7.095            -0.027316       -1.565110
7.110            -0.027525       -1.577065
7.125            -0.027733       -1.588979
7.140            -0.027940       -1.600847
7.155            -0.028146       -1.612663
7.170            -0.028352       -1.624422
7.185            -0.028556       -1.636120
7.200            -0.028759       -1.647751
7.215            -0.028960       -1.659309
7.230            -0.029161       -1.670790
7.245            -0.029360       -1.682188
7.260            -0.029557       -1.693498
7.275            -0.029753       -1.704714
7.290            -0.029947       -1.715831
7.305            -0.030139       -1.726844
7.320            -0.030329       -1.737748
7.335            -0.030518       -1.748537
7.350            -0.030704       -1.759206
7.365            -0.030888       -1.769750
7.380            -0.031070       -1.780163
7.395            -0.031249       -1.790441
7.410            -0.031426       -1.800578
7.425            -0.031600       -1.810570
7.440            -0.031772       -1.820411
7.455            -0.031941       -1.830097
7.470            -0.032107       -1.839622
7.485            -0.032271       -1.848983
7.500            -0.032431       -1.858173
7.515            -0.032589       -1.867189
7.530            -0.032743       -1.876026
7.545            -0.032894       -1.884680
7.560            -0.033042       -1.893145
7.575            -0.033186       -1.901419
7.590            -0.033327       -1.909496
7.605            -0.033464       -1.917372
7.620            -0.033598       -1.925043
7.635            -0.033729       -1.932506
7.650            -0.033855       -1.939755
7.665            -0.033978       -1.946788
7.680            -0.034097       -1.953601
7.695            -0.034212       -1.960189
7.710            -0.034323       -1.966549
7.725            -0.034430       -1.972678
7.740            -0.034533       -1.978572
7.755            -0.034631       -1.984228
7.770            -0.034726       -1.989642
7.785            -0.034816       -1.994811
7.800            -0.034902       -1.999732
7.815            -0.034983       -2.004402
7.830            -0.035060       -2.008817
7.845            -0.035133       -2.012975
7.860            -0.035201       -2.016873
7.875            -0.035265       -2.020507
7.890            -0.035323       -2.023876
7.905            -0.035377       -2.026976
7.920            -0.035427       -2.029805
7.935            -0.035471       -2.032360
7.950            -0.035511       -2.034639
7.965            -0.035546       -2.036639
7.980            -0.035576       -2.038358
7.995            -0.035601       -2.039793
8.010            -0.035621       -2.040943
8.025            -0.035636       -2.041806
8.040            -0.035646       -2.042378
8.055            -0.035651       -2.042659
8.070            -0.035651       -2.042646
8.085            -0.035646       -2.042337
8.100            -0.035635       -2.041732
8.115            -0.035619       -2.040827
8.130            -0.035598       -2.039622
8.145            -0.035572       -2.038115
8.160            -0.035540       -2.036304
8.175            -0.035503       -2.034189
8.190            -0.035461       -2.031768
8.205            -0.035413       -2.029040
8.220            -0.035360       -2.026004
8.235            -0.035302       -2.022659
8.250            -0.035238       -2.019003
8.265            -0.035169       -2.015038
8.280            -0.035094       -2.010761
8.295            -0.035014       -2.006173
8.310            -0.034929       -2.001273
8.325            -0.034838       -1.996060
8.340            -0.034741       -1.990535
8.355            -0.034639       -1.984697
8.370            -0.034532       -1.978547
8.385            -0.034419       -1.972085
8.400            -0.034301       -1.965310
8.415            -0.034177       -1.958224
8.430            -0.034048       -1.950827
8.445            -0.033914       -1.943120
8.460            -0.033774       -1.935103
8.475            -0.033629       -1.926777
8.490            -0.033478       -1.918144
8.505            -0.033322       -1.909204
8.520            -0.033161       -1.899959
8.535            -0.032994       -1.890409
8.550            -0.032822       -1.880557
8.565            -0.032645       -1.870404
8.580            -0.032462       -1.859952
8.595            -0.032275       -1.849201
8.610            -0.032082       -1.838155
8.625            -0.031884       -1.826815
8.640            -0.031681       -1.815183
8.655            -0.031473       -1.803261
8.670            -0.031260       -1.791051
8.685            -0.031042       -1.778556
8.700            -0.030819       -1.765777
8.715            -0.030591       -1.752717
8.730            -0.030358       -1.739379
8.745            -0.030120       -1.725764
8.760            -0.029878       -1.711875
8.775            -0.029631       -1.697715
8.790            -0.029379       -1.683286
8.805            -0.029122       -1.668591
8.820            -0.028861       -1.653631
8.835            -0.028596       -1.638410
8.850            -0.028325       -1.622930
8.865            -0.028051       -1.607194
8.880            -0.027772       -1.591203
8.895            -0.027488       -1.574960
8.910            -0.027200       -1.558467
8.925            -0.026908       -1.541728
8.940            -0.026612       -1.524743
8.955            -0.026311       -1.507515
8.970            -0.026006       -1.490046
8.985            -0.025697       -1.472338
9.000            -0.025384       -1.454393
9.015            -0.025067       -1.436212
9.030            -0.024745       -1.417798
9.045            -0.024420       -1.399152
9.060            -0.024090       -1.380276
9.075            -0.023757       -1.361170
9.090            -0.023419       -1.341836
9.105            -0.023078       -1.322275
9.120            -0.022733       -1.302489
9.135            -0.022383       -1.282477
9.150            -0.022030       -1.262242
9.165            -0.021673       -1.241783
9.180            -0.021312       -1.221100
9.195            -0.020947       -1.200196
9.210            -0.020579       -1.179069
9.225            -0.020206       -1.157719
9.240            -0.019830       -1.136147
9.255            -0.019449       -1.114353
9.270            -0.019065       -1.092337
9.285            -0.018677       -1.070097
9.300            -0.018285       -1.047635
9.315            -0.017889       -1.024948
9.330            -0.017489       -1.002037
9.345            -0.017085       -0.978900
9.360            -0.016677       -0.955538
9.375            -0.016266       -0.931948
9.390            -0.015850       -0.908131
9.405            -0.015430       -0.884084
9.420            -0.015006       -0.859808
9.435            -0.014579       -0.835301
9.450            -0.014147       -0.810561
9.465            -0.013711       -0.785588
9.480            -0.013271       -0.760380
9.495            -0.012827       -0.734937
9.510            -0.012379       -0.709256
9.525            -0.011926       -0.683338
9.540            -0.011470       -0.657180
9.555            -0.011009       -0.630782
9.570            -0.010544       -0.604143
9.585            -0.010075       -0.577261
9.600            -0.009602       -0.550136
9.615            -0.009124       -0.522767
9.630            -0.008642       -0.495153
9.645            -0.008156       -0.467294
9.660            -0.007665       -0.439189
9.675            -0.007170       -0.410838
9.690            -0.006671       -0.382240
9.705            -0.006168       -0.353395
9.720            -0.005660       -0.324305
9.735            -0.005148       -0.294967
9.750            -0.004632       -0.265384
9.765            -0.004111       -0.235556
9.780            -0.003586       -0.205483
9.795            -0.003057       -0.175167
9.810            -0.002524       -0.144608
9.825            -0.001986       -0.113808
9.840            -0.001445       -0.082769
9.855            -0.000899       -0.051492
9.870            -0.000349       -0.019980
9.885             0.000205        0.011766
9.900             0.000763        0.043742
9.915             0.001326        0.075946
9.930             0.001892        0.108376
9.945             0.002461        0.141027
9.960             0.003035        0.173896
9.975             0.003612        0.206980
9.990             0.004194        0.240275
10.005            0.004778        0.273777
10.020            0.005367        0.307481
10.035            0.005958        0.341382
10.050            0.006553        0.375476
10.065            0.007152        0.409758
10.080            0.007753        0.444223
10.095            0.008358        0.478864
10.110            0.008965        0.513676
10.125            0.009576        0.548654
10.140            0.010189        0.583791
10.155            0.010805        0.619081
10.170            0.011423        0.654517
10.185            0.012044        0.690093
10.200            0.012668        0.725802
10.215            0.013293        0.761638
10.230            0.013921        0.797592
10.245            0.014550        0.833658
10.260            0.015181        0.869829
10.275            0.015814        0.906096
10.290            0.016449        0.942453
10.305            0.017085        0.978892
10.320            0.017722        1.015404
10.335            0.018361        1.051983
10.350            0.019000        1.088620
10.365            0.019640        1.125307
10.380            0.020281        1.162036
10.395            0.020923        1.198799
10.410            0.021565        1.235589
10.425            0.022208        1.272397
10.440            0.022850        1.309215
10.455            0.023493        1.346034
10.470            0.024135        1.382848
10.485            0.024778        1.419647
10.500            0.025419        1.456424
10.515            0.026061        1.493171
10.530            0.026701        1.529880
10.545            0.027341        1.566543
10.560            0.027980        1.603152
10.575            0.028618        1.639699
10.590            0.029255        1.676177
10.605            0.029890        1.712579
10.620            0.030524        1.748896
10.635            0.031156        1.785122
10.650            0.031787        1.821249
10.665            0.032415        1.857270
10.680            0.033042        1.893177
10.695            0.033667        1.928965
10.710            0.034289        1.964625
10.725            0.034909        2.000152
10.740            0.035527        2.035539
10.755            0.036142        2.070779
10.770            0.036754        2.105866
10.785            0.037364        2.140794
10.800            0.037971        2.175556
10.815            0.038574        2.210148
10.830            0.039175        2.244562
10.845            0.039772        2.278794
10.860            0.040367        2.312838
10.875            0.040957        2.346688
10.890            0.041545        2.380340
10.905            0.042129        2.413788
10.920            0.042709        2.447028
10.935            0.043285        2.480054
10.950            0.043858        2.512861
10.965            0.044426        2.545446
10.980            0.044991        2.577804
10.995            0.045552        2.609931
11.010            0.046108        2.641822
11.025            0.046661        2.673474
11.040            0.047209        2.704883
11.055            0.047753        2.736044
11.070            0.048292        2.766954
11.085            0.048828        2.797611
11.100            0.049358        2.828009
11.115            0.049884        2.858147
11.130            0.050405        2.888021
11.145            0.050922        2.917627
11.160            0.051434        2.946964
11.175            0.051941        2.976027
11.190            0.052444        3.004815
11.205            0.052942        3.033325
11.220            0.053434        3.061554
11.235            0.053922        3.089499
11.250            0.054405        3.117160
11.265            0.054882        3.144532
11.280            0.055355        3.171614
11.295            0.055823        3.198405
11.310            0.056285        3.224901
11.325            0.056742        3.251101
11.340            0.057195        3.277004
11.355            0.057641        3.302607
11.370            0.058083        3.327909
11.385            0.058519        3.352908
11.400            0.058950        3.377603
11.415            0.059376        3.401992
11.430            0.059796        3.426074
11.445            0.060211        3.449848
11.460            0.060621        3.473311
11.475            0.061025        3.496464
11.490            0.061423        3.519304
11.505            0.061817        3.541831
11.520            0.062204        3.564044
11.535            0.062586        3.585942
11.550            0.062963        3.607523
11.565            0.063334        3.628786
11.580            0.063700        3.649732
11.595            0.064060        3.670359
11.610            0.064414        3.690665
11.625            0.064763        3.710651
11.640            0.065106        3.730316
11.655            0.065444        3.749658
11.670            0.065776        3.768678
11.685            0.066102        3.787374
11.700            0.066423        3.805745
11.715            0.066738        3.823792
11.730            0.067047        3.841513
11.745            0.067351        3.858908
11.760            0.067649        3.875975
11.775            0.067941        3.892715
11.790            0.068227        3.909127
11.805            0.068508        3.925209
11.820            0.068783        3.940962
11.835            0.069052        3.956383
11.850            0.069315        3.971474
11.865            0.069573        3.986232
11.880            0.069825        4.000657
11.895            0.070071        4.014748
11.910            0.070311        4.028504
11.925            0.070545        4.041924
11.940            0.070773        4.055007
11.955            0.070996        4.067751
11.970            0.071212        4.080157
11.985            0.071423        4.092222
12.000            0.071627        4.103944
12.015            0.071826        4.115324
12.030            0.072019        4.126358
12.045            0.072205        4.137046
12.060            0.072386        4.147386
12.075            0.072560        4.157376
12.090            0.072728        4.167014
12.105            0.072890        4.176298
12.120            0.073046        4.185227
12.135            0.073196        4.193797
12.150            0.073339        4.202006
12.165            0.073476        4.209852
12.180            0.073606        4.217333
12.195            0.073730        4.224446
12.210            0.073848        4.231187
12.225            0.073959        4.237554
12.240            0.074064        4.243543
12.255            0.074162        4.249152
12.270            0.074253        4.254378
12.285            0.074337        4.259215
12.300            0.074415        4.263661
12.315            0.074486        4.267712
12.330            0.074549        4.271364
12.345            0.074606        4.274613
12.360            0.074656        4.277455
12.375            0.074698        4.279884
12.390            0.074733        4.281897
12.405            0.074761        4.283489
12.420            0.074781        4.284655
12.435            0.074794        4.285389
12.450            0.074799        4.285688
12.465            0.074797        4.285546
12.480            0.074787        4.284956
12.495            0.074768        4.283915
12.510            0.074742        4.282415
12.525            0.074708        4.280452
12.540            0.074666        4.278019
12.555            0.074615        4.275111
12.570            0.074556        4.271721
12.585            0.074488        4.267843
12.600            0.074412        4.263472
12.615            0.074327        4.258600
12.630            0.074233        4.253220
12.645            0.074130        4.247328
12.660            0.074018        4.240915
12.675            0.073897        4.233976
12.690            0.073766        4.226504
12.705            0.073627        4.218491
12.720            0.073477        4.209931
12.735            0.073318        4.200817
12.750            0.073149        4.191143
12.765            0.072970        4.180901
12.780            0.072782        4.170085
12.795            0.072583        4.158688
12.810            0.072374        4.146702
12.825            0.072154        4.134122
12.840            0.071924        4.120940
12.855            0.071683        4.107149
12.870            0.071432        4.092743
12.885            0.071170        4.077716
12.900            0.070896        4.062060
12.915            0.070612        4.045769
12.930            0.070316        4.028837
12.945            0.070010        4.011258
12.960            0.069691        3.993025
12.975            0.069362        3.974132
12.990            0.069020        3.954573
13.005            0.068667        3.934343
13.020            0.068302        3.913435
13.035            0.067926        3.891845
13.050            0.067537        3.869567
13.065            0.067136        3.846596
13.080            0.066723        3.822926
13.095            0.066297        3.798553
13.110            0.065860        3.773473
13.125            0.065409        3.747680
13.140            0.064947        3.721171
13.155            0.064471        3.693942
13.170            0.063984        3.665989
13.185            0.063483        3.637308
13.200            0.062970        3.607896
13.215            0.062444        3.577750
13.230            0.061905        3.546867
13.245            0.061353        3.515244
13.260            0.060788        3.482880
13.275            0.060210        3.449772
13.290            0.059619        3.415919
13.305            0.059015        3.381318
13.320            0.058398        3.345969
13.335            0.057768        3.309870
13.350            0.057125        3.273021
13.365            0.056469        3.235422
13.380            0.055799        3.197072
13.395            0.055117        3.157971
13.410            0.054421        3.118120
13.425            0.053713        3.077519
13.440            0.052991        3.036170
13.455            0.052256        2.994074
13.470            0.051509        2.951232
13.485            0.050748        2.907646
13.500            0.049974        2.863318
13.515            0.049188        2.818251
13.530            0.048388        2.772447
13.545            0.047576        2.725910
13.560            0.046751        2.678642
13.575            0.045913        2.630648
13.590            0.045063        2.581930
13.605            0.044200        2.532493
13.620            0.043325        2.482342
13.635            0.042437        2.431482
13.650            0.041537        2.379916
13.665            0.040625        2.327651
13.680            0.039701        2.274691
13.695            0.038765        2.221043
13.710            0.037816        2.166713
13.725            0.036856        2.111706
13.740            0.035884        2.056030
13.755            0.034901        1.999691
13.770            0.033906        1.942696
13.785            0.032900        1.885053
13.800            0.031883        1.826768
13.815            0.030855        1.767851
13.830            0.029816        1.708308
13.845            0.028766        1.648148
13.860            0.027705        1.587380
13.875            0.026634        1.526013
13.890            0.025553        1.464054
13.905            0.024461        1.401514
13.920            0.023360        1.338401
13.935            0.022248        1.274726
13.950            0.021127        1.210498
13.965            0.019997        1.145728
13.980            0.018857        1.080424
13.995            0.017708        1.014599
14.010            0.016550        0.948261
14.025            0.015384        0.881424
14.040            0.014209        0.814096
14.055            0.013025        0.746290
14.070            0.011834        0.678016
14.085            0.010634        0.609287
14.100            0.009427        0.540113
14.115            0.008212        0.470508
14.130            0.006990        0.400482
14.145            0.005760        0.330049
14.160            0.004524        0.259220
14.175            0.003281        0.188007
14.190            0.002032        0.116424
14.205            0.000776        0.044484
14.220           -0.000485       -0.027801
14.235           -0.001753       -0.100419
14.250           -0.003026       -0.173354
14.265           -0.004304       -0.246595
14.280           -0.005587       -0.320129
14.295           -0.006876       -0.393940
14.310           -0.008168       -0.468016
14.325           -0.009466       -0.542344
14.340           -0.010767       -0.616909
14.355           -0.012072       -0.691697
14.370           -0.013381       -0.766695
14.385           -0.014694       -0.841889
14.400           -0.016009       -0.917264
14.415           -0.017328       -0.992806
14.430           -0.018649       -1.068501
14.445           -0.019972       -1.144335
14.460           -0.021298       -1.220294
14.475           -0.022626       -1.296363
14.490           -0.023955       -1.372527
14.505           -0.025286       -1.448773
14.520           -0.026618       -1.525086
14.535           -0.027951       -1.601451
14.550           -0.029284       -1.677855
14.565           -0.030618       -1.754282
14.580           -0.031952       -1.830719
14.595           -0.033286       -1.907150
14.610           -0.034620       -1.983563
14.625           -0.035953       -2.059941
14.640           -0.037285       -2.136271
14.655           -0.038616       -2.212539
14.670           -0.039946       -2.288731
14.685           -0.041274       -2.364832
14.700           -0.042600       -2.440828
14.715           -0.043925       -2.516705
14.730           -0.045247       -2.592450
14.745           -0.046566       -2.668048
14.760           -0.047883       -2.743485
14.775           -0.049196       -2.818749
14.790           -0.050507       -2.893825
14.805           -0.051814       -2.968700
14.820           -0.053117       -3.043360
14.835           -0.054416       -3.117793
14.850           -0.055711       -3.191985
14.865           -0.057001       -3.265923
14.880           -0.058287       -3.339595
14.895           -0.059568       -3.412987
14.910           -0.060844       -3.486087
14.925           -0.062114       -3.558882
14.940           -0.063379       -3.631360
14.955           -0.064638       -3.703510
14.970           -0.065892       -3.775318
14.985           -0.067139       -3.846773
15.000           -0.068380       -3.917864
15.015           -0.069614       -3.988578
15.030           -0.070841       -4.058905
15.045           -0.072062       -4.128833
15.060           -0.073275       -4.198351
15.075           -0.074481       -4.267448
15.090           -0.075679       -4.336114
15.105           -0.076870       -4.404337
15.120           -0.078053       -4.472108
15.135           -0.079228       -4.539417
15.150           -0.080394       -4.606252
15.165           -0.081552       -4.672605
15.180           -0.082702       -4.738466
15.195           -0.083843       -4.803825
15.210           -0.084974       -4.868673
15.225           -0.086097       -4.933000
15.240           -0.087211       -4.996798
15.255           -0.088315       -5.060058
15.270           -0.089409       -5.122772
15.285           -0.090494       -5.184930
15.300           -0.091569       -5.246525
15.315           -0.092634       -5.307548
15.330           -0.093689       -5.367991
15.345           -0.094734       -5.427847
15.360           -0.095768       -5.487108
15.375           -0.096792       -5.545767
15.390           -0.097805       -5.603816
15.405           -0.098807       -5.661248
15.420           -0.099799       -5.718056
15.435           -0.100779       -5.774234
15.450           -0.101749       -5.829774
15.465           -0.102707       -5.884671
15.480           -0.103654       -5.938917
15.495           -0.104589       -5.992507
15.510           -0.105513       -6.045435
15.525           -0.106425       -6.097694
15.540           -0.107325       -6.149279
15.555           -0.108214       -6.200184
15.570           -0.109090       -6.250403
15.585           -0.109955       -6.299932
15.600           -0.110807       -6.348765
15.615           -0.111647       -6.396896
15.630           -0.112475       -6.444321
15.645           -0.113290       -6.491035
15.660           -0.114093       -6.537033
15.675           -0.114883       -6.582310
15.690           -0.115661       -6.626861
15.705           -0.116425       -6.670682
15.720           -0.117177       -6.713768
15.735           -0.117916       -6.756116
15.750           -0.118643       -6.797720
15.765           -0.119356       -6.838576
15.780           -0.120056       -6.878681
15.795           -0.120742       -6.918029
15.810           -0.121416       -6.956617
15.825           -0.122076       -6.994441
15.840           -0.122723       -7.031496
15.855           -0.123356       -7.067779
15.870           -0.123976       -7.103286
15.885           -0.124582       -7.138013
15.900           -0.125174       -7.171955
15.915           -0.125753       -7.205108
15.930           -0.126318       -7.237470
15.945           -0.126869       -7.269035
15.960           -0.127406       -7.299800
15.975           -0.127928       -7.329760
15.990           -0.128437       -7.358912
16.005           -0.128932       -7.387251
16.020           -0.129412       -7.414774
16.035           -0.129878       -7.441475
16.050           -0.130330       -7.467352
16.065           -0.130767       -7.492398
16.080           -0.131190       -7.516611
16.095           -0.131598       -7.539985
16.110           -0.131991       -7.562516
16.125           -0.132369       -7.584199
16.140           -0.132733       -7.605029
16.155           -0.133081       -7.625003
16.170           -0.133415       -7.644113
16.185           -0.133733       -7.662356
16.200           -0.134037       -7.679727
16.215           -0.134324       -7.696219
16.230           -0.134597       -7.711829
16.245           -0.134854       -7.726549
16.260           -0.135095       -7.740374
16.275           -0.135321       -7.753299
16.290           -0.135530       -7.765318
16.305           -0.135724       -7.776425
16.320           -0.135902       -7.786612
16.335           -0.136064       -7.795876
16.350           -0.136209       -7.804207
16.365           -0.136338       -7.811601
16.380           -0.136451       -7.818051
16.395           -0.136547       -7.823549
16.410           -0.136626       -7.828090
16.425           -0.136688       -7.831665
16.440           -0.136734       -7.834267
16.455           -0.136762       -7.835891
16.470           -0.136773       -7.836527
16.485           -0.136767       -7.836169
16.500           -0.136743       -7.834810
16.515           -0.136702       -7.832441
16.530           -0.136643       -7.829055
16.545           -0.136566       -7.824645
16.560           -0.136471       -7.819202
16.575           -0.136358       -7.812719
16.590           -0.136226       -7.805187
16.605           -0.136076       -7.796600
16.620           -0.135908       -7.786949
16.635           -0.135721       -7.776226
16.650           -0.135515       -7.764424
16.665           -0.135290       -7.751534
16.680           -0.135046       -7.737548
16.695           -0.134782       -7.722460
16.710           -0.134500       -7.706261
16.725           -0.134197       -7.688944
16.740           -0.133875       -7.670500
16.755           -0.133534       -7.650923
16.770           -0.133172       -7.630205
16.785           -0.132791       -7.608339
16.800           -0.132389       -7.585319
16.815           -0.131967       -7.561135
16.830           -0.131524       -7.535784
16.845           -0.131061       -7.509256
16.860           -0.130578       -7.481547
16.875           -0.130073       -7.452650
16.890           -0.129548       -7.422558
16.905           -0.129002       -7.391267
16.920           -0.128435       -7.358771
16.935           -0.127846       -7.325064
16.950           -0.127237       -7.290142
16.965           -0.126606       -7.253999
16.980           -0.125954       -7.216632
16.995           -0.125280       -7.178036
17.010           -0.124585       -7.138208
17.025           -0.123869       -7.097144
17.040           -0.123130       -7.054841
17.055           -0.122370       -7.011297
17.070           -0.121589       -6.966508
17.085           -0.120785       -6.920473
17.100           -0.119960       -6.873191
17.115           -0.119113       -6.824660
17.130           -0.118244       -6.774879
17.145           -0.117353       -6.723847
17.160           -0.116441       -6.671566
17.175           -0.115506       -6.618035
17.190           -0.114550       -6.563254
17.205           -0.113573       -6.507226
17.220           -0.112573       -6.449952
17.235           -0.111552       -6.391434
17.250           -0.110509       -6.331674
17.265           -0.109444       -6.270676
17.280           -0.108358       -6.208443
17.295           -0.107250       -6.144978
17.310           -0.106121       -6.080287
17.325           -0.104971       -6.014374
17.340           -0.103799       -5.947244
17.355           -0.102606       -5.878903
17.370           -0.101392       -5.809358
17.385           -0.100158       -5.738614
17.400           -0.098902       -5.666679
17.415           -0.097626       -5.593560
17.430           -0.096329       -5.519266
17.445           -0.095012       -5.443805
17.460           -0.093675       -5.367186
17.475           -0.092318       -5.289418
17.490           -0.090941       -5.210511
17.505           -0.089544       -5.130475
17.520           -0.088127       -5.049321
17.535           -0.086692       -4.967060
17.550           -0.085237       -4.883703
17.565           -0.083763       -4.799263
17.580           -0.082270       -4.713752
17.595           -0.080760       -4.627182
17.610           -0.079230       -4.539567
17.625           -0.077683       -4.450921
17.640           -0.076118       -4.361257
17.655           -0.074536       -4.270590
17.670           -0.072936       -4.178934
17.685           -0.071319       -4.086305
17.700           -0.069686       -3.992718
17.715           -0.068036       -3.898189
17.730           -0.066370       -3.802734
17.745           -0.064688       -3.706370
17.760           -0.062991       -3.609113
17.775           -0.061278       -3.510982
17.790           -0.059551       -3.411992
17.805           -0.057808       -3.312163
17.820           -0.056051       -3.211513
17.835           -0.054281       -3.110059
17.850           -0.052496       -3.007820
17.865           -0.050699       -2.904816
17.880           -0.048888       -2.801066
17.895           -0.047064       -2.696589
17.910           -0.045229       -2.591405
17.925           -0.043381       -2.485534
17.940           -0.041521       -2.378997
17.955           -0.039651       -2.271813
17.970           -0.037769       -2.164003
17.985           -0.035877       -2.055589
18.000           -0.033974       -1.946591
18.015           -0.032062       -1.837030
18.030           -0.030141       -1.726929
18.045           -0.028210       -1.616307
18.060           -0.026270       -1.505188
18.075           -0.024323       -1.393593
18.090           -0.022367       -1.281544
18.105           -0.020404       -1.169062
18.120           -0.018434       -1.056171
18.135           -0.016457       -0.942893
18.150           -0.014473       -0.829250
18.165           -0.012484       -0.715264
18.180           -0.010489       -0.600958
18.195           -0.008488       -0.486355
18.210           -0.006484       -0.371478
18.225           -0.004474       -0.256348
18.240           -0.002461       -0.140990
18.255           -0.000444       -0.025425
18.270            0.001576        0.090323
18.285            0.003599        0.206231
18.300            0.005625        0.322277
18.315            0.007652        0.438438
18.330            0.009681        0.554690
18.345            0.011711        0.671012
18.360            0.013742        0.787380
18.375            0.015774        0.903771
18.390            0.017805        1.020162
18.405            0.019836        1.136532
18.420            0.021866        1.252857
18.435            0.023896        1.369114
18.450            0.025923        1.485281
18.465            0.027949        1.601336
18.480            0.029972        1.717256
18.495            0.031992        1.833018
18.510            0.034010        1.948601
18.525            0.036023        2.063983
18.540            0.038033        2.179140
18.555            0.040039        2.294052
18.570            0.042040        2.408696
18.585            0.044036        2.523051
18.600            0.046026        2.637095
18.615            0.048011        2.750806
18.630            0.049989        2.864163
18.645            0.051961        2.977145
18.660            0.053926        3.089731
18.675            0.055884        3.201899
18.690            0.057834        3.313629
18.705            0.059776        3.424900
18.720            0.061709        3.535691
18.735            0.063634        3.645982
18.750            0.065550        3.755753
18.765            0.067457        3.864983
18.780            0.069353        3.973653
18.795            0.071240        4.081743
18.810            0.073116        4.189233
18.825            0.074981        4.296104
18.840            0.076835        4.402336
18.855            0.078678        4.507910
18.870            0.080509        4.612808
18.885            0.082327        4.717011
18.900            0.084134        4.820500
18.915            0.085927        4.923257
18.930            0.087707        5.025264
18.945            0.089474        5.126502
18.960            0.091228        5.226956
18.975            0.092967        5.326606
18.990            0.094692        5.425436
19.005            0.096402        5.523428
19.020            0.098097        5.620567
19.035            0.099778        5.716835
19.050            0.101442        5.812216
19.065            0.103091        5.906694
19.080            0.104724        6.000254
19.095            0.106341        6.092879
19.110            0.107941        6.184556
19.125            0.109524        6.275268
19.140            0.111090        6.365001
19.155            0.112639        6.453741
19.170            0.114170        6.541473
19.185            0.115684        6.628185
19.200            0.117179        6.713861
19.215            0.118656        6.798490
19.230            0.120115        6.882057
19.245            0.121554        6.964552
19.260            0.122975        7.045960
19.275            0.124377        7.126271
19.290            0.125759        7.205472
19.305            0.127122        7.283553
19.320            0.128465        7.360501
19.335            0.129788        7.436308
19.350            0.131091        7.510961
19.365            0.132374        7.584452
19.380            0.133636        7.656770
19.395            0.134877        7.727907
19.410            0.136098        7.797852
19.425            0.137298        7.866598
19.440            0.138477        7.934136
19.455            0.139634        8.000458
19.470            0.140771        8.065556
19.485            0.141885        8.129423
19.500            0.142978        8.192052
19.515            0.144050        8.253435
19.530            0.145099        8.313568
19.545            0.146127        8.372442
19.560            0.147132        8.430054
19.575            0.148116        8.486396
19.590            0.149077        8.541465
19.605            0.150015        8.595254
19.620            0.150932        8.647759
19.635            0.151826        8.698976
19.650            0.152697        8.748901
19.665            0.153546        8.797530
19.680            0.154372        8.844859
19.695            0.155175        8.890885
19.710            0.155956        8.935604
19.725            0.156713        8.979015
19.740            0.157448        9.021113
19.755            0.158160        9.061896
19.770            0.158849        9.101363
19.785            0.159515        9.139511
19.800            0.160157        9.176338
19.815            0.160777        9.211842
19.830            0.161374        9.246021
19.845            0.161947        9.278874
19.860            0.162497        9.310400
19.875            0.163024        9.340597
19.890            0.163528        9.369464
19.905            0.164009        9.396999
19.920            0.164466        9.423202
19.935            0.164900        9.448072
19.950            0.165311        9.471608
19.965            0.165698        9.493808
19.980            0.166062        9.514672
19.995            0.166403        9.534199
20.010            0.166721        9.552389
20.025            0.167015        9.569240
20.040            0.167285        9.584751
20.055            0.167533        9.598921
20.070            0.167757        9.611751
20.085            0.167957        9.623238
20.100            0.168134        9.633381
20.115            0.168288        9.642180
20.130            0.168418        9.649634
20.145            0.168524        9.655741
20.160            0.168608        9.660500
20.175            0.168667        9.663910
20.190            0.168703        9.665968
20.205            0.168715        9.666675
20.220            0.168704        9.666028
20.235            0.168669        9.664025
20.250            0.168610        9.660665
20.265            0.168528        9.655945
20.280            0.168422        9.649865
20.295            0.168292        9.642421
20.310            0.168138        9.633612
20.325            0.167961        9.623435
20.340            0.167759        9.611888
20.355            0.167534        9.598969
20.370            0.167284        9.584675
20.385            0.167011        9.569003
20.400            0.166713        9.551952
20.415            0.166391        9.533517
20.430            0.166045        9.513697
20.445            0.165675        9.492488
20.460            0.165281        9.469888
20.475            0.164862        9.445894
20.490            0.164419        9.420502
20.505            0.163951        9.393711
20.520            0.163459        9.365516
20.535            0.162942        9.335916
20.550            0.162401        9.304906
20.565            0.161835        9.272485
20.580            0.161245        9.238650
20.595            0.160630        9.203397
20.610            0.159990        9.166725
20.625            0.159325        9.128630
20.640            0.158635        9.089110
20.655            0.157920        9.048162
20.670            0.157181        9.005785
20.685            0.156416        8.961977
20.700            0.155626        8.916735
20.715            0.154812        8.870058
20.730            0.153972        8.821945
20.745            0.153107        8.772393
20.760            0.152217        8.721403
20.775            0.151302        8.668973
20.790            0.150362        8.615103
20.805            0.149397        8.559793
20.820            0.148406        8.503043
20.835            0.147390        8.444853
20.850            0.146350        8.385225
20.865            0.145284        8.324158
20.880            0.144193        8.261656
20.895            0.143077        8.197720
20.910            0.141936        8.132351
20.925            0.140770        8.065554
20.940            0.139580        7.997332
20.955            0.138364        7.927687
20.970            0.137124        7.856624
20.985            0.135859        7.784149
21.000            0.134570        7.710266
21.015            0.133256        7.634980
21.030            0.131917        7.558299
21.045            0.130555        7.480229
21.060            0.129168        7.400777
21.075            0.127757        7.319951
21.090            0.126323        7.237760
21.105            0.124865        7.154213
21.120            0.123383        7.069319
21.135            0.121878        6.983089
21.150            0.120350        6.895533
21.165            0.118799        6.806664
21.180            0.117225        6.716493
21.195            0.115629        6.625034
21.210            0.114010        6.532298
21.225            0.112370        6.438302
21.240            0.110707        6.343058
21.255            0.109023        6.246583
21.270            0.107318        6.148892
21.285            0.105592        6.050002
21.300            0.103846        5.949930
21.315            0.102079        5.848693
21.330            0.100292        5.746311
21.345            0.098485        5.642802
21.360            0.096660        5.538186
21.375            0.094815        5.432483
21.390            0.092951        5.325713
21.405            0.091070        5.217899
21.420            0.089170        5.109062
21.435            0.087253        4.999225
21.450            0.085319        4.888410
21.465            0.083368        4.776641
21.480            0.081401        4.663943
21.495            0.079418        4.550340
21.510            0.077420        4.435857
21.525            0.075407        4.320520
21.540            0.073380        4.204355
21.555            0.071338        4.087387
21.570            0.069283        3.969645
21.585            0.067215        3.851156
21.600            0.065135        3.731946
21.615            0.063042        3.612045
21.630            0.060938        3.491481
21.645            0.058823        3.370282
21.660            0.056697        3.248479
21.675            0.054561        3.126099
21.690            0.052415        3.003173
21.705            0.050261        2.879731
21.720            0.048098        2.755803
21.735            0.045927        2.631420
21.750            0.043749        2.506612
21.765            0.041563        2.381410
21.780            0.039372        2.255845
21.795            0.037175        2.129949
21.810            0.034972        2.003752
21.825            0.032765        1.877286
21.840            0.030553        1.750583
21.855            0.028338        1.623674
21.870            0.026120        1.496591
21.885            0.023900        1.369366
21.900            0.021678        1.242030
21.915            0.019454        1.114616
21.930            0.017229        0.987154
21.945            0.015004        0.859678
21.960            0.012780        0.732218
21.975            0.010556        0.604806
21.990            0.008334        0.477475
22.005            0.006113        0.350255
22.020            0.003895        0.223178
22.035            0.001680        0.096275
22.050           -0.000531       -0.030421
22.065           -0.002738       -0.156881
22.080           -0.004941       -0.283072
22.095           -0.007138       -0.408965
22.110           -0.009329       -0.534527
22.125           -0.011514       -0.659730
22.140           -0.013693       -0.784541
22.155           -0.015864       -0.908932
22.170           -0.018027       -1.032871
22.185           -0.020182       -1.156330
22.200           -0.022328       -1.279278
22.215           -0.024464       -1.401687
22.230           -0.026591       -1.523526
22.245           -0.028707       -1.644768
22.260           -0.030812       -1.765383
22.275           -0.032905       -1.885344
22.290           -0.034987       -2.004622
22.305           -0.037057       -2.123189
22.320           -0.039113       -2.241018
22.335           -0.041156       -2.358082
22.350           -0.043186       -2.474354
22.365           -0.045201       -2.589807
22.380           -0.047201       -2.704416
22.395           -0.049186       -2.818154
22.410           -0.051156       -2.930996
22.425           -0.053109       -3.042917
22.440           -0.055046       -3.153893
22.455           -0.056966       -3.263899
22.470           -0.058868       -3.372910
22.485           -0.060753       -3.480905
22.500           -0.062620       -3.587860
22.515           -0.064468       -3.693751
22.530           -0.066297       -3.798558
22.545           -0.068107       -3.902259
22.560           -0.069898       -4.004832
22.575           -0.071668       -4.106257
22.590           -0.073417       -4.206513
22.605           -0.075147       -4.305581
22.620           -0.076855       -4.403442
22.635           -0.078541       -4.500078
22.650           -0.080206       -4.595470
22.665           -0.081849       -4.689601
22.680           -0.083470       -4.782454
22.695           -0.085068       -4.874013
22.710           -0.086643       -4.964261
22.725           -0.088195       -5.053185
22.740           -0.089723       -5.140770
22.755           -0.091228       -5.227001
22.770           -0.092710       -5.311865
22.785           -0.094167       -5.395350
22.800           -0.095599       -5.477444
22.815           -0.097008       -5.558136
22.830           -0.098391       -5.637414
22.845           -0.099750       -5.715269
22.860           -0.101084       -5.791692
22.875           -0.102393       -5.866674
22.890           -0.103676       -5.940206
22.905           -0.104934       -6.012282
22.920           -0.106167       -6.082894
22.935           -0.107373       -6.152037
22.950           -0.108554       -6.219706
22.965           -0.109710       -6.285895
22.980           -0.110839       -6.350600
22.995           -0.111942       -6.413819
23.010           -0.113020       -6.475547
23.025           -0.114071       -6.535784
23.040           -0.115096       -6.594528
23.055           -0.116095       -6.651777
23.070           -0.117069       -6.707532
23.085           -0.118016       -6.761793
23.100           -0.118937       -6.814560
23.115           -0.119831       -6.865835
23.130           -0.120700       -6.915621
23.145           -0.121543       -6.963920
23.160           -0.122360       -7.010734
23.175           -0.123152       -7.056069
23.190           -0.123917       -7.099927
23.205           -0.124657       -7.142314
23.220           -0.125371       -7.183234
23.235           -0.126060       -7.222694
23.250           -0.126723       -7.260699
23.265           -0.127361       -7.297256
23.280           -0.127974       -7.332372
23.295           -0.128562       -7.366054
23.310           -0.129125       -7.398309
23.325           -0.129663       -7.429147
23.340           -0.130177       -7.458574
23.355           -0.130666       -7.486601
23.370           -0.131131       -7.513235
23.385           -0.131571       -7.538487
23.400           -0.131988       -7.562365
23.415           -0.132381       -7.584880
23.430           -0.132750       -7.606041
23.445           -0.133096       -7.625860
23.460           -0.133419       -7.644346
23.475           -0.133719       -7.661510
23.490           -0.133995       -7.677363
23.505           -0.134249       -7.691917
23.520           -0.134481       -7.705182
23.535           -0.134690       -7.717170
23.550           -0.134877       -7.727892
23.565           -0.135042       -7.737360
23.580           -0.135186       -7.745586
23.595           -0.135308       -7.752582
23.610           -0.135409       -7.758359
23.625           -0.135489       -7.762930
23.640           -0.135548       -7.766307
23.655           -0.135586       -7.768502
23.670           -0.135604       -7.769527
23.685           -0.135602       -7.769395
23.700           -0.135579       -7.768117
23.715           -0.135537       -7.765707
23.730           -0.135476       -7.762177
23.745           -0.135395       -7.757540
23.760           -0.135295       -7.751807
23.775           -0.135176       -7.744991
23.790           -0.135038       -7.737106
23.805           -0.134882       -7.728164
23.820           -0.134708       -7.718176
23.835           -0.134515       -7.707157
23.850           -0.134305       -7.695118
23.865           -0.134077       -7.682072
23.880           -0.133832       -7.668032
23.895           -0.133570       -7.653011
23.910           -0.133291       -7.637021
23.925           -0.132995       -7.620075
23.940           -0.132683       -7.602185
23.955           -0.132355       -7.583364
23.970           -0.132010       -7.563625
23.985           -0.131650       -7.542980
24.000           -0.131274       -7.521442
24.015           -0.130883       -7.499023
24.030           -0.130476       -7.475735
24.045           -0.130055       -7.451591
24.060           -0.129619       -7.426604
24.075           -0.129168       -7.400786
24.090           -0.128703       -7.374148
24.105           -0.128224       -7.346703
24.120           -0.127731       -7.318463
24.135           -0.127225       -7.289439
24.150           -0.126705       -7.259644
24.165           -0.126171       -7.229090
24.180           -0.125625       -7.197787
24.195           -0.125066       -7.165748
24.210           -0.124494       -7.132983
24.225           -0.123910       -7.099504
24.240           -0.123313       -7.065321
24.255           -0.122704       -7.030446
24.270           -0.122084       -6.994888
24.285           -0.121452       -6.958659
24.300           -0.120808       -6.921768
24.315           -0.120152       -6.884226
24.330           -0.119486       -6.846042
24.345           -0.118809       -6.807226
24.360           -0.118120       -6.767786
24.375           -0.117421       -6.727733
24.390           -0.116711       -6.687074
24.405           -0.115991       -6.645818
24.420           -0.115261       -6.603973
24.435           -0.114521       -6.561547
24.450           -0.113770       -6.518548
24.465           -0.113010       -6.474983
24.480           -0.112240       -6.430858
24.495           -0.111460       -6.386181
24.510           -0.110671       -6.340958
24.525           -0.109872       -6.295195
24.540           -0.109064       -6.248898
24.555           -0.108247       -6.202072
24.570           -0.107420       -6.154722
24.585           -0.106585       -6.106853
24.600           -0.105740       -6.058470
24.615           -0.104887       -6.009577
24.630           -0.104025       -5.960177
24.645           -0.103154       -5.910275
24.660           -0.102274       -5.859873
24.675           -0.101386       -5.808975
24.690           -0.100489       -5.757584
24.705           -0.099583       -5.705701
24.720           -0.098669       -5.653331
24.735           -0.097747       -5.600474
24.750           -0.096816       -5.547132
24.765           -0.095876       -5.493308
24.780           -0.094928       -5.439002
24.795           -0.093972       -5.384216
24.810           -0.093008       -5.328952
24.825           -0.092035       -5.273209
24.840           -0.091054       -5.216990
24.855           -0.090064       -5.160295
24.870           -0.089066       -5.103125
24.885           -0.088060       -5.045481
24.900           -0.087046       -4.987363
24.915           -0.086023       -4.928771
24.930           -0.084992       -4.869708
24.945           -0.083953       -4.810172
24.960           -0.082906       -4.750166
24.975           -0.081851       -4.689689
24.990           -0.080787       -4.628743
25.005           -0.079715       -4.567328
25.020           -0.078635       -4.505446
25.035           -0.077547       -4.443098
25.050           -0.076450       -4.380286
25.065           -0.075346       -4.317010
25.080           -0.074234       -4.253272
25.095           -0.073113       -4.189075
25.110           -0.071985       -4.124420
25.125           -0.070848       -4.059310
25.140           -0.069704       -3.993748
25.155           -0.068552       -3.927736
25.170           -0.067392       -3.861277
25.185           -0.066224       -3.794376
25.200           -0.065049       -3.727035
25.215           -0.063866       -3.659258
25.230           -0.062676       -3.591050
25.245           -0.061478       -3.522416
25.260           -0.060273       -3.453360
25.275           -0.059060       -3.383888
25.290           -0.057840       -3.314005
25.305           -0.056614       -3.243716
25.320           -0.055380       -3.173029
25.335           -0.054139       -3.101949
25.350           -0.052892       -3.030483
25.365           -0.051638       -2.958639
25.380           -0.050378       -2.886424
25.395           -0.049111       -2.813845
25.410           -0.047838       -2.740911
25.425           -0.046559       -2.667629
25.440           -0.045274       -2.594009
25.455           -0.043983       -2.520059
25.470           -0.042687       -2.445787
25.485           -0.041385       -2.371205
25.500           -0.040078       -2.296320
25.515           -0.038766       -2.221144
25.530           -0.037449       -2.145684
25.545           -0.036127       -2.069953
25.560           -0.034801       -1.993960
25.575           -0.033470       -1.917716
25.590           -0.032136       -1.841231
25.605           -0.030797       -1.764516
25.620           -0.029454       -1.687581
25.635           -0.028107       -1.610439
25.650           -0.026758       -1.533100
25.665           -0.025405       -1.455574
25.680           -0.024048       -1.377874
25.695           -0.022689       -1.300011
25.710           -0.021328       -1.221994
25.725           -0.019964       -1.143837
25.740           -0.018597       -1.065549
25.755           -0.017229       -0.987143
25.770           -0.015859       -0.908628
25.785           -0.014487       -0.830017
25.800           -0.013113       -0.751319
25.815           -0.011738       -0.672547
25.830           -0.010362       -0.593710
25.845           -0.008985       -0.514818
25.860           -0.007608       -0.435884
25.875           -0.006229       -0.356915
25.890           -0.004851       -0.277924
25.905           -0.003472       -0.198919
25.920           -0.002093       -0.119910
25.935           -0.000714       -0.040907
25.950            0.000665        0.038081
25.965            0.002043        0.117045
25.980            0.003420        0.195977
25.995            0.004797        0.274868
26.010            0.006173        0.353709
26.025            0.007548        0.432493
26.040            0.008922        0.511212
26.055            0.010295        0.589858
26.070            0.011666        0.668425
26.085            0.013036        0.746905
26.100            0.014404        0.825292
26.115            0.015770        0.903581
26.130            0.017135        0.981764
26.145            0.018498        1.059836
26.160            0.019858        1.137792
26.175            0.021217        1.215627
26.190            0.022573        1.293336
26.205            0.023927        1.370914
26.220            0.025279        1.448358
26.235            0.026628        1.525663
26.250            0.027975        1.602826
26.265            0.029319        1.679843
26.280            0.030660        1.756712
26.295            0.031999        1.833429
26.310            0.033336        1.909992
26.325            0.034669        1.986398
26.340            0.036000        2.062646
26.355            0.037328        2.138733
26.370            0.038653        2.214658
26.385            0.039975        2.290418
26.400            0.041295        2.366014
26.415            0.042611        2.441443
26.430            0.043925        2.516704
26.445            0.045235        2.591796
26.460            0.046543        2.666719
26.475            0.047848        2.741472
26.490            0.049149        2.816053
26.505            0.050448        2.890463
26.520            0.051744        2.964701
26.535            0.053036        3.038765
26.550            0.054326        3.112656
26.565            0.055613        3.186372
26.580            0.056896        3.259913
26.595            0.058177        3.333279
26.610            0.059454        3.406467
26.625            0.060728        3.479477
26.640            0.061999        3.552309
26.655            0.063267        3.624960
26.670            0.064532        3.697428
26.685            0.065794        3.769714
26.700            0.067052        3.841813
26.715            0.068307        3.913725
26.730            0.069559        3.985446
26.745            0.070808        4.056974
26.760            0.072053        4.128306
26.775            0.073294        4.199437
26.790            0.074532        4.270366
26.805            0.075766        4.341087
26.820            0.076997        4.411596
26.835            0.078224        4.481887
26.850            0.079447        4.551957
26.865            0.080666        4.621798
26.880            0.081880        4.691404
26.895            0.083091        4.760770
26.910            0.084297        4.829887
26.925            0.085499        4.898749
26.940            0.086697        4.967347
26.955            0.087889        5.035672
26.970            0.089077        5.103715
26.985            0.090259        5.171468
27.000            0.091436        5.238919
27.015            0.092608        5.306058
27.030            0.093774        5.372874
27.045            0.094935        5.439355
27.060            0.096089        5.505490
27.075            0.097237        5.571265
27.090            0.098378        5.636667
27.105            0.099513        5.701684
27.120            0.100641        5.766300
27.135            0.101761        5.830500
27.150            0.102874        5.894271
27.165            0.103980        5.957597
27.180            0.105077        6.020461
27.195            0.106166        6.082846
27.210            0.107246        6.144738
27.225            0.108317        6.206117
27.240            0.109379        6.266967
27.255            0.110432        6.327269
27.270            0.111474        6.387006
27.285            0.112507        6.446158
27.300            0.113529        6.504707
27.315            0.114540        6.562634
27.330            0.115539        6.619918
27.345            0.116528        6.676541
27.360            0.117504        6.732483
27.375            0.118468        6.787722
27.390            0.119420        6.842240
27.405            0.120358        6.896015
27.420            0.121283        6.949027
27.435            0.122195        7.001256
27.450            0.123092        7.052679
27.465            0.123976        7.103278
27.480            0.124844        7.153030
27.495            0.125697        7.201915
27.510            0.126535        7.249911
27.525            0.127357        7.296999
27.540            0.128162        7.343157
27.555            0.128951        7.388364
27.570            0.129723        7.432599
27.585            0.130478        7.475843
27.600            0.131215        7.518073
27.615            0.131934        7.559271
27.630            0.132635        7.599416
27.645            0.133317        7.638487
27.660            0.133980        7.676465
27.675            0.134623        7.713330
27.690            0.135247        7.749063
27.705            0.135850        7.783643
27.720            0.136433        7.817053
27.735            0.136996        7.849273
27.750            0.137537        7.880285
27.765            0.138057        7.910070
27.780            0.138555        7.938610
27.795            0.139031        7.965888
27.810            0.139485        7.991885
27.825            0.139916        8.016586
27.840            0.140324        8.039972
27.855            0.140709        8.062027
27.870            0.141070        8.082735
27.885            0.141408        8.102080
27.900            0.141722        8.120046
27.915            0.142011        8.136618
27.930            0.142275        8.151781
27.945            0.142515        8.165520
27.960            0.142730        8.177821
27.975            0.142919        8.188670
27.990            0.143083        8.198054
28.005            0.143221        8.205959
28.020            0.143333        8.212372
28.035            0.143419        8.217280
28.050            0.143478        8.220673
28.065            0.143510        8.222538
28.080            0.143516        8.222864
28.095            0.143495        8.221641
28.110            0.143446        8.218857
28.125            0.143370        8.214502
28.140            0.143267        8.208568
28.155            0.143135        8.201046
28.170            0.142976        8.191926
28.185            0.142789        8.181200
28.200            0.142574        8.168862
28.215            0.142330        8.154903
28.230            0.142058        8.139318
28.245            0.141757        8.122100
28.260            0.141428        8.103244
28.275            0.141071        8.082745
28.290            0.140684        8.060598
28.305            0.140269        8.036800
28.320            0.139824        8.011348
28.335            0.139351        7.984239
28.350            0.138849        7.955471
28.365            0.138318        7.925044
28.380            0.137758        7.892955
28.395            0.137169        7.859206
28.410            0.136551        7.823798
28.425            0.135904        7.786731
28.440            0.135228        7.748008
28.455            0.134524        7.707632
28.470            0.133790        7.665607
28.485            0.133028        7.621936
28.500            0.132237        7.576625
28.515            0.131418        7.529680
28.530            0.130570        7.481108
28.545            0.129694        7.430915
28.560            0.128790        7.379111
28.575            0.127858        7.325703
28.590            0.126898        7.270701
28.605            0.125910        7.214117
28.620            0.124895        7.155961
28.635            0.123853        7.096244
28.650            0.122784        7.034980
28.665            0.121688        6.972182
28.680            0.120565        6.907864
28.695            0.119416        6.842041
28.710            0.118241        6.774728
28.725            0.117041        6.705942
28.740            0.115815        6.635699
28.755            0.114564        6.564017
28.770            0.113288        6.490913
28.785            0.111987        6.416407
28.800            0.110663        6.340518
28.815            0.109315        6.263266
28.830            0.107943        6.184670
28.845            0.106548        6.104752
28.860            0.105130        6.023533
28.875            0.103691        5.941034
28.890            0.102229        5.857279
28.905            0.100745        5.772288
28.920            0.099241        5.686086
28.935            0.097716        5.598694
28.950            0.096170        5.510138
28.965            0.094605        5.420439
28.980            0.093019        5.329623
28.995            0.091415        5.237713
29.010            0.089793        5.144732
29.025            0.088151        5.050706
29.040            0.086493        4.955659
29.055            0.084816        4.859614
29.070            0.083123        4.762597
29.085            0.081413        4.664630
29.100            0.079687        4.565739
29.115            0.077945        4.465948
29.130            0.076188        4.365279
29.145            0.074417        4.263758
29.160            0.072630        4.161406
29.175            0.070830        4.058248
29.190            0.069016        3.954306
29.205            0.067188        3.849603
29.220            0.065348        3.744161
29.235            0.063495        3.638001
29.250            0.061630        3.531146
29.265            0.059753        3.423616
29.280            0.057865        3.315431
29.295            0.055966        3.206612
29.310            0.054056        3.097179
29.325            0.052136        2.987149
29.340            0.050205        2.876543
29.355            0.048265        2.765377
29.370            0.046315        2.653670
29.385            0.044356        2.541438
29.400            0.042389        2.428697
29.415            0.040412        2.315463
29.430            0.038428        2.201751
29.445            0.036435        2.087576
29.460            0.034434        1.972951
29.475            0.032426        1.857890
29.490            0.030411        1.742405
29.505            0.028388        1.626508
29.520            0.026358        1.510210
29.535            0.024322        1.393523
29.550            0.022278        1.276455
29.565            0.020229        1.159018
29.580            0.018173        1.041218
29.595            0.016111        0.923066
29.610            0.014042        0.804568
29.625            0.011968        0.685732
29.640            0.009888        0.566563
29.655            0.007803        0.447069
29.670            0.005712        0.327254
29.685            0.003615        0.207123
29.700            0.001513        0.086680
29.715           -0.000595       -0.034070
29.730           -0.002707       -0.155125
29.745           -0.004826       -0.276481
29.760           -0.006949       -0.398137
29.775           -0.009077       -0.520090
29.790           -0.011211       -0.642340
29.805           -0.013350       -0.764883
29.820           -0.015494       -0.887721
29.835           -0.017643       -1.010853
29.850           -0.019797       -1.134278
29.865           -0.021956       -1.257998
29.880           -0.024121       -1.382012
29.895           -0.026290       -1.506321
29.910           -0.028465       -1.630927
29.925           -0.030645       -1.755831
29.940           -0.032830       -1.881034
29.955           -0.035021       -2.006539
29.970           -0.037216       -2.132346
29.985           -0.039418       -2.258458
30.000           -0.041624       -2.384877
30.015           -0.043836       -2.511604
30.030           -0.046053       -2.638642
30.045           -0.048276       -2.765994
30.060           -0.050504       -2.893660
30.075           -0.052738       -3.021643
30.090           -0.054977       -3.149944
30.105           -0.057222       -3.278566
30.120           -0.059472       -3.407510
30.135           -0.061728       -3.536778
30.150           -0.063990       -3.666370
30.165           -0.066258       -3.796287
30.180           -0.068531       -3.926530
30.195           -0.070810       -4.057099
30.210           -0.073094       -4.187994
30.225           -0.075385       -4.319215
30.240           -0.077680       -4.450760
30.255           -0.079982       -4.582629
30.270           -0.082289       -4.714819
30.285           -0.084602       -4.847328
30.300           -0.086920       -4.980153
30.315           -0.089244       -5.113291
30.330           -0.091573       -5.246738
30.345           -0.093907       -5.380488
30.360           -0.096247       -5.514537
30.375           -0.098592       -5.648878
30.390           -0.100941       -5.783504
30.405           -0.103296       -5.918409
30.420           -0.105655       -6.053583
30.435           -0.108019       -6.189017
30.450           -0.110387       -6.324702
30.465           -0.112759       -6.460627
30.480           -0.115136       -6.596780
30.495           -0.117516       -6.733148
30.510           -0.119899       -6.869717
30.525           -0.122286       -7.006475
30.540           -0.124676       -7.143404
30.555           -0.127069       -7.280490
30.570           -0.129464       -7.417714
30.585           -0.131861       -7.555059
30.600           -0.134260       -7.692506
30.615           -0.136660       -7.830033
30.630           -0.139061       -7.967621
30.645           -0.141463       -8.105246
30.660           -0.143866       -8.242887
30.675           -0.146268       -8.380519
30.690           -0.148669       -8.518116
30.705           -0.151070       -8.655653
30.720           -0.153469       -8.793103
30.735           -0.155866       -8.930438
30.750           -0.158260       -9.067630
30.765           -0.160651       -9.204647
30.780           -0.163039       -9.341460
30.795           -0.165423       -9.478037
30.810           -0.167802       -9.614346
30.825           -0.170176       -9.750353
30.840           -0.172544       -9.886024
30.855           -0.174905      -10.021325
30.870           -0.177259      -10.156219
30.885           -0.179606      -10.290670
30.900           -0.181944      -10.424642
30.915           -0.184274      -10.558095
30.930           -0.186593      -10.690992
30.945           -0.188902      -10.823294
30.960           -0.191200      -10.954961
30.975           -0.193486      -11.085952
30.990           -0.195760      -11.216227
31.005           -0.198021      -11.345744
31.020           -0.200267      -11.474463
31.035           -0.202499      -11.602340
31.050           -0.204715      -11.729333
31.065           -0.206916      -11.855399
31.080           -0.209099      -11.980496
31.095           -0.211265      -12.104580
31.110           -0.213412      -12.227606
31.125           -0.215540      -12.349532
31.140           -0.217648      -12.470313
31.155           -0.219735      -12.589905
31.170           -0.221801      -12.708263
31.185           -0.223844      -12.825344
31.200           -0.225865      -12.941103
31.215           -0.227861      -13.055496
31.230           -0.229833      -13.168479
31.245           -0.231780      -13.280006
31.260           -0.233700      -13.390034
31.275           -0.235594      -13.498519
31.290           -0.237459      -13.605418
31.305           -0.239297      -13.710685
31.320           -0.241105      -13.814278
31.335           -0.242883      -13.916154
31.350           -0.244630      -14.016268
31.365           -0.246346      -14.114579
31.380           -0.248030      -14.211044
31.395           -0.249680      -14.305620
31.410           -0.251297      -14.398266
31.425           -0.252880      -14.488940
31.440           -0.254427      -14.577601
31.455           -0.255939      -14.664208
31.470           -0.257414      -14.748719
31.485           -0.258851      -14.831096
31.500           -0.260251      -14.911299
31.515           -0.261612      -14.989287
31.530           -0.262934      -15.065023
31.545           -0.264216      -15.138468
31.560           -0.265457      -15.209584
31.575           -0.266657      -15.278333
31.590           -0.267815      -15.344679
31.605           -0.268931      -15.408585
31.620           -0.270003      -15.470015
31.635           -0.271031      -15.528933
31.650           -0.272015      -15.585305
31.665           -0.272954      -15.639097
31.680           -0.273847      -15.690273
31.695           -0.274694      -15.738802
31.710           -0.275494      -15.784650
31.725           -0.276247      -15.827786
31.740           -0.276952      -15.868177
31.755           -0.277608      -15.905793
31.770           -0.278216      -15.940604
31.785           -0.278774      -15.972580
31.800           -0.279282      -16.001693
31.815           -0.279740      -16.027913
31.830           -0.280147      -16.051214
31.845           -0.280502      -16.071569
31.860           -0.280805      -16.088951
31.875           -0.281056      -16.103336
31.890           -0.281255      -16.114699
31.905           -0.281400      -16.123016
31.920           -0.281491      -16.128264
31.935           -0.281529      -16.130422
31.950           -0.281512      -16.129468
31.965           -0.281441      -16.125381
31.980           -0.281315      -16.118143
31.995           -0.281133      -16.107734
32.010           -0.280896      -16.094138
32.025           -0.280602      -16.077337
32.040           -0.280253      -16.057316
32.055           -0.279847      -16.034060
32.070           -0.279385      -16.007556
32.085           -0.278865      -15.977791
32.100           -0.278288      -15.944753
32.115           -0.277655      -15.908432
32.130           -0.276963      -15.868818
32.145           -0.276214      -15.825903
32.160           -0.275407      -15.779680
32.175           -0.274543      -15.730142
32.190           -0.273620      -15.677284
32.205           -0.272640      -15.621103
32.220           -0.271601      -15.561595
32.235           -0.270504      -15.498759
32.250           -0.269350      -15.432594
32.265           -0.268137      -15.363100
32.280           -0.266866      -15.290280
32.295           -0.265537      -15.214136
32.310           -0.264150      -15.134672
32.325           -0.262705      -15.051893
32.340           -0.261203      -14.965806
32.355           -0.259642      -14.876416
32.370           -0.258025      -14.783734
32.385           -0.256350      -14.687768
32.400           -0.254618      -14.588528
32.415           -0.252829      -14.486027
32.430           -0.250983      -14.380276
32.445           -0.249081      -14.271290
32.460           -0.247123      -14.159083
32.475           -0.245108      -14.043670
32.490           -0.243038      -13.925068
32.505           -0.240913      -13.803294
32.520           -0.238733      -13.678367
32.535           -0.236497      -13.550306
32.550           -0.234208      -13.419131
32.565           -0.231865      -13.284863
32.580           -0.229468      -13.147523
32.595           -0.227017      -13.007134
32.610           -0.224514      -12.863720
32.625           -0.221959      -12.717303
32.640           -0.219351      -12.567910
32.655           -0.216692      -12.415564
32.670           -0.213982      -12.260293
32.685           -0.211222      -12.102123
32.700           -0.208411      -11.941080
32.715           -0.205551      -11.777193
32.730           -0.202641      -11.610491
32.745           -0.199683      -11.441001
32.760           -0.196677      -11.268754
32.775           -0.193623      -11.093779
32.790           -0.190522      -10.916107
32.805           -0.187375      -10.735769
32.820           -0.184181      -10.552796
32.835           -0.180942      -10.367220
32.850           -0.177658      -10.179072
32.865           -0.174330       -9.988387
32.880           -0.170958       -9.795195
32.895           -0.167543       -9.599533
32.910           -0.164086       -9.401432
32.925           -0.160586       -9.200927
32.940           -0.157046       -8.998053
32.955           -0.153464       -8.792845
32.970           -0.149842       -8.585338
32.985           -0.146181       -8.375569
33.000           -0.142481       -8.163572
33.015           -0.138743       -7.949386
33.030           -0.134967       -7.733047
33.045           -0.131154       -7.514593
33.060           -0.127305       -7.294060
33.075           -0.123421       -7.071489
33.090           -0.119501       -6.846917
33.105           -0.115547       -6.620384
33.120           -0.111560       -6.391929
33.135           -0.107540       -6.161593
33.150           -0.103488       -5.929416
33.165           -0.099404       -5.695439
33.180           -0.095290       -5.459704
33.195           -0.091146       -5.222254
33.210           -0.086972       -4.983130
33.225           -0.082770       -4.742377
33.240           -0.078540       -4.500037
33.255           -0.074284       -4.256156
33.270           -0.070001       -4.010778
33.285           -0.065693       -3.763949
33.300           -0.061361       -3.515714
33.315           -0.057005       -3.266122
33.330           -0.052625       -3.015218
33.345           -0.048224       -2.763051
33.360           -0.043802       -2.509669
33.375           -0.039359       -2.255122
33.390           -0.034897       -1.999459
33.405           -0.030416       -1.742731
33.420           -0.025918       -1.484988
33.435           -0.021403       -1.226282
33.450           -0.016871       -0.966665
33.465           -0.012325       -0.706191
33.480           -0.007765       -0.444911
33.495           -0.003192       -0.182881
33.510            0.001394        0.079846
33.525            0.005990        0.343214
33.540            0.010597        0.607169
33.555            0.015213        0.871653
33.570            0.019838        1.136610
33.585            0.024469        1.401984
33.600            0.029107        1.667717
33.615            0.033750        1.933752
33.630            0.038398        2.200029
33.645            0.043048        2.466490
33.660            0.047701        2.733076
33.675            0.052355        2.999729
33.690            0.057009        3.266388
33.705            0.061662        3.532993
33.720            0.066314        3.799484
33.735            0.070962        4.065801
33.750            0.075606        4.331884
33.765            0.080244        4.597671
33.780            0.084877        4.863102
33.795            0.089503        5.128116
33.810            0.094120        5.392652
33.825            0.098727        5.656649
33.840            0.103324        5.920046
33.855            0.107910        6.182783
33.870            0.112483        6.444797
33.885            0.117042        6.706029
33.900            0.121587        6.966419
33.915            0.126116        7.225904
33.930            0.130628        7.484426
33.945            0.135122        7.741923
33.960            0.139597        7.998337
33.975            0.144053        8.253608
33.990            0.148487        8.507676
34.005            0.152899        8.760482
34.020            0.157289        9.011969
34.035            0.161654        9.262077
34.050            0.165994        9.510748
34.065            0.170308        9.757926
34.080            0.174595       10.003553
34.095            0.178854       10.247573
34.110            0.183084       10.489930
34.125            0.187284       10.730567
34.140            0.191453       10.969430
34.155            0.195590       11.206465
34.170            0.199694       11.441616
34.185            0.203764       11.674831
34.200            0.207800       11.906057
34.215            0.211800       12.135241
34.230            0.215763       12.362330
34.245            0.219689       12.587275
34.260            0.223577       12.810024
34.275            0.227426       13.030527
34.290            0.231234       13.248735
34.305            0.235002       13.464598
34.320            0.238727       13.678069
34.335            0.242411       13.889099
34.350            0.246050       14.097642
34.365            0.249646       14.303652
34.380            0.253196       14.507083
34.395            0.256701       14.707889
34.410            0.260159       14.906027
34.425            0.263570       15.101453
34.440            0.266933       15.294123
34.455            0.270247       15.483996
34.470            0.273511       15.671030
34.485            0.276725       15.855184
34.500            0.279888       16.036417
34.515            0.283000       16.214692
34.530            0.286059       16.389968
34.545            0.289065       16.562207
34.560            0.292018       16.731374
34.575            0.294916       16.897431
34.590            0.297759       17.060343
34.605            0.300547       17.220075
34.620            0.303279       17.376593
34.635            0.305954       17.529865
34.650            0.308572       17.679857
34.665            0.311132       17.826539
34.680            0.313634       17.969879
34.695            0.316076       18.109849
34.710            0.318460       18.246420
34.725            0.320784       18.379564
34.740            0.323047       18.509255
34.755            0.325250       18.635466
34.770            0.327392       18.758172
34.785            0.329472       18.877351
34.800            0.331490       18.992978
34.815            0.333446       19.105033
34.830            0.335339       19.213495
34.845            0.337169       19.318344
34.860            0.338935       19.419561
34.875            0.340638       19.517130
34.890            0.342277       19.611033
34.905            0.343852       19.701255
34.920            0.345362       19.787783
34.935            0.346807       19.870603
34.950            0.348188       19.949703
34.965            0.349503       20.025074
34.980            0.350754       20.096704
34.995            0.351938       20.164587
35.010            0.353058       20.228714
35.025            0.354111       20.289079
35.040            0.355099       20.345678
35.055            0.356021       20.398507
35.070            0.356877       20.447563
35.085            0.357668       20.492845
35.100            0.358392       20.534352
35.115            0.359051       20.572084
35.130            0.359643       20.606045
35.145            0.360170       20.636236
35.160            0.360631       20.662662
35.175            0.361027       20.685327
35.190            0.361357       20.704238
35.205            0.361622       20.719402
35.220            0.361821       20.730826
35.235            0.361955       20.738520
35.250            0.362025       20.742494
35.265            0.362029       20.742758
35.280            0.361969       20.739325
35.295            0.361845       20.732205
35.310            0.361657       20.721414
35.325            0.361405       20.706965
35.340            0.361089       20.688873
35.355            0.360710       20.667153
35.370            0.360268       20.641821
35.385            0.359763       20.612895
35.400            0.359196       20.580392
35.415            0.358566       20.544329
35.430            0.357875       20.504726
35.445            0.357122       20.461602
35.460            0.356309       20.414975
35.475            0.355434       20.364867
35.490            0.354499       20.311297
35.505            0.353504       20.254285
35.520            0.352449       20.193854
35.535            0.351335       20.130024
35.550            0.350162       20.062817
35.565            0.348931       19.992254
35.580            0.347641       19.918359
35.595            0.346293       19.841152
35.610            0.344889       19.760657
35.625            0.343427       19.676897
35.640            0.341908       19.589893
35.655            0.340333       19.499668
35.670            0.338703       19.406246
35.685            0.337017       19.309650
35.700            0.335276       19.209902
35.715            0.333481       19.107026
35.730            0.331631       19.001044
35.745            0.329727       18.891980
35.760            0.327770       18.779858
35.775            0.325760       18.664699
35.790            0.323698       18.546529
35.805            0.321583       18.425369
35.820            0.319417       18.301244
35.835            0.317199       18.174176
35.850            0.314931       18.044189
35.865            0.312611       17.911307
35.880            0.310242       17.775553
35.895            0.307823       17.636950
35.910            0.305354       17.495522
35.925            0.302837       17.351294
35.940            0.300271       17.204289
35.955            0.297658       17.054530
35.970            0.294996       16.902043
35.985            0.292288       16.746851
36.000            0.289532       16.588979
36.015            0.286731       16.428452
36.030            0.283883       16.265295
36.045            0.280990       16.099532
36.060            0.278052       15.931190
36.075            0.275069       15.760294
36.090            0.272042       15.586871
36.105            0.268972       15.410945
36.120            0.265858       15.232546
36.135            0.262702       15.051699
36.150            0.259503       14.868432
36.165            0.256263       14.682772
36.180            0.252981       14.494750
36.195            0.249659       14.304392
36.210            0.246296       14.111729
36.225            0.242894       13.916790
36.240            0.239452       13.719606
36.255            0.235972       13.520207
36.270            0.232454       13.318625
36.285            0.228898       13.114892
36.300            0.225305       12.909039
36.315            0.221676       12.701101
36.330            0.218011       12.491110
36.345            0.214311       12.279101
36.360            0.210576       12.065109
36.375            0.206807       11.849168
36.390            0.203005       11.631316
36.405            0.199170       11.411588
36.420            0.195303       11.190022
36.435            0.191404       10.966655
36.450            0.187475       10.741527
36.465            0.183516       10.514675
36.480            0.179527       10.286139
36.495            0.175510       10.055961
36.510            0.171464        9.824180
36.525            0.167392        9.590838
36.540            0.163293        9.355977
36.555            0.159168        9.119639
36.570            0.155018        8.881868
36.585            0.150844        8.642706
36.600            0.146646        8.402199
36.615            0.142426        8.160391
36.630            0.138183        7.917328
36.645            0.133920        7.673053
36.660            0.129636        7.427615
36.675            0.125333        7.181060
36.690            0.121011        6.933434
36.705            0.116672        6.684786
36.720            0.112315        6.435163
36.735            0.107942        6.184613
36.750            0.103554        5.933186
36.765            0.099151        5.680931
36.780            0.094735        5.427896
36.795            0.090306        5.174132
36.810            0.085865        4.919689
36.825            0.081413        4.664617
36.840            0.076951        4.408967
36.855            0.072480        4.152791
36.870            0.068000        3.896139
36.885            0.063514        3.639063
36.900            0.059020        3.381615
36.915            0.054521        3.123846
36.930            0.050018        2.865809
36.945            0.045510        2.607557
36.960            0.041000        2.349141
36.975            0.036488        2.090615
36.990            0.031975        1.832032
37.005            0.027462        1.573444
37.020            0.022949        1.314904
37.035            0.018439        1.056466
37.050            0.013931        0.798183
37.065            0.009427        0.540108
37.080            0.004927        0.282295
37.095            0.000433        0.024798
37.110           -0.004055       -0.232330
37.125           -0.008535       -0.489036
37.140           -0.013007       -0.745265
37.155           -0.017470       -1.000964
37.170           -0.021923       -1.256080
37.185           -0.026364       -1.510558
37.200           -0.030794       -1.764345
37.215           -0.035210       -2.017387
37.230           -0.039613       -2.269630
37.245           -0.044000       -2.521022
37.260           -0.048372       -2.771508
37.275           -0.052727       -3.021035
37.290           -0.057064       -3.269550
37.305           -0.061383       -3.516998
37.320           -0.065682       -3.763328
37.335           -0.069961       -4.008486
37.350           -0.074219       -4.252418
37.365           -0.078454       -4.495073
37.380           -0.082666       -4.736397
37.395           -0.086853       -4.976338
37.410           -0.091016       -5.214843
37.425           -0.095153       -5.451860
37.440           -0.099263       -5.687338
37.455           -0.103345       -5.921224
37.470           -0.107398       -6.153468
37.485           -0.111422       -6.384017
37.500           -0.115416       -6.612822
37.515           -0.119378       -6.839831
37.530           -0.123307       -7.064993
37.545           -0.127204       -7.288260
37.560           -0.131067       -7.509581
37.575           -0.134895       -7.728908
37.590           -0.138687       -7.946190
37.605           -0.142443       -8.161381
37.620           -0.146161       -8.374431
37.635           -0.149842       -8.585294
37.650           -0.153483       -8.793922
37.665           -0.157084       -9.000269
37.680           -0.160645       -9.204289
37.695           -0.164165       -9.405936
37.710           -0.167642       -9.605167
37.725           -0.171076       -9.801935
37.740           -0.174467       -9.996199
37.755           -0.177813      -10.187914
37.770           -0.181114      -10.377040
37.785           -0.184368      -10.563534
37.800           -0.187577      -10.747355
37.815           -0.190738      -10.928464
37.830           -0.193851      -11.106821
37.845           -0.196915      -11.282389
37.860           -0.199930      -11.455128
37.875           -0.202895      -11.625003
37.890           -0.205809      -11.791978
37.905           -0.208672      -11.956018
37.920           -0.211483      -12.117088
37.935           -0.214242      -12.275156
37.950           -0.216948      -12.430190
37.965           -0.219600      -12.582157
37.980           -0.222198      -12.731029
37.995           -0.224742      -12.876775
38.010           -0.227231      -13.019368
38.025           -0.229664      -13.158780
38.040           -0.232041      -13.294986
38.055           -0.234362      -13.427960
38.070           -0.236626      -13.557678
38.085           -0.238833      -13.684118
38.100           -0.240982      -13.807257
38.115           -0.243073      -13.927075
38.130           -0.245106      -14.043553
38.145           -0.247081      -14.156671
38.160           -0.248996      -14.266412
38.175           -0.250852      -14.372760
38.190           -0.252649      -14.475701
38.205           -0.254386      -14.575219
38.220           -0.256063      -14.671302
38.235           -0.257679      -14.763938
38.250           -0.259236      -14.853117
38.265           -0.260732      -14.938828
38.280           -0.262167      -15.021064
38.295           -0.263542      -15.099817
38.310           -0.264855      -15.175081
38.325           -0.266108      -15.246850
38.340           -0.267299      -15.315121
38.355           -0.268430      -15.379891
38.370           -0.269499      -15.441157
38.385           -0.270507      -15.498919
38.400           -0.271454      -15.553177
38.415           -0.272340      -15.603933
38.430           -0.273165      -15.651189
38.445           -0.273929      -15.694947
38.460           -0.274631      -15.735213
38.475           -0.275273      -15.771992
38.490           -0.275854      -15.805290
38.505           -0.276375      -15.835115
38.520           -0.276835      -15.861475
38.535           -0.277235      -15.884379
38.550           -0.277574      -15.903838
38.565           -0.277854      -15.919863
38.580           -0.278074      -15.932465
38.595           -0.278234      -15.941659
38.610           -0.278336      -15.947459
38.625           -0.278378      -15.949879
38.640           -0.278361      -15.948934
38.655           -0.278287      -15.944643
38.670           -0.278154      -15.937022
38.685           -0.277963      -15.926091
38.700           -0.277714      -15.911867
38.715           -0.277409      -15.894373
38.730           -0.277047      -15.873628
38.745           -0.276629      -15.849655
38.760           -0.276154      -15.822477
38.775           -0.275624      -15.792116
38.790           -0.275039      -15.758598
38.805           -0.274400      -15.721947
38.820           -0.273706      -15.682190
38.835           -0.272958      -15.639354
38.850           -0.272157      -15.593465
38.865           -0.271304      -15.544553
38.880           -0.270398      -15.492645
38.895           -0.269440      -15.437773
38.910           -0.268431      -15.379967
38.925           -0.267371      -15.319258
38.940           -0.266262      -15.255678
38.955           -0.265103      -15.189259
38.970           -0.263894      -15.120036
38.985           -0.262638      -15.048042
39.000           -0.261334      -14.973312
39.015           -0.259982      -14.895883
39.030           -0.258584      -14.815788
39.045           -0.257141      -14.733067
39.060           -0.255652      -14.647756
39.075           -0.254118      -14.559892
39.090           -0.252541      -14.469516
39.105           -0.250920      -14.376665
39.120           -0.249257      -14.281380
39.135           -0.247552      -14.183702
39.150           -0.245806      -14.083670
39.165           -0.244020      -13.981328
39.180           -0.242194      -13.876715
39.195           -0.240330      -13.769876
39.210           -0.238427      -13.660852
39.225           -0.236487      -13.549688
39.240           -0.234510      -13.436427
39.255           -0.232497      -13.321114
39.270           -0.230450      -13.203792
39.285           -0.228368      -13.084507
39.300           -0.226252      -12.963305
39.315           -0.224104      -12.840231
39.330           -0.221924      -12.715330
39.345           -0.219713      -12.588651
39.360           -0.217472      -12.460238
39.375           -0.215202      -12.330138
39.390           -0.212902      -12.198400
39.405           -0.210575      -12.065069
39.420           -0.208221      -11.930194
39.435           -0.205841      -11.793822
39.450           -0.203436      -11.656000
39.465           -0.201006      -11.516777
39.480           -0.198552      -11.376200
39.495           -0.196076      -11.234317
39.510           -0.193578      -11.091177
39.525           -0.191058      -10.946826
39.540           -0.188518      -10.801314
39.555           -0.185959      -10.654688
39.570           -0.183382      -10.506995
39.585           -0.180786      -10.358284
39.600           -0.178174      -10.208603
39.615           -0.175545      -10.057999
39.630           -0.172901       -9.906519
39.645           -0.170243       -9.754212
39.660           -0.167571       -9.601123
39.675           -0.164886       -9.447300
39.690           -0.162190       -9.292789
39.705           -0.159482       -9.137638
39.720           -0.156764       -8.981892
39.735           -0.154036       -8.825598
39.750           -0.151299       -8.668800
39.765           -0.148554       -8.511545
39.780           -0.145803       -8.353877
39.795           -0.143044       -8.195842
39.810           -0.140281       -8.037483
39.825           -0.137512       -7.878845
39.840           -0.134739       -7.719971
39.855           -0.131963       -7.560905
39.870           -0.129184       -7.401689
39.885           -0.126403       -7.242367
39.900           -0.123621       -7.082979
39.915           -0.120839       -6.923568
39.930           -0.118057       -6.764175
39.945           -0.115276       -6.604841
39.960           -0.112497       -6.445605
39.975           -0.109720       -6.286508
39.990           -0.106947       -6.127590
40.005           -0.104177       -5.968888
40.020           -0.101411       -5.810441
40.035           -0.098651       -5.652287
40.050           -0.095896       -5.494464
40.065           -0.093148       -5.337007
40.080           -0.090407       -5.179955
40.095           -0.087674       -5.023341
40.110           -0.084949       -4.867202
40.125           -0.082232       -4.711572
40.140           -0.079526       -4.556485
40.155           -0.076829       -4.401974
40.170           -0.074143       -4.248074
40.185           -0.071468       -4.094815
40.200           -0.068805       -3.942231
40.215           -0.066154       -3.790352
40.230           -0.063516       -3.639209
40.245           -0.060892       -3.488832
40.260           -0.058281       -3.339251
40.275           -0.055685       -3.190494
40.290           -0.053103       -3.042590
40.305           -0.050537       -2.895568
40.320           -0.047987       -2.749453
40.335           -0.045453       -2.604272
40.350           -0.042936       -2.460052
40.365           -0.040436       -2.316818
40.380           -0.037954       -2.174595
40.395           -0.035490       -2.033406
40.410           -0.033044       -1.893276
40.425           -0.030617       -1.754227
40.440           -0.028209       -1.616282
40.455           -0.025821       -1.479462
40.470           -0.023454       -1.343789
40.485           -0.021106       -1.209284
40.500           -0.018779       -1.075965
40.515           -0.016473       -0.943854
40.530           -0.014189       -0.812967
40.545           -0.011926       -0.683325
40.560           -0.009686       -0.554944
40.575           -0.007467       -0.427841
40.590           -0.005271       -0.302034
40.605           -0.003099       -0.177537
40.620           -0.000949       -0.054367
40.635            0.001177        0.067461
40.650            0.003280        0.187934
40.665            0.005359        0.307038
40.680            0.007413        0.424758
40.695            0.009444        0.541083
40.710            0.011449        0.656001
40.725            0.013430        0.769499
40.740            0.015386        0.881566
40.755            0.017317        0.992191
40.770            0.019222        1.101365
40.785            0.021102        1.209076
40.800            0.022957        1.315317
40.815            0.024785        1.420078
40.830            0.026587        1.523350
40.845            0.028364        1.625125
40.860            0.030114        1.725396
40.875            0.031838        1.824155
40.890            0.033535        1.921396
40.905            0.035205        2.017111
40.920            0.036849        2.111296
40.935            0.038466        2.203944
40.950            0.040056        2.295050
40.965            0.041619        2.384609
40.980            0.043155        2.472617
40.995            0.044664        2.559068
41.010            0.046146        2.643960
41.025            0.047600        2.727288
41.040            0.049027        2.809050
41.055            0.050427        2.889242
41.070            0.051799        2.967862
41.085            0.053144        3.044907
41.100            0.054461        3.120376
41.115            0.055750        3.194267
41.130            0.057013        3.266578
41.145            0.058247        3.337310
41.160            0.059454        3.406460
41.175            0.060633        3.474029
41.190            0.061785        3.540016
41.205            0.062909        3.604422
41.220            0.064006        3.667248
41.235            0.065074        3.728493
41.250            0.066116        3.788161
41.265            0.067130        3.846251
41.280            0.068116        3.902766
41.295            0.069075        3.957709
41.310            0.070007        4.011081
41.325            0.070911        4.062886
41.340            0.071788        4.113127
41.355            0.072637        4.161807
41.370            0.073460        4.208931
41.385            0.074255        4.254502
41.400            0.075023        4.298526
41.415            0.075765        4.341007
41.430            0.076479        4.381951
41.445            0.077167        4.421363
41.460            0.077829        4.459250
41.475            0.078463        4.495618
41.490            0.079072        4.530474
41.505            0.079654        4.563824
41.520            0.080210        4.595678
41.535            0.080740        4.626042
41.550            0.081244        4.654924
41.565            0.081722        4.682335
41.580            0.082175        4.708281
41.595            0.082602        4.732774
41.610            0.083005        4.755822
41.625            0.083382        4.777435
41.640            0.083734        4.797625
41.655            0.084062        4.816400
41.670            0.084365        4.833774
41.685            0.084644        4.849756
41.700            0.084899        4.864358
41.715            0.085130        4.877593
41.730            0.085337        4.889471
41.745            0.085521        4.900006
41.760            0.085682        4.909210
41.775            0.085820        4.917096
41.790            0.085934        4.923676
41.805            0.086027        4.928964
41.820            0.086097        4.932973
41.835            0.086144        4.935715
41.850            0.086170        4.937206
41.865            0.086175        4.937457
41.880            0.086158        4.936484
41.895            0.086120        4.934298
41.910            0.086061        4.930914
41.925            0.085981        4.926346
41.940            0.085881        4.920608
41.955            0.085760        4.913711
41.970            0.085620        4.905671
41.985            0.085460        4.896501
42.000            0.085281        4.886213
42.015            0.085082        4.874821
42.030            0.084864        4.862338
42.045            0.084627        4.848776
42.060            0.084372        4.834149
42.075            0.084098        4.818468
42.090            0.083806        4.801745
42.105            0.083496        4.783993
42.120            0.083169        4.765223
42.135            0.082824        4.745446
42.150            0.082461        4.724673
42.165            0.082081        4.702916
42.180            0.081685        4.680183
42.195            0.081271        4.656487
42.210            0.080841        4.631835
42.225            0.080394        4.606238
42.240            0.079931        4.579704
42.255            0.079452        4.552243
42.270            0.078956        4.523863
42.285            0.078445        4.494572
42.300            0.077918        4.464378
42.315            0.077375        4.433287
42.330            0.076817        4.401308
42.345            0.076244        4.368446
42.360            0.075655        4.334710
42.375            0.075051        4.300104
42.390            0.074432        4.264635
42.405            0.073798        4.228308
42.420            0.073149        4.191130
42.435            0.072485        4.153104
42.450            0.071807        4.114238
42.465            0.071114        4.074534
42.480            0.070407        4.033999
42.495            0.069685        3.992637
42.510            0.068948        3.950452
42.525            0.068198        3.907450
42.540            0.067433        3.863634
42.555            0.066654        3.819009
42.570            0.065861        3.773580
42.585            0.065055        3.727351
42.600            0.064234        3.680327
42.615            0.063399        3.632513
42.630            0.062551        3.583913
42.645            0.061689        3.534533
42.660            0.060814        3.484378
42.675            0.059925        3.433453
42.690            0.059023        3.381764
42.705            0.058108        3.329318
42.720            0.057179        3.276120
42.735            0.056238        3.222178
42.750            0.055283        3.167499
42.765            0.054316        3.112089
42.780            0.053337        3.055957
42.795            0.052344        2.999112
42.810            0.051340        2.941562
42.825            0.050323        2.883317
42.840            0.049295        2.824386
42.855            0.048255        2.764781
42.870            0.047203        2.704511
42.885            0.046139        2.643588
42.900            0.045065        2.582025
42.915            0.043979        2.519835
42.930            0.042883        2.457029
42.945            0.041777        2.393624
42.960            0.040660        2.329632
42.975            0.039533        2.265070
42.990            0.038396        2.199953
43.005            0.037251        2.134297
43.020            0.036096        2.068120
43.035            0.034932        2.001439
43.050            0.033759        1.934273
43.065            0.032579        1.866641
43.080            0.031391        1.798562
43.095            0.030195        1.730057
43.110            0.028992        1.661146
43.125            0.027783        1.591851
43.140            0.026567        1.522193
43.155            0.025346        1.452196
43.170            0.024118        1.381883
43.185            0.022886        1.311277
43.200            0.021649        1.240403
43.215            0.020408        1.169284
43.230            0.019163        1.097947
43.245            0.017914        1.026418
43.260            0.016663        0.954721
43.275            0.015409        0.882883
43.290            0.014153        0.810932
43.305            0.012896        0.738895
43.320            0.011638        0.666799
43.335            0.010379        0.594673
43.350            0.009120        0.522543
43.365            0.007862        0.450440
43.380            0.006604        0.378391
43.395            0.005348        0.306425
43.410            0.004094        0.234572
43.425            0.002842        0.162860
43.440            0.001594        0.091320
43.455            0.000349        0.019980
43.470           -0.000892       -0.051131
43.485           -0.002129       -0.121982
43.500           -0.003361       -0.192544
43.515           -0.004587       -0.262788
43.530           -0.005806       -0.332684
43.545           -0.007020       -0.402203
43.560           -0.008226       -0.471315
43.575           -0.009425       -0.539992
43.590           -0.010615       -0.608205
43.605           -0.011797       -0.675925
43.620           -0.012970       -0.743123
43.635           -0.014133       -0.809771
43.650           -0.015286       -0.875842
43.665           -0.016429       -0.941306
43.680           -0.017560       -1.006138
43.695           -0.018680       -1.070310
43.710           -0.019788       -1.133796
43.725           -0.020884       -1.196568
43.740           -0.021967       -1.258602
43.755           -0.023036       -1.319871
43.770           -0.024092       -1.380352
43.785           -0.025133       -1.440019
43.800           -0.026160       -1.498848
43.815           -0.027172       -1.556816
43.830           -0.028168       -1.613900
43.845           -0.029148       -1.670078
43.860           -0.030113       -1.725328
43.875           -0.031060       -1.779628
43.890           -0.031991       -1.832957
43.905           -0.032905       -1.885297
43.920           -0.033801       -1.936627
43.935           -0.034678       -1.986928
43.950           -0.035538       -2.036183
43.965           -0.036379       -2.084374
43.980           -0.037201       -2.131484
43.995           -0.038004       -2.177496
44.010           -0.038788       -2.222396
44.025           -0.039552       -2.266169
44.040           -0.040296       -2.308800
44.055           -0.041020       -2.350276
44.070           -0.041724       -2.390584
44.085           -0.042406       -2.429713
44.100           -0.043069       -2.467651
44.115           -0.043710       -2.504387
44.130           -0.044330       -2.539911
44.145           -0.044929       -2.574215
44.160           -0.045506       -2.607289
44.175           -0.046061       -2.639127
44.190           -0.046595       -2.669720
44.205           -0.047108       -2.699063
44.220           -0.047598       -2.727149
44.235           -0.048066       -2.753975
44.250           -0.048512       -2.779534
44.265           -0.048936       -2.803825
44.280           -0.049338       -2.826843
44.295           -0.049717       -2.848586
44.310           -0.050074       -2.869053
44.325           -0.050409       -2.888243
44.340           -0.050722       -2.906155
44.355           -0.051012       -2.922789
44.370           -0.051280       -2.938145
44.385           -0.051526       -2.952227
44.400           -0.051750       -2.965034
44.415           -0.051951       -2.976571
44.430           -0.052130       -2.986839
44.445           -0.052287       -2.995842
44.460           -0.052422       -3.003585
44.475           -0.052536       -3.010073
44.490           -0.052627       -3.015309
44.505           -0.052697       -3.019301
44.520           -0.052745       -3.022054
44.535           -0.052771       -3.023574
44.550           -0.052776       -3.023869
44.565           -0.052760       -3.022946
44.580           -0.052723       -3.020813
44.595           -0.052665       -3.017478
44.610           -0.052586       -3.012950
44.625           -0.052486       -3.007238
44.640           -0.052366       -3.000351
44.655           -0.052225       -2.992299
44.670           -0.052065       -2.983093
44.685           -0.051884       -2.972742
44.700           -0.051684       -2.961258
44.715           -0.051464       -2.948651
44.730           -0.051224       -2.934933
44.745           -0.050966       -2.920115
44.760           -0.050688       -2.904210
44.775           -0.050392       -2.887231
44.790           -0.050077       -2.869188
44.805           -0.049744       -2.850096
44.820           -0.049392       -2.829967
44.835           -0.049023       -2.808814
44.850           -0.048636       -2.786652
44.865           -0.048232       -2.763493
44.880           -0.047811       -2.739353
44.895           -0.047373       -2.714245
44.910           -0.046918       -2.688184
44.925           -0.046446       -2.661184
44.940           -0.045959       -2.633261
44.955           -0.045456       -2.604430
44.970           -0.044937       -2.574706
44.985           -0.044403       -2.544105
45.000           -0.043854       -2.512643
45.015           -0.043290       -2.480336
45.030           -0.042712       -2.447200
45.045           -0.042119       -2.413251
45.060           -0.041513       -2.378508
45.075           -0.040893       -2.342986
45.090           -0.040260       -2.306703
45.105           -0.039613       -2.269676
45.120           -0.038954       -2.231923
45.135           -0.038283       -2.193463
45.150           -0.037600       -2.154312
45.165           -0.036905       -2.114490
45.180           -0.036198       -2.074014
45.195           -0.035481       -2.032905
45.210           -0.034753       -1.991180
45.225           -0.034014       -1.948859
45.240           -0.033265       -1.905962
45.255           -0.032507       -1.862508
45.270           -0.031739       -1.818516
45.285           -0.030962       -1.774008
45.300           -0.030177       -1.729003
45.315           -0.029383       -1.683521
45.330           -0.028581       -1.637583
45.345           -0.027772       -1.591211
45.360           -0.026955       -1.544424
45.375           -0.026132       -1.497244
45.390           -0.025302       -1.449692
45.405           -0.024466       -1.401789
45.420           -0.023624       -1.353558
45.435           -0.022777       -1.305018
45.450           -0.021925       -1.256193
45.465           -0.021068       -1.207104
45.480           -0.020207       -1.157772
45.495           -0.019342       -1.108220
45.510           -0.018474       -1.058468
45.525           -0.017602       -1.008540
45.540           -0.016728       -0.958457
45.555           -0.015852       -0.908241
45.570           -0.014973       -0.857913
45.585           -0.014093       -0.807495
45.600           -0.013212       -0.757009
45.615           -0.012330       -0.706477
45.630           -0.011448       -0.655919
45.645           -0.010565       -0.605357
45.660           -0.009683       -0.554812
45.675           -0.008802       -0.504305
45.690           -0.007921       -0.453856
45.705           -0.007042       -0.403485
45.720           -0.006165       -0.353213
45.735           -0.005289       -0.303060
45.750           -0.004416       -0.253044
45.765           -0.003546       -0.203185
45.780           -0.002679       -0.153502
45.795           -0.001815       -0.104013
45.810           -0.000955       -0.054736
45.825           -0.000099       -0.005688
45.840            0.000752        0.043113
45.855            0.001600        0.091652
45.870            0.002442        0.139912
45.885            0.003279        0.187877
45.900            0.004111        0.235533
45.915            0.004937        0.282865
45.930            0.005757        0.329860
45.945            0.006571        0.376504
45.960            0.007379        0.422784
45.975            0.008180        0.468689
45.990            0.008975        0.514207
46.005            0.009762        0.559328
46.020            0.010543        0.604041
46.035            0.011316        0.648337
46.050            0.012081        0.692208
46.065            0.012839        0.735645
46.080            0.013590        0.778641
46.095            0.014332        0.821190
46.110            0.015067        0.863285
46.125            0.015794        0.904922
46.140            0.016512        0.946096
46.155            0.017223        0.986803
46.170            0.017925        1.027040
46.185            0.018619        1.066805
46.200            0.019305        1.106097
46.215            0.019983        1.144913
46.230            0.020652        1.183254
46.245            0.021313        1.221121
46.260            0.021965        1.258514
46.275            0.022610        1.295435
46.290            0.023246        1.331886
46.305            0.023874        1.367871
46.320            0.024494        1.403393
46.335            0.025106        1.438456
46.350            0.025710        1.473065
46.365            0.026306        1.507225
46.380            0.026895        1.540942
46.395            0.027475        1.574223
46.410            0.028049        1.607074
46.425            0.028615        1.639503
46.440            0.029173        1.671518
46.455            0.029725        1.703127
46.470            0.030270        1.734338
46.485            0.030808        1.765161
46.500            0.031339        1.795604
46.515            0.031864        1.825679
46.530            0.032383        1.855394
46.545            0.032895        1.884760
46.560            0.033402        1.913788
46.575            0.033903        1.942488
46.590            0.034398        1.970871
46.605            0.034888        1.998949
46.620            0.035373        2.026733
46.635            0.035853        2.054233
46.650            0.036328        2.081463
46.665            0.036799        2.108432
46.680            0.037265        2.135153
46.695            0.037728        2.161637
46.710            0.038186        2.187896
46.725            0.038641        2.213941
46.740            0.039092        2.239784
46.755            0.039539        2.265436
46.770            0.039984        2.290909
46.785            0.040426        2.316213
46.800            0.040864        2.341360
46.815            0.041301        2.366359
46.830            0.041735        2.391223
46.845            0.042166        2.415961
46.860            0.042596        2.440584
46.875            0.043024        2.465101
46.890            0.043450        2.489522
46.905            0.043875        2.513856
46.920            0.044298        2.538114
46.935            0.044721        2.562303
46.950            0.045142        2.586433
46.965            0.045562        2.610511
46.980            0.045981        2.634545
46.995            0.046400        2.658544
47.010            0.046819        2.682515
47.025            0.047237        2.706465
47.040            0.047654        2.730400
47.055            0.048072        2.754327
47.070            0.048490        2.778252
47.085            0.048907        2.802181
47.100            0.049325        2.826120
47.115            0.049743        2.850073
47.130            0.050162        2.874047
47.145            0.050580        2.898045
47.160            0.051000        2.922071
47.175            0.051420        2.946131
47.190            0.051840        2.970228
47.205            0.052262        2.994366
47.220            0.052684        3.018548
47.235            0.053106        3.042777
47.250            0.053530        3.067057
47.265            0.053955        3.091390
47.280            0.054381        3.115779
47.295            0.054807        3.140227
47.310            0.055235        3.164736
47.325            0.055664        3.189308
47.340            0.056094        3.213945
47.355            0.056525        3.238650
47.370            0.056958        3.263425
47.385            0.057391        3.288271
47.400            0.057826        3.313191
47.415            0.058262        3.338185
47.430            0.058700        3.363257
47.445            0.059139        3.388407
47.460            0.059579        3.413638
47.475            0.060021        3.438952
47.490            0.060464        3.464350
47.505            0.060909        3.489833
47.520            0.061355        3.515405
47.535            0.061803        3.541067
47.550            0.062253        3.566820
47.565            0.062704        3.592668
47.580            0.063157        3.618612
47.595            0.063611        3.644654
47.610            0.064067        3.670796
47.625            0.064526        3.697041
47.640            0.064985        3.723391
47.655            0.065447        3.749848
47.670            0.065911        3.776415
47.685            0.066377        3.803095
47.700            0.066844        3.829889
47.715            0.067314        3.856801
47.730            0.067786        3.883832
47.745            0.068260        3.910987
47.760            0.068736        3.938266
47.775            0.069214        3.965673
47.790            0.069695        3.993210
47.805            0.070178        4.020880
47.820            0.070663        4.048684
47.835            0.071151        4.076626
47.850            0.071641        4.104708
47.865            0.072133        4.132931
47.880            0.072628        4.161297
47.895            0.073126        4.189809
47.910            0.073626        4.218467
47.925            0.074129        4.247274
47.940            0.074634        4.276229
47.955            0.075142        4.305335
47.970            0.075653        4.334592
47.985            0.076166        4.363999
48.000            0.076682        4.393557
48.015            0.077201        4.423266
48.030            0.077722        4.453124
48.045            0.078245        4.483131
48.060            0.078772        4.513284
48.075            0.079300        4.543583
48.090            0.079832        4.574023
48.105            0.080365        4.604602
48.120            0.080902        4.635317
48.135            0.081440        4.666164
48.150            0.081981        4.697137
48.165            0.082523        4.728232
48.180            0.083068        4.759444
48.195            0.083615        4.790764
48.210            0.084163        4.822188
48.225            0.084713        4.853706
48.240            0.085265        4.885312
48.255            0.085818        4.916996
48.270            0.086372        4.948748
48.285            0.086927        4.980560
48.300            0.087483        5.012418
48.315            0.088040        5.044314
48.330            0.088597        5.076234
48.345            0.089154        5.108165
48.360            0.089712        5.140095
48.375            0.090269        5.172009
48.390            0.090825        5.203893
48.405            0.091381        5.235731
48.420            0.091935        5.267507
48.435            0.092489        5.299206
48.450            0.093040        5.330809
48.465            0.093590        5.362300
48.480            0.094137        5.393660
48.495            0.094682        5.424869
48.510            0.095224        5.455910
48.525            0.095762        5.486762
48.540            0.096297        5.517404
48.555            0.096828        5.547816
48.570            0.097354        5.577977
48.585            0.097876        5.607865
48.600            0.098392        5.637458
48.615            0.098903        5.666733
48.630            0.099408        5.695669
48.645            0.099907        5.724241
48.660            0.100399        5.752426
48.675            0.100884        5.780202
48.690            0.101361        5.807543
48.705            0.101830        5.834427
48.720            0.102291        5.860828
48.735            0.102743        5.886724
48.750            0.103185        5.912088
48.765            0.103618        5.936898
48.780            0.104041        5.961128
48.795            0.104454        5.984754
48.810            0.104855        6.007751
48.825            0.105245        6.030096
48.840            0.105623        6.051763
48.855            0.105989        6.072730
48.870            0.106342        6.092971
48.885            0.106683        6.112464
48.900            0.107009        6.131183
48.915            0.107322        6.149107
48.930            0.107621        6.166212
48.945            0.107905        6.182475
48.960            0.108173        6.197874
48.975            0.108427        6.212387
48.990            0.108664        6.225991
49.005            0.108885        6.238666
49.020            0.109090        6.250391
49.035            0.109278        6.261145
49.050            0.109448        6.270908
49.065            0.109601        6.279660
49.080            0.109736        6.287384
49.095            0.109852        6.294059
49.110            0.109950        6.299668
49.125            0.110029        6.304194
49.140            0.110089        6.307620
49.155            0.110129        6.309929
49.170            0.110150        6.311107
49.185            0.110150        6.311136
49.200            0.110130        6.310005
49.215            0.110090        6.307697
49.230            0.110029        6.304201
49.245            0.109947        6.299503
49.260            0.109844        6.293592
49.275            0.109719        6.286457
49.290            0.109573        6.278086
49.305            0.109405        6.268469
49.320            0.109216        6.257599
49.335            0.109004        6.245464
49.350            0.108770        6.232059
49.365            0.108514        6.217375
49.380            0.108235        6.201405
49.395            0.107934        6.184144
49.410            0.107610        6.165586
49.425            0.107263        6.145726
49.440            0.106894        6.124560
49.455            0.106501        6.102085
49.470            0.106086        6.078298
49.485            0.105648        6.053195
49.500            0.105187        6.026777
49.515            0.104703        5.999040
49.530            0.104196        5.969986
49.545            0.103666        5.939614
49.560            0.103113        5.907924
49.575            0.102537        5.874917
49.590            0.101938        5.840596
49.605            0.101316        5.804962
49.620            0.100671        5.768018
49.635            0.100003        5.729768
49.650            0.099313        5.690214
49.665            0.098600        5.649361
49.680            0.097864        5.607213
49.695            0.097106        5.563776
49.710            0.096326        5.519054
49.725            0.095523        5.473053
49.740            0.094698        5.425780
49.755            0.093851        5.377241
49.770            0.092981        5.327442
49.785            0.092090        5.276392
49.800            0.091178        5.224096
49.815            0.090243        5.170564
49.830            0.089288        5.115803
49.845            0.088311        5.059821
49.860            0.087312        5.002628
49.875            0.086293        4.944231
49.890            0.085253        4.884639
49.905            0.084192        4.823863
49.920            0.083111        4.761911
49.935            0.082009        4.698793
49.950            0.080888        4.634519
49.965            0.079746        4.569098
49.980            0.078584        4.502541
49.995            0.077403        4.434857
50.010            0.076202        4.366058
50.025            0.074982        4.296153
50.040            0.073743        4.225154
50.055            0.072485        4.153070
50.070            0.071208        4.079913
50.085            0.069913        4.005692
50.100            0.068599        3.930420
50.115            0.067267        3.854107
50.130            0.065917        3.776764
50.145            0.064549        3.698402
50.160            0.063164        3.619032
50.175            0.061761        3.538666
50.190            0.060342        3.457315
50.205            0.058905        3.374989
50.220            0.057451        3.291701
50.235            0.055981        3.207462
50.250            0.054494        3.122283
50.265            0.052991        3.036176
50.280            0.051472        2.949153
50.295            0.049938        2.861225
50.310            0.048388        2.772404
50.325            0.046822        2.682702
50.340            0.045241        2.592131
50.355            0.043646        2.500703
50.370            0.042035        2.408430
50.385            0.040410        2.315324
50.400            0.038771        2.221398
50.415            0.037117        2.126663
50.430            0.035450        2.031134
50.445            0.033769        1.934822
50.460            0.032075        1.837739
50.475            0.030367        1.739901
50.490            0.028646        1.641318
50.505            0.026913        1.542005
50.520            0.025167        1.441975
50.535            0.023409        1.341241
50.550            0.021639        1.239818
50.565            0.019857        1.137720
50.580            0.018063        1.034960
50.595            0.016259        0.931553
50.610            0.014443        0.827513
50.625            0.012616        0.722856
50.640            0.010779        0.617596
50.655            0.008932        0.511748
50.670            0.007074        0.405329
50.685            0.005207        0.298352
50.700            0.003331        0.190835
50.715            0.001445        0.082793
50.730           -0.000450       -0.025757
50.745           -0.002353       -0.134799
50.760           -0.004264       -0.244316
50.775           -0.006184       -0.354292
50.790           -0.008111       -0.464708
50.805           -0.010045       -0.575548
50.820           -0.011987       -0.686794
50.835           -0.013935       -0.798428
50.850           -0.015890       -0.910432
50.865           -0.017851       -1.022788
50.880           -0.019818       -1.135476
50.895           -0.021790       -1.248479
50.910           -0.023768       -1.361778
50.925           -0.025750       -1.475352
50.940           -0.027736       -1.589184
50.955           -0.029727       -1.703253
50.970           -0.031722       -1.817539
50.985           -0.033720       -1.932024
51.000           -0.035721       -2.046685
51.015           -0.037725       -2.161504
51.030           -0.039732       -2.276459
51.045           -0.041740       -2.391531
51.060           -0.043750       -2.506698
51.075           -0.045761       -2.621938
51.090           -0.047774       -2.737232
51.105           -0.049787       -2.852558
51.120           -0.051800       -2.967894
51.135           -0.053812       -3.083218
51.150           -0.055825       -3.198509
51.165           -0.057836       -3.313746
51.180           -0.059846       -3.428905
51.195           -0.061854       -3.543965
51.210           -0.063860       -3.658904
51.225           -0.065863       -3.773698
51.240           -0.067864       -3.888327
51.255           -0.069861       -4.002766
51.270           -0.071855       -4.116993
51.285           -0.073845       -4.230986
51.300           -0.075830       -4.344721
51.315           -0.077810       -4.458175
51.330           -0.079785       -4.571326
51.345           -0.081754       -4.684149
51.360           -0.083717       -4.796622
51.375           -0.085673       -4.908720
51.390           -0.087623       -5.020421
51.405           -0.089565       -5.131701
51.420           -0.091500       -5.242536
51.435           -0.093426       -5.352902
51.450           -0.095343       -5.462775
51.465           -0.097252       -5.572132
51.480           -0.099151       -5.680948
51.495           -0.101041       -5.789199
51.510           -0.102920       -5.896862
51.525           -0.104788       -6.003912
51.540           -0.106645       -6.110325
51.555           -0.108491       -6.216076
51.570           -0.110325       -6.321142
51.585           -0.112146       -6.425498
51.600           -0.113955       -6.529121
51.615           -0.115750       -6.631985
51.630           -0.117532       -6.734067
51.645           -0.119299       -6.835342
51.660           -0.121052       -6.935786
51.675           -0.122790       -7.035376
51.690           -0.124513       -7.134087
51.705           -0.126220       -7.231896
51.720           -0.127911       -7.328778
51.735           -0.129586       -7.424711
51.750           -0.131243       -7.519670
51.765           -0.132883       -7.613632
51.780           -0.134505       -7.706574
51.795           -0.136109       -7.798473
51.810           -0.137694       -7.889306
51.825           -0.139261       -7.979051
51.840           -0.140808       -8.067685
51.855           -0.142335       -8.155187
51.870           -0.143842       -8.241535
51.885           -0.145328       -8.326707
51.900           -0.146794       -8.410682
51.915           -0.148238       -8.493439
51.930           -0.149661       -8.574959
51.945           -0.151062       -8.655221
51.960           -0.152441       -8.734206
51.975           -0.153797       -8.811894
51.990           -0.155130       -8.888268
52.005           -0.156439       -8.963308
52.020           -0.157725       -9.036998
52.035           -0.158988       -9.109320
52.050           -0.160226       -9.180257
52.065           -0.161439       -9.249793
52.080           -0.162628       -9.317914
52.095           -0.163792       -9.384603
52.110           -0.164931       -9.449847
52.125           -0.166044       -9.513632
52.140           -0.167132       -9.575944
52.155           -0.168193       -9.636771
52.170           -0.169229       -9.696102
52.185           -0.170238       -9.753924
52.200           -0.171221       -9.810228
52.215           -0.172177       -9.865003
52.230           -0.173106       -9.918240
52.245           -0.174008       -9.969930
52.260           -0.174883      -10.020065
52.275           -0.175731      -10.068639
52.290           -0.176551      -10.115643
52.305           -0.177344      -10.161072
52.320           -0.178109      -10.204920
52.335           -0.178847      -10.247183
52.350           -0.179557      -10.287856
52.365           -0.180239      -10.326936
52.380           -0.180893      -10.364419
52.395           -0.181520      -10.400303
52.410           -0.182118      -10.434587
52.425           -0.182688      -10.467269
52.440           -0.183231      -10.498347
52.455           -0.183745      -10.527823
52.470           -0.184232      -10.555695
52.485           -0.184690      -10.581965
52.500           -0.185121      -10.606635
52.515           -0.185523      -10.629705
52.530           -0.185898      -10.651178
52.545           -0.186245      -10.671056
52.560           -0.186564      -10.689342
52.575           -0.186856      -10.706040
52.590           -0.187119      -10.721153
52.605           -0.187356      -10.734686
52.620           -0.187564      -10.746641
52.635           -0.187746      -10.757025
52.650           -0.187899      -10.765842
52.665           -0.188026      -10.773098
52.680           -0.188125      -10.778796
52.695           -0.188198      -10.782944
52.710           -0.188243      -10.785547
52.725           -0.188262      -10.786611
52.740           -0.188254      -10.786143
52.755           -0.188219      -10.784148
52.770           -0.188158      -10.780634
52.785           -0.188070      -10.775606
52.800           -0.187956      -10.769072
52.815           -0.187816      -10.761038
52.830           -0.187649      -10.751513
52.845           -0.187457      -10.740501
52.860           -0.187239      -10.728012
52.875           -0.186995      -10.714052
52.890           -0.186726      -10.698628
52.905           -0.186432      -10.681748
52.920           -0.186112      -10.663420
52.935           -0.185767      -10.643650
52.950           -0.185397      -10.622447
52.965           -0.185002      -10.599818
52.980           -0.184582      -10.575770
52.995           -0.184138      -10.550312
53.010           -0.183669      -10.523451
53.025           -0.183176      -10.495195
53.040           -0.182658      -10.465552
53.055           -0.182117      -10.434530
53.070           -0.181552      -10.402136
53.085           -0.180962      -10.368378
53.100           -0.180350      -10.333266
53.115           -0.179713      -10.296806
53.130           -0.179053      -10.259007
53.145           -0.178371      -10.219877
53.160           -0.177664      -10.179424
53.175           -0.176935      -10.137657
53.190           -0.176184      -10.094584
53.205           -0.175409      -10.050213
53.220           -0.174612      -10.004553
53.235           -0.173793       -9.957612
53.250           -0.172952       -9.909400
53.265           -0.172088       -9.859923
53.280           -0.171203       -9.809192
53.295           -0.170296       -9.757215
53.310           -0.169367       -9.704001
53.325           -0.168417       -9.649558
53.340           -0.167445       -9.593895
53.355           -0.166452       -9.537022
53.370           -0.165439       -9.478948
53.385           -0.164404       -9.419680
53.400           -0.163349       -9.359229
53.415           -0.162274       -9.297604
53.430           -0.161178       -9.234812
53.445           -0.160062       -9.170865
53.460           -0.158926       -9.105770
53.475           -0.157770       -9.039536
53.490           -0.156594       -8.972173
53.505           -0.155399       -8.903691
53.520           -0.154184       -8.834097
53.535           -0.152950       -8.763400
53.550           -0.151697       -8.691611
53.565           -0.150425       -8.618737
53.580           -0.149135       -8.544788
53.595           -0.147825       -8.469772
53.610           -0.146498       -8.393699
53.625           -0.145152       -8.316576
53.640           -0.143787       -8.238413
53.655           -0.142405       -8.159218
53.670           -0.141005       -8.079000
53.685           -0.139587       -7.997767
53.700           -0.138152       -7.915527
53.715           -0.136699       -7.832289
53.730           -0.135229       -7.748061
53.745           -0.133742       -7.662851
53.760           -0.132238       -7.576667
53.775           -0.130717       -7.489517
53.790           -0.129179       -7.401408
53.805           -0.127625       -7.312350
53.820           -0.126054       -7.222348
53.835           -0.124467       -7.131412
53.850           -0.122863       -7.039549
53.865           -0.121244       -6.946766
53.880           -0.119609       -6.853071
53.895           -0.117958       -6.758471
53.910           -0.116291       -6.662974
53.925           -0.114609       -6.566588
53.940           -0.112911       -6.469321
53.955           -0.111198       -6.371179
53.970           -0.109470       -6.272170
53.985           -0.107727       -6.172303
54.000           -0.105969       -6.071584
54.015           -0.104197       -5.970023
54.030           -0.102409       -5.867626
54.045           -0.100608       -5.764403
54.060           -0.098792       -5.660360
54.075           -0.096962       -5.555508
54.090           -0.095118       -5.449853
54.105           -0.093260       -5.343406
54.120           -0.091388       -5.236175
54.135           -0.089503       -5.128170
54.150           -0.087605       -5.019399
54.165           -0.085693       -4.909874
54.180           -0.083769       -4.799603
54.195           -0.081831       -4.688598
54.210           -0.079881       -4.576868
54.225           -0.077919       -4.464426
54.240           -0.075944       -4.351282
54.255           -0.073957       -4.237448
54.270           -0.071959       -4.122937
54.285           -0.069949       -4.007760
54.300           -0.067927       -3.891931
54.315           -0.065894       -3.775463
54.330           -0.063851       -3.658370
54.345           -0.061796       -3.540666
54.360           -0.059732       -3.422366
54.375           -0.057657       -3.303484
54.390           -0.055572       -3.184036
54.405           -0.053478       -3.064037
54.420           -0.051374       -2.943505
54.435           -0.049261       -2.822456
54.450           -0.047140       -2.700907
54.465           -0.045010       -2.578876
54.480           -0.042872       -2.456381
54.495           -0.040726       -2.333440
54.510           -0.038573       -2.210072
54.525           -0.036413       -2.086296
54.540           -0.034246       -1.962133
54.555           -0.032072       -1.837602
54.570           -0.029893       -1.712724
54.585           -0.027707       -1.587520
54.600           -0.025517       -1.462010
54.615           -0.023321       -1.336217
54.630           -0.021121       -1.210162
54.645           -0.018917       -1.083868
54.660           -0.016709       -0.957357
54.675           -0.014498       -0.830652
54.690           -0.012283       -0.703776
54.705           -0.010066       -0.576752
54.720           -0.007847       -0.449605
54.735           -0.005626       -0.322357
54.750           -0.003404       -0.195033
54.765           -0.001181       -0.067657
54.780            0.001043        0.059746
54.795            0.003266        0.187152
54.810            0.005490        0.314536
54.825            0.007712        0.441874
54.840            0.009933        0.569140
54.855            0.012153        0.696308
54.870            0.014370        0.823355
54.885            0.016585        0.950255
54.900            0.018797        1.076981
54.915            0.021005        1.203510
54.930            0.023210        1.329815
54.945            0.025410        1.455871
54.960            0.027605        1.581653
54.975            0.029795        1.707134
54.990            0.031980        1.832291
55.005            0.034158        1.957096
55.020            0.036329        2.081524
55.035            0.038494        2.205551
55.050            0.040651        2.329151
55.065            0.042801        2.452298
55.080            0.044942        2.574967
55.095            0.047074        2.697133
55.110            0.049197        2.818771
55.125            0.051310        2.939855
55.140            0.053413        3.060361
55.155            0.055506        3.180263
55.170            0.057588        3.299538
55.185            0.059658        3.418159
55.200            0.061717        3.536103
55.215            0.063763        3.653345
55.230            0.065796        3.769860
55.245            0.067817        3.885624
55.260            0.069824        4.000613
55.275            0.071817        4.114803
55.290            0.073795        4.228170
55.305            0.075759        4.340691
55.320            0.077708        4.452341
55.335            0.079641        4.563097
55.350            0.081558        4.672936
55.365            0.083459        4.781835
55.380            0.085343        4.889770
55.395            0.087209        4.996720
55.410            0.089058        5.102661
55.425            0.090889        5.207572
55.440            0.092702        5.311429
55.455            0.094496        5.414212
55.470            0.096271        5.515898
55.485            0.098026        5.616466
55.500            0.099761        5.715895
55.515            0.101476        5.814165
55.530            0.103171        5.911254
55.545            0.104844        6.007142
55.560            0.106497        6.101809
55.575            0.108127        6.195237
55.590            0.109736        6.287404
55.605            0.111322        6.378293
55.620            0.112886        6.467885
55.635            0.114427        6.556161
55.650            0.115944        6.643104
55.665            0.117438        6.728696
55.680            0.118908        6.812920
55.695            0.120354        6.895760
55.710            0.121775        6.977199
55.725            0.123172        7.057222
55.740            0.124543        7.135814
55.755            0.125890        7.212958
55.770            0.127211        7.288643
55.785            0.128506        7.362852
55.800            0.129775        7.435574
55.815            0.131018        7.506794
55.830            0.132235        7.576501
55.845            0.133425        7.644683
55.860            0.134588        7.711329
55.875            0.135724        7.776427
55.890            0.136833        7.839968
55.905            0.137915        7.901941
55.920            0.138969        7.962338
55.935            0.139995        8.021149
55.950            0.140994        8.078366
55.965            0.141965        8.133983
55.980            0.142907        8.187990
55.995            0.143822        8.240383
56.010            0.144708        8.291154
56.025            0.145566        8.340299
56.040            0.146395        8.387811
56.055            0.147196        8.433687
56.070            0.147968        8.477922
56.085            0.148711        8.520512
56.100            0.149426        8.561455
56.115            0.150111        8.600747
56.130            0.150768        8.638386
56.145            0.151396        8.674370
56.160            0.151995        8.708699
56.175            0.152566        8.741370
56.190            0.153107        8.772383
56.205            0.153619        8.801738
56.220            0.154103        8.829435
56.235            0.154557        8.855475
56.250            0.154983        8.879857
56.265            0.155379        8.902585
56.280            0.155747        8.923658
56.295            0.156086        8.943079
56.310            0.156396        8.960849
56.325            0.156678        8.976972
56.340            0.156930        8.991449
56.355            0.157154        9.004284
56.370            0.157350        9.015480
56.385            0.157517        9.025040
56.400            0.157655        9.032968
56.415            0.157765        9.039268
56.430            0.157847        9.043943
56.445            0.157900        9.046998
56.460            0.157925        9.048438
56.475            0.157922        9.048266
56.490            0.157891        9.046489
56.505            0.157832        9.043110
56.520            0.157745        9.038135
56.535            0.157631        9.031569
56.550            0.157488        9.023419
56.565            0.157319        9.013688
56.580            0.157121        9.002384
56.595            0.156897        8.989513
56.610            0.156645        8.975079
56.625            0.156366        8.959091
56.640            0.156060        8.941553
56.655            0.155727        8.922473
56.670            0.155367        8.901858
56.685            0.154980        8.879714
56.700            0.154567        8.856049
56.715            0.154128        8.830870
56.730            0.153662        8.804184
56.745            0.153170        8.775998
56.760            0.152652        8.746322
56.775            0.152108        8.715162
56.790            0.151539        8.682527
56.805            0.150943        8.648425
56.820            0.150323        8.612865
56.835            0.149677        8.575855
56.850            0.149006        8.537405
56.865            0.148310        8.497524
56.880            0.147589        8.456220
56.895            0.146843        8.413505
56.910            0.146073        8.369387
56.925            0.145279        8.323876
56.940            0.144461        8.276984
56.955            0.143618        8.228720
56.970            0.142752        8.179095
56.985            0.141862        8.128120
57.000            0.140949        8.075807
57.015            0.140013        8.022168
57.030            0.139054        7.967213
57.045            0.138072        7.910955
57.060            0.137068        7.853407
57.075            0.136041        7.794580
57.090            0.134992        7.734488
57.105            0.133922        7.673144
57.120            0.132829        7.610561
57.135            0.131716        7.546753
57.150            0.130581        7.481734
57.165            0.129425        7.415518
57.180            0.128249        7.348120
57.195            0.127052        7.279554
57.210            0.125835        7.209835
57.225            0.124599        7.138980
57.240            0.123342        7.067002
57.255            0.122067        6.993919
57.270            0.120772        6.919747
57.285            0.119459        6.844502
57.300            0.118127        6.768200
57.315            0.116778        6.690860
57.330            0.115410        6.612498
57.345            0.114025        6.533132
57.360            0.112622        6.452780
57.375            0.111203        6.371461
57.390            0.109767        6.289193
57.405            0.108315        6.205995
57.420            0.106847        6.121886
57.435            0.105364        6.036886
57.450            0.103865        5.951015
57.465            0.102351        5.864293
57.480            0.100823        5.776740
57.495            0.099281        5.688379
57.510            0.097725        5.599228
57.525            0.096156        5.509312
57.540            0.094573        5.418650
57.555            0.092978        5.327267
57.570            0.091371        5.235183
57.585            0.089752        5.142423
57.600            0.088122        5.049009
57.615            0.086480        4.954966
57.630            0.084829        4.860318
57.645            0.083166        4.765088
57.660            0.081495        4.669302
57.675            0.079814        4.572985
57.690            0.078124        4.476164
57.705            0.076426        4.378862
57.720            0.074719        4.281108
57.735            0.073006        4.182928
57.750            0.071285        4.084349
57.765            0.069558        3.985398
57.780            0.067825        3.886104
57.795            0.066087        3.786495
57.810            0.064343        3.686599
57.825            0.062595        3.586446
57.840            0.060843        3.486064
57.855            0.059088        3.385485
57.870            0.057329        3.284737
57.885            0.055569        3.183851
57.900            0.053806        3.082858
57.915            0.052042        2.981790
57.930            0.050277        2.880677
57.945            0.048512        2.779552
57.960            0.046748        2.678446
57.975            0.044984        2.577392
57.990            0.043222        2.476422
58.005            0.041462        2.375570
58.020            0.039704        2.274868
58.035            0.037950        2.174349
58.050            0.036199        2.074048
58.065            0.034453        1.973998
58.080            0.032712        1.874232
58.095            0.030976        1.774785
58.110            0.029246        1.675691
58.125            0.027524        1.576983
58.140            0.025808        1.478697
58.155            0.024101        1.380867
58.170            0.022402        1.283526
58.185            0.020712        1.186710
58.200            0.019032        1.090453
58.215            0.017362        0.994789
58.230            0.015704        0.899752
58.245            0.014056        0.805376
58.260            0.012421        0.711695
58.275            0.010799        0.618744
58.290            0.009190        0.526556
58.305            0.007595        0.435164
58.320            0.006014        0.344602
58.335            0.004449        0.254902
58.350            0.002899        0.166098
58.365            0.001365        0.078221
58.380           -0.000152       -0.008696
58.395           -0.001651       -0.094621
58.410           -0.003133       -0.179523
58.425           -0.004597       -0.263372
58.440           -0.006041       -0.346136
58.455           -0.007466       -0.427787
58.470           -0.008871       -0.508293
58.485           -0.010256       -0.587626
58.500           -0.011620       -0.665758
58.515           -0.012962       -0.742661
58.530           -0.014282       -0.818307
58.545           -0.015580       -0.892669
58.560           -0.016855       -0.965722
58.575           -0.018107       -1.037439
58.590           -0.019335       -1.107796
58.605           -0.020538       -1.176769
58.620           -0.021718       -1.244333
58.635           -0.022872       -1.310467
58.650           -0.024001       -1.375148
58.665           -0.025104       -1.438354
58.680           -0.026181       -1.500065
58.695           -0.027232       -1.560261
58.710           -0.028256       -1.618923
58.725           -0.029252       -1.676033
58.740           -0.030222       -1.731573
58.755           -0.031163       -1.785526
58.770           -0.032077       -1.837876
58.785           -0.032962       -1.888610
58.800           -0.033819       -1.937711
58.815           -0.034648       -1.985168
58.830           -0.035447       -2.030967
58.845           -0.036217       -2.075097
58.860           -0.036958       -2.117548
58.875           -0.037670       -2.158309
58.890           -0.038351       -2.197372
58.905           -0.039003       -2.234729
58.920           -0.039625       -2.270373
58.935           -0.040218       -2.304297
58.950           -0.040780       -2.336497
58.965           -0.041311       -2.366969
58.980           -0.041813       -2.395708
58.995           -0.042284       -2.422712
59.010           -0.042725       -2.447982
59.025           -0.043136       -2.471514
59.040           -0.043516       -2.493311
59.055           -0.043867       -2.513374
59.070           -0.044187       -2.531705
59.085           -0.044476       -2.548308
59.100           -0.044736       -2.563187
59.115           -0.044966       -2.576347
59.130           -0.045166       -2.587794
59.145           -0.045336       -2.597536
59.160           -0.045476       -2.605581
59.175           -0.045587       -2.611939
59.190           -0.045669       -2.616618
59.205           -0.045721       -2.619631
59.220           -0.045745       -2.620989
59.235           -0.045740       -2.620705
59.250           -0.045707       -2.618792
59.265           -0.045645       -2.615267
59.280           -0.045556       -2.610144
59.295           -0.045439       -2.603440
59.310           -0.045294       -2.595172
59.325           -0.045123       -2.585359
59.340           -0.044925       -2.574019
59.355           -0.044701       -2.561174
59.370           -0.044451       -2.546843
59.385           -0.044175       -2.531049
59.400           -0.043874       -2.513814
59.415           -0.043549       -2.495161
59.430           -0.043199       -2.475114
59.445           -0.042825       -2.453698
59.460           -0.042428       -2.430939
59.475           -0.042008       -2.406863
59.490           -0.041565       -2.381496
59.505           -0.041100       -2.354867
59.520           -0.040614       -2.327003
59.535           -0.040107       -2.297934
59.550           -0.039579       -2.267688
59.565           -0.039031       -2.236296
59.580           -0.038463       -2.203789
59.595           -0.037877       -2.170197
59.610           -0.037272       -2.135551
59.625           -0.036650       -2.099885
59.640           -0.036010       -2.063230
59.655           -0.035354       -2.025619
59.670           -0.034681       -1.987085
59.685           -0.033993       -1.947662
59.700           -0.033290       -1.907384
59.715           -0.032573       -1.866284
59.730           -0.031842       -1.824398
59.745           -0.031098       -1.781760
59.760           -0.030341       -1.738405
59.775           -0.029572       -1.694368
59.790           -0.028792       -1.649684
59.805           -0.028002       -1.604389
59.820           -0.027201       -1.558517
59.835           -0.026391       -1.512105
59.850           -0.025572       -1.465188
59.865           -0.024745       -1.417802
59.880           -0.023911       -1.369982
59.895           -0.023069       -1.321764
59.910           -0.022221       -1.273184
59.925           -0.021368       -1.224277
59.940           -0.020509       -1.175078
59.955           -0.019646       -1.125623
59.970           -0.018779       -1.075946
59.985           -0.017909       -1.026084
60.000           -0.017036       -0.976071
60.015           -0.016161       -0.925942
60.030           -0.015284       -0.875730
60.045           -0.014407       -0.825472
60.060           -0.013530       -0.775200
60.075           -0.012653       -0.724949
60.090           -0.011777       -0.674752
60.105           -0.010902       -0.624643
60.120           -0.010030       -0.574655
60.135           -0.009160       -0.524821
60.150           -0.008293       -0.475173
60.165           -0.007431       -0.425743
60.180           -0.006572       -0.376565
60.195           -0.005719       -0.327669
60.210           -0.004871       -0.279086
60.225           -0.004029       -0.230849
60.240           -0.003194       -0.182987
60.255           -0.002365       -0.135531
60.270           -0.001545       -0.088512
60.285           -0.000732       -0.041958
60.300            0.000072        0.004101
60.315            0.000866        0.049635
60.330            0.001651        0.094617
60.345            0.002426        0.139017
60.360            0.003191        0.182808
60.375            0.003944        0.225963
60.390            0.004685        0.268454
60.405            0.005415        0.310254
60.420            0.006132        0.351337
60.435            0.006836        0.391677
60.450            0.007527        0.431248
60.465            0.008204        0.470026
60.480            0.008866        0.507985
60.495            0.009514        0.545101
60.510            0.010146        0.581351
60.525            0.010764        0.616710
60.540            0.011365        0.651156
60.555            0.011950        0.684666
60.570            0.012518        0.717218
60.585            0.013069        0.748790
60.600            0.013602        0.779362
60.615            0.014118        0.808913
60.630            0.014616        0.837422
60.645            0.015095        0.864870
60.660            0.015555        0.891238
60.675            0.015996        0.916507
60.690            0.016418        0.940659
60.705            0.016819        0.963678
60.720            0.017201        0.985545
60.735            0.017562        1.006245
60.750            0.017903        1.025762
60.765            0.018223        1.044081
60.780            0.018521        1.061188
60.795            0.018798        1.077068
60.810            0.019054        1.091709
60.825            0.019288        1.105098
60.840            0.019499        1.117223
60.855            0.019689        1.128072
60.870            0.019856        1.137637
60.885            0.020000        1.145906
60.900            0.020121        1.152871
60.915            0.020220        1.158523
60.930            0.020296        1.162855
60.945            0.020348        1.165859
60.960            0.020377        1.167530
60.975            0.020383        1.167862
60.990            0.020365        1.166851
61.005            0.020324        1.164492
61.020            0.020259        1.160782
61.035            0.020171        1.155719
61.050            0.020059        1.149302
61.065            0.019923        1.141529
61.080            0.019764        1.132401
61.095            0.019581        1.121918
61.110            0.019375        1.110082
61.125            0.019144        1.096894
61.140            0.018891        1.082358
61.155            0.018614        1.066478
61.170            0.018313        1.049258
61.185            0.017989        1.030703
61.200            0.017642        1.010820
61.215            0.017272        0.989615
61.230            0.016879        0.967096
61.245            0.016463        0.943271
61.260            0.016025        0.918149
61.275            0.015564        0.891739
61.290            0.015081        0.864053
61.305            0.014575        0.835100
61.320            0.014048        0.804893
61.335            0.013499        0.773445
61.350            0.012929        0.740768
61.365            0.012337        0.706876
61.380            0.011725        0.671783
61.395            0.011092        0.635505
61.410            0.010438        0.598056
61.425            0.009764        0.559454
61.440            0.009071        0.519714
61.455            0.008358        0.478855
61.470            0.007625        0.436893
61.485            0.006874        0.393847
61.500            0.006104        0.349737
61.515            0.005316        0.304580
61.530            0.004510        0.258398
61.545            0.003686        0.211211
61.560            0.002846        0.163039
61.575            0.001988        0.113903
61.590            0.001114        0.063826
61.605            0.000224        0.012828
61.620           -0.000682       -0.039067
61.635           -0.001603       -0.091837
61.650           -0.002539       -0.145458
61.665           -0.003489       -0.199908
61.680           -0.004453       -0.255162
61.695           -0.005431       -0.311197
61.710           -0.006423       -0.367987
61.725           -0.007427       -0.425509
61.740           -0.008443       -0.483738
61.755           -0.009471       -0.542647
61.770           -0.010511       -0.602213
61.785           -0.011561       -0.662408
61.800           -0.012622       -0.723208
61.815           -0.013694       -0.784586
61.830           -0.014774       -0.846516
61.845           -0.015865       -0.908972
61.860           -0.016963       -0.971927
61.875           -0.018070       -1.035354
61.890           -0.019185       -1.099227
61.905           -0.020307       -1.163518
61.920           -0.021436       -1.228200
61.935           -0.022571       -1.293246
61.950           -0.023713       -1.358630
61.965           -0.024859       -1.424323
61.980           -0.026011       -1.490298
61.995           -0.027167       -1.556527
62.010           -0.028326       -1.622983
62.025           -0.029490       -1.689639
62.040           -0.030656       -1.756466
62.055           -0.031825       -1.823437
62.070           -0.032996       -1.890525
62.085           -0.034168       -1.957701
62.100           -0.035342       -2.024938
62.115           -0.036516       -2.092208
62.130           -0.037690       -2.159483
62.145           -0.038864       -2.226736
62.160           -0.040037       -2.293939
62.175           -0.041208       -2.361065
62.190           -0.042378       -2.428086
62.205           -0.043546       -2.494974
62.220           -0.044710       -2.561701
62.235           -0.045871       -2.628242
62.250           -0.047029       -2.694567
62.265           -0.048182       -2.760650
62.280           -0.049331       -2.826463
62.295           -0.050475       -2.891980
62.310           -0.051612       -2.957173
62.325           -0.052744       -3.022015
62.340           -0.053869       -3.086480
62.355           -0.054987       -3.150540
62.370           -0.056098       -3.214169
62.385           -0.057200       -3.277340
62.400           -0.058294       -3.340028
62.415           -0.059380       -3.402204
62.430           -0.060455       -3.463844
62.445           -0.061521       -3.524920
62.460           -0.062577       -3.585408
62.475           -0.063622       -3.645280
62.490           -0.064656       -3.704512
62.505           -0.065678       -3.763077
62.520           -0.066688       -3.820951
62.535           -0.067686       -3.878107
62.550           -0.068670       -3.934522
62.565           -0.069642       -3.990169
62.580           -0.070599       -4.045023
62.595           -0.071542       -4.099061
62.610           -0.072471       -4.152258
62.625           -0.073384       -4.204589
62.640           -0.074282       -4.256030
62.655           -0.075164       -4.306557
62.670           -0.076029       -4.356148
62.685           -0.076878       -4.404777
62.700           -0.077709       -4.452422
62.715           -0.078523       -4.499061
62.730           -0.079319       -4.544669
62.745           -0.080097       -4.589226
62.760           -0.080856       -4.632707
62.775           -0.081596       -4.675093
62.790           -0.082316       -4.716360
62.805           -0.083016       -4.756488
62.820           -0.083696       -4.795456
62.835           -0.084356       -4.833242
62.850           -0.084995       -4.869828
62.865           -0.085612       -4.905193
62.880           -0.086207       -4.939317
62.895           -0.086781       -4.972181
62.910           -0.087332       -5.003767
62.925           -0.087861       -5.034057
62.940           -0.088367       -5.063032
62.955           -0.088849       -5.090676
62.970           -0.089308       -5.116972
62.985           -0.089743       -5.141903
63.000           -0.090154       -5.165454
63.015           -0.090541       -5.187611
63.030           -0.090903       -5.208357
63.045           -0.091240       -5.227680
63.060           -0.091552       -5.245566
63.075           -0.091839       -5.262003
63.090           -0.092101       -5.276978
63.105           -0.092336       -5.290481
63.120           -0.092546       -5.302501
63.135           -0.092730       -5.313027
63.150           -0.092887       -5.322051
63.165           -0.093018       -5.329565
63.180           -0.093123       -5.335561
63.195           -0.093201       -5.340033
63.210           -0.093252       -5.342973
63.225           -0.093277       -5.344378
63.240           -0.093275       -5.344243
63.255           -0.093245       -5.342565
63.270           -0.093189       -5.339341
63.285           -0.093106       -5.334569
63.300           -0.092995       -5.328250
63.315           -0.092858       -5.320382
63.330           -0.092694       -5.310967
63.345           -0.092503       -5.300008
63.360           -0.092284       -5.287507
63.375           -0.092039       -5.273467
63.390           -0.091768       -5.257894
63.405           -0.091469       -5.240793
63.420           -0.091144       -5.222172
63.435           -0.090793       -5.202036
63.450           -0.090415       -5.180396
63.465           -0.090011       -5.157260
63.480           -0.089581       -5.132638
63.495           -0.089126       -5.106542
63.510           -0.088645       -5.078984
63.525           -0.088139       -5.049976
63.540           -0.087607       -5.019532
63.555           -0.087051       -4.987668
63.570           -0.086471       -4.954398
63.585           -0.085866       -4.919738
63.600           -0.085237       -4.883706
63.615           -0.084584       -4.846319
63.630           -0.083908       -4.807596
63.645           -0.083210       -4.767556
63.660           -0.082488       -4.726219
63.675           -0.081744       -4.683605
63.690           -0.080979       -4.639735
63.705           -0.080191       -4.594633
63.720           -0.079383       -4.548318
63.735           -0.078554       -4.500816
63.750           -0.077705       -4.452149
63.765           -0.076835       -4.402340
63.780           -0.075947       -4.351415
63.795           -0.075039       -4.299398
63.810           -0.074112       -4.246315
63.825           -0.073168       -4.192190
63.840           -0.072205       -4.137051
63.855           -0.071226       -4.080922
63.870           -0.070229       -4.023830
63.885           -0.069216       -3.965803
63.900           -0.068188       -3.906866
63.915           -0.067144       -3.847047
63.930           -0.066085       -3.786373
63.945           -0.065011       -3.724872
63.960           -0.063924       -3.662569
63.975           -0.062823       -3.599494
63.990           -0.061709       -3.535672
64.005           -0.060583       -3.471133
64.020           -0.059444       -3.405902
64.035           -0.058294       -3.340007
64.050           -0.057133       -3.273475
64.065           -0.055961       -3.206333
64.080           -0.054779       -3.138608
64.095           -0.053587       -3.070327
64.110           -0.052386       -3.001516
64.125           -0.051177       -2.932202
64.140           -0.049958       -2.862410
64.155           -0.048733       -2.792167
64.170           -0.047499       -2.721498
64.185           -0.046259       -2.650428
64.200           -0.045012       -2.578983
64.215           -0.043759       -2.507187
64.230           -0.042500       -2.435064
64.245           -0.041236       -2.362640
64.260           -0.039967       -2.289936
64.275           -0.038694       -2.216978
64.290           -0.037416       -2.143788
64.305           -0.036135       -2.070388
64.320           -0.034851       -1.996802
64.335           -0.033564       -1.923052
64.350           -0.032274       -1.849159
64.365           -0.030982       -1.775144
64.380           -0.029689       -1.701029
64.395           -0.028394       -1.626834
64.410           -0.027098       -1.552581
64.425           -0.025801       -1.478288
64.440           -0.024504       -1.403975
64.455           -0.023207       -1.329663
64.470           -0.021910       -1.255370
64.485           -0.020614       -1.181115
64.500           -0.019319       -1.106916
64.515           -0.018026       -1.032791
64.530           -0.016734       -0.958759
64.545           -0.015443       -0.884837
64.560           -0.014155       -0.811043
64.575           -0.012870       -0.737393
64.590           -0.011587       -0.663904
64.605           -0.010308       -0.590594
64.620           -0.009032       -0.517478
64.635           -0.007759       -0.444572
64.650           -0.006491       -0.371894
64.665           -0.005227       -0.299458
64.680           -0.003967       -0.227280
64.695           -0.002712       -0.155376
64.710           -0.001462       -0.083761
64.725           -0.000217       -0.012450
64.740            0.001022        0.058542
64.755            0.002255        0.129199
64.770            0.003482        0.199507
64.785            0.004703        0.269451
64.800            0.005917        0.339016
64.815            0.007124        0.408188
64.830            0.008324        0.476953
64.845            0.009517        0.545295
64.860            0.010702        0.613201
64.875            0.011880        0.680656
64.890            0.013049        0.747646
64.905            0.014210        0.814157
64.920            0.015362        0.880174
64.935            0.016505        0.945683
64.950            0.017640        1.010671
64.965            0.018764        1.075122
64.980            0.019880        1.139023
64.995            0.020985        1.202360
65.010            0.022080        1.265119
65.025            0.023166        1.327286
65.040            0.024240        1.388846
65.055            0.025304        1.449787
65.070            0.026356        1.510093
65.085            0.027397        1.569752
65.100            0.028427        1.628749
65.115            0.029445        1.687070
65.130            0.030451        1.744703
65.145            0.031444        1.801632
65.160            0.032426        1.857846
65.175            0.033394        1.913330
65.190            0.034349        1.968071
65.205            0.035292        2.022056
65.220            0.036220        2.075272
65.235            0.037135        2.127706
65.250            0.038037        2.179345
65.265            0.038924        2.230177
65.280            0.039797        2.280188
65.295            0.040655        2.329368
65.310            0.041499        2.377703
65.325            0.042327        2.425183
65.340            0.043141        2.471795
65.355            0.043939        2.517528
65.370            0.044722        2.562372
65.385            0.045489        2.606315
65.400            0.046240        2.649348
65.415            0.046975        2.691460
65.430            0.047694        2.732642
65.445            0.048396        2.772884
65.460            0.049082        2.812178
65.475            0.049751        2.850515
65.490            0.050403        2.887886
65.505            0.051038        2.924285
65.520            0.051657        2.959703
65.535            0.052258        2.994135
65.550            0.052841        3.027574
65.565            0.053407        3.060014
65.580            0.053956        3.091450
65.595            0.054487        3.121877
65.610            0.055000        3.151291
65.625            0.055496        3.179688
65.640            0.055974        3.207066
65.655            0.056434        3.233421
65.670            0.056876        3.258751
65.685            0.057300        3.283056
65.700            0.057706        3.306334
65.715            0.058095        3.328585
65.730            0.058465        3.349809
65.745            0.058818        3.370007
65.760            0.059152        3.389181
65.775            0.059469        3.407333
65.790            0.059768        3.424465
65.805            0.060049        3.440580
65.820            0.060313        3.455683
65.835            0.060559        3.469778
65.850            0.060788        3.482868
65.865            0.060999        3.494961
65.880            0.061192        3.506062
65.895            0.061369        3.516177
65.910            0.061528        3.525314
65.925            0.061671        3.533480
65.940            0.061797        3.540683
65.955            0.061906        3.546931
65.970            0.061998        3.552234
65.985            0.062074        3.556601
66.000            0.062134        3.560042
66.015            0.062179        3.562567
66.030            0.062207        3.564186
66.045            0.062219        3.564911
66.060            0.062217        3.564753
66.075            0.062199        3.563724
66.090            0.062166        3.561835
66.105            0.062118        3.559099
66.120            0.062056        3.555529
66.135            0.061979        3.551137
66.150            0.061888        3.545936
66.165            0.061784        3.539939
66.180            0.061665        3.533161
66.195            0.061534        3.525613
66.210            0.061389        3.517311
66.225            0.061231        3.508268
66.240            0.061060        3.498497
66.255            0.060877        3.488013
66.270            0.060682        3.476830
66.285            0.060475        3.464961
66.300            0.060256        3.452422
66.315            0.060026        3.439226
66.330            0.059784        3.425387
66.345            0.059532        3.410920
66.360            0.059269        3.395838
66.375            0.058995        3.380156
66.390            0.058711        3.363887
66.405            0.058417        3.347045
66.420            0.058113        3.329645
66.435            0.057800        3.311700
66.450            0.057478        3.293223
66.465            0.057146        3.274228
66.480            0.056806        3.254729
66.495            0.056457        3.234739
66.510            0.056100        3.214271
66.525            0.055734        3.193338
66.540            0.055361        3.171953
66.555            0.054980        3.150128
66.570            0.054592        3.127877
66.585            0.054196        3.105212
66.600            0.053794        3.082144
66.615            0.053384        3.058688
66.630            0.052968        3.034853
66.645            0.052546        3.010653
66.660            0.052117        2.986098
66.675            0.051683        2.961202
66.690            0.051242        2.935974
66.705            0.050797        2.910427
66.720            0.050345        2.884571
66.735            0.049889        2.858418
66.750            0.049427        2.831978
66.765            0.048961        2.805262
66.780            0.048490        2.778282
66.795            0.048015        2.751046
66.810            0.047535        2.723566
66.825            0.047051        2.695852
66.840            0.046564        2.667914
66.855            0.046073        2.639761
66.870            0.045578        2.611404
66.885            0.045079        2.582852
66.900            0.044578        2.554115
66.915            0.044073        2.525202
66.930            0.043566        2.496122
66.945            0.043055        2.466884
66.960            0.042542        2.437497
66.975            0.042027        2.407970
66.990            0.041509        2.378312
67.005            0.040990        2.348530
67.020            0.040468        2.318634
67.035            0.039944        2.288630
67.050            0.039419        2.258528
67.065            0.038892        2.228335
67.080            0.038363        2.198057
67.095            0.037834        2.167704
67.110            0.037303        2.137281
67.125            0.036771        2.106795
67.140            0.036237        2.076254
67.155            0.035704        2.045663
67.170            0.035169        2.015029
67.185            0.034634        1.984358
67.200            0.034098        1.953655
67.215            0.033561        1.922926
67.230            0.033025        1.892177
67.245            0.032488        1.861411
67.260            0.031951        1.830635
67.275            0.031413        1.799851
67.290            0.030876        1.769065
67.305            0.030339        1.738279
67.320            0.029801        1.707499
67.335            0.029264        1.676726
67.350            0.028727        1.645964
67.365            0.028191        1.615215
67.380            0.027654        1.584483
67.395            0.027118        1.553768
67.410            0.026583        1.523073
67.425            0.026047        1.492399
67.440            0.025512        1.461748
67.455            0.024978        1.431120
67.470            0.024444        1.400516
67.485            0.023910        1.369936
67.500            0.023377        1.339381
67.515            0.022844        1.308850
67.530            0.022311        1.278343
67.545            0.021779        1.247859
67.560            0.021248        1.217397
67.575            0.020716        1.186956
67.590            0.020185        1.156535
67.605            0.019655        1.126132
67.620            0.019124        1.095745
67.635            0.018594        1.065373
67.650            0.018064        1.035013
67.665            0.017535        1.004662
67.680            0.017005        0.974320
67.695            0.016476        0.943982
67.710            0.015946        0.913646
67.725            0.015417        0.883310
67.740            0.014887        0.852969
67.755            0.014357        0.822623
67.770            0.013828        0.792266
67.785            0.013298        0.761897
67.800            0.012767        0.731512
67.815            0.012237        0.701108
67.830            0.011706        0.670681
67.845            0.011174        0.640228
67.860            0.010642        0.609747
67.875            0.010110        0.579234
67.890            0.009576        0.548685
67.905            0.009043        0.518098
67.920            0.008508        0.487470
67.935            0.007973        0.456797
67.950            0.007436        0.426077
67.965            0.006899        0.395307
67.980            0.006361        0.364484
67.995            0.005823        0.333605
68.010            0.005283        0.302668
68.025            0.004742        0.271670
68.040            0.004199        0.240609
68.055            0.003656        0.209483
68.070            0.003112        0.178289
68.085            0.002566        0.147026
68.100            0.002019        0.115691
68.115            0.001471        0.084283
68.130            0.000922        0.052800
68.145            0.000371        0.021241
68.160           -0.000181       -0.010396
68.175           -0.000735       -0.042111
68.190           -0.001290       -0.073907
68.205           -0.001846       -0.105784
68.220           -0.002404       -0.137743
68.235           -0.002963       -0.169785
68.250           -0.003524       -0.201910
68.265           -0.004086       -0.234119
68.280           -0.004650       -0.266413
68.295           -0.005215       -0.298791
68.310           -0.005781       -0.331254
68.325           -0.006350       -0.363801
68.340           -0.006919       -0.396434
68.355           -0.007490       -0.429151
68.370           -0.008063       -0.461952
68.385           -0.008637       -0.494837
68.400           -0.009212       -0.527805
68.415           -0.009789       -0.560857
68.430           -0.010367       -0.593990
68.445           -0.010947       -0.627204
68.460           -0.011528       -0.660499
68.475           -0.012110       -0.693872
68.490           -0.012694       -0.727324
68.505           -0.013279       -0.760852
68.520           -0.013866       -0.794455
68.535           -0.014454       -0.828132
68.550           -0.015043       -0.861880
68.565           -0.015633       -0.895699
68.580           -0.016224       -0.929585
68.595           -0.016817       -0.963537
68.610           -0.017411       -0.997553
68.625           -0.018005       -1.031629
68.640           -0.018601       -1.065763
68.655           -0.019198       -1.099953
68.670           -0.019795       -1.134195
68.685           -0.020394       -1.168487
68.700           -0.020993       -1.202824
68.715           -0.021593       -1.237202
68.730           -0.022194       -1.271619
68.745           -0.022795       -1.306070
68.760           -0.023397       -1.340550
68.775           -0.023999       -1.375055
68.790           -0.024602       -1.409579
68.805           -0.025205       -1.444119
68.820           -0.025808       -1.478668
68.835           -0.026411       -1.513220
68.850           -0.027014       -1.547770
68.865           -0.027617       -1.582310
68.880           -0.028219       -1.616835
68.895           -0.028821       -1.651338
68.910           -0.029423       -1.685810
68.925           -0.030024       -1.720245
68.940           -0.030624       -1.754634
68.955           -0.031223       -1.788970
68.970           -0.031822       -1.823242
68.985           -0.032419       -1.857443
69.000           -0.033014       -1.891563
69.015           -0.033608       -1.925592
69.030           -0.034200       -1.959520
69.045           -0.034790       -1.993337
69.060           -0.035378       -2.027032
69.075           -0.035964       -2.060594
69.090           -0.036547       -2.094010
69.105           -0.037128       -2.127271
69.120           -0.037705       -2.160363
69.135           -0.038280       -2.193273
69.150           -0.038851       -2.225990
69.165           -0.039418       -2.258500
69.180           -0.039982       -2.290790
69.195           -0.040541       -2.322845
69.210           -0.041096       -2.354653
69.225           -0.041647       -2.386198
69.240           -0.042193       -2.417467
69.255           -0.042733       -2.448445
69.270           -0.043269       -2.479116
69.285           -0.043798       -2.509466
69.300           -0.044322       -2.539479
69.315           -0.044840       -2.569140
69.330           -0.045351       -2.598432
69.345           -0.045856       -2.627341
69.360           -0.046353       -2.655850
69.375           -0.046844       -2.683943
69.390           -0.047326       -2.711604
69.405           -0.047801       -2.738817
69.420           -0.048268       -2.765564
69.435           -0.048727       -2.791831
69.450           -0.049176       -2.817600
69.465           -0.049617       -2.842854
69.480           -0.050049       -2.867579
69.495           -0.050471       -2.891756
69.510           -0.050883       -2.915370
69.525           -0.051285       -2.938405
69.540           -0.051676       -2.960844
69.555           -0.052057       -2.982671
69.570           -0.052427       -3.003870
69.585           -0.052786       -3.024425
69.600           -0.053133       -3.044321
69.615           -0.053469       -3.063541
69.630           -0.053792       -3.082071
69.645           -0.054103       -3.099895
69.660           -0.054402       -3.116998
69.675           -0.054688       -3.133366
69.690           -0.054960       -3.148983
69.705           -0.055219       -3.163835
69.720           -0.055465       -3.177909
69.735           -0.055697       -3.191190
69.750           -0.055915       -3.203665
69.765           -0.056118       -3.215320
69.780           -0.056307       -3.226143
69.795           -0.056481       -3.236121
69.810           -0.056640       -3.245242
69.825           -0.056784       -3.253492
69.840           -0.056913       -3.260862
69.855           -0.057026       -3.267339
69.870           -0.057123       -3.272912
69.885           -0.057204       -3.277571
69.900           -0.057270       -3.281306
69.915           -0.057318       -3.284105
69.930           -0.057351       -3.285961
69.945           -0.057367       -3.286863
69.960           -0.057366       -3.286803
69.975           -0.057348       -3.285772
69.990           -0.057312       -3.283762
70.005           -0.057260       -3.280766
70.020           -0.057191       -3.276777
70.035           -0.057103       -3.271786
70.050           -0.056999       -3.265789
70.065           -0.056876       -3.258778
70.080           -0.056736       -3.250749
70.095           -0.056578       -3.241695
70.110           -0.056402       -3.231612
70.125           -0.056208       -3.220496
70.140           -0.055996       -3.208342
70.155           -0.055766       -3.195147
70.170           -0.055517       -3.180907
70.185           -0.055250       -3.165620
70.200           -0.054965       -3.149284
70.215           -0.054662       -3.131895
70.230           -0.054340       -3.113453
70.245           -0.054000       -3.093956
70.260           -0.053641       -3.073403
70.275           -0.053264       -3.051795
70.290           -0.052868       -3.029130
70.305           -0.052454       -3.005410
70.320           -0.052022       -2.980635
70.335           -0.051571       -2.954806
70.350           -0.051102       -2.927925
70.365           -0.050614       -2.899994
70.380           -0.050109       -2.871014
70.395           -0.049585       -2.840990
70.410           -0.049042       -2.809923
70.425           -0.048482       -2.777817
70.440           -0.047904       -2.744677
70.455           -0.047307       -2.710506
70.470           -0.046693       -2.675309
70.485           -0.046061       -2.639090
70.500           -0.045411       -2.601856
70.515           -0.044743       -2.563612
70.530           -0.044058       -2.524364
70.545           -0.043356       -2.484118
70.560           -0.042636       -2.442881
70.575           -0.041899       -2.400660
70.590           -0.041145       -2.357463
70.605           -0.040375       -2.313297
70.620           -0.039587       -2.268171
70.635           -0.038783       -2.222093
70.650           -0.037962       -2.175072
70.665           -0.037125       -2.127117
70.680           -0.036272       -2.078238
70.695           -0.035403       -2.028444
70.710           -0.034518       -1.977746
70.725           -0.033618       -1.926155
70.740           -0.032702       -1.873680
70.755           -0.031771       -1.820334
70.770           -0.030825       -1.766128
70.785           -0.029864       -1.711074
70.800           -0.028888       -1.655184
70.815           -0.027899       -1.598471
70.830           -0.026895       -1.540948
70.845           -0.025877       -1.482628
70.860           -0.024845       -1.423525
70.875           -0.023800       -1.363653
70.890           -0.022742       -1.303026
70.905           -0.021671       -1.241659
70.920           -0.020587       -1.179568
70.935           -0.019491       -1.116767
70.950           -0.018383       -1.053272
70.965           -0.017263       -0.989101
70.980           -0.016132       -0.924268
70.995           -0.014989       -0.858793
71.010           -0.013835       -0.792691
71.025           -0.012671       -0.725980
71.040           -0.011496       -0.658680
71.055           -0.010312       -0.590808
71.070           -0.009117       -0.522383
71.085           -0.007914       -0.453425
71.100           -0.006701       -0.383953
71.115           -0.005480       -0.313988
71.130           -0.004251       -0.243550
71.145           -0.003014       -0.172661
71.160           -0.001769       -0.101341
71.175           -0.000517       -0.029612
71.190            0.000742        0.042503
71.205            0.002007        0.114982
71.220            0.003278        0.187802
71.235            0.004554        0.260940
71.250            0.005836        0.334372
71.265            0.007122        0.408074
71.280            0.008413        0.482022
71.295            0.009707        0.556190
71.310            0.011005        0.630554
71.325            0.012306        0.705089
71.340            0.013610        0.779768
71.355            0.014915        0.854566
71.370            0.016222        0.929456
71.385            0.017530        1.004412
71.400            0.018839        1.079406
71.415            0.020148        1.154413
71.430            0.021457        1.229404
71.445            0.022765        1.304352
71.460            0.024072        1.379230
71.475            0.025377        1.454010
71.490            0.026680        1.528664
71.505            0.027980        1.603164
71.520            0.029278        1.677481
71.535            0.030571        1.751589
71.550            0.031860        1.825459
71.565            0.033145        1.899062
71.580            0.034424        1.972371
71.595            0.035698        2.045358
71.610            0.036966        2.117996
71.625            0.038227        2.190255
71.640            0.039481        2.262109
71.655            0.040728        2.333531
71.670            0.041966        2.404493
71.685            0.043196        2.474969
71.700            0.044417        2.544931
71.715            0.045629        2.614354
71.730            0.046831        2.683212
71.745            0.048022        2.751478
71.760            0.049203        2.819129
71.775            0.050373        2.886138
71.790            0.051531        2.952482
71.805            0.052676        3.018136
71.820            0.053810        3.083078
71.835            0.054930        3.147284
71.850            0.056038        3.210732
71.865            0.057132        3.273401
71.880            0.058211        3.335268
71.895            0.059277        3.396314
71.910            0.060328        3.456518
71.925            0.061363        3.515860
71.940            0.062384        3.574323
71.955            0.063388        3.631887
71.970            0.064377        3.688535
71.985            0.065350        3.744251
72.000            0.066305        3.799018
72.015            0.067244        3.852820
72.030            0.068166        3.905642
72.045            0.069071        3.957471
72.060            0.069958        4.008292
72.075            0.070827        4.058093
72.090            0.071678        4.106861
72.105            0.072511        4.154585
72.120            0.073326        4.201253
72.135            0.074122        4.246856
72.150            0.074899        4.291384
72.165            0.075657        4.334827
72.180            0.076396        4.377177
72.195            0.077116        4.418427
72.210            0.077817        4.458569
72.225            0.078498        4.497595
72.240            0.079159        4.535501
72.255            0.079801        4.572280
72.270            0.080424        4.607928
72.285            0.081026        4.642439
72.300            0.081608        4.675811
72.315            0.082171        4.708038
72.330            0.082713        4.739119
72.345            0.083236        4.769050
72.360            0.083738        4.797830
72.375            0.084220        4.825456
72.390            0.084682        4.851928
72.405            0.085124        4.877244
72.420            0.085546        4.901404
72.435            0.085947        4.924409
72.450            0.086328        4.946257
72.465            0.086690        4.966951
72.480            0.087031        4.986490
72.495            0.087352        5.004876
72.510            0.087652        5.022112
72.525            0.087933        5.038198
72.540            0.088194        5.053138
72.555            0.088435        5.066934
72.570            0.088656        5.079590
72.585            0.088857        5.091107
72.600            0.089038        5.101491
72.615            0.089199        5.110745
72.630            0.089341        5.118874
72.645            0.089464        5.125882
72.660            0.089566        5.131774
72.675            0.089650        5.136556
72.690            0.089714        5.140233
72.705            0.089759        5.142811
72.720            0.089785        5.144296
72.735            0.089792        5.144696
72.750            0.089780        5.144018
72.765            0.089750        5.142268
72.780            0.089700        5.139455
72.795            0.089633        5.135586
72.810            0.089547        5.130671
72.825            0.089443        5.124718
72.840            0.089321        5.117736
72.855            0.089182        5.109736
72.870            0.089024        5.100726
72.885            0.088850        5.090719
72.900            0.088658        5.079725
72.915            0.088449        5.067754
72.930            0.088223        5.054820
72.945            0.087981        5.040933
72.960            0.087722        5.026108
72.975            0.087447        5.010355
72.990            0.087156        4.993690
73.005            0.086850        4.976126
73.020            0.086528        4.957677
73.035            0.086191        4.938357
73.050            0.085838        4.918183
73.065            0.085472        4.897168
73.080            0.085091        4.875329
73.095            0.084695        4.852683
73.110            0.084286        4.829245
73.125            0.083864        4.805032
73.140            0.083428        4.780063
73.155            0.082979        4.754353
73.170            0.082518        4.727921
73.185            0.082044        4.700785
73.200            0.081559        4.672963
73.215            0.081061        4.644474
73.230            0.080553        4.615337
73.245            0.080033        4.585570
73.260            0.079503        4.555193
73.275            0.078963        4.524225
73.290            0.078412        4.492685
73.305            0.077852        4.460593
73.320            0.077283        4.427968
73.335            0.076704        4.394831
73.350            0.076117        4.361200
73.365            0.075522        4.327095
73.380            0.074919        4.292536
73.395            0.074308        4.257543
73.410            0.073690        4.222134
73.425            0.073065        4.186330
73.440            0.072434        4.150149
73.455            0.071796        4.113611
73.470            0.071152        4.076734
73.485            0.070503        4.039537
73.500            0.069849        4.002039
73.515            0.069189        3.964256
73.530            0.068525        3.926209
73.545            0.067857        3.887913
73.560            0.067184        3.849387
73.575            0.066508        3.810646
73.590            0.065829        3.771708
73.605            0.065146        3.732589
73.620            0.064460        3.693305
73.635            0.063772        3.653870
73.650            0.063081        3.614300
73.665            0.062389        3.574609
73.680            0.061694        3.534812
73.695            0.060998        3.494921
73.710            0.060300        3.454950
73.725            0.059601        3.414912
73.740            0.058902        3.374818
73.755            0.058201        3.334681
73.770            0.057500        3.294511
73.785            0.056799        3.254319
73.800            0.056097        3.214114
73.815            0.055395        3.173908
73.830            0.054694        3.133708
73.845            0.053992        3.093523
73.860            0.053291        3.053362
73.875            0.052591        3.013231
73.890            0.051891        2.973138
73.905            0.051192        2.933090
73.920            0.050494        2.893092
73.935            0.049797        2.853149
73.950            0.049101        2.813267
73.965            0.048406        2.773450
73.980            0.047712        2.733703
73.995            0.047020        2.694027
74.010            0.046329        2.654428
74.025            0.045639        2.614906
74.040            0.044950        2.575464
74.055            0.044263        2.536103
74.070            0.043578        2.496825
74.085            0.042894        2.457630
74.100            0.042211        2.418518
74.115            0.041530        2.379489
74.130            0.040850        2.340541
74.145            0.040172        2.301674
74.160            0.039495        2.262886
74.175            0.038819        2.224174
74.190            0.038145        2.185535
74.205            0.037472        2.146968
74.220            0.036800        2.108467
74.235            0.036129        2.070030
74.250            0.035459        2.031651
74.265            0.034790        1.993325
74.280            0.034122        1.955048
74.295            0.033455        1.916814
74.310            0.032788        1.878616
74.325            0.032122        1.840448
74.340            0.031456        1.802302
74.355            0.030791        1.764172
74.370            0.030125        1.726050
74.385            0.029460        1.687927
74.400            0.028794        1.649795
74.415            0.028129        1.611644
74.430            0.027462        1.573466
74.445            0.026795        1.535251
74.460            0.026127        1.496988
74.475            0.025459        1.458667
74.490            0.024789        1.420277
74.505            0.024117        1.381808
74.520            0.023444        1.343247
74.535            0.022769        1.304583
74.550            0.022092        1.265804
74.565            0.021413        1.226898
74.580            0.020732        1.187851
74.595            0.020048        1.148652
74.610            0.019361        1.109288
74.625            0.018671        1.069744
74.640            0.017977        1.030008
74.655            0.017280        0.990066
74.670            0.016579        0.949905
74.685            0.015874        0.909510
74.700            0.015165        0.868868
74.715            0.014451        0.827965
74.730            0.013732        0.786786
74.745            0.013008        0.745319
74.760            0.012279        0.703549
74.775            0.011545        0.661462
74.790            0.010804        0.619044
74.805            0.010058        0.576282
74.820            0.009305        0.533163
74.835            0.008546        0.489672
74.850            0.007781        0.445796
74.865            0.007008        0.401524
74.880            0.006228        0.356842
74.895            0.005441        0.311737
74.910            0.004646        0.266198
74.925            0.003843        0.220214
74.940            0.003033        0.173772
74.955            0.002214        0.126862
74.970            0.001387        0.079474
74.985            0.000551        0.031598
75.000           -0.000293       -0.016775
75.015           -0.001146       -0.065656
75.030           -0.002008       -0.115050
75.045           -0.002879       -0.164968
75.060           -0.003760       -0.215415
75.075           -0.004650       -0.266398
75.090           -0.005549       -0.317922
75.105           -0.006458       -0.369994
75.120           -0.007376       -0.422617
75.135           -0.008304       -0.475796
75.150           -0.009242       -0.529533
75.165           -0.010190       -0.583830
75.180           -0.011147       -0.638690
75.195           -0.012115       -0.694113
75.210           -0.013092       -0.750099
75.225           -0.014079       -0.806647
75.240           -0.015075       -0.863756
75.255           -0.016082       -0.921425
75.270           -0.017098       -0.979649
75.285           -0.018124       -1.038425
75.300           -0.019159       -1.097748
75.315           -0.020204       -1.157614
75.330           -0.021258       -1.218016
75.345           -0.022322       -1.278947
75.360           -0.023394       -1.340401
75.375           -0.024476       -1.402368
75.390           -0.025566       -1.464839
75.405           -0.026665       -1.527806
75.420           -0.027773       -1.591258
75.435           -0.028888       -1.655184
75.450           -0.030012       -1.719572
75.465           -0.031144       -1.784410
75.480           -0.032283       -1.849685
75.495           -0.033430       -1.915384
75.510           -0.034584       -1.981492
75.525           -0.035744       -2.047996
75.540           -0.036912       -2.114880
75.555           -0.038085       -2.182128
75.570           -0.039265       -2.249725
75.585           -0.040451       -2.317653
75.600           -0.041642       -2.385897
75.615           -0.042838       -2.454438
75.630           -0.044039       -2.523260
75.645           -0.045245       -2.592343
75.660           -0.046455       -2.661670
75.675           -0.047669       -2.731222
75.690           -0.048886       -2.800979
75.705           -0.050107       -2.870924
75.720           -0.051331       -2.941035
75.735           -0.052557       -3.011294
75.750           -0.053785       -3.081680
75.765           -0.055016       -3.152174
75.780           -0.056248       -3.222756
75.795           -0.057481       -3.293404
75.810           -0.058715       -3.364098
75.825           -0.059949       -3.434818
75.840           -0.061183       -3.505544
75.855           -0.062417       -3.576254
75.870           -0.063651       -3.646927
75.885           -0.064883       -3.717543
75.900           -0.066114       -3.788081
75.915           -0.067344       -3.858521
75.930           -0.068571       -3.928840
75.945           -0.069796       -3.999019
75.960           -0.071018       -4.069036
75.975           -0.072237       -4.138872
75.990           -0.073452       -4.208504
76.005           -0.074664       -4.277912
76.020           -0.075871       -4.347077
76.035           -0.077073       -4.415976
76.050           -0.078271       -4.484590
76.065           -0.079463       -4.552898
76.080           -0.080650       -4.620880
76.095           -0.081830       -4.688516
76.110           -0.083004       -4.755786
76.125           -0.084171       -4.822669
76.140           -0.085332       -4.889146
76.155           -0.086484       -4.955197
76.170           -0.087630       -5.020801
76.185           -0.088766       -5.085941
76.200           -0.089895       -5.150596
76.215           -0.091014       -5.214746
76.230           -0.092125       -5.278373
76.245           -0.093226       -5.341458
76.260           -0.094317       -5.403982
76.275           -0.095398       -5.465925
76.290           -0.096469       -5.527271
76.305           -0.097529       -5.587998
76.320           -0.098578       -5.648091
76.335           -0.099615       -5.707530
76.350           -0.100641       -5.766298
76.365           -0.101655       -5.824376
76.380           -0.102656       -5.881748
76.395           -0.103645       -5.938395
76.410           -0.104620       -5.994300
76.425           -0.105583       -6.049447
76.440           -0.106532       -6.103818
76.455           -0.107467       -6.157397
76.470           -0.108388       -6.210167
76.485           -0.109294       -6.262112
76.500           -0.110186       -6.313217
76.515           -0.111063       -6.363464
76.530           -0.111925       -6.412839
76.545           -0.112771       -6.461326
76.560           -0.113602       -6.508911
76.575           -0.114416       -6.555578
76.590           -0.115215       -6.601314
76.605           -0.115996       -6.646102
76.620           -0.116761       -6.689931
76.635           -0.117509       -6.732786
76.650           -0.118240       -6.774653
76.665           -0.118953       -6.815520
76.680           -0.119649       -6.855373
76.695           -0.120327       -6.894201
76.710           -0.120986       -6.931991
76.725           -0.121627       -6.968732
76.740           -0.122250       -7.004412
76.755           -0.122854       -7.039020
76.770           -0.123439       -7.072545
76.785           -0.124005       -7.104978
76.800           -0.124552       -7.136307
76.815           -0.125079       -7.166524
76.830           -0.125587       -7.195620
76.845           -0.126075       -7.223585
76.860           -0.126544       -7.250411
76.875           -0.126992       -7.276091
76.890           -0.127420       -7.300617
76.905           -0.127828       -7.323981
76.920           -0.128215       -7.346178
76.935           -0.128582       -7.367201
76.950           -0.128928       -7.387043
76.965           -0.129254       -7.405701
76.980           -0.129559       -7.423169
76.995           -0.129843       -7.439442
77.010           -0.130106       -7.454517
77.025           -0.130348       -7.468390
77.040           -0.130569       -7.481058
77.055           -0.130769       -7.492519
77.070           -0.130948       -7.502771
77.085           -0.131106       -7.511811
77.100           -0.131242       -7.519639
77.115           -0.131358       -7.526254
77.130           -0.131452       -7.531657
77.145           -0.131525       -7.535846
77.160           -0.131577       -7.538824
77.175           -0.131608       -7.540591
77.190           -0.131618       -7.541148
77.205           -0.131607       -7.540499
77.220           -0.131574       -7.538646
77.235           -0.131521       -7.535591
77.250           -0.131447       -7.531338
77.265           -0.131352       -7.525892
77.280           -0.131236       -7.519256
77.295           -0.131099       -7.511435
77.310           -0.130942       -7.502435
77.325           -0.130765       -7.492262
77.340           -0.130567       -7.480921
77.355           -0.130348       -7.468418
77.370           -0.130110       -7.454761
77.385           -0.129852       -7.439956
77.400           -0.129573       -7.424012
77.415           -0.129275       -7.406936
77.430           -0.128958       -7.388735
77.445           -0.128621       -7.369420
77.460           -0.128264       -7.348998
77.475           -0.127889       -7.327478
77.490           -0.127494       -7.304870
77.505           -0.127081       -7.281183
77.520           -0.126649       -7.256428
77.535           -0.126198       -7.230613
77.550           -0.125729       -7.203749
77.565           -0.125242       -7.175846
77.580           -0.124737       -7.146915
77.595           -0.124214       -7.116966
77.610           -0.123674       -7.086009
77.625           -0.123116       -7.054055
77.640           -0.122542       -7.021115
77.655           -0.121950       -6.987200
77.670           -0.121341       -6.952319
77.685           -0.120715       -6.916484
77.700           -0.120074       -6.879705
77.715           -0.119415       -6.841992
77.730           -0.118741       -6.803356
77.745           -0.118051       -6.763807
77.760           -0.117345       -6.723354
77.775           -0.116623       -6.682008
77.790           -0.115886       -6.639778
77.805           -0.115134       -6.596672
77.820           -0.114366       -6.552701
77.835           -0.113584       -6.507873
77.850           -0.112787       -6.462196
77.865           -0.111975       -6.415678
77.880           -0.111148       -6.368326
77.895           -0.110307       -6.320149
77.910           -0.109452       -6.271153
77.925           -0.108583       -6.221344
77.940           -0.107700       -6.170729
77.955           -0.106802       -6.119313
77.970           -0.105891       -6.067101
77.985           -0.104966       -6.014097
78.000           -0.104027       -5.960307
78.015           -0.103074       -5.905733
78.030           -0.102108       -5.850380
78.045           -0.101129       -5.794248
78.060           -0.100136       -5.737342
78.075           -0.099129       -5.679662
78.090           -0.098109       -5.621210
78.105           -0.097075       -5.561986
78.120           -0.096028       -5.501991
78.135           -0.094967       -5.441225
78.150           -0.093893       -5.379686
78.165           -0.092806       -5.317374
78.180           -0.091705       -5.254287
78.195           -0.090590       -5.190423
78.210           -0.089462       -5.125780
78.225           -0.088320       -5.060354
78.240           -0.087164       -4.994144
78.255           -0.085995       -4.927145
78.270           -0.084812       -4.859353
78.285           -0.083615       -4.790765
78.300           -0.082404       -4.721377
78.315           -0.081178       -4.651184
78.330           -0.079939       -4.580181
78.345           -0.078686       -4.508363
78.360           -0.077418       -4.435727
78.375           -0.076136       -4.362266
78.390           -0.074839       -4.287976
78.405           -0.073528       -4.212853
78.420           -0.072202       -4.136891
78.435           -0.070862       -4.060086
78.450           -0.069507       -3.982432
78.465           -0.068136       -3.903927
78.480           -0.066751       -3.824565
78.495           -0.065351       -3.744344
78.510           -0.063936       -3.663258
78.525           -0.062506       -3.581307
78.540           -0.061060       -3.498486
78.555           -0.059599       -3.414793
78.570           -0.058123       -3.330228
78.585           -0.056632       -3.244788
78.600           -0.055126       -3.158474
78.615           -0.053604       -3.071285
78.630           -0.052067       -2.983222
78.645           -0.050515       -2.894288
78.660           -0.048947       -2.804483
78.675           -0.047365       -2.713811
78.690           -0.045767       -2.622276
78.705           -0.044155       -2.529883
78.720           -0.042527       -2.436638
78.735           -0.040885       -2.342546
78.750           -0.039228       -2.247615
78.765           -0.037557       -2.151855
78.780           -0.035871       -2.055273
78.795           -0.034171       -1.957882
78.810           -0.032458       -1.859691
78.825           -0.030730       -1.760714
78.840           -0.028989       -1.660964
78.855           -0.027235       -1.560456
78.870           -0.025468       -1.459205
78.885           -0.023688       -1.357228
78.900           -0.021896       -1.254542
78.915           -0.020092       -1.151167
78.930           -0.018276       -1.047123
78.945           -0.016448       -0.942429
78.960           -0.014610       -0.837109
78.975           -0.012762       -0.731185
78.990           -0.010903       -0.624682
79.005           -0.009034       -0.517623
79.020           -0.007156       -0.410036
79.035           -0.005270       -0.301946
79.050           -0.003375       -0.193383
79.065           -0.001473       -0.084373
79.080            0.000437        0.025052
79.095            0.002354        0.134862
79.110            0.004277        0.245027
79.125            0.006205        0.355513
79.140            0.008138        0.466289
79.155            0.010076        0.577321
79.170            0.012018        0.688575
79.185            0.013963        0.800016
79.200            0.015911        0.911608
79.215            0.017860        1.023317
79.230            0.019811        1.135105
79.245            0.021763        1.246935
79.260            0.023715        1.358771
79.275            0.025666        1.470575
79.290            0.027616        1.582308
79.305            0.029565        1.693934
79.320            0.031510        1.805413
79.335            0.033453        1.916707
79.350            0.035391        2.027776
79.365            0.037325        2.138584
79.380            0.039254        2.249089
79.395            0.041177        2.359255
79.410            0.043093        2.469041
79.425            0.045002        2.578410
79.440            0.046903        2.687322
79.455            0.048795        2.795740
79.470            0.050678        2.903626
79.485            0.052551        3.010941
79.500            0.054413        3.117647
79.515            0.056264        3.223709
79.530            0.058104        3.329089
79.545            0.059930        3.433750
79.560            0.061744        3.537656
79.575            0.063543        3.640773
79.590            0.065329        3.743065
79.605            0.067099        3.844498
79.620            0.068854        3.945037
79.635            0.070592        4.044651
79.650            0.072314        4.143305
79.665            0.074019        4.240969
79.680            0.075706        4.337610
79.695            0.077374        4.433199
79.710            0.079023        4.527706
79.725            0.080653        4.621100
79.740            0.082264        4.713354
79.755            0.083853        4.804441
79.770            0.085422        4.894333
79.785            0.086970        4.983004
79.800            0.088496        5.070429
79.815            0.089999        5.156583
79.830            0.091480        5.241443
79.845            0.092939        5.324986
79.860            0.094373        5.407190
79.875            0.095784        5.488033
79.890            0.097171        5.567495
79.905            0.098534        5.645556
79.920            0.099871        5.722197
79.935            0.101184        5.797401
79.950            0.102471        5.871151
79.965            0.103732        5.943428
79.980            0.104968        6.014219
79.995            0.106177        6.083508
80.010            0.107360        6.151281
80.025            0.108516        6.217524
80.040            0.109646        6.282226
80.055            0.110748        6.345373
80.070            0.111822        6.406956
80.085            0.112870        6.466963
80.100            0.113889        6.525386
80.115            0.114881        6.582214
80.130            0.115845        6.637439
80.145            0.116781        6.691055
80.160            0.117688        6.743053
80.175            0.118568        6.793428
80.190            0.119418        6.842174
80.205            0.120241        6.889285
80.220            0.121034        6.934757
80.235            0.121799        6.978587
80.250            0.122536        7.020770
80.265            0.123243        7.061304
80.280            0.123922        7.100187
80.295            0.124571        7.137417
80.310            0.125192        7.172993
80.325            0.125784        7.206914
80.340            0.126348        7.239180
80.355            0.126882        7.269791
80.370            0.127387        7.298748
80.385            0.127864        7.326053
80.400            0.128311        7.351706
80.415            0.128730        7.375711
80.430            0.129121        7.398069
80.445            0.129482        7.418785
80.460            0.129815        7.437861
80.475            0.130120        7.455301
80.490            0.130395        7.471110
80.505            0.130643        7.485293
80.520            0.130862        7.497854
80.535            0.131053        7.508800
80.550            0.131216        7.518136
80.565            0.131351        7.525869
80.580            0.131458        7.532005
80.595            0.131538        7.536553
80.610            0.131589        7.539519
80.625            0.131614        7.540911
80.640            0.131611        7.540739
80.655            0.131581        7.539010
80.670            0.131523        7.535735
80.685            0.131439        7.530923
80.700            0.131329        7.524583
80.715            0.131192        7.516728
80.730            0.131028        7.507367
80.745            0.130839        7.496511
80.760            0.130623        7.484174
80.775            0.130382        7.470367
80.790            0.130116        7.455102
80.805            0.129824        7.438394
80.820            0.129508        7.420255
80.835            0.129167        7.400699
80.850            0.128801        7.379741
80.865            0.128411        7.357397
80.880            0.127997        7.333681
80.895            0.127559        7.308609
80.910            0.127098        7.282197
80.925            0.126614        7.254464
80.940            0.126107        7.225425
80.955            0.125578        7.195099
80.970            0.125027        7.163504
80.985            0.124453        7.130658
81.000            0.123859        7.096582
81.015            0.123243        7.061294
81.030            0.122606        7.024815
81.045            0.121949        6.987166
81.060            0.121272        6.948368
81.075            0.120575        6.908442
81.090            0.119859        6.867411
81.105            0.119124        6.825298
81.120            0.118370        6.782126
81.135            0.117599        6.737918
81.150            0.116810        6.692698
81.165            0.116003        6.646492
81.180            0.115180        6.599324
81.195            0.114340        6.551219
81.210            0.113485        6.502205
81.225            0.112614        6.452306
81.240            0.111728        6.401551
81.255            0.110828        6.349966
81.270            0.109913        6.297580
81.285            0.108986        6.244419
81.300            0.108045        6.190514
81.315            0.107092        6.135893
81.330            0.106126        6.080585
81.345            0.105149        6.024620
81.360            0.104162        5.968029
81.375            0.103164        5.910841
81.390            0.102156        5.853088
81.405            0.101138        5.794801
81.420            0.100112        5.736011
81.435            0.099078        5.676750
81.450            0.098036        5.617050
81.465            0.096987        5.556943
81.480            0.095931        5.496463
81.495            0.094870        5.435641
81.510            0.093803        5.374511
81.525            0.092731        5.313106
81.540            0.091655        5.251460
81.555            0.090576        5.189606
81.570            0.089493        5.127578
81.585            0.088408        5.065411
81.600            0.087321        5.003137
81.615            0.086233        4.940791
81.630            0.085144        4.878408
81.645            0.084055        4.816021
81.660            0.082967        4.753666
81.675            0.081880        4.691375
81.690            0.080795        4.629185
81.705            0.079711        4.567129
81.720            0.078631        4.505241
81.735            0.077555        4.443555
81.750            0.076482        4.382106
81.765            0.075414        4.320928
81.780            0.074352        4.260055
81.795            0.073295        4.199520
81.810            0.072245        4.139357
81.825            0.071202        4.079599
81.840            0.070167        4.020280
81.855            0.069140        3.961431
81.870            0.068122        3.903087
81.885            0.067113        3.845278
81.900            0.066114        3.788037
81.915            0.065125        3.731396
81.930            0.064148        3.675385
81.945            0.063182        3.620035
81.960            0.062228        3.565376
81.975            0.061286        3.511439
81.990            0.060358        3.458253
82.005            0.059443        3.405845
82.020            0.058543        3.354245
82.035            0.057657        3.303479
82.050            0.056786        3.253575
82.065            0.055930        3.204558
82.080            0.055091        3.156455
82.095            0.054267        3.109290
82.110            0.053461        3.063087
82.125            0.052672        3.017869
82.140            0.051900        2.973658
82.155            0.051146        2.930477
82.170            0.050411        2.888345
82.185            0.049694        2.847282
82.200            0.048997        2.807308
82.215            0.048318        2.768438
82.230            0.047660        2.730692
82.245            0.047021        2.694083
82.260            0.046402        2.658627
82.275            0.045803        2.624336
82.290            0.045225        2.591224
82.305            0.044668        2.559302
82.320            0.044132        2.528579
82.335            0.043617        2.499065
82.350            0.043123        2.470766
82.365            0.042650        2.443689
82.380            0.042199        2.417839
82.395            0.041770        2.393220
82.410            0.041361        2.369835
82.425            0.040975        2.347684
82.440            0.040610        2.326766
82.455            0.040266        2.307081
82.470            0.039944        2.288626
82.485            0.039643        2.271396
82.500            0.039364        2.255385
82.515            0.039106        2.240586
82.530            0.038868        2.226992
82.545            0.038652        2.214591
82.560            0.038456        2.203373
82.575            0.038281        2.193325
82.590            0.038126        2.184433
82.605            0.037990        2.176681
82.620            0.037875        2.170054
82.635            0.037778        2.164533
82.650            0.037701        2.160099
82.665            0.037642        2.156731
82.680            0.037601        2.154407
82.695            0.037579        2.153104
82.710            0.037573        2.152797
82.725            0.037585        2.153462
82.740            0.037613        2.155071
82.755            0.037657        2.157597
82.770            0.037717        2.161010
82.785            0.037791        2.165281
82.800            0.037880        2.170378
82.815            0.037983        2.176270
82.830            0.038099        2.182924
82.845            0.038228        2.190305
82.860            0.038369        2.198379
82.875            0.038521        2.207110
82.890            0.038685        2.216463
82.905            0.038858        2.226400
82.920            0.039041        2.236884
82.935            0.039233        2.247876
82.950            0.039433        2.259337
82.965            0.039640        2.271230
82.980            0.039855        2.283512
82.995            0.040075        2.296145
83.010            0.040301        2.309089
83.025            0.040532        2.322301
83.040            0.040766        2.335742
83.055            0.041004        2.349370
83.070            0.041245        2.363144
83.085            0.041487        2.377022
83.100            0.041730        2.390964
83.115            0.041974        2.404928
83.130            0.042217        2.418871
83.145            0.042460        2.432755
83.160            0.042700        2.446537
83.175            0.042938        2.460176
83.190            0.043173        2.473632
83.205            0.043404        2.486866
83.220            0.043630        2.499836
83.235            0.043851        2.512504
83.250            0.044067        2.524831
83.265            0.044275        2.536778
83.280            0.044476        2.548307
83.295            0.044670        2.559380
83.310            0.044854        2.569961
83.325            0.045030        2.580013
83.340            0.045195        2.589501
83.355            0.045350        2.598389
83.370            0.045494        2.606642
83.385            0.045627        2.614228
83.400            0.045747        2.621113
83.415            0.045854        2.627264
83.430            0.045948        2.632651
83.445            0.046029        2.637242
83.460            0.046094        2.641006
83.475            0.046145        2.643916
83.490            0.046180        2.645942
83.505            0.046200        2.647056
83.520            0.046203        2.647232
83.535            0.046189        2.646442
83.550            0.046158        2.644663
83.565            0.046109        2.641868
83.580            0.046042        2.638034
83.595            0.045957        2.633138
83.610            0.045853        2.627157
83.625            0.045729        2.620069
83.640            0.045585        2.611855
83.655            0.045422        2.602493
83.670            0.045238        2.591963
83.685            0.045034        2.580248
83.700            0.044808        2.567329
83.715            0.044562        2.553189
83.730            0.044293        2.537810
83.745            0.044003        2.521177
83.760            0.043690        2.503274
83.775            0.043355        2.484087
83.790            0.042998        2.463600
83.805            0.042617        2.441802
83.820            0.042214        2.418677
83.835            0.041787        2.394214
83.850            0.041336        2.368402
83.865            0.040862        2.341227
83.880            0.040364        2.312680
83.895            0.039842        2.282751
83.910            0.039295        2.251429
83.925            0.038724        2.218704
83.940            0.038128        2.184569
83.955            0.037507        2.149014
83.970            0.036862        2.112032
83.985            0.036191        2.073615
84.000            0.035496        2.033756
84.015            0.034775        1.992449
84.030            0.034028        1.949686
84.045            0.033257        1.905464
84.060            0.032459        1.859775
84.075            0.031636        1.812616
84.090            0.030787        1.763981
84.105            0.029913        1.713868
84.120            0.029012        1.662271
84.135            0.028086        1.609189
84.150            0.027133        1.554618
84.165            0.026155        1.498557
84.180            0.025150        1.441002
84.195            0.024120        1.381953
84.210            0.023063        1.321410
84.225            0.021980        1.259371
84.240            0.020871        1.195836
84.255            0.019736        1.130807
84.270            0.018575        1.064284
84.285            0.017388        0.996268
84.300            0.016175        0.926763
84.315            0.014936        0.855769
84.330            0.013671        0.783291
84.345            0.012380        0.709332
84.360            0.011064        0.633896
84.375            0.009721        0.556988
84.390            0.008353        0.478614
84.405            0.006960        0.398780
84.420            0.005541        0.317491
84.435            0.004097        0.234757
84.450            0.002628        0.150584
84.465            0.001134        0.064981
84.480           -0.000385       -0.022042
84.495           -0.001928       -0.110476
84.510           -0.003496       -0.200310
84.525           -0.005088       -0.291531
84.540           -0.006704       -0.384129
84.555           -0.008344       -0.478090
84.570           -0.010008       -0.573400
84.585           -0.011694       -0.670044
84.600           -0.013404       -0.768009
84.615           -0.015137       -0.867276
84.630           -0.016892       -0.967830
84.645           -0.018669       -1.069652
84.660           -0.020468       -1.172724
84.675           -0.022288       -1.277027
84.690           -0.024130       -1.382540
84.705           -0.025992       -1.489241
84.720           -0.027875       -1.597110
84.735           -0.029777       -1.706122
84.750           -0.031700       -1.816254
84.765           -0.033641       -1.927481
84.780           -0.035601       -2.039778
84.795           -0.037579       -2.153117
84.810           -0.039575       -2.267472
84.825           -0.041588       -2.382814
84.840           -0.043618       -2.499114
84.855           -0.045664       -2.616342
84.870           -0.047725       -2.734466
84.885           -0.049802       -2.853455
84.900           -0.051893       -2.973275
84.915           -0.053999       -3.093893
84.930           -0.056117       -3.215274
84.945           -0.058248       -3.337383
84.960           -0.060392       -3.460183
84.975           -0.062546       -3.583637
84.990           -0.064712       -3.707706
85.005           -0.066887       -3.832353
85.020           -0.069072       -3.957536
85.035           -0.071266       -4.083216
85.050           -0.073467       -4.209350
85.065           -0.075676       -4.335897
85.080           -0.077891       -4.462814
85.095           -0.080112       -4.590057
85.110           -0.082337       -4.717582
85.125           -0.084567       -4.845343
85.140           -0.086800       -4.973295
85.155           -0.089036       -5.101391
85.170           -0.091273       -5.229583
85.185           -0.093512       -5.357825
85.200           -0.095750       -5.486068
85.215           -0.097987       -5.614264
85.230           -0.100223       -5.742361
85.245           -0.102456       -5.870312
85.260           -0.104686       -5.998065
85.275           -0.106911       -6.125570
85.290           -0.109132       -6.252775
85.305           -0.111346       -6.379629
85.320           -0.113553       -6.506080
85.335           -0.115752       -6.632076
85.350           -0.117942       -6.757565
85.365           -0.120122       -6.882493
85.380           -0.122292       -7.006808
85.395           -0.124450       -7.130456
85.410           -0.126595       -7.253386
85.425           -0.128728       -7.375543
85.440           -0.130845       -7.496874
85.455           -0.132947       -7.617326
85.470           -0.135033       -7.736846
85.485           -0.137102       -7.855381
85.500           -0.139153       -7.972877
85.515           -0.141185       -8.089283
85.530           -0.143196       -8.204545
85.545           -0.145187       -8.318611
85.560           -0.147156       -8.431429
85.575           -0.149103       -8.542948
85.590           -0.151025       -8.653115
85.605           -0.152924       -8.761881
85.620           -0.154797       -8.869195
85.635           -0.156643       -8.975006
85.650           -0.158463       -9.079266
85.665           -0.160255       -9.181925
85.680           -0.162018       -9.282936
85.695           -0.163751       -9.382250
85.710           -0.165454       -9.479822
85.725           -0.167126       -9.575604
85.740           -0.168766       -9.669552
85.755           -0.170372       -9.761620
85.770           -0.171946       -9.851766
85.785           -0.173485       -9.939946
85.800           -0.174989      -10.026118
85.815           -0.176457      -10.110242
85.830           -0.177889      -10.192276
85.845           -0.179283      -10.272183
85.860           -0.180640      -10.349924
85.875           -0.181959      -10.425462
85.890           -0.183238      -10.498760
85.905           -0.184478      -10.569785
85.920           -0.185677      -10.638502
85.935           -0.186835      -10.704879
85.950           -0.187952      -10.768885
85.965           -0.189028      -10.830488
85.980           -0.190060      -10.889660
85.995           -0.191050      -10.946373
86.010           -0.191997      -11.000601
86.025           -0.192899      -11.052317
86.040           -0.193758      -11.101499
86.055           -0.194571      -11.148122
86.070           -0.195340      -11.192165
86.085           -0.196063      -11.233608
86.100           -0.196741      -11.272432
86.115           -0.197373      -11.308619
86.130           -0.197958      -11.342152
86.145           -0.198497      -11.373016
86.160           -0.198988      -11.401198
86.175           -0.199433      -11.426684
86.190           -0.199831      -11.449464
86.205           -0.200181      -11.469527
86.220           -0.200484      -11.486864
86.235           -0.200738      -11.501469
86.250           -0.200946      -11.513334
86.265           -0.201105      -11.522456
86.280           -0.201216      -11.528830
86.295           -0.201279      -11.532453
86.310           -0.201295      -11.533326
86.325           -0.201262      -11.531448
86.340           -0.201181      -11.526820
86.355           -0.201052      -11.519445
86.370           -0.200876      -11.509327
86.385           -0.200651      -11.496470
86.400           -0.200379      -11.480882
86.415           -0.200060      -11.462568
86.430           -0.199693      -11.441538
86.445           -0.199278      -11.417801
86.460           -0.198817      -11.391368
86.475           -0.198309      -11.362251
86.490           -0.197754      -11.330462
86.505           -0.197153      -11.296016
86.520           -0.196505      -11.258928
86.535           -0.195812      -11.219214
86.550           -0.195074      -11.176890
86.565           -0.194290      -11.131975
86.580           -0.193461      -11.084488
86.595           -0.192587      -11.034450
86.610           -0.191670      -10.981880
86.625           -0.190709      -10.926801
86.640           -0.189704      -10.869235
86.655           -0.188656      -10.809207
86.670           -0.187566      -10.746740
86.685           -0.186434      -10.681861
86.700           -0.185260      -10.614594
86.715           -0.184044      -10.544968
86.730           -0.182789      -10.473010
86.745           -0.181492      -10.398748
86.760           -0.180157      -10.322211
86.775           -0.178782      -10.243430
86.790           -0.177368      -10.162435
86.805           -0.175916      -10.079257
86.820           -0.174427       -9.993928
86.835           -0.172901       -9.906481
86.850           -0.171338       -9.816949
86.865           -0.169740       -9.725364
86.880           -0.168106       -9.631763
86.895           -0.166438       -9.536178
86.910           -0.164735       -9.438646
86.925           -0.163000       -9.339202
86.940           -0.161231       -9.237883
86.955           -0.159431       -9.134724
86.970           -0.157599       -9.029763
86.985           -0.155736       -8.923038
87.000           -0.153844       -8.814585
87.015           -0.151921       -8.704444
87.030           -0.149970       -8.592652
87.045           -0.147991       -8.479248
87.060           -0.145984       -8.364271
87.075           -0.143951       -8.247761
87.090           -0.141891       -8.129756
87.105           -0.139806       -8.010296
87.120           -0.137696       -7.889422
87.135           -0.135563       -7.767172
87.150           -0.133406       -7.643588
87.165           -0.131226       -7.518708
87.180           -0.129025       -7.392574
87.195           -0.126802       -7.265226
87.210           -0.124559       -7.136705
87.225           -0.122296       -7.007049
87.240           -0.120014       -6.876301
87.255           -0.117714       -6.744500
87.270           -0.115396       -6.611686
87.285           -0.113061       -6.477901
87.300           -0.110709       -6.343183
87.315           -0.108343       -6.207573
87.330           -0.105961       -6.071111
87.345           -0.103565       -5.933837
87.360           -0.101156       -5.795791
87.375           -0.098733       -5.657011
87.390           -0.096299       -5.517537
87.405           -0.093853       -5.377409
87.420           -0.091397       -5.236664
87.435           -0.088930       -5.095342
87.450           -0.086455       -4.953480
87.465           -0.083970       -4.811118
87.480           -0.081477       -4.668292
87.495           -0.078977       -4.525039
87.510           -0.076470       -4.381398
87.525           -0.073957       -4.237404
87.540           -0.071438       -4.093095
87.555           -0.068914       -3.948505
87.570           -0.066387       -3.803671
87.585           -0.063855       -3.658629
87.600           -0.061321       -3.513412
87.615           -0.058784       -3.368055
87.630           -0.056245       -3.222593
87.645           -0.053705       -3.077059
87.660           -0.051164       -2.931486
87.675           -0.048623       -2.785907
87.690           -0.046083       -2.640354
87.705           -0.043544       -2.494859
87.720           -0.041006       -2.349453
87.735           -0.038470       -2.204168
87.750           -0.035937       -2.059033
87.765           -0.033407       -1.914079
87.780           -0.030881       -1.769335
87.795           -0.028359       -1.624829
87.810           -0.025841       -1.480591
87.825           -0.023329       -1.336648
87.840           -0.020822       -1.193028
87.855           -0.018322       -1.049758
87.870           -0.015828       -0.906863
87.885           -0.013341       -0.764371
87.900           -0.010861       -0.622306
87.915           -0.008390       -0.480694
87.930           -0.005926       -0.339558
87.945           -0.003472       -0.198924
87.960           -0.001026       -0.058813
87.975            0.001409        0.080751
87.990            0.003835        0.219745
88.005            0.006251        0.358147
88.020            0.008656        0.495937
88.035            0.011050        0.633093
88.050            0.013432        0.769595
88.065            0.015803        0.905423
88.080            0.018161        1.040556
88.095            0.020507        1.174978
88.110            0.022841        1.308667
88.125            0.025161        1.441608
88.140            0.027468        1.573781
88.155            0.029761        1.705170
88.170            0.032040        1.835758
88.185            0.034305        1.965528
88.200            0.036555        2.094465
88.215            0.038791        2.222553
88.230            0.041011        2.349777
88.245            0.043216        2.476122
88.260            0.045406        2.601575
88.275            0.047580        2.726120
88.290            0.049737        2.849745
88.305            0.051879        2.972436
88.320            0.054004        3.094180
88.335            0.056112        3.214965
88.350            0.058203        3.334779
88.365            0.060277        3.453610
88.380            0.062333        3.571445
88.395            0.064373        3.688275
88.410            0.066394        3.804087
88.425            0.068397        3.918871
88.440            0.070382        4.032617
88.455            0.072349        4.145315
88.470            0.074298        4.256954
88.485            0.076228        4.367525
88.500            0.078139        4.477018
88.515            0.080031        4.585424
88.530            0.081904        4.692734
88.545            0.083757        4.798939
88.560            0.085591        4.904029
88.575            0.087406        5.007998
88.590            0.089201        5.110835
88.605            0.090976        5.212534
88.620            0.092731        5.313085
88.635            0.094466        5.412481
88.650            0.096180        5.510714
88.665            0.097874        5.607775
88.680            0.099548        5.703658
88.695            0.101200        5.798355
88.710            0.102832        5.891857
88.725            0.104443        5.984158
88.740            0.106033        6.075251
88.755            0.107602        6.165127
88.770            0.109149        6.253780
88.785            0.110675        6.341203
88.800            0.112179        6.427387
88.815            0.113662        6.512327
88.830            0.115122        6.596014
88.845            0.116561        6.678442
88.860            0.117977        6.759604
88.875            0.119372        6.839492
88.890            0.120744        6.918099
88.905            0.122093        6.995419
88.920            0.123420        7.071444
88.935            0.124724        7.146168
88.950            0.126005        7.219582
88.965            0.127264        7.291681
88.980            0.128499        7.362457
88.995            0.129711        7.431902
89.010            0.130900        7.500011
89.025            0.132065        7.566775
89.040            0.133207        7.632188
89.055            0.134325        7.696243
89.070            0.135419        7.758933
89.085            0.136489        7.820250
89.100            0.137535        7.880188
89.115            0.138557        7.938739
89.130            0.139555        7.995897
89.145            0.140528        8.051654
89.160            0.141476        8.106005
89.175            0.142400        8.158940
89.190            0.143299        8.210455
89.205            0.144174        8.260541
89.220            0.145023        8.309193
89.235            0.145847        8.356403
89.250            0.146645        8.402164
89.265            0.147419        8.446471
89.280            0.148167        8.489315
89.295            0.148889        8.530692
89.310            0.149585        8.570594
89.325            0.150256        8.609014
89.340            0.150900        8.645948
89.355            0.151519        8.681388
89.370            0.152111        8.715328
89.385            0.152677        8.747763
89.400            0.153217        8.778686
89.415            0.153730        8.808092
89.430            0.154217        8.835976
89.445            0.154677        8.862331
89.460            0.155110        8.887153
89.475            0.155516        8.910436
89.490            0.155896        8.932175
89.505            0.156248        8.952366
89.520            0.156574        8.971004
89.535            0.156872        8.988085
89.550            0.157143        9.003603
89.565            0.157386        9.017556
89.580            0.157602        9.029939
89.595            0.157791        9.040749
89.610            0.157952        9.049982
89.625            0.158086        9.057635
89.640            0.158191        9.063705
89.655            0.158270        9.068190
89.670            0.158320        9.071087
89.685            0.158343        9.072394
89.700            0.158338        9.072109
89.715            0.158305        9.070231
89.730            0.158245        9.066758
89.745            0.158156        9.061689
89.760            0.158040        9.055024
89.775            0.157896        9.046762
89.790            0.157724        9.036903
89.805            0.157524        9.025448
89.820            0.157296        9.012396
89.835            0.157040        8.997750
89.850            0.156757        8.981510
89.865            0.156446        8.963678
89.880            0.156107        8.944256
89.895            0.155740        8.923246
89.910            0.155346        8.900651
89.925            0.154924        8.876475
89.940            0.154474        8.850720
89.955            0.153997        8.823391
89.970            0.153493        8.794492
89.985            0.152961        8.764028
90.000            0.152402        8.732004
90.015            0.151816        8.698425
90.030            0.151203        8.663298
90.045            0.150563        8.626628
90.060            0.149896        8.588422
90.075            0.149203        8.548688
90.090            0.148483        8.507434
90.105            0.147736        8.464667
90.120            0.146964        8.420395
90.135            0.146165        8.374628
90.150            0.145340        8.327374
90.165            0.144490        8.278645
90.180            0.143614        8.228448
90.195            0.142712        8.176796
90.210            0.141785        8.123699
90.225            0.140834        8.069168
90.240            0.139857        8.013215
90.255            0.138856        7.955852
90.270            0.137830        7.897092
90.285            0.136781        7.836948
90.300            0.135707        7.775432
90.315            0.134610        7.712558
90.330            0.133489        7.648341
90.345            0.132345        7.582795
90.360            0.131178        7.515934
90.375            0.129988        7.447773
90.390            0.128776        7.378328
90.405            0.127542        7.307614
90.420            0.126286        7.235647
90.435            0.125008        7.162444
90.450            0.123709        7.088021
90.465            0.122389        7.012394
90.480            0.121049        6.935581
90.495            0.119688        6.857599
90.510            0.118307        6.778465
90.525            0.116906        6.698198
90.540            0.115485        6.616814
90.555            0.114046        6.534333
90.570            0.112587        6.450771
90.585            0.111110        6.366149
90.600            0.109615        6.280483
90.615            0.108102        6.193794
90.630            0.106572        6.106100
90.645            0.105024        6.017419
90.660            0.103459        5.927771
90.675            0.101878        5.837175
90.690            0.100281        5.745651
90.705            0.098667        5.653216
90.720            0.097038        5.559892
90.735            0.095394        5.465697
90.750            0.093736        5.370651
90.765            0.092062        5.274773
90.780            0.090375        5.178083
90.795            0.088673        5.080600
90.810            0.086958        4.982344
90.825            0.085230        4.883334
90.840            0.083489        4.783591
90.855            0.081736        4.683133
90.870            0.079971        4.581981
90.885            0.078193        4.480153
90.900            0.076405        4.377670
90.915            0.074605        4.274552
90.930            0.072794        4.170817
90.945            0.070974        4.066485
90.960            0.069143        3.961577
90.975            0.067302        3.856111
90.990            0.065452        3.750107
91.005            0.063593        3.643586
91.020            0.061725        3.536567
91.035            0.059849        3.429069
91.050            0.057964        3.321113
91.065            0.056072        3.212717
91.080            0.054173        3.103904
91.095            0.052267        2.994691
91.110            0.050354        2.885100
91.125            0.048436        2.775150
91.140            0.046511        2.664863
91.155            0.044580        2.554257
91.170            0.042645        2.443355
91.185            0.040704        2.332176
91.200            0.038759        2.220742
91.215            0.036810        2.109073
91.230            0.034858        1.997191
91.245            0.032902        1.885117
91.260            0.030942        1.772873
91.275            0.028981        1.660481
91.290            0.027017        1.547963
91.305            0.025051        1.435340
91.320            0.023084        1.322637
91.335            0.021116        1.209875
91.350            0.019148        1.097078
91.365            0.017179        0.984270
91.380            0.015210        0.871474
91.395            0.013242        0.758714
91.410            0.011275        0.646015
91.425            0.009310        0.533402
91.440            0.007346        0.420899
91.455            0.005385        0.308533
91.470            0.003427        0.196329
91.485            0.001472        0.084314
91.500           -0.000480       -0.027486
91.515           -0.002427       -0.139044
91.530           -0.004369       -0.250333
91.545           -0.006306       -0.361324
91.560           -0.008238       -0.471990
91.575           -0.010163       -0.582301
91.590           -0.012082       -0.692230
91.605           -0.013993       -0.801746
91.620           -0.015897       -0.910821
91.635           -0.017792       -1.019423
91.650           -0.019679       -1.127523
91.665           -0.021556       -1.235089
91.680           -0.023424       -1.342091
91.695           -0.025281       -1.448497
91.710           -0.027127       -1.554276
91.725           -0.028962       -1.659394
91.740           -0.030784       -1.763821
91.755           -0.032594       -1.867522
91.770           -0.034391       -1.970466
91.785           -0.036174       -2.072618
91.800           -0.037943       -2.173946
91.815           -0.039696       -2.274415
91.830           -0.041434       -2.373992
91.845           -0.043156       -2.472643
91.860           -0.044861       -2.570334
91.875           -0.046548       -2.667029
91.890           -0.048218       -2.762696
91.905           -0.049869       -2.857299
91.920           -0.051501       -2.950803
91.935           -0.053113       -3.043175
91.950           -0.054705       -3.134379
91.965           -0.056276       -3.224382
91.980           -0.057825       -3.313147
91.995           -0.059352       -3.400642
92.010           -0.060857       -3.486832
92.025           -0.062338       -3.571682
92.040           -0.063795       -3.655159
92.055           -0.065227       -3.737230
92.070           -0.066634       -3.817859
92.085           -0.068016       -3.897016
92.100           -0.069371       -3.974665
92.115           -0.070699       -4.050776
92.130           -0.072000       -4.125315
92.145           -0.073273       -4.198252
92.160           -0.074518       -4.269555
92.175           -0.075733       -4.339192
92.190           -0.076919       -4.407135
92.205           -0.078075       -4.473353
92.220           -0.079200       -4.537816
92.235           -0.080294       -4.600497
92.250           -0.081356       -4.661368
92.265           -0.082387       -4.720402
92.280           -0.083384       -4.777571
92.295           -0.084349       -4.832851
92.310           -0.085281       -4.886216
92.325           -0.086178       -4.937643
92.340           -0.087041       -4.987108
92.355           -0.087870       -5.034589
92.370           -0.088664       -5.080064
92.385           -0.089422       -5.123513
92.400           -0.090145       -5.164916
92.415           -0.090831       -5.204255
92.430           -0.091482       -5.241512
92.445           -0.092095       -5.276670
92.460           -0.092672       -5.309715
92.475           -0.093212       -5.340631
92.490           -0.093714       -5.369406
92.505           -0.094178       -5.396026
92.520           -0.094605       -5.420482
92.535           -0.094994       -5.442763
92.550           -0.095345       -5.462860
92.565           -0.095657       -5.480767
92.580           -0.095932       -5.496475
92.595           -0.096167       -5.509982
92.610           -0.096365       -5.521281
92.625           -0.096523       -5.530372
92.640           -0.096643       -5.537251
92.655           -0.096725       -5.541920
92.670           -0.096768       -5.544379
92.685           -0.096772       -5.544629
92.700           -0.096738       -5.542675
92.715           -0.096665       -5.538522
92.730           -0.096555       -5.532174
92.745           -0.096406       -5.523640
92.760           -0.096219       -5.512926
92.775           -0.095994       -5.500044
92.790           -0.095731       -5.485003
92.805           -0.095431       -5.467816
92.820           -0.095094       -5.448494
92.835           -0.094720       -5.427053
92.850           -0.094309       -5.403508
92.865           -0.093862       -5.377874
92.880           -0.093378       -5.350169
92.895           -0.092859       -5.320412
92.910           -0.092304       -5.288622
92.925           -0.091714       -5.254819
92.940           -0.091089       -5.219025
92.955           -0.090430       -5.181261
92.970           -0.089737       -5.141552
92.985           -0.089010       -5.099921
93.000           -0.088251       -5.056393
93.015           -0.087458       -5.010994
93.030           -0.086634       -4.963750
93.045           -0.085777       -4.914688
93.060           -0.084890       -4.863836
93.075           -0.083972       -4.811224
93.090           -0.083023       -4.756879
93.105           -0.082045       -4.700831
93.120           -0.081038       -4.643112
93.135           -0.080002       -4.583751
93.150           -0.078937       -4.522779
93.165           -0.077846       -4.460230
93.180           -0.076727       -4.396134
93.195           -0.075582       -4.330524
93.210           -0.074411       -4.263432
93.225           -0.073215       -4.194893
93.240           -0.071994       -4.124938
93.255           -0.070749       -4.053602
93.270           -0.069480       -3.980919
93.285           -0.068189       -3.906921
93.300           -0.066875       -3.831644
93.315           -0.065539       -3.755121
93.330           -0.064182       -3.677386
93.345           -0.062805       -3.598473
93.360           -0.061408       -3.518417
93.375           -0.059991       -3.437252
93.390           -0.058556       -3.355012
93.405           -0.057102       -3.271731
93.420           -0.055631       -3.187443
93.435           -0.054143       -3.102183
93.450           -0.052639       -3.015983
93.465           -0.051119       -2.928878
93.480           -0.049583       -2.840901
93.495           -0.048033       -2.752085
93.510           -0.046469       -2.662465
93.525           -0.044891       -2.572073
93.540           -0.043301       -2.480942
93.555           -0.041698       -2.389106
93.570           -0.040083       -2.296596
93.585           -0.038457       -2.203445
93.600           -0.036821       -2.109687
93.615           -0.035175       -2.015352
93.630           -0.033519       -1.920473
93.645           -0.031854       -1.825082
93.660           -0.030180       -1.729211
93.675           -0.028499       -1.632891
93.690           -0.026811       -1.536154
93.705           -0.025116       -1.439031
93.720           -0.023415       -1.341555
93.735           -0.021708       -1.243755
93.750           -0.019996       -1.145663
93.765           -0.018279       -1.047310
93.780           -0.016558       -0.948728
93.795           -0.014834       -0.849946
93.810           -0.013107       -0.750997
93.825           -0.011378       -0.651912
93.840           -0.009647       -0.552720
93.855           -0.007914       -0.453454
93.870           -0.006181       -0.354143
93.885           -0.004447       -0.254820
93.900           -0.002714       -0.155516
93.915           -0.000982       -0.056261
93.930            0.000749        0.042913
93.945            0.002478        0.141974
93.960            0.004204        0.240892
93.975            0.005928        0.339635
93.990            0.007648        0.438171
94.005            0.009363        0.536468
94.020            0.011074        0.634494
94.035            0.012780        0.732218
94.050            0.014479        0.829607
94.065            0.016173        0.926628
94.080            0.017859        1.023250
94.095            0.019538        1.119440
94.110            0.021209        1.215166
94.125            0.022871        1.310393
94.140            0.024523        1.405091
94.155            0.026166        1.499224
94.170            0.027799        1.592762
94.185            0.029420        1.685669
94.200            0.031030        1.777914
94.215            0.032628        1.869463
94.230            0.034213        1.960282
94.245            0.035785        2.050338
94.260            0.037343        2.139598
94.275            0.038886        2.228028
94.290            0.040415        2.315596
94.305            0.041927        2.402267
94.320            0.043424        2.488009
94.335            0.044904        2.572789
94.350            0.046366        2.656573
94.365            0.047810        2.739329
94.380            0.049236        2.821024
94.395            0.050643        2.901626
94.410            0.052030        2.981102
94.425            0.053397        3.059420
94.440            0.054743        3.136549
94.455            0.056068        3.212457
94.470            0.057371        3.287113
94.485            0.058652        3.360487
94.500            0.059909        3.432547
94.515            0.061143        3.503264
94.530            0.062354        3.572608
94.545            0.063540        3.640551
94.560            0.064700        3.707063
94.575            0.065836        3.772117
94.590            0.066945        3.835684
94.605            0.068028        3.897738
94.620            0.069085        3.958253
94.635            0.070113        4.017201
94.650            0.071114        4.074559
94.665            0.072087        4.130301
94.680            0.073032        4.184403
94.695            0.073947        4.236843
94.710            0.074833        4.287597
94.725            0.075689        4.336643
94.740            0.076515        4.383961
94.755            0.077310        4.429530
94.770            0.078074        4.473330
94.785            0.078808        4.515342
94.800            0.079509        4.555548
94.815            0.080179        4.593932
94.830            0.080817        4.630476
94.845            0.081422        4.665164
94.860            0.081995        4.697982
94.875            0.082535        4.728916
94.890            0.083042        4.757953
94.905            0.083515        4.785080
94.920            0.083955        4.810286
94.935            0.084362        4.833561
94.950            0.084734        4.854894
94.965            0.085072        4.874277
94.980            0.085376        4.891701
94.995            0.085646        4.907161
95.010            0.085882        4.920650
95.025            0.086082        4.932162
95.040            0.086249        4.941694
95.055            0.086381        4.949242
95.070            0.086478        4.954804
95.085            0.086540        4.958377
95.100            0.086568        4.959962
95.115            0.086561        4.959559
95.130            0.086519        4.957170
95.145            0.086443        4.952795
95.160            0.086332        4.946439
95.175            0.086186        4.938106
95.190            0.086006        4.927801
95.205            0.085792        4.915529
95.220            0.085544        4.901298
95.235            0.085261        4.885115
95.250            0.084945        4.866990
95.265            0.084595        4.846932
95.280            0.084211        4.824952
95.295            0.083794        4.801062
95.310            0.083344        4.775273
95.325            0.082861        4.747601
95.340            0.082346        4.718059
95.355            0.081798        4.686663
95.370            0.081218        4.653429
95.385            0.080606        4.618375
95.400            0.079963        4.581519
95.415            0.079288        4.542880
95.430            0.078583        4.502478
95.445            0.077848        4.460335
95.460            0.077082        4.416473
95.475            0.076287        4.370914
95.490            0.075462        4.323682
95.505            0.074609        4.274801
95.520            0.073728        4.224298
95.535            0.072819        4.172199
95.550            0.071882        4.118531
95.565            0.070918        4.063322
95.580            0.069928        4.006600
95.595            0.068913        3.948396
95.610            0.067871        3.888740
95.625            0.066805        3.827663
95.640            0.065715        3.765196
95.655            0.064601        3.701374
95.670            0.063464        3.636228
95.685            0.062305        3.569793
95.700            0.061123        3.502103
95.715            0.059921        3.433193
95.730            0.058697        3.363100
95.745            0.057454        3.291858
95.760            0.056191        3.219506
95.775            0.054909        3.146080
95.790            0.053610        3.071618
95.805            0.052293        2.996158
95.820            0.050959        2.919738
95.835            0.049609        2.842397
95.850            0.048244        2.764174
95.865            0.046864        2.685109
95.880            0.045470        2.605240
95.895            0.044063        2.524607
95.910            0.042643        2.443251
95.925            0.041211        2.361210
95.940            0.039768        2.278525
95.955            0.038314        2.195236
95.970            0.036851        2.111383
95.985            0.035378        2.027005
96.000            0.033897        1.942141
96.015            0.032408        1.856833
96.030            0.030912        1.771118
96.045            0.029409        1.685036
96.060            0.027901        1.598625
96.075            0.026388        1.511925
96.090            0.024870        1.424972
96.105            0.023349        1.337806
96.120            0.021825        1.250463
96.135            0.020298        1.162980
96.150            0.018769        1.075393
96.165            0.017239        0.987738
96.180            0.015709        0.900051
96.195            0.014178        0.812366
96.210            0.012649        0.724717
96.225            0.011120        0.637138
96.240            0.009593        0.549661
96.255            0.008069        0.462318
96.270            0.006547        0.375140
96.285            0.005029        0.288158
96.300            0.003515        0.201403
96.315            0.002005        0.114902
96.330            0.000501        0.028684
96.345           -0.000999       -0.057224
96.360           -0.002492       -0.142795
96.375           -0.003979       -0.228004
96.390           -0.005460       -0.312825
96.405           -0.006933       -0.397235
96.420           -0.008399       -0.481211
96.435           -0.009856       -0.564731
96.450           -0.011306       -0.647772
96.465           -0.012746       -0.730316
96.480           -0.014178       -0.812342
96.495           -0.015600       -0.893832
96.510           -0.017013       -0.974768
96.525           -0.018416       -1.055133
96.540           -0.019808       -1.134912
96.555           -0.021190       -1.214089
96.570           -0.022561       -1.292651
96.585           -0.023921       -1.370584
96.600           -0.025270       -1.447876
96.615           -0.026608       -1.524515
96.630           -0.027934       -1.600492
96.645           -0.029248       -1.675795
96.660           -0.030551       -1.750416
96.675           -0.031841       -1.824347
96.690           -0.033119       -1.897581
96.705           -0.034385       -1.970112
96.720           -0.035638       -2.041933
96.735           -0.036880       -2.113040
96.750           -0.038108       -2.183429
96.765           -0.039324       -2.253095
96.780           -0.040527       -2.322038
96.795           -0.041718       -2.390254
96.810           -0.042896       -2.457743
96.825           -0.044061       -2.524503
96.840           -0.045213       -2.590535
96.855           -0.046353       -2.655840
96.870           -0.047480       -2.720419
96.885           -0.048595       -2.784273
96.900           -0.049697       -2.847406
96.915           -0.050786       -2.909821
96.930           -0.051863       -2.971520
96.945           -0.052927       -3.032508
96.960           -0.053979       -3.092790
96.975           -0.055019       -3.152370
96.990           -0.056047       -3.211254
97.005           -0.057063       -3.269447
97.020           -0.058066       -3.326957
97.035           -0.059058       -3.383789
97.050           -0.060038       -3.439951
97.065           -0.061007       -3.495449
97.080           -0.061964       -3.550291
97.095           -0.062910       -3.604484
97.110           -0.063845       -3.658038
97.125           -0.064768       -3.710958
97.140           -0.065681       -3.763255
97.155           -0.066583       -3.814936
97.170           -0.067475       -3.866009
97.185           -0.068356       -3.916484
97.200           -0.069226       -3.966368
97.215           -0.070087       -4.015671
97.230           -0.070937       -4.064401
97.245           -0.071778       -4.112565
97.260           -0.072609       -4.160174
97.275           -0.073430       -4.207234
97.290           -0.074242       -4.253755
97.305           -0.075045       -4.299743
97.320           -0.075838       -4.345207
97.335           -0.076623       -4.390155
97.350           -0.077398       -4.434593
97.365           -0.078165       -4.478529
97.380           -0.078923       -4.521970
97.395           -0.079673       -4.564921
97.410           -0.080414       -4.607388
97.425           -0.081147       -4.649378
97.440           -0.081872       -4.690895
97.455           -0.082588       -4.731945
97.470           -0.083296       -4.772531
97.485           -0.083997       -4.812657
97.500           -0.084689       -4.852328
97.515           -0.085374       -4.891545
97.530           -0.086050       -4.930312
97.545           -0.086719       -4.968629
97.560           -0.087380       -5.006499
97.575           -0.088033       -5.043922
97.590           -0.088678       -5.080898
97.605           -0.089316       -5.117427
97.620           -0.089946       -5.153509
97.635           -0.090568       -5.189141
97.650           -0.091182       -5.224322
97.665           -0.091788       -5.259050
97.680           -0.092386       -5.293320
97.695           -0.092976       -5.327131
97.710           -0.093558       -5.360476
97.725           -0.094132       -5.393352
97.740           -0.094697       -5.425754
97.755           -0.095254       -5.457676
97.770           -0.095803       -5.489111
97.785           -0.096343       -5.520052
97.800           -0.096874       -5.550494
97.815           -0.097397       -5.580427
97.830           -0.097910       -5.609845
97.845           -0.098415       -5.638739
97.860           -0.098910       -5.667099
97.875           -0.099395       -5.694918
97.890           -0.099871       -5.722185
97.905           -0.100337       -5.748891
97.920           -0.100793       -5.775025
97.935           -0.101239       -5.800579
97.950           -0.101675       -5.825541
97.965           -0.102100       -5.849900
97.980           -0.102514       -5.873647
97.995           -0.102918       -5.896770
98.010           -0.103311       -5.919258
98.025           -0.103692       -5.941100
98.040           -0.104062       -5.962286
98.055           -0.104420       -5.982804
98.070           -0.104766       -6.002644
98.085           -0.105100       -6.021794
98.100           -0.105422       -6.040244
98.115           -0.105732       -6.057983
98.130           -0.106029       -6.075000
98.145           -0.106313       -6.091285
98.160           -0.106584       -6.106828
98.175           -0.106842       -6.121619
98.190           -0.107087       -6.135648
98.205           -0.107319       -6.148905
98.220           -0.107536       -6.161381
98.235           -0.107740       -6.173068
98.250           -0.107930       -6.183955
98.265           -0.108106       -6.194036
98.280           -0.108268       -6.203302
98.295           -0.108415       -6.211745
98.310           -0.108548       -6.219358
98.325           -0.108667       -6.226133
98.340           -0.108770       -6.232065
98.355           -0.108859       -6.237146
98.370           -0.108932       -6.241370
98.385           -0.108991       -6.244732
98.400           -0.109035       -6.247227
98.415           -0.109063       -6.248850
98.430           -0.109076       -6.249595
98.445           -0.109074       -6.249459
98.460           -0.109056       -6.248437
98.475           -0.109022       -6.246527
98.490           -0.108974       -6.243724
98.505           -0.108909       -6.240026
98.520           -0.108829       -6.235430
98.535           -0.108733       -6.229933
98.550           -0.108621       -6.223534
98.565           -0.108494       -6.216230
98.580           -0.108350       -6.208020
98.595           -0.108191       -6.198903
98.610           -0.108016       -6.188877
98.625           -0.107825       -6.177942
98.640           -0.107619       -6.166096
98.655           -0.107396       -6.153340
98.670           -0.107157       -6.139672
98.685           -0.106903       -6.125094
98.700           -0.106633       -6.109604
98.715           -0.106346       -6.093203
98.730           -0.106044       -6.075892
98.745           -0.105726       -6.057671
98.760           -0.105392       -6.038540
98.775           -0.105043       -6.018500
98.790           -0.104677       -5.997553
98.805           -0.104296       -5.975698
98.820           -0.103898       -5.952938
98.835           -0.103485       -5.929274
98.850           -0.103057       -5.904707
98.865           -0.102612       -5.879239
98.880           -0.102152       -5.852871
98.895           -0.101676       -5.825605
98.910           -0.101184       -5.797443
98.925           -0.100677       -5.768388
98.940           -0.100155       -5.738441
98.955           -0.099616       -5.707605
98.970           -0.099063       -5.675882
98.985           -0.098494       -5.643276
99.000           -0.097909       -5.609789
99.015           -0.097310       -5.575425
99.030           -0.096695       -5.540187
99.045           -0.096064       -5.504078
99.060           -0.095419       -5.467103
99.075           -0.094759       -5.429266
99.090           -0.094083       -5.390571
99.105           -0.093393       -5.351022
99.120           -0.092688       -5.310626
99.135           -0.091968       -5.269386
99.150           -0.091234       -5.227310
99.165           -0.090485       -5.184402
99.180           -0.089722       -5.140670
99.195           -0.088944       -5.096120
99.210           -0.088152       -5.050758
99.225           -0.087347       -5.004594
99.240           -0.086527       -4.957634
99.255           -0.085694       -4.909886
99.270           -0.084847       -4.861361
99.285           -0.083986       -4.812066
99.300           -0.083113       -4.762011
99.315           -0.082226       -4.711207
99.330           -0.081326       -4.659664
99.345           -0.080414       -4.607393
99.360           -0.079489       -4.554404
99.375           -0.078552       -4.500711
99.390           -0.077603       -4.446325
99.405           -0.076642       -4.391259
99.420           -0.075669       -4.335527
99.435           -0.074685       -4.279141
99.450           -0.073690       -4.222115
99.465           -0.072684       -4.164465
99.480           -0.071667       -4.106204
99.495           -0.070640       -4.047348
99.510           -0.069602       -3.987913
99.525           -0.068555       -3.927915
99.540           -0.067498       -3.867369
99.555           -0.066432       -3.806293
99.570           -0.065357       -3.744703
99.585           -0.064274       -3.682616
99.600           -0.063182       -3.620050
99.615           -0.062082       -3.557023
99.630           -0.060974       -3.493553
99.645           -0.059859       -3.429657
99.660           -0.058737       -3.365354
99.675           -0.057607       -3.300663
99.690           -0.056472       -3.235602
99.705           -0.055330       -3.170190
99.720           -0.054183       -3.104446
99.735           -0.053030       -3.038388
99.750           -0.051872       -2.972036
99.765           -0.050709       -2.905408
99.780           -0.049542       -2.838524
99.795           -0.048370       -2.771402
99.810           -0.047195       -2.704061
99.825           -0.046016       -2.636520
99.840           -0.044834       -2.568797
99.855           -0.043649       -2.500911
99.870           -0.042462       -2.432880
99.885           -0.041272       -2.364723
99.900           -0.040081       -2.296457
99.915           -0.038888       -2.228100
99.930           -0.037693       -2.159670
99.945           -0.036498       -2.091183
99.960           -0.035302       -2.022658
99.975           -0.034106       -1.954109
99.990           -0.032909       -1.885555
100.005          -0.031713       -1.817011
100.020          -0.030517       -1.748492
100.035          -0.029322       -1.680014
100.050          -0.028128       -1.611592
100.065          -0.026935       -1.543241
100.080          -0.025743       -1.474974
100.095          -0.024553       -1.406807
100.110          -0.023366       -1.338751
100.125          -0.022180       -1.270820
100.140          -0.020997       -1.203027
100.155          -0.019816       -1.135384
100.170          -0.018638       -1.067902
100.185          -0.017464       -1.000593
100.200          -0.016292       -0.933468
100.215          -0.015124       -0.866537
100.230          -0.013959       -0.799810
100.245          -0.012798       -0.733296
100.260          -0.011641       -0.667004
100.275          -0.010488       -0.600944
100.290          -0.009340       -0.535122
100.305          -0.008195       -0.469547
100.320          -0.007055       -0.404226
100.335          -0.005920       -0.339164
100.350          -0.004789       -0.274370
100.365          -0.003663       -0.209848
100.380          -0.002541       -0.145603
100.395          -0.001425       -0.081640
100.410          -0.000314       -0.017964
100.425           0.000793        0.045422
100.440           0.001894        0.108514
100.455           0.002990        0.171310
100.470           0.004081        0.233807
100.485           0.005166        0.296003
100.500           0.006246        0.357896
100.515           0.007321        0.419487
100.530           0.008391        0.480773
100.545           0.009455        0.541755
100.560           0.010514        0.602433
100.575           0.011568        0.662808
100.590           0.012617        0.722882
100.605           0.013660        0.782655
100.620           0.014698        0.842131
100.635           0.015731        0.901311
100.650           0.016759        0.960198
100.665           0.017781        1.018797
100.680           0.018799        1.077109
100.695           0.019812        1.135141
100.710           0.020820        1.192895
100.725           0.021823        1.250378
100.740           0.022822        1.307594
100.755           0.023816        1.364549
100.770           0.024805        1.421249
100.785           0.025791        1.477700
100.800           0.026772        1.533908
100.815           0.027749        1.589881
100.830           0.028722        1.645626
100.845           0.029691        1.701151
100.860           0.030656        1.756462
100.875           0.031618        1.811568
100.890           0.032576        1.866477
100.905           0.033531        1.921196
100.920           0.034483        1.975736
100.935           0.035432        2.030104
100.950           0.036378        2.084309
100.965           0.037321        2.138360
100.980           0.038262        2.192265
100.995           0.039201        2.246034
101.010           0.040137        2.299676
101.025           0.041071        2.353200
101.040           0.042003        2.406615
101.055           0.042934        2.459929
101.070           0.043863        2.513152
101.085           0.044790        2.566293
101.100           0.045716        2.619360
101.115           0.046641        2.672361
101.130           0.047566        2.725306
101.145           0.048489        2.778201
101.160           0.049411        2.831057
101.175           0.050333        2.883879
101.190           0.051255        2.936675
101.205           0.052176        2.989454
101.220           0.053097        3.042220
101.235           0.054018        3.094982
101.250           0.054939        3.147746
101.265           0.055860        3.200516
101.280           0.056781        3.253299
101.295           0.057702        3.306100
101.310           0.058624        3.358923
101.325           0.059547        3.411773
101.340           0.060470        3.464653
101.355           0.061393        3.517567
101.370           0.062317        3.570517
101.385           0.063242        3.623505
101.400           0.064168        3.676535
101.415           0.065094        3.729606
101.430           0.066021        3.782721
101.445           0.066949        3.835879
101.460           0.067877        3.889080
101.475           0.068807        3.942323
101.490           0.069737        3.995608
101.505           0.070667        4.048933
101.520           0.071599        4.102296
101.535           0.072531        4.155693
101.550           0.073463        4.209123
101.565           0.074396        4.262582
101.580           0.075330        4.316064
101.595           0.076263        4.369567
101.610           0.077197        4.423085
101.625           0.078132        4.476613
101.640           0.079066        4.530144
101.655           0.080000        4.583673
101.670           0.080934        4.637194
101.685           0.081868        4.690698
101.700           0.082802        4.744180
101.715           0.083734        4.797631
101.730           0.084667        4.851043
101.745           0.085598        4.904408
101.760           0.086528        4.957717
101.775           0.087458        5.010962
101.790           0.088386        5.064134
101.805           0.089312        5.117222
101.820           0.090237        5.170218
101.835           0.091160        5.223111
101.850           0.092082        5.275892
101.865           0.093001        5.328550
101.880           0.093917        5.381076
101.895           0.094832        5.433458
101.910           0.095743        5.485685
101.925           0.096652        5.537749
101.940           0.097558        5.589636
101.955           0.098460        5.641337
101.970           0.099359        5.692840
101.985           0.100254        5.744134
102.000           0.101145        5.795208
102.015           0.102033        5.846051
102.030           0.102916        5.896651
102.045           0.103795        5.946998
102.060           0.104669        5.997079
102.075           0.105538        6.046883
102.090           0.106402        6.096399
102.105           0.107261        6.145615
102.120           0.108115        6.194520
102.135           0.108963        6.243102
102.150           0.109805        6.291349
102.165           0.110641        6.339250
102.180           0.111471        6.386794
102.195           0.112294        6.433967
102.210           0.113111        6.480760
102.225           0.113920        6.527159
102.240           0.114723        6.573153
102.255           0.115519        6.618731
102.270           0.116307        6.663880
102.285           0.117087        6.708588
102.300           0.117859        6.752843
102.315           0.118624        6.796633
102.330           0.119380        6.839945
102.345           0.120127        6.882768
102.360           0.120866        6.925089
102.375           0.121595        6.966896
102.390           0.122316        7.008175
102.405           0.123027        7.048914
102.420           0.123728        7.089101
102.435           0.124420        7.128722
102.450           0.125101        7.167765
102.465           0.125772        7.206215
102.480           0.126433        7.244060
102.495           0.127082        7.281287
102.510           0.127721        7.317881
102.525           0.128349        7.353829
102.540           0.128964        7.389117
102.555           0.129569        7.423731
102.570           0.130161        7.457657
102.585           0.130741        7.490881
102.600           0.131308        7.523388
102.615           0.131862        7.555163
102.630           0.132404        7.586192
102.645           0.132932        7.616461
102.660           0.133447        7.645953
102.675           0.133948        7.674655
102.690           0.134435        7.702550
102.705           0.134907        7.729624
102.720           0.135365        7.755861
102.735           0.135808        7.781245
102.750           0.136236        7.805762
102.765           0.136649        7.829394
102.780           0.137045        7.852127
102.795           0.137426        7.873945
102.810           0.137791        7.894832
102.825           0.138139        7.914771
102.840           0.138470        7.933748
102.855           0.138784        7.951745
102.870           0.139081        7.968747
102.885           0.139360        7.984738
102.900           0.139621        7.999701
102.915           0.139864        8.013622
102.930           0.140089        8.026483
102.945           0.140294        8.038270
102.960           0.140481        8.048965
102.975           0.140648        8.058555
102.990           0.140796        8.067021
103.005           0.140924        8.074350
103.020           0.141032        8.080526
103.035           0.141119        8.085533
103.050           0.141186        8.089356
103.065           0.141232        8.091980
103.080           0.141256        8.093391
103.095           0.141259        8.093573
103.110           0.141241        8.092512
103.125           0.141201        8.090194
103.140           0.141138        8.086605
103.155           0.141053        8.081731
103.170           0.140945        8.075559
103.185           0.140814        8.068075
103.200           0.140661        8.059266
103.215           0.140484        8.049120
103.230           0.140283        8.037624
103.245           0.140059        8.024767
103.260           0.139810        8.010536
103.275           0.139538        7.994922
103.290           0.139241        7.977912
103.305           0.138919        7.959496
103.320           0.138573        7.939665
103.335           0.138202        7.918409
103.350           0.137806        7.895719
103.365           0.137385        7.871586
103.380           0.136939        7.846003
103.395           0.136467        7.818961
103.410           0.135969        7.790455
103.425           0.135446        7.760476
103.440           0.134897        7.729021
103.455           0.134322        7.696082
103.470           0.133721        7.661657
103.485           0.133094        7.625740
103.500           0.132441        7.588329
103.515           0.131762        7.549421
103.530           0.131057        7.509014
103.545           0.130326        7.467106
103.560           0.129568        7.423698
103.575           0.128784        7.378790
103.590           0.127974        7.332382
103.605           0.127138        7.284477
103.620           0.126276        7.235078
103.635           0.125388        7.184187
103.650           0.124474        7.131809
103.665           0.123534        7.077949
103.680           0.122568        7.022613
103.695           0.121576        6.965809
103.710           0.120559        6.907543
103.725           0.119517        6.847825
103.740           0.118450        6.786664
103.755           0.117357        6.724070
103.770           0.116240        6.660056
103.785           0.115098        6.594632
103.800           0.113932        6.527814
103.815           0.112742        6.459613
103.830           0.111527        6.390047
103.845           0.110290        6.319129
103.860           0.109029        6.246879
103.875           0.107745        6.173312
103.890           0.106438        6.098449
103.905           0.105109        6.022308
103.920           0.103758        5.944911
103.935           0.102386        5.866277
103.950           0.100992        5.786431
103.965           0.099578        5.705393
103.980           0.098143        5.623190
103.995           0.096689        5.539844
104.010           0.095214        5.455382
104.025           0.093721        5.369830
104.040           0.092209        5.283214
104.055           0.090680        5.195563
104.070           0.089132        5.106904
104.085           0.087568        5.017267
104.100           0.085987        4.926681
104.115           0.084390        4.835176
104.130           0.082777        4.742782
104.145           0.081150        4.649532
104.160           0.079508        4.555457
104.175           0.077852        4.460588
104.190           0.076183        4.364959
104.205           0.074501        4.268603
104.220           0.072807        4.171551
104.235           0.071102        4.073839
104.250           0.069386        3.975499
104.265           0.067659        3.876567
104.280           0.065922        3.777075
104.295           0.064177        3.677059
104.310           0.062423        3.576552
104.325           0.060660        3.475589
104.340           0.058891        3.374204
104.355           0.057115        3.272432
104.370           0.055332        3.170308
104.385           0.053544        3.067865
104.400           0.051751        2.965138
104.415           0.049954        2.862160
104.430           0.048153        2.758966
104.445           0.046349        2.655588
104.460           0.044542        2.552061
104.475           0.042733        2.448416
104.490           0.040923        2.344688
104.505           0.039111        2.240907
104.520           0.037300        2.137106
104.535           0.035488        2.033317
104.550           0.033677        1.929570
104.565           0.031868        1.825897
104.580           0.030060        1.722327
104.595           0.028255        1.618890
104.610           0.026452        1.515615
104.625           0.024653        1.412531
104.640           0.022858        1.309666
104.655           0.021067        1.207048
104.670           0.019281        1.104704
104.685           0.017500        1.002661
104.700           0.015724        0.900944
104.715           0.013955        0.799580
104.730           0.012193        0.698592
104.745           0.010437        0.598006
104.760           0.008689        0.497845
104.775           0.006949        0.398133
104.790           0.005217        0.298891
104.805           0.003493        0.200143
104.820           0.001779        0.101911
104.835           0.000074        0.004214
104.850          -0.001622       -0.092926
104.865          -0.003307       -0.189489
104.880          -0.004982       -0.285456
104.895          -0.006646       -0.380807
104.910          -0.008299       -0.475524
104.925          -0.009941       -0.569589
104.940          -0.011571       -0.662984
104.955          -0.013189       -0.755692
104.970          -0.014795       -0.847697
104.985          -0.016388       -0.938981
105.000          -0.017969       -1.029530
105.015          -0.019536       -1.119327
105.030          -0.021090       -1.208358
105.045          -0.022630       -1.296608
105.060          -0.024156       -1.384062
105.075          -0.025669       -1.470708
105.090          -0.027167       -1.556531
105.105          -0.028650       -1.641519
105.120          -0.030118       -1.725658
105.135          -0.031572       -1.808936
105.150          -0.033010       -1.891342
105.165          -0.034433       -1.972863
105.180          -0.035840       -2.053489
105.195          -0.037232       -2.133208
105.210          -0.038607       -2.212011
105.225          -0.039966       -2.289886
105.240          -0.041309       -2.366824
105.255          -0.042635       -2.442815
105.270          -0.043945       -2.517851
105.285          -0.045238       -2.591923
105.300          -0.046513       -2.665022
105.315          -0.047772       -2.737141
105.330          -0.049014       -2.808273
105.345          -0.050238       -2.878409
105.360          -0.051444       -2.947544
105.375          -0.052633       -3.015672
105.390          -0.053805       -3.082786
105.405          -0.054958       -3.148882
105.420          -0.056094       -3.213954
105.435          -0.057212       -3.278000
105.450          -0.058312       -3.341014
105.465          -0.059393       -3.402993
105.480          -0.060457       -3.463936
105.495          -0.061503       -3.523840
105.510          -0.062530       -3.582703
105.525          -0.063539       -3.640525
105.540          -0.064530       -3.697305
105.555          -0.065503       -3.753043
105.570          -0.066458       -3.807741
105.585          -0.067394       -3.861400
105.600          -0.068313       -3.914022
105.615          -0.069213       -3.965610
105.630          -0.070095       -4.016167
105.645          -0.070960       -4.065699
105.660          -0.071806       -4.114209
105.675          -0.072635       -4.161703
105.690          -0.073447       -4.208189
105.705          -0.074241       -4.253671
105.720          -0.075017       -4.298159
105.735          -0.075776       -4.341661
105.750          -0.076518       -4.384186
105.765          -0.077244       -4.425744
105.780          -0.077952       -4.466345
105.795          -0.078645       -4.506000
105.810          -0.079320       -4.544722
105.825          -0.079980       -4.582523
105.840          -0.080624       -4.619416
105.855          -0.081252       -4.655415
105.870          -0.081865       -4.690535
105.885          -0.082463       -4.724791
105.900          -0.083046       -4.758198
105.915          -0.083615       -4.790774
105.930          -0.084169       -4.822534
105.945          -0.084709       -4.853497
105.960          -0.085236       -4.883679
105.975          -0.085750       -4.913101
105.990          -0.086250       -4.941780
106.005          -0.086738       -4.969736
106.020          -0.087214       -4.996988
106.035          -0.087678       -5.023557
106.050          -0.088130       -5.049463
106.065          -0.088571       -5.074727
106.080          -0.089001       -5.099369
106.095          -0.089420       -5.123411
106.110          -0.089830       -5.146874
106.125          -0.090230       -5.169779
106.140          -0.090620       -5.192149
106.155          -0.091002       -5.214004
106.170          -0.091374       -5.235367
106.185          -0.091739       -5.256258
106.200          -0.092096       -5.276700
106.215          -0.092445       -5.296714
106.230          -0.092787       -5.316322
106.245          -0.093123       -5.335543
106.260          -0.093452       -5.354400
106.275          -0.093775       -5.372912
106.290          -0.094092       -5.391101
106.305          -0.094405       -5.408986
106.320          -0.094712       -5.426586
106.335          -0.095014       -5.443922
106.350          -0.095313       -5.461011
106.365          -0.095607       -5.477872
106.380          -0.095898       -5.494522
106.395          -0.096185       -5.510979
106.410          -0.096469       -5.527259
106.425          -0.096750       -5.543379
106.440          -0.097029       -5.559353
106.455          -0.097306       -5.575196
106.470          -0.097580       -5.590923
106.485          -0.097853       -5.606546
106.500          -0.098124       -5.622078
106.515          -0.098393       -5.637531
106.530          -0.098662       -5.652916
106.545          -0.098929       -5.668243
106.560          -0.099196       -5.683521
106.575          -0.099462       -5.698761
106.590          -0.099728       -5.713968
106.605          -0.099993       -5.729152
106.620          -0.100257       -5.744317
106.635          -0.100522       -5.759470
106.650          -0.100786       -5.774615
106.665          -0.101050       -5.789757
106.680          -0.101315       -5.804898
106.695          -0.101579       -5.820041
106.710          -0.101843       -5.835188
106.725          -0.102108       -5.850340
106.740          -0.102372       -5.865497
106.755          -0.102637       -5.880659
106.770          -0.102902       -5.895824
106.785          -0.103166       -5.910991
106.800          -0.103431       -5.926158
106.815          -0.103696       -5.941321
106.830          -0.103960       -5.956478
106.845          -0.104224       -5.971623
106.860          -0.104489       -5.986752
106.875          -0.104752       -6.001861
106.890          -0.105015       -6.016943
106.905          -0.105278       -6.031992
106.920          -0.105540       -6.047003
106.935          -0.105801       -6.061969
106.950          -0.106062       -6.076881
106.965          -0.106321       -6.091734
106.980          -0.106579       -6.106519
106.995          -0.106836       -6.121229
107.010          -0.107091       -6.135856
107.025          -0.107345       -6.150390
107.040          -0.107596       -6.164825
107.055          -0.107847       -6.179152
107.070          -0.108095       -6.193362
107.085          -0.108340       -6.207446
107.100          -0.108584       -6.221397
107.115          -0.108825       -6.235207
107.130          -0.109063       -6.248865
107.145          -0.109299       -6.262366
107.160          -0.109532       -6.275699
107.175          -0.109761       -6.288858
107.190          -0.109988       -6.301834
107.205          -0.110211       -6.314620
107.220          -0.110431       -6.327208
107.235          -0.110647       -6.339591
107.250          -0.110859       -6.351763
107.265          -0.111068       -6.363716
107.280          -0.111272       -6.375444
107.295          -0.111473       -6.386941
107.310          -0.111670       -6.398200
107.325          -0.111862       -6.409217
107.340          -0.112050       -6.419985
107.355          -0.112233       -6.430500
107.370          -0.112412       -6.440757
107.385          -0.112587       -6.450751
107.400          -0.112757       -6.460479
107.415          -0.112922       -6.469936
107.430          -0.113082       -6.479118
107.445          -0.113237       -6.488022
107.460          -0.113388       -6.496645
107.475          -0.113533       -6.504985
107.490          -0.113674       -6.513037
107.505          -0.113809       -6.520800
107.520          -0.113940       -6.528271
107.535          -0.114065       -6.535449
107.550          -0.114185       -6.542330
107.565          -0.114300       -6.548914
107.580          -0.114410       -6.555198
107.595          -0.114514       -6.561181
107.610          -0.114613       -6.566861
107.625          -0.114707       -6.572236
107.640          -0.114796       -6.577305
107.655          -0.114879       -6.582066
107.670          -0.114956       -6.586517
107.685          -0.115029       -6.590658
107.700          -0.115095       -6.594485
107.715          -0.115157       -6.597998
107.730          -0.115213       -6.601194
107.745          -0.115263       -6.604071
107.760          -0.115307       -6.606627
107.775          -0.115346       -6.608859
107.790          -0.115380       -6.610765
107.805          -0.115407       -6.612341
107.820          -0.115429       -6.613585
107.835          -0.115445       -6.614492
107.850          -0.115455       -6.615061
107.865          -0.115459       -6.615285
107.880          -0.115456       -6.615161
107.895          -0.115448       -6.614685
107.910          -0.115433       -6.613851
107.925          -0.115413       -6.612654
107.940          -0.115385       -6.611088
107.955          -0.115351       -6.609147
107.970          -0.115311       -6.606826
107.985          -0.115264       -6.604116
108.000          -0.115209       -6.601010
108.015          -0.115148       -6.597502
108.030          -0.115080       -6.593583
108.045          -0.115004       -6.589245
108.060          -0.114921       -6.584479
108.075          -0.114830       -6.579275
108.090          -0.114731       -6.573625
108.105          -0.114625       -6.567518
108.120          -0.114510       -6.560944
108.135          -0.114387       -6.553893
108.150          -0.114255       -6.546353
108.165          -0.114115       -6.538312
108.180          -0.113966       -6.529760
108.195          -0.113807       -6.520684
108.210          -0.113640       -6.511071
108.225          -0.113462       -6.500909
108.240          -0.113275       -6.490184
108.255          -0.113078       -6.478884
108.270          -0.112870       -6.466994
108.285          -0.112652       -6.454500
108.300          -0.112423       -6.441389
108.315          -0.112184       -6.427645
108.330          -0.111932       -6.413253
108.345          -0.111670       -6.398200
108.360          -0.111395       -6.382469
108.375          -0.111108       -6.366044
108.390          -0.110809       -6.348911
108.405          -0.110498       -6.331053
108.420          -0.110173       -6.312454
108.435          -0.109835       -6.293098
108.450          -0.109484       -6.272968
108.465          -0.109119       -6.252048
108.480          -0.108740       -6.230320
108.495          -0.108346       -6.207769
108.510          -0.107938       -6.184377
108.525          -0.107514       -6.160127
108.540          -0.107076       -6.135001
108.555          -0.106622       -6.108983
108.570          -0.106152       -6.082055
108.585          -0.105666       -6.054200
108.600          -0.105163       -6.025400
108.615          -0.104644       -5.995638
108.630          -0.104107       -5.964896
108.645          -0.103553       -5.933157
108.660          -0.102981       -5.900403
108.675          -0.102392       -5.866617
108.690          -0.101784       -5.831782
108.705          -0.101157       -5.795880
108.720          -0.100512       -5.758893
108.735          -0.099847       -5.720805
108.750          -0.099163       -5.681599
108.765          -0.098459       -5.641257
108.780          -0.097734       -5.599763
108.795          -0.096990       -5.557101
108.810          -0.096224       -5.513253
108.825          -0.095438       -5.468204
108.840          -0.094631       -5.421939
108.855          -0.093802       -5.374440
108.870          -0.092951       -5.325694
108.885          -0.092078       -5.275685
108.900          -0.091183       -5.224398
108.915          -0.090265       -5.171819
108.930          -0.089325       -5.117935
108.945          -0.088361       -5.062732
108.960          -0.087375       -5.006198
108.975          -0.086364       -4.948320
108.990          -0.085331       -4.889086
109.005          -0.084273       -4.828486
109.020          -0.083191       -4.766509
109.035          -0.082085       -4.703144
109.050          -0.080955       -4.638384
109.065          -0.079800       -4.572220
109.080          -0.078621       -4.504644
109.095          -0.077417       -4.435649
109.110          -0.076188       -4.365231
109.125          -0.074934       -4.293383
109.140          -0.073655       -4.220102
109.155          -0.072351       -4.145385
109.170          -0.071021       -4.069230
109.185          -0.069667       -3.991636
109.200          -0.068288       -3.912604
109.215          -0.066883       -3.832134
109.230          -0.065454       -3.750229
109.245          -0.063999       -3.666892
109.260          -0.062520       -3.582130
109.275          -0.061016       -3.495947
109.290          -0.059487       -3.408351
109.305          -0.057934       -3.319351
109.320          -0.056356       -3.228957
109.335          -0.054754       -3.137180
109.350          -0.053128       -3.044033
109.365          -0.051479       -2.949530
109.380          -0.049806       -2.853687
109.395          -0.048110       -2.756520
109.410          -0.046392       -2.658047
109.425          -0.044651       -2.558289
109.440          -0.042887       -2.457266
109.455          -0.041103       -2.355001
109.470          -0.039296       -2.251517
109.485          -0.037469       -2.146840
109.500          -0.035622       -2.040997
109.515          -0.033755       -1.934016
109.530          -0.031868       -1.825926
109.545          -0.029963       -1.716757
109.560          -0.028039       -1.606542
109.575          -0.026098       -1.495313
109.590          -0.024140       -1.383107
109.605          -0.022165       -1.269957
109.620          -0.020174       -1.155902
109.635          -0.018169       -1.040979
109.650          -0.016148       -0.925227
109.665          -0.014114       -0.808687
109.680          -0.012067       -0.691400
109.695          -0.010008       -0.573409
109.710          -0.007937       -0.454755
109.725          -0.005855       -0.335485
109.740          -0.003764       -0.215642
109.755          -0.001663       -0.095272
109.770           0.000446        0.025578
109.785           0.002563        0.146862
109.800           0.004687        0.268531
109.815           0.006816        0.390538
109.830           0.008951        0.512834
109.845           0.011089        0.635369
109.860           0.013231        0.758093
109.875           0.015376        0.880958
109.890           0.017522        1.003913
109.905           0.019668        1.126907
109.920           0.021815        1.249891
109.935           0.023960        1.372813
109.950           0.026104        1.495622
109.965           0.028244        1.618269
109.980           0.030381        1.740703
109.995           0.032513        1.862873
110.010           0.034640        1.984728
110.025           0.036760        2.106220
110.040           0.038874        2.227297
110.055           0.040979        2.347912
110.070           0.043075        2.468013
110.085           0.045161        2.587554
110.100           0.047237        2.706485
110.115           0.049301        2.824758
110.130           0.051353        2.942327
110.145           0.053392        3.059145
110.160           0.055417        3.175165
110.175           0.057427        3.290341
110.190           0.059422        3.404630
110.205           0.061400        3.517985
110.220           0.063362        3.630365
110.235           0.065305        3.741725
110.250           0.067231        3.852024
110.265           0.069136        3.961220
110.280           0.071022        4.069272
110.295           0.072887        4.176140
110.310           0.074731        4.281784
110.325           0.076553        4.386167
110.340           0.078352        4.489251
110.355           0.080128        4.590998
110.370           0.081880        4.691373
110.385           0.083607        4.790340
110.400           0.085309        4.887864
110.415           0.086986        4.983912
110.430           0.088636        5.078451
110.445           0.090259        5.171448
110.460           0.091854        5.262873
110.475           0.093422        5.352694
110.490           0.094961        5.440883
110.505           0.096471        5.527409
110.520           0.097952        5.612245
110.535           0.099403        5.695363
110.550           0.100823        5.776738
110.565           0.102212        5.856342
110.580           0.103570        5.934152
110.595           0.104897        6.010142
110.610           0.106191        6.084290
110.625           0.107452        6.156574
110.640           0.108681        6.226970
110.655           0.109876        6.295459
110.670           0.111038        6.362020
110.685           0.112166        6.426634
110.700           0.113259        6.489283
110.715           0.114318        6.549948
110.730           0.115342        6.608614
110.745           0.116331        6.665263
110.760           0.117284        6.719881
110.775           0.118202        6.772454
110.790           0.119083        6.822969
110.805           0.119929        6.871412
110.820           0.120738        6.917772
110.835           0.121511        6.962039
110.850           0.122246        7.004203
110.865           0.122945        7.044255
110.880           0.123607        7.082187
110.895           0.124232        7.117992
110.910           0.124820        7.151665
110.925           0.125370        7.183201
110.940           0.125884        7.212594
110.955           0.126359        7.239844
110.970           0.126797        7.264947
110.985           0.127198        7.287903
111.000           0.127561        7.308712
111.015           0.127887        7.327375
111.030           0.128175        7.343896
111.045           0.128426        7.358276
111.060           0.128640        7.370521
111.075           0.128816        7.380636
111.090           0.128956        7.388628
111.105           0.129058        7.394504
111.120           0.129124        7.398274
111.135           0.129153        7.399948
111.150           0.129146        7.399536
111.165           0.129103        7.397050
111.180           0.129024        7.392504
111.195           0.128909        7.385913
111.210           0.128758        7.377291
111.225           0.128572        7.366655
111.240           0.128352        7.354023
111.255           0.128097        7.339413
111.270           0.127808        7.322844
111.285           0.127485        7.304337
111.300           0.127128        7.283913
111.315           0.126739        7.261596
111.330           0.126317        7.237407
111.345           0.125862        7.211372
111.360           0.125376        7.183516
111.375           0.124858        7.153864
111.390           0.124310        7.122443
111.405           0.123731        7.089281
111.420           0.123123        7.054406
111.435           0.122485        7.017848
111.450           0.121818        6.979634
111.465           0.121122        6.939797
111.480           0.120399        6.898366
111.495           0.119649        6.855374
111.510           0.118872        6.810851
111.525           0.118069        6.764831
111.540           0.117240        6.717346
111.555           0.116386        6.668429
111.570           0.115508        6.618115
111.585           0.114606        6.566436
111.600           0.113681        6.513428
111.615           0.112733        6.459124
111.630           0.111763        6.403559
111.645           0.110772        6.346768
111.660           0.109760        6.288785
111.675           0.108728        6.229646
111.690           0.107676        6.169386
111.705           0.106605        6.108039
111.720           0.105516        6.045641
111.735           0.104410        5.982227
111.750           0.103286        5.917832
111.765           0.102145        5.852489
111.780           0.100989        5.786235
111.795           0.099817        5.719104
111.810           0.098631        5.651130
111.825           0.097430        5.582347
111.840           0.096216        5.512789
111.855           0.094989        5.442490
111.870           0.093750        5.371484
111.885           0.092499        5.299804
111.900           0.091237        5.227483
111.915           0.089964        5.154554
111.930           0.088681        5.081049
111.945           0.087389        5.007000
111.960           0.086087        4.932441
111.975           0.084778        4.857401
111.990           0.083460        4.781913
112.005           0.082135        4.706009
112.020           0.080804        4.629718
112.035           0.079466        4.553072
112.050           0.078123        4.476101
112.065           0.076774        4.398835
112.080           0.075421        4.321305
112.095           0.074064        4.243539
112.110           0.072703        4.165569
112.125           0.071339        4.087422
112.140           0.069972        4.009129
112.155           0.068604        3.930718
112.170           0.067234        3.852219
112.185           0.065863        3.773659
112.200           0.064491        3.695069
112.215           0.063119        3.616475
112.230           0.061748        3.537908
112.245           0.060378        3.459395
112.260           0.059009        3.380965
112.275           0.057642        3.302647
112.290           0.056278        3.224467
112.305           0.054916        3.146456
112.320           0.053558        3.068640
112.335           0.052204        2.991049
112.350           0.050854        2.913711
112.365           0.049509        2.836654
112.380           0.048169        2.759907
112.395           0.046836        2.683498
112.410           0.045509        2.607455
112.425           0.044188        2.531808
112.440           0.042875        2.456584
112.455           0.041570        2.381813
112.470           0.040274        2.307522
112.485           0.038986        2.233741
112.500           0.037708        2.160498
112.515           0.036439        2.087822
112.530           0.035181        2.015742
112.545           0.033934        1.944287
112.560           0.032698        1.873485
112.575           0.031475        1.803365
112.590           0.030263        1.733955
112.605           0.029065        1.665284
112.620           0.027880        1.597381
112.635           0.026708        1.530274
112.650           0.025551        1.463991
112.665           0.024409        1.398560
112.680           0.023283        1.334009
112.695           0.022172        1.270365
112.710           0.021078        1.207657
112.725           0.020000        1.145911
112.740           0.018940        1.085154
112.755           0.017897        1.025412
112.770           0.016872        0.966712
112.785           0.015866        0.909079
112.800           0.014880        0.852539
112.815           0.013912        0.797116
112.830           0.012965        0.742835
112.845           0.012038        0.689719
112.860           0.011132        0.637792
112.875           0.010246        0.587075
112.890           0.009383        0.537592
112.905           0.008541        0.489363
112.920           0.007721        0.442409
112.935           0.006925        0.396749
112.950           0.006151        0.352403
112.965           0.005400        0.309389
112.980           0.004673        0.267724
112.995           0.003969        0.227424
113.010           0.003290        0.188506
113.025           0.002635        0.150985
113.040           0.002005        0.114873
113.055           0.001399        0.080184
113.070           0.000819        0.046929
113.085           0.000264        0.015120
113.100          -0.000266       -0.015235
113.115          -0.000770       -0.044125
113.130          -0.001249       -0.071543
113.145          -0.001701       -0.097484
113.160          -0.002128       -0.121941
113.175          -0.002529       -0.144909
113.190          -0.002904       -0.166386
113.205          -0.003253       -0.186370
113.220          -0.003575       -0.204858
113.235          -0.003872       -0.221852
113.250          -0.004143       -0.237352
113.265          -0.004387       -0.251360
113.280          -0.004606       -0.263881
113.295          -0.004798       -0.274918
113.310          -0.004965       -0.284478
113.325          -0.005106       -0.292566
113.340          -0.005222       -0.299191
113.355          -0.005312       -0.304362
113.370          -0.005377       -0.308089
113.385          -0.005417       -0.310383
113.400          -0.005432       -0.311255
113.415          -0.005423       -0.310720
113.430          -0.005389       -0.308791
113.445          -0.005332       -0.305484
113.460          -0.005250       -0.300815
113.475          -0.005145       -0.294801
113.490          -0.005017       -0.287460
113.505          -0.004866       -0.278812
113.520          -0.004693       -0.268877
113.535          -0.004497       -0.257675
113.550          -0.004280       -0.245229
113.565          -0.004041       -0.231560
113.580          -0.003782       -0.216694
113.595          -0.003502       -0.200653
113.610          -0.003202       -0.183464
113.625          -0.002882       -0.165152
113.640          -0.002544       -0.145744
113.655          -0.002186       -0.125267
113.670          -0.001811       -0.103750
113.685          -0.001418       -0.081221
113.700          -0.001007       -0.057710
113.715          -0.000580       -0.033247
113.730          -0.000137       -0.007863
113.745           0.000321        0.018410
113.760           0.000795        0.045542
113.775           0.001283        0.073498
113.790           0.001785        0.102247
113.805           0.002300        0.131754
113.820           0.002827        0.161985
113.835           0.003367        0.192906
113.850           0.003918        0.224481
113.865           0.004480        0.256675
113.880           0.005052        0.289453
113.895           0.005634        0.322777
113.910           0.006224        0.356612
113.925           0.006823        0.390919
113.940           0.007429        0.425662
113.955           0.008043        0.460802
113.970           0.008662        0.496302
113.985           0.009287        0.532123
114.000           0.009917        0.568227
114.015           0.010552        0.604574
114.030           0.011190        0.641126
114.045           0.011831        0.677843
114.060           0.012474        0.714685
114.075           0.013118        0.751613
114.090           0.013763        0.788588
114.105           0.014409        0.825569
114.120           0.015054        0.862516
114.135           0.015697        0.899388
114.150           0.016339        0.936147
114.165           0.016978        0.972751
114.180           0.017613        1.009161
114.195           0.018245        1.045336
114.210           0.018871        1.081236
114.225           0.019492        1.116821
114.240           0.020107        1.152052
114.255           0.020715        1.186888
114.270           0.021316        1.221290
114.285           0.021908        1.255218
114.300           0.022491        1.288633
114.315           0.023064        1.321497
114.330           0.023628        1.353771
114.345           0.024180        1.385416
114.360           0.024721        1.416394
114.375           0.025249        1.446669
114.390           0.025765        1.476202
114.405           0.026266        1.504958
114.420           0.026754        1.532900
114.435           0.027227        1.559992
114.450           0.027684        1.586200
114.465           0.028126        1.611489
114.480           0.028551        1.635825
114.495           0.028958        1.659176
114.510           0.029348        1.681508
114.525           0.029719        1.702790
114.540           0.030072        1.722991
114.555           0.030405        1.742082
114.570           0.030718        1.760032
114.585           0.031011        1.776814
114.600           0.031283        1.792401
114.615           0.031534        1.806765
114.630           0.031763        1.819881
114.645           0.031970        1.831724
114.660           0.032154        1.842272
114.675           0.032315        1.851502
114.690           0.032453        1.859392
114.705           0.032566        1.865922
114.720           0.032656        1.871074
114.735           0.032722        1.874829
114.750           0.032763        1.877170
114.765           0.032779        1.878082
114.780           0.032769        1.877551
114.795           0.032735        1.875564
114.810           0.032674        1.872108
114.825           0.032588        1.867174
114.840           0.032476        1.860752
114.855           0.032338        1.852833
114.870           0.032174        1.843412
114.885           0.031983        1.832483
114.900           0.031766        1.820041
114.915           0.031522        1.806084
114.930           0.031252        1.790611
114.945           0.030956        1.773621
114.960           0.030633        1.755115
114.975           0.030283        1.735096
114.990           0.029907        1.713568
115.005           0.029505        1.690534
115.020           0.029077        1.666003
115.035           0.028623        1.639981
115.050           0.028143        1.612478
115.065           0.027637        1.583502
115.080           0.027106        1.553067
115.095           0.026550        1.521183
115.110           0.025968        1.487865
115.125           0.025362        1.453129
115.140           0.024731        1.416989
115.155           0.024076        1.379463
115.170           0.023397        1.340570
115.185           0.022695        1.300330
115.200           0.021970        1.258762
115.215           0.021221        1.215888
115.230           0.020451        1.171732
115.245           0.019658        1.126317
115.260           0.018844        1.079667
115.275           0.018008        1.031809
115.290           0.017153        0.982769
115.305           0.016276        0.932574
115.320           0.015381        0.881254
115.335           0.014466        0.828838
115.350           0.013532        0.775355
115.365           0.012581        0.720837
115.380           0.011612        0.665316
115.395           0.010626        0.608825
115.410           0.009624        0.551396
115.425           0.008606        0.493064
115.440           0.007572        0.433864
115.455           0.006525        0.373831
115.470           0.005463        0.313002
115.485           0.004388        0.251412
115.500           0.003300        0.189100
115.515           0.002201        0.126103
115.530           0.001090        0.062460
115.545          -0.000031       -0.001790
115.560          -0.001163       -0.066609
115.575          -0.002303       -0.131955
115.590          -0.003452       -0.197790
115.605          -0.004609       -0.264072
115.620          -0.005773       -0.330760
115.635          -0.006943       -0.397813
115.650          -0.008119       -0.465189
115.665          -0.009300       -0.532846
115.680          -0.010485       -0.600742
115.695          -0.011673       -0.668835
115.710          -0.012865       -0.737082
115.725          -0.014058       -0.805440
115.740          -0.015252       -0.873866
115.755          -0.016447       -0.942318
115.770          -0.017641       -1.010753
115.785          -0.018834       -1.079126
115.800          -0.020026       -1.147396
115.815          -0.021215       -1.215520
115.830          -0.022400       -1.283454
115.845          -0.023582       -1.351156
115.860          -0.024759       -1.418582
115.875          -0.025930       -1.485692
115.890          -0.027095       -1.552442
115.905          -0.028253       -1.618791
115.920          -0.029404       -1.684697
115.935          -0.030545       -1.750119
115.950          -0.031678       -1.815016
115.965          -0.032801       -1.879347
115.980          -0.033913       -1.943073
115.995          -0.035014       -2.006154
116.010          -0.036103       -2.068552
116.025          -0.037179       -2.130227
116.040          -0.038243       -2.191143
116.055          -0.039292       -2.251262
116.070          -0.040327       -2.310547
116.085          -0.041346       -2.368965
116.100          -0.042350       -2.426479
116.115          -0.043337       -2.483055
116.130          -0.044308       -2.538662
116.145          -0.045261       -2.593265
116.160          -0.046196       -2.646835
116.175          -0.047112       -2.699341
116.190          -0.048010       -2.750753
116.205          -0.048887       -2.801044
116.220          -0.049745       -2.850185
116.235          -0.050582       -2.898152
116.250          -0.051399       -2.944919
116.265          -0.052193       -2.990462
116.280          -0.052967       -3.034758
116.295          -0.053718       -3.077787
116.310          -0.054446       -3.119527
116.325          -0.055152       -3.159960
116.340          -0.055834       -3.199068
116.355          -0.056493       -3.236834
116.370          -0.057129       -3.273243
116.385          -0.057740       -3.308282
116.400          -0.058328       -3.341937
116.415          -0.058891       -3.374197
116.430          -0.059429       -3.405052
116.445          -0.059943       -3.434493
116.460          -0.060432       -3.462513
116.475          -0.060896       -3.489105
116.490          -0.061335       -3.514265
116.505          -0.061750       -3.537988
116.520          -0.062138       -3.560273
116.535          -0.062502       -3.581119
116.550          -0.062841       -3.600524
116.565          -0.063155       -3.618491
116.580          -0.063443       -3.635022
116.595          -0.063707       -3.650121
116.610          -0.063945       -3.663793
116.625          -0.064159       -3.676042
116.640          -0.064348       -3.686878
116.655          -0.064513       -3.696307
116.670          -0.064653       -3.704338
116.685          -0.064769       -3.710982
116.700          -0.064861       -3.716250
116.715          -0.064929       -3.720154
116.730          -0.064973       -3.722706
116.745          -0.064995       -3.723921
116.760          -0.064993       -3.723813
116.775          -0.064968       -3.722397
116.790          -0.064921       -3.719690
116.805          -0.064851       -3.715707
116.820          -0.064760       -3.710468
116.835          -0.064647       -3.703989
116.850          -0.064512       -3.696289
116.865          -0.064357       -3.687388
116.880          -0.064181       -3.677306
116.895          -0.063985       -3.666062
116.910          -0.063769       -3.653677
116.925          -0.063533       -3.640172
116.940          -0.063278       -3.625568
116.955          -0.063004       -3.609888
116.970          -0.062712       -3.593152
116.985          -0.062402       -3.575384
117.000          -0.062074       -3.556605
117.015          -0.061729       -3.536839
117.030          -0.061368       -3.516107
117.045          -0.060989       -3.494433
117.060          -0.060595       -3.471840
117.075          -0.060185       -3.448350
117.090          -0.059760       -3.423987
117.105          -0.059320       -3.398773
117.120          -0.058865       -3.372732
117.135          -0.058397       -3.345887
117.150          -0.057915       -3.318261
117.165          -0.057419       -3.289876
117.180          -0.056911       -3.260755
117.195          -0.056390       -3.230921
117.210          -0.055857       -3.200396
117.225          -0.055313       -3.169203
117.240          -0.054757       -3.137364
117.255          -0.054191       -3.104901
117.270          -0.053614       -3.071836
117.285          -0.053026       -3.038191
117.300          -0.052429       -3.003986
117.315          -0.051823       -2.969244
117.330          -0.051208       -2.933986
117.345          -0.050584       -2.898232
117.360          -0.049951       -2.862003
117.375          -0.049311       -2.825319
117.390          -0.048663       -2.788201
117.405          -0.048008       -2.750669
117.420          -0.047346       -2.712743
117.435          -0.046678       -2.674441
117.450          -0.046003       -2.635784
117.465          -0.045323       -2.596790
117.480          -0.044636       -2.557478
117.495          -0.043945       -2.517867
117.510          -0.043249       -2.477975
117.525          -0.042548       -2.437821
117.540          -0.041843       -2.397421
117.555          -0.041134       -2.356795
117.570          -0.040421       -2.315958
117.585          -0.039705       -2.274930
117.600          -0.038986       -2.233725
117.615          -0.038264       -2.192362
117.630          -0.037540       -2.150857
117.645          -0.036813       -2.109226
117.660          -0.036084       -2.067484
117.675          -0.035354       -2.025649
117.690          -0.034623       -1.983735
117.705          -0.033890       -1.941758
117.720          -0.033157       -1.899733
117.735          -0.032423       -1.857675
117.750          -0.031688       -1.815599
117.765          -0.030954       -1.773519
117.780          -0.030220       -1.731450
117.795          -0.029486       -1.689405
117.810          -0.028753       -1.647399
117.825          -0.028020       -1.605445
117.840          -0.027289       -1.563556
117.855          -0.026559       -1.521746
117.870          -0.025831       -1.480027
117.885          -0.025105       -1.438413
117.900          -0.024381       -1.396916
117.915          -0.023659       -1.355548
117.930          -0.022939       -1.314321
117.945          -0.022222       -1.273248
117.960          -0.021508       -1.232339
117.975          -0.020797       -1.191608
117.990          -0.020090       -1.151064
118.005          -0.019386       -1.110719
118.020          -0.018685       -1.070584
118.035          -0.017989       -1.030670
118.050          -0.017296       -0.990987
118.065          -0.016608       -0.951545
118.080          -0.015924       -0.912356
118.095          -0.015244       -0.873428
118.110          -0.014570       -0.834772
118.125          -0.013900       -0.796398
118.140          -0.013235       -0.758314
118.155          -0.012576       -0.720532
118.170          -0.011922       -0.683058
118.185          -0.011273       -0.645904
118.200          -0.010630       -0.609078
118.215          -0.009994       -0.572589
118.230          -0.009363       -0.536445
118.245          -0.008738       -0.500655
118.260          -0.008120       -0.465229
118.275          -0.007508       -0.430174
118.290          -0.006903       -0.395499
118.305          -0.006304       -0.361212
118.320          -0.005713       -0.327321
118.335          -0.005128       -0.293835
118.350          -0.004551       -0.260762
118.365          -0.003981       -0.228110
118.380          -0.003419       -0.195886
118.395          -0.002864       -0.164100
118.410          -0.002317       -0.132759
118.425          -0.001778       -0.101870
118.440          -0.001247       -0.071442
118.455          -0.000724       -0.041484
118.470          -0.000209       -0.012001
118.485           0.000297        0.016996
118.500           0.000794        0.045502
118.515           0.001283        0.073507
118.530           0.001763        0.101004
118.545           0.002234        0.127984
118.560           0.002696        0.154441
118.575           0.003148        0.180366
118.590           0.003591        0.205752
118.605           0.004025        0.230590
118.620           0.004448        0.254873
118.635           0.004862        0.278592
118.650           0.005266        0.301741
118.665           0.005660        0.324311
118.680           0.006044        0.346294
118.695           0.006417        0.367682
118.710           0.006780        0.388469
118.725           0.007132        0.408645
118.740           0.007474        0.428204
118.755           0.007804        0.447137
118.770           0.008123        0.465437
118.785           0.008432        0.483097
118.800           0.008729        0.500109
118.815           0.009014        0.516465
118.830           0.009288        0.532158
118.845           0.009550        0.547181
118.860           0.009800        0.561527
118.875           0.010039        0.575188
118.890           0.010265        0.588157
118.905           0.010479        0.600428
118.920           0.010681        0.611994
118.935           0.010871        0.622849
118.950           0.011048        0.632985
118.965           0.011212        0.642396
118.980           0.011363        0.651077
118.995           0.011502        0.659021
119.010           0.011628        0.666222
119.025           0.011740        0.672676
119.040           0.011840        0.678375
119.055           0.011926        0.683317
119.070           0.011999        0.687494
119.085           0.012059        0.690903
119.100           0.012105        0.693538
119.115           0.012137        0.695397
119.130           0.012156        0.696474
119.145           0.012161        0.696766
119.160           0.012152        0.696269
119.175           0.012130        0.694981
119.190           0.012093        0.692898
119.205           0.012043        0.690018
119.220           0.011979        0.686338
119.235           0.011901        0.681856
119.250           0.011808        0.676572
119.265           0.011702        0.670483
119.280           0.011582        0.663589
119.295           0.011447        0.655889
119.310           0.011299        0.647383
119.325           0.011136        0.638070
119.340           0.010960        0.627953
119.355           0.010769        0.617031
119.370           0.010565        0.605306
119.385           0.010346        0.592779
119.400           0.010113        0.579454
119.415           0.009867        0.565332
119.430           0.009607        0.550417
119.445           0.009332        0.534713
119.460           0.009045        0.518223
119.475           0.008743        0.500951
119.490           0.008428        0.482904
119.505           0.008100        0.464086
119.520           0.007758        0.444504
119.535           0.007403        0.424163
119.550           0.007035        0.403072
119.565           0.006654        0.381237
119.580           0.006260        0.358667
119.595           0.005853        0.335371
119.610           0.005434        0.311357
119.625           0.005003        0.286636
119.640           0.004559        0.261218
119.655           0.004104        0.235115
119.670           0.003636        0.208336
119.685           0.003157        0.180896
119.700           0.002667        0.152806
119.715           0.002166        0.124080
119.730           0.001653        0.094732
119.745           0.001131        0.064776
119.760           0.000597        0.034229
119.775           0.000054        0.003104
119.790          -0.000499       -0.028580
119.805          -0.001061       -0.060807
119.820          -0.001633       -0.093559
119.835          -0.002213       -0.126819
119.850          -0.002802       -0.160567
119.865          -0.003400       -0.194783
119.880          -0.004005       -0.229449
119.895          -0.004617       -0.264542
119.910          -0.005237       -0.300043
119.925          -0.005863       -0.335929
119.940          -0.006496       -0.372178
119.955          -0.007134       -0.408767
119.970          -0.007778       -0.445673
119.985          -0.008428       -0.482873
120.000          -0.009082       -0.520341
120.015          -0.009740       -0.558054
120.030          -0.010402       -0.595986
120.045          -0.011067       -0.634111
120.060          -0.011736       -0.672403
120.075          -0.012406       -0.710837
120.090          -0.013079       -0.749386
120.105          -0.013754       -0.788021
120.120          -0.014429       -0.826717
120.135          -0.015105       -0.865446
120.150          -0.015781       -0.904179
120.165          -0.016457       -0.942889
120.180          -0.017131       -0.981548
120.195          -0.017805       -1.020127
120.210          -0.018476       -1.058598
120.225          -0.019145       -1.096932
120.240          -0.019811       -1.135101
120.255          -0.020474       -1.173075
120.270          -0.021133       -1.210827
120.285          -0.021787       -1.248328
120.300          -0.022437       -1.285549
120.315          -0.023081       -1.322462
120.330          -0.023720       -1.359039
120.345          -0.024352       -1.395251
120.360          -0.024977       -1.431071
120.375          -0.025595       -1.466471
120.390          -0.026205       -1.501423
120.405          -0.026807       -1.535900
120.420          -0.027400       -1.569876
120.435          -0.027983       -1.603324
120.450          -0.028557       -1.636217
120.465          -0.029121       -1.668531
120.480          -0.029675       -1.700239
120.495          -0.030217       -1.731316
120.510          -0.030748       -1.761739
120.525          -0.031267       -1.791483
120.540          -0.031774       -1.820524
120.555          -0.032268       -1.848839
120.570          -0.032749       -1.876406
120.585          -0.033217       -1.903203
120.600          -0.033671       -1.929208
120.615          -0.034111       -1.954401
120.630          -0.034536       -1.978760
120.645          -0.034946       -2.002267
120.660          -0.035341       -2.024901
120.675          -0.035721       -2.046645
120.690          -0.036084       -2.067480
120.705          -0.036432       -2.087388
120.720          -0.036763       -2.106353
120.735          -0.037077       -2.124359
120.750          -0.037374       -2.141390
120.765          -0.037654       -2.157430
120.780          -0.037917       -2.172466
120.795          -0.038161       -2.186483
120.810          -0.038388       -2.199467
120.825          -0.038596       -2.211408
120.840          -0.038786       -2.222291
120.855          -0.038958       -2.232106
120.870          -0.039110       -2.240841
120.885          -0.039243       -2.248487
120.900          -0.039358       -2.255033
120.915          -0.039453       -2.260469
120.930          -0.039528       -2.264788
120.945          -0.039584       -2.267981
120.960          -0.039620       -2.270040
120.975          -0.039636       -2.270959
120.990          -0.039632       -2.270730
121.005          -0.039608       -2.269347
121.020          -0.039563       -2.266805
121.035          -0.039499       -2.263099
121.050          -0.039413       -2.258224
121.065          -0.039308       -2.252177
121.080          -0.039182       -2.244954
121.095          -0.039035       -2.236551
121.110          -0.038868       -2.226967
121.125          -0.038680       -2.216199
121.140          -0.038471       -2.204246
121.155          -0.038242       -2.191107
121.170          -0.037992       -2.176781
121.185          -0.037721       -2.161269
121.200          -0.037430       -2.144571
121.215          -0.037118       -2.126688
121.230          -0.036785       -2.107622
121.245          -0.036432       -2.087374
121.260          -0.036058       -2.065949
121.275          -0.035663       -2.043347
121.290          -0.035248       -2.019575
121.305          -0.034813       -1.994635
121.320          -0.034357       -1.968533
121.335          -0.033882       -1.941273
121.350          -0.033386       -1.912863
121.365          -0.032870       -1.883307
121.380          -0.032334       -1.852614
121.395          -0.031779       -1.820792
121.410          -0.031204       -1.787847
121.425          -0.030609       -1.753790
121.440          -0.029996       -1.718629
121.455          -0.029363       -1.682375
121.470          -0.028711       -1.645039
121.485          -0.028041       -1.606630
121.500          -0.027352       -1.567163
121.515          -0.026645       -1.526648
121.530          -0.025920       -1.485100
121.545          -0.025177       -1.442531
121.560          -0.024416       -1.398956
121.575          -0.023639       -1.354391
121.590          -0.022844       -1.308851
121.605          -0.022032       -1.262352
121.620          -0.021204       -1.214911
121.635          -0.020360       -1.166545
121.650          -0.019500       -1.117273
121.665          -0.018625       -1.067114
121.680          -0.017734       -1.016087
121.695          -0.016829       -0.964212
121.710          -0.015909       -0.911509
121.725          -0.014975       -0.858000
121.740          -0.014027       -0.803706
121.755          -0.013066       -0.748650
121.770          -0.012093       -0.692855
121.785          -0.011106       -0.636343
121.800          -0.010108       -0.579140
121.815          -0.009098       -0.521269
121.830          -0.008077       -0.462756
121.845          -0.007045       -0.403626
121.860          -0.006002       -0.343905
121.875          -0.004950       -0.283619
121.890          -0.003889       -0.222796
121.905          -0.002818       -0.161463
121.920          -0.001739       -0.099648
121.935          -0.000652       -0.037378
121.950           0.000442        0.025317
121.965           0.001543        0.088409
121.980           0.002651        0.151868
121.995           0.003764        0.215666
122.010           0.004883        0.279771
122.025           0.006007        0.344153
122.040           0.007135        0.408783
122.055           0.008266        0.473629
122.070           0.009401        0.538661
122.085           0.010539        0.603846
122.100           0.011679        0.669154
122.115           0.012820        0.734554
122.130           0.013963        0.800012
122.145           0.015106        0.865498
122.160           0.016249        0.930979
122.175           0.017391        0.996423
122.190           0.018532        1.061798
122.205           0.019671        1.127071
122.220           0.020808        1.192210
122.235           0.021942        1.257183
122.250           0.023072        1.321956
122.265           0.024199        1.386498
122.280           0.025321        1.450775
122.295           0.026437        1.514755
122.310           0.027548        1.578406
122.325           0.028653        1.641694
122.340           0.029751        1.704589
122.355           0.030841        1.767056
122.370           0.031923        1.829064
122.385           0.032997        1.890581
122.400           0.034061        1.951575
122.415           0.035116        2.012013
122.430           0.036161        2.071863
122.445           0.037195        2.131095
122.460           0.038217        2.189676
122.475           0.039228        2.247575
122.490           0.040226        2.304761
122.505           0.041211        2.361203
122.520           0.042182        2.416870
122.535           0.043140        2.471733
122.550           0.044083        2.525759
122.565           0.045011        2.578921
122.580           0.045923        2.631187
122.595           0.046819        2.682530
122.610           0.047698        2.732918
122.625           0.048561        2.782325
122.640           0.049405        2.830722
122.655           0.050232        2.878081
122.670           0.051040        2.924374
122.685           0.051829        2.969574
122.700           0.052598        3.013654
122.715           0.053348        3.056589
122.730           0.054076        3.098353
122.745           0.054784        3.138920
122.760           0.055471        3.178265
122.775           0.056136        3.216366
122.790           0.056779        3.253197
122.805           0.057399        3.288736
122.820           0.057997        3.322961
122.835           0.058571        3.355849
122.850           0.059121        3.387380
122.865           0.059647        3.417534
122.880           0.060149        3.446290
122.895           0.060626        3.473629
122.910           0.061078        3.499533
122.925           0.061505        3.523985
122.940           0.061906        3.546968
122.955           0.062281        3.568466
122.970           0.062631        3.588463
122.985           0.062953        3.606947
123.000           0.063249        3.623902
123.015           0.063518        3.639317
123.030           0.063760        3.653180
123.045           0.063975        3.665480
123.060           0.064162        3.676207
123.075           0.064322        3.685354
123.090           0.064453        3.692911
123.105           0.064558        3.698873
123.120           0.064634        3.703233
123.135           0.064682        3.705986
123.150           0.064702        3.707129
123.165           0.064693        3.706659
123.180           0.064657        3.704574
123.195           0.064592        3.700874
123.210           0.064500        3.695559
123.225           0.064379        3.688631
123.240           0.064230        3.680092
123.255           0.064053        3.669946
123.270           0.063848        3.658198
123.285           0.063615        3.644853
123.300           0.063354        3.629920
123.315           0.063066        3.613405
123.330           0.062750        3.595319
123.345           0.062407        3.575671
123.360           0.062037        3.554473
123.375           0.061640        3.531738
123.390           0.061217        3.507479
123.405           0.060767        3.481711
123.420           0.060292        3.454450
123.435           0.059790        3.425712
123.450           0.059263        3.395515
123.465           0.058711        3.363880
123.480           0.058134        3.330825
123.495           0.057533        3.296371
123.510           0.056907        3.260542
123.525           0.056258        3.223359
123.540           0.055586        3.184847
123.555           0.054891        3.145031
123.570           0.054174        3.103937
123.585           0.053435        3.061592
123.600           0.052674        3.018024
123.615           0.051893        2.973261
123.630           0.051092        2.927333
123.645           0.050270        2.880271
123.660           0.049430        2.832106
123.675           0.048570        2.782869
123.690           0.047693        2.732594
123.705           0.046798        2.681314
123.720           0.045886        2.629063
123.735           0.044958        2.575877
123.750           0.044014        2.521791
123.765           0.043055        2.466842
123.780           0.042081        2.411065
123.795           0.041094        2.354499
123.810           0.040093        2.297181
123.825           0.039081        2.239150
123.840           0.038056        2.180445
123.855           0.037020        2.121105
123.870           0.035974        2.061169
123.885           0.034918        2.000678
123.900           0.033854        1.939672
123.915           0.032781        1.878192
123.930           0.031700        1.816278
123.945           0.030613        1.753972
123.960           0.029519        1.691314
123.975           0.028420        1.628346
123.990           0.027316        1.565110
124.005           0.026209        1.501646
124.020           0.025098        1.437997
124.035           0.023984        1.374203
124.050           0.022869        1.310306
124.065           0.021753        1.246347
124.080           0.020636        1.182367
124.095           0.019520        1.118407
124.110           0.018405        1.054507
124.125           0.017291        0.990707
124.140           0.016180        0.927048
124.155           0.015072        0.863568
124.170           0.013968        0.800307
124.185           0.012868        0.737303
124.200           0.011774        0.674595
124.215           0.010685        0.612220
124.230           0.009603        0.550215
124.245           0.008528        0.488617
124.260           0.007461        0.427461
124.275           0.006402        0.366782
124.290           0.005351        0.306615
124.305           0.004311        0.246994
124.320           0.003280        0.187950
124.335           0.002261        0.129517
124.350           0.001252        0.071726
124.365           0.000255        0.014607
124.380          -0.000730       -0.041810
124.395          -0.001702       -0.097497
124.410          -0.002660       -0.152426
124.425          -0.003605       -0.206571
124.440          -0.004536       -0.259904
124.455          -0.005452       -0.312401
124.470          -0.006354       -0.364039
124.485          -0.007240       -0.414794
124.500          -0.008110       -0.464644
124.515          -0.008963       -0.513569
124.530          -0.009801       -0.561548
124.545          -0.010621       -0.608562
124.560          -0.011425       -0.654594
124.575          -0.012211       -0.699626
124.590          -0.012979       -0.743642
124.605          -0.013729       -0.786627
124.620          -0.014461       -0.828568
124.635          -0.015175       -0.869451
124.650          -0.015870       -0.909264
124.665          -0.016546       -0.947996
124.680          -0.017203       -0.985636
124.695          -0.017840       -1.022177
124.710          -0.018459       -1.057608
124.725          -0.019058       -1.091923
124.740          -0.019637       -1.125115
124.755          -0.020197       -1.157178
124.770          -0.020736       -1.188108
124.785          -0.021256       -1.217900
124.800          -0.021756       -1.246550
124.815          -0.022236       -1.274057
124.830          -0.022697       -1.300419
124.845          -0.023137       -1.325634
124.860          -0.023557       -1.349702
124.875          -0.023957       -1.372623
124.890          -0.024337       -1.394399
124.905          -0.024697       -1.415030
124.920          -0.025037       -1.434519
124.935          -0.025357       -1.452868
124.950          -0.025658       -1.470082
124.965          -0.025938       -1.486163
124.980          -0.026199       -1.501115
124.995          -0.026441       -1.514945
125.010          -0.026663       -1.527656
125.025          -0.026865       -1.539255
125.040          -0.027048       -1.549748
125.055          -0.027212       -1.559142
125.070          -0.027357       -1.567442
125.085          -0.027483       -1.574658
125.100          -0.027590       -1.580796
125.115          -0.027679       -1.585864
125.130          -0.027749       -1.589872
125.145          -0.027800       -1.592828
125.160          -0.027833       -1.594740
125.175          -0.027849       -1.595619
125.190          -0.027846       -1.595474
125.205          -0.027826       -1.594315
125.220          -0.027788       -1.592153
125.235          -0.027733       -1.588998
125.250          -0.027661       -1.584862
125.265          -0.027572       -1.579755
125.280          -0.027466       -1.573689
125.295          -0.027344       -1.566676
125.310          -0.027205       -1.558728
125.325          -0.027050       -1.549857
125.340          -0.026879       -1.540077
125.355          -0.026693       -1.529400
125.370          -0.026491       -1.517840
125.385          -0.026274       -1.505409
125.400          -0.026042       -1.492123
125.415          -0.025796       -1.477995
125.430          -0.025535       -1.463040
125.445          -0.025260       -1.447273
125.460          -0.024971       -1.430708
125.475          -0.024668       -1.413361
125.490          -0.024352       -1.395247
125.505          -0.024022       -1.376383
125.520          -0.023680       -1.356786
125.535          -0.023326       -1.336470
125.550          -0.022959       -1.315454
125.565          -0.022580       -1.293754
125.580          -0.022190       -1.271387
125.595          -0.021788       -1.248372
125.610          -0.021376       -1.224726
125.625          -0.020952       -1.200467
125.640          -0.020518       -1.175614
125.655          -0.020075       -1.150184
125.670          -0.019621       -1.124198
125.685          -0.019158       -1.097673
125.700          -0.018686       -1.070629
125.715          -0.018205       -1.043086
125.730          -0.017716       -1.015062
125.745          -0.017219       -0.986577
125.760          -0.016714       -0.957650
125.775          -0.016202       -0.928303
125.790          -0.015683       -0.898553
125.805          -0.015157       -0.868422
125.820          -0.014625       -0.837928
125.835          -0.014086       -0.807092
125.850          -0.013543       -0.775934
125.865          -0.012994       -0.744474
125.880          -0.012439       -0.712730
125.895          -0.011881       -0.680723
125.910          -0.011318       -0.648472
125.925          -0.010751       -0.615997
125.940          -0.010181       -0.583316
125.955          -0.009607       -0.550449
125.970          -0.009031       -0.517414
125.985          -0.008451       -0.484230
126.000          -0.007870       -0.450916
126.015          -0.007287       -0.417488
126.030          -0.006701       -0.383966
126.045          -0.006115       -0.350366
126.060          -0.005528       -0.316705
126.075          -0.004939       -0.283001
126.090          -0.004351       -0.249270
126.105          -0.003762       -0.215527
126.120          -0.003173       -0.181788
126.135          -0.002584       -0.148069
126.150          -0.001996       -0.114384
126.165          -0.001409       -0.080749
126.180          -0.000823       -0.047176
126.195          -0.000239       -0.013681
126.210           0.000344        0.019725
126.225           0.000926        0.053028
126.240           0.001505        0.086216
126.255           0.002082        0.119277
126.270           0.002656        0.152199
126.285           0.003228        0.184970
126.300           0.003798        0.217581
126.315           0.004364        0.250020
126.330           0.004927        0.282278
126.345           0.005486        0.314344
126.360           0.006042        0.346210
126.375           0.006595        0.377865
126.390           0.007144        0.409303
126.405           0.007688        0.440513
126.420           0.008229        0.471489
126.435           0.008765        0.502221
126.450           0.009297        0.532702
126.465           0.009825        0.562926
126.480           0.010348        0.592884
126.495           0.010866        0.622569
126.510           0.011379        0.651976
126.525           0.011887        0.681097
126.540           0.012391        0.709925
126.555           0.012888        0.738455
126.570           0.013381        0.766680
126.585           0.013868        0.794595
126.600           0.014350        0.822192
126.615           0.014826        0.849466
126.630           0.015296        0.876411
126.645           0.015761        0.903021
126.660           0.016219        0.929291
126.675           0.016672        0.955214
126.690           0.017118        0.980786
126.705           0.017558        1.005999
126.720           0.017992        1.030850
126.735           0.018419        1.055331
126.750           0.018840        1.079438
126.765           0.019254        1.103164
126.780           0.019661        1.126505
126.795           0.020062        1.149454
126.810           0.020455        1.172006
126.825           0.020842        1.194156
126.840           0.021221        1.215898
126.855           0.021594        1.237227
126.870           0.021959        1.258138
126.885           0.022316        1.278625
126.900           0.022666        1.298684
126.915           0.023009        1.318308
126.930           0.023344        1.337495
126.945           0.023671        1.356238
126.960           0.023990        1.374533
126.975           0.024302        1.392376
126.990           0.024605        1.409763
127.005           0.024900        1.426690
127.020           0.025188        1.443153
127.035           0.025467        1.459149
127.050           0.025738        1.474674
127.065           0.026001        1.489726
127.080           0.026255        1.504303
127.095           0.026501        1.518401
127.110           0.026739        1.532020
127.125           0.026968        1.545157
127.140           0.027189        1.557812
127.155           0.027401        1.569984
127.170           0.027605        1.581673
127.185           0.027801        1.592880
127.200           0.027988        1.603604
127.215           0.028167        1.613847
127.230           0.028337        1.623610
127.245           0.028499        1.632897
127.260           0.028653        1.641708
127.275           0.028799        1.650048
127.290           0.028936        1.657921
127.305           0.029065        1.665329
127.320           0.029187        1.672278
127.335           0.029300        1.678773
127.350           0.029406        1.684820
127.365           0.029503        1.690424
127.380           0.029594        1.695593
127.395           0.029676        1.700333
127.410           0.029752        1.704652
127.425           0.029820        1.708559
127.440           0.029881        1.712061
127.455           0.029935        1.715167
127.470           0.029983        1.717887
127.485           0.030024        1.720231
127.500           0.030058        1.722209
127.515           0.030087        1.723831
127.530           0.030109        1.725108
127.545           0.030125        1.726051
127.560           0.030136        1.726671
127.575           0.030142        1.726981
127.590           0.030142        1.726992
127.605           0.030137        1.726715
127.620           0.030127        1.726164
127.635           0.030113        1.725351
127.650           0.030095        1.724288
127.665           0.030072        1.722988
127.680           0.030045        1.721463
127.695           0.030015        1.719727
127.710           0.029981        1.717791
127.725           0.029944        1.715668
127.740           0.029904        1.713371
127.755           0.029861        1.710912
127.770           0.029816        1.708304
127.785           0.029768        1.705558
127.800           0.029717        1.702686
127.815           0.029665        1.699700
127.830           0.029611        1.696612
127.845           0.029556        1.693431
127.860           0.029499        1.690170
127.875           0.029441        1.686839
127.890           0.029382        1.683447
127.905           0.029322        1.680005
127.920           0.029261        1.676520
127.935           0.029199        1.673004
127.950           0.029138        1.669462
127.965           0.029076        1.665904
127.980           0.029013        1.662337
127.995           0.028951        1.658768
128.010           0.028889        1.655202
128.025           0.028827        1.651646
128.040           0.028765        1.648105
128.055           0.028703        1.644582
128.070           0.028642        1.641083
128.085           0.028582        1.637611
128.100           0.028522        1.634168
128.115           0.028462        1.630757
128.130           0.028403        1.627378
128.145           0.028345        1.624033
128.160           0.028287        1.620723
128.175           0.028230        1.617446
128.190           0.028173        1.614201
128.205           0.028117        1.610988
128.220           0.028061        1.607803
128.235           0.028006        1.604643
128.250           0.027952        1.601506
128.265           0.027897        1.598386
128.280           0.027843        1.595278
128.295           0.027789        1.592179
128.310           0.027735        1.589080
128.325           0.027680        1.585975
128.340           0.027626        1.582858
128.355           0.027571        1.579719
128.370           0.027516        1.576551
128.385           0.027460        1.573345
128.400           0.027403        1.570091
128.415           0.027345        1.566778
128.430           0.027286        1.563396
128.445           0.027226        1.559935
128.460           0.027164        1.556381
128.475           0.027100        1.552724
128.490           0.027034        1.548950
128.505           0.026966        1.545047
128.520           0.026896        1.541000
128.535           0.026822        1.536798
128.550           0.026746        1.532424
128.565           0.026666        1.527865
128.580           0.026583        1.523105
128.595           0.026496        1.518131
128.610           0.026406        1.512925
128.625           0.026310        1.507474
128.640           0.026211        1.501760
128.655           0.026106        1.495769
128.670           0.025996        1.489483
128.685           0.025881        1.482887
128.700           0.025760        1.475964
128.715           0.025634        1.468697
128.730           0.025501        1.461071
128.745           0.025361        1.453069
128.760           0.025214        1.444674
128.775           0.025061        1.435869
128.790           0.024900        1.426640
128.805           0.024731        1.416969
128.820           0.024554        1.406840
128.835           0.024369        1.396239
128.850           0.024175        1.385148
128.865           0.023973        1.373553
128.880           0.023762        1.361438
128.895           0.023541        1.348789
128.910           0.023310        1.335592
128.925           0.023070        1.321832
128.940           0.022820        1.307495
128.955           0.022560        1.292569
128.970           0.022289        1.277041
128.985           0.022007        1.260898
129.000           0.021714        1.244129
129.015           0.021410        1.226722
129.030           0.021095        1.208667
129.045           0.020769        1.189953
129.060           0.020430        1.170572
129.075           0.020080        1.150514
129.090           0.019718        1.129771
129.105           0.019344        1.108336
129.120           0.018958        1.086202
129.135           0.018559        1.063362
129.150           0.018148        1.039811
129.165           0.017725        1.015544
129.180           0.017289        0.990558
129.195           0.016840        0.964849
129.210           0.016378        0.938414
129.225           0.015904        0.911253
129.240           0.015418        0.883363
129.255           0.014918        0.854744
129.270           0.014406        0.825397
129.285           0.013881        0.795324
129.300           0.013343        0.764525
129.315           0.012793        0.733005
129.330           0.012231        0.700766
129.345           0.011656        0.667812
129.360           0.011068        0.634148
129.375           0.010468        0.599781
129.390           0.009856        0.564715
129.405           0.009232        0.528959
129.420           0.008596        0.492519
129.435           0.007948        0.455405
129.450           0.007289        0.417624
129.465           0.006618        0.379186
129.480           0.005936        0.340102
129.495           0.005243        0.300382
129.510           0.004539        0.260037
129.525           0.003824        0.219079
129.540           0.003098        0.177520
129.555           0.002363        0.135372
129.570           0.001617        0.092650
129.585           0.000862        0.049365
129.600           0.000097        0.005533
129.615          -0.000678       -0.038832
129.630          -0.001461       -0.083717
129.645          -0.002253       -0.129105
129.660          -0.003054       -0.174981
129.675          -0.003863       -0.221331
129.690          -0.004680       -0.268137
129.705          -0.005504       -0.315384
129.720          -0.006337       -0.363056
129.735          -0.007176       -0.411136
129.750          -0.008022       -0.459607
129.765          -0.008874       -0.508452
129.780          -0.009733       -0.557655
129.795          -0.010598       -0.607198
129.810          -0.011468       -0.657064
129.825          -0.012344       -0.707236
129.840          -0.013224       -0.757696
129.855          -0.014110       -0.808426
129.870          -0.015000       -0.859410
129.885          -0.015893       -0.910629
129.900          -0.016791       -0.962065
129.915          -0.017692       -1.013702
129.930          -0.018597       -1.065521
129.945          -0.019504       -1.117505
129.960          -0.020414       -1.169636
129.975          -0.021326       -1.221896
129.990          -0.022240       -1.274268
130.005          -0.023156       -1.326734
130.020          -0.024073       -1.379275
130.035          -0.024991       -1.431876
130.050          -0.025910       -1.484517
130.065          -0.026829       -1.537181
130.080          -0.027748       -1.589851
130.095          -0.028667       -1.642509
130.110          -0.029586       -1.695138
130.125          -0.030503       -1.747720
130.140          -0.031420       -1.800237
130.155          -0.032335       -1.852673
130.170          -0.033249       -1.905009
130.185          -0.034160       -1.957228
130.200          -0.035069       -2.009313
130.215          -0.035976       -2.061247
130.230          -0.036879       -2.113013
130.245          -0.037779       -2.164592
130.260          -0.038676       -2.215969
130.275          -0.039569       -2.267125
130.290          -0.040457       -2.318044
130.305          -0.041342       -2.368708
130.320          -0.042221       -2.419102
130.335          -0.043096       -2.469207
130.350          -0.043965       -2.519007
130.365          -0.044829       -2.568486
130.380          -0.045686       -2.617626
130.395          -0.046538       -2.666411
130.410          -0.047383       -2.714826
130.425          -0.048221       -2.762852
130.440          -0.049052       -2.810475
130.455          -0.049876       -2.857678
130.470          -0.050692       -2.904446
130.485          -0.051501       -2.950762
130.500          -0.052301       -2.996611
130.515          -0.053093       -3.041979
130.530          -0.053876       -3.086849
130.545          -0.054650       -3.131208
130.560          -0.055415       -3.175039
130.575          -0.056170       -3.218331
130.590          -0.056916       -3.261067
130.605          -0.057652       -3.303234
130.620          -0.058378       -3.344820
130.635          -0.059094       -3.385811
130.650          -0.059798       -3.426193
130.665          -0.060492       -3.465956
130.680          -0.061175       -3.505086
130.695          -0.061847       -3.543572
130.710          -0.062507       -3.581403
130.725          -0.063156       -3.618569
130.740          -0.063793       -3.655058
130.755          -0.064418       -3.690862
130.770          -0.065030       -3.725970
130.785          -0.065631       -3.760374
130.800          -0.066219       -3.794065
130.815          -0.066794       -3.827036
130.830          -0.067357       -3.859278
130.845          -0.067907       -3.890786
130.860          -0.068444       -3.921552
130.875          -0.068968       -3.951571
130.890          -0.069479       -3.980838
130.905          -0.069976       -4.009348
130.920          -0.070461       -4.037096
130.935          -0.070932       -4.064080
130.950          -0.071389       -4.090295
130.965          -0.071833       -4.115739
130.980          -0.072264       -4.140411
130.995          -0.072681       -4.164309
131.010          -0.073084       -4.187431
131.025          -0.073474       -4.209778
131.040          -0.073851       -4.231350
131.055          -0.074214       -4.252146
131.070          -0.074563       -4.272169
131.085          -0.074899       -4.291420
131.100          -0.075222       -4.309901
131.115          -0.075531       -4.327615
131.130          -0.075827       -4.344565
131.145          -0.076109       -4.360753
131.160          -0.076379       -4.376185
131.175          -0.076635       -4.390864
131.190          -0.076878       -4.404795
131.205          -0.077108       -4.417983
131.220          -0.077326       -4.430434
131.235          -0.077530       -4.442154
131.250          -0.077722       -4.453148
131.265          -0.077901       -4.463423
131.280          -0.078068       -4.472986
131.295          -0.078223       -4.481844
131.310          -0.078365       -4.490003
131.325          -0.078496       -4.497472
131.340          -0.078614       -4.504258
131.355          -0.078721       -4.510369
131.370          -0.078816       -4.515812
131.385          -0.078899       -4.520597
131.400          -0.078971       -4.524730
131.415          -0.079032       -4.528222
131.430          -0.079082       -4.531079
131.445          -0.079121       -4.533310
131.460          -0.079149       -4.534924
131.475          -0.079167       -4.535930
131.490          -0.079174       -4.536335
131.505          -0.079171       -4.536149
131.520          -0.079157       -4.535380
131.535          -0.079134       -4.534036
131.550          -0.079101       -4.532126
131.565          -0.079057       -4.529657
131.580          -0.079005       -4.526638
131.595          -0.078943       -4.523077
131.610          -0.078871       -4.518982
131.625          -0.078790       -4.514360
131.640          -0.078701       -4.509219
131.655          -0.078602       -4.503565
131.670          -0.078495       -4.497407
131.685          -0.078378       -4.490751
131.700          -0.078254       -4.483603
131.715          -0.078120       -4.475970
131.730          -0.077979       -4.467858
131.745          -0.077829       -4.459272
131.760          -0.077671       -4.450219
131.775          -0.077505       -4.440702
131.790          -0.077331       -4.430728
131.805          -0.077149       -4.420301
131.820          -0.076959       -4.409424
131.835          -0.076761       -4.398102
131.850          -0.076556       -4.386337
131.865          -0.076343       -4.374134
131.880          -0.076122       -4.361494
131.895          -0.075894       -4.348420
131.910          -0.075659       -4.334914
131.925          -0.075415       -4.320977
131.940          -0.075165       -4.306610
131.955          -0.074906       -4.291814
131.970          -0.074641       -4.276589
131.985          -0.074367       -4.260934
132.000          -0.074087       -4.244849
132.015          -0.073798       -4.228333
132.030          -0.073503       -4.211383
132.045          -0.073199       -4.193998
132.060          -0.072888       -4.176176
132.075          -0.072569       -4.157912
132.090          -0.072243       -4.139204
132.105          -0.071908       -4.120047
132.120          -0.071566       -4.100438
132.135          -0.071216       -4.080370
132.150          -0.070858       -4.059839
132.165          -0.070491       -4.038839
132.180          -0.070116       -4.017363
132.195          -0.069733       -3.995405
132.210          -0.069341       -3.972958
132.225          -0.068941       -3.950013
132.240          -0.068531       -3.926563
132.255          -0.068113       -3.902599
132.270          -0.067686       -3.878113
132.285          -0.067249       -3.853095
132.300          -0.066803       -3.827536
132.315          -0.066347       -3.801425
132.330          -0.065882       -3.774752
132.345          -0.065406       -3.747507
132.360          -0.064921       -3.719678
132.375          -0.064425       -3.691255
132.390          -0.063918       -3.662226
132.405          -0.063400       -3.632579
132.420          -0.062872       -3.602303
132.435          -0.062332       -3.571385
132.450          -0.061781       -3.539813
132.465          -0.061219       -3.507575
132.480          -0.060644       -3.474658
132.495          -0.060058       -3.441050
132.510          -0.059459       -3.406738
132.525          -0.058847       -3.371709
132.540          -0.058223       -3.335952
132.555          -0.057586       -3.299453
132.570          -0.056936       -3.262201
132.585          -0.056273       -3.224182
132.600          -0.055595       -3.185386
132.615          -0.054905       -3.145799
132.630          -0.054200       -3.105411
132.645          -0.053481       -3.064209
132.660          -0.052747       -3.022183
132.675          -0.051999       -2.979323
132.690          -0.051236       -2.935617
132.705          -0.050458       -2.891055
132.720          -0.049666       -2.845629
132.735          -0.048857       -2.799328
132.750          -0.048034       -2.752145
132.765          -0.047195       -2.704071
132.780          -0.046340       -2.655098
132.795          -0.045470       -2.605221
132.810          -0.044583       -2.554432
132.825          -0.043681       -2.502726
132.840          -0.042762       -2.450097
132.855          -0.041828       -2.396543
132.870          -0.040877       -2.342058
132.885          -0.039909       -2.286641
132.900          -0.038926       -2.230289
132.915          -0.037926       -2.173001
132.930          -0.036910       -2.114777
132.945          -0.035877       -2.055617
132.960          -0.034828       -1.995522
132.975          -0.033763       -1.934495
132.990          -0.032682       -1.872537
133.005          -0.031584       -1.809655
133.020          -0.030471       -1.745851
133.035          -0.029341       -1.681132
133.050          -0.028196       -1.615503
133.065          -0.027035       -1.548974
133.080          -0.025858       -1.481552
133.095          -0.024666       -1.413246
133.110          -0.023458       -1.344066
133.125          -0.022236       -1.274024
133.140          -0.020999       -1.203131
133.155          -0.019747       -1.131401
133.170          -0.018480       -1.058847
133.185          -0.017200       -0.985484
133.200          -0.015906       -0.911327
133.215          -0.014598       -0.836393
133.230          -0.013277       -0.760699
133.245          -0.011943       -0.684263
133.260          -0.010596       -0.607104
133.275          -0.009237       -0.529242
133.290          -0.007866       -0.450697
133.305          -0.006484       -0.371490
133.320          -0.005090       -0.291644
133.335          -0.003686       -0.211181
133.350          -0.002271       -0.130124
133.365          -0.000846       -0.048499
133.380           0.000588        0.033671
133.395           0.002031        0.116360
133.410           0.003483        0.199541
133.425           0.004943        0.283189
133.440           0.006410        0.367275
133.455           0.007885        0.451773
133.470           0.009366        0.536653
133.485           0.010854        0.621887
133.500           0.012347        0.707446
133.515           0.013846        0.793299
133.530           0.015349        0.879417
133.545           0.016856        0.965769
133.560           0.018367        1.052324
133.575           0.019880        1.139051
133.590           0.021396        1.225918
133.605           0.022914        1.312893
133.620           0.024434        1.399944
133.635           0.025954        1.487039
133.650           0.027474        1.574145
133.665           0.028994        1.661228
133.680           0.030513        1.748258
133.695           0.032030        1.835199
133.710           0.033546        1.922019
133.725           0.035058        2.008685
133.740           0.036568        2.095164
133.755           0.038073        2.181422
133.770           0.039574        2.267425
133.785           0.041070        2.353141
133.800           0.042560        2.438536
133.815           0.044045        2.523578
133.830           0.045522        2.608233
133.845           0.046992        2.692468
133.860           0.048455        2.776250
133.875           0.049909        2.859548
133.890           0.051353        2.942329
133.905           0.052789        3.024560
133.920           0.054214        3.106211
133.935           0.055628        3.187249
133.950           0.057031        3.267643
133.965           0.058423        3.347364
133.980           0.059802        3.426379
133.995           0.061168        3.504660
134.010           0.062521        3.582176
134.025           0.063860        3.658899
134.040           0.065185        3.734800
134.055           0.066494        3.809850
134.070           0.067789        3.884023
134.085           0.069068        3.957290
134.100           0.070330        4.029626
134.115           0.071576        4.101004
134.130           0.072805        4.171400
134.145           0.074016        4.240787
134.160           0.075209        4.309143
134.175           0.076383        4.376444
134.190           0.077539        4.442667
134.205           0.078676        4.507790
134.220           0.079793        4.571791
134.235           0.080890        4.634651
134.250           0.081967        4.696348
134.265           0.083023        4.756865
134.280           0.084058        4.816182
134.295           0.085072        4.874283
134.310           0.086065        4.931150
134.325           0.087035        4.986767
134.340           0.087984        5.041118
134.355           0.088910        5.094191
134.370           0.089814        5.145971
134.385           0.090695        5.196444
134.400           0.091553        5.245600
134.415           0.092388        5.293427
134.430           0.093199        5.339915
134.445           0.093987        5.385054
134.460           0.094751        5.428836
134.475           0.095491        5.471252
134.490           0.096208        5.512295
134.505           0.096900        5.551960
134.520           0.097568        5.590240
134.535           0.098212        5.627131
134.550           0.098832        5.662629
134.565           0.099427        5.696730
134.580           0.099997        5.729433
134.595           0.100544        5.760735
134.610           0.101066        5.790636
134.625           0.101563        5.819135
134.640           0.102036        5.846232
134.655           0.102484        5.871929
134.670           0.102909        5.896228
134.685           0.103308        5.919130
134.700           0.103684        5.940639
134.715           0.104035        5.960758
134.730           0.104362        5.979492
134.745           0.104665        5.996845
134.760           0.104944        6.012822
134.775           0.105199        6.027430
134.790           0.105430        6.040675
134.805           0.105637        6.052563
134.820           0.105821        6.063103
134.835           0.105982        6.072301
134.850           0.106119        6.080166
134.865           0.106233        6.086707
134.880           0.106324        6.091932
134.895           0.106393        6.095851
134.910           0.106438        6.098474
134.925           0.106462        6.099811
134.940           0.106463        6.099872
134.955           0.106442        6.098668
134.970           0.106399        6.096210
134.985           0.106334        6.092510
135.000           0.106248        6.087579
135.015           0.106141        6.081428
135.030           0.106013        6.074070
135.045           0.105863        6.065518
135.060           0.105693        6.055783
135.075           0.105503        6.044878
135.090           0.105293        6.032817
135.105           0.105062        6.019612
135.120           0.104812        6.005276
135.135           0.104542        5.989824
135.150           0.104253        5.973267
135.165           0.103945        5.955621
135.180           0.103618        5.936899
135.195           0.103273        5.917114
135.210           0.102910        5.896282
135.225           0.102528        5.874415
135.240           0.102128        5.851529
135.255           0.101711        5.827638
135.270           0.101277        5.802756
135.285           0.100826        5.776898
135.300           0.100358        5.750078
135.315           0.099873        5.722312
135.330           0.099372        5.693614
135.345           0.098855        5.664000
135.360           0.098323        5.633483
135.375           0.097775        5.602080
135.390           0.097211        5.569805
135.405           0.096633        5.536673
135.420           0.096040        5.502701
135.435           0.095433        5.467903
135.450           0.094811        5.432295
135.465           0.094176        5.395893
135.480           0.093527        5.358711
135.495           0.092865        5.320765
135.510           0.092190        5.282071
135.525           0.091501        5.242645
135.540           0.090801        5.202503
135.555           0.090088        5.161659
135.570           0.089363        5.120130
135.585           0.088627        5.077932
135.600           0.087879        5.035080
135.615           0.087120        4.991590
135.630           0.086350        4.947478
135.645           0.085569        4.902759
135.660           0.084778        4.857450
135.675           0.083978        4.811565
135.690           0.083167        4.765121
135.705           0.082347        4.718134
135.720           0.081518        4.670618
135.735           0.080679        4.622589
135.750           0.079832        4.574063
135.765           0.078977        4.525056
135.780           0.078114        4.475581
135.795           0.077242        4.425656
135.810           0.076363        4.375294
135.825           0.075477        4.324510
135.840           0.074584        4.273321
135.855           0.073683        4.221739
135.870           0.072776        4.169780
135.885           0.071863        4.117459
135.900           0.070944        4.064789
135.915           0.070019        4.011785
135.930           0.069088        3.958461
135.945           0.068152        3.904830
135.960           0.067211        3.850907
135.975           0.066265        3.796704
135.990           0.065314        3.742235
136.005           0.064359        3.687513
136.020           0.063400        3.632551
136.035           0.062437        3.577362
136.050           0.061470        3.521957
136.065           0.060499        3.466349
136.080           0.059525        3.410551
136.095           0.058548        3.354574
136.110           0.057568        3.298429
136.125           0.056586        3.242128
136.140           0.055601        3.185683
136.155           0.054613        3.129103
136.170           0.053623        3.072400
136.185           0.052632        3.015584
136.200           0.051638        2.958666
136.215           0.050643        2.901656
136.230           0.049647        2.844562
136.245           0.048649        2.787396
136.260           0.047650        2.730166
136.275           0.046651        2.672882
136.290           0.045650        2.615553
136.305           0.044649        2.558188
136.320           0.043647        2.500794
136.335           0.042645        2.443381
136.350           0.041643        2.385958
136.365           0.040641        2.328531
136.380           0.039638        2.271110
136.395           0.038636        2.213701
136.410           0.037635        2.156313
136.425           0.036634        2.098953
136.440           0.035633        2.041629
136.455           0.034633        1.984347
136.470           0.033634        1.927115
136.485           0.032637        1.869940
136.500           0.031640        1.812828
136.515           0.030644        1.755787
136.530           0.029650        1.698823
136.545           0.028657        1.641942
136.560           0.027666        1.585152
136.575           0.026677        1.528459
136.590           0.025689        1.471868
136.605           0.024703        1.415387
136.620           0.023719        1.359021
136.635           0.022738        1.302777
136.650           0.021758        1.246661
136.665           0.020781        1.190679
136.680           0.019807        1.134837
136.695           0.018835        1.079140
136.710           0.017865        1.023596
136.725           0.016898        0.968209
136.740           0.015935        0.912987
136.755           0.014974        0.857934
136.770           0.014016        0.803056
136.785           0.013061        0.748360
136.800           0.012110        0.693852
136.815           0.011162        0.639537
136.830           0.010218        0.585421
136.845           0.009277        0.531510
136.860           0.008339        0.477810
136.875           0.007406        0.424327
136.890           0.006476        0.371066
136.905           0.005551        0.318034
136.920           0.004629        0.265236
136.935           0.003712        0.212679
136.950           0.002799        0.160368
136.965           0.001890        0.108309
136.980           0.000986        0.056508
136.995           0.000087        0.004971
137.010          -0.000808       -0.046296
137.025          -0.001698       -0.097287
137.040          -0.002583       -0.147996
137.055          -0.003463       -0.198417
137.070          -0.004338       -0.248544
137.085          -0.005208       -0.298372
137.100          -0.006072       -0.347893
137.115          -0.006931       -0.397102
137.130          -0.007784       -0.445994
137.145          -0.008632       -0.494561
137.160          -0.009474       -0.542798
137.175          -0.010310       -0.590699
137.190          -0.011140       -0.638258
137.205          -0.011964       -0.685468
137.220          -0.012781       -0.732325
137.235          -0.013593       -0.778821
137.250          -0.014398       -0.824950
137.265          -0.015197       -0.870707
137.280          -0.015989       -0.916086
137.295          -0.016774       -0.961080
137.310          -0.017552       -1.005683
137.325          -0.018324       -1.049890
137.340          -0.019089       -1.093695
137.355          -0.019846       -1.137092
137.370          -0.020596       -1.180074
137.385          -0.021339       -1.222637
137.400          -0.022074       -1.264773
137.415          -0.022802       -1.306479
137.430          -0.023523       -1.347747
137.445          -0.024235       -1.388572
137.460          -0.024940       -1.428949
137.475          -0.025637       -1.468872
137.490          -0.026325       -1.508336
137.505          -0.027006       -1.547335
137.520          -0.027679       -1.585865
137.535          -0.028343       -1.623920
137.550          -0.028999       -1.661495
137.565          -0.029646       -1.698586
137.580          -0.030285       -1.735187
137.595          -0.030915       -1.771295
137.610          -0.031536       -1.806904
137.625          -0.032149       -1.842011
137.640          -0.032753       -1.876611
137.655          -0.033348       -1.910701
137.670          -0.033934       -1.944276
137.685          -0.034511       -1.977334
137.700          -0.035079       -2.009870
137.715          -0.035638       -2.041883
137.730          -0.036187       -2.073368
137.745          -0.036727       -2.104324
137.760          -0.037258       -2.134748
137.775          -0.037780       -2.164637
137.790          -0.038292       -2.193991
137.805          -0.038795       -2.222808
137.820          -0.039289       -2.251085
137.835          -0.039773       -2.278824
137.850          -0.040248       -2.306022
137.865          -0.040713       -2.332679
137.880          -0.041169       -2.358796
137.895          -0.041615       -2.384373
137.910          -0.042052       -2.409411
137.925          -0.042480       -2.433910
137.940          -0.042898       -2.457872
137.955          -0.043307       -2.481298
137.970          -0.043706       -2.504192
137.985          -0.044097       -2.526556
138.000          -0.044478       -2.548391
138.015          -0.044850       -2.569703
138.030          -0.045213       -2.590494
138.045          -0.045566       -2.610768
138.060          -0.045911       -2.630530
138.075          -0.046247       -2.649785
138.090          -0.046575       -2.668539
138.105          -0.046893       -2.686796
138.120          -0.047204       -2.704563
138.135          -0.047505       -2.721846
138.150          -0.047798       -2.738652
138.165          -0.048084       -2.754989
138.180          -0.048361       -2.770864
138.195          -0.048630       -2.786285
138.210          -0.048891       -2.801261
138.225          -0.049145       -2.815799
138.240          -0.049391       -2.829911
138.255          -0.049630       -2.843604
138.270          -0.049862       -2.856889
138.285          -0.050087       -2.869776
138.300          -0.050305       -2.882275
138.315          -0.050517       -2.894398
138.330          -0.050722       -2.906156
138.345          -0.050921       -2.917559
138.360          -0.051114       -2.928620
138.375          -0.051301       -2.939351
138.390          -0.051483       -2.949765
138.405          -0.051660       -2.959873
138.420          -0.051831       -2.969688
138.435          -0.051997       -2.979224
138.450          -0.052159       -2.988494
138.465          -0.052316       -2.997511
138.480          -0.052470       -3.006288
138.495          -0.052619       -3.014841
138.510          -0.052764       -3.023181
138.525          -0.052907       -3.031325
138.540          -0.053046       -3.039284
138.555          -0.053181       -3.047075
138.570          -0.053315       -3.054711
138.585          -0.053446       -3.062207
138.600          -0.053574       -3.069577
138.615          -0.053701       -3.076835
138.630          -0.053826       -3.083996
138.645          -0.053949       -3.091075
138.660          -0.054072       -3.098085
138.675          -0.054193       -3.105041
138.690          -0.054314       -3.111957
138.705          -0.054434       -3.118848
138.720          -0.054554       -3.125728
138.735          -0.054674       -3.132610
138.750          -0.054795       -3.139508
138.765          -0.054916       -3.146436
138.780          -0.055037       -3.153407
138.795          -0.055160       -3.160434
138.810          -0.055284       -3.167531
138.825          -0.055409       -3.174710
138.840          -0.055536       -3.181983
138.855          -0.055665       -3.189363
138.870          -0.055796       -3.196861
138.885          -0.055929       -3.204489
138.900          -0.056064       -3.212258
138.915          -0.056203       -3.220180
138.930          -0.056344       -3.228263
138.945          -0.056488       -3.236519
138.960          -0.056635       -3.244957
138.975          -0.056786       -3.253586
138.990          -0.056940       -3.262415
139.005          -0.057098       -3.271452
139.020          -0.057259       -3.280705
139.035          -0.057424       -3.290181
139.050          -0.057594       -3.299886
139.065          -0.057767       -3.309829
139.080          -0.057945       -3.320012
139.095          -0.058127       -3.330443
139.110          -0.058314       -3.341126
139.125          -0.058505       -3.352064
139.140          -0.058700       -3.363261
139.155          -0.058900       -3.374719
139.170          -0.059105       -3.386442
139.185          -0.059314       -3.398430
139.200          -0.059528       -3.410684
139.215          -0.059746       -3.423206
139.230          -0.059969       -3.435993
139.245          -0.060197       -3.449046
139.260          -0.060430       -3.462363
139.275          -0.060667       -3.475941
139.290          -0.060908       -3.489778
139.305          -0.061154       -3.503869
139.320          -0.061404       -3.518211
139.335          -0.061659       -3.532799
139.350          -0.061918       -3.547627
139.365          -0.062181       -3.562689
139.380          -0.062447       -3.577978
139.395          -0.062718       -3.593486
139.410          -0.062993       -3.609206
139.425          -0.063270       -3.625128
139.440          -0.063552       -3.641244
139.455          -0.063836       -3.657542
139.470          -0.064124       -3.674013
139.485          -0.064414       -3.690645
139.500          -0.064707       -3.707426
139.515          -0.065002       -3.724344
139.530          -0.065300       -3.741387
139.545          -0.065599       -3.758540
139.560          -0.065900       -3.775791
139.575          -0.066202       -3.793123
139.590          -0.066506       -3.810524
139.605          -0.066811       -3.827976
139.620          -0.067116       -3.845465
139.635          -0.067422       -3.862974
139.650          -0.067727       -3.880486
139.665          -0.068033       -3.897986
139.680          -0.068338       -3.915455
139.695          -0.068642       -3.932876
139.710          -0.068945       -3.950230
139.725          -0.069246       -3.967501
139.740          -0.069546       -3.984670
139.755          -0.069843       -4.001717
139.770          -0.070138       -4.018625
139.785          -0.070431       -4.035374
139.800          -0.070720       -4.051946
139.815          -0.071006       -4.068321
139.830          -0.071288       -4.084480
139.845          -0.071566       -4.100404
139.860          -0.071839       -4.116074
139.875          -0.072108       -4.131471
139.890          -0.072371       -4.146575
139.905          -0.072630       -4.161367
139.920          -0.072882       -4.175829
139.935          -0.073128       -4.189941
139.950          -0.073368       -4.203685
139.965          -0.073601       -4.217042
139.980          -0.073827       -4.229993
139.995          -0.074046       -4.242522
140.010          -0.074257       -4.254609
140.025          -0.074460       -4.266237
140.040          -0.074655       -4.277389
140.055          -0.074841       -4.288048
140.070          -0.075018       -4.298196
140.085          -0.075186       -4.307818
140.100          -0.075344       -4.316898
140.115          -0.075493       -4.325419
140.130          -0.075632       -4.333367
140.145          -0.075760       -4.340726
140.160          -0.075878       -4.347483
140.175          -0.075985       -4.353622
140.190          -0.076081       -4.359131
140.205          -0.076166       -4.363995
140.220          -0.076240       -4.368203
140.235          -0.076301       -4.371743
140.250          -0.076351       -4.374601
140.265          -0.076389       -4.376767
140.280          -0.076415       -4.378229
140.295          -0.076428       -4.378978
140.310          -0.076428       -4.379003
140.325          -0.076416       -4.378295
140.340          -0.076390       -4.376844
140.355          -0.076352       -4.374642
140.370          -0.076300       -4.371681
140.385          -0.076235       -4.367953
140.400          -0.076157       -4.363450
140.415          -0.076064       -4.358165
140.430          -0.075958       -4.352093
140.445          -0.075839       -4.345226
140.460          -0.075705       -4.337560
140.475          -0.075557       -4.329089
140.490          -0.075395       -4.319808
140.505          -0.075219       -4.309713
140.520          -0.075028       -4.298799
140.535          -0.074823       -4.287062
140.550          -0.074604       -4.274500
140.565          -0.074370       -4.261108
140.580          -0.074122       -4.246884
140.595          -0.073859       -4.231826
140.610          -0.073582       -4.215930
140.625          -0.073290       -4.199195
140.640          -0.072983       -4.181620
140.655          -0.072662       -4.163202
140.670          -0.072325       -4.143940
140.685          -0.071974       -4.123833
140.700          -0.071609       -4.102880
140.715          -0.071228       -4.081080
140.730          -0.070833       -4.058432
140.745          -0.070423       -4.034937
140.760          -0.069998       -4.010593
140.775          -0.069558       -3.985401
140.790          -0.069104       -3.959359
140.805          -0.068635       -3.932469
140.820          -0.068150       -3.904730
140.835          -0.067651       -3.876142
140.850          -0.067138       -3.846706
140.865          -0.066609       -3.816422
140.880          -0.066066       -3.785289
140.895          -0.065508       -3.753309
140.910          -0.064935       -3.720482
140.925          -0.064347       -3.686808
140.940          -0.063744       -3.652288
140.955          -0.063127       -3.616921
140.970          -0.062495       -3.580710
140.985          -0.061848       -3.543653
141.000          -0.061187       -3.505752
141.015          -0.060511       -3.467007
141.030          -0.059820       -3.427419
141.045          -0.059114       -3.386988
141.060          -0.058394       -3.345716
141.075          -0.057659       -3.303601
141.090          -0.056909       -3.260647
141.105          -0.056145       -3.216852
141.120          -0.055366       -3.172218
141.135          -0.054572       -3.126746
141.150          -0.053764       -3.080436
141.165          -0.052941       -3.033291
141.180          -0.052103       -2.985310
141.195          -0.051252       -2.936495
141.210          -0.050385       -2.886847
141.225          -0.049504       -2.836369
141.240          -0.048608       -2.785061
141.255          -0.047699       -2.732925
141.270          -0.046774       -2.679964
141.285          -0.045835       -2.626180
141.300          -0.044882       -2.571575
141.315          -0.043915       -2.516151
141.330          -0.042934       -2.459913
141.345          -0.041938       -2.402862
141.360          -0.040928       -2.345004
141.375          -0.039904       -2.286341
141.390          -0.038866       -2.226878
141.405          -0.037815       -2.166619
141.420          -0.036749       -2.105570
141.435          -0.035670       -2.043736
141.450          -0.034577       -1.981124
141.465          -0.033471       -1.917739
141.480          -0.032351       -1.853588
141.495          -0.031218       -1.788679
141.510          -0.030072       -1.723020
141.525          -0.028913       -1.656619
141.540          -0.027742       -1.589486
141.555          -0.026557       -1.521630
141.570          -0.025361       -1.453061
141.585          -0.024152       -1.383790
141.600          -0.022931       -1.313830
141.615          -0.021698       -1.243191
141.630          -0.020453       -1.171888
141.645          -0.019197       -1.099934
141.660          -0.017931       -1.027343
141.675          -0.016653       -0.954130
141.690          -0.015364       -0.880311
141.705          -0.014066       -0.805902
141.720          -0.012757       -0.730922
141.735          -0.011439       -0.655387
141.750          -0.010111       -0.579318
141.765          -0.008774       -0.502732
141.780          -0.007429       -0.425651
141.795          -0.006075       -0.348095
141.810          -0.004714       -0.270087
141.825          -0.003345       -0.191648
141.840          -0.001969       -0.112802
141.855          -0.000586       -0.033573
141.870           0.000803        0.046015
141.885           0.002198        0.125936
141.900           0.003598        0.206165
141.915           0.005003        0.286675
141.930           0.006413        0.367438
141.945           0.007827        0.448428
141.960           0.009244        0.529616
141.975           0.010663        0.610972
141.990           0.012086        0.692468
142.005           0.013510        0.774074
142.020           0.014936        0.855760
142.035           0.016362        0.937496
142.050           0.017789        1.019249
142.065           0.019216        1.100990
142.080           0.020642        1.182686
142.095           0.022066        1.264306
142.110           0.023489        1.345819
142.125           0.024909        1.427191
142.140           0.026326        1.508391
142.155           0.027740        1.589387
142.170           0.029150        1.670147
142.185           0.030554        1.750639
142.200           0.031954        1.830830
142.215           0.033348        1.910689
142.230           0.034735        1.990184
142.245           0.036116        2.069284
142.260           0.037489        2.147959
142.275           0.038854        2.226176
142.290           0.040211        2.303907
142.305           0.041558        2.381120
142.320           0.042896        2.457788
142.335           0.044225        2.533880
142.350           0.045542        2.609369
142.365           0.046849        2.684228
142.380           0.048144        2.758428
142.395           0.049427        2.831945
142.410           0.050697        2.904752
142.425           0.051955        2.976825
142.440           0.053200        3.048140
142.455           0.054431        3.118673
142.470           0.055648        3.188404
142.485           0.056851        3.257309
142.500           0.058039        3.325370
142.515           0.059211        3.392566
142.530           0.060369        3.458879
142.545           0.061510        3.524291
142.560           0.062636        3.588787
142.575           0.063746        3.652349
142.590           0.064838        3.714965
142.605           0.065914        3.776620
142.620           0.066974        3.837302
142.635           0.068015        3.897000
142.650           0.069040        3.955703
142.665           0.070047        4.013401
142.680           0.071036        4.070086
142.695           0.072008        4.125752
142.710           0.072962        4.180391
142.725           0.073897        4.233998
142.740           0.074815        4.286568
142.755           0.075714        4.338098
142.770           0.076595        4.388586
142.785           0.077458        4.438029
142.800           0.078303        4.486427
142.815           0.079129        4.533780
142.830           0.079938        4.580089
142.845           0.080728        4.625355
142.860           0.081500        4.669580
142.875           0.082253        4.712769
142.890           0.082989        4.754924
142.905           0.083707        4.796051
142.920           0.084407        4.836155
142.935           0.085089        4.875240
142.950           0.085754        4.913315
142.965           0.086401        4.950386
142.980           0.087030        4.986459
142.995           0.087642        5.021545
143.010           0.088238        5.055650
143.025           0.088816        5.088783
143.040           0.089378        5.120955
143.055           0.089922        5.152175
143.070           0.090451        5.182452
143.085           0.090963        5.211798
143.100           0.091459        5.240222
143.115           0.091939        5.267736
143.130           0.092404        5.294350
143.145           0.092853        5.320077
143.160           0.093287        5.344927
143.175           0.093705        5.368912
143.190           0.094109        5.392045
143.205           0.094498        5.414337
143.220           0.094873        5.435800
143.235           0.095233        5.456447
143.250           0.095579        5.476289
143.265           0.095912        5.495340
143.280           0.096231        5.513611
143.295           0.096536        5.531116
143.310           0.096829        5.547865
143.325           0.097108        5.563873
143.340           0.097375        5.579152
143.355           0.097629        5.593713
143.370           0.097871        5.607571
143.385           0.098100        5.620737
143.400           0.098318        5.633223
143.415           0.098525        5.645043
143.430           0.098719        5.656209
143.445           0.098903        5.666733
143.460           0.099076        5.676628
143.475           0.099238        5.685907
143.490           0.099389        5.694581
143.505           0.099530        5.702663
143.520           0.099661        5.710166
143.535           0.099782        5.717102
143.550           0.099894        5.723482
143.565           0.099995        5.729320
143.580           0.100088        5.734627
143.595           0.100172        5.739415
143.610           0.100246        5.743697
143.625           0.100313        5.747484
143.640           0.100370        5.750788
143.655           0.100420        5.753621
143.670           0.100461        5.755994
143.685           0.100495        5.757920
143.700           0.100521        5.759408
143.715           0.100539        5.760471
143.730           0.100551        5.761119
143.745           0.100555        5.761364
143.760           0.100552        5.761216
143.775           0.100543        5.760685
143.790           0.100527        5.759782
143.805           0.100505        5.758516
143.820           0.100477        5.756898
143.835           0.100443        5.754936
143.850           0.100403        5.752641
143.865           0.100357        5.750020
143.880           0.100306        5.747082
143.895           0.100249        5.743835
143.910           0.100187        5.740287
143.925           0.100120        5.736445
143.940           0.100048        5.732315
143.955           0.099971        5.727904
143.970           0.099889        5.723218
143.985           0.099802        5.718261
144.000           0.099711        5.713039
144.015           0.099616        5.707556
144.030           0.099515        5.701815
144.045           0.099411        5.695819
144.060           0.099302        5.689571
144.075           0.099188        5.683071
144.090           0.099070        5.676321
144.105           0.098948        5.669322
144.120           0.098822        5.662073
144.135           0.098691        5.654572
144.150           0.098556        5.646818
144.165           0.098416        5.638808
144.180           0.098271        5.630538
144.195           0.098123        5.622006
144.210           0.097969        5.613205
144.225           0.097811        5.604130
144.240           0.097647        5.594775
144.255           0.097479        5.585133
144.270           0.097306        5.575195
144.285           0.097127        5.564952
144.300           0.096943        5.554397
144.315           0.096753        5.543517
144.330           0.096557        5.532303
144.345           0.096355        5.520742
144.360           0.096147        5.508823
144.375           0.095933        5.496532
144.390           0.095711        5.483856
144.405           0.095483        5.470781
144.420           0.095248        5.457291
144.435           0.095005        5.443372
144.450           0.094754        5.429008
144.465           0.094495        5.414181
144.480           0.094228        5.398875
144.495           0.093952        5.383074
144.510           0.093668        5.366758
144.525           0.093374        5.349910
144.540           0.093070        5.332512
144.555           0.092756        5.314544
144.570           0.092432        5.295989
144.585           0.092098        5.276826
144.600           0.091753        5.257037
144.615           0.091396        5.236601
144.630           0.091028        5.215501
144.645           0.090647        5.193716
144.660           0.090255        5.171226
144.675           0.089850        5.148014
144.690           0.089432        5.124058
144.705           0.089000        5.099341
144.720           0.088555        5.073843
144.735           0.088096        5.047546
144.750           0.087623        5.020432
144.765           0.087135        4.992482
144.780           0.086633        4.963680
144.795           0.086115        4.934007
144.810           0.085581        4.903448
144.825           0.085032        4.871986
144.840           0.084467        4.839606
144.855           0.083886        4.806292
144.870           0.083288        4.772030
144.885           0.082673        4.736806
144.900           0.082041        4.700607
144.915           0.081392        4.663421
144.930           0.080726        4.625235
144.945           0.080041        4.586040
144.960           0.079340        4.545824
144.975           0.078620        4.504578
144.990           0.077882        4.462294
145.005           0.077125        4.418964
145.020           0.076351        4.374580
145.035           0.075558        4.329136
145.050           0.074746        4.282628
145.065           0.073916        4.235051
145.080           0.073066        4.186401
145.095           0.072199        4.136675
145.110           0.071312        4.085872
145.125           0.070406        4.033991
145.140           0.069482        3.981031
145.155           0.068539        3.926994
145.170           0.067577        3.871881
145.185           0.066596        3.815694
145.200           0.065597        3.758438
145.215           0.064579        3.700116
145.230           0.063543        3.640733
145.245           0.062488        3.580295
145.260           0.061415        3.518809
145.275           0.060323        3.456282
145.290           0.059214        3.392723
145.305           0.058087        3.328140
145.320           0.056942        3.262544
145.335           0.055780        3.195945
145.350           0.054600        3.128354
145.365           0.053403        3.059783
145.380           0.052190        2.990245
145.395           0.050959        2.919752
145.410           0.049713        2.848320
145.425           0.048450        2.775962
145.440           0.047171        2.702694
145.455           0.045877        2.628530
145.470           0.044567        2.553489
145.485           0.043242        2.477586
145.500           0.041903        2.400838
145.515           0.040549        2.323264
145.530           0.039181        2.244882
145.545           0.037799        2.165711
145.560           0.036404        2.085769
145.575           0.034995        2.005077
145.590           0.033574        1.923655
145.605           0.032141        1.841523
145.620           0.030695        1.758701
145.635           0.029238        1.675212
145.650           0.027770        1.591076
145.665           0.026290        1.506315
145.680           0.024800        1.420952
145.695           0.023300        1.335008
145.710           0.021791        1.248507
145.725           0.020271        1.161471
145.740           0.018743        1.073923
145.755           0.017207        0.985887
145.770           0.015662        0.897386
145.785           0.014110        0.808443
145.800           0.012550        0.719083
145.815           0.010984        0.629329
145.830           0.009411        0.539206
145.845           0.007832        0.448738
145.860           0.006247        0.357949
145.875           0.004658        0.266863
145.890           0.003063        0.175505
145.905           0.001464        0.083900
145.920          -0.000138       -0.007928
145.935          -0.001745       -0.099954
145.950          -0.003354       -0.192154
145.965          -0.004966       -0.284502
145.980          -0.006579       -0.376975
145.995          -0.008195       -0.469548
146.010          -0.009812       -0.562195
146.025          -0.011430       -0.654893
146.040          -0.013048       -0.747616
146.055          -0.014667       -0.840341
146.070          -0.016285       -0.933043
146.085          -0.017902       -1.025698
146.100          -0.019518       -1.118281
146.115          -0.021132       -1.210769
146.130          -0.022744       -1.303136
146.145          -0.024354       -1.395361
146.160          -0.025960       -1.487417
146.175          -0.027564       -1.579283
146.190          -0.029163       -1.670935
146.205          -0.030759       -1.762349
146.220          -0.032350       -1.853502
146.235          -0.033936       -1.944371
146.250          -0.035516       -2.034934
146.265          -0.037091       -2.125167
146.280          -0.038660       -2.215049
146.295          -0.040222       -2.304557
146.310          -0.041777       -2.393669
146.325          -0.043325       -2.482363
146.340          -0.044866       -2.570618
146.355          -0.046398       -2.658412
146.370          -0.047922       -2.745725
146.385          -0.049437       -2.832534
146.400          -0.050943       -2.918820
146.415          -0.052439       -3.004561
146.430          -0.053926       -3.089738
146.445          -0.055403       -3.174331
146.460          -0.056868       -3.258319
146.475          -0.058323       -3.341682
146.490          -0.059767       -3.424403
146.505          -0.061199       -3.506460
146.520          -0.062620       -3.587836
146.535          -0.064028       -3.668511
146.550          -0.065423       -3.748467
146.565          -0.066806       -3.827685
146.580          -0.068175       -3.906148
146.595          -0.069531       -3.983838
146.610          -0.070873       -4.060736
146.625          -0.072201       -4.136825
146.640          -0.073515       -4.212089
146.655          -0.074814       -4.286509
146.670          -0.076098       -4.360070
146.685          -0.077366       -4.432753
146.700          -0.078619       -4.504544
146.715          -0.079856       -4.575424
146.730          -0.081077       -4.645380
146.745          -0.082282       -4.714394
146.760          -0.083470       -4.782450
146.775          -0.084640       -4.849534
146.790          -0.085794       -4.915630
146.805          -0.086930       -4.980722
146.820          -0.088048       -5.044797
146.835          -0.089149       -5.107839
146.850          -0.090231       -5.169834
146.865          -0.091294       -5.230767
146.880          -0.092339       -5.290625
146.895          -0.093365       -5.349393
146.910          -0.094371       -5.407059
146.925          -0.095358       -5.463608
146.940          -0.096325       -5.519028
146.955          -0.097273       -5.573305
146.970          -0.098200       -5.626428
146.985          -0.099107       -5.678384
147.000          -0.099993       -5.729161
147.015          -0.100858       -5.778748
147.030          -0.101703       -5.827132
147.045          -0.102526       -5.874304
147.060          -0.103328       -5.920251
147.075          -0.104108       -5.964965
147.090          -0.104867       -6.008434
147.105          -0.105604       -6.050651
147.120          -0.106319       -6.091604
147.135          -0.107011       -6.131286
147.150          -0.107681       -6.169689
147.165          -0.108329       -6.206804
147.180          -0.108954       -6.242624
147.195          -0.109557       -6.277143
147.210          -0.110136       -6.310354
147.225          -0.110693       -6.342251
147.240          -0.111227       -6.372829
147.255          -0.111737       -6.402083
147.270          -0.112225       -6.430010
147.285          -0.112689       -6.456605
147.300          -0.113130       -6.481866
147.315          -0.113547       -6.505791
147.330          -0.113942       -6.528378
147.345          -0.114313       -6.549626
147.360          -0.114660       -6.569534
147.375          -0.114984       -6.588104
147.390          -0.115285       -6.605335
147.405          -0.115562       -6.621231
147.420          -0.115816       -6.635793
147.435          -0.116047       -6.649025
147.450          -0.116255       -6.660930
147.465          -0.116440       -6.671513
147.480          -0.116602       -6.680779
147.495          -0.116740       -6.688736
147.510          -0.116857       -6.695388
147.525          -0.116950       -6.700745
147.540          -0.117021       -6.704813
147.555          -0.117070       -6.707603
147.570          -0.117096       -6.709123
147.585          -0.117101       -6.709384
147.600          -0.117084       -6.708398
147.615          -0.117045       -6.706175
147.630          -0.116985       -6.702729
147.645          -0.116903       -6.698072
147.660          -0.116801       -6.692218
147.675          -0.116678       -6.685180
147.690          -0.116535       -6.676975
147.705          -0.116372       -6.667617
147.720          -0.116189       -6.657123
147.735          -0.115986       -6.645508
147.750          -0.115764       -6.632790
147.765          -0.115523       -6.618986
147.780          -0.115264       -6.604113
147.795          -0.114986       -6.588191
147.810          -0.114690       -6.571237
147.825          -0.114376       -6.553270
147.840          -0.114045       -6.534311
147.855          -0.113697       -6.514377
147.870          -0.113333       -6.493489
147.885          -0.112952       -6.471667
147.900          -0.112555       -6.448930
147.915          -0.112143       -6.425299
147.930          -0.111715       -6.400795
147.945          -0.111272       -6.375437
147.960          -0.110815       -6.349245
147.975          -0.110344       -6.322241
147.990          -0.109859       -6.294443
148.005          -0.109360       -6.265874
148.020          -0.108848       -6.236551
148.035          -0.108324       -6.206496
148.050          -0.107787       -6.175727
148.065          -0.107238       -6.144265
148.080          -0.106677       -6.112128
148.095          -0.106104       -6.079336
148.110          -0.105521       -6.045906
148.125          -0.104927       -6.011857
148.140          -0.104322       -5.977207
148.155          -0.103707       -5.941974
148.170          -0.103082       -5.906174
148.185          -0.102448       -5.869823
148.200          -0.101804       -5.832939
148.215          -0.101151       -5.795536
148.230          -0.100490       -5.757629
148.245          -0.099819       -5.719234
148.260          -0.099141       -5.680364
148.275          -0.098455       -5.641033
148.290          -0.097760       -5.601254
148.305          -0.097058       -5.561038
148.320          -0.096349       -5.520399
148.335          -0.095633       -5.479347
148.350          -0.094909       -5.437892
148.365          -0.094179       -5.396046
148.380          -0.093442       -5.353817
148.395          -0.092698       -5.311214
148.410          -0.091948       -5.268247
148.425          -0.091192       -5.224922
148.440          -0.090430       -5.181246
148.455          -0.089662       -5.137228
148.470          -0.088887       -5.092872
148.485          -0.088107       -5.048185
148.500          -0.087322       -5.003171
148.515          -0.086531       -4.957836
148.530          -0.085734       -4.912183
148.545          -0.084932       -4.866217
148.560          -0.084124       -4.819940
148.575          -0.083311       -4.773355
148.590          -0.082492       -4.726465
148.605          -0.081669       -4.679273
148.620          -0.080840       -4.631779
148.635          -0.080006       -4.583985
148.650          -0.079166       -4.535893
148.665          -0.078322       -4.487502
148.680          -0.077472       -4.438814
148.695          -0.076617       -4.389829
148.710          -0.075757       -4.340547
148.725          -0.074892       -4.290968
148.740          -0.074021       -4.241091
148.755          -0.073145       -4.190917
148.770          -0.072264       -4.140444
148.785          -0.071378       -4.089672
148.800          -0.070487       -4.038600
148.815          -0.069590       -3.987228
148.830          -0.068688       -3.935555
148.845          -0.067781       -3.883579
148.860          -0.066869       -3.831301
148.875          -0.065951       -3.778719
148.890          -0.065028       -3.725833
148.905          -0.064100       -3.672642
148.920          -0.063166       -3.619146
148.935          -0.062227       -3.565344
148.950          -0.061283       -3.511236
148.965          -0.060333       -3.456822
148.980          -0.059378       -3.402102
148.995          -0.058417       -3.347076
149.010          -0.057452       -3.291745
149.025          -0.056481       -3.236110
149.040          -0.055504       -3.180171
149.055          -0.054523       -3.123929
149.070          -0.053536       -3.067387
149.085          -0.052544       -3.010545
149.100          -0.051547       -2.953405
149.115          -0.050544       -2.895971
149.130          -0.049537       -2.838243
149.145          -0.048524       -2.780226
149.160          -0.047506       -2.721922
149.175          -0.046484       -2.663335
149.190          -0.045457       -2.604468
149.205          -0.044424       -2.545325
149.220          -0.043387       -2.485912
149.235          -0.042346       -2.426232
149.250          -0.041300       -2.366292
149.265          -0.040249       -2.306095
149.280          -0.039194       -2.245650
149.295          -0.038135       -2.184960
149.310          -0.037071       -2.124034
149.325          -0.036004       -2.062877
149.340          -0.034933       -2.001498
149.355          -0.033858       -1.939904
149.370          -0.032779       -1.878103
149.385          -0.031697       -1.816104
149.400          -0.030612       -1.753915
149.415          -0.029523       -1.691546
149.430          -0.028432       -1.629006
149.445          -0.027337       -1.566306
149.460          -0.026240       -1.503455
149.475          -0.025141       -1.440464
149.490          -0.024039       -1.377346
149.505          -0.022936       -1.314111
149.520          -0.021830       -1.250771
149.535          -0.020723       -1.187339
149.550          -0.019614       -1.123827
149.565          -0.018505       -1.060249
149.580          -0.017394       -0.996619
149.595          -0.016283       -0.932950
149.610          -0.015171       -0.869257
149.625          -0.014060       -0.805554
149.640          -0.012948       -0.741858
149.655          -0.011837       -0.678182
149.670          -0.010726       -0.614544
149.685          -0.009616       -0.550960
149.700          -0.008508       -0.487446
149.715          -0.007401       -0.424019
149.730          -0.006295       -0.360698
149.745          -0.005192       -0.297499
149.760          -0.004092       -0.234441
149.775          -0.002994       -0.171543
149.790          -0.001899       -0.108823
149.805          -0.000808       -0.046301
149.820           0.000279        0.016005
149.835           0.001363        0.078073
149.850           0.002441        0.139885
149.865           0.003515        0.201420
149.880           0.004584        0.262658
149.895           0.005647        0.323577
149.910           0.006705        0.384156
149.925           0.007756        0.444375
149.940           0.008800        0.504213
149.955           0.009837        0.563647
149.970           0.010867        0.622656
149.985           0.011890        0.681219
150.000           0.012903        0.739313
150.015           0.013909        0.796917
150.030           0.014905        0.854010
150.045           0.015892        0.910569
150.060           0.016870        0.966572
150.075           0.017837        1.021999
150.090           0.018794        1.076827
150.105           0.019740        1.131035
150.120           0.020675        1.184602
150.135           0.021599        1.237507
150.150           0.022510        1.289730
150.165           0.023409        1.341249
150.180           0.024296        1.392045
150.195           0.025169        1.442097
150.210           0.026030        1.491387
150.225           0.026876        1.539895
150.240           0.027709        1.587604
150.255           0.028527        1.634494
150.270           0.029331        1.680549
150.285           0.030120        1.725751
150.300           0.030894        1.770084
150.315           0.031652        1.813532
150.330           0.032395        1.856081
150.345           0.033121        1.897716
150.360           0.033832        1.938423
150.375           0.034526        1.978189
150.390           0.035203        2.017002
150.405           0.035864        2.054851
150.420           0.036507        2.091725
150.435           0.037134        2.127615
150.450           0.037743        2.162512
150.465           0.038335        2.196406
150.480           0.038909        2.229293
150.495           0.039465        2.261165
150.510           0.040003        2.292016
150.525           0.040524        2.321844
150.540           0.041026        2.350644
150.555           0.041511        2.378413
150.570           0.041978        2.405151
150.585           0.042426        2.430857
150.600           0.042857        2.455530
150.615           0.043270        2.479173
150.630           0.043664        2.501787
150.645           0.044041        2.523376
150.660           0.044400        2.543944
150.675           0.044741        2.563495
150.690           0.045065        2.582036
150.705           0.045371        2.599572
150.720           0.045660        2.616113
150.735           0.045931        2.631665
150.750           0.046186        2.646238
150.765           0.046423        2.659842
150.780           0.046644        2.672488
150.795           0.046848        2.684186
150.810           0.047036        2.694950
150.825           0.047208        2.704791
150.840           0.047363        2.713723
150.855           0.047504        2.721760
150.870           0.047629        2.728917
150.885           0.047738        2.735207
150.900           0.047833        2.740648
150.915           0.047914        2.745253
150.930           0.047980        2.749041
150.945           0.048032        2.752027
150.960           0.048070        2.754228
150.975           0.048095        2.755662
150.990           0.048107        2.756346
151.005           0.048106        2.756298
151.020           0.048093        2.755535
151.035           0.048068        2.754075
151.050           0.048030        2.751937
151.065           0.047982        2.749139
151.080           0.047921        2.745697
151.095           0.047851        2.741632
151.110           0.047769        2.736960
151.125           0.047677        2.731700
151.140           0.047575        2.725869
151.155           0.047464        2.719486
151.170           0.047343        2.712567
151.185           0.047213        2.705129
151.200           0.047075        2.697191
151.215           0.046928        2.688768
151.230           0.046773        2.679878
151.245           0.046610        2.670536
151.260           0.046439        2.660758
151.275           0.046261        2.650560
151.290           0.046076        2.639957
151.305           0.045884        2.628965
151.320           0.045686        2.617597
151.335           0.045481        2.605868
151.350           0.045270        2.593791
151.365           0.045054        2.581381
151.380           0.044831        2.568649
151.395           0.044604        2.555609
151.410           0.044371        2.542273
151.425           0.044133        2.528652
151.440           0.043891        2.514758
151.455           0.043644        2.500603
151.470           0.043392        2.486196
151.485           0.043137        2.471549
151.500           0.042877        2.456671
151.515           0.042613        2.441572
151.530           0.042346        2.426261
151.545           0.042075        2.410747
151.560           0.041801        2.395040
151.575           0.041524        2.379146
151.590           0.041243        2.363076
151.605           0.040960        2.346836
151.620           0.040674        2.330434
151.635           0.040385        2.313878
151.650           0.040093        2.297176
151.665           0.039799        2.280333
151.680           0.039503        2.263358
151.695           0.039205        2.246256
151.710           0.038904        2.229035
151.725           0.038601        2.211702
151.740           0.038297        2.194263
151.755           0.037991        2.176724
151.770           0.037683        2.159092
151.785           0.037374        2.141374
151.800           0.037063        2.123575
151.815           0.036751        2.105703
151.830           0.036438        2.087764
151.845           0.036124        2.069764
151.860           0.035809        2.051711
151.875           0.035493        2.033611
151.890           0.035177        2.015470
151.905           0.034859        1.997296
151.920           0.034542        1.979097
151.935           0.034224        1.960878
151.950           0.033906        1.942649
151.965           0.033587        1.924416
151.980           0.033269        1.906187
151.995           0.032951        1.887970
152.010           0.032634        1.869774
152.025           0.032317        1.851607
152.040           0.032000        1.833477
152.055           0.031685        1.815394
152.070           0.031370        1.797366
152.085           0.031056        1.779403
152.100           0.030744        1.761514
152.115           0.030433        1.743710
152.130           0.030124        1.726000
152.145           0.029817        1.708394
152.160           0.029512        1.690903
152.175           0.029209        1.673538
152.190           0.028908        1.656310
152.205           0.028610        1.639230
152.220           0.028315        1.622309
152.235           0.028022        1.605558
152.250           0.027733        1.588991
152.265           0.027447        1.572618
152.280           0.027165        1.556452
152.295           0.026887        1.540506
152.310           0.026613        1.524791
152.325           0.026343        1.509320
152.340           0.026077        1.494107
152.355           0.025816        1.479165
152.370           0.025560        1.464505
152.385           0.025310        1.450142
152.400           0.025064        1.436089
152.415           0.024825        1.422359
152.430           0.024591        1.408966
152.445           0.024363        1.395922
152.460           0.024142        1.383242
152.475           0.023927        1.370938
152.490           0.023719        1.359024
152.505           0.023519        1.347514
152.520           0.023325        1.336420
152.535           0.023139        1.325756
152.550           0.022960        1.315535
152.565           0.022790        1.305770
152.580           0.022628        1.296473
152.595           0.022474        1.287657
152.610           0.022329        1.279335
152.625           0.022192        1.271519
152.640           0.022065        1.264221
152.655           0.021947        1.257452
152.670           0.021838        1.251223
152.685           0.021739        1.245546
152.700           0.021650        1.240432
152.715           0.021570        1.235891
152.730           0.021501        1.231932
152.745           0.021443        1.228566
152.760           0.021394        1.225802
152.775           0.021357        1.223647
152.790           0.021330        1.222112
152.805           0.021314        1.221202
152.820           0.021309        1.220925
152.835           0.021316        1.221288
152.850           0.021333        1.222298
152.865           0.021362        1.223959
152.880           0.021403        1.226276
152.895           0.021455        1.229254
152.910           0.021518        1.232897
152.925           0.021593        1.237207
152.940           0.021680        1.242187
152.955           0.021779        1.247839
152.970           0.021889        1.254163
152.985           0.022011        1.261161
153.000           0.022145        1.268831
153.015           0.022291        1.277172
153.030           0.022448        1.286184
153.045           0.022617        1.295863
153.060           0.022798        1.306206
153.075           0.022990        1.317209
153.090           0.023193        1.328868
153.105           0.023408        1.341177
153.120           0.023634        1.354131
153.135           0.023871        1.367721
153.150           0.024119        1.381942
153.165           0.024378        1.396784
153.180           0.024648        1.412239
153.195           0.024928        1.428297
153.210           0.025219        1.444947
153.225           0.025520        1.462180
153.240           0.025831        1.479983
153.255           0.026151        1.498344
153.270           0.026481        1.517251
153.285           0.026820        1.536690
153.300           0.027169        1.556647
153.315           0.027526        1.577107
153.330           0.027891        1.598057
153.345           0.028265        1.619479
153.360           0.028647        1.641358
153.375           0.029037        1.663679
153.390           0.029434        1.686423
153.405           0.029838        1.709573
153.420           0.030249        1.733113
153.435           0.030666        1.757024
153.450           0.031089        1.781288
153.465           0.031519        1.805886
153.480           0.031953        1.830799
153.495           0.032393        1.856009
153.510           0.032838        1.881497
153.525           0.033288        1.907242
153.540           0.033741        1.933226
153.555           0.034198        1.959428
153.570           0.034659        1.985830
153.585           0.035123        2.012411
153.600           0.035590        2.039152
153.615           0.036059        2.066033
153.630           0.036530        2.093034
153.645           0.037003        2.120136
153.660           0.037478        2.147318
153.675           0.037953        2.174563
153.690           0.038430        2.201850
153.705           0.038906        2.229160
153.720           0.039383        2.256474
153.735           0.039859        2.283774
153.750           0.040335        2.311040
153.765           0.040810        2.338255
153.780           0.041284        2.365401
153.795           0.041756        2.392459
153.810           0.042227        2.419412
153.825           0.042695        2.446243
153.840           0.043161        2.472935
153.855           0.043624        2.499471
153.870           0.044084        2.525836
153.885           0.044541        2.552012
153.900           0.044994        2.577984
153.915           0.045444        2.603738
153.930           0.045889        2.629258
153.945           0.046330        2.654529
153.960           0.046767        2.679537
153.975           0.047198        2.704269
153.990           0.047625        2.728710
154.005           0.048046        2.752848
154.020           0.048462        2.776670
154.035           0.048872        2.800164
154.050           0.049276        2.823316
154.065           0.049674        2.846117
154.080           0.050066        2.868553
154.095           0.050451        2.890614
154.110           0.050829        2.912290
154.125           0.051200        2.933569
154.140           0.051565        2.954443
154.155           0.051922        2.974900
154.170           0.052271        2.994932
154.185           0.052613        3.014531
154.200           0.052948        3.033686
154.215           0.053274        3.052389
154.230           0.053593        3.070633
154.245           0.053903        3.088410
154.260           0.054205        3.105712
154.275           0.054498        3.122531
154.290           0.054783        3.138862
154.305           0.055060        3.154697
154.320           0.055327        3.170030
154.335           0.055586        3.184855
154.350           0.055836        3.199166
154.365           0.056077        3.212958
154.380           0.056308        3.226226
154.395           0.056531        3.238964
154.410           0.056744        3.251168
154.425           0.056947        3.262834
154.440           0.057141        3.273958
154.455           0.057326        3.284536
154.470           0.057501        3.294564
154.485           0.057666        3.304040
154.500           0.057822        3.312960
154.515           0.057968        3.321322
154.530           0.058104        3.329124
154.545           0.058231        3.336363
154.560           0.058347        3.343038
154.575           0.058454        3.349148
154.590           0.058550        3.354691
154.605           0.058637        3.359667
154.620           0.058714        3.364074
154.635           0.058781        3.367914
154.650           0.058838        3.371185
154.665           0.058885        3.373889
154.680           0.058923        3.376026
154.695           0.058950        3.377596
154.710           0.058968        3.378602
154.725           0.058975        3.379045
154.740           0.058973        3.378926
154.755           0.058962        3.378248
154.770           0.058940        3.377013
154.785           0.058909        3.375223
154.800           0.058868        3.372883
154.815           0.058818        3.369995
154.830           0.058758        3.366562
154.845           0.058688        3.362588
154.860           0.058610        3.358077
154.875           0.058521        3.353034
154.890           0.058424        3.347462
154.905           0.058318        3.341366
154.920           0.058202        3.334751
154.935           0.058078        3.327623
154.950           0.057945        3.319985
154.965           0.057803        3.311844
154.980           0.057652        3.303205
154.995           0.057492        3.294073
155.010           0.057325        3.284453
155.025           0.057148        3.274353
155.040           0.056964        3.263777
155.055           0.056771        3.252732
155.070           0.056570        3.241223
155.085           0.056361        3.229257
155.100           0.056144        3.216838
155.115           0.055920        3.203974
155.130           0.055688        3.190671
155.145           0.055448        3.176933
155.160           0.055201        3.162768
155.175           0.054946        3.148180
155.190           0.054684        3.133176
155.205           0.054415        3.117762
155.220           0.054139        3.101942
155.235           0.053856        3.085722
155.250           0.053566        3.069108
155.265           0.053269        3.052104
155.280           0.052966        3.034716
155.295           0.052656        3.016949
155.310           0.052339        2.998806
155.325           0.052016        2.980293
155.340           0.051686        2.961413
155.355           0.051351        2.942172
155.370           0.051009        2.922572
155.385           0.050660        2.902617
155.400           0.050306        2.882311
155.415           0.049945        2.861657
155.430           0.049579        2.840658
155.445           0.049206        2.819317
155.460           0.048828        2.797636
155.475           0.048444        2.775618
155.490           0.048054        2.753265
155.505           0.047658        2.730579
155.520           0.047256        2.707561
155.535           0.046848        2.684213
155.550           0.046435        2.660537
155.565           0.046016        2.636533
155.580           0.045592        2.612203
155.595           0.045161        2.587547
155.610           0.044725        2.562566
155.625           0.044284        2.537260
155.640           0.043836        2.511630
155.655           0.043383        2.485676
155.670           0.042925        2.459398
155.685           0.042460        2.432796
155.700           0.041990        2.405870
155.715           0.041515        2.378619
155.730           0.041033        2.351043
155.745           0.040546        2.323142
155.760           0.040054        2.294914
155.775           0.039555        2.266361
155.790           0.039051        2.237480
155.805           0.038542        2.208271
155.820           0.038026        2.178734
155.835           0.037505        2.148868
155.850           0.036978        2.118671
155.865           0.036445        2.088144
155.880           0.035906        2.057286
155.895           0.035362        2.026096
155.910           0.034812        1.994573
155.925           0.034256        1.962716
155.940           0.033694        1.930525
155.955           0.033126        1.898000
155.970           0.032553        1.865140
155.985           0.031973        1.831944
156.000           0.031388        1.798411
156.015           0.030797        1.764543
156.030           0.030200        1.730337
156.045           0.029597        1.695795
156.060           0.028988        1.660915
156.075           0.028374        1.625698
156.090           0.027753        1.590144
156.105           0.027127        1.554252
156.120           0.026495        1.518024
156.135           0.025856        1.481458
156.150           0.025212        1.444556
156.165           0.024562        1.407318
156.180           0.023907        1.369743
156.195           0.023245        1.331834
156.210           0.022577        1.293590
156.225           0.021904        1.255012
156.240           0.021225        1.216101
156.255           0.020540        1.176858
156.270           0.019849        1.137284
156.285           0.019153        1.097380
156.300           0.018451        1.057148
156.315           0.017743        1.016588
156.330           0.017029        0.975702
156.345           0.016310        0.934491
156.360           0.015585        0.892958
156.375           0.014855        0.851104
156.390           0.014119        0.808931
156.405           0.013377        0.766440
156.420           0.012630        0.723635
156.435           0.011877        0.680518
156.450           0.011119        0.637090
156.465           0.010356        0.593355
156.480           0.009587        0.549315
156.495           0.008813        0.504974
156.510           0.008034        0.460334
156.525           0.007250        0.415399
156.540           0.006461        0.370172
156.555           0.005666        0.324657
156.570           0.004867        0.278857
156.585           0.004063        0.232778
156.600           0.003254        0.186423
156.615           0.002440        0.139797
156.630           0.001621        0.092905
156.645           0.000799        0.045751
156.660          -0.000029       -0.001658
156.675          -0.000861       -0.049318
156.690          -0.001697       -0.097222
156.705          -0.002537       -0.145365
156.720          -0.003381       -0.193739
156.735          -0.004230       -0.242339
156.750          -0.005082       -0.291158
156.765          -0.005937       -0.340187
156.780          -0.006797       -0.389421
156.795          -0.007659       -0.438850
156.810          -0.008525       -0.488466
156.825          -0.009394       -0.538263
156.840          -0.010267       -0.588229
156.855          -0.011141       -0.638358
156.870          -0.012019       -0.688639
156.885          -0.012899       -0.739063
156.900          -0.013781       -0.789620
156.915          -0.014666       -0.840300
156.930          -0.015553       -0.891094
156.945          -0.016441       -0.941989
156.960          -0.017331       -0.992976
156.975          -0.018222       -1.044044
156.990          -0.019115       -1.095181
157.005          -0.020008       -1.146377
157.020          -0.020902       -1.197618
157.035          -0.021797       -1.248895
157.050          -0.022693       -1.300195
157.065          -0.023588       -1.351506
157.080          -0.024484       -1.402816
157.095          -0.025379       -1.454112
157.110          -0.026274       -1.505384
157.125          -0.027168       -1.556618
157.140          -0.028061       -1.607803
157.155          -0.028954       -1.658926
157.170          -0.029845       -1.709975
157.185          -0.030734       -1.760938
157.200          -0.031622       -1.811803
157.215          -0.032508       -1.862558
157.230          -0.033391       -1.913191
157.245          -0.034273       -1.963691
157.260          -0.035152       -2.014046
157.275          -0.036028       -2.064246
157.290          -0.036901       -2.114278
157.305          -0.037771       -2.164133
157.320          -0.038638       -2.213800
157.335          -0.039502       -2.263269
157.350          -0.040361       -2.312531
157.365          -0.041217       -2.361575
157.380          -0.042069       -2.410392
157.395          -0.042917       -2.458975
157.410          -0.043761       -2.507314
157.425          -0.044600       -2.555401
157.440          -0.045435       -2.603231
157.455          -0.046265       -2.650794
157.470          -0.047090       -2.698085
157.485          -0.047911       -2.745097
157.500          -0.048727       -2.791826
157.515          -0.049537       -2.838265
157.530          -0.050342       -2.884411
157.545          -0.051143       -2.930258
157.560          -0.051938       -2.975804
157.575          -0.052727       -3.021045
157.590          -0.053511       -3.065979
157.605          -0.054290       -3.110603
157.620          -0.055064       -3.154916
157.635          -0.055832       -3.198917
157.650          -0.056594       -3.242604
157.665          -0.057351       -3.285978
157.680          -0.058103       -3.329038
157.695          -0.058849       -3.371786
157.710          -0.059589       -3.414223
157.725          -0.060325       -3.456350
157.740          -0.061055       -3.498168
157.755          -0.061779       -3.539682
157.770          -0.062498       -3.580892
157.785          -0.063212       -3.621802
157.800          -0.063921       -3.662416
157.815          -0.064625       -3.702737
157.830          -0.065324       -3.742769
157.845          -0.066017       -3.782517
157.860          -0.066706       -3.821985
157.875          -0.067390       -3.861177
157.890          -0.068070       -3.900100
157.905          -0.068744       -3.938757
157.920          -0.069414       -3.977155
157.935          -0.070080       -4.015298
157.950          -0.070742       -4.053192
157.965          -0.071399       -4.090844
157.980          -0.072052       -4.128258
157.995          -0.072701       -4.165441
158.010          -0.073346       -4.202398
158.025          -0.073987       -4.239134
158.040          -0.074624       -4.275657
158.055          -0.075258       -4.311971
158.070          -0.075888       -4.348082
158.085          -0.076515       -4.383995
158.100          -0.077139       -4.419717
158.115          -0.077759       -4.455252
158.130          -0.078376       -4.490605
158.145          -0.078990       -4.525782
158.160          -0.079601       -4.560787
158.175          -0.080209       -4.595624
158.190          -0.080814       -4.630299
158.205          -0.081416       -4.664815
158.220          -0.082016       -4.699177
158.235          -0.082613       -4.733387
158.250          -0.083208       -4.767449
158.265          -0.083800       -4.801366
158.280          -0.084389       -4.835141
158.295          -0.084976       -4.868776
158.310          -0.085561       -4.902274
158.325          -0.086143       -4.935635
158.340          -0.086723       -4.968862
158.355          -0.087301       -5.001956
158.370          -0.087876       -5.034917
158.385          -0.088449       -5.067745
158.400          -0.089019       -5.100441
158.415          -0.089588       -5.133004
158.430          -0.090154       -5.165433
158.445          -0.090717       -5.197727
158.460          -0.091279       -5.229885
158.475          -0.091838       -5.261905
158.490          -0.092394       -5.293783
158.505          -0.092948       -5.325518
158.520          -0.093499       -5.357106
158.535          -0.094048       -5.388543
158.550          -0.094594       -5.419826
158.565          -0.095137       -5.450949
158.580          -0.095677       -5.481909
158.595          -0.096215       -5.512700
158.610          -0.096749       -5.543316
158.625          -0.097280       -5.573751
158.640          -0.097808       -5.603999
158.655          -0.098333       -5.634052
158.670          -0.098854       -5.663903
158.685          -0.099371       -5.693545
158.700          -0.099885       -5.722970
158.715          -0.100394       -5.752168
158.730          -0.100900       -5.781131
158.745          -0.101401       -5.809849
158.760          -0.101898       -5.838313
158.775          -0.102390       -5.866512
158.790          -0.102877       -5.894436
158.805          -0.103360       -5.922074
158.820          -0.103837       -5.949414
158.835          -0.104309       -5.976445
158.850          -0.104775       -6.003155
158.865          -0.105235       -6.029530
158.880          -0.105689       -6.055559
158.895          -0.106137       -6.081229
158.910          -0.106579       -6.106525
158.925          -0.107014       -6.131434
158.940          -0.107441       -6.155942
158.955          -0.107862       -6.180034
158.970          -0.108275       -6.203696
158.985          -0.108680       -6.226912
159.000          -0.109077       -6.249668
159.015          -0.109466       -6.271948
159.030          -0.109846       -6.293736
159.045          -0.110218       -6.315016
159.060          -0.110580       -6.335773
159.075          -0.110933       -6.355989
159.090          -0.111276       -6.375649
159.105          -0.111609       -6.394735
159.120          -0.111932       -6.413232
159.135          -0.112244       -6.431122
159.150          -0.112546       -6.448388
159.165          -0.112836       -6.465014
159.180          -0.113114       -6.480982
159.195          -0.113381       -6.496276
159.210          -0.113636       -6.510878
159.225          -0.113879       -6.524772
159.240          -0.114109       -6.537941
159.255          -0.114325       -6.550368
159.270          -0.114529       -6.562037
159.285          -0.114719       -6.572931
159.300          -0.114896       -6.583034
159.315          -0.115058       -6.592330
159.330          -0.115206       -6.600803
159.345          -0.115339       -6.608437
159.360          -0.115457       -6.615218
159.375          -0.115561       -6.621129
159.390          -0.115648       -6.626157
159.405          -0.115720       -6.630287
159.420          -0.115777       -6.633505
159.435          -0.115817       -6.635797
159.450          -0.115840       -6.637151
159.465          -0.115847       -6.637554
159.480          -0.115837       -6.636992
159.495          -0.115811       -6.635455
159.510          -0.115766       -6.632931
159.525          -0.115705       -6.629410
159.540          -0.115626       -6.624881
159.555          -0.115529       -6.619333
159.570          -0.115414       -6.612759
159.585          -0.115282       -6.605149
159.600          -0.115131       -6.596495
159.615          -0.114961       -6.586790
159.630          -0.114773       -6.576026
159.645          -0.114567       -6.564198
159.660          -0.114342       -6.551299
159.675          -0.114098       -6.537324
159.690          -0.113835       -6.522268
159.705          -0.113553       -6.506128
159.720          -0.113253       -6.488899
159.735          -0.112933       -6.470579
159.750          -0.112594       -6.451165
159.765          -0.112236       -6.430655
159.780          -0.111859       -6.409048
159.795          -0.111463       -6.386344
159.810          -0.111047       -6.362541
159.825          -0.110613       -6.337640
159.840          -0.110159       -6.311641
159.855          -0.109686       -6.284546
159.870          -0.109194       -6.256355
159.885          -0.108683       -6.227072
159.900          -0.108153       -6.196697
159.915          -0.107604       -6.165234
159.930          -0.107036       -6.132686
159.945          -0.106449       -6.099056
159.960          -0.105843       -6.064348
159.975          -0.105218       -6.028565
159.990          -0.104575       -5.991712
160.005          -0.103913       -5.953793
160.020          -0.103233       -5.914812
160.035          -0.102534       -5.874775
160.050          -0.101817       -5.833686
160.065          -0.101082       -5.791549
160.080          -0.100328       -5.748372
160.095          -0.099556       -5.704157
160.110          -0.098767       -5.658911
160.125          -0.097959       -5.612639
160.140          -0.097134       -5.565346
160.155          -0.096290       -5.517037
160.170          -0.095430       -5.467718
160.185          -0.094551       -5.417394
160.200          -0.093656       -5.366069
160.215          -0.092742       -5.313750
160.230          -0.091812       -5.260440
160.245          -0.090864       -5.206144
160.260          -0.089900       -5.150868
160.275          -0.088918       -5.094616
160.290          -0.087919       -5.037392
160.305          -0.086903       -4.979200
160.320          -0.085871       -4.920045
160.335          -0.084822       -4.859930
160.350          -0.083756       -4.798860
160.365          -0.082673       -4.736838
160.380          -0.081574       -4.673868
160.395          -0.080459       -4.609953
160.410          -0.079327       -4.545096
160.425          -0.078179       -4.479300
160.440          -0.077014       -4.412569
160.455          -0.075833       -4.344904
160.470          -0.074636       -4.276310
160.485          -0.073422       -4.206788
160.500          -0.072193       -4.136342
160.515          -0.070947       -4.064974
160.530          -0.069686       -3.992686
160.545          -0.068408       -3.919481
160.560          -0.067114       -3.845361
160.575          -0.065805       -3.770329
160.590          -0.064479       -3.694388
160.605          -0.063138       -3.617540
160.620          -0.061781       -3.539789
160.635          -0.060408       -3.461136
160.650          -0.059020       -3.381585
160.665          -0.057616       -3.301140
160.680          -0.056196       -3.219803
160.695          -0.054761       -3.137579
160.710          -0.053311       -3.054471
160.725          -0.051845       -2.970484
160.740          -0.050364       -2.885622
160.755          -0.048867       -2.799889
160.770          -0.047356       -2.713292
160.785          -0.045829       -2.625835
160.800          -0.044288       -2.537525
160.815          -0.042732       -2.448369
160.830          -0.041161       -2.358372
160.845          -0.039576       -2.267543
160.860          -0.037976       -2.175889
160.875          -0.036363       -2.083420
160.890          -0.034735       -1.990143
160.905          -0.033093       -1.896068
160.920          -0.031437       -1.801206
160.935          -0.029768       -1.705567
160.950          -0.028085       -1.609162
160.965          -0.026389       -1.512004
160.980          -0.024681       -1.414106
160.995          -0.022959       -1.315479
161.010          -0.021226       -1.216139
161.025          -0.019480       -1.116099
161.040          -0.017722       -1.015376
161.055          -0.015952       -0.913984
161.070          -0.014171       -0.811941
161.085          -0.012379       -0.709264
161.100          -0.010576       -0.605971
161.115          -0.008763       -0.502079
161.130          -0.006940       -0.397610
161.145          -0.005107       -0.292582
161.160          -0.003264       -0.187016
161.175          -0.001413       -0.080933
161.190           0.000448        0.025644
161.205           0.002316        0.132694
161.220           0.004192        0.240193
161.235           0.006076        0.348117
161.250           0.007966        0.456442
161.265           0.009864        0.565143
161.280           0.011767        0.674195
161.295           0.013676        0.783572
161.310           0.015590        0.893247
161.325           0.017509        1.003193
161.340           0.019432        1.113382
161.355           0.021359        1.223788
161.370           0.023289        1.334381
161.385           0.025222        1.445132
161.400           0.027158        1.556012
161.415           0.029095        1.666992
161.430           0.031033        1.778042
161.445           0.032972        1.889132
161.460           0.034911        2.000230
161.475           0.036849        2.111306
161.490           0.038787        2.222329
161.505           0.040723        2.333267
161.520           0.042657        2.444090
161.535           0.044589        2.554764
161.550           0.046518        2.665258
161.565           0.048442        2.775540
161.580           0.050363        2.885578
161.595           0.052279        2.995339
161.610           0.054189        3.104791
161.625           0.056093        3.213901
161.640           0.057991        3.322637
161.655           0.059882        3.430965
161.670           0.061765        3.538854
161.685           0.063639        3.646270
161.700           0.065505        3.753181
161.715           0.067362        3.859554
161.730           0.069209        3.965356
161.745           0.071045        4.070555
161.760           0.072870        4.175119
161.775           0.074683        4.279014
161.790           0.076484        4.382209
161.805           0.078272        4.484671
161.820           0.080047        4.586369
161.835           0.081808        4.687269
161.850           0.083555        4.787340
161.865           0.085286        4.886551
161.880           0.087002        4.984869
161.895           0.088702        5.082263
161.910           0.090385        5.178702
161.925           0.092051        5.274155
161.940           0.093700        5.368591
161.955           0.095330        5.461978
161.970           0.096941        5.554287
161.985           0.098532        5.645486
162.000           0.100104        5.735546
162.015           0.101656        5.824437
162.030           0.103186        5.912128
162.045           0.104695        5.998591
162.060           0.106182        6.083795
162.075           0.107647        6.167712
162.090           0.109089        6.250313
162.105           0.110507        6.331569
162.120           0.111901        6.411451
162.135           0.113271        6.489932
162.150           0.114615        6.566984
162.165           0.115935        6.642579
162.180           0.117228        6.716690
162.195           0.118495        6.789289
162.210           0.119736        6.860351
162.225           0.120949        6.929849
162.240           0.122134        6.997756
162.255           0.123291        7.064047
162.270           0.124419        7.128697
162.285           0.125519        7.191680
162.300           0.126588        7.252973
162.315           0.127628        7.312551
162.330           0.128638        7.370389
162.345           0.129616        7.426465
162.360           0.130564        7.480756
162.375           0.131480        7.533240
162.390           0.132364        7.583893
162.405           0.133216        7.632695
162.420           0.134035        7.679625
162.435           0.134821        7.724662
162.450           0.135573        7.767786
162.465           0.136292        7.808979
162.480           0.136977        7.848220
162.495           0.137628        7.885492
162.510           0.138244        7.920778
162.525           0.138825        7.954059
162.540           0.139370        7.985321
162.555           0.139880        8.014548
162.570           0.140355        8.041724
162.585           0.140793        8.066835
162.600           0.141195        8.089869
162.615           0.141560        8.110812
162.630           0.141889        8.129652
162.645           0.142181        8.146379
162.660           0.142436        8.160982
162.675           0.142654        8.173451
162.690           0.142834        8.183779
162.705           0.142977        8.191958
162.720           0.143082        8.197980
162.735           0.143149        8.201841
162.750           0.143179        8.203534
162.765           0.143170        8.203057
162.780           0.143124        8.200406
162.795           0.143040        8.195579
162.810           0.142918        8.188575
162.825           0.142757        8.179395
162.840           0.142559        8.168038
162.855           0.142323        8.154509
162.870           0.142049        8.138808
162.885           0.141737        8.120941
162.900           0.141388        8.100914
162.915           0.141000        8.078731
162.930           0.140576        8.054402
162.945           0.140114        8.027934
162.960           0.139615        7.999337
162.975           0.139079        7.968621
162.990           0.138506        7.935800
163.005           0.137896        7.900885
163.020           0.137251        7.863891
163.035           0.136569        7.824833
163.050           0.135852        7.783729
163.065           0.135099        7.740594
163.080           0.134311        7.695448
163.095           0.133488        7.648311
163.110           0.132631        7.599203
163.125           0.131740        7.548148
163.140           0.130815        7.495167
163.155           0.129857        7.440285
163.170           0.128867        7.383528
163.185           0.127844        7.324923
163.200           0.126789        7.264496
163.215           0.125703        7.202277
163.230           0.124587        7.138295
163.245           0.123440        7.072582
163.260           0.122263        7.005169
163.275           0.121058        6.936089
163.290           0.119823        6.865376
163.305           0.118561        6.793065
163.320           0.117272        6.719193
163.335           0.115956        6.643796
163.350           0.114614        6.566912
163.365           0.113247        6.488581
163.380           0.111855        6.408842
163.395           0.110440        6.327735
163.410           0.109001        6.245304
163.425           0.107540        6.161590
163.440           0.106057        6.076636
163.455           0.104554        5.990487
163.470           0.103030        5.903189
163.485           0.101487        5.814786
163.500           0.099926        5.725326
163.515           0.098347        5.634856
163.530           0.096751        5.543424
163.545           0.095139        5.451078
163.560           0.093512        5.357869
163.575           0.091871        5.263846
163.590           0.090217        5.169059
163.605           0.088550        5.073560
163.620           0.086872        4.977401
163.635           0.085183        4.880633
163.650           0.083485        4.783310
163.665           0.081777        4.685484
163.680           0.080062        4.587208
163.695           0.078340        4.488537
163.710           0.076612        4.389525
163.725           0.074879        4.290225
163.740           0.073141        4.190693
163.755           0.071401        4.090984
163.770           0.069659        3.991151
163.785           0.067915        3.891251
163.800           0.066171        3.791338
163.815           0.064428        3.691467
163.830           0.062687        3.591694
163.845           0.060948        3.492074
163.860           0.059213        3.392661
163.875           0.057483        3.293511
163.890           0.055758        3.194678
163.905           0.054039        3.096217
163.920           0.052328        2.998181
163.935           0.050625        2.900625
163.950           0.048932        2.803601
163.965           0.047249        2.707164
163.980           0.045577        2.611365
163.995           0.043917        2.516257
164.010           0.042270        2.421891
164.025           0.040637        2.328318
164.040           0.039018        2.235588
164.055           0.037416        2.143751
164.070           0.035829        2.052856
164.085           0.034260        1.962951
164.100           0.032709        1.874083
164.115           0.031177        1.786299
164.130           0.029664        1.699644
164.145           0.028172        1.614163
164.160           0.026702        1.529899
164.175           0.025253        1.446895
164.190           0.023827        1.365192
164.205           0.022425        1.284831
164.220           0.021046        1.205852
164.235           0.019692        1.128291
164.250           0.018364        1.052187
164.265           0.017062        0.977574
164.280           0.015786        0.904488
164.295           0.014538        0.832961
164.310           0.013317        0.763024
164.325           0.012125        0.694709
164.340           0.010961        0.628044
164.355           0.009827        0.563056
164.370           0.008723        0.499772
164.385           0.007648        0.438217
164.400           0.006605        0.378412
164.415           0.005592        0.320381
164.430           0.004610        0.264142
164.445           0.003660        0.209715
164.460           0.002742        0.157116
164.475           0.001856        0.106361
164.490           0.001003        0.057462
164.505           0.000182        0.010433
164.520          -0.000606       -0.034716
164.535          -0.001361       -0.077976
164.550          -0.002083       -0.119341
164.565          -0.002772       -0.158804
164.580          -0.003427       -0.196363
164.595          -0.004049       -0.232013
164.610          -0.004638       -0.265756
164.625          -0.005194       -0.297591
164.640          -0.005716       -0.327522
164.655          -0.006206       -0.355553
164.670          -0.006662       -0.381690
164.685          -0.007085       -0.405940
164.700          -0.007475       -0.428312
164.715          -0.007833       -0.448818
164.730          -0.008159       -0.467469
164.745          -0.008452       -0.484280
164.760          -0.008714       -0.499265
164.775          -0.008944       -0.512442
164.790          -0.009143       -0.523830
164.805          -0.009310       -0.533448
164.820          -0.009448       -0.541317
164.835          -0.009555       -0.547461
164.850          -0.009633       -0.551904
164.865          -0.009681       -0.554671
164.880          -0.009700       -0.555790
164.895          -0.009692       -0.555288
164.910          -0.009655       -0.553196
164.925          -0.009591       -0.549544
164.940          -0.009501       -0.544364
164.955          -0.009384       -0.537690
164.970          -0.009242       -0.529555
164.985          -0.009076       -0.519996
165.000          -0.008885       -0.509049
165.015          -0.008670       -0.496751
165.030          -0.008432       -0.483141
165.045          -0.008173       -0.468259
165.060          -0.007891       -0.452145
165.075          -0.007589       -0.434840
165.090          -0.007267       -0.416385
165.105          -0.006926       -0.396825
165.120          -0.006566       -0.376201
165.135          -0.006188       -0.354559
165.150          -0.005793       -0.331943
165.165          -0.005383       -0.308397
165.180          -0.004956       -0.283968
165.195          -0.004515       -0.258702
165.210          -0.004060       -0.232645
165.225          -0.003593       -0.205844
165.240          -0.003113       -0.178346
165.255          -0.002621       -0.150199
165.270          -0.002120       -0.121449
165.285          -0.001608       -0.092144
165.300          -0.001088       -0.062332
165.315          -0.000560       -0.032060
165.330          -0.000024       -0.001376
165.345           0.000518        0.029672
165.360           0.001065        0.061039
165.375           0.001617        0.092675
165.390           0.002174        0.124535
165.405           0.002733        0.156573
165.420           0.003294        0.188742
165.435           0.003857        0.220996
165.450           0.004421        0.253291
165.465           0.004984        0.285582
165.480           0.005547        0.317825
165.495           0.006108        0.349976
165.510           0.006667        0.381992
165.525           0.007223        0.413832
165.540           0.007775        0.445454
165.555           0.008322        0.476817
165.570           0.008864        0.507882
165.585           0.009401        0.538610
165.600           0.009930        0.568962
165.615           0.010453        0.598902
165.630           0.010968        0.628393
165.645           0.011474        0.657400
165.660           0.011971        0.685888
165.675           0.012459        0.713825
165.690           0.012936        0.741179
165.705           0.013403        0.767917
165.720           0.013858        0.794010
165.735           0.014302        0.819429
165.750           0.014733        0.844146
165.765           0.015152        0.868133
165.780           0.015557        0.891366
165.795           0.015949        0.913820
165.810           0.016327        0.935471
165.825           0.016691        0.956296
165.840           0.017039        0.976274
165.855           0.017373        0.995386
165.870           0.017691        1.013611
165.885           0.017993        1.030932
165.900           0.018279        1.047332
165.915           0.018549        1.062795
165.930           0.018803        1.077306
165.945           0.019039        1.090851
165.960           0.019258        1.103417
165.975           0.019460        1.114993
165.990           0.019645        1.125568
166.005           0.019812        1.135132
166.020           0.019961        1.143675
166.035           0.020092        1.151191
166.050           0.020205        1.157671
166.065           0.020300        1.163109
166.080           0.020377        1.167501
166.095           0.020435        1.170841
166.110           0.020475        1.173125
166.125           0.020496        1.174352
166.140           0.020499        1.174517
166.155           0.020484        1.173620
166.170           0.020449        1.171660
166.185           0.020397        1.168636
166.200           0.020325        1.164549
166.215           0.020235        1.159399
166.230           0.020127        1.153190
166.245           0.020000        1.145922
166.260           0.019855        1.137598
166.275           0.019691        1.128221
166.290           0.019509        1.117796
166.305           0.019309        1.106326
166.320           0.019091        1.093817
166.335           0.018854        1.080272
166.350           0.018600        1.065699
166.365           0.018328        1.050102
166.380           0.018038        1.033488
166.395           0.017730        1.015863
166.410           0.017405        0.997236
166.425           0.017063        0.977613
166.440           0.016703        0.957001
166.455           0.016326        0.935410
166.470           0.015932        0.912848
166.485           0.015522        0.889323
166.500           0.015094        0.864844
166.515           0.014651        0.839421
166.530           0.014191        0.813064
166.545           0.013714        0.785783
166.560           0.013222        0.757587
166.575           0.012715        0.728488
166.590           0.012191        0.698496
166.605           0.011652        0.667623
166.620           0.011098        0.635879
166.635           0.010529        0.603278
166.650           0.009945        0.569831
166.665           0.009347        0.535550
166.680           0.008734        0.500447
166.695           0.008108        0.464537
166.710           0.007467        0.427832
166.725           0.006813        0.390345
166.740           0.006145        0.352091
166.755           0.005464        0.313084
166.770           0.004771        0.273337
166.785           0.004064        0.232867
166.800           0.003346        0.191687
166.815           0.002615        0.149814
166.830           0.001872        0.107262
166.845           0.001118        0.064048
166.860           0.000352        0.020188
166.875          -0.000424       -0.024302
166.890          -0.001211       -0.069405
166.905          -0.002009       -0.115103
166.920          -0.002817       -0.161381
166.935          -0.003634       -0.208219
166.950          -0.004461       -0.255601
166.965          -0.005297       -0.303508
166.980          -0.006142       -0.351923
166.995          -0.006996       -0.400826
167.010          -0.007857       -0.450199
167.025          -0.008727       -0.500022
167.040          -0.009604       -0.550278
167.055          -0.010488       -0.600947
167.070          -0.011380       -0.652008
167.085          -0.012277       -0.703444
167.100          -0.013181       -0.755233
167.115          -0.014091       -0.807356
167.130          -0.015006       -0.859794
167.145          -0.015927       -0.912525
167.160          -0.016852       -0.965531
167.175          -0.017781       -1.018790
167.190          -0.018715       -1.072283
167.205          -0.019652       -1.125990
167.220          -0.020593       -1.179889
167.235          -0.021537       -1.233961
167.250          -0.022483       -1.288185
167.265          -0.023432       -1.342541
167.280          -0.024382       -1.397009
167.295          -0.025335       -1.451568
167.310          -0.026288       -1.506199
167.325          -0.027243       -1.560881
167.340          -0.028197       -1.615594
167.355          -0.029153       -1.670319
167.370          -0.030108       -1.725036
167.385          -0.031062       -1.779724
167.400          -0.032016       -1.834364
167.415          -0.032968       -1.888937
167.430          -0.033919       -1.943423
167.445          -0.034868       -1.997804
167.460          -0.035815       -2.052060
167.475          -0.036760       -2.106171
167.490          -0.037701       -2.160120
167.505          -0.038640       -2.213888
167.520          -0.039575       -2.267455
167.535          -0.040506       -2.320805
167.550          -0.041433       -2.373918
167.565          -0.042355       -2.426776
167.580          -0.043273       -2.479362
167.595          -0.044186       -2.531657
167.610          -0.045093       -2.583644
167.625          -0.045995       -2.635306
167.640          -0.046890       -2.686625
167.655          -0.047780       -2.737584
167.670          -0.048663       -2.788165
167.685          -0.049539       -2.838352
167.700          -0.050407       -2.888128
167.715          -0.051269       -2.937475
167.730          -0.052122       -2.986378
167.745          -0.052968       -3.034819
167.760          -0.053805       -3.082782
167.775          -0.054633       -3.130250
167.790          -0.055453       -3.177208
167.805          -0.056263       -3.223638
167.820          -0.057064       -3.269525
167.835          -0.057855       -3.314853
167.850          -0.058636       -3.359605
167.865          -0.059407       -3.403765
167.880          -0.060167       -3.447319
167.895          -0.060916       -3.490248
167.910          -0.061654       -3.532539
167.925          -0.062381       -3.574176
167.940          -0.063096       -3.615142
167.955          -0.063799       -3.655423
167.970          -0.064490       -3.695002
167.985          -0.065168       -3.733865
168.000          -0.065834       -3.771997
168.015          -0.066486       -3.809381
168.030          -0.067125       -3.846005
168.045          -0.067751       -3.881852
168.060          -0.068363       -3.916908
168.075          -0.068961       -3.951158
168.090          -0.069544       -3.984589
168.105          -0.070113       -4.017186
168.120          -0.070667       -4.048935
168.135          -0.071206       -4.079822
168.150          -0.071730       -4.109835
168.165          -0.072238       -4.138959
168.180          -0.072731       -4.167182
168.195          -0.073208       -4.194492
168.210          -0.073668       -4.220875
168.225          -0.074112       -4.246320
168.240          -0.074540       -4.270816
168.255          -0.074951       -4.294351
168.270          -0.075344       -4.316914
168.285          -0.075721       -4.338494
168.300          -0.076080       -4.359082
168.315          -0.076422       -4.378667
168.330          -0.076746       -4.397241
168.345          -0.077053       -4.414795
168.360          -0.077341       -4.431321
168.375          -0.077611       -4.446811
168.390          -0.077864       -4.461257
168.405          -0.078097       -4.474653
168.420          -0.078313       -4.486993
168.435          -0.078510       -4.498271
168.450          -0.078688       -4.508482
168.465          -0.078847       -4.517622
168.480          -0.078988       -4.525687
168.495          -0.079110       -4.532673
168.510          -0.079213       -4.538578
168.525          -0.079297       -4.543399
168.540          -0.079362       -4.547136
168.555          -0.079409       -4.549787
168.570          -0.079436       -4.551352
168.585          -0.079444       -4.551831
168.600          -0.079434       -4.551225
168.615          -0.079404       -4.549536
168.630          -0.079356       -4.546766
168.645          -0.079289       -4.542917
168.660          -0.079203       -4.537993
168.675          -0.079098       -4.531997
168.690          -0.078975       -4.524934
168.705          -0.078833       -4.516809
168.720          -0.078673       -4.507627
168.735          -0.078494       -4.497394
168.750          -0.078298       -4.486116
168.765          -0.078083       -4.473801
168.780          -0.077850       -4.460456
168.795          -0.077599       -4.446089
168.810          -0.077330       -4.430708
168.825          -0.077044       -4.414322
168.840          -0.076741       -4.396939
168.855          -0.076420       -4.378570
168.870          -0.076083       -4.359225
168.885          -0.075728       -4.338913
168.900          -0.075357       -4.317645
168.915          -0.074969       -4.295432
168.930          -0.074565       -4.272286
168.945          -0.074145       -4.248217
168.960          -0.073709       -4.223238
168.975          -0.073258       -4.197360
168.990          -0.072791       -4.170595
169.005          -0.072308       -4.142957
169.020          -0.071811       -4.114457
169.035          -0.071299       -4.085108
169.050          -0.070772       -4.054924
169.065          -0.070231       -4.023918
169.080          -0.069675       -3.992102
169.095          -0.069106       -3.959490
169.110          -0.068523       -3.926096
169.125          -0.067927       -3.891934
169.140          -0.067318       -3.857016
169.155          -0.066695       -3.821358
169.170          -0.066060       -3.784973
169.185          -0.065413       -3.747876
169.200          -0.064753       -3.710080
169.215          -0.064082       -3.671600
169.230          -0.063398       -3.632450
169.245          -0.062703       -3.592645
169.260          -0.061998       -3.552200
169.275          -0.061281       -3.511129
169.290          -0.060553       -3.469448
169.305          -0.059815       -3.427170
169.320          -0.059067       -3.384312
169.335          -0.058310       -3.340889
169.350          -0.057542       -3.296916
169.365          -0.056765       -3.252408
169.380          -0.055979       -3.207382
169.395          -0.055185       -3.161853
169.410          -0.054382       -3.115836
169.425          -0.053570       -3.069350
169.440          -0.052751       -3.022409
169.455          -0.051924       -2.975030
169.470          -0.051090       -2.927231
169.485          -0.050249       -2.879028
169.500          -0.049400       -2.830438
169.515          -0.048546       -2.781479
169.530          -0.047685       -2.732168
169.545          -0.046819       -2.682525
169.560          -0.045947       -2.632566
169.575          -0.045070       -2.582310
169.590          -0.044188       -2.531776
169.605          -0.043301       -2.480983
169.620          -0.042411       -2.429951
169.635          -0.041516       -2.378698
169.650          -0.040618       -2.327245
169.665          -0.039717       -2.275612
169.680          -0.038813       -2.223820
169.695          -0.037907       -2.171888
169.710          -0.036998       -2.119839
169.725          -0.036088       -2.067693
169.740          -0.035177       -2.015473
169.755          -0.034264       -1.963199
169.770          -0.033351       -1.910894
169.785          -0.032438       -1.858581
169.800          -0.031526       -1.806282
169.815          -0.030613       -1.754020
169.830          -0.029702       -1.701819
169.845          -0.028793       -1.649702
169.860          -0.027885       -1.597691
169.875          -0.026980       -1.545813
169.890          -0.026077       -1.494089
169.905          -0.025177       -1.442546
169.920          -0.024281       -1.391206
169.935          -0.023389       -1.340095
169.950          -0.022501       -1.289237
169.965          -0.021619       -1.238658
169.980          -0.020741       -1.188382
169.995          -0.019869       -1.138434
170.010          -0.019004       -1.088839
170.025          -0.018145       -1.039622
170.040          -0.017293       -0.990810
170.055          -0.016448       -0.942426
170.070          -0.015612       -0.894496
170.085          -0.014784       -0.847045
170.100          -0.013964       -0.800098
170.115          -0.013154       -0.753681
170.130          -0.012354       -0.707817
170.145          -0.011563       -0.662532
170.160          -0.010784       -0.617851
170.175          -0.010015       -0.573797
170.190          -0.009257       -0.530396
170.205          -0.008511       -0.487671
170.220          -0.007778       -0.445646
170.235          -0.007057       -0.404344
170.250          -0.006349       -0.363789
170.265          -0.005655       -0.324004
170.280          -0.004974       -0.285011
170.295          -0.004308       -0.246833
170.310          -0.003656       -0.209491
170.325          -0.003020       -0.173008
170.340          -0.002398       -0.137404
170.355          -0.001792       -0.102700
170.370          -0.001203       -0.068916
170.385          -0.000630       -0.036072
170.400          -0.000073       -0.004187
170.415           0.000466        0.026719
170.430           0.000988        0.056629
170.445           0.001493        0.085526
170.460           0.001979        0.113391
170.475           0.002447        0.140208
170.490           0.002897        0.165962
170.505           0.003327        0.190636
170.520           0.003739        0.214217
170.535           0.004131        0.236691
170.550           0.004504        0.258043
170.565           0.004857        0.278261
170.580           0.005189        0.297334
170.595           0.005502        0.315250
170.610           0.005794        0.331998
170.625           0.006066        0.347569
170.640           0.006317        0.361954
170.655           0.006547        0.375143
170.670           0.006757        0.387131
170.685           0.006945        0.397910
170.700           0.007112        0.407474
170.715           0.007257        0.415819
170.730           0.007382        0.422940
170.745           0.007485        0.428833
170.760           0.007566        0.433497
170.775           0.007626        0.436929
170.790           0.007664        0.439129
170.805           0.007681        0.440096
170.820           0.007677        0.439833
170.835           0.007650        0.438340
170.850           0.007603        0.435621
170.865           0.007534        0.431679
170.880           0.007444        0.426519
170.895           0.007333        0.420147
170.910           0.007201        0.412568
170.925           0.007047        0.403790
170.940           0.006873        0.393822
170.955           0.006679        0.382673
170.970           0.006464        0.370352
170.985           0.006229        0.356872
171.000           0.005973        0.342244
171.015           0.005698        0.326480
171.030           0.005403        0.309595
171.045           0.005089        0.291604
171.060           0.004756        0.272522
171.075           0.004405        0.252366
171.090           0.004034        0.231153
171.105           0.003646        0.208902
171.120           0.003240        0.185631
171.135           0.002816        0.161362
171.150           0.002376        0.136114
171.165           0.001918        0.109909
171.180           0.001445        0.082770
171.195           0.000955        0.054721
171.210           0.000450        0.025785
171.225          -0.000070       -0.004012
171.240          -0.000605       -0.034646
171.255          -0.001153       -0.066089
171.270          -0.001716       -0.098315
171.285          -0.002292       -0.131296
171.300          -0.002880       -0.165003
171.315          -0.003480       -0.199408
171.330          -0.004092       -0.234482
171.345          -0.004716       -0.270193
171.360          -0.005350       -0.306511
171.375          -0.005994       -0.343406
171.390          -0.006647       -0.380845
171.405          -0.007309       -0.418796
171.420          -0.007980       -0.457227
171.435          -0.008659       -0.496105
171.450          -0.009344       -0.535397
171.465          -0.010037       -0.575068
171.480          -0.010735       -0.615086
171.495          -0.011439       -0.655416
171.510          -0.012148       -0.696024
171.525          -0.012861       -0.736875
171.540          -0.013578       -0.777935
171.555          -0.014297       -0.819169
171.570          -0.015019       -0.860542
171.585          -0.015743       -0.902019
171.600          -0.016468       -0.943565
171.615          -0.017194       -0.985146
171.630          -0.017920       -1.026726
171.645          -0.018645       -1.068271
171.660          -0.019369       -1.109747
171.675          -0.020091       -1.151119
171.690          -0.020810       -1.192353
171.705          -0.021527       -1.233415
171.720          -0.022240       -1.274271
171.735          -0.022949       -1.314887
171.750          -0.023653       -1.355231
171.765          -0.024352       -1.395270
171.780          -0.025045       -1.434972
171.795          -0.025731       -1.474304
171.810          -0.026411       -1.513235
171.825          -0.027083       -1.551734
171.840          -0.027747       -1.589770
171.855          -0.028402       -1.627313
171.870          -0.029048       -1.664333
171.885          -0.029685       -1.700801
171.900          -0.030311       -1.736690
171.915          -0.030927       -1.771970
171.930          -0.031531       -1.806614
171.945          -0.032124       -1.840596
171.960          -0.032706       -1.873889
171.975          -0.033274       -1.906468
171.990          -0.033830       -1.938308
172.005          -0.034372       -1.969385
172.020          -0.034901       -1.999674
172.035          -0.035415       -2.029154
172.050          -0.035915       -2.057802
172.065          -0.036401       -2.085595
172.080          -0.036870       -2.112514
172.095          -0.037325       -2.138538
172.110          -0.037763       -2.163647
172.125          -0.038185       -2.187823
172.140          -0.038590       -2.211048
172.155          -0.038978       -2.233303
172.170          -0.039350       -2.254572
172.185          -0.039703       -2.274839
172.200          -0.040039       -2.294088
172.215          -0.040357       -2.312305
172.230          -0.040657       -2.329475
172.245          -0.040938       -2.345584
172.260          -0.041201       -2.360621
172.275          -0.041444       -2.374572
172.290          -0.041668       -2.387426
172.305          -0.041873       -2.399172
172.320          -0.042059       -2.409800
172.335          -0.042225       -2.419299
172.350          -0.042371       -2.427661
172.365          -0.042497       -2.434877
172.380          -0.042602       -2.440940
172.395          -0.042688       -2.445840
172.410          -0.042753       -2.449572
172.425          -0.042798       -2.452130
172.440          -0.042822       -2.453506
172.455          -0.042825       -2.453697
172.470          -0.042808       -2.452697
172.485          -0.042769       -2.450502
172.500          -0.042710       -2.447108
172.515          -0.042630       -2.442511
172.530          -0.042529       -2.436709
172.545          -0.042406       -2.429700
172.560          -0.042263       -2.421481
172.575          -0.042098       -2.412051
172.590          -0.041912       -2.401408
172.605          -0.041706       -2.389553
172.620          -0.041477       -2.376484
172.635          -0.041228       -2.362202
172.650          -0.040958       -2.346708
172.665          -0.040666       -2.330002
172.680          -0.040354       -2.312086
172.695          -0.040020       -2.292961
172.710          -0.039665       -2.272630
172.725          -0.039289       -2.251095
172.740          -0.038892       -2.228358
172.755          -0.038474       -2.204424
172.770          -0.038036       -2.179295
172.785          -0.037576       -2.152975
172.800          -0.037096       -2.125469
172.815          -0.036596       -2.096780
172.830          -0.036074       -2.066915
172.845          -0.035533       -2.035879
172.860          -0.034971       -2.003676
172.875          -0.034388       -1.970313
172.890          -0.033786       -1.935796
172.905          -0.033164       -1.900132
172.920          -0.032521       -1.863327
172.935          -0.031859       -1.825390
172.950          -0.031177       -1.786326
172.965          -0.030476       -1.746146
172.980          -0.029755       -1.704855
172.995          -0.029015       -1.662464
173.010          -0.028257       -1.618982
173.025          -0.027479       -1.574416
173.040          -0.026682       -1.528778
173.055          -0.025867       -1.482076
173.070          -0.025034       -1.434322
173.085          -0.024182       -1.385525
173.100          -0.023312       -1.335696
173.115          -0.022425       -1.284848
173.130          -0.021520       -1.232991
173.145          -0.020597       -1.180136
173.160          -0.019658       -1.126298
173.175          -0.018701       -1.071487
173.190          -0.017728       -1.015717
173.205          -0.016738       -0.959001
173.220          -0.015732       -0.901353
173.235          -0.014709       -0.842785
173.250          -0.013671       -0.783314
173.265          -0.012618       -0.722953
173.280          -0.011549       -0.661716
173.295          -0.010465       -0.599620
173.310          -0.009367       -0.536679
173.325          -0.008254       -0.472909
173.340          -0.007127       -0.408327
173.355          -0.005986       -0.342949
173.370          -0.004831       -0.276791
173.385          -0.003663       -0.209871
173.400          -0.002482       -0.142206
173.415          -0.001288       -0.073813
173.430          -0.000082       -0.004711
173.445           0.001136        0.065082
173.460           0.002366        0.135548
173.475           0.003607        0.206668
173.490           0.004859        0.278423
173.505           0.006122        0.350793
173.520           0.007396        0.423759
173.535           0.008680        0.497301
173.550           0.009973        0.571399
173.565           0.011275        0.646033
173.580           0.012587        0.721181
173.595           0.013907        0.796824
173.610           0.015236        0.872939
173.625           0.016572        0.949506
173.640           0.017916        1.026504
173.655           0.019267        1.103909
173.670           0.020625        1.181702
173.685           0.021989        1.259859
173.700           0.023359        1.338358
173.715           0.024734        1.417177
173.730           0.026115        1.496294
173.745           0.027501        1.575685
173.760           0.028891        1.655328
173.775           0.030285        1.735199
173.790           0.031683        1.815277
173.805           0.033083        1.895536
173.820           0.034487        1.975955
173.835           0.035893        2.056510
173.850           0.037301        2.137178
173.865           0.038710        2.217934
173.880           0.040121        2.298755
173.895           0.041532        2.379618
173.910           0.042944        2.460500
173.925           0.044355        2.541376
173.940           0.045766        2.622223
173.955           0.047177        2.703017
173.970           0.048585        2.783735
173.985           0.049992        2.864353
174.000           0.051397        2.944847
174.015           0.052800        3.025195
174.030           0.054199        3.105373
174.045           0.055595        3.185357
174.060           0.056987        3.265125
174.075           0.058375        3.344652
174.090           0.059759        3.423917
174.105           0.061137        3.502896
174.120           0.062510        3.581567
174.135           0.063877        3.659907
174.150           0.065239        3.737893
174.165           0.066593        3.815503
174.180           0.067941        3.892716
174.195           0.069281        3.969509
174.210           0.070614        4.045860
174.225           0.071938        4.121748
174.240           0.073254        4.197151
174.255           0.074561        4.272049
174.270           0.075859        4.346421
174.285           0.077148        4.420245
174.300           0.078426        4.493501
174.315           0.079695        4.566169
174.330           0.080952        4.638230
174.345           0.082199        4.709662
174.360           0.083435        4.780447
174.375           0.084658        4.850565
174.390           0.085870        4.919998
174.405           0.087070        4.988726
174.420           0.088257        5.056730
174.435           0.089431        5.123992
174.450           0.090591        5.190495
174.465           0.091738        5.256220
174.480           0.092872        5.321149
174.495           0.093991        5.385266
174.510           0.095095        5.448551
174.525           0.096185        5.510990
174.540           0.097260        5.572564
174.555           0.098319        5.633257
174.570           0.099363        5.693052
174.585           0.100390        5.751934
174.600           0.101402        5.809885
174.615           0.102397        5.866891
174.630           0.103375        5.922934
174.645           0.104336        5.978000
174.660           0.105280        6.032072
174.675           0.106206        6.085135
174.690           0.107114        6.137175
174.705           0.108004        6.188174
174.720           0.108876        6.238119
174.735           0.109729        6.286994
174.750           0.110563        6.334784
174.765           0.111378        6.381474
174.780           0.112173        6.427049
174.795           0.112949        6.471494
174.810           0.113705        6.514793
174.825           0.114440        6.556933
174.840           0.115155        6.597898
174.855           0.115849        6.637673
174.870           0.116522        6.676242
174.885           0.117174        6.713592
174.900           0.117805        6.749707
174.915           0.118413        6.784572
174.930           0.119000        6.818172
174.945           0.119564        6.850491
174.960           0.120105        6.881515
174.975           0.120624        6.911228
174.990           0.121119        6.939615
175.005           0.121591        6.966661
175.020           0.122040        6.992349
175.035           0.122464        7.016666
175.050           0.122864        7.039594
175.065           0.123240        7.061120
175.080           0.123591        7.081227
175.095           0.123917        7.099900
175.110           0.124217        7.117123
175.125           0.124492        7.132881
175.140           0.124741        7.147159
175.155           0.124965        7.159940
175.170           0.125161        7.171211
175.185           0.125331        7.180955
175.200           0.125474        7.189157
175.215           0.125590        7.195803
175.230           0.125679        7.200877
175.245           0.125740        7.204365
175.260           0.125773        7.206252
175.275           0.125778        7.206524
175.290           0.125754        7.205167
175.305           0.125702        7.202167
175.320           0.125620        7.197511
175.335           0.125510        7.191185
175.350           0.125370        7.183177
175.365           0.125201        7.173474
175.380           0.125002        7.162065
175.395           0.124772        7.148937
175.410           0.124513        7.134080
175.425           0.124224        7.117483
175.440           0.123903        7.099136
175.455           0.123552        7.079029
175.470           0.123171        7.057155
175.485           0.122758        7.033504
175.500           0.122314        7.008069
175.515           0.121839        6.980843
175.530           0.121332        6.951820
175.545           0.120794        6.920994
175.560           0.120225        6.888362
175.575           0.119623        6.853918
175.590           0.118991        6.817661
175.605           0.118326        6.779588
175.620           0.117630        6.739698
175.635           0.116902        6.697990
175.650           0.116142        6.654464
175.665           0.115351        6.609124
175.680           0.114528        6.561970
175.695           0.113673        6.513006
175.710           0.112787        6.462237
175.725           0.111870        6.409668
175.740           0.110921        6.355305
175.755           0.109941        6.299156
175.770           0.108930        6.241230
175.785           0.107888        6.181534
175.800           0.106816        6.120081
175.815           0.105713        6.056882
175.830           0.104579        5.991949
175.845           0.103416        5.925296
175.860           0.102223        5.856937
175.875           0.101000        5.786888
175.890           0.099748        5.715166
175.905           0.098468        5.641789
175.920           0.097159        5.566776
175.935           0.095821        5.490145
175.950           0.094456        5.411918
175.965           0.093063        5.332117
175.980           0.091643        5.250764
175.995           0.090197        5.167884
176.010           0.088724        5.083500
176.025           0.087225        4.997638
176.040           0.085701        4.910324
176.055           0.084153        4.821587
176.070           0.082579        4.731455
176.085           0.080982        4.639955
176.100           0.079362        4.547119
176.115           0.077719        4.452977
176.130           0.076054        4.357561
176.145           0.074367        4.260903
176.160           0.072659        4.163037
176.175           0.070930        4.063995
176.190           0.069182        3.963813
176.205           0.067414        3.862527
176.220           0.065627        3.760171
176.235           0.063823        3.656783
176.250           0.062001        3.552401
176.265           0.060163        3.447061
176.280           0.058308        3.340803
176.295           0.056438        3.233665
176.310           0.054554        3.125688
176.325           0.052655        3.016912
176.340           0.050743        2.907376
176.355           0.048819        2.797124
176.370           0.046883        2.686196
176.385           0.044936        2.574634
176.400           0.042978        2.462482
176.415           0.041011        2.349782
176.430           0.039036        2.236578
176.445           0.037052        2.122914
176.460           0.035061        2.008833
176.475           0.033063        1.894382
176.490           0.031060        1.779604
176.505           0.029052        1.664544
176.520           0.027040        1.549250
176.535           0.025024        1.433765
176.550           0.023006        1.318137
176.565           0.020986        1.202411
176.580           0.018965        1.086635
176.595           0.016945        0.970854
176.610           0.014925        0.855116
176.625           0.012906        0.739467
176.640           0.010890        0.623956
176.655           0.008877        0.508628
176.670           0.006868        0.393532
176.685           0.004864        0.278714
176.700           0.002866        0.164221
176.715           0.000874        0.050102
176.730          -0.001110       -0.063597
176.745          -0.003086       -0.176829
176.760          -0.005054       -0.289547
176.775          -0.007011       -0.401703
176.790          -0.008958       -0.513252
176.805          -0.010893       -0.624146
176.820          -0.012817       -0.734340
176.835          -0.014727       -0.843788
176.850          -0.016623       -0.952444
176.865          -0.018505       -1.060263
176.880          -0.020372       -1.167201
176.895          -0.022222       -1.273213
176.910          -0.024055       -1.378256
176.925          -0.025871       -1.482285
176.940          -0.027668       -1.585259
176.955          -0.029446       -1.687136
176.970          -0.031204       -1.787874
176.985          -0.032942       -1.887433
177.000          -0.034658       -1.985773
177.015          -0.036353       -2.082854
177.030          -0.038024       -2.178640
177.045          -0.039673       -2.273092
177.060          -0.041298       -2.366174
177.075          -0.042898       -2.457850
177.090          -0.044473       -2.548088
177.105          -0.046022       -2.636853
177.120          -0.047545       -2.724113
177.135          -0.049041       -2.809837
177.150          -0.050510       -2.893996
177.165          -0.051951       -2.976561
177.180          -0.053364       -3.057504
177.195          -0.054748       -3.136801
177.210          -0.056102       -3.214426
177.225          -0.057428       -3.290355
177.240          -0.058723       -3.364568
177.255          -0.059988       -3.437044
177.270          -0.061222       -3.507763
177.285          -0.062425       -3.576708
177.300          -0.063597       -3.643863
177.315          -0.064738       -3.709214
177.330          -0.065847       -3.772748
177.345          -0.066924       -3.834452
177.360          -0.067969       -3.894318
177.375          -0.068981       -3.952336
177.390          -0.069962       -4.008499
177.405          -0.070909       -4.062804
177.420          -0.071825       -4.115244
177.435          -0.072707       -4.165819
177.450          -0.073557       -4.214528
177.465          -0.074375       -4.261371
177.480          -0.075160       -4.306351
177.495          -0.075913       -4.349471
177.510          -0.076633       -4.390736
177.525          -0.077321       -4.430154
177.540          -0.077977       -4.467731
177.555          -0.078601       -4.503479
177.570          -0.079193       -4.537407
177.585          -0.079753       -4.569527
177.600          -0.080283       -4.599853
177.615          -0.080781       -4.628399
177.630          -0.081248       -4.655182
177.645          -0.081685       -4.680218
177.660          -0.082092       -4.703525
177.675          -0.082469       -4.725122
177.690          -0.082816       -4.745029
177.705          -0.083135       -4.763269
177.720          -0.083424       -4.779861
177.735          -0.083686       -4.794831
177.750          -0.083919       -4.808200
177.765          -0.084125       -4.819994
177.780          -0.084304       -4.830238
177.795          -0.084456       -4.838958
177.810          -0.084582       -4.846180
177.825          -0.084682       -4.851931
177.840          -0.084757       -4.856239
177.855          -0.084808       -4.859131
177.870          -0.084834       -4.860637
177.885          -0.084837       -4.860784
177.900          -0.084816       -4.859603
177.915          -0.084773       -4.857121
177.930          -0.084707       -4.853368
177.945          -0.084620       -4.848374
177.960          -0.084512       -4.842169
177.975          -0.084383       -4.834783
177.990          -0.084234       -4.826244
178.005          -0.084065       -4.816582
178.020          -0.083878       -4.805828
178.035          -0.083671       -4.794011
178.050          -0.083447       -4.781159
178.065          -0.083205       -4.767303
178.080          -0.082946       -4.752470
178.095          -0.082671       -4.736690
178.110          -0.082379       -4.719990
178.125          -0.082072       -4.702398
178.140          -0.081750       -4.683943
178.155          -0.081414       -4.664651
178.170          -0.081063       -4.644549
178.185          -0.080698       -4.623663
178.200          -0.080320       -4.602019
178.215          -0.079930       -4.579642
178.230          -0.079527       -4.556558
178.245          -0.079112       -4.532789
178.260          -0.078686       -4.508362
178.275          -0.078248       -4.483297
178.290          -0.077800       -4.457619
178.305          -0.077342       -4.431348
178.320          -0.076873       -4.404507
178.335          -0.076395       -4.377117
178.350          -0.075908       -4.349197
178.365          -0.075412       -4.320767
178.380          -0.074907       -4.291847
178.395          -0.074394       -4.262454
178.410          -0.073873       -4.232606
178.425          -0.073344       -4.202320
178.440          -0.072808       -4.171614
178.455          -0.072265       -4.140502
178.470          -0.071716       -4.109000
178.485          -0.071159       -4.077122
178.500          -0.070597       -4.044883
178.515          -0.070028       -4.012295
178.530          -0.069453       -3.979371
178.545          -0.068873       -3.946123
178.560          -0.068287       -3.912563
178.575          -0.067696       -3.878702
178.590          -0.067100       -3.844549
178.605          -0.066499       -3.810113
178.620          -0.065893       -3.775405
178.635          -0.065283       -3.740432
178.650          -0.064668       -3.705202
178.665          -0.064049       -3.669722
178.680          -0.063425       -3.633999
178.695          -0.062798       -3.598038
178.710          -0.062166       -3.561846
178.725          -0.061530       -3.525426
178.740          -0.060891       -3.488785
178.755          -0.060247       -3.451924
178.770          -0.059600       -3.414848
178.785          -0.058950       -3.377559
178.800          -0.058295       -3.340060
178.815          -0.057637       -3.302353
178.830          -0.056975       -3.264439
178.845          -0.056310       -3.226318
178.860          -0.055641       -3.187992
178.875          -0.054968       -3.149461
178.890          -0.054292       -3.110723
178.905          -0.053613       -3.071779
178.920          -0.052929       -3.032628
178.935          -0.052242       -2.993267
178.950          -0.051552       -2.953696
178.965          -0.050857       -2.913911
178.980          -0.050159       -2.873912
178.995          -0.049457       -2.833695
179.010          -0.048752       -2.793257
179.025          -0.048042       -2.752595
179.040          -0.047328       -2.711705
179.055          -0.046611       -2.670586
179.070          -0.045889       -2.629231
179.085          -0.045163       -2.587639
179.100          -0.044433       -2.545805
179.115          -0.043698       -2.503724
179.130          -0.042959       -2.461393
179.145          -0.042216       -2.418808
179.160          -0.041468       -2.375965
179.175          -0.040716       -2.332859
179.190          -0.039959       -2.289486
179.205          -0.039197       -2.245843
179.220          -0.038431       -2.201925
179.235          -0.037659       -2.157728
179.250          -0.036883       -2.113249
179.265          -0.036102       -2.068485
179.280          -0.035316       -2.023431
179.295          -0.034524       -1.978084
179.310          -0.033727       -1.932442
179.325          -0.032926       -1.886502
179.340          -0.032119       -1.840262
179.355          -0.031306       -1.793718
179.370          -0.030489       -1.746870
179.385          -0.029666       -1.699716
179.400          -0.028837       -1.652254
179.415          -0.028004       -1.604484
179.430          -0.027164       -1.556405
179.445          -0.026320       -1.508018
179.460          -0.025470       -1.459322
179.475          -0.024615       -1.410319
179.490          -0.023754       -1.361010
179.505          -0.022888       -1.311396
179.520          -0.022017       -1.261479
179.535          -0.021141       -1.211263
179.550          -0.020259       -1.160750
179.565          -0.019372       -1.109944
179.580          -0.018480       -1.058850
179.595          -0.017584       -1.007471
179.610          -0.016682       -0.955813
179.625          -0.015776       -0.903881
179.640          -0.014865       -0.851683
179.655          -0.013949       -0.799224
179.670          -0.013029       -0.746512
179.685          -0.012105       -0.693555
179.700          -0.011176       -0.640361
179.715          -0.010244       -0.586938
179.730          -0.009308       -0.533297
179.745          -0.008368       -0.479447
179.760          -0.007425       -0.425398
179.775          -0.006478       -0.371162
179.790          -0.005528       -0.316751
179.805          -0.004576       -0.262175
179.820          -0.003621       -0.207447
179.835          -0.002663       -0.152581
179.850          -0.001703       -0.097590
179.865          -0.000742       -0.042488
179.880           0.000222        0.012710
179.895           0.001187        0.067991
179.910           0.002153        0.123338
179.925           0.003120        0.178735
179.940           0.004087        0.234167
179.955           0.005055        0.289616
179.970           0.006023        0.345065
179.985           0.006990        0.400497
180.000           0.007957        0.455894
180.015           0.008923        0.511238
180.030           0.009887        0.566509
180.045           0.010851        0.621689
180.060           0.011812        0.676757
180.075           0.012770        0.731695
180.090           0.013727        0.786482
180.105           0.014680        0.841096
180.120           0.015630        0.895518
180.135           0.016576        0.949727
180.150           0.017518        1.003699
180.165           0.018455        1.057415
180.180           0.019388        1.110851
180.195           0.020315        1.163985
180.210           0.021237        1.216795
180.225           0.022153        1.269257
180.240           0.023062        1.321348
180.255           0.023964        1.373046
180.270           0.024859        1.424326
180.285           0.025746        1.475164
180.300           0.026626        1.525538
180.315           0.027496        1.575421
180.330           0.028358        1.624791
180.345           0.029210        1.673623
180.360           0.030053        1.721891
180.375           0.030885        1.769573
180.390           0.031706        1.816642
180.405           0.032517        1.863074
180.420           0.033316        1.908844
180.435           0.034102        1.953927
180.450           0.034877        1.998299
180.465           0.035638        2.041935
180.480           0.036387        2.084809
180.495           0.037121        2.126897
180.510           0.037842        2.168174
180.525           0.038548        2.208616
180.540           0.039238        2.248199
180.555           0.039914        2.286897
180.570           0.040573        2.324688
180.585           0.041217        2.361546
180.600           0.041843        2.397449
180.615           0.042453        2.432372
180.630           0.043045        2.466294
180.645           0.043619        2.499191
180.660           0.044175        2.531040
180.675           0.044712        2.561820
180.690           0.045230        2.591509
180.705           0.045729        2.620085
180.720           0.046208        2.647528
180.735           0.046667        2.673818
180.750           0.047105        2.698934
180.765           0.047523        2.722857
180.780           0.047919        2.745569
180.795           0.048294        2.767052
180.810           0.048647        2.787287
180.825           0.048978        2.806259
180.840           0.049287        2.823950
180.855           0.049573        2.840345
180.870           0.049837        2.855429
180.885           0.050077        2.869189
180.900           0.050294        2.881610
180.915           0.050487        2.892680
180.930           0.050656        2.902387
180.945           0.050802        2.910719
180.960           0.050923        2.917668
180.975           0.051020        2.923223
180.990           0.051092        2.927375
181.005           0.051140        2.930116
181.020           0.051163        2.931441
181.035           0.051162        2.931342
181.050           0.051135        2.929815
181.065           0.051083        2.926854
181.080           0.051006        2.922457
181.095           0.050905        2.916621
181.110           0.050778        2.909344
181.125           0.050625        2.900625
181.140           0.050448        2.890464
181.155           0.050246        2.878863
181.170           0.050018        2.865822
181.185           0.049765        2.851345
181.200           0.049488        2.835435
181.215           0.049185        2.818095
181.230           0.048858        2.799332
181.245           0.048505        2.779150
181.260           0.048128        2.757557
181.275           0.047727        2.734560
181.290           0.047301        2.710168
181.305           0.046851        2.684388
181.320           0.046377        2.657231
181.335           0.045880        2.628708
181.350           0.045358        2.598829
181.365           0.044813        2.567606
181.380           0.044245        2.535051
181.395           0.043654        2.501177
181.410           0.043040        2.465999
181.425           0.042403        2.429529
181.440           0.041744        2.391784
181.455           0.041064        2.352777
181.470           0.040361        2.312526
181.485           0.039637        2.271046
181.500           0.038892        2.228354
181.515           0.038126        2.184467
181.530           0.037340        2.139403
181.545           0.036533        2.093179
181.560           0.035706        2.045815
181.575           0.034860        1.997329
181.590           0.033994        1.947739
181.605           0.033110        1.897066
181.620           0.032207        1.845329
181.635           0.031286        1.792548
181.650           0.030347        1.738743
181.665           0.029390        1.683934
181.680           0.028416        1.628142
181.695           0.027426        1.571388
181.710           0.026419        1.513693
181.725           0.025396        1.455078
181.740           0.024357        1.395563
181.755           0.023303        1.335172
181.770           0.022234        1.273924
181.785           0.021151        1.211841
181.800           0.020053        1.148946
181.815           0.018941        1.085259
181.830           0.017816        1.020802
181.845           0.016678        0.955598
181.860           0.015528        0.889667
181.875           0.014365        0.823032
181.890           0.013190        0.755715
181.905           0.012003        0.687736
181.920           0.010806        0.619118
181.935           0.009597        0.549883
181.950           0.008378        0.480052
181.965           0.007150        0.409647
181.980           0.005911        0.338688
181.995           0.004663        0.267199
182.010           0.003407        0.195199
182.025           0.002142        0.122710
182.040           0.000868        0.049754
182.055          -0.000413       -0.023648
182.070          -0.001701       -0.097477
182.085          -0.002997       -0.171709
182.100          -0.004299       -0.246326
182.115          -0.005608       -0.321307
182.130          -0.006922       -0.396630
182.145          -0.008243       -0.472275
182.160          -0.009568       -0.548223
182.175          -0.010899       -0.624453
182.190          -0.012234       -0.700945
182.205          -0.013573       -0.777680
182.220          -0.014916       -0.854637
182.235          -0.016263       -0.931798
182.250          -0.017613       -1.009142
182.265          -0.018966       -1.086651
182.280          -0.020321       -1.164305
182.295          -0.021678       -1.242086
182.310          -0.023038       -1.319974
182.325          -0.024399       -1.397951
182.340          -0.025761       -1.475999
182.355          -0.027124       -1.554099
182.370          -0.028488       -1.632232
182.385          -0.029852       -1.710381
182.400          -0.031216       -1.788527
182.415          -0.032579       -1.866654
182.430          -0.033942       -1.944741
182.445          -0.035304       -2.022773
182.460          -0.036665       -2.100732
182.475          -0.038024       -2.178599
182.490          -0.039381       -2.256359
182.505          -0.040736       -2.333992
182.520          -0.042088       -2.411482
182.535          -0.043438       -2.488812
182.550          -0.044785       -2.565964
182.565          -0.046128       -2.642921
182.580          -0.047467       -2.719667
182.595          -0.048803       -2.796184
182.610          -0.050134       -2.872454
182.625          -0.051460       -2.948462
182.640          -0.052782       -3.024189
182.655          -0.054099       -3.099618
182.670          -0.055410       -3.174732
182.685          -0.056715       -3.249515
182.700          -0.058014       -3.323947
182.715          -0.059307       -3.398013
182.730          -0.060592       -3.471694
182.745          -0.061871       -3.544973
182.760          -0.063143       -3.617832
182.775          -0.064407       -3.690253
182.790          -0.065663       -3.762219
182.805          -0.066911       -3.833710
182.820          -0.068150       -3.904709
182.835          -0.069380       -3.975196
182.850          -0.070601       -4.045154
182.865          -0.071813       -4.114564
182.880          -0.073014       -4.183406
182.895          -0.074205       -4.251661
182.910          -0.075386       -4.319310
182.925          -0.076556       -4.386333
182.940          -0.077714       -4.452711
182.955          -0.078861       -4.518423
182.970          -0.079996       -4.583449
182.985          -0.081119       -4.647768
183.000          -0.082229       -4.711361
183.015          -0.083326       -4.774206
183.030          -0.084409       -4.836282
183.045          -0.085479       -4.897568
183.060          -0.086534       -4.958044
183.075          -0.087575       -5.017686
183.090          -0.088601       -5.076474
183.105          -0.089612       -5.134386
183.120          -0.090607       -5.191400
183.135          -0.091586       -5.247495
183.150          -0.092549       -5.302647
183.165          -0.093494       -5.356835
183.180          -0.094423       -5.410038
183.195          -0.095334       -5.462231
183.210          -0.096227       -5.513394
183.225          -0.097101       -5.563505
183.240          -0.097957       -5.612540
183.255          -0.098794       -5.660479
183.270          -0.099611       -5.707299
183.285          -0.100408       -5.752978
183.300          -0.101185       -5.797495
183.315          -0.101942       -5.840828
183.330          -0.102677       -5.882955
183.345          -0.103391       -5.923857
183.360          -0.104083       -5.963512
183.375          -0.104753       -6.001899
183.390          -0.105400       -6.038999
183.405          -0.106025       -6.074792
183.420          -0.106627       -6.109258
183.435          -0.107205       -6.142378
183.450          -0.107759       -6.174134
183.465          -0.108289       -6.204508
183.480          -0.108795       -6.233482
183.495          -0.109276       -6.261040
183.510          -0.109732       -6.287165
183.525          -0.110162       -6.311840
183.540          -0.110568       -6.335052
183.555          -0.110947       -6.356785
183.570          -0.111300       -6.377026
183.585          -0.111627       -6.395761
183.600          -0.111928       -6.412978
183.615          -0.112201       -6.428665
183.630          -0.112448       -6.442812
183.645          -0.112668       -6.455408
183.660          -0.112861       -6.466443
183.675          -0.113026       -6.475910
183.690          -0.113164       -6.483801
183.705          -0.113274       -6.490108
183.720          -0.113356       -6.494827
183.735          -0.113411       -6.497951
183.750          -0.113437       -6.499477
183.765          -0.113436       -6.499400
183.780          -0.113407       -6.497720
183.795          -0.113349       -6.494434
183.810          -0.113264       -6.489541
183.825          -0.113150       -6.483043
183.840          -0.113009       -6.474939
183.855          -0.112840       -6.465233
183.870          -0.112642       -6.453927
183.885          -0.112417       -6.441025
183.900          -0.112164       -6.426533
183.915          -0.111884       -6.410455
183.930          -0.111575       -6.392798
183.945          -0.111240       -6.373570
183.960          -0.110877       -6.352779
183.975          -0.110487       -6.330435
183.990          -0.110070       -6.306547
184.005          -0.109626       -6.281126
184.020          -0.109156       -6.254184
184.035          -0.108660       -6.225734
184.050          -0.108137       -6.195788
184.065          -0.107588       -6.164361
184.080          -0.107014       -6.131468
184.095          -0.106415       -6.097124
184.110          -0.105790       -6.061345
184.125          -0.105141       -6.024149
184.140          -0.104468       -5.985552
184.155          -0.103770       -5.945574
184.170          -0.103048       -5.904233
184.185          -0.102303       -5.861549
184.200          -0.101535       -5.817541
184.215          -0.100744       -5.772231
184.230          -0.099931       -5.725639
184.245          -0.099096       -5.677787
184.260          -0.098239       -5.628698
184.275          -0.097361       -5.578394
184.290          -0.096463       -5.526898
184.305          -0.095543       -5.474234
184.320          -0.094604       -5.420425
184.335          -0.093646       -5.365495
184.350          -0.092668       -5.309470
184.365          -0.091671       -5.252374
184.380          -0.090656       -5.194233
184.395          -0.089624       -5.135071
184.410          -0.088574       -5.074914
184.425          -0.087507       -5.013787
184.440          -0.086424       -4.951718
184.455          -0.085324       -4.888732
184.470          -0.084210       -4.824855
184.485          -0.083080       -4.760113
184.500          -0.081935       -4.694532
184.515          -0.080776       -4.628140
184.530          -0.079604       -4.560962
184.545          -0.078418       -4.493024
184.560          -0.077220       -4.424353
184.575          -0.076009       -4.354974
184.590          -0.074786       -4.284914
184.605          -0.073552       -4.214199
184.620          -0.072306       -4.142853
184.635          -0.071051       -4.070903
184.650          -0.069785       -3.998374
184.665          -0.068509       -3.925289
184.680          -0.067224       -3.851675
184.695          -0.065931       -3.777555
184.710          -0.064629       -3.702953
184.725          -0.063319       -3.627893
184.740          -0.062001       -3.552398
184.755          -0.060676       -3.476490
184.770          -0.059345       -3.400191
184.785          -0.058006       -3.323524
184.800          -0.056662       -3.246510
184.815          -0.055312       -3.169169
184.830          -0.053957       -3.091522
184.845          -0.052597       -3.013588
184.860          -0.051232       -2.935386
184.875          -0.049863       -2.856935
184.890          -0.048490       -2.778253
184.905          -0.047113       -2.699357
184.920          -0.045732       -2.620263
184.935          -0.044349       -2.540988
184.950          -0.042962       -2.461546
184.965          -0.041573       -2.381953
184.980          -0.040181       -2.302222
184.995          -0.038788       -2.222367
185.010          -0.037392       -2.142400
185.025          -0.035994       -2.062333
185.040          -0.034596       -1.982177
185.055          -0.033195       -1.901943
185.070          -0.031794       -1.821641
185.085          -0.030391       -1.741279
185.100          -0.028988       -1.660867
185.115          -0.027583       -1.580412
185.130          -0.026179       -1.499921
185.145          -0.024773       -1.419401
185.160          -0.023367       -1.338857
185.175          -0.021961       -1.258295
185.190          -0.020555       -1.177720
185.205          -0.019149       -1.097135
185.220          -0.017742       -1.016544
185.235          -0.016335       -0.935951
185.250          -0.014929       -0.855357
185.265          -0.013522       -0.774764
185.280          -0.012116       -0.694174
185.295          -0.010709       -0.613588
185.310          -0.009303       -0.533006
185.325          -0.007896       -0.452429
185.340          -0.006490       -0.371857
185.355          -0.005084       -0.291289
185.370          -0.003678       -0.210723
185.385          -0.002272       -0.130160
185.400          -0.000866       -0.049597
185.415           0.000540        0.030966
185.430           0.001947        0.111533
185.445           0.003353        0.192104
185.460           0.004759        0.272681
185.475           0.006166        0.353268
185.490           0.007572        0.433865
185.505           0.008979        0.514476
185.520           0.010386        0.595102
185.535           0.011794        0.675747
185.550           0.013202        0.756411
185.565           0.014610        0.837097
185.580           0.016019        0.917808
185.595           0.017428        0.998544
185.610           0.018837        1.079309
185.625           0.020248        1.160103
185.640           0.021658        1.240928
185.655           0.023069        1.321785
185.670           0.024481        1.402675
185.685           0.025894        1.483599
185.700           0.027307        1.564557
185.715           0.028720        1.645549
185.730           0.030134        1.726577
185.745           0.031549        1.807638
185.760           0.032965        1.888733
185.775           0.034381        1.969860
185.790           0.035797        2.051019
185.805           0.037214        2.132208
185.820           0.038632        2.213424
185.835           0.040049        2.294667
185.850           0.041468        2.375933
185.865           0.042887        2.457219
185.880           0.044306        2.538524
185.895           0.045725        2.619843
185.910           0.047144        2.701172
185.925           0.048564        2.782509
185.940           0.049984        2.863849
185.955           0.051403        2.945187
185.970           0.052823        3.026520
185.985           0.054242        3.107842
186.000           0.055661        3.189149
186.015           0.057080        3.270435
186.030           0.058498        3.351696
186.045           0.059916        3.432926
186.060           0.061333        3.514119
186.075           0.062749        3.595270
186.090           0.064165        3.676373
186.105           0.065579        3.757423
186.120           0.066993        3.838414
186.135           0.068405        3.919340
186.150           0.069817        4.000195
186.165           0.071226        4.080974
186.180           0.072635        4.161672
186.195           0.074042        4.242281
186.210           0.075447        4.322798
186.225           0.076851        4.403216
186.240           0.078252        4.483530
186.255           0.079652        4.563736
186.270           0.081050        4.643827
186.285           0.082446        4.723799
186.300           0.083839        4.803647
186.315           0.085231        4.883367
186.330           0.086620        4.962954
186.345           0.088007        5.042404
186.360           0.089391        5.121712
186.375           0.090772        5.200875
186.390           0.092151        5.279890
186.405           0.093528        5.358752
186.420           0.094902        5.437459
186.435           0.096272        5.516006
186.450           0.097641        5.594392
186.465           0.099006        5.672613
186.480           0.100368        5.750667
186.495           0.101727        5.828551
186.510           0.103084        5.906263
186.525           0.104437        5.983800
186.540           0.105787        6.061161
186.555           0.107134        6.138343
186.570           0.108478        6.215344
186.585           0.109819        6.292163
186.600           0.111156        6.368797
186.615           0.112491        6.445244
186.630           0.113822        6.521504
186.645           0.115149        6.597572
186.660           0.116474        6.673449
186.675           0.117795        6.749130
186.690           0.119112        6.824615
186.705           0.120426        6.899900
186.720           0.121736        6.974983
186.735           0.123043        7.049862
186.750           0.124347        7.124532
186.765           0.125646        7.198991
186.780           0.126942        7.273235
186.795           0.128234        7.347261
186.810           0.129522        7.421062
186.825           0.130806        7.494636
186.840           0.132086        7.567977
186.855           0.133362        7.641078
186.870           0.134634        7.713935
186.885           0.135901        7.786540
186.900           0.137163        7.858886
186.915           0.138421        7.930965
186.930           0.139675        8.002770
186.945           0.140923        8.074290
186.960           0.142166        8.145518
186.975           0.143404        8.216441
186.990           0.144636        8.287050
187.005           0.145863        8.357333
187.020           0.147084        8.427278
187.035           0.148298        8.496871
187.050           0.149507        8.566098
187.065           0.150708        8.634945
187.080           0.151903        8.703398
187.095           0.153090        8.771439
187.110           0.154271        8.839051
187.125           0.155443        8.906218
187.140           0.156607        8.972920
187.155           0.157763        9.039139
187.170           0.158910        9.104853
187.185           0.160047        9.170044
187.200           0.161176        9.234688
187.215           0.162294        9.298763
187.230           0.163402        9.362246
187.245           0.164499        9.425114
187.260           0.165585        9.487341
187.275           0.166660        9.548903
187.290           0.167722        9.609772
187.305           0.168772        9.669923
187.320           0.169809        9.729328
187.335           0.170832        9.787958
187.350           0.171841        9.845784
187.365           0.172836        9.902779
187.380           0.173816        9.958910
187.395           0.174780       10.014149
187.410           0.175728       10.068464
187.425           0.176659       10.121823
187.440           0.177573       10.174195
187.455           0.178469       10.225547
187.470           0.179347       10.275846
187.485           0.180206       10.325060
187.500           0.181046       10.373154
187.515           0.181865       10.420096
187.530           0.182664       10.465851
187.545           0.183441       10.510386
187.560           0.184196       10.553665
187.575           0.184929       10.595655
187.590           0.185639       10.636321
187.605           0.186325       10.675629
187.620           0.186987       10.713544
187.635           0.187623       10.750032
187.650           0.188235       10.785059
187.665           0.188820       10.818590
187.680           0.189379       10.850592
187.695           0.189910       10.881030
187.710           0.190413       10.909872
187.725           0.190888       10.937083
187.740           0.191334       10.962632
187.755           0.191750       10.986486
187.770           0.192137       11.008613
187.785           0.192492       11.028981
187.800           0.192816       11.047560
187.815           0.193109       11.064318
187.830           0.193369       11.079226
187.845           0.193596       11.092255
187.860           0.193790       11.103375
187.875           0.193951       11.112560
187.890           0.194077       11.119781
187.905           0.194168       11.125013
187.920           0.194224       11.128229
187.935           0.194245       11.129405
187.950           0.194229       11.128516
187.965           0.194177       11.125539
187.980           0.194089       11.120453
187.995           0.193963       11.113235
188.010           0.193799       11.103865
188.025           0.193598       11.092323
188.040           0.193358       11.078591
188.055           0.193080       11.062652
188.070           0.192763       11.044489
188.085           0.192407       11.024086
188.100           0.192011       11.001429
188.115           0.191576       10.976504
188.130           0.191101       10.949300
188.145           0.190587       10.919804
188.160           0.190032       10.888007
188.175           0.189436       10.853900
188.190           0.188801       10.817475
188.205           0.188124       10.778725
188.220           0.187407       10.737644
188.235           0.186649       10.694228
188.250           0.185851       10.648474
188.265           0.185012       10.600378
188.280           0.184131       10.549941
188.295           0.183210       10.497161
188.310           0.182248       10.442041
188.325           0.181245       10.384582
188.340           0.180202       10.324789
188.355           0.179117       10.262665
188.370           0.177992       10.198216
188.385           0.176827       10.131449
188.400           0.175622       10.062373
188.415           0.174376        9.990995
188.430           0.173090        9.917327
188.445           0.171764        9.841380
188.460           0.170399        9.763166
188.475           0.168995        9.682699
188.490           0.167551        9.599993
188.505           0.166069        9.515064
188.520           0.164548        9.427929
188.535           0.162989        9.338605
188.550           0.161393        9.247112
188.565           0.159758        9.153468
188.580           0.158087        9.057696
188.595           0.156378        8.959817
188.610           0.154634        8.859853
188.625           0.152853        8.757829
188.640           0.151037        8.653769
188.655           0.149186        8.547700
188.670           0.147300        8.439647
188.685           0.145380        8.329639
188.700           0.143426        8.217704
188.715           0.141439        8.103871
188.730           0.139420        7.988170
188.745           0.137368        7.870633
188.760           0.135286        7.751291
188.775           0.133172        7.630177
188.790           0.131028        7.507324
188.805           0.128854        7.382767
188.820           0.126651        7.256541
188.835           0.124419        7.128681
188.850           0.122160        6.999224
188.865           0.119873        6.868207
188.880           0.117560        6.735666
188.895           0.115220        6.601642
188.910           0.112856        6.466172
188.925           0.110467        6.329295
188.940           0.108054        6.191053
188.955           0.105618        6.051485
188.970           0.103160        5.910632
188.985           0.100680        5.768536
189.000           0.098179        5.625239
189.015           0.095658        5.480782
189.030           0.093117        5.335209
189.045           0.090557        5.188563
189.060           0.087980        5.040886
189.075           0.085385        4.892222
189.090           0.082774        4.742616
189.105           0.080147        4.592110
189.120           0.077506        4.440750
189.135           0.074850        4.288579
189.150           0.072181        4.135642
189.165           0.069499        3.981983
189.180           0.066805        3.827648
189.195           0.064100        3.672680
189.210           0.061385        3.517124
189.225           0.058661        3.361025
189.240           0.055928        3.204427
189.255           0.053187        3.047374
189.270           0.050438        2.889910
189.285           0.047684        2.732080
189.300           0.044923        2.573927
189.315           0.042158        2.415494
189.330           0.039389        2.256825
189.345           0.036616        2.097962
189.360           0.033841        1.938949
189.375           0.031064        1.779827
189.390           0.028285        1.620637
189.405           0.025507        1.461422
189.420           0.022728        1.302221
189.435           0.019950        1.143076
189.450           0.017174        0.984025
189.465           0.014401        0.825109
189.480           0.011630        0.666365
189.495           0.008863        0.507832
189.510           0.006101        0.349547
189.525           0.003343        0.191547
189.540           0.000591        0.033868
189.555          -0.002155       -0.123455
189.570          -0.004894       -0.280387
189.585          -0.007625       -0.436895
189.600          -0.010349       -0.592945
189.615          -0.013064       -0.748505
189.630          -0.015770       -0.903544
189.645          -0.018466       -1.058030
189.660          -0.021152       -1.211935
189.675          -0.023828       -1.365228
189.690          -0.026492       -1.517882
189.705          -0.029145       -1.669870
189.720          -0.031785       -1.821164
189.735          -0.034413       -1.971740
189.750          -0.037028       -2.121572
189.765          -0.039630       -2.270637
189.780          -0.042218       -2.418912
189.795          -0.044792       -2.566375
189.810          -0.047351       -2.713005
189.825          -0.049895       -2.858781
189.840          -0.052424       -3.003684
189.855          -0.054938       -3.147697
189.870          -0.057435       -3.290800
189.885          -0.059917       -3.432978
189.900          -0.062382       -3.574214
189.915          -0.064830       -3.714494
189.930          -0.067262       -3.853804
189.945          -0.069676       -3.992131
189.960          -0.072073       -4.129461
189.975          -0.074452       -4.265784
189.990          -0.076813       -4.401089
190.005          -0.079157       -4.535365
190.020          -0.081483       -4.668604
190.035          -0.083790       -4.800798
190.050          -0.086079       -4.931938
190.065          -0.088349       -5.062018
190.080          -0.090601       -5.191032
190.095          -0.092834       -5.318974
190.110          -0.095048       -5.445839
190.125          -0.097243       -5.571624
190.140          -0.099420       -5.696325
190.155          -0.101577       -5.819938
190.170          -0.103716       -5.942462
190.185          -0.105835       -6.063896
190.200          -0.107935       -6.184237
190.215          -0.110017       -6.303486
190.230          -0.112079       -6.421641
190.245          -0.114122       -6.538705
190.260          -0.116146       -6.654676
190.275          -0.118151       -6.769558
190.290          -0.120137       -6.883351
190.305          -0.122104       -6.996057
190.320          -0.124052       -7.107679
190.335          -0.125982       -7.218219
190.350          -0.127892       -7.327681
190.365          -0.129784       -7.436068
190.380          -0.131657       -7.543383
190.395          -0.133511       -7.649630
190.410          -0.135347       -7.754813
190.425          -0.137164       -7.858937
190.440          -0.138963       -7.962005
190.455          -0.140744       -8.064022
190.470          -0.142506       -8.164992
190.485          -0.144250       -8.264921
190.500          -0.145976       -8.363812
190.515          -0.147684       -8.461671
190.530          -0.149374       -8.558501
190.545          -0.151046       -8.654309
190.560          -0.152701       -8.749098
190.575          -0.154337       -8.842873
190.590          -0.155956       -8.935639
190.605          -0.157558       -9.027399
190.620          -0.159142       -9.118159
190.635          -0.160709       -9.207922
190.650          -0.162258       -9.296693
190.665          -0.163790       -9.384476
190.680          -0.165305       -9.471273
190.695          -0.166803       -9.557089
190.710          -0.168283       -9.641927
190.725          -0.169747       -9.725790
190.740          -0.171194       -9.808681
190.755          -0.172624       -9.890602
190.770          -0.174036       -9.971556
190.785          -0.175433      -10.051545
190.800          -0.176812      -10.130571
190.815          -0.178174      -10.208636
190.830          -0.179520      -10.285740
190.845          -0.180849      -10.361885
190.860          -0.182161      -10.437072
190.875          -0.183457      -10.511300
190.890          -0.184736      -10.584571
190.905          -0.185998      -10.656885
190.920          -0.187243      -10.728239
190.935          -0.188472      -10.798636
190.950          -0.189684      -10.868072
190.965          -0.190879      -10.936547
190.980          -0.192057      -11.004060
190.995          -0.193219      -11.070608
191.010          -0.194363      -11.136190
191.025          -0.195491      -11.200803
191.040          -0.196602      -11.264446
191.055          -0.197695      -11.327114
191.070          -0.198772      -11.388805
191.085          -0.199832      -11.449517
191.100          -0.200874      -11.509244
191.115          -0.201899      -11.567985
191.130          -0.202907      -11.625734
191.145          -0.203898      -11.682488
191.160          -0.204871      -11.738242
191.175          -0.205827      -11.792993
191.190          -0.206765      -11.846735
191.205          -0.207685      -11.899464
191.220          -0.208587      -11.951175
191.235          -0.209472      -12.001863
191.250          -0.210339      -12.051523
191.265          -0.211187      -12.100149
191.280          -0.212018      -12.147737
191.295          -0.212830      -12.194281
191.310          -0.213624      -12.239774
191.325          -0.214400      -12.284213
191.340          -0.215157      -12.327591
191.355          -0.215896      -12.369901
191.370          -0.216615      -12.411140
191.385          -0.217316      -12.451300
191.400          -0.217998      -12.490375
191.415          -0.218661      -12.528361
191.430          -0.219305      -12.565250
191.445          -0.219930      -12.601037
191.460          -0.220535      -12.635715
191.475          -0.221121      -12.669279
191.490          -0.221687      -12.701723
191.505          -0.222233      -12.733039
191.520          -0.222760      -12.763223
191.535          -0.223267      -12.792267
191.550          -0.223754      -12.820165
191.565          -0.224221      -12.846912
191.580          -0.224668      -12.872500
191.595          -0.225094      -12.896923
191.610          -0.225500      -12.920175
191.625          -0.225885      -12.942250
191.640          -0.226249      -12.963139
191.655          -0.226593      -12.982838
191.670          -0.226916      -13.001339
191.685          -0.227218      -13.018635
191.700          -0.227499      -13.034719
191.715          -0.227758      -13.049584
191.730          -0.227996      -13.063224
191.745          -0.228213      -13.075630
191.760          -0.228408      -13.086796
191.775          -0.228581      -13.096714
191.790          -0.228732      -13.105377
191.805          -0.228861      -13.112776
191.820          -0.228968      -13.118904
191.835          -0.229053      -13.123754
191.850          -0.229115      -13.127316
191.865          -0.229154      -13.129582
191.880          -0.229171      -13.130545
191.895          -0.229165      -13.130195
191.910          -0.229136      -13.128524
191.925          -0.229084      -13.125523
191.940          -0.229008      -13.121183
191.955          -0.228909      -13.115495
191.970          -0.228786      -13.108449
191.985          -0.228639      -13.100035
192.000          -0.228468      -13.090246
192.015          -0.228273      -13.079069
192.030          -0.228053      -13.066496
192.045          -0.227809      -13.052517
192.060          -0.227541      -13.037122
192.075          -0.227247      -13.020299
192.090          -0.226928      -13.002040
192.105          -0.226584      -12.982333
192.120          -0.226215      -12.961169
192.135          -0.225820      -12.938536
192.150          -0.225399      -12.914424
192.165          -0.224952      -12.888822
192.180          -0.224479      -12.861721
192.195          -0.223980      -12.833109
192.210          -0.223454      -12.802975
192.225          -0.222901      -12.771310
192.240          -0.222322      -12.738103
192.255          -0.221715      -12.703344
192.270          -0.221081      -12.667022
192.285          -0.220420      -12.629128
192.300          -0.219731      -12.589651
192.315          -0.219014      -12.548581
192.330          -0.218269      -12.505910
192.345          -0.217496      -12.461628
192.360          -0.216695      -12.415726
192.375          -0.215866      -12.368195
192.390          -0.215008      -12.319026
192.405          -0.214121      -12.268212
192.420          -0.213205      -12.215745
192.435          -0.212260      -12.161617
192.450          -0.211286      -12.105821
192.465          -0.210283      -12.048350
192.480          -0.209251      -11.989199
192.495          -0.208189      -11.928361
192.510          -0.207098      -11.865831
192.525          -0.205977      -11.801604
192.540          -0.204826      -11.735676
192.555          -0.203646      -11.668043
192.570          -0.202436      -11.598702
192.585          -0.201195      -11.527650
192.600          -0.199925      -11.454885
192.615          -0.198626      -11.380405
192.630          -0.197296      -11.304208
192.645          -0.195936      -11.226296
192.660          -0.194546      -11.146667
192.675          -0.193126      -11.065322
192.690          -0.191677      -10.982264
192.705          -0.190197      -10.897493
192.720          -0.188688      -10.811012
192.735          -0.187149      -10.722825
192.750          -0.185580      -10.632936
192.765          -0.183981      -10.541348
192.780          -0.182353      -10.448066
192.795          -0.180696      -10.353097
192.810          -0.179009      -10.256447
192.825          -0.177293      -10.158123
192.840          -0.175548      -10.058131
192.855          -0.173773       -9.956481
192.870          -0.171970       -9.853180
192.885          -0.170139       -9.748238
192.900          -0.168279       -9.641664
192.915          -0.166390       -9.533470
192.930          -0.164474       -9.423665
192.945          -0.162530       -9.312262
192.960          -0.160558       -9.199271
192.975          -0.158558       -9.084706
192.990          -0.156531       -8.968579
193.005          -0.154477       -8.850904
193.020          -0.152397       -8.731694
193.035          -0.150290       -8.610963
193.050          -0.148156       -8.488728
193.065          -0.145997       -8.365001
193.080          -0.143812       -8.239800
193.095          -0.141601       -8.113139
193.110          -0.139365       -7.985036
193.125          -0.137104       -7.855506
193.140          -0.134819       -7.724568
193.155          -0.132510       -7.592237
193.170          -0.130176       -7.458533
193.185          -0.127819       -7.323472
193.200          -0.125438       -7.187073
193.215          -0.123034       -7.049356
193.230          -0.120608       -6.910338
193.245          -0.118159       -6.770039
193.260          -0.115689       -6.628479
193.275          -0.113196       -6.485677
193.290          -0.110683       -6.341653
193.305          -0.108148       -6.196428
193.320          -0.105593       -6.050022
193.335          -0.103017       -5.902457
193.350          -0.100422       -5.753752
193.365          -0.097807       -5.603930
193.380          -0.095173       -5.453013
193.395          -0.092520       -5.301021
193.410          -0.089849       -5.147978
193.425          -0.087160       -4.993906
193.440          -0.084453       -4.838827
193.455          -0.081730       -4.682765
193.470          -0.078989       -4.525743
193.485          -0.076232       -4.367784
193.500          -0.073459       -4.208913
193.515          -0.070671       -4.049153
193.530          -0.067868       -3.888529
193.545          -0.065050       -3.727066
193.560          -0.062217       -3.564789
193.575          -0.059371       -3.401723
193.590          -0.056512       -3.237895
193.605          -0.053640       -3.073331
193.620          -0.050755       -2.908057
193.635          -0.047859       -2.742101
193.650          -0.044951       -2.575489
193.665          -0.042032       -2.408250
193.680          -0.039103       -2.240411
193.695          -0.036163       -2.072002
193.710          -0.033215       -1.903051
193.725          -0.030257       -1.733588
193.740          -0.027291       -1.563643
193.755          -0.024317       -1.393246
193.770          -0.021335       -1.222429
193.785          -0.018347       -1.051221
193.800          -0.015353       -0.879656
193.815          -0.012353       -0.707765
193.830          -0.009348       -0.535582
193.845          -0.006338       -0.363139
193.860          -0.003324       -0.190470
193.875          -0.000307       -0.017609
193.890           0.002712        0.155409
193.905           0.005734        0.328548
193.920           0.008758        0.501774
193.935           0.011782        0.675050
193.950           0.014806        0.848340
193.965           0.017830        1.021607
193.980           0.020853        1.194813
193.995           0.023875        1.367920
194.010           0.026894        1.540891
194.025           0.029909        1.713686
194.040           0.032922        1.886267
194.055           0.035929        2.058594
194.070           0.038932        2.230628
194.085           0.041929        2.402328
194.100           0.044919        2.573654
194.115           0.047902        2.744565
194.130           0.050877        2.915021
194.145           0.053843        3.084980
194.160           0.056800        3.254401
194.175           0.059747        3.423243
194.190           0.062683        3.591464
194.205           0.065607        3.759022
194.220           0.068519        3.925875
194.235           0.071419        4.091982
194.250           0.074304        4.257301
194.265           0.077175        4.421790
194.280           0.080030        4.585407
194.295           0.082870        4.748111
194.310           0.085693        4.909860
194.325           0.088499        5.070614
194.340           0.091286        5.230330
194.355           0.094055        5.388969
194.370           0.096805        5.546490
194.385           0.099534        5.702853
194.400           0.102242        5.858018
194.415           0.104928        6.011946
194.430           0.107593        6.164598
194.445           0.110234        6.315937
194.460           0.112852        6.465924
194.475           0.115445        6.614523
194.490           0.118014        6.761697
194.505           0.120557        6.907410
194.520           0.123074        7.051628
194.535           0.125565        7.194316
194.550           0.128028        7.335441
194.565           0.130463        7.474971
194.580           0.132870        7.612873
194.595           0.135248        7.749117
194.610           0.137596        7.883672
194.625           0.139915        8.016511
194.640           0.142203        8.147604
194.655           0.144460        8.276925
194.670           0.146685        8.404449
194.685           0.148879        8.530149
194.700           0.151041        8.654003
194.715           0.153170        8.775987
194.730           0.155266        8.896080
194.745           0.157329        9.014262
194.760           0.159358        9.130512
194.775           0.161352        9.244814
194.790           0.163313        9.357148
194.805           0.165239        9.467500
194.820           0.167130        9.575855
194.835           0.168986        9.682198
194.850           0.170807        9.786518
194.865           0.172592        9.888802
194.880           0.174342        9.989040
194.895           0.176055       10.087223
194.910           0.177733       10.183343
194.925           0.179374       10.277392
194.940           0.180980       10.369365
194.955           0.182548       10.459256
194.970           0.184081       10.547061
194.985           0.185577       10.632776
195.000           0.187036       10.716401
195.015           0.188459       10.797934
195.030           0.189846       10.877373
195.045           0.191196       10.954721
195.060           0.192509       11.029978
195.075           0.193786       11.103146
195.090           0.195027       11.174229
195.105           0.196231       11.243230
195.120           0.197399       11.310153
195.135           0.198531       11.375004
195.150           0.199627       11.437788
195.165           0.200687       11.498512
195.180           0.201711       11.557182
195.195           0.202699       11.613806
195.210           0.203652       11.668392
195.225           0.204569       11.720947
195.240           0.205451       11.771481
195.255           0.206298       11.820003
195.270           0.207110       11.866522
195.285           0.207887       11.911047
195.300           0.208630       11.953590
195.315           0.209338       11.994160
195.330           0.210011       12.032767
195.345           0.210651       12.069423
195.360           0.211257       12.104138
195.375           0.211829       12.136923
195.390           0.212368       12.167789
195.405           0.212873       12.196748
195.420           0.213346       12.223810
195.435           0.213785       12.248988
195.450           0.214192       12.272292
195.465           0.214566       12.293733
195.480           0.214908       12.313323
195.495           0.215218       12.331074
195.510           0.215496       12.346997
195.525           0.215742       12.361102
195.540           0.215957       12.373402
195.555           0.216140       12.383908
195.570           0.216292       12.392630
195.585           0.216414       12.399581
195.600           0.216504       12.404771
195.615           0.216564       12.408211
195.630           0.216594       12.409913
195.645           0.216593       12.409887
195.660           0.216563       12.408145
195.675           0.216503       12.404697
195.690           0.216413       12.399556
195.705           0.216294       12.392731
195.720           0.216146       12.384233
195.735           0.215968       12.374075
195.750           0.215762       12.362267
195.765           0.215528       12.348821
195.780           0.215264       12.333747
195.795           0.214973       12.317056
195.810           0.214654       12.298762
195.825           0.214307       12.278874
195.840           0.213932       12.257405
195.855           0.213530       12.234366
195.870           0.213101       12.209770
195.885           0.212644       12.183628
195.900           0.212161       12.155952
195.915           0.211652       12.126756
195.930           0.211116       12.096051
195.945           0.210554       12.063851
195.960           0.209966       12.030168
195.975           0.209353       11.995015
195.990           0.208714       11.958407
196.005           0.208049       11.920356
196.020           0.207360       11.880876
196.035           0.206647       11.839982
196.050           0.205908       11.797687
196.065           0.205146       11.754007
196.080           0.204360       11.708954
196.095           0.203550       11.662546
196.110           0.202716       11.614796
196.125           0.201860       11.565720
196.140           0.200980       11.515333
196.155           0.200078       11.463651
196.170           0.199154       11.410689
196.185           0.198208       11.356464
196.200           0.197240       11.300992
196.215           0.196250       11.244289
196.230           0.195239       11.186371
196.245           0.194207       11.127254
196.260           0.193155       11.066956
196.275           0.192082       11.005493
196.290           0.190989       10.942881
196.305           0.189877       10.879137
196.320           0.188745       10.814278
196.335           0.187594       10.748321
196.350           0.186424       10.681282
196.365           0.185235       10.613178
196.380           0.184028       10.544025
196.395           0.182803       10.473841
196.410           0.181560       10.402641
196.425           0.180300       10.330442
196.440           0.179023       10.257261
196.455           0.177729       10.183112
196.470           0.176418       10.108013
196.485           0.175091       10.031979
196.500           0.173748        9.955026
196.515           0.172389        9.877168
196.530           0.171015        9.798423
196.545           0.169625        9.718803
196.560           0.168220        9.638324
196.575           0.166801        9.557001
196.590           0.165367        9.474848
196.605           0.163919        9.391879
196.620           0.162457        9.308108
196.635           0.160981        9.223548
196.650           0.159492        9.138213
196.665           0.157989        9.052115
196.680           0.156473        8.965268
196.695           0.154945        8.877684
196.710           0.153404        8.789374
196.725           0.151850        8.700352
196.740           0.150284        8.610629
196.755           0.148706        8.520215
196.770           0.147116        8.429124
196.785           0.145514        8.337364
196.800           0.143901        8.244948
196.815           0.142277        8.151886
196.830           0.140642        8.058188
196.845           0.138996        7.963863
196.860           0.137339        7.868923
196.875           0.135671        7.773377
196.890           0.133993        7.677235
196.905           0.132305        7.580505
196.920           0.130606        7.483197
196.935           0.128898        7.385321
196.950           0.127180        7.286885
196.965           0.125452        7.187898
196.980           0.123715        7.088370
196.995           0.121969        6.988308
197.010           0.120213        6.887722
197.025           0.118449        6.786620
197.040           0.116675        6.685010
197.055           0.114893        6.582902
197.070           0.113103        6.480303
197.085           0.111304        6.377223
197.100           0.109496        6.273670
197.115           0.107681        6.169652
197.130           0.105857        6.065178
197.145           0.104026        5.960256
197.160           0.102187        5.854895
197.175           0.100341        5.749104
197.190           0.098487        5.642892
197.205           0.096626        5.536266
197.220           0.094758        5.429237
197.235           0.092883        5.321812
197.250           0.091001        5.214001
197.265           0.089113        5.105814
197.280           0.087219        4.997258
197.295           0.085318        4.888343
197.310           0.083411        4.779080
197.325           0.081498        4.669476
197.340           0.079579        4.559542
197.355           0.077655        4.449288
197.370           0.075725        4.338722
197.385           0.073790        4.227856
197.400           0.071850        4.116698
197.415           0.069905        4.005260
197.430           0.067955        3.893551
197.445           0.066001        3.781581
197.460           0.064042        3.669362
197.475           0.062080        3.556903
197.490           0.060113        3.444216
197.505           0.058142        3.331311
197.520           0.056168        3.218200
197.535           0.054191        3.104893
197.550           0.052210        2.991402
197.565           0.050226        2.877739
197.580           0.048239        2.763914
197.595           0.046250        2.649941
197.610           0.044259        2.535831
197.625           0.042265        2.421595
197.640           0.040269        2.307248
197.655           0.038272        2.192800
197.670           0.036273        2.078265
197.685           0.034272        1.963657
197.700           0.032271        1.848987
197.715           0.030269        1.734270
197.730           0.028266        1.619520
197.745           0.026263        1.504750
197.760           0.024260        1.389975
197.775           0.022257        1.275209
197.790           0.020254        1.160468
197.805           0.018252        1.045766
197.820           0.016251        0.931118
197.835           0.014251        0.816541
197.850           0.012253        0.702051
197.865           0.010257        0.587664
197.880           0.008262        0.473396
197.895           0.006270        0.359266
197.910           0.004281        0.245291
197.925           0.002295        0.131488
197.940           0.000312        0.017876
197.955          -0.001667       -0.095527
197.970          -0.003643       -0.208701
197.985          -0.005613       -0.321627
198.000          -0.007580       -0.434285
198.015          -0.009541       -0.546655
198.030          -0.011497       -0.658716
198.045          -0.013447       -0.770448
198.060          -0.015391       -0.881829
198.075          -0.017328       -0.992836
198.090          -0.019259       -1.103449
198.105          -0.021182       -1.213644
198.120          -0.023098       -1.323399
198.135          -0.025005       -1.432690
198.150          -0.026904       -1.541494
198.165          -0.028794       -1.649787
198.180          -0.030675       -1.757545
198.195          -0.032546       -1.864744
198.210          -0.034407       -1.971359
198.225          -0.036257       -2.077364
198.240          -0.038096       -2.182736
198.255          -0.039924       -2.287449
198.270          -0.041739       -2.391477
198.285          -0.043542       -2.494794
198.300          -0.045333       -2.597376
198.315          -0.047110       -2.699197
198.330          -0.048873       -2.800231
198.345          -0.050622       -2.900452
198.360          -0.052357       -2.999835
198.375          -0.054076       -3.098355
198.390          -0.055780       -3.195985
198.405          -0.057468       -3.292701
198.420          -0.059140       -3.388478
198.435          -0.060795       -3.483291
198.450          -0.062432       -3.577115
198.465          -0.064052       -3.669926
198.480          -0.065654       -3.761701
198.495          -0.067237       -3.852416
198.510          -0.068802       -3.942048
198.525          -0.070347       -4.030574
198.540          -0.071872       -4.117973
198.555          -0.073378       -4.204223
198.570          -0.074862       -4.289303
198.585          -0.076327       -4.373192
198.600          -0.077770       -4.455872
198.615          -0.079191       -4.537323
198.630          -0.080591       -4.617527
198.645          -0.081969       -4.696466
198.660          -0.083324       -4.774124
198.675          -0.084657       -4.850484
198.690          -0.085967       -4.925531
198.705          -0.087253       -4.999252
198.720          -0.088517       -5.071631
198.735          -0.089756       -5.142657
198.750          -0.090972       -5.212318
198.765          -0.092164       -5.280603
198.780          -0.093332       -5.347502
198.795          -0.094475       -5.413005
198.810          -0.095593       -5.477104
198.825          -0.096688       -5.539792
198.840          -0.097757       -5.601062
198.855          -0.098801       -5.660909
198.870          -0.099821       -5.719327
198.885          -0.100816       -5.776314
198.900          -0.101785       -5.831865
198.915          -0.102730       -5.885979
198.930          -0.103649       -5.938654
198.945          -0.104543       -5.989891
198.960          -0.105412       -6.039688
198.975          -0.106256       -6.088047
198.990          -0.107075       -6.134971
199.005          -0.107869       -6.180461
199.020          -0.108638       -6.224520
199.035          -0.109382       -6.267154
199.050          -0.110102       -6.308365
199.065          -0.110796       -6.348160
199.080          -0.111466       -6.386545
199.095          -0.112112       -6.423525
199.110          -0.112733       -6.459108
199.125          -0.113329       -6.493302
199.140          -0.113902       -6.526113
199.155          -0.114451       -6.557551
199.170          -0.114976       -6.587625
199.185          -0.115477       -6.616343
199.200          -0.115955       -6.643716
199.215          -0.116409       -6.669753
199.230          -0.116840       -6.694464
199.245          -0.117249       -6.717861
199.260          -0.117634       -6.739954
199.275          -0.117997       -6.760754
199.290          -0.118338       -6.780272
199.305          -0.118657       -6.798521
199.320          -0.118953       -6.815511
199.335          -0.119228       -6.831254
199.350          -0.119481       -6.845763
199.365          -0.119713       -6.859049
199.380          -0.119924       -6.871125
199.395          -0.120114       -6.882002
199.410          -0.120283       -6.891694
199.425          -0.120431       -6.900212
199.440          -0.120560       -6.907570
199.455          -0.120668       -6.913779
199.470          -0.120757       -6.918853
199.485          -0.120826       -6.922803
199.500          -0.120875       -6.925642
199.515          -0.120906       -6.927383
199.530          -0.120917       -6.928039
199.545          -0.120910       -6.927623
199.560          -0.120884       -6.926146
199.575          -0.120840       -6.923622
199.590          -0.120778       -6.920064
199.605          -0.120698       -6.915484
199.620          -0.120600       -6.909895
199.635          -0.120486       -6.903311
199.650          -0.120353       -6.895743
199.665          -0.120204       -6.887206
199.680          -0.120039       -6.877711
199.695          -0.119857       -6.867272
199.710          -0.119658       -6.855903
199.725          -0.119444       -6.843616
199.740          -0.119213       -6.830425
199.755          -0.118968       -6.816343
199.770          -0.118707       -6.801384
199.785          -0.118430       -6.785560
199.800          -0.118139       -6.768887
199.815          -0.117834       -6.751378
199.830          -0.117514       -6.733046
199.845          -0.117180       -6.713905
199.860          -0.116832       -6.693970
199.875          -0.116470       -6.673255
199.890          -0.116095       -6.651774
199.905          -0.115707       -6.629541
199.920          -0.115306       -6.606571
199.935          -0.114893       -6.582879
199.950          -0.114467       -6.558479
199.965          -0.114029       -6.533387
199.980          -0.113579       -6.507616
199.995          -0.113118       -6.481182
200.010          -0.112645       -6.454099
