# SEA-Stack Verification Data
# format: timeseries
# source: hydrochrono
# model: f3of_decay_multicode
# quantity: dt1_surge
# units: s, m
# columns: Time(s) SURGE(m)
2.000000e-02 5.000000e+00
4.000000e-02 4.999900e+00
6.000000e-02 4.999700e+00
8.000000e-02 4.999500e+00
1.000000e-01 4.999300e+00
1.200000e-01 4.999000e+00
1.400000e-01 4.998700e+00
1.600000e-01 4.998300e+00
1.800000e-01 4.997800e+00
2.000000e-01 4.997400e+00
2.200000e-01 4.996800e+00
2.400000e-01 4.996300e+00
2.600000e-01 4.995700e+00
2.800000e-01 4.995000e+00
3.000000e-01 4.994300e+00
3.200000e-01 4.993500e+00
3.400000e-01 4.992700e+00
3.600000e-01 4.991900e+00
3.800000e-01 4.991000e+00
4.000000e-01 4.990000e+00
4.200000e-01 4.989000e+00
4.400000e-01 4.988000e+00
4.600000e-01 4.986900e+00
4.800000e-01 4.985800e+00
5.000000e-01 4.984700e+00
5.200000e-01 4.983500e+00
5.400000e-01 4.982200e+00
5.600000e-01 4.980900e+00
5.800000e-01 4.979600e+00
6.000000e-01 4.978200e+00
6.200000e-01 4.976800e+00
6.400000e-01 4.975300e+00
6.600000e-01 4.973800e+00
6.800000e-01 4.972300e+00
7.000000e-01 4.970700e+00
7.200000e-01 4.969100e+00
7.400000e-01 4.967400e+00
7.600000e-01 4.965700e+00
7.800000e-01 4.964000e+00
8.000000e-01 4.962200e+00
8.200000e-01 4.960400e+00
8.400000e-01 4.958600e+00
8.600000e-01 4.956700e+00
8.800000e-01 4.954800e+00
9.000000e-01 4.952800e+00
9.200000e-01 4.950800e+00
9.400000e-01 4.948800e+00
9.600000e-01 4.946700e+00
9.800000e-01 4.944600e+00
1.000000e+00 4.942500e+00
1.020000e+00 4.940300e+00
1.040000e+00 4.938100e+00
1.060000e+00 4.935900e+00
1.080000e+00 4.933600e+00
1.100000e+00 4.931300e+00
1.120000e+00 4.929000e+00
1.140000e+00 4.926600e+00
1.160000e+00 4.924200e+00
1.180000e+00 4.921800e+00
1.200000e+00 4.919400e+00
1.220000e+00 4.916900e+00
1.240000e+00 4.914400e+00
1.260000e+00 4.911800e+00
1.280000e+00 4.909300e+00
1.300000e+00 4.906700e+00
1.320000e+00 4.904000e+00
1.340000e+00 4.901400e+00
1.360000e+00 4.898700e+00
1.380000e+00 4.896000e+00
1.400000e+00 4.893300e+00
1.420000e+00 4.890500e+00
1.440000e+00 4.887700e+00
1.460000e+00 4.884900e+00
1.480000e+00 4.882000e+00
1.500000e+00 4.879200e+00
1.520000e+00 4.876300e+00
1.540000e+00 4.873300e+00
1.560000e+00 4.870400e+00
1.580000e+00 4.867400e+00
1.600000e+00 4.864400e+00
1.620000e+00 4.861400e+00
1.640000e+00 4.858300e+00
1.660000e+00 4.855200e+00
1.680000e+00 4.852100e+00
1.700000e+00 4.849000e+00
1.720000e+00 4.845800e+00
1.740000e+00 4.842700e+00
1.760000e+00 4.839400e+00
1.780000e+00 4.836200e+00
1.800000e+00 4.833000e+00
1.820000e+00 4.829700e+00
1.840000e+00 4.826400e+00
1.860000e+00 4.823000e+00
1.880000e+00 4.819700e+00
1.900000e+00 4.816300e+00
1.920000e+00 4.812900e+00
1.940000e+00 4.809500e+00
1.960000e+00 4.806000e+00
1.980000e+00 4.802500e+00
2.000000e+00 4.799000e+00
2.020000e+00 4.795500e+00
2.040000e+00 4.791900e+00
2.060000e+00 4.788400e+00
2.080000e+00 4.784800e+00
2.100000e+00 4.781100e+00
2.120000e+00 4.777500e+00
2.140000e+00 4.773800e+00
2.160000e+00 4.770100e+00
2.180000e+00 4.766300e+00
2.200000e+00 4.762600e+00
2.220000e+00 4.758800e+00
2.240000e+00 4.755000e+00
2.260000e+00 4.751200e+00
2.280000e+00 4.747300e+00
2.300000e+00 4.743400e+00
2.320000e+00 4.739500e+00
2.340000e+00 4.735600e+00
2.360000e+00 4.731600e+00
2.380000e+00 4.727600e+00
2.400000e+00 4.723600e+00
2.420000e+00 4.719500e+00
2.440000e+00 4.715400e+00
2.460000e+00 4.711300e+00
2.480000e+00 4.707200e+00
2.500000e+00 4.703000e+00
2.520000e+00 4.698900e+00
2.540000e+00 4.694600e+00
2.560000e+00 4.690400e+00
2.580000e+00 4.686100e+00
2.600000e+00 4.681800e+00
2.620000e+00 4.677500e+00
2.640000e+00 4.673200e+00
2.660000e+00 4.668800e+00
2.680000e+00 4.664400e+00
2.700000e+00 4.659900e+00
2.720000e+00 4.655400e+00
2.740000e+00 4.650900e+00
2.760000e+00 4.646400e+00
2.780000e+00 4.641800e+00
2.800000e+00 4.637200e+00
2.820000e+00 4.632600e+00
2.840000e+00 4.628000e+00
2.860000e+00 4.623300e+00
2.880000e+00 4.618600e+00
2.900000e+00 4.613800e+00
2.920000e+00 4.609000e+00
2.940000e+00 4.604200e+00
2.960000e+00 4.599400e+00
2.980000e+00 4.594500e+00
3.000000e+00 4.589600e+00
3.020000e+00 4.584700e+00
3.040000e+00 4.579700e+00
3.060000e+00 4.574700e+00
3.080000e+00 4.569700e+00
3.100000e+00 4.564600e+00
3.120000e+00 4.559500e+00
3.140000e+00 4.554400e+00
3.160000e+00 4.549200e+00
3.180000e+00 4.544000e+00
3.200000e+00 4.538800e+00
3.220000e+00 4.533500e+00
3.240000e+00 4.528300e+00
3.260000e+00 4.522900e+00
3.280000e+00 4.517600e+00
3.300000e+00 4.512200e+00
3.320000e+00 4.506700e+00
3.340000e+00 4.501300e+00
3.360000e+00 4.495800e+00
3.380000e+00 4.490300e+00
3.400000e+00 4.484700e+00
3.420000e+00 4.479100e+00
3.440000e+00 4.473500e+00
3.460000e+00 4.467800e+00
3.480000e+00 4.462100e+00
3.500000e+00 4.456400e+00
3.520000e+00 4.450600e+00
3.540000e+00 4.444800e+00
3.560000e+00 4.439000e+00
3.580000e+00 4.433100e+00
3.600000e+00 4.427200e+00
3.620000e+00 4.421300e+00
3.640000e+00 4.415300e+00
3.660000e+00 4.409300e+00
3.680000e+00 4.403200e+00
3.700000e+00 4.397200e+00
3.720000e+00 4.391100e+00
3.740000e+00 4.384900e+00
3.760000e+00 4.378700e+00
3.780000e+00 4.372500e+00
3.800000e+00 4.366300e+00
3.820000e+00 4.360000e+00
3.840000e+00 4.353700e+00
3.860000e+00 4.347300e+00
3.880000e+00 4.341000e+00
3.900000e+00 4.334500e+00
3.920000e+00 4.328100e+00
3.940000e+00 4.321600e+00
3.960000e+00 4.315100e+00
3.980000e+00 4.308500e+00
4.000000e+00 4.301900e+00
4.020000e+00 4.295300e+00
4.040000e+00 4.288700e+00
4.060000e+00 4.282000e+00
4.080000e+00 4.275300e+00
4.100000e+00 4.268500e+00
4.120000e+00 4.261700e+00
4.140000e+00 4.254900e+00
4.160000e+00 4.248000e+00
4.180000e+00 4.241200e+00
4.200000e+00 4.234200e+00
4.220000e+00 4.227300e+00
4.240000e+00 4.220300e+00
4.260000e+00 4.213300e+00
4.280000e+00 4.206200e+00
4.300000e+00 4.199100e+00
4.320000e+00 4.192000e+00
4.340000e+00 4.184900e+00
4.360000e+00 4.177700e+00
4.380000e+00 4.170500e+00
4.400000e+00 4.163200e+00
4.420000e+00 4.156000e+00
4.440000e+00 4.148600e+00
4.460000e+00 4.141300e+00
4.480000e+00 4.133900e+00
4.500000e+00 4.126500e+00
4.520000e+00 4.119100e+00
4.540000e+00 4.111600e+00
4.560000e+00 4.104100e+00
4.580000e+00 4.096600e+00
4.600000e+00 4.089000e+00
4.620000e+00 4.081400e+00
4.640000e+00 4.073800e+00
4.660000e+00 4.066200e+00
4.680000e+00 4.058500e+00
4.700000e+00 4.050800e+00
4.720000e+00 4.043000e+00
4.740000e+00 4.035300e+00
4.760000e+00 4.027500e+00
4.780000e+00 4.019700e+00
4.800000e+00 4.011800e+00
4.820000e+00 4.003900e+00
4.840000e+00 3.996000e+00
4.860000e+00 3.988000e+00
4.880000e+00 3.980100e+00
4.900000e+00 3.972100e+00
4.920000e+00 3.964000e+00
4.940000e+00 3.956000e+00
4.960000e+00 3.947900e+00
4.980000e+00 3.939800e+00
5.000000e+00 3.931600e+00
5.020000e+00 3.923500e+00
5.040000e+00 3.915300e+00
5.060000e+00 3.907000e+00
5.080000e+00 3.898800e+00
5.100000e+00 3.890500e+00
5.120000e+00 3.882200e+00
5.140000e+00 3.873900e+00
5.160000e+00 3.865500e+00
5.180000e+00 3.857100e+00
5.200000e+00 3.848700e+00
5.220000e+00 3.840300e+00
5.240000e+00 3.831800e+00
5.260000e+00 3.823300e+00
5.280000e+00 3.814800e+00
5.300000e+00 3.806300e+00
5.320000e+00 3.797700e+00
5.340000e+00 3.789100e+00
5.360000e+00 3.780500e+00
5.380000e+00 3.771800e+00
5.400000e+00 3.763200e+00
5.420000e+00 3.754500e+00
5.440000e+00 3.745800e+00
5.460000e+00 3.737000e+00
5.480000e+00 3.728300e+00
5.500000e+00 3.719500e+00
5.520000e+00 3.710700e+00
5.540000e+00 3.701800e+00
5.560000e+00 3.693000e+00
5.580000e+00 3.684100e+00
5.600000e+00 3.675200e+00
5.620000e+00 3.666200e+00
5.640000e+00 3.657300e+00
5.660000e+00 3.648300e+00
5.680000e+00 3.639300e+00
5.700000e+00 3.630300e+00
5.720000e+00 3.621200e+00
5.740000e+00 3.612200e+00
5.760000e+00 3.603100e+00
5.780000e+00 3.594000e+00
5.800000e+00 3.584800e+00
5.820000e+00 3.575700e+00
5.840000e+00 3.566500e+00
5.860000e+00 3.557300e+00
5.880000e+00 3.548100e+00
5.900000e+00 3.538800e+00
5.920000e+00 3.529600e+00
5.940000e+00 3.520300e+00
5.960000e+00 3.511000e+00
5.980000e+00 3.501600e+00
6.000000e+00 3.492300e+00
6.020000e+00 3.482900e+00
6.040000e+00 3.473500e+00
6.060000e+00 3.464100e+00
6.080000e+00 3.454700e+00
6.100000e+00 3.445200e+00
6.120000e+00 3.435700e+00
6.140000e+00 3.426200e+00
6.160000e+00 3.416700e+00
6.180000e+00 3.407200e+00
6.200000e+00 3.397600e+00
6.220000e+00 3.388100e+00
6.240000e+00 3.378500e+00
6.260000e+00 3.368800e+00
6.280000e+00 3.359200e+00
6.300000e+00 3.349500e+00
6.320000e+00 3.339900e+00
6.340000e+00 3.330200e+00
6.360000e+00 3.320500e+00
6.380000e+00 3.310700e+00
6.400000e+00 3.301000e+00
6.420000e+00 3.291200e+00
6.440000e+00 3.281400e+00
6.460000e+00 3.271600e+00
6.480000e+00 3.261800e+00
6.500000e+00 3.251900e+00
6.520000e+00 3.242000e+00
6.540000e+00 3.232100e+00
6.560000e+00 3.222200e+00
6.580000e+00 3.212300e+00
6.600000e+00 3.202400e+00
6.620000e+00 3.192400e+00
6.640000e+00 3.182400e+00
6.660000e+00 3.172400e+00
6.680000e+00 3.162400e+00
6.700000e+00 3.152300e+00
6.720000e+00 3.142300e+00
6.740000e+00 3.132200e+00
6.760000e+00 3.122100e+00
6.780000e+00 3.112000e+00
6.800000e+00 3.101900e+00
6.820000e+00 3.091700e+00
6.840000e+00 3.081500e+00
6.860000e+00 3.071300e+00
6.880000e+00 3.061100e+00
6.900000e+00 3.050900e+00
6.920000e+00 3.040700e+00
6.940000e+00 3.030400e+00
6.960000e+00 3.020100e+00
6.980000e+00 3.009800e+00
7.000000e+00 2.999500e+00
7.020000e+00 2.989200e+00
7.040000e+00 2.978800e+00
7.060000e+00 2.968400e+00
7.080000e+00 2.958000e+00
7.100000e+00 2.947600e+00
7.120000e+00 2.937200e+00
7.140000e+00 2.926700e+00
7.160000e+00 2.916300e+00
7.180000e+00 2.905800e+00
7.200000e+00 2.895300e+00
7.220000e+00 2.884700e+00
7.240000e+00 2.874200e+00
7.260000e+00 2.863600e+00
7.280000e+00 2.853000e+00
7.300000e+00 2.842400e+00
7.320000e+00 2.831800e+00
7.340000e+00 2.821200e+00
7.360000e+00 2.810500e+00
7.380000e+00 2.799800e+00
7.400000e+00 2.789200e+00
7.420000e+00 2.778400e+00
7.440000e+00 2.767700e+00
7.460000e+00 2.756900e+00
7.480000e+00 2.746200e+00
7.500000e+00 2.735400e+00
7.520000e+00 2.724600e+00
7.540000e+00 2.713700e+00
7.560000e+00 2.702900e+00
7.580000e+00 2.692000e+00
7.600000e+00 2.681100e+00
7.620000e+00 2.670200e+00
7.640000e+00 2.659300e+00
7.660000e+00 2.648300e+00
7.680000e+00 2.637400e+00
7.700000e+00 2.626400e+00
7.720000e+00 2.615400e+00
7.740000e+00 2.604300e+00
7.760000e+00 2.593300e+00
7.780000e+00 2.582200e+00
7.800000e+00 2.571100e+00
7.820000e+00 2.560000e+00
7.840000e+00 2.548900e+00
7.860000e+00 2.537800e+00
7.880000e+00 2.526600e+00
7.900000e+00 2.515400e+00
7.920000e+00 2.504200e+00
7.940000e+00 2.493000e+00
7.960000e+00 2.481700e+00
7.980000e+00 2.470500e+00
8.000000e+00 2.459200e+00
8.020000e+00 2.447900e+00
8.040000e+00 2.436500e+00
8.060000e+00 2.425200e+00
8.080000e+00 2.413800e+00
8.100000e+00 2.402400e+00
8.120000e+00 2.391000e+00
8.140000e+00 2.379600e+00
8.160000e+00 2.368100e+00
8.180000e+00 2.356600e+00
8.200000e+00 2.345200e+00
8.220000e+00 2.333600e+00
8.240000e+00 2.322100e+00
8.260000e+00 2.310600e+00
8.280000e+00 2.299000e+00
8.300000e+00 2.287400e+00
8.320000e+00 2.275800e+00
8.340000e+00 2.264100e+00
8.360000e+00 2.252500e+00
8.380000e+00 2.240800e+00
8.400000e+00 2.229100e+00
8.420000e+00 2.217400e+00
8.440000e+00 2.205700e+00
8.460000e+00 2.193900e+00
8.480000e+00 2.182100e+00
8.500000e+00 2.170300e+00
8.520000e+00 2.158500e+00
8.540000e+00 2.146700e+00
8.560000e+00 2.134800e+00
8.580000e+00 2.122900e+00
8.600000e+00 2.111000e+00
8.620000e+00 2.099100e+00
8.640000e+00 2.087200e+00
8.660000e+00 2.075200e+00
8.680000e+00 2.063300e+00
8.700000e+00 2.051300e+00
8.720000e+00 2.039300e+00
8.740000e+00 2.027200e+00
8.760000e+00 2.015200e+00
8.780000e+00 2.003100e+00
8.800000e+00 1.991000e+00
8.820000e+00 1.978900e+00
8.840000e+00 1.966800e+00
8.860000e+00 1.954600e+00
8.880000e+00 1.942500e+00
8.900000e+00 1.930300e+00
8.920000e+00 1.918100e+00
8.940000e+00 1.905900e+00
8.960000e+00 1.893700e+00
8.980000e+00 1.881400e+00
9.000000e+00 1.869100e+00
9.020000e+00 1.856900e+00
9.040000e+00 1.844600e+00
9.060000e+00 1.832200e+00
9.080000e+00 1.819900e+00
9.100000e+00 1.807600e+00
9.120000e+00 1.795200e+00
9.140000e+00 1.782800e+00
9.160000e+00 1.770400e+00
9.180000e+00 1.758000e+00
9.200000e+00 1.745600e+00
9.220000e+00 1.733100e+00
9.240000e+00 1.720700e+00
9.260000e+00 1.708200e+00
9.280000e+00 1.695700e+00
9.300000e+00 1.683200e+00
9.320000e+00 1.670700e+00
9.340000e+00 1.658200e+00
9.360000e+00 1.645600e+00
9.380000e+00 1.633100e+00
9.400000e+00 1.620500e+00
9.420000e+00 1.607900e+00
9.440000e+00 1.595300e+00
9.460000e+00 1.582700e+00
9.480000e+00 1.570100e+00
9.500000e+00 1.557500e+00
9.520000e+00 1.544900e+00
9.540000e+00 1.532200e+00
9.560000e+00 1.519500e+00
9.580000e+00 1.506900e+00
9.600000e+00 1.494200e+00
9.620000e+00 1.481500e+00
9.640000e+00 1.468800e+00
9.660000e+00 1.456100e+00
9.680000e+00 1.443400e+00
9.700000e+00 1.430600e+00
9.720000e+00 1.417900e+00
9.740000e+00 1.405200e+00
9.760000e+00 1.392400e+00
9.780000e+00 1.379600e+00
9.800000e+00 1.366900e+00
9.820000e+00 1.354100e+00
9.840000e+00 1.341300e+00
9.860000e+00 1.328500e+00
9.880000e+00 1.315700e+00
9.900000e+00 1.302900e+00
9.920000e+00 1.290100e+00
9.940000e+00 1.277300e+00
9.960000e+00 1.264400e+00
9.980000e+00 1.251600e+00
1.000000e+01 1.238800e+00
1.002000e+01 1.225900e+00
1.004000e+01 1.213100e+00
1.006000e+01 1.200200e+00
1.008000e+01 1.187400e+00
1.010000e+01 1.174500e+00
1.012000e+01 1.161700e+00
1.014000e+01 1.148800e+00
1.016000e+01 1.135900e+00
1.018000e+01 1.123000e+00
1.020000e+01 1.110200e+00
1.022000e+01 1.097300e+00
1.024000e+01 1.084400e+00
1.026000e+01 1.071500e+00
1.028000e+01 1.058600e+00
1.030000e+01 1.045700e+00
1.032000e+01 1.032800e+00
1.034000e+01 1.019900e+00
1.036000e+01 1.007000e+00
1.038000e+01 9.941000e-01
1.040000e+01 9.812000e-01
1.042000e+01 9.683000e-01
1.044000e+01 9.554000e-01
1.046000e+01 9.425000e-01
1.048000e+01 9.296000e-01
1.050000e+01 9.167000e-01
1.052000e+01 9.038000e-01
1.054000e+01 8.909000e-01
1.056000e+01 8.780000e-01
1.058000e+01 8.651000e-01
1.060000e+01 8.522000e-01
1.062000e+01 8.392000e-01
1.064000e+01 8.263000e-01
1.066000e+01 8.134000e-01
1.068000e+01 8.005000e-01
1.070000e+01 7.876000e-01
1.072000e+01 7.747000e-01
1.074000e+01 7.617000e-01
1.076000e+01 7.488000e-01
1.078000e+01 7.359000e-01
1.080000e+01 7.230000e-01
1.082000e+01 7.101000e-01
1.084000e+01 6.972000e-01
1.086000e+01 6.842000e-01
1.088000e+01 6.713000e-01
1.090000e+01 6.584000e-01
1.092000e+01 6.455000e-01
1.094000e+01 6.326000e-01
1.096000e+01 6.196000e-01
1.098000e+01 6.067000e-01
1.100000e+01 5.938000e-01
1.102000e+01 5.809000e-01
1.104000e+01 5.680000e-01
1.106000e+01 5.550000e-01
1.108000e+01 5.421000e-01
1.110000e+01 5.292000e-01
1.112000e+01 5.163000e-01
1.114000e+01 5.033000e-01
1.116000e+01 4.904000e-01
1.118000e+01 4.775000e-01
1.120000e+01 4.646000e-01
1.122000e+01 4.516000e-01
1.124000e+01 4.387000e-01
1.126000e+01 4.258000e-01
1.128000e+01 4.128000e-01
1.130000e+01 3.999000e-01
1.132000e+01 3.870000e-01
1.134000e+01 3.740000e-01
1.136000e+01 3.611000e-01
1.138000e+01 3.482000e-01
1.140000e+01 3.352000e-01
1.142000e+01 3.223000e-01
1.144000e+01 3.093000e-01
1.146000e+01 2.964000e-01
1.148000e+01 2.835000e-01
1.150000e+01 2.705000e-01
1.152000e+01 2.576000e-01
1.154000e+01 2.446000e-01
1.156000e+01 2.316000e-01
1.158000e+01 2.187000e-01
1.160000e+01 2.057000e-01
1.162000e+01 1.928000e-01
1.164000e+01 1.798000e-01
1.166000e+01 1.668000e-01
1.168000e+01 1.539000e-01
1.170000e+01 1.409000e-01
1.172000e+01 1.279000e-01
1.174000e+01 1.149000e-01
1.176000e+01 1.020000e-01
1.178000e+01 8.900000e-02
1.180000e+01 7.600000e-02
1.182000e+01 6.300000e-02
1.184000e+01 5.000000e-02
1.186000e+01 3.700000e-02
1.188000e+01 2.400000e-02
1.190000e+01 1.100000e-02
1.192000e+01 -2.000000e-03
1.194000e+01 -1.500000e-02
1.196000e+01 -2.800000e-02
1.198000e+01 -4.100000e-02
1.200000e+01 -5.400000e-02
1.202000e+01 -6.710000e-02
1.204000e+01 -8.010000e-02
1.206000e+01 -9.310000e-02
1.208000e+01 -1.061000e-01
1.210000e+01 -1.192000e-01
1.212000e+01 -1.322000e-01
1.214000e+01 -1.452000e-01
1.216000e+01 -1.583000e-01
1.218000e+01 -1.713000e-01
1.220000e+01 -1.843000e-01
1.222000e+01 -1.974000e-01
1.224000e+01 -2.104000e-01
1.226000e+01 -2.235000e-01
1.228000e+01 -2.365000e-01
1.230000e+01 -2.496000e-01
1.232000e+01 -2.627000e-01
1.234000e+01 -2.757000e-01
1.236000e+01 -2.888000e-01
1.238000e+01 -3.018000e-01
1.240000e+01 -3.149000e-01
1.242000e+01 -3.280000e-01
1.244000e+01 -3.410000e-01
1.246000e+01 -3.541000e-01
1.248000e+01 -3.672000e-01
1.250000e+01 -3.802000e-01
1.252000e+01 -3.933000e-01
1.254000e+01 -4.064000e-01
1.256000e+01 -4.194000e-01
1.258000e+01 -4.325000e-01
1.260000e+01 -4.456000e-01
1.262000e+01 -4.586000e-01
1.264000e+01 -4.717000e-01
1.266000e+01 -4.848000e-01
1.268000e+01 -4.978000e-01
1.270000e+01 -5.109000e-01
1.272000e+01 -5.240000e-01
1.274000e+01 -5.370000e-01
1.276000e+01 -5.501000e-01
1.278000e+01 -5.632000e-01
1.280000e+01 -5.762000e-01
1.282000e+01 -5.893000e-01
1.284000e+01 -6.023000e-01
1.286000e+01 -6.154000e-01
1.288000e+01 -6.284000e-01
1.290000e+01 -6.415000e-01
1.292000e+01 -6.545000e-01
1.294000e+01 -6.676000e-01
1.296000e+01 -6.806000e-01
1.298000e+01 -6.937000e-01
1.300000e+01 -7.067000e-01
1.302000e+01 -7.197000e-01
1.304000e+01 -7.328000e-01
1.306000e+01 -7.458000e-01
1.308000e+01 -7.588000e-01
1.310000e+01 -7.718000e-01
1.312000e+01 -7.848000e-01
1.314000e+01 -7.978000e-01
1.316000e+01 -8.108000e-01
1.318000e+01 -8.238000e-01
1.320000e+01 -8.368000e-01
1.322000e+01 -8.498000e-01
1.324000e+01 -8.628000e-01
1.326000e+01 -8.757000e-01
1.328000e+01 -8.887000e-01
1.330000e+01 -9.017000e-01
1.332000e+01 -9.146000e-01
1.334000e+01 -9.276000e-01
1.336000e+01 -9.405000e-01
1.338000e+01 -9.534000e-01
1.340000e+01 -9.664000e-01
1.342000e+01 -9.793000e-01
1.344000e+01 -9.922000e-01
1.346000e+01 -1.005100e+00
1.348000e+01 -1.018000e+00
1.350000e+01 -1.030900e+00
1.352000e+01 -1.043800e+00
1.354000e+01 -1.056700e+00
1.356000e+01 -1.069500e+00
1.358000e+01 -1.082400e+00
1.360000e+01 -1.095200e+00
1.362000e+01 -1.108100e+00
1.364000e+01 -1.120900e+00
1.366000e+01 -1.133700e+00
1.368000e+01 -1.146500e+00
1.370000e+01 -1.159400e+00
1.372000e+01 -1.172200e+00
1.374000e+01 -1.184900e+00
1.376000e+01 -1.197700e+00
1.378000e+01 -1.210500e+00
1.380000e+01 -1.223300e+00
1.382000e+01 -1.236000e+00
1.384000e+01 -1.248700e+00
1.386000e+01 -1.261500e+00
1.388000e+01 -1.274200e+00
1.390000e+01 -1.286900e+00
1.392000e+01 -1.299600e+00
1.394000e+01 -1.312300e+00
1.396000e+01 -1.325000e+00
1.398000e+01 -1.337700e+00
1.400000e+01 -1.350300e+00
1.402000e+01 -1.363000e+00
1.404000e+01 -1.375600e+00
1.406000e+01 -1.388300e+00
1.408000e+01 -1.400900e+00
1.410000e+01 -1.413500e+00
1.412000e+01 -1.426100e+00
1.414000e+01 -1.438700e+00
1.416000e+01 -1.451300e+00
1.418000e+01 -1.463800e+00
1.420000e+01 -1.476400e+00
1.422000e+01 -1.488900e+00
1.424000e+01 -1.501500e+00
1.426000e+01 -1.514000e+00
1.428000e+01 -1.526500e+00
1.430000e+01 -1.539000e+00
1.432000e+01 -1.551500e+00
1.434000e+01 -1.564000e+00
1.436000e+01 -1.576400e+00
1.438000e+01 -1.588900e+00
1.440000e+01 -1.601300e+00
1.442000e+01 -1.613700e+00
1.444000e+01 -1.626200e+00
1.446000e+01 -1.638600e+00
1.448000e+01 -1.651000e+00
1.450000e+01 -1.663300e+00
1.452000e+01 -1.675700e+00
1.454000e+01 -1.688100e+00
1.456000e+01 -1.700400e+00
1.458000e+01 -1.712800e+00
1.460000e+01 -1.725100e+00
1.462000e+01 -1.737400e+00
1.464000e+01 -1.749700e+00
1.466000e+01 -1.762000e+00
1.468000e+01 -1.774200e+00
1.470000e+01 -1.786500e+00
1.472000e+01 -1.798700e+00
1.474000e+01 -1.811000e+00
1.476000e+01 -1.823200e+00
1.478000e+01 -1.835400e+00
1.480000e+01 -1.847600e+00
1.482000e+01 -1.859700e+00
1.484000e+01 -1.871900e+00
1.486000e+01 -1.884000e+00
1.488000e+01 -1.896200e+00
1.490000e+01 -1.908300e+00
1.492000e+01 -1.920400e+00
1.494000e+01 -1.932500e+00
1.496000e+01 -1.944600e+00
1.498000e+01 -1.956600e+00
1.500000e+01 -1.968700e+00
1.502000e+01 -1.980700e+00
1.504000e+01 -1.992700e+00
1.506000e+01 -2.004800e+00
1.508000e+01 -2.016700e+00
1.510000e+01 -2.028700e+00
1.512000e+01 -2.040700e+00
1.514000e+01 -2.052600e+00
1.516000e+01 -2.064600e+00
1.518000e+01 -2.076500e+00
1.520000e+01 -2.088400e+00
1.522000e+01 -2.100300e+00
1.524000e+01 -2.112100e+00
1.526000e+01 -2.124000e+00
1.528000e+01 -2.135800e+00
1.530000e+01 -2.147600e+00
1.532000e+01 -2.159400e+00
1.534000e+01 -2.171200e+00
1.536000e+01 -2.183000e+00
1.538000e+01 -2.194800e+00
1.540000e+01 -2.206500e+00
1.542000e+01 -2.218200e+00
1.544000e+01 -2.229900e+00
1.546000e+01 -2.241600e+00
1.548000e+01 -2.253300e+00
1.550000e+01 -2.264900e+00
1.552000e+01 -2.276600e+00
1.554000e+01 -2.288200e+00
1.556000e+01 -2.299800e+00
1.558000e+01 -2.311400e+00
1.560000e+01 -2.323000e+00
1.562000e+01 -2.334500e+00
1.564000e+01 -2.346100e+00
1.566000e+01 -2.357600e+00
1.568000e+01 -2.369100e+00
1.570000e+01 -2.380600e+00
1.572000e+01 -2.392100e+00
1.574000e+01 -2.403500e+00
1.576000e+01 -2.414900e+00
1.578000e+01 -2.426400e+00
1.580000e+01 -2.437800e+00
1.582000e+01 -2.449100e+00
1.584000e+01 -2.460500e+00
1.586000e+01 -2.471800e+00
1.588000e+01 -2.483200e+00
1.590000e+01 -2.494500e+00
1.592000e+01 -2.505800e+00
1.594000e+01 -2.517000e+00
1.596000e+01 -2.528300e+00
1.598000e+01 -2.539500e+00
1.600000e+01 -2.550800e+00
1.602000e+01 -2.562000e+00
1.604000e+01 -2.573100e+00
1.606000e+01 -2.584300e+00
1.608000e+01 -2.595400e+00
1.610000e+01 -2.606600e+00
1.612000e+01 -2.617700e+00
1.614000e+01 -2.628800e+00
1.616000e+01 -2.639800e+00
1.618000e+01 -2.650900e+00
1.620000e+01 -2.661900e+00
1.622000e+01 -2.672900e+00
1.624000e+01 -2.683900e+00
1.626000e+01 -2.694900e+00
1.628000e+01 -2.705900e+00
1.630000e+01 -2.716800e+00
1.632000e+01 -2.727700e+00
1.634000e+01 -2.738600e+00
1.636000e+01 -2.749500e+00
1.638000e+01 -2.760400e+00
1.640000e+01 -2.771200e+00
1.642000e+01 -2.782000e+00
1.644000e+01 -2.792900e+00
1.646000e+01 -2.803600e+00
1.648000e+01 -2.814400e+00
1.650000e+01 -2.825200e+00
1.652000e+01 -2.835900e+00
1.654000e+01 -2.846600e+00
1.656000e+01 -2.857300e+00
1.658000e+01 -2.868000e+00
1.660000e+01 -2.878600e+00
1.662000e+01 -2.889200e+00
1.664000e+01 -2.899800e+00
1.666000e+01 -2.910400e+00
1.668000e+01 -2.921000e+00
1.670000e+01 -2.931600e+00
1.672000e+01 -2.942100e+00
1.674000e+01 -2.952600e+00
1.676000e+01 -2.963100e+00
1.678000e+01 -2.973600e+00
1.680000e+01 -2.984000e+00
1.682000e+01 -2.994400e+00
1.684000e+01 -3.004900e+00
1.686000e+01 -3.015200e+00
1.688000e+01 -3.025600e+00
1.690000e+01 -3.036000e+00
1.692000e+01 -3.046300e+00
1.694000e+01 -3.056600e+00
1.696000e+01 -3.066900e+00
1.698000e+01 -3.077200e+00
1.700000e+01 -3.087400e+00
1.702000e+01 -3.097600e+00
1.704000e+01 -3.107900e+00
1.706000e+01 -3.118000e+00
1.708000e+01 -3.128200e+00
1.710000e+01 -3.138400e+00
1.712000e+01 -3.148500e+00
1.714000e+01 -3.158600e+00
1.716000e+01 -3.168700e+00
1.718000e+01 -3.178700e+00
1.720000e+01 -3.188800e+00
1.722000e+01 -3.198800e+00
1.724000e+01 -3.208800e+00
1.726000e+01 -3.218800e+00
1.728000e+01 -3.228700e+00
1.730000e+01 -3.238700e+00
1.732000e+01 -3.248600e+00
1.734000e+01 -3.258500e+00
1.736000e+01 -3.268300e+00
1.738000e+01 -3.278200e+00
1.740000e+01 -3.288000e+00
1.742000e+01 -3.297800e+00
1.744000e+01 -3.307600e+00
1.746000e+01 -3.317400e+00
1.748000e+01 -3.327100e+00
1.750000e+01 -3.336800e+00
1.752000e+01 -3.346500e+00
1.754000e+01 -3.356200e+00
1.756000e+01 -3.365900e+00
1.758000e+01 -3.375500e+00
1.760000e+01 -3.385100e+00
1.762000e+01 -3.394700e+00
1.764000e+01 -3.404300e+00
1.766000e+01 -3.413800e+00
1.768000e+01 -3.423400e+00
1.770000e+01 -3.432900e+00
1.772000e+01 -3.442300e+00
1.774000e+01 -3.451800e+00
1.776000e+01 -3.461200e+00
1.778000e+01 -3.470700e+00
1.780000e+01 -3.480000e+00
1.782000e+01 -3.489400e+00
1.784000e+01 -3.498800e+00
1.786000e+01 -3.508100e+00
1.788000e+01 -3.517400e+00
1.790000e+01 -3.526700e+00
1.792000e+01 -3.535900e+00
1.794000e+01 -3.545100e+00
1.796000e+01 -3.554400e+00
1.798000e+01 -3.563500e+00
1.800000e+01 -3.572700e+00
1.802000e+01 -3.581800e+00
1.804000e+01 -3.591000e+00
1.806000e+01 -3.600000e+00
1.808000e+01 -3.609100e+00
1.810000e+01 -3.618200e+00
1.812000e+01 -3.627200e+00
1.814000e+01 -3.636200e+00
1.816000e+01 -3.645200e+00
1.818000e+01 -3.654100e+00
1.820000e+01 -3.663000e+00
1.822000e+01 -3.671900e+00
1.824000e+01 -3.680800e+00
1.826000e+01 -3.689700e+00
1.828000e+01 -3.698500e+00
1.830000e+01 -3.707300e+00
1.832000e+01 -3.716100e+00
1.834000e+01 -3.724800e+00
1.836000e+01 -3.733500e+00
1.838000e+01 -3.742300e+00
1.840000e+01 -3.750900e+00
1.842000e+01 -3.759600e+00
1.844000e+01 -3.768200e+00
1.846000e+01 -3.776800e+00
1.848000e+01 -3.785400e+00
1.850000e+01 -3.793900e+00
1.852000e+01 -3.802500e+00
1.854000e+01 -3.810900e+00
1.856000e+01 -3.819400e+00
1.858000e+01 -3.827900e+00
1.860000e+01 -3.836300e+00
1.862000e+01 -3.844700e+00
1.864000e+01 -3.853000e+00
1.866000e+01 -3.861400e+00
1.868000e+01 -3.869700e+00
1.870000e+01 -3.878000e+00
1.872000e+01 -3.886200e+00
1.874000e+01 -3.894400e+00
1.876000e+01 -3.902600e+00
1.878000e+01 -3.910800e+00
1.880000e+01 -3.919000e+00
1.882000e+01 -3.927100e+00
1.884000e+01 -3.935200e+00
1.886000e+01 -3.943200e+00
1.888000e+01 -3.951300e+00
1.890000e+01 -3.959300e+00
1.892000e+01 -3.967200e+00
1.894000e+01 -3.975200e+00
1.896000e+01 -3.983100e+00
1.898000e+01 -3.991000e+00
1.900000e+01 -3.998800e+00
1.902000e+01 -4.006700e+00
1.904000e+01 -4.014500e+00
1.906000e+01 -4.022200e+00
1.908000e+01 -4.030000e+00
1.910000e+01 -4.037700e+00
1.912000e+01 -4.045400e+00
1.914000e+01 -4.053000e+00
1.916000e+01 -4.060600e+00
1.918000e+01 -4.068200e+00
1.920000e+01 -4.075800e+00
1.922000e+01 -4.083300e+00
1.924000e+01 -4.090800e+00
1.926000e+01 -4.098300e+00
1.928000e+01 -4.105700e+00
1.930000e+01 -4.113100e+00
1.932000e+01 -4.120500e+00
1.934000e+01 -4.127900e+00
1.936000e+01 -4.135200e+00
1.938000e+01 -4.142500e+00
1.940000e+01 -4.149700e+00
1.942000e+01 -4.157000e+00
1.944000e+01 -4.164100e+00
1.946000e+01 -4.171300e+00
1.948000e+01 -4.178400e+00
1.950000e+01 -4.185500e+00
1.952000e+01 -4.192600e+00
1.954000e+01 -4.199600e+00
1.956000e+01 -4.206600e+00
1.958000e+01 -4.213600e+00
1.960000e+01 -4.220600e+00
1.962000e+01 -4.227500e+00
1.964000e+01 -4.234400e+00
1.966000e+01 -4.241200e+00
1.968000e+01 -4.248000e+00
1.970000e+01 -4.254800e+00
1.972000e+01 -4.261600e+00
1.974000e+01 -4.268300e+00
1.976000e+01 -4.275000e+00
1.978000e+01 -4.281600e+00
1.980000e+01 -4.288200e+00
1.982000e+01 -4.294800e+00
1.984000e+01 -4.301400e+00
1.986000e+01 -4.307900e+00
1.988000e+01 -4.314400e+00
1.990000e+01 -4.320900e+00
1.992000e+01 -4.327300e+00
1.994000e+01 -4.333700e+00
1.996000e+01 -4.340100e+00
1.998000e+01 -4.346500e+00
2.000000e+01 -4.352800e+00
2.002000e+01 -4.359000e+00
2.004000e+01 -4.365300e+00
2.006000e+01 -4.371500e+00
2.008000e+01 -4.377700e+00
2.010000e+01 -4.383800e+00
2.012000e+01 -4.390000e+00
2.014000e+01 -4.396100e+00
2.016000e+01 -4.402100e+00
2.018000e+01 -4.408100e+00
2.020000e+01 -4.414100e+00
2.022000e+01 -4.420100e+00
2.024000e+01 -4.426000e+00
2.026000e+01 -4.431900e+00
2.028000e+01 -4.437800e+00
2.030000e+01 -4.443600e+00
2.032000e+01 -4.449400e+00
2.034000e+01 -4.455200e+00
2.036000e+01 -4.461000e+00
2.038000e+01 -4.466700e+00
2.040000e+01 -4.472300e+00
2.042000e+01 -4.478000e+00
2.044000e+01 -4.483600e+00
2.046000e+01 -4.489200e+00
2.048000e+01 -4.494800e+00
2.050000e+01 -4.500300e+00
2.052000e+01 -4.505800e+00
2.054000e+01 -4.511300e+00
2.056000e+01 -4.516700e+00
2.058000e+01 -4.522100e+00
2.060000e+01 -4.527500e+00
2.062000e+01 -4.532800e+00
2.064000e+01 -4.538100e+00
2.066000e+01 -4.543400e+00
2.068000e+01 -4.548600e+00
2.070000e+01 -4.553900e+00
2.072000e+01 -4.559100e+00
2.074000e+01 -4.564200e+00
2.076000e+01 -4.569300e+00
2.078000e+01 -4.574400e+00
2.080000e+01 -4.579500e+00
2.082000e+01 -4.584500e+00
2.084000e+01 -4.589600e+00
2.086000e+01 -4.594500e+00
2.088000e+01 -4.599500e+00
2.090000e+01 -4.604400e+00
2.092000e+01 -4.609300e+00
2.094000e+01 -4.614100e+00
2.096000e+01 -4.619000e+00
2.098000e+01 -4.623800e+00
2.100000e+01 -4.628500e+00
2.102000e+01 -4.633300e+00
2.104000e+01 -4.638000e+00
2.106000e+01 -4.642600e+00
2.108000e+01 -4.647300e+00
2.110000e+01 -4.651900e+00
2.112000e+01 -4.656500e+00
2.114000e+01 -4.661000e+00
2.116000e+01 -4.665600e+00
2.118000e+01 -4.670100e+00
2.120000e+01 -4.674500e+00
2.122000e+01 -4.679000e+00
2.124000e+01 -4.683400e+00
2.126000e+01 -4.687700e+00
2.128000e+01 -4.692100e+00
2.130000e+01 -4.696400e+00
2.132000e+01 -4.700700e+00
2.134000e+01 -4.704900e+00
2.136000e+01 -4.709200e+00
2.138000e+01 -4.713300e+00
2.140000e+01 -4.717500e+00
2.142000e+01 -4.721600e+00
2.144000e+01 -4.725700e+00
2.146000e+01 -4.729800e+00
2.148000e+01 -4.733800e+00
2.150000e+01 -4.737900e+00
2.152000e+01 -4.741800e+00
2.154000e+01 -4.745800e+00
2.156000e+01 -4.749700e+00
2.158000e+01 -4.753600e+00
2.160000e+01 -4.757400e+00
2.162000e+01 -4.761200e+00
2.164000e+01 -4.765000e+00
2.166000e+01 -4.768800e+00
2.168000e+01 -4.772500e+00
2.170000e+01 -4.776200e+00
2.172000e+01 -4.779900e+00
2.174000e+01 -4.783500e+00
2.176000e+01 -4.787100e+00
2.178000e+01 -4.790700e+00
2.180000e+01 -4.794200e+00
2.182000e+01 -4.797700e+00
2.184000e+01 -4.801200e+00
2.186000e+01 -4.804600e+00
2.188000e+01 -4.808000e+00
2.190000e+01 -4.811400e+00
2.192000e+01 -4.814700e+00
2.194000e+01 -4.818000e+00
2.196000e+01 -4.821300e+00
2.198000e+01 -4.824600e+00
2.200000e+01 -4.827800e+00
2.202000e+01 -4.830900e+00
2.204000e+01 -4.834100e+00
2.206000e+01 -4.837200e+00
2.208000e+01 -4.840300e+00
2.210000e+01 -4.843300e+00
2.212000e+01 -4.846300e+00
2.214000e+01 -4.849300e+00
2.216000e+01 -4.852200e+00
2.218000e+01 -4.855100e+00
2.220000e+01 -4.858000e+00
2.222000e+01 -4.860900e+00
2.224000e+01 -4.863700e+00
2.226000e+01 -4.866400e+00
2.228000e+01 -4.869200e+00
2.230000e+01 -4.871900e+00
2.232000e+01 -4.874500e+00
2.234000e+01 -4.877200e+00
2.236000e+01 -4.879800e+00
2.238000e+01 -4.882300e+00
2.240000e+01 -4.884900e+00
2.242000e+01 -4.887400e+00
2.244000e+01 -4.889800e+00
2.246000e+01 -4.892200e+00
2.248000e+01 -4.894600e+00
2.250000e+01 -4.897000e+00
2.252000e+01 -4.899300e+00
2.254000e+01 -4.901600e+00
2.256000e+01 -4.903800e+00
2.258000e+01 -4.906000e+00
2.260000e+01 -4.908200e+00
2.262000e+01 -4.910300e+00
2.264000e+01 -4.912500e+00
2.266000e+01 -4.914500e+00
2.268000e+01 -4.916600e+00
2.270000e+01 -4.918600e+00
2.272000e+01 -4.920500e+00
2.274000e+01 -4.922400e+00
2.276000e+01 -4.924300e+00
2.278000e+01 -4.926200e+00
2.280000e+01 -4.928000e+00
2.282000e+01 -4.929800e+00
2.284000e+01 -4.931500e+00
2.286000e+01 -4.933300e+00
2.288000e+01 -4.934900e+00
2.290000e+01 -4.936600e+00
2.292000e+01 -4.938200e+00
2.294000e+01 -4.939700e+00
2.296000e+01 -4.941300e+00
2.298000e+01 -4.942800e+00
2.300000e+01 -4.944200e+00
2.302000e+01 -4.945700e+00
2.304000e+01 -4.947100e+00
2.306000e+01 -4.948400e+00
2.308000e+01 -4.949700e+00
2.310000e+01 -4.951000e+00
2.312000e+01 -4.952300e+00
2.314000e+01 -4.953500e+00
2.316000e+01 -4.954600e+00
2.318000e+01 -4.955800e+00
2.320000e+01 -4.956900e+00
2.322000e+01 -4.958000e+00
2.324000e+01 -4.959000e+00
2.326000e+01 -4.960000e+00
2.328000e+01 -4.961000e+00
2.330000e+01 -4.961900e+00
2.332000e+01 -4.962800e+00
2.334000e+01 -4.963600e+00
2.336000e+01 -4.964500e+00
2.338000e+01 -4.965200e+00
2.340000e+01 -4.966000e+00
2.342000e+01 -4.966700e+00
2.344000e+01 -4.967400e+00
2.346000e+01 -4.968000e+00
2.348000e+01 -4.968700e+00
2.350000e+01 -4.969200e+00
2.352000e+01 -4.969800e+00
2.354000e+01 -4.970300e+00
2.356000e+01 -4.970800e+00
2.358000e+01 -4.971200e+00
2.360000e+01 -4.971600e+00
2.362000e+01 -4.972000e+00
2.364000e+01 -4.972300e+00
2.366000e+01 -4.972600e+00
2.368000e+01 -4.972900e+00
2.370000e+01 -4.973100e+00
2.372000e+01 -4.973300e+00
2.374000e+01 -4.973500e+00
2.376000e+01 -4.973600e+00
2.378000e+01 -4.973700e+00
2.380000e+01 -4.973700e+00
2.382000e+01 -4.973800e+00
2.384000e+01 -4.973800e+00
2.386000e+01 -4.973700e+00
2.388000e+01 -4.973600e+00
2.390000e+01 -4.973500e+00
2.392000e+01 -4.973400e+00
2.394000e+01 -4.973200e+00
2.396000e+01 -4.973000e+00
2.398000e+01 -4.972800e+00
2.400000e+01 -4.972500e+00
2.402000e+01 -4.972200e+00
2.404000e+01 -4.971800e+00
2.406000e+01 -4.971400e+00
2.408000e+01 -4.971000e+00
2.410000e+01 -4.970600e+00
2.412000e+01 -4.970100e+00
2.414000e+01 -4.969600e+00
2.416000e+01 -4.969000e+00
2.418000e+01 -4.968400e+00
2.420000e+01 -4.967800e+00
2.422000e+01 -4.967200e+00
2.424000e+01 -4.966500e+00
2.426000e+01 -4.965800e+00
2.428000e+01 -4.965000e+00
2.430000e+01 -4.964300e+00
2.432000e+01 -4.963400e+00
2.434000e+01 -4.962600e+00
2.436000e+01 -4.961700e+00
2.438000e+01 -4.960800e+00
2.440000e+01 -4.959800e+00
2.442000e+01 -4.958900e+00
2.444000e+01 -4.957800e+00
2.446000e+01 -4.956800e+00
2.448000e+01 -4.955700e+00
2.450000e+01 -4.954600e+00
2.452000e+01 -4.953400e+00
2.454000e+01 -4.952200e+00
2.456000e+01 -4.951000e+00
2.458000e+01 -4.949800e+00
2.460000e+01 -4.948500e+00
2.462000e+01 -4.947200e+00
2.464000e+01 -4.945800e+00
2.466000e+01 -4.944400e+00
2.468000e+01 -4.943000e+00
2.470000e+01 -4.941500e+00
2.472000e+01 -4.940000e+00
2.474000e+01 -4.938500e+00
2.476000e+01 -4.937000e+00
2.478000e+01 -4.935400e+00
2.480000e+01 -4.933700e+00
2.482000e+01 -4.932100e+00
2.484000e+01 -4.930400e+00
2.486000e+01 -4.928700e+00
2.488000e+01 -4.926900e+00
2.490000e+01 -4.925100e+00
2.492000e+01 -4.923300e+00
2.494000e+01 -4.921400e+00
2.496000e+01 -4.919500e+00
2.498000e+01 -4.917600e+00
2.500000e+01 -4.915600e+00
2.502000e+01 -4.913600e+00
2.504000e+01 -4.911600e+00
2.506000e+01 -4.909500e+00
2.508000e+01 -4.907400e+00
2.510000e+01 -4.905200e+00
2.512000e+01 -4.903100e+00
2.514000e+01 -4.900800e+00
2.516000e+01 -4.898600e+00
2.518000e+01 -4.896300e+00
2.520000e+01 -4.894000e+00
2.522000e+01 -4.891700e+00
2.524000e+01 -4.889300e+00
2.526000e+01 -4.886900e+00
2.528000e+01 -4.884400e+00
2.530000e+01 -4.881900e+00
2.532000e+01 -4.879400e+00
2.534000e+01 -4.876900e+00
2.536000e+01 -4.874300e+00
2.538000e+01 -4.871600e+00
2.540000e+01 -4.869000e+00
2.542000e+01 -4.866300e+00
2.544000e+01 -4.863600e+00
2.546000e+01 -4.860800e+00
2.548000e+01 -4.858000e+00
2.550000e+01 -4.855200e+00
2.552000e+01 -4.852300e+00
2.554000e+01 -4.849400e+00
2.556000e+01 -4.846500e+00
2.558000e+01 -4.843500e+00
2.560000e+01 -4.840500e+00
2.562000e+01 -4.837500e+00
2.564000e+01 -4.834400e+00
2.566000e+01 -4.831300e+00
2.568000e+01 -4.828100e+00
2.570000e+01 -4.825000e+00
2.572000e+01 -4.821800e+00
2.574000e+01 -4.818500e+00
2.576000e+01 -4.815200e+00
2.578000e+01 -4.811900e+00
2.580000e+01 -4.808600e+00
2.582000e+01 -4.805200e+00
2.584000e+01 -4.801800e+00
2.586000e+01 -4.798400e+00
2.588000e+01 -4.794900e+00
2.590000e+01 -4.791400e+00
2.592000e+01 -4.787800e+00
2.594000e+01 -4.784200e+00
2.596000e+01 -4.780600e+00
2.598000e+01 -4.777000e+00
2.600000e+01 -4.773300e+00
2.602000e+01 -4.769600e+00
2.604000e+01 -4.765800e+00
2.606000e+01 -4.762100e+00
2.608000e+01 -4.758300e+00
2.610000e+01 -4.754400e+00
2.612000e+01 -4.750500e+00
2.614000e+01 -4.746600e+00
2.616000e+01 -4.742700e+00
2.618000e+01 -4.738700e+00
2.620000e+01 -4.734700e+00
2.622000e+01 -4.730600e+00
2.624000e+01 -4.726600e+00
2.626000e+01 -4.722500e+00
2.628000e+01 -4.718300e+00
2.630000e+01 -4.714200e+00
2.632000e+01 -4.710000e+00
2.634000e+01 -4.705700e+00
2.636000e+01 -4.701500e+00
2.638000e+01 -4.697200e+00
2.640000e+01 -4.692800e+00
2.642000e+01 -4.688500e+00
2.644000e+01 -4.684100e+00
2.646000e+01 -4.679600e+00
2.648000e+01 -4.675200e+00
2.650000e+01 -4.670700e+00
2.652000e+01 -4.666200e+00
2.654000e+01 -4.661600e+00
2.656000e+01 -4.657000e+00
2.658000e+01 -4.652400e+00
2.660000e+01 -4.647800e+00
2.662000e+01 -4.643100e+00
2.664000e+01 -4.638400e+00
2.666000e+01 -4.633600e+00
2.668000e+01 -4.628900e+00
2.670000e+01 -4.624000e+00
2.672000e+01 -4.619200e+00
2.674000e+01 -4.614300e+00
2.676000e+01 -4.609400e+00
2.678000e+01 -4.604500e+00
2.680000e+01 -4.599600e+00
2.682000e+01 -4.594600e+00
2.684000e+01 -4.589500e+00
2.686000e+01 -4.584500e+00
2.688000e+01 -4.579400e+00
2.690000e+01 -4.574300e+00
2.692000e+01 -4.569200e+00
2.694000e+01 -4.564000e+00
2.696000e+01 -4.558800e+00
2.698000e+01 -4.553500e+00
2.700000e+01 -4.548300e+00
2.702000e+01 -4.543000e+00
2.704000e+01 -4.537600e+00
2.706000e+01 -4.532300e+00
2.708000e+01 -4.526900e+00
2.710000e+01 -4.521500e+00
2.712000e+01 -4.516000e+00
2.714000e+01 -4.510500e+00
2.716000e+01 -4.505000e+00
2.718000e+01 -4.499500e+00
2.720000e+01 -4.493900e+00
2.722000e+01 -4.488300e+00
2.724000e+01 -4.482700e+00
2.726000e+01 -4.477000e+00
2.728000e+01 -4.471300e+00
2.730000e+01 -4.465600e+00
2.732000e+01 -4.459800e+00
2.734000e+01 -4.454100e+00
2.736000e+01 -4.448200e+00
2.738000e+01 -4.442400e+00
2.740000e+01 -4.436500e+00
2.742000e+01 -4.430600e+00
2.744000e+01 -4.424700e+00
2.746000e+01 -4.418700e+00
2.748000e+01 -4.412700e+00
2.750000e+01 -4.406700e+00
2.752000e+01 -4.400600e+00
2.754000e+01 -4.394500e+00
2.756000e+01 -4.388400e+00
2.758000e+01 -4.382300e+00
2.760000e+01 -4.376100e+00
2.762000e+01 -4.369900e+00
2.764000e+01 -4.363600e+00
2.766000e+01 -4.357400e+00
2.768000e+01 -4.351100e+00
2.770000e+01 -4.344700e+00
2.772000e+01 -4.338400e+00
2.774000e+01 -4.332000e+00
2.776000e+01 -4.325500e+00
2.778000e+01 -4.319100e+00
2.780000e+01 -4.312600e+00
2.782000e+01 -4.306100e+00
2.784000e+01 -4.299500e+00
2.786000e+01 -4.293000e+00
2.788000e+01 -4.286400e+00
2.790000e+01 -4.279700e+00
2.792000e+01 -4.273100e+00
2.794000e+01 -4.266400e+00
2.796000e+01 -4.259600e+00
2.798000e+01 -4.252900e+00
2.800000e+01 -4.246100e+00
2.802000e+01 -4.239300e+00
2.804000e+01 -4.232400e+00
2.806000e+01 -4.225600e+00
2.808000e+01 -4.218700e+00
2.810000e+01 -4.211700e+00
2.812000e+01 -4.204800e+00
2.814000e+01 -4.197800e+00
2.816000e+01 -4.190700e+00
2.818000e+01 -4.183700e+00
2.820000e+01 -4.176600e+00
2.822000e+01 -4.169500e+00
2.824000e+01 -4.162300e+00
2.826000e+01 -4.155100e+00
2.828000e+01 -4.147900e+00
2.830000e+01 -4.140700e+00
2.832000e+01 -4.133400e+00
2.834000e+01 -4.126200e+00
2.836000e+01 -4.118800e+00
2.838000e+01 -4.111500e+00
2.840000e+01 -4.104100e+00
2.842000e+01 -4.096700e+00
2.844000e+01 -4.089200e+00
2.846000e+01 -4.081800e+00
2.848000e+01 -4.074300e+00
2.850000e+01 -4.066700e+00
2.852000e+01 -4.059200e+00
2.854000e+01 -4.051600e+00
2.856000e+01 -4.044000e+00
2.858000e+01 -4.036300e+00
2.860000e+01 -4.028700e+00
2.862000e+01 -4.021000e+00
2.864000e+01 -4.013200e+00
2.866000e+01 -4.005500e+00
2.868000e+01 -3.997700e+00
2.870000e+01 -3.989900e+00
2.872000e+01 -3.982000e+00
2.874000e+01 -3.974100e+00
2.876000e+01 -3.966200e+00
2.878000e+01 -3.958300e+00
2.880000e+01 -3.950300e+00
2.882000e+01 -3.942300e+00
2.884000e+01 -3.934300e+00
2.886000e+01 -3.926300e+00
2.888000e+01 -3.918200e+00
2.890000e+01 -3.910100e+00
2.892000e+01 -3.902000e+00
2.894000e+01 -3.893800e+00
2.896000e+01 -3.885600e+00
2.898000e+01 -3.877400e+00
2.900000e+01 -3.869200e+00
2.902000e+01 -3.860900e+00
2.904000e+01 -3.852600e+00
2.906000e+01 -3.844300e+00
2.908000e+01 -3.836000e+00
2.910000e+01 -3.827600e+00
2.912000e+01 -3.819200e+00
2.914000e+01 -3.810700e+00
2.916000e+01 -3.802300e+00
2.918000e+01 -3.793800e+00
2.920000e+01 -3.785300e+00
2.922000e+01 -3.776800e+00
2.924000e+01 -3.768200e+00
2.926000e+01 -3.759600e+00
2.928000e+01 -3.751000e+00
2.930000e+01 -3.742300e+00
2.932000e+01 -3.733700e+00
2.934000e+01 -3.725000e+00
2.936000e+01 -3.716300e+00
2.938000e+01 -3.707500e+00
2.940000e+01 -3.698700e+00
2.942000e+01 -3.689900e+00
2.944000e+01 -3.681100e+00
2.946000e+01 -3.672300e+00
2.948000e+01 -3.663400e+00
2.950000e+01 -3.654500e+00
2.952000e+01 -3.645600e+00
2.954000e+01 -3.636600e+00
2.956000e+01 -3.627600e+00
2.958000e+01 -3.618600e+00
2.960000e+01 -3.609600e+00
2.962000e+01 -3.600600e+00
2.964000e+01 -3.591500e+00
2.966000e+01 -3.582400e+00
2.968000e+01 -3.573300e+00
2.970000e+01 -3.564100e+00
2.972000e+01 -3.555000e+00
2.974000e+01 -3.545800e+00
2.976000e+01 -3.536500e+00
2.978000e+01 -3.527300e+00
2.980000e+01 -3.518000e+00
2.982000e+01 -3.508700e+00
2.984000e+01 -3.499400e+00
2.986000e+01 -3.490100e+00
2.988000e+01 -3.480700e+00
2.990000e+01 -3.471300e+00
2.992000e+01 -3.461900e+00
2.994000e+01 -3.452500e+00
2.996000e+01 -3.443000e+00
2.998000e+01 -3.433600e+00
3.000000e+01 -3.424100e+00
3.002000e+01 -3.414500e+00
3.004000e+01 -3.405000e+00
3.006000e+01 -3.395400e+00
3.008000e+01 -3.385800e+00
3.010000e+01 -3.376200e+00
3.012000e+01 -3.366600e+00
3.014000e+01 -3.356900e+00
3.016000e+01 -3.347300e+00
3.018000e+01 -3.337600e+00
3.020000e+01 -3.327800e+00
3.022000e+01 -3.318100e+00
3.024000e+01 -3.308300e+00
3.026000e+01 -3.298500e+00
3.028000e+01 -3.288700e+00
3.030000e+01 -3.278900e+00
3.032000e+01 -3.269000e+00
3.034000e+01 -3.259200e+00
3.036000e+01 -3.249300e+00
3.038000e+01 -3.239300e+00
3.040000e+01 -3.229400e+00
3.042000e+01 -3.219500e+00
3.044000e+01 -3.209500e+00
3.046000e+01 -3.199500e+00
3.048000e+01 -3.189400e+00
3.050000e+01 -3.179400e+00
3.052000e+01 -3.169300e+00
3.054000e+01 -3.159200e+00
3.056000e+01 -3.149100e+00
3.058000e+01 -3.139000e+00
3.060000e+01 -3.128900e+00
3.062000e+01 -3.118700e+00
3.064000e+01 -3.108500e+00
3.066000e+01 -3.098300e+00
3.068000e+01 -3.088100e+00
3.070000e+01 -3.077800e+00
3.072000e+01 -3.067500e+00
3.074000e+01 -3.057300e+00
3.076000e+01 -3.046900e+00
3.078000e+01 -3.036600e+00
3.080000e+01 -3.026300e+00
3.082000e+01 -3.015900e+00
3.084000e+01 -3.005500e+00
3.086000e+01 -2.995100e+00
3.088000e+01 -2.984700e+00
3.090000e+01 -2.974200e+00
3.092000e+01 -2.963700e+00
3.094000e+01 -2.953200e+00
3.096000e+01 -2.942700e+00
3.098000e+01 -2.932200e+00
3.100000e+01 -2.921600e+00
3.102000e+01 -2.911100e+00
3.104000e+01 -2.900500e+00
3.106000e+01 -2.889900e+00
3.108000e+01 -2.879200e+00
3.110000e+01 -2.868600e+00
3.112000e+01 -2.857900e+00
3.114000e+01 -2.847200e+00
3.116000e+01 -2.836500e+00
3.118000e+01 -2.825800e+00
3.120000e+01 -2.815000e+00
3.122000e+01 -2.804200e+00
3.124000e+01 -2.793400e+00
3.126000e+01 -2.782600e+00
3.128000e+01 -2.771800e+00
3.130000e+01 -2.760900e+00
3.132000e+01 -2.750100e+00
3.134000e+01 -2.739200e+00
3.136000e+01 -2.728300e+00
3.138000e+01 -2.717300e+00
3.140000e+01 -2.706400e+00
3.142000e+01 -2.695400e+00
3.144000e+01 -2.684400e+00
3.146000e+01 -2.673400e+00
3.148000e+01 -2.662400e+00
3.150000e+01 -2.651400e+00
3.152000e+01 -2.640300e+00
3.154000e+01 -2.629200e+00
3.156000e+01 -2.618100e+00
3.158000e+01 -2.607000e+00
3.160000e+01 -2.595800e+00
3.162000e+01 -2.584700e+00
3.164000e+01 -2.573500e+00
3.166000e+01 -2.562300e+00
3.168000e+01 -2.551100e+00
3.170000e+01 -2.539800e+00
3.172000e+01 -2.528600e+00
3.174000e+01 -2.517300e+00
3.176000e+01 -2.506000e+00
3.178000e+01 -2.494700e+00
3.180000e+01 -2.483400e+00
3.182000e+01 -2.472000e+00
3.184000e+01 -2.460700e+00
3.186000e+01 -2.449300e+00
3.188000e+01 -2.437900e+00
3.190000e+01 -2.426500e+00
3.192000e+01 -2.415000e+00
3.194000e+01 -2.403600e+00
3.196000e+01 -2.392100e+00
3.198000e+01 -2.380600e+00
3.200000e+01 -2.369100e+00
3.202000e+01 -2.357500e+00
3.204000e+01 -2.346000e+00
3.206000e+01 -2.334400e+00
3.208000e+01 -2.322900e+00
3.210000e+01 -2.311300e+00
3.212000e+01 -2.299600e+00
3.214000e+01 -2.288000e+00
3.216000e+01 -2.276400e+00
3.218000e+01 -2.264700e+00
3.220000e+01 -2.253000e+00
3.222000e+01 -2.241300e+00
3.224000e+01 -2.229600e+00
3.226000e+01 -2.217900e+00
3.228000e+01 -2.206100e+00
3.230000e+01 -2.194400e+00
3.232000e+01 -2.182600e+00
3.234000e+01 -2.170800e+00
3.236000e+01 -2.159000e+00
3.238000e+01 -2.147100e+00
3.240000e+01 -2.135300e+00
3.242000e+01 -2.123400e+00
3.244000e+01 -2.111600e+00
3.246000e+01 -2.099700e+00
3.248000e+01 -2.087800e+00
3.250000e+01 -2.075900e+00
3.252000e+01 -2.063900e+00
3.254000e+01 -2.052000e+00
3.256000e+01 -2.040000e+00
3.258000e+01 -2.028100e+00
3.260000e+01 -2.016100e+00
3.262000e+01 -2.004100e+00
3.264000e+01 -1.992100e+00
3.266000e+01 -1.980000e+00
3.268000e+01 -1.968000e+00
3.270000e+01 -1.955900e+00
3.272000e+01 -1.943900e+00
3.274000e+01 -1.931800e+00
3.276000e+01 -1.919700e+00
3.278000e+01 -1.907600e+00
3.280000e+01 -1.895400e+00
3.282000e+01 -1.883300e+00
3.284000e+01 -1.871200e+00
3.286000e+01 -1.859000e+00
3.288000e+01 -1.846800e+00
3.290000e+01 -1.834600e+00
3.292000e+01 -1.822400e+00
3.294000e+01 -1.810200e+00
3.296000e+01 -1.798000e+00
3.298000e+01 -1.785800e+00
3.300000e+01 -1.773500e+00
3.302000e+01 -1.761300e+00
3.304000e+01 -1.749000e+00
3.306000e+01 -1.736700e+00
3.308000e+01 -1.724500e+00
3.310000e+01 -1.712200e+00
3.312000e+01 -1.699800e+00
3.314000e+01 -1.687500e+00
3.316000e+01 -1.675200e+00
3.318000e+01 -1.662800e+00
3.320000e+01 -1.650500e+00
3.322000e+01 -1.638100e+00
3.324000e+01 -1.625800e+00
3.326000e+01 -1.613400e+00
3.328000e+01 -1.601000e+00
3.330000e+01 -1.588600e+00
3.332000e+01 -1.576200e+00
3.334000e+01 -1.563700e+00
3.336000e+01 -1.551300e+00
3.338000e+01 -1.538900e+00
3.340000e+01 -1.526400e+00
3.342000e+01 -1.513900e+00
3.344000e+01 -1.501500e+00
3.346000e+01 -1.489000e+00
3.348000e+01 -1.476500e+00
3.350000e+01 -1.464000e+00
3.352000e+01 -1.451500e+00
3.354000e+01 -1.439000e+00
3.356000e+01 -1.426400e+00
3.358000e+01 -1.413900e+00
3.360000e+01 -1.401300e+00
3.362000e+01 -1.388800e+00
3.364000e+01 -1.376200e+00
3.366000e+01 -1.363600e+00
3.368000e+01 -1.351100e+00
3.370000e+01 -1.338500e+00
3.372000e+01 -1.325900e+00
3.374000e+01 -1.313300e+00
3.376000e+01 -1.300600e+00
3.378000e+01 -1.288000e+00
3.380000e+01 -1.275400e+00
3.382000e+01 -1.262700e+00
3.384000e+01 -1.250100e+00
3.386000e+01 -1.237400e+00
3.388000e+01 -1.224800e+00
3.390000e+01 -1.212100e+00
3.392000e+01 -1.199400e+00
3.394000e+01 -1.186700e+00
3.396000e+01 -1.174000e+00
3.398000e+01 -1.161300e+00
3.400000e+01 -1.148600e+00
3.402000e+01 -1.135900e+00
3.404000e+01 -1.123100e+00
3.406000e+01 -1.110400e+00
3.408000e+01 -1.097700e+00
3.410000e+01 -1.084900e+00
3.412000e+01 -1.072100e+00
3.414000e+01 -1.059400e+00
3.416000e+01 -1.046600e+00
3.418000e+01 -1.033800e+00
3.420000e+01 -1.021000e+00
3.422000e+01 -1.008200e+00
3.424000e+01 -9.954000e-01
3.426000e+01 -9.826000e-01
3.428000e+01 -9.698000e-01
3.430000e+01 -9.570000e-01
3.432000e+01 -9.441000e-01
3.434000e+01 -9.313000e-01
3.436000e+01 -9.185000e-01
3.438000e+01 -9.056000e-01
3.440000e+01 -8.927000e-01
3.442000e+01 -8.799000e-01
3.444000e+01 -8.670000e-01
3.446000e+01 -8.541000e-01
3.448000e+01 -8.412000e-01
3.450000e+01 -8.283000e-01
3.452000e+01 -8.154000e-01
3.454000e+01 -8.025000e-01
3.456000e+01 -7.896000e-01
3.458000e+01 -7.767000e-01
3.460000e+01 -7.638000e-01
3.462000e+01 -7.508000e-01
3.464000e+01 -7.379000e-01
3.466000e+01 -7.250000e-01
3.468000e+01 -7.120000e-01
3.470000e+01 -6.991000e-01
3.472000e+01 -6.861000e-01
3.474000e+01 -6.731000e-01
3.476000e+01 -6.602000e-01
3.478000e+01 -6.472000e-01
3.480000e+01 -6.342000e-01
3.482000e+01 -6.212000e-01
3.484000e+01 -6.082000e-01
3.486000e+01 -5.952000e-01
3.488000e+01 -5.822000e-01
3.490000e+01 -5.692000e-01
3.492000e+01 -5.562000e-01
3.494000e+01 -5.432000e-01
3.496000e+01 -5.302000e-01
3.498000e+01 -5.172000e-01
3.500000e+01 -5.041000e-01
3.502000e+01 -4.911000e-01
3.504000e+01 -4.781000e-01
3.506000e+01 -4.650000e-01
3.508000e+01 -4.520000e-01
3.510000e+01 -4.389000e-01
3.512000e+01 -4.259000e-01
3.514000e+01 -4.128000e-01
3.516000e+01 -3.998000e-01
3.518000e+01 -3.867000e-01
3.520000e+01 -3.736000e-01
3.522000e+01 -3.606000e-01
3.524000e+01 -3.475000e-01
3.526000e+01 -3.344000e-01
3.528000e+01 -3.213000e-01
3.530000e+01 -3.083000e-01
3.532000e+01 -2.952000e-01
3.534000e+01 -2.821000e-01
3.536000e+01 -2.690000e-01
3.538000e+01 -2.559000e-01
3.540000e+01 -2.428000e-01
3.542000e+01 -2.297000e-01
3.544000e+01 -2.166000e-01
3.546000e+01 -2.035000e-01
3.548000e+01 -1.905000e-01
3.550000e+01 -1.774000e-01
3.552000e+01 -1.643000e-01
3.554000e+01 -1.512000e-01
3.556000e+01 -1.381000e-01
3.558000e+01 -1.250000e-01
3.560000e+01 -1.118000e-01
3.562000e+01 -9.870000e-02
3.564000e+01 -8.560000e-02
3.566000e+01 -7.250000e-02
3.568000e+01 -5.940000e-02
3.570000e+01 -4.630000e-02
3.572000e+01 -3.320000e-02
3.574000e+01 -2.010000e-02
3.576000e+01 -7.000000e-03
3.578000e+01 6.100000e-03
3.580000e+01 1.920000e-02
3.582000e+01 3.230000e-02
3.584000e+01 4.540000e-02
3.586000e+01 5.850000e-02
3.588000e+01 7.160000e-02
3.590000e+01 8.470000e-02
3.592000e+01 9.780000e-02
3.594000e+01 1.109000e-01
3.596000e+01 1.240000e-01
3.598000e+01 1.370000e-01
3.600000e+01 1.501000e-01
3.602000e+01 1.632000e-01
3.604000e+01 1.763000e-01
3.606000e+01 1.894000e-01
3.608000e+01 2.025000e-01
3.610000e+01 2.156000e-01
3.612000e+01 2.286000e-01
3.614000e+01 2.417000e-01
3.616000e+01 2.548000e-01
3.618000e+01 2.678000e-01
3.620000e+01 2.809000e-01
3.622000e+01 2.940000e-01
3.624000e+01 3.070000e-01
3.626000e+01 3.201000e-01
3.628000e+01 3.331000e-01
3.630000e+01 3.462000e-01
3.632000e+01 3.592000e-01
3.634000e+01 3.723000e-01
3.636000e+01 3.853000e-01
3.638000e+01 3.983000e-01
3.640000e+01 4.114000e-01
3.642000e+01 4.244000e-01
3.644000e+01 4.374000e-01
3.646000e+01 4.505000e-01
3.648000e+01 4.635000e-01
3.650000e+01 4.765000e-01
3.652000e+01 4.895000e-01
3.654000e+01 5.025000e-01
3.656000e+01 5.155000e-01
3.658000e+01 5.285000e-01
3.660000e+01 5.415000e-01
3.662000e+01 5.545000e-01
3.664000e+01 5.675000e-01
3.666000e+01 5.804000e-01
3.668000e+01 5.934000e-01
3.670000e+01 6.064000e-01
3.672000e+01 6.193000e-01
3.674000e+01 6.323000e-01
3.676000e+01 6.453000e-01
3.678000e+01 6.582000e-01
3.680000e+01 6.712000e-01
3.682000e+01 6.841000e-01
3.684000e+01 6.970000e-01
3.686000e+01 7.100000e-01
3.688000e+01 7.229000e-01
3.690000e+01 7.358000e-01
3.692000e+01 7.487000e-01
3.694000e+01 7.617000e-01
3.696000e+01 7.746000e-01
3.698000e+01 7.875000e-01
3.700000e+01 8.004000e-01
3.702000e+01 8.133000e-01
3.704000e+01 8.261000e-01
3.706000e+01 8.390000e-01
3.708000e+01 8.519000e-01
3.710000e+01 8.648000e-01
3.712000e+01 8.776000e-01
3.714000e+01 8.905000e-01
3.716000e+01 9.033000e-01
3.718000e+01 9.162000e-01
3.720000e+01 9.290000e-01
3.722000e+01 9.419000e-01
3.724000e+01 9.547000e-01
3.726000e+01 9.675000e-01
3.728000e+01 9.803000e-01
3.730000e+01 9.931000e-01
3.732000e+01 1.005900e+00
3.734000e+01 1.018700e+00
3.736000e+01 1.031500e+00
3.738000e+01 1.044300e+00
3.740000e+01 1.057100e+00
3.742000e+01 1.069900e+00
3.744000e+01 1.082600e+00
3.746000e+01 1.095400e+00
3.748000e+01 1.108200e+00
3.750000e+01 1.120900e+00
3.752000e+01 1.133600e+00
3.754000e+01 1.146400e+00
3.756000e+01 1.159100e+00
3.758000e+01 1.171800e+00
3.760000e+01 1.184500e+00
3.762000e+01 1.197200e+00
3.764000e+01 1.209900e+00
3.766000e+01 1.222600e+00
3.768000e+01 1.235300e+00
3.770000e+01 1.248000e+00
3.772000e+01 1.260600e+00
3.774000e+01 1.273300e+00
3.776000e+01 1.285900e+00
3.778000e+01 1.298600e+00
3.780000e+01 1.311200e+00
3.782000e+01 1.323800e+00
3.784000e+01 1.336500e+00
3.786000e+01 1.349100e+00
3.788000e+01 1.361700e+00
3.790000e+01 1.374300e+00
3.792000e+01 1.386800e+00
3.794000e+01 1.399400e+00
3.796000e+01 1.412000e+00
3.798000e+01 1.424500e+00
3.800000e+01 1.437100e+00
3.802000e+01 1.449600e+00
3.804000e+01 1.462200e+00
3.806000e+01 1.474700e+00
3.808000e+01 1.487200e+00
3.810000e+01 1.499700e+00
3.812000e+01 1.512200e+00
3.814000e+01 1.524600e+00
3.816000e+01 1.537100e+00
3.818000e+01 1.549600e+00
3.820000e+01 1.562000e+00
3.822000e+01 1.574500e+00
3.824000e+01 1.586900e+00
3.826000e+01 1.599300e+00
3.828000e+01 1.611700e+00
3.830000e+01 1.624100e+00
3.832000e+01 1.636500e+00
3.834000e+01 1.648800e+00
3.836000e+01 1.661200e+00
3.838000e+01 1.673600e+00
3.840000e+01 1.685900e+00
3.842000e+01 1.698200e+00
3.844000e+01 1.710500e+00
3.846000e+01 1.722800e+00
3.848000e+01 1.735100e+00
3.850000e+01 1.747400e+00
3.852000e+01 1.759700e+00
3.854000e+01 1.771900e+00
3.856000e+01 1.784100e+00
3.858000e+01 1.796400e+00
3.860000e+01 1.808600e+00
3.862000e+01 1.820800e+00
3.864000e+01 1.833000e+00
3.866000e+01 1.845100e+00
3.868000e+01 1.857300e+00
3.870000e+01 1.869400e+00
3.872000e+01 1.881600e+00
3.874000e+01 1.893700e+00
3.876000e+01 1.905800e+00
3.878000e+01 1.917900e+00
3.880000e+01 1.930000e+00
3.882000e+01 1.942000e+00
3.884000e+01 1.954100e+00
3.886000e+01 1.966100e+00
3.888000e+01 1.978100e+00
3.890000e+01 1.990100e+00
3.892000e+01 2.002100e+00
3.894000e+01 2.014100e+00
3.896000e+01 2.026100e+00
3.898000e+01 2.038000e+00
3.900000e+01 2.050000e+00
3.902000e+01 2.061900e+00
3.904000e+01 2.073800e+00
3.906000e+01 2.085700e+00
3.908000e+01 2.097500e+00
3.910000e+01 2.109400e+00
3.912000e+01 2.121200e+00
3.914000e+01 2.133100e+00
3.916000e+01 2.144900e+00
3.918000e+01 2.156700e+00
3.920000e+01 2.168400e+00
3.922000e+01 2.180200e+00
3.924000e+01 2.192000e+00
3.926000e+01 2.203700e+00
3.928000e+01 2.215400e+00
3.930000e+01 2.227100e+00
3.932000e+01 2.238800e+00
3.934000e+01 2.250400e+00
3.936000e+01 2.262100e+00
3.938000e+01 2.273700e+00
3.940000e+01 2.285300e+00
3.942000e+01 2.296900e+00
3.944000e+01 2.308500e+00
3.946000e+01 2.320100e+00
3.948000e+01 2.331600e+00
3.950000e+01 2.343200e+00
3.952000e+01 2.354700e+00
3.954000e+01 2.366200e+00
3.956000e+01 2.377700e+00
3.958000e+01 2.389100e+00
3.960000e+01 2.400600e+00
3.962000e+01 2.412000e+00
3.964000e+01 2.423400e+00
3.966000e+01 2.434800e+00
3.968000e+01 2.446200e+00
3.970000e+01 2.457500e+00
3.972000e+01 2.468900e+00
3.974000e+01 2.480200e+00
3.976000e+01 2.491500e+00
3.978000e+01 2.502800e+00
3.980000e+01 2.514100e+00
3.982000e+01 2.525300e+00
3.984000e+01 2.536600e+00
3.986000e+01 2.547800e+00
3.988000e+01 2.559000e+00
3.990000e+01 2.570200e+00
3.992000e+01 2.581400e+00
3.994000e+01 2.592500e+00
3.996000e+01 2.603600e+00
3.998000e+01 2.614700e+00
4.000000e+01 2.625800e+00
4.002000e+01 2.636900e+00
4.004000e+01 2.648000e+00
4.006000e+01 2.659000e+00
4.008000e+01 2.670000e+00
4.010000e+01 2.681000e+00
4.012000e+01 2.692000e+00
4.014000e+01 2.703000e+00
4.016000e+01 2.713900e+00
4.018000e+01 2.724800e+00
4.020000e+01 2.735800e+00
4.022000e+01 2.746600e+00
4.024000e+01 2.757500e+00
4.026000e+01 2.768400e+00
4.028000e+01 2.779200e+00
4.030000e+01 2.790000e+00
4.032000e+01 2.800800e+00
4.034000e+01 2.811600e+00
4.036000e+01 2.822300e+00
4.038000e+01 2.833100e+00
4.040000e+01 2.843800e+00
4.042000e+01 2.854500e+00
4.044000e+01 2.865200e+00
4.046000e+01 2.875800e+00
4.048000e+01 2.886500e+00
4.050000e+01 2.897100e+00
4.052000e+01 2.907700e+00
4.054000e+01 2.918300e+00
4.056000e+01 2.928900e+00
4.058000e+01 2.939400e+00
4.060000e+01 2.949900e+00
4.062000e+01 2.960400e+00
4.064000e+01 2.970900e+00
4.066000e+01 2.981400e+00
4.068000e+01 2.991800e+00
4.070000e+01 3.002200e+00
4.072000e+01 3.012700e+00
4.074000e+01 3.023000e+00
4.076000e+01 3.033400e+00
4.078000e+01 3.043700e+00
4.080000e+01 3.054100e+00
4.082000e+01 3.064400e+00
4.084000e+01 3.074600e+00
4.086000e+01 3.084900e+00
4.088000e+01 3.095100e+00
4.090000e+01 3.105400e+00
4.092000e+01 3.115600e+00
4.094000e+01 3.125700e+00
4.096000e+01 3.135900e+00
4.098000e+01 3.146000e+00
4.100000e+01 3.156100e+00
4.102000e+01 3.166200e+00
4.104000e+01 3.176300e+00
4.106000e+01 3.186400e+00
4.108000e+01 3.196400e+00
4.110000e+01 3.206400e+00
4.112000e+01 3.216400e+00
4.114000e+01 3.226300e+00
4.116000e+01 3.236300e+00
4.118000e+01 3.246200e+00
4.120000e+01 3.256100e+00
4.122000e+01 3.266000e+00
4.124000e+01 3.275800e+00
4.126000e+01 3.285700e+00
4.128000e+01 3.295500e+00
4.130000e+01 3.305300e+00
4.132000e+01 3.315000e+00
4.134000e+01 3.324800e+00
4.136000e+01 3.334500e+00
4.138000e+01 3.344200e+00
4.140000e+01 3.353800e+00
4.142000e+01 3.363500e+00
4.144000e+01 3.373100e+00
4.146000e+01 3.382700e+00
4.148000e+01 3.392300e+00
4.150000e+01 3.401900e+00
4.152000e+01 3.411400e+00
4.154000e+01 3.420900e+00
4.156000e+01 3.430400e+00
4.158000e+01 3.439900e+00
4.160000e+01 3.449300e+00
4.162000e+01 3.458700e+00
4.164000e+01 3.468100e+00
4.166000e+01 3.477500e+00
4.168000e+01 3.486800e+00
4.170000e+01 3.496100e+00
4.172000e+01 3.505400e+00
4.174000e+01 3.514700e+00
4.176000e+01 3.523900e+00
4.178000e+01 3.533200e+00
4.180000e+01 3.542400e+00
4.182000e+01 3.551500e+00
4.184000e+01 3.560700e+00
4.186000e+01 3.569800e+00
4.188000e+01 3.578900e+00
4.190000e+01 3.588000e+00
4.192000e+01 3.597000e+00
4.194000e+01 3.606000e+00
4.196000e+01 3.615000e+00
4.198000e+01 3.624000e+00
4.200000e+01 3.632900e+00
4.202000e+01 3.641900e+00
4.204000e+01 3.650800e+00
4.206000e+01 3.659600e+00
4.208000e+01 3.668500e+00
4.210000e+01 3.677300e+00
4.212000e+01 3.686100e+00
4.214000e+01 3.694800e+00
4.216000e+01 3.703600e+00
4.218000e+01 3.712300e+00
4.220000e+01 3.721000e+00
4.222000e+01 3.729600e+00
4.224000e+01 3.738300e+00
4.226000e+01 3.746900e+00
4.228000e+01 3.755400e+00
4.230000e+01 3.764000e+00
4.232000e+01 3.772500e+00
4.234000e+01 3.781000e+00
4.236000e+01 3.789500e+00
4.238000e+01 3.797900e+00
4.240000e+01 3.806400e+00
4.242000e+01 3.814700e+00
4.244000e+01 3.823100e+00
4.246000e+01 3.831400e+00
4.248000e+01 3.839800e+00
4.250000e+01 3.848000e+00
4.252000e+01 3.856300e+00
4.254000e+01 3.864500e+00
4.256000e+01 3.872700e+00
4.258000e+01 3.880900e+00
4.260000e+01 3.889000e+00
4.262000e+01 3.897200e+00
4.264000e+01 3.905200e+00
4.266000e+01 3.913300e+00
4.268000e+01 3.921300e+00
4.270000e+01 3.929300e+00
4.272000e+01 3.937300e+00
4.274000e+01 3.945300e+00
4.276000e+01 3.953200e+00
4.278000e+01 3.961100e+00
4.280000e+01 3.968900e+00
4.282000e+01 3.976800e+00
4.284000e+01 3.984600e+00
4.286000e+01 3.992400e+00
4.288000e+01 4.000100e+00
4.290000e+01 4.007900e+00
4.292000e+01 4.015600e+00
4.294000e+01 4.023200e+00
4.296000e+01 4.030900e+00
4.298000e+01 4.038500e+00
4.300000e+01 4.046100e+00
4.302000e+01 4.053600e+00
4.304000e+01 4.061100e+00
4.306000e+01 4.068600e+00
4.308000e+01 4.076100e+00
4.310000e+01 4.083500e+00
4.312000e+01 4.090900e+00
4.314000e+01 4.098300e+00
4.316000e+01 4.105700e+00
4.318000e+01 4.113000e+00
4.320000e+01 4.120300e+00
4.322000e+01 4.127600e+00
4.324000e+01 4.134800e+00
4.326000e+01 4.142000e+00
4.328000e+01 4.149200e+00
4.330000e+01 4.156400e+00
4.332000e+01 4.163500e+00
4.334000e+01 4.170600e+00
4.336000e+01 4.177700e+00
4.338000e+01 4.184700e+00
4.340000e+01 4.191700e+00
4.342000e+01 4.198700e+00
4.344000e+01 4.205600e+00
4.346000e+01 4.212600e+00
4.348000e+01 4.219500e+00
4.350000e+01 4.226300e+00
4.352000e+01 4.233200e+00
4.354000e+01 4.240000e+00
4.356000e+01 4.246700e+00
4.358000e+01 4.253500e+00
4.360000e+01 4.260200e+00
4.362000e+01 4.266900e+00
4.364000e+01 4.273600e+00
4.366000e+01 4.280200e+00
4.368000e+01 4.286800e+00
4.370000e+01 4.293400e+00
4.372000e+01 4.299900e+00
4.374000e+01 4.306400e+00
4.376000e+01 4.312900e+00
4.378000e+01 4.319400e+00
4.380000e+01 4.325800e+00
4.382000e+01 4.332200e+00
4.384000e+01 4.338600e+00
4.386000e+01 4.344900e+00
4.388000e+01 4.351200e+00
4.390000e+01 4.357500e+00
4.392000e+01 4.363800e+00
4.394000e+01 4.370000e+00
4.396000e+01 4.376200e+00
4.398000e+01 4.382400e+00
4.400000e+01 4.388500e+00
4.402000e+01 4.394600e+00
4.404000e+01 4.400700e+00
4.406000e+01 4.406700e+00
4.408000e+01 4.412700e+00
4.410000e+01 4.418700e+00
4.412000e+01 4.424700e+00
4.414000e+01 4.430600e+00
4.416000e+01 4.436500e+00
4.418000e+01 4.442400e+00
4.420000e+01 4.448200e+00
4.422000e+01 4.454000e+00
4.424000e+01 4.459800e+00
4.426000e+01 4.465500e+00
4.428000e+01 4.471200e+00
4.430000e+01 4.476900e+00
4.432000e+01 4.482600e+00
4.434000e+01 4.488200e+00
4.436000e+01 4.493800e+00
4.438000e+01 4.499400e+00
4.440000e+01 4.504900e+00
4.442000e+01 4.510400e+00
4.444000e+01 4.515900e+00
4.446000e+01 4.521300e+00
4.448000e+01 4.526700e+00
4.450000e+01 4.532100e+00
4.452000e+01 4.537400e+00
4.454000e+01 4.542700e+00
4.456000e+01 4.548000e+00
4.458000e+01 4.553300e+00
4.460000e+01 4.558500e+00
4.462000e+01 4.563700e+00
4.464000e+01 4.568800e+00
4.466000e+01 4.574000e+00
4.468000e+01 4.579000e+00
4.470000e+01 4.584100e+00
4.472000e+01 4.589100e+00
4.474000e+01 4.594100e+00
4.476000e+01 4.599100e+00
4.478000e+01 4.604000e+00
4.480000e+01 4.608900e+00
4.482000e+01 4.613800e+00
4.484000e+01 4.618600e+00
4.486000e+01 4.623400e+00
4.488000e+01 4.628200e+00
4.490000e+01 4.633000e+00
4.492000e+01 4.637700e+00
4.494000e+01 4.642300e+00
4.496000e+01 4.647000e+00
4.498000e+01 4.651600e+00
4.500000e+01 4.656200e+00
4.502000e+01 4.660700e+00
4.504000e+01 4.665200e+00
4.506000e+01 4.669700e+00
4.508000e+01 4.674100e+00
4.510000e+01 4.678500e+00
4.512000e+01 4.682900e+00
4.514000e+01 4.687300e+00
4.516000e+01 4.691600e+00
4.518000e+01 4.695800e+00
4.520000e+01 4.700100e+00
4.522000e+01 4.704300e+00
4.524000e+01 4.708500e+00
4.526000e+01 4.712600e+00
4.528000e+01 4.716700e+00
4.530000e+01 4.720800e+00
4.532000e+01 4.724800e+00
4.534000e+01 4.728900e+00
4.536000e+01 4.732800e+00
4.538000e+01 4.736800e+00
4.540000e+01 4.740700e+00
4.542000e+01 4.744600e+00
4.544000e+01 4.748400e+00
4.546000e+01 4.752200e+00
4.548000e+01 4.756000e+00
4.550000e+01 4.759700e+00
4.552000e+01 4.763400e+00
4.554000e+01 4.767100e+00
4.556000e+01 4.770700e+00
4.558000e+01 4.774300e+00
4.560000e+01 4.777900e+00
4.562000e+01 4.781500e+00
4.564000e+01 4.785000e+00
4.566000e+01 4.788400e+00
4.568000e+01 4.791900e+00
4.570000e+01 4.795300e+00
4.572000e+01 4.798600e+00
4.574000e+01 4.802000e+00
4.576000e+01 4.805300e+00
4.578000e+01 4.808500e+00
4.580000e+01 4.811800e+00
4.582000e+01 4.815000e+00
4.584000e+01 4.818100e+00
4.586000e+01 4.821300e+00
4.588000e+01 4.824400e+00
4.590000e+01 4.827400e+00
4.592000e+01 4.830500e+00
4.594000e+01 4.833500e+00
4.596000e+01 4.836400e+00
4.598000e+01 4.839400e+00
4.600000e+01 4.842200e+00
4.602000e+01 4.845100e+00
4.604000e+01 4.847900e+00
4.606000e+01 4.850700e+00
4.608000e+01 4.853500e+00
4.610000e+01 4.856200e+00
4.612000e+01 4.858900e+00
4.614000e+01 4.861600e+00
4.616000e+01 4.864200e+00
4.618000e+01 4.866800e+00
4.620000e+01 4.869400e+00
4.622000e+01 4.871900e+00
4.624000e+01 4.874400e+00
4.626000e+01 4.876800e+00
4.628000e+01 4.879300e+00
4.630000e+01 4.881600e+00
4.632000e+01 4.884000e+00
4.634000e+01 4.886300e+00
4.636000e+01 4.888600e+00
4.638000e+01 4.890900e+00
4.640000e+01 4.893100e+00
4.642000e+01 4.895300e+00
4.644000e+01 4.897500e+00
4.646000e+01 4.899600e+00
4.648000e+01 4.901700e+00
4.650000e+01 4.903700e+00
4.652000e+01 4.905800e+00
4.654000e+01 4.907700e+00
4.656000e+01 4.909700e+00
4.658000e+01 4.911600e+00
4.660000e+01 4.913500e+00
4.662000e+01 4.915400e+00
4.664000e+01 4.917200e+00
4.666000e+01 4.919000e+00
4.668000e+01 4.920700e+00
4.670000e+01 4.922500e+00
4.672000e+01 4.924200e+00
4.674000e+01 4.925800e+00
4.676000e+01 4.927400e+00
4.678000e+01 4.929000e+00
4.680000e+01 4.930600e+00
4.682000e+01 4.932100e+00
4.684000e+01 4.933600e+00
4.686000e+01 4.935000e+00
4.688000e+01 4.936500e+00
4.690000e+01 4.937900e+00
4.692000e+01 4.939200e+00
4.694000e+01 4.940500e+00
4.696000e+01 4.941800e+00
4.698000e+01 4.943100e+00
4.700000e+01 4.944300e+00
4.702000e+01 4.945500e+00
4.704000e+01 4.946600e+00
4.706000e+01 4.947800e+00
4.708000e+01 4.948800e+00
4.710000e+01 4.949900e+00
4.712000e+01 4.950900e+00
4.714000e+01 4.951900e+00
4.716000e+01 4.952800e+00
4.718000e+01 4.953800e+00
4.720000e+01 4.954600e+00
4.722000e+01 4.955500e+00
4.724000e+01 4.956300e+00
4.726000e+01 4.957100e+00
4.728000e+01 4.957800e+00
4.730000e+01 4.958600e+00
4.732000e+01 4.959200e+00
4.734000e+01 4.959900e+00
4.736000e+01 4.960500e+00
4.738000e+01 4.961100e+00
4.740000e+01 4.961600e+00
4.742000e+01 4.962100e+00
4.744000e+01 4.962600e+00
4.746000e+01 4.963000e+00
4.748000e+01 4.963400e+00
4.750000e+01 4.963800e+00
4.752000e+01 4.964200e+00
4.754000e+01 4.964500e+00
4.756000e+01 4.964700e+00
4.758000e+01 4.965000e+00
4.760000e+01 4.965200e+00
4.762000e+01 4.965300e+00
4.764000e+01 4.965500e+00
4.766000e+01 4.965500e+00
4.768000e+01 4.965600e+00
4.770000e+01 4.965600e+00
4.772000e+01 4.965600e+00
4.774000e+01 4.965600e+00
4.776000e+01 4.965500e+00
4.778000e+01 4.965400e+00
4.780000e+01 4.965300e+00
4.782000e+01 4.965100e+00
4.784000e+01 4.964900e+00
4.786000e+01 4.964600e+00
4.788000e+01 4.964300e+00
4.790000e+01 4.964000e+00
4.792000e+01 4.963600e+00
4.794000e+01 4.963200e+00
4.796000e+01 4.962800e+00
4.798000e+01 4.962400e+00
4.800000e+01 4.961900e+00
4.802000e+01 4.961300e+00
4.804000e+01 4.960800e+00
4.806000e+01 4.960200e+00
4.808000e+01 4.959500e+00
4.810000e+01 4.958900e+00
4.812000e+01 4.958200e+00
4.814000e+01 4.957400e+00
4.816000e+01 4.956600e+00
4.818000e+01 4.955800e+00
4.820000e+01 4.955000e+00
4.822000e+01 4.954100e+00
4.824000e+01 4.953200e+00
4.826000e+01 4.952200e+00
4.828000e+01 4.951300e+00
4.830000e+01 4.950200e+00
4.832000e+01 4.949200e+00
4.834000e+01 4.948100e+00
4.836000e+01 4.947000e+00
4.838000e+01 4.945800e+00
4.840000e+01 4.944600e+00
4.842000e+01 4.943400e+00
4.844000e+01 4.942100e+00
4.846000e+01 4.940800e+00
4.848000e+01 4.939500e+00
4.850000e+01 4.938100e+00
4.852000e+01 4.936700e+00
4.854000e+01 4.935200e+00
4.856000e+01 4.933800e+00
4.858000e+01 4.932300e+00
4.860000e+01 4.930700e+00
4.862000e+01 4.929100e+00
4.864000e+01 4.927500e+00
4.866000e+01 4.925900e+00
4.868000e+01 4.924200e+00
4.870000e+01 4.922500e+00
4.872000e+01 4.920700e+00
4.874000e+01 4.918900e+00
4.876000e+01 4.917100e+00
4.878000e+01 4.915200e+00
4.880000e+01 4.913300e+00
4.882000e+01 4.911400e+00
4.884000e+01 4.909500e+00
4.886000e+01 4.907500e+00
4.888000e+01 4.905400e+00
4.890000e+01 4.903400e+00
4.892000e+01 4.901300e+00
4.894000e+01 4.899100e+00
4.896000e+01 4.897000e+00
4.898000e+01 4.894800e+00
4.900000e+01 4.892500e+00
4.902000e+01 4.890300e+00
4.904000e+01 4.888000e+00
4.906000e+01 4.885600e+00
4.908000e+01 4.883300e+00
4.910000e+01 4.880800e+00
4.912000e+01 4.878400e+00
4.914000e+01 4.875900e+00
4.916000e+01 4.873400e+00
4.918000e+01 4.870900e+00
4.920000e+01 4.868300e+00
4.922000e+01 4.865700e+00
4.924000e+01 4.863100e+00
4.926000e+01 4.860400e+00
4.928000e+01 4.857700e+00
4.930000e+01 4.854900e+00
4.932000e+01 4.852200e+00
4.934000e+01 4.849400e+00
4.936000e+01 4.846500e+00
4.938000e+01 4.843600e+00
4.940000e+01 4.840700e+00
4.942000e+01 4.837800e+00
4.944000e+01 4.834800e+00
4.946000e+01 4.831800e+00
4.948000e+01 4.828800e+00
4.950000e+01 4.825700e+00
4.952000e+01 4.822600e+00
4.954000e+01 4.819500e+00
4.956000e+01 4.816300e+00
4.958000e+01 4.813100e+00
4.960000e+01 4.809900e+00
4.962000e+01 4.806600e+00
4.964000e+01 4.803300e+00
4.966000e+01 4.800000e+00
4.968000e+01 4.796600e+00
4.970000e+01 4.793200e+00
4.972000e+01 4.789800e+00
4.974000e+01 4.786300e+00
4.976000e+01 4.782800e+00
4.978000e+01 4.779300e+00
4.980000e+01 4.775700e+00
4.982000e+01 4.772100e+00
4.984000e+01 4.768500e+00
4.986000e+01 4.764800e+00
4.988000e+01 4.761100e+00
4.990000e+01 4.757400e+00
4.992000e+01 4.753600e+00
4.994000e+01 4.749900e+00
4.996000e+01 4.746000e+00
4.998000e+01 4.742200e+00
5.000000e+01 4.738300e+00
5.002000e+01 4.734400e+00
5.004000e+01 4.730400e+00
5.006000e+01 4.726400e+00
5.008000e+01 4.722400e+00
5.010000e+01 4.718400e+00
5.012000e+01 4.714300e+00
5.014000e+01 4.710200e+00
5.016000e+01 4.706100e+00
5.018000e+01 4.701900e+00
5.020000e+01 4.697700e+00
5.022000e+01 4.693400e+00
5.024000e+01 4.689200e+00
5.026000e+01 4.684900e+00
5.028000e+01 4.680500e+00
5.030000e+01 4.676200e+00
5.032000e+01 4.671800e+00
5.034000e+01 4.667300e+00
5.036000e+01 4.662900e+00
5.038000e+01 4.658400e+00
5.040000e+01 4.653800e+00
5.042000e+01 4.649300e+00
5.044000e+01 4.644700e+00
5.046000e+01 4.640100e+00
5.048000e+01 4.635400e+00
5.050000e+01 4.630700e+00
5.052000e+01 4.626000e+00
5.054000e+01 4.621200e+00
5.056000e+01 4.616500e+00
5.058000e+01 4.611600e+00
5.060000e+01 4.606800e+00
5.062000e+01 4.601900e+00
5.064000e+01 4.597000e+00
5.066000e+01 4.592100e+00
5.068000e+01 4.587100e+00
5.070000e+01 4.582100e+00
5.072000e+01 4.577000e+00
5.074000e+01 4.572000e+00
5.076000e+01 4.566900e+00
5.078000e+01 4.561700e+00
5.080000e+01 4.556600e+00
5.082000e+01 4.551400e+00
5.084000e+01 4.546100e+00
5.086000e+01 4.540900e+00
5.088000e+01 4.535600e+00
5.090000e+01 4.530200e+00
5.092000e+01 4.524900e+00
5.094000e+01 4.519500e+00
5.096000e+01 4.514100e+00
5.098000e+01 4.508600e+00
5.100000e+01 4.503100e+00
5.102000e+01 4.497600e+00
5.104000e+01 4.492100e+00
5.106000e+01 4.486500e+00
5.108000e+01 4.480900e+00
5.110000e+01 4.475200e+00
5.112000e+01 4.469500e+00
5.114000e+01 4.463800e+00
5.116000e+01 4.458100e+00
5.118000e+01 4.452300e+00
5.120000e+01 4.446500e+00
5.122000e+01 4.440700e+00
5.124000e+01 4.434800e+00
5.126000e+01 4.428900e+00
5.128000e+01 4.423000e+00
5.130000e+01 4.417100e+00
5.132000e+01 4.411100e+00
5.134000e+01 4.405000e+00
5.136000e+01 4.399000e+00
5.138000e+01 4.392900e+00
5.140000e+01 4.386800e+00
5.142000e+01 4.380700e+00
5.144000e+01 4.374500e+00
5.146000e+01 4.368300e+00
5.148000e+01 4.362000e+00
5.150000e+01 4.355800e+00
5.152000e+01 4.349500e+00
5.154000e+01 4.343100e+00
5.156000e+01 4.336800e+00
5.158000e+01 4.330400e+00
5.160000e+01 4.324000e+00
5.162000e+01 4.317500e+00
5.164000e+01 4.311000e+00
5.166000e+01 4.304500e+00
5.168000e+01 4.298000e+00
5.170000e+01 4.291400e+00
5.172000e+01 4.284800e+00
5.174000e+01 4.278200e+00
5.176000e+01 4.271500e+00
5.178000e+01 4.264800e+00
5.180000e+01 4.258100e+00
5.182000e+01 4.251400e+00
5.184000e+01 4.244600e+00
5.186000e+01 4.237800e+00
5.188000e+01 4.230900e+00
5.190000e+01 4.224100e+00
5.192000e+01 4.217200e+00
5.194000e+01 4.210200e+00
5.196000e+01 4.203300e+00
5.198000e+01 4.196300e+00
5.200000e+01 4.189300e+00
5.202000e+01 4.182200e+00
5.204000e+01 4.175200e+00
5.206000e+01 4.168000e+00
5.208000e+01 4.160900e+00
5.210000e+01 4.153800e+00
5.212000e+01 4.146600e+00
5.214000e+01 4.139300e+00
5.216000e+01 4.132100e+00
5.218000e+01 4.124800e+00
5.220000e+01 4.117500e+00
5.222000e+01 4.110200e+00
5.224000e+01 4.102800e+00
5.226000e+01 4.095400e+00
5.228000e+01 4.088000e+00
5.230000e+01 4.080600e+00
5.232000e+01 4.073100e+00
5.234000e+01 4.065600e+00
5.236000e+01 4.058100e+00
5.238000e+01 4.050500e+00
5.240000e+01 4.042900e+00
5.242000e+01 4.035300e+00
5.244000e+01 4.027700e+00
5.246000e+01 4.020000e+00
5.248000e+01 4.012300e+00
5.250000e+01 4.004600e+00
5.252000e+01 3.996800e+00
5.254000e+01 3.989000e+00
5.256000e+01 3.981200e+00
5.258000e+01 3.973400e+00
5.260000e+01 3.965500e+00
5.262000e+01 3.957600e+00
5.264000e+01 3.949700e+00
5.266000e+01 3.941800e+00
5.268000e+01 3.933800e+00
5.270000e+01 3.925800e+00
5.272000e+01 3.917800e+00
5.274000e+01 3.909700e+00
5.276000e+01 3.901700e+00
5.278000e+01 3.893600e+00
5.280000e+01 3.885400e+00
5.282000e+01 3.877300e+00
5.284000e+01 3.869100e+00
5.286000e+01 3.860900e+00
5.288000e+01 3.852600e+00
5.290000e+01 3.844400e+00
5.292000e+01 3.836100e+00
5.294000e+01 3.827800e+00
5.296000e+01 3.819400e+00
5.298000e+01 3.811100e+00
5.300000e+01 3.802700e+00
5.302000e+01 3.794200e+00
5.304000e+01 3.785800e+00
5.306000e+01 3.777300e+00
5.308000e+01 3.768800e+00
5.310000e+01 3.760300e+00
5.312000e+01 3.751800e+00
5.314000e+01 3.743200e+00
5.316000e+01 3.734600e+00
5.318000e+01 3.726000e+00
5.320000e+01 3.717300e+00
5.322000e+01 3.708600e+00
5.324000e+01 3.699900e+00
5.326000e+01 3.691200e+00
5.328000e+01 3.682500e+00
5.330000e+01 3.673700e+00
5.332000e+01 3.664900e+00
5.334000e+01 3.656100e+00
5.336000e+01 3.647200e+00
5.338000e+01 3.638300e+00
5.340000e+01 3.629400e+00
5.342000e+01 3.620500e+00
5.344000e+01 3.611600e+00
5.346000e+01 3.602600e+00
5.348000e+01 3.593600e+00
5.350000e+01 3.584600e+00
5.352000e+01 3.575500e+00
5.354000e+01 3.566400e+00
5.356000e+01 3.557300e+00
5.358000e+01 3.548200e+00
5.360000e+01 3.539100e+00
5.362000e+01 3.529900e+00
5.364000e+01 3.520700e+00
5.366000e+01 3.511500e+00
5.368000e+01 3.502200e+00
5.370000e+01 3.493000e+00
5.372000e+01 3.483700e+00
5.374000e+01 3.474400e+00
5.376000e+01 3.465000e+00
5.378000e+01 3.455600e+00
5.380000e+01 3.446300e+00
5.382000e+01 3.436800e+00
5.384000e+01 3.427400e+00
5.386000e+01 3.417900e+00
5.388000e+01 3.408500e+00
5.390000e+01 3.399000e+00
5.392000e+01 3.389400e+00
5.394000e+01 3.379900e+00
5.396000e+01 3.370300e+00
5.398000e+01 3.360700e+00
5.400000e+01 3.351100e+00
5.402000e+01 3.341400e+00
5.404000e+01 3.331700e+00
5.406000e+01 3.322000e+00
5.408000e+01 3.312300e+00
5.410000e+01 3.302600e+00
5.412000e+01 3.292800e+00
5.414000e+01 3.283000e+00
5.416000e+01 3.273200e+00
5.418000e+01 3.263400e+00
5.420000e+01 3.253500e+00
5.422000e+01 3.243600e+00
5.424000e+01 3.233700e+00
5.426000e+01 3.223800e+00
5.428000e+01 3.213900e+00
5.430000e+01 3.203900e+00
5.432000e+01 3.193900e+00
5.434000e+01 3.183900e+00
5.436000e+01 3.173800e+00
5.438000e+01 3.163800e+00
5.440000e+01 3.153700e+00
5.442000e+01 3.143600e+00
5.444000e+01 3.133500e+00
5.446000e+01 3.123300e+00
5.448000e+01 3.113100e+00
5.450000e+01 3.102900e+00
5.452000e+01 3.092700e+00
5.454000e+01 3.082500e+00
5.456000e+01 3.072200e+00
5.458000e+01 3.061900e+00
5.460000e+01 3.051600e+00
5.462000e+01 3.041300e+00
5.464000e+01 3.031000e+00
5.466000e+01 3.020600e+00
5.468000e+01 3.010200e+00
5.470000e+01 2.999800e+00
5.472000e+01 2.989400e+00
5.474000e+01 2.978900e+00
5.476000e+01 2.968400e+00
5.478000e+01 2.957900e+00
5.480000e+01 2.947400e+00
5.482000e+01 2.936900e+00
5.484000e+01 2.926300e+00
5.486000e+01 2.915700e+00
5.488000e+01 2.905100e+00
5.490000e+01 2.894500e+00
5.492000e+01 2.883900e+00
5.494000e+01 2.873200e+00
5.496000e+01 2.862500e+00
5.498000e+01 2.851800e+00
5.500000e+01 2.841100e+00
5.502000e+01 2.830400e+00
5.504000e+01 2.819600e+00
5.506000e+01 2.808800e+00
5.508000e+01 2.798000e+00
5.510000e+01 2.787200e+00
5.512000e+01 2.776400e+00
5.514000e+01 2.765500e+00
5.516000e+01 2.754600e+00
5.518000e+01 2.743700e+00
5.520000e+01 2.732800e+00
5.522000e+01 2.721900e+00
5.524000e+01 2.710900e+00
5.526000e+01 2.699900e+00
5.528000e+01 2.688900e+00
5.530000e+01 2.677900e+00
5.532000e+01 2.666900e+00
5.534000e+01 2.655800e+00
5.536000e+01 2.644800e+00
5.538000e+01 2.633700e+00
5.540000e+01 2.622600e+00
5.542000e+01 2.611500e+00
5.544000e+01 2.600300e+00
5.546000e+01 2.589200e+00
5.548000e+01 2.578000e+00
5.550000e+01 2.566800e+00
5.552000e+01 2.555600e+00
5.554000e+01 2.544400e+00
5.556000e+01 2.533100e+00
5.558000e+01 2.521900e+00
5.560000e+01 2.510600e+00
5.562000e+01 2.499300e+00
5.564000e+01 2.488000e+00
5.566000e+01 2.476600e+00
5.568000e+01 2.465300e+00
5.570000e+01 2.453900e+00
5.572000e+01 2.442500e+00
5.574000e+01 2.431200e+00
5.576000e+01 2.419700e+00
5.578000e+01 2.408300e+00
5.580000e+01 2.396900e+00
5.582000e+01 2.385400e+00
5.584000e+01 2.373900e+00
5.586000e+01 2.362400e+00
5.588000e+01 2.350900e+00
5.590000e+01 2.339400e+00
5.592000e+01 2.327900e+00
5.594000e+01 2.316300e+00
5.596000e+01 2.304700e+00
5.598000e+01 2.293100e+00
5.600000e+01 2.281500e+00
5.602000e+01 2.269900e+00
5.604000e+01 2.258300e+00
5.606000e+01 2.246600e+00
5.608000e+01 2.235000e+00
5.610000e+01 2.223300e+00
5.612000e+01 2.211600e+00
5.614000e+01 2.199900e+00
5.616000e+01 2.188200e+00
5.618000e+01 2.176400e+00
5.620000e+01 2.164700e+00
5.622000e+01 2.152900e+00
5.624000e+01 2.141100e+00
5.626000e+01 2.129300e+00
5.628000e+01 2.117500e+00
5.630000e+01 2.105700e+00
5.632000e+01 2.093900e+00
5.634000e+01 2.082000e+00
5.636000e+01 2.070200e+00
5.638000e+01 2.058300e+00
5.640000e+01 2.046400e+00
5.642000e+01 2.034500e+00
5.644000e+01 2.022600e+00
5.646000e+01 2.010600e+00
5.648000e+01 1.998700e+00
5.650000e+01 1.986700e+00
5.652000e+01 1.974800e+00
5.654000e+01 1.962800e+00
5.656000e+01 1.950800e+00
5.658000e+01 1.938800e+00
5.660000e+01 1.926700e+00
5.662000e+01 1.914700e+00
5.664000e+01 1.902600e+00
5.666000e+01 1.890600e+00
5.668000e+01 1.878500e+00
5.670000e+01 1.866400e+00
5.672000e+01 1.854300e+00
5.674000e+01 1.842200e+00
5.676000e+01 1.830100e+00
5.678000e+01 1.817900e+00
5.680000e+01 1.805800e+00
5.682000e+01 1.793600e+00
5.684000e+01 1.781400e+00
5.686000e+01 1.769200e+00
5.688000e+01 1.757000e+00
5.690000e+01 1.744800e+00
5.692000e+01 1.732600e+00
5.694000e+01 1.720300e+00
5.696000e+01 1.708100e+00
5.698000e+01 1.695800e+00
5.700000e+01 1.683500e+00
5.702000e+01 1.671200e+00
5.704000e+01 1.658900e+00
5.706000e+01 1.646600e+00
5.708000e+01 1.634300e+00
5.710000e+01 1.622000e+00
5.712000e+01 1.609600e+00
5.714000e+01 1.597200e+00
5.716000e+01 1.584900e+00
5.718000e+01 1.572500e+00
5.720000e+01 1.560100e+00
5.722000e+01 1.547700e+00
5.724000e+01 1.535300e+00
5.726000e+01 1.522800e+00
5.728000e+01 1.510400e+00
5.730000e+01 1.498000e+00
5.732000e+01 1.485500e+00
5.734000e+01 1.473000e+00
5.736000e+01 1.460500e+00
5.738000e+01 1.448000e+00
5.740000e+01 1.435500e+00
5.742000e+01 1.423000e+00
5.744000e+01 1.410500e+00
5.746000e+01 1.398000e+00
5.748000e+01 1.385400e+00
5.750000e+01 1.372900e+00
5.752000e+01 1.360300e+00
5.754000e+01 1.347700e+00
5.756000e+01 1.335100e+00
5.758000e+01 1.322500e+00
5.760000e+01 1.309900e+00
5.762000e+01 1.297300e+00
5.764000e+01 1.284700e+00
5.766000e+01 1.272100e+00
5.768000e+01 1.259400e+00
5.770000e+01 1.246800e+00
5.772000e+01 1.234100e+00
5.774000e+01 1.221400e+00
5.776000e+01 1.208700e+00
5.778000e+01 1.196100e+00
5.780000e+01 1.183400e+00
5.782000e+01 1.170600e+00
5.784000e+01 1.157900e+00
5.786000e+01 1.145200e+00
5.788000e+01 1.132500e+00
5.790000e+01 1.119700e+00
5.792000e+01 1.107000e+00
5.794000e+01 1.094200e+00
5.796000e+01 1.081500e+00
5.798000e+01 1.068700e+00
5.800000e+01 1.055900e+00
5.802000e+01 1.043100e+00
5.804000e+01 1.030300e+00
5.806000e+01 1.017500e+00
5.808000e+01 1.004700e+00
5.810000e+01 9.919000e-01
5.812000e+01 9.791000e-01
5.814000e+01 9.662000e-01
5.816000e+01 9.534000e-01
5.818000e+01 9.406000e-01
5.820000e+01 9.277000e-01
5.822000e+01 9.149000e-01
5.824000e+01 9.020000e-01
5.826000e+01 8.891000e-01
5.828000e+01 8.762000e-01
5.830000e+01 8.634000e-01
5.832000e+01 8.505000e-01
5.834000e+01 8.376000e-01
5.836000e+01 8.247000e-01
5.838000e+01 8.118000e-01
5.840000e+01 7.989000e-01
5.842000e+01 7.860000e-01
5.844000e+01 7.730000e-01
5.846000e+01 7.601000e-01
5.848000e+01 7.472000e-01
5.850000e+01 7.342000e-01
5.852000e+01 7.213000e-01
5.854000e+01 7.084000e-01
5.856000e+01 6.954000e-01
5.858000e+01 6.825000e-01
5.860000e+01 6.695000e-01
5.862000e+01 6.565000e-01
5.864000e+01 6.436000e-01
5.866000e+01 6.306000e-01
5.868000e+01 6.176000e-01
5.870000e+01 6.047000e-01
5.872000e+01 5.917000e-01
5.874000e+01 5.787000e-01
5.876000e+01 5.657000e-01
5.878000e+01 5.527000e-01
5.880000e+01 5.397000e-01
5.882000e+01 5.267000e-01
5.884000e+01 5.137000e-01
5.886000e+01 5.007000e-01
5.888000e+01 4.877000e-01
5.890000e+01 4.747000e-01
5.892000e+01 4.617000e-01
5.894000e+01 4.487000e-01
5.896000e+01 4.357000e-01
5.898000e+01 4.227000e-01
5.900000e+01 4.096000e-01
5.902000e+01 3.966000e-01
5.904000e+01 3.836000e-01
5.906000e+01 3.706000e-01
5.908000e+01 3.575000e-01
5.910000e+01 3.445000e-01
5.912000e+01 3.315000e-01
5.914000e+01 3.184000e-01
5.916000e+01 3.054000e-01
5.918000e+01 2.924000e-01
5.920000e+01 2.793000e-01
5.922000e+01 2.663000e-01
5.924000e+01 2.532000e-01
5.926000e+01 2.402000e-01
5.928000e+01 2.271000e-01
5.930000e+01 2.141000e-01
5.932000e+01 2.011000e-01
5.934000e+01 1.880000e-01
5.936000e+01 1.750000e-01
5.938000e+01 1.619000e-01
5.940000e+01 1.489000e-01
5.942000e+01 1.358000e-01
5.944000e+01 1.228000e-01
5.946000e+01 1.097000e-01
5.948000e+01 9.660000e-02
5.950000e+01 8.360000e-02
5.952000e+01 7.050000e-02
5.954000e+01 5.750000e-02
5.956000e+01 4.440000e-02
5.958000e+01 3.140000e-02
5.960000e+01 1.830000e-02
5.962000e+01 5.300000e-03
5.964000e+01 -7.800000e-03
5.966000e+01 -2.080000e-02
5.968000e+01 -3.390000e-02
5.970000e+01 -4.690000e-02
5.972000e+01 -6.000000e-02
5.974000e+01 -7.300000e-02
5.976000e+01 -8.610000e-02
5.978000e+01 -9.920000e-02
5.980000e+01 -1.122000e-01
5.982000e+01 -1.253000e-01
5.984000e+01 -1.383000e-01
5.986000e+01 -1.514000e-01
5.988000e+01 -1.644000e-01
5.990000e+01 -1.774000e-01
5.992000e+01 -1.905000e-01
5.994000e+01 -2.035000e-01
5.996000e+01 -2.166000e-01
5.998000e+01 -2.296000e-01
6.000000e+01 -2.427000e-01
6.002000e+01 -2.557000e-01
6.004000e+01 -2.687000e-01
6.006000e+01 -2.818000e-01
6.008000e+01 -2.948000e-01
6.010000e+01 -3.079000e-01
6.012000e+01 -3.209000e-01
6.014000e+01 -3.339000e-01
6.016000e+01 -3.469000e-01
6.018000e+01 -3.600000e-01
6.020000e+01 -3.730000e-01
6.022000e+01 -3.860000e-01
6.024000e+01 -3.990000e-01
6.026000e+01 -4.121000e-01
6.028000e+01 -4.251000e-01
6.030000e+01 -4.381000e-01
6.032000e+01 -4.511000e-01
6.034000e+01 -4.641000e-01
6.036000e+01 -4.771000e-01
6.038000e+01 -4.901000e-01
6.040000e+01 -5.031000e-01
6.042000e+01 -5.161000e-01
6.044000e+01 -5.291000e-01
6.046000e+01 -5.421000e-01
6.048000e+01 -5.551000e-01
6.050000e+01 -5.680000e-01
6.052000e+01 -5.810000e-01
6.054000e+01 -5.940000e-01
6.056000e+01 -6.070000e-01
6.058000e+01 -6.199000e-01
6.060000e+01 -6.329000e-01
6.062000e+01 -6.459000e-01
6.064000e+01 -6.588000e-01
6.066000e+01 -6.718000e-01
6.068000e+01 -6.847000e-01
6.070000e+01 -6.977000e-01
6.072000e+01 -7.106000e-01
6.074000e+01 -7.235000e-01
6.076000e+01 -7.365000e-01
6.078000e+01 -7.494000e-01
6.080000e+01 -7.623000e-01
6.082000e+01 -7.752000e-01
6.084000e+01 -7.881000e-01
6.086000e+01 -8.010000e-01
6.088000e+01 -8.139000e-01
6.090000e+01 -8.268000e-01
6.092000e+01 -8.397000e-01
6.094000e+01 -8.526000e-01
6.096000e+01 -8.655000e-01
6.098000e+01 -8.783000e-01
6.100000e+01 -8.912000e-01
6.102000e+01 -9.041000e-01
6.104000e+01 -9.169000e-01
6.106000e+01 -9.298000e-01
6.108000e+01 -9.426000e-01
6.110000e+01 -9.554000e-01
6.112000e+01 -9.683000e-01
6.114000e+01 -9.811000e-01
6.116000e+01 -9.939000e-01
6.118000e+01 -1.006700e+00
6.120000e+01 -1.019500e+00
6.122000e+01 -1.032300e+00
6.124000e+01 -1.045100e+00
6.126000e+01 -1.057900e+00
6.128000e+01 -1.070600e+00
6.130000e+01 -1.083400e+00
6.132000e+01 -1.096200e+00
6.134000e+01 -1.108900e+00
6.136000e+01 -1.121700e+00
6.138000e+01 -1.134400e+00
6.140000e+01 -1.147100e+00
6.142000e+01 -1.159800e+00
6.144000e+01 -1.172500e+00
6.146000e+01 -1.185200e+00
6.148000e+01 -1.197900e+00
6.150000e+01 -1.210600e+00
6.152000e+01 -1.223300e+00
6.154000e+01 -1.236000e+00
6.156000e+01 -1.248600e+00
6.158000e+01 -1.261300e+00
6.160000e+01 -1.273900e+00
6.162000e+01 -1.286500e+00
6.164000e+01 -1.299100e+00
6.166000e+01 -1.311800e+00
6.168000e+01 -1.324400e+00
6.170000e+01 -1.336900e+00
6.172000e+01 -1.349500e+00
6.174000e+01 -1.362100e+00
6.176000e+01 -1.374700e+00
6.178000e+01 -1.387200e+00
6.180000e+01 -1.399800e+00
6.182000e+01 -1.412300e+00
6.184000e+01 -1.424800e+00
6.186000e+01 -1.437300e+00
6.188000e+01 -1.449800e+00
6.190000e+01 -1.462300e+00
6.192000e+01 -1.474800e+00
6.194000e+01 -1.487300e+00
6.196000e+01 -1.499700e+00
6.198000e+01 -1.512200e+00
6.200000e+01 -1.524600e+00
6.202000e+01 -1.537000e+00
6.204000e+01 -1.549400e+00
6.206000e+01 -1.561800e+00
6.208000e+01 -1.574200e+00
6.210000e+01 -1.586600e+00
6.212000e+01 -1.599000e+00
6.214000e+01 -1.611300e+00
6.216000e+01 -1.623700e+00
6.218000e+01 -1.636000e+00
6.220000e+01 -1.648300e+00
6.222000e+01 -1.660600e+00
6.224000e+01 -1.672900e+00
6.226000e+01 -1.685200e+00
6.228000e+01 -1.697500e+00
6.230000e+01 -1.709800e+00
6.232000e+01 -1.722000e+00
6.234000e+01 -1.734200e+00
6.236000e+01 -1.746500e+00
6.238000e+01 -1.758700e+00
6.240000e+01 -1.770900e+00
6.242000e+01 -1.783100e+00
6.244000e+01 -1.795200e+00
6.246000e+01 -1.807400e+00
6.248000e+01 -1.819600e+00
6.250000e+01 -1.831700e+00
6.252000e+01 -1.843800e+00
6.254000e+01 -1.855900e+00
6.256000e+01 -1.868000e+00
6.258000e+01 -1.880100e+00
6.260000e+01 -1.892200e+00
6.262000e+01 -1.904200e+00
6.264000e+01 -1.916300e+00
6.266000e+01 -1.928300e+00
6.268000e+01 -1.940300e+00
6.270000e+01 -1.952300e+00
6.272000e+01 -1.964300e+00
6.274000e+01 -1.976300e+00
6.276000e+01 -1.988300e+00
6.278000e+01 -2.000200e+00
6.280000e+01 -2.012100e+00
6.282000e+01 -2.024100e+00
6.284000e+01 -2.036000e+00
6.286000e+01 -2.047900e+00
6.288000e+01 -2.059700e+00
6.290000e+01 -2.071600e+00
6.292000e+01 -2.083400e+00
6.294000e+01 -2.095300e+00
6.296000e+01 -2.107100e+00
6.298000e+01 -2.118900e+00
6.300000e+01 -2.130700e+00
6.302000e+01 -2.142500e+00
6.304000e+01 -2.154200e+00
6.306000e+01 -2.166000e+00
6.308000e+01 -2.177700e+00
6.310000e+01 -2.189500e+00
6.312000e+01 -2.201200e+00
6.314000e+01 -2.212800e+00
6.316000e+01 -2.224500e+00
6.318000e+01 -2.236200e+00
6.320000e+01 -2.247800e+00
6.322000e+01 -2.259400e+00
6.324000e+01 -2.271100e+00
6.326000e+01 -2.282700e+00
6.328000e+01 -2.294200e+00
6.330000e+01 -2.305800e+00
6.332000e+01 -2.317400e+00
6.334000e+01 -2.328900e+00
6.336000e+01 -2.340400e+00
6.338000e+01 -2.351900e+00
6.340000e+01 -2.363400e+00
6.342000e+01 -2.374900e+00
6.344000e+01 -2.386300e+00
6.346000e+01 -2.397800e+00
6.348000e+01 -2.409200e+00
6.350000e+01 -2.420600e+00
6.352000e+01 -2.432000e+00
6.354000e+01 -2.443400e+00
6.356000e+01 -2.454700e+00
6.358000e+01 -2.466100e+00
6.360000e+01 -2.477400e+00
6.362000e+01 -2.488700e+00
6.364000e+01 -2.500000e+00
6.366000e+01 -2.511300e+00
6.368000e+01 -2.522500e+00
6.370000e+01 -2.533800e+00
6.372000e+01 -2.545000e+00
6.374000e+01 -2.556200e+00
6.376000e+01 -2.567400e+00
6.378000e+01 -2.578500e+00
6.380000e+01 -2.589700e+00
6.382000e+01 -2.600800e+00
6.384000e+01 -2.611900e+00
6.386000e+01 -2.623000e+00
6.388000e+01 -2.634100e+00
6.390000e+01 -2.645200e+00
6.392000e+01 -2.656200e+00
6.394000e+01 -2.667300e+00
6.396000e+01 -2.678300e+00
6.398000e+01 -2.689300e+00
6.400000e+01 -2.700200e+00
6.402000e+01 -2.711200e+00
6.404000e+01 -2.722100e+00
6.406000e+01 -2.733000e+00
6.408000e+01 -2.743900e+00
6.410000e+01 -2.754800e+00
6.412000e+01 -2.765700e+00
6.414000e+01 -2.776500e+00
6.416000e+01 -2.787300e+00
6.418000e+01 -2.798100e+00
6.420000e+01 -2.808900e+00
6.422000e+01 -2.819700e+00
6.424000e+01 -2.830400e+00
6.426000e+01 -2.841100e+00
6.428000e+01 -2.851800e+00
6.430000e+01 -2.862500e+00
6.432000e+01 -2.873200e+00
6.434000e+01 -2.883800e+00
6.436000e+01 -2.894400e+00
6.438000e+01 -2.905000e+00
6.440000e+01 -2.915600e+00
6.442000e+01 -2.926200e+00
6.444000e+01 -2.936700e+00
6.446000e+01 -2.947300e+00
6.448000e+01 -2.957800e+00
6.450000e+01 -2.968200e+00
6.452000e+01 -2.978700e+00
6.454000e+01 -2.989100e+00
6.456000e+01 -2.999500e+00
6.458000e+01 -3.009900e+00
6.460000e+01 -3.020300e+00
6.462000e+01 -3.030700e+00
6.464000e+01 -3.041000e+00
6.466000e+01 -3.051300e+00
6.468000e+01 -3.061600e+00
6.470000e+01 -3.071900e+00
6.472000e+01 -3.082100e+00
6.474000e+01 -3.092300e+00
6.476000e+01 -3.102500e+00
6.478000e+01 -3.112700e+00
6.480000e+01 -3.122900e+00
6.482000e+01 -3.133000e+00
6.484000e+01 -3.143100e+00
6.486000e+01 -3.153200e+00
6.488000e+01 -3.163300e+00
6.490000e+01 -3.173400e+00
6.492000e+01 -3.183400e+00
6.494000e+01 -3.193400e+00
6.496000e+01 -3.203400e+00
6.498000e+01 -3.213300e+00
6.500000e+01 -3.223300e+00
6.502000e+01 -3.233200e+00
6.504000e+01 -3.243100e+00
6.506000e+01 -3.252900e+00
6.508000e+01 -3.262800e+00
6.510000e+01 -3.272600e+00
6.512000e+01 -3.282400e+00
6.514000e+01 -3.292200e+00
6.516000e+01 -3.301900e+00
6.518000e+01 -3.311700e+00
6.520000e+01 -3.321400e+00
6.522000e+01 -3.331000e+00
6.524000e+01 -3.340700e+00
6.526000e+01 -3.350300e+00
6.528000e+01 -3.359900e+00
6.530000e+01 -3.369500e+00
6.532000e+01 -3.379100e+00
6.534000e+01 -3.388600e+00
6.536000e+01 -3.398200e+00
6.538000e+01 -3.407600e+00
6.540000e+01 -3.417100e+00
6.542000e+01 -3.426600e+00
6.544000e+01 -3.436000e+00
6.546000e+01 -3.445400e+00
6.548000e+01 -3.454800e+00
6.550000e+01 -3.464100e+00
6.552000e+01 -3.473400e+00
6.554000e+01 -3.482700e+00
6.556000e+01 -3.492000e+00
6.558000e+01 -3.501300e+00
6.560000e+01 -3.510500e+00
6.562000e+01 -3.519700e+00
6.564000e+01 -3.528900e+00
6.566000e+01 -3.538000e+00
6.568000e+01 -3.547100e+00
6.570000e+01 -3.556200e+00
6.572000e+01 -3.565300e+00
6.574000e+01 -3.574400e+00
6.576000e+01 -3.583400e+00
6.578000e+01 -3.592400e+00
6.580000e+01 -3.601400e+00
6.582000e+01 -3.610300e+00
6.584000e+01 -3.619300e+00
6.586000e+01 -3.628200e+00
6.588000e+01 -3.637000e+00
6.590000e+01 -3.645900e+00
6.592000e+01 -3.654700e+00
6.594000e+01 -3.663500e+00
6.596000e+01 -3.672300e+00
6.598000e+01 -3.681100e+00
6.600000e+01 -3.689800e+00
6.602000e+01 -3.698500e+00
6.604000e+01 -3.707200e+00
6.606000e+01 -3.715800e+00
6.608000e+01 -3.724400e+00
6.610000e+01 -3.733000e+00
6.612000e+01 -3.741600e+00
6.614000e+01 -3.750200e+00
6.616000e+01 -3.758700e+00
6.618000e+01 -3.767200e+00
6.620000e+01 -3.775600e+00
6.622000e+01 -3.784100e+00
6.624000e+01 -3.792500e+00
6.626000e+01 -3.800900e+00
6.628000e+01 -3.809300e+00
6.630000e+01 -3.817600e+00
6.632000e+01 -3.825900e+00
6.634000e+01 -3.834200e+00
6.636000e+01 -3.842400e+00
6.638000e+01 -3.850700e+00
6.640000e+01 -3.858900e+00
6.642000e+01 -3.867100e+00
6.644000e+01 -3.875200e+00
6.646000e+01 -3.883300e+00
6.648000e+01 -3.891400e+00
6.650000e+01 -3.899500e+00
6.652000e+01 -3.907600e+00
6.654000e+01 -3.915600e+00
6.656000e+01 -3.923600e+00
6.658000e+01 -3.931500e+00
6.660000e+01 -3.939500e+00
6.662000e+01 -3.947400e+00
6.664000e+01 -3.955300e+00
6.666000e+01 -3.963100e+00
6.668000e+01 -3.971000e+00
6.670000e+01 -3.978800e+00
6.672000e+01 -3.986600e+00
6.674000e+01 -3.994300e+00
6.676000e+01 -4.002000e+00
6.678000e+01 -4.009700e+00
6.680000e+01 -4.017400e+00
6.682000e+01 -4.025000e+00
6.684000e+01 -4.032600e+00
6.686000e+01 -4.040200e+00
6.688000e+01 -4.047800e+00
6.690000e+01 -4.055300e+00
6.692000e+01 -4.062800e+00
6.694000e+01 -4.070300e+00
6.696000e+01 -4.077700e+00
6.698000e+01 -4.085200e+00
6.700000e+01 -4.092500e+00
6.702000e+01 -4.099900e+00
6.704000e+01 -4.107200e+00
6.706000e+01 -4.114500e+00
6.708000e+01 -4.121800e+00
6.710000e+01 -4.129100e+00
6.712000e+01 -4.136300e+00
6.714000e+01 -4.143500e+00
6.716000e+01 -4.150600e+00
6.718000e+01 -4.157800e+00
6.720000e+01 -4.164900e+00
6.722000e+01 -4.172000e+00
6.724000e+01 -4.179000e+00
6.726000e+01 -4.186000e+00
6.728000e+01 -4.193000e+00
6.730000e+01 -4.200000e+00
6.732000e+01 -4.206900e+00
6.734000e+01 -4.213800e+00
6.736000e+01 -4.220700e+00
6.738000e+01 -4.227500e+00
6.740000e+01 -4.234400e+00
6.742000e+01 -4.241200e+00
6.744000e+01 -4.247900e+00
6.746000e+01 -4.254600e+00
6.748000e+01 -4.261300e+00
6.750000e+01 -4.268000e+00
6.752000e+01 -4.274600e+00
6.754000e+01 -4.281300e+00
6.756000e+01 -4.287800e+00
6.758000e+01 -4.294400e+00
6.760000e+01 -4.300900e+00
6.762000e+01 -4.307400e+00
6.764000e+01 -4.313900e+00
6.766000e+01 -4.320300e+00
6.768000e+01 -4.326700e+00
6.770000e+01 -4.333100e+00
6.772000e+01 -4.339400e+00
6.774000e+01 -4.345700e+00
6.776000e+01 -4.352000e+00
6.778000e+01 -4.358200e+00
6.780000e+01 -4.364400e+00
6.782000e+01 -4.370600e+00
6.784000e+01 -4.376800e+00
6.786000e+01 -4.382900e+00
6.788000e+01 -4.389000e+00
6.790000e+01 -4.395100e+00
6.792000e+01 -4.401100e+00
6.794000e+01 -4.407100e+00
6.796000e+01 -4.413100e+00
6.798000e+01 -4.419000e+00
6.800000e+01 -4.424900e+00
6.802000e+01 -4.430800e+00
6.804000e+01 -4.436600e+00
6.806000e+01 -4.442500e+00
6.808000e+01 -4.448200e+00
6.810000e+01 -4.454000e+00
6.812000e+01 -4.459700e+00
6.814000e+01 -4.465400e+00
6.816000e+01 -4.471100e+00
6.818000e+01 -4.476700e+00
6.820000e+01 -4.482300e+00
6.822000e+01 -4.487800e+00
6.824000e+01 -4.493400e+00
6.826000e+01 -4.498900e+00
6.828000e+01 -4.504300e+00
6.830000e+01 -4.509800e+00
6.832000e+01 -4.515200e+00
6.834000e+01 -4.520600e+00
6.836000e+01 -4.525900e+00
6.838000e+01 -4.531200e+00
6.840000e+01 -4.536500e+00
6.842000e+01 -4.541700e+00
6.844000e+01 -4.546900e+00
6.846000e+01 -4.552100e+00
6.848000e+01 -4.557300e+00
6.850000e+01 -4.562400e+00
6.852000e+01 -4.567500e+00
6.854000e+01 -4.572500e+00
6.856000e+01 -4.577600e+00
6.858000e+01 -4.582500e+00
6.860000e+01 -4.587500e+00
6.862000e+01 -4.592400e+00
6.864000e+01 -4.597300e+00
6.866000e+01 -4.602200e+00
6.868000e+01 -4.607000e+00
6.870000e+01 -4.611800e+00
6.872000e+01 -4.616600e+00
6.874000e+01 -4.621300e+00
6.876000e+01 -4.626000e+00
6.878000e+01 -4.630700e+00
6.880000e+01 -4.635300e+00
6.882000e+01 -4.639900e+00
6.884000e+01 -4.644500e+00
6.886000e+01 -4.649000e+00
6.888000e+01 -4.653500e+00
6.890000e+01 -4.658000e+00
6.892000e+01 -4.662400e+00
6.894000e+01 -4.666900e+00
6.896000e+01 -4.671200e+00
6.898000e+01 -4.675600e+00
6.900000e+01 -4.679900e+00
6.902000e+01 -4.684200e+00
6.904000e+01 -4.688400e+00
6.906000e+01 -4.692600e+00
6.908000e+01 -4.696800e+00
6.910000e+01 -4.701000e+00
6.912000e+01 -4.705100e+00
6.914000e+01 -4.709200e+00
6.916000e+01 -4.713200e+00
6.918000e+01 -4.717300e+00
6.920000e+01 -4.721200e+00
6.922000e+01 -4.725200e+00
6.924000e+01 -4.729100e+00
6.926000e+01 -4.733000e+00
6.928000e+01 -4.736900e+00
6.930000e+01 -4.740700e+00
6.932000e+01 -4.744500e+00
6.934000e+01 -4.748300e+00
6.936000e+01 -4.752000e+00
6.938000e+01 -4.755700e+00
6.940000e+01 -4.759300e+00
6.942000e+01 -4.763000e+00
6.944000e+01 -4.766600e+00
6.946000e+01 -4.770100e+00
6.948000e+01 -4.773700e+00
6.950000e+01 -4.777200e+00
6.952000e+01 -4.780600e+00
6.954000e+01 -4.784100e+00
6.956000e+01 -4.787500e+00
6.958000e+01 -4.790900e+00
6.960000e+01 -4.794200e+00
6.962000e+01 -4.797500e+00
6.964000e+01 -4.800800e+00
6.966000e+01 -4.804000e+00
6.968000e+01 -4.807200e+00
6.970000e+01 -4.810400e+00
6.972000e+01 -4.813500e+00
6.974000e+01 -4.816600e+00
6.976000e+01 -4.819700e+00
6.978000e+01 -4.822800e+00
6.980000e+01 -4.825800e+00
6.982000e+01 -4.828700e+00
6.984000e+01 -4.831700e+00
6.986000e+01 -4.834600e+00
6.988000e+01 -4.837500e+00
6.990000e+01 -4.840300e+00
6.992000e+01 -4.843100e+00
6.994000e+01 -4.845900e+00
6.996000e+01 -4.848600e+00
6.998000e+01 -4.851300e+00
7.000000e+01 -4.854000e+00
7.002000e+01 -4.856700e+00
7.004000e+01 -4.859300e+00
7.006000e+01 -4.861900e+00
7.008000e+01 -4.864400e+00
7.010000e+01 -4.866900e+00
7.012000e+01 -4.869400e+00
7.014000e+01 -4.871800e+00
7.016000e+01 -4.874200e+00
7.018000e+01 -4.876600e+00
7.020000e+01 -4.878900e+00
7.022000e+01 -4.881300e+00
7.024000e+01 -4.883500e+00
7.026000e+01 -4.885800e+00
7.028000e+01 -4.888000e+00
7.030000e+01 -4.890100e+00
7.032000e+01 -4.892300e+00
7.034000e+01 -4.894400e+00
7.036000e+01 -4.896500e+00
7.038000e+01 -4.898500e+00
7.040000e+01 -4.900500e+00
7.042000e+01 -4.902500e+00
7.044000e+01 -4.904400e+00
7.046000e+01 -4.906300e+00
7.048000e+01 -4.908200e+00
7.050000e+01 -4.910000e+00
7.052000e+01 -4.911800e+00
7.054000e+01 -4.913600e+00
7.056000e+01 -4.915300e+00
7.058000e+01 -4.917000e+00
7.060000e+01 -4.918600e+00
7.062000e+01 -4.920300e+00
7.064000e+01 -4.921900e+00
7.066000e+01 -4.923400e+00
7.068000e+01 -4.924900e+00
7.070000e+01 -4.926400e+00
7.072000e+01 -4.927900e+00
7.074000e+01 -4.929300e+00
7.076000e+01 -4.930700e+00
7.078000e+01 -4.932000e+00
7.080000e+01 -4.933300e+00
7.082000e+01 -4.934600e+00
7.084000e+01 -4.935900e+00
7.086000e+01 -4.937100e+00
7.088000e+01 -4.938300e+00
7.090000e+01 -4.939400e+00
7.092000e+01 -4.940500e+00
7.094000e+01 -4.941600e+00
7.096000e+01 -4.942600e+00
7.098000e+01 -4.943600e+00
7.100000e+01 -4.944600e+00
7.102000e+01 -4.945500e+00
7.104000e+01 -4.946400e+00
7.106000e+01 -4.947300e+00
7.108000e+01 -4.948100e+00
7.110000e+01 -4.948900e+00
7.112000e+01 -4.949700e+00
7.114000e+01 -4.950400e+00
7.116000e+01 -4.951100e+00
7.118000e+01 -4.951700e+00
7.120000e+01 -4.952400e+00
7.122000e+01 -4.952900e+00
7.124000e+01 -4.953500e+00
7.126000e+01 -4.954000e+00
7.128000e+01 -4.954500e+00
7.130000e+01 -4.954900e+00
7.132000e+01 -4.955400e+00
7.134000e+01 -4.955700e+00
7.136000e+01 -4.956100e+00
7.138000e+01 -4.956400e+00
7.140000e+01 -4.956700e+00
7.142000e+01 -4.956900e+00
7.144000e+01 -4.957100e+00
7.146000e+01 -4.957300e+00
7.148000e+01 -4.957400e+00
7.150000e+01 -4.957500e+00
7.152000e+01 -4.957600e+00
7.154000e+01 -4.957600e+00
7.156000e+01 -4.957600e+00
7.158000e+01 -4.957600e+00
7.160000e+01 -4.957500e+00
7.162000e+01 -4.957400e+00
7.164000e+01 -4.957200e+00
7.166000e+01 -4.957100e+00
7.168000e+01 -4.956800e+00
7.170000e+01 -4.956600e+00
7.172000e+01 -4.956300e+00
7.174000e+01 -4.956000e+00
7.176000e+01 -4.955700e+00
7.178000e+01 -4.955300e+00
7.180000e+01 -4.954800e+00
7.182000e+01 -4.954400e+00
7.184000e+01 -4.953900e+00
7.186000e+01 -4.953400e+00
7.188000e+01 -4.952800e+00
7.190000e+01 -4.952200e+00
7.192000e+01 -4.951600e+00
7.194000e+01 -4.951000e+00
7.196000e+01 -4.950300e+00
7.198000e+01 -4.949500e+00
7.200000e+01 -4.948800e+00
7.202000e+01 -4.948000e+00
7.204000e+01 -4.947200e+00
7.206000e+01 -4.946300e+00
7.208000e+01 -4.945400e+00
7.210000e+01 -4.944500e+00
7.212000e+01 -4.943500e+00
7.214000e+01 -4.942500e+00
7.216000e+01 -4.941500e+00
7.218000e+01 -4.940400e+00
7.220000e+01 -4.939300e+00
7.222000e+01 -4.938200e+00
7.224000e+01 -4.937000e+00
7.226000e+01 -4.935800e+00
7.228000e+01 -4.934600e+00
7.230000e+01 -4.933300e+00
7.232000e+01 -4.932000e+00
7.234000e+01 -4.930600e+00
7.236000e+01 -4.929300e+00
7.238000e+01 -4.927900e+00
7.240000e+01 -4.926400e+00
7.242000e+01 -4.925000e+00
7.244000e+01 -4.923500e+00
7.246000e+01 -4.921900e+00
7.248000e+01 -4.920300e+00
7.250000e+01 -4.918700e+00
7.252000e+01 -4.917100e+00
7.254000e+01 -4.915400e+00
7.256000e+01 -4.913700e+00
7.258000e+01 -4.912000e+00
7.260000e+01 -4.910200e+00
7.262000e+01 -4.908400e+00
7.264000e+01 -4.906500e+00
7.266000e+01 -4.904600e+00
7.268000e+01 -4.902700e+00
7.270000e+01 -4.900800e+00
7.272000e+01 -4.898800e+00
7.274000e+01 -4.896800e+00
7.276000e+01 -4.894800e+00
7.278000e+01 -4.892700e+00
7.280000e+01 -4.890600e+00
7.282000e+01 -4.888400e+00
7.284000e+01 -4.886200e+00
7.286000e+01 -4.884000e+00
7.288000e+01 -4.881800e+00
7.290000e+01 -4.879500e+00
7.292000e+01 -4.877200e+00
7.294000e+01 -4.874800e+00
7.296000e+01 -4.872400e+00
7.298000e+01 -4.870000e+00
7.300000e+01 -4.867600e+00
7.302000e+01 -4.865100e+00
7.304000e+01 -4.862600e+00
7.306000e+01 -4.860000e+00
7.308000e+01 -4.857400e+00
7.310000e+01 -4.854800e+00
7.312000e+01 -4.852200e+00
7.314000e+01 -4.849500e+00
7.316000e+01 -4.846800e+00
7.318000e+01 -4.844000e+00
7.320000e+01 -4.841200e+00
7.322000e+01 -4.838400e+00
7.324000e+01 -4.835600e+00
7.326000e+01 -4.832700e+00
7.328000e+01 -4.829800e+00
7.330000e+01 -4.826800e+00
7.332000e+01 -4.823800e+00
7.334000e+01 -4.820800e+00
7.336000e+01 -4.817700e+00
7.338000e+01 -4.814700e+00
7.340000e+01 -4.811500e+00
7.342000e+01 -4.808400e+00
7.344000e+01 -4.805200e+00
7.346000e+01 -4.802000e+00
7.348000e+01 -4.798700e+00
7.350000e+01 -4.795400e+00
7.352000e+01 -4.792100e+00
7.354000e+01 -4.788800e+00
7.356000e+01 -4.785400e+00
7.358000e+01 -4.782000e+00
7.360000e+01 -4.778500e+00
7.362000e+01 -4.775000e+00
7.364000e+01 -4.771500e+00
7.366000e+01 -4.767900e+00
7.368000e+01 -4.764400e+00
7.370000e+01 -4.760700e+00
7.372000e+01 -4.757100e+00
7.374000e+01 -4.753400e+00
7.376000e+01 -4.749700e+00
7.378000e+01 -4.745900e+00
7.380000e+01 -4.742100e+00
7.382000e+01 -4.738300e+00
7.384000e+01 -4.734500e+00
7.386000e+01 -4.730600e+00
7.388000e+01 -4.726700e+00
7.390000e+01 -4.722700e+00
7.392000e+01 -4.718700e+00
7.394000e+01 -4.714700e+00
7.396000e+01 -4.710700e+00
7.398000e+01 -4.706600e+00
7.400000e+01 -4.702500e+00
7.402000e+01 -4.698300e+00
7.404000e+01 -4.694100e+00
7.406000e+01 -4.689900e+00
7.408000e+01 -4.685700e+00
7.410000e+01 -4.681400e+00
7.412000e+01 -4.677100e+00
7.414000e+01 -4.672700e+00
7.416000e+01 -4.668300e+00
7.418000e+01 -4.663900e+00
7.420000e+01 -4.659500e+00
7.422000e+01 -4.655000e+00
7.424000e+01 -4.650500e+00
7.426000e+01 -4.646000e+00
7.428000e+01 -4.641400e+00
7.430000e+01 -4.636800e+00
7.432000e+01 -4.632100e+00
7.434000e+01 -4.627500e+00
7.436000e+01 -4.622800e+00
7.438000e+01 -4.618000e+00
7.440000e+01 -4.613300e+00
7.442000e+01 -4.608500e+00
7.444000e+01 -4.603600e+00
7.446000e+01 -4.598800e+00
7.448000e+01 -4.593900e+00
7.450000e+01 -4.588900e+00
7.452000e+01 -4.584000e+00
7.454000e+01 -4.579000e+00
7.456000e+01 -4.573900e+00
7.458000e+01 -4.568900e+00
7.460000e+01 -4.563800e+00
7.462000e+01 -4.558700e+00
7.464000e+01 -4.553500e+00
7.466000e+01 -4.548300e+00
7.468000e+01 -4.543100e+00
7.470000e+01 -4.537900e+00
7.472000e+01 -4.532600e+00
7.474000e+01 -4.527300e+00
7.476000e+01 -4.521900e+00
7.478000e+01 -4.516600e+00
7.480000e+01 -4.511200e+00
7.482000e+01 -4.505700e+00
7.484000e+01 -4.500300e+00
7.486000e+01 -4.494800e+00
7.488000e+01 -4.489200e+00
7.490000e+01 -4.483700e+00
7.492000e+01 -4.478100e+00
7.494000e+01 -4.472500e+00
7.496000e+01 -4.466800e+00
7.498000e+01 -4.461100e+00
7.500000e+01 -4.455400e+00
7.502000e+01 -4.449700e+00
7.504000e+01 -4.443900e+00
7.506000e+01 -4.438100e+00
7.508000e+01 -4.432200e+00
7.510000e+01 -4.426400e+00
7.512000e+01 -4.420500e+00
7.514000e+01 -4.414500e+00
7.516000e+01 -4.408600e+00
7.518000e+01 -4.402600e+00
7.520000e+01 -4.396600e+00
7.522000e+01 -4.390500e+00
7.524000e+01 -4.384400e+00
7.526000e+01 -4.378300e+00
7.528000e+01 -4.372200e+00
7.530000e+01 -4.366000e+00
7.532000e+01 -4.359800e+00
7.534000e+01 -4.353600e+00
7.536000e+01 -4.347300e+00
7.538000e+01 -4.341000e+00
7.540000e+01 -4.334700e+00
7.542000e+01 -4.328300e+00
7.544000e+01 -4.322000e+00
7.546000e+01 -4.315500e+00
7.548000e+01 -4.309100e+00
7.550000e+01 -4.302600e+00
7.552000e+01 -4.296100e+00
7.554000e+01 -4.289600e+00
7.556000e+01 -4.283000e+00
7.558000e+01 -4.276400e+00
7.560000e+01 -4.269800e+00
7.562000e+01 -4.263200e+00
7.564000e+01 -4.256500e+00
7.566000e+01 -4.249800e+00
7.568000e+01 -4.243100e+00
7.570000e+01 -4.236300e+00
7.572000e+01 -4.229500e+00
7.574000e+01 -4.222700e+00
7.576000e+01 -4.215800e+00
7.578000e+01 -4.209000e+00
7.580000e+01 -4.202000e+00
7.582000e+01 -4.195100e+00
7.584000e+01 -4.188100e+00
7.586000e+01 -4.181100e+00
7.588000e+01 -4.174100e+00
7.590000e+01 -4.167100e+00
7.592000e+01 -4.160000e+00
7.594000e+01 -4.152900e+00
7.596000e+01 -4.145700e+00
7.598000e+01 -4.138600e+00
7.600000e+01 -4.131400e+00
7.602000e+01 -4.124200e+00
7.604000e+01 -4.116900e+00
7.606000e+01 -4.109600e+00
7.608000e+01 -4.102300e+00
7.610000e+01 -4.095000e+00
7.612000e+01 -4.087600e+00
7.614000e+01 -4.080200e+00
7.616000e+01 -4.072800e+00
7.618000e+01 -4.065300e+00
7.620000e+01 -4.057900e+00
7.622000e+01 -4.050400e+00
7.624000e+01 -4.042800e+00
7.626000e+01 -4.035300e+00
7.628000e+01 -4.027700e+00
7.630000e+01 -4.020100e+00
7.632000e+01 -4.012400e+00
7.634000e+01 -4.004700e+00
7.636000e+01 -3.997000e+00
7.638000e+01 -3.989300e+00
7.640000e+01 -3.981600e+00
7.642000e+01 -3.973800e+00
7.644000e+01 -3.966000e+00
7.646000e+01 -3.958100e+00
7.648000e+01 -3.950300e+00
7.650000e+01 -3.942400e+00
7.652000e+01 -3.934400e+00
7.654000e+01 -3.926500e+00
7.656000e+01 -3.918500e+00
7.658000e+01 -3.910500e+00
7.660000e+01 -3.902500e+00
7.662000e+01 -3.894400e+00
7.664000e+01 -3.886300e+00
7.666000e+01 -3.878200e+00
7.668000e+01 -3.870100e+00
7.670000e+01 -3.861900e+00
7.672000e+01 -3.853700e+00
7.674000e+01 -3.845500e+00
7.676000e+01 -3.837300e+00
7.678000e+01 -3.829000e+00
7.680000e+01 -3.820700e+00
7.682000e+01 -3.812400e+00
7.684000e+01 -3.804000e+00
7.686000e+01 -3.795600e+00
7.688000e+01 -3.787200e+00
7.690000e+01 -3.778800e+00
7.692000e+01 -3.770400e+00
7.694000e+01 -3.761900e+00
7.696000e+01 -3.753400e+00
7.698000e+01 -3.744800e+00
7.700000e+01 -3.736300e+00
7.702000e+01 -3.727700e+00
7.704000e+01 -3.719000e+00
7.706000e+01 -3.710400e+00
7.708000e+01 -3.701700e+00
7.710000e+01 -3.693000e+00
7.712000e+01 -3.684300e+00
7.714000e+01 -3.675600e+00
7.716000e+01 -3.666800e+00
7.718000e+01 -3.658000e+00
7.720000e+01 -3.649200e+00
7.722000e+01 -3.640300e+00
7.724000e+01 -3.631500e+00
7.726000e+01 -3.622600e+00
7.728000e+01 -3.613600e+00
7.730000e+01 -3.604700e+00
7.732000e+01 -3.595700e+00
7.734000e+01 -3.586700e+00
7.736000e+01 -3.577700e+00
7.738000e+01 -3.568600e+00
7.740000e+01 -3.559600e+00
7.742000e+01 -3.550500e+00
7.744000e+01 -3.541300e+00
7.746000e+01 -3.532200e+00
7.748000e+01 -3.523000e+00
7.750000e+01 -3.513800e+00
7.752000e+01 -3.504600e+00
7.754000e+01 -3.495300e+00
7.756000e+01 -3.486100e+00
7.758000e+01 -3.476800e+00
7.760000e+01 -3.467400e+00
7.762000e+01 -3.458100e+00
7.764000e+01 -3.448700e+00
7.766000e+01 -3.439300e+00
7.768000e+01 -3.429900e+00
7.770000e+01 -3.420500e+00
7.772000e+01 -3.411000e+00
7.774000e+01 -3.401500e+00
7.776000e+01 -3.392000e+00
7.778000e+01 -3.382500e+00
7.780000e+01 -3.372900e+00
7.782000e+01 -3.363300e+00
7.784000e+01 -3.353700e+00
7.786000e+01 -3.344100e+00
7.788000e+01 -3.334400e+00
7.790000e+01 -3.324800e+00
7.792000e+01 -3.315000e+00
7.794000e+01 -3.305300e+00
7.796000e+01 -3.295600e+00
7.798000e+01 -3.285800e+00
7.800000e+01 -3.276000e+00
7.802000e+01 -3.266200e+00
7.804000e+01 -3.256400e+00
7.806000e+01 -3.246500e+00
7.808000e+01 -3.236600e+00
7.810000e+01 -3.226700e+00
7.812000e+01 -3.216800e+00
7.814000e+01 -3.206800e+00
7.816000e+01 -3.196900e+00
7.818000e+01 -3.186900e+00
7.820000e+01 -3.176900e+00
7.822000e+01 -3.166800e+00
7.824000e+01 -3.156800e+00
7.826000e+01 -3.146700e+00
7.828000e+01 -3.136600e+00
7.830000e+01 -3.126500e+00
7.832000e+01 -3.116300e+00
7.834000e+01 -3.106200e+00
7.836000e+01 -3.096000e+00
7.838000e+01 -3.085800e+00
7.840000e+01 -3.075500e+00
7.842000e+01 -3.065300e+00
7.844000e+01 -3.055000e+00
7.846000e+01 -3.044700e+00
7.848000e+01 -3.034400e+00
7.850000e+01 -3.024100e+00
7.852000e+01 -3.013700e+00
7.854000e+01 -3.003300e+00
7.856000e+01 -2.992900e+00
7.858000e+01 -2.982500e+00
7.860000e+01 -2.972100e+00
7.862000e+01 -2.961600e+00
7.864000e+01 -2.951100e+00
7.866000e+01 -2.940600e+00
7.868000e+01 -2.930100e+00
7.870000e+01 -2.919600e+00
7.872000e+01 -2.909000e+00
7.874000e+01 -2.898400e+00
7.876000e+01 -2.887800e+00
7.878000e+01 -2.877200e+00
7.880000e+01 -2.866600e+00
7.882000e+01 -2.855900e+00
7.884000e+01 -2.845300e+00
7.886000e+01 -2.834600e+00
7.888000e+01 -2.823800e+00
7.890000e+01 -2.813100e+00
7.892000e+01 -2.802400e+00
7.894000e+01 -2.791600e+00
7.896000e+01 -2.780800e+00
7.898000e+01 -2.770000e+00
7.900000e+01 -2.759200e+00
7.902000e+01 -2.748300e+00
7.904000e+01 -2.737400e+00
7.906000e+01 -2.726600e+00
7.908000e+01 -2.715600e+00
7.910000e+01 -2.704700e+00
7.912000e+01 -2.693800e+00
7.914000e+01 -2.682800e+00
7.916000e+01 -2.671800e+00
7.918000e+01 -2.660800e+00
7.920000e+01 -2.649800e+00
7.922000e+01 -2.638800e+00
7.924000e+01 -2.627700e+00
7.926000e+01 -2.616700e+00
7.928000e+01 -2.605600e+00
7.930000e+01 -2.594500e+00
7.932000e+01 -2.583400e+00
7.934000e+01 -2.572200e+00
7.936000e+01 -2.561100e+00
7.938000e+01 -2.549900e+00
7.940000e+01 -2.538700e+00
7.942000e+01 -2.527500e+00
7.944000e+01 -2.516300e+00
7.946000e+01 -2.505000e+00
7.948000e+01 -2.493700e+00
7.950000e+01 -2.482500e+00
7.952000e+01 -2.471200e+00
7.954000e+01 -2.459900e+00
7.956000e+01 -2.448500e+00
7.958000e+01 -2.437200e+00
7.960000e+01 -2.425800e+00
7.962000e+01 -2.414400e+00
7.964000e+01 -2.403000e+00
7.966000e+01 -2.391600e+00
7.968000e+01 -2.380200e+00
7.970000e+01 -2.368700e+00
7.972000e+01 -2.357300e+00
7.974000e+01 -2.345800e+00
7.976000e+01 -2.334300e+00
7.978000e+01 -2.322800e+00
7.980000e+01 -2.311200e+00
7.982000e+01 -2.299700e+00
7.984000e+01 -2.288100e+00
7.986000e+01 -2.276500e+00
7.988000e+01 -2.265000e+00
7.990000e+01 -2.253300e+00
7.992000e+01 -2.241700e+00
7.994000e+01 -2.230100e+00
7.996000e+01 -2.218400e+00
7.998000e+01 -2.206700e+00
8.000000e+01 -2.195100e+00
8.002000e+01 -2.183300e+00
8.004000e+01 -2.171600e+00
8.006000e+01 -2.159900e+00
8.008000e+01 -2.148100e+00
8.010000e+01 -2.136400e+00
8.012000e+01 -2.124600e+00
8.014000e+01 -2.112800e+00
8.016000e+01 -2.101000e+00
8.018000e+01 -2.089200e+00
8.020000e+01 -2.077300e+00
8.022000e+01 -2.065500e+00
8.024000e+01 -2.053600e+00
8.026000e+01 -2.041700e+00
8.028000e+01 -2.029800e+00
8.030000e+01 -2.017900e+00
8.032000e+01 -2.006000e+00
8.034000e+01 -1.994000e+00
8.036000e+01 -1.982100e+00
8.038000e+01 -1.970100e+00
8.040000e+01 -1.958100e+00
8.042000e+01 -1.946100e+00
8.044000e+01 -1.934100e+00
8.046000e+01 -1.922100e+00
8.048000e+01 -1.910000e+00
8.050000e+01 -1.898000e+00
8.052000e+01 -1.885900e+00
8.054000e+01 -1.873800e+00
8.056000e+01 -1.861700e+00
8.058000e+01 -1.849600e+00
8.060000e+01 -1.837500e+00
8.062000e+01 -1.825400e+00
8.064000e+01 -1.813200e+00
8.066000e+01 -1.801100e+00
8.068000e+01 -1.788900e+00
8.070000e+01 -1.776700e+00
8.072000e+01 -1.764500e+00
8.074000e+01 -1.752300e+00
8.076000e+01 -1.740100e+00
8.078000e+01 -1.727900e+00
8.080000e+01 -1.715600e+00
8.082000e+01 -1.703400e+00
8.084000e+01 -1.691100e+00
8.086000e+01 -1.678800e+00
8.088000e+01 -1.666500e+00
8.090000e+01 -1.654200e+00
8.092000e+01 -1.641900e+00
8.094000e+01 -1.629600e+00
8.096000e+01 -1.617200e+00
8.098000e+01 -1.604900e+00
8.100000e+01 -1.592500e+00
8.102000e+01 -1.580100e+00
8.104000e+01 -1.567800e+00
8.106000e+01 -1.555400e+00
8.108000e+01 -1.543000e+00
8.110000e+01 -1.530500e+00
8.112000e+01 -1.518100e+00
8.114000e+01 -1.505700e+00
8.116000e+01 -1.493200e+00
8.118000e+01 -1.480800e+00
8.120000e+01 -1.468300e+00
8.122000e+01 -1.455800e+00
8.124000e+01 -1.443300e+00
8.126000e+01 -1.430900e+00
8.128000e+01 -1.418300e+00
8.130000e+01 -1.405800e+00
8.132000e+01 -1.393300e+00
8.134000e+01 -1.380800e+00
8.136000e+01 -1.368200e+00
8.138000e+01 -1.355700e+00
8.140000e+01 -1.343100e+00
8.142000e+01 -1.330500e+00
8.144000e+01 -1.318000e+00
8.146000e+01 -1.305400e+00
8.148000e+01 -1.292800e+00
8.150000e+01 -1.280200e+00
8.152000e+01 -1.267600e+00
8.154000e+01 -1.254900e+00
8.156000e+01 -1.242300e+00
8.158000e+01 -1.229700e+00
8.160000e+01 -1.217000e+00
8.162000e+01 -1.204400e+00
8.164000e+01 -1.191700e+00
8.166000e+01 -1.179000e+00
8.168000e+01 -1.166300e+00
8.170000e+01 -1.153700e+00
8.172000e+01 -1.141000e+00
8.174000e+01 -1.128300e+00
8.176000e+01 -1.115600e+00
8.178000e+01 -1.102800e+00
8.180000e+01 -1.090100e+00
8.182000e+01 -1.077400e+00
8.184000e+01 -1.064600e+00
8.186000e+01 -1.051900e+00
8.188000e+01 -1.039200e+00
8.190000e+01 -1.026400e+00
8.192000e+01 -1.013600e+00
8.194000e+01 -1.000900e+00
8.196000e+01 -9.881000e-01
8.198000e+01 -9.753000e-01
8.200000e+01 -9.625000e-01
8.202000e+01 -9.497000e-01
8.204000e+01 -9.369000e-01
8.206000e+01 -9.241000e-01
8.208000e+01 -9.113000e-01
8.210000e+01 -8.984000e-01
8.212000e+01 -8.856000e-01
8.214000e+01 -8.728000e-01
8.216000e+01 -8.599000e-01
8.218000e+01 -8.471000e-01
8.220000e+01 -8.342000e-01
8.222000e+01 -8.214000e-01
8.224000e+01 -8.085000e-01
8.226000e+01 -7.957000e-01
8.228000e+01 -7.828000e-01
8.230000e+01 -7.699000e-01
8.232000e+01 -7.570000e-01
8.234000e+01 -7.441000e-01
8.236000e+01 -7.312000e-01
8.238000e+01 -7.183000e-01
8.240000e+01 -7.054000e-01
8.242000e+01 -6.925000e-01
8.244000e+01 -6.796000e-01
8.246000e+01 -6.667000e-01
8.248000e+01 -6.538000e-01
8.250000e+01 -6.408000e-01
8.252000e+01 -6.279000e-01
8.254000e+01 -6.150000e-01
8.256000e+01 -6.020000e-01
8.258000e+01 -5.891000e-01
8.260000e+01 -5.761000e-01
8.262000e+01 -5.632000e-01
8.264000e+01 -5.502000e-01
8.266000e+01 -5.373000e-01
8.268000e+01 -5.243000e-01
8.270000e+01 -5.113000e-01
8.272000e+01 -4.984000e-01
8.274000e+01 -4.854000e-01
8.276000e+01 -4.724000e-01
8.278000e+01 -4.594000e-01
8.280000e+01 -4.464000e-01
8.282000e+01 -4.335000e-01
8.284000e+01 -4.205000e-01
8.286000e+01 -4.075000e-01
8.288000e+01 -3.945000e-01
8.290000e+01 -3.815000e-01
8.292000e+01 -3.685000e-01
8.294000e+01 -3.554000e-01
8.296000e+01 -3.424000e-01
8.298000e+01 -3.294000e-01
8.300000e+01 -3.164000e-01
8.302000e+01 -3.034000e-01
8.304000e+01 -2.904000e-01
8.306000e+01 -2.773000e-01
8.308000e+01 -2.643000e-01
8.310000e+01 -2.513000e-01
8.312000e+01 -2.383000e-01
8.314000e+01 -2.252000e-01
8.316000e+01 -2.122000e-01
8.318000e+01 -1.992000e-01
8.320000e+01 -1.861000e-01
8.322000e+01 -1.731000e-01
8.324000e+01 -1.600000e-01
8.326000e+01 -1.470000e-01
8.328000e+01 -1.340000e-01
8.330000e+01 -1.209000e-01
8.332000e+01 -1.079000e-01
8.334000e+01 -9.480000e-02
8.336000e+01 -8.180000e-02
8.338000e+01 -6.870000e-02
8.340000e+01 -5.570000e-02
8.342000e+01 -4.260000e-02
8.344000e+01 -2.960000e-02
8.346000e+01 -1.650000e-02
8.348000e+01 -3.500000e-03
8.350000e+01 9.600000e-03
8.352000e+01 2.260000e-02
8.354000e+01 3.570000e-02
8.356000e+01 4.870000e-02
8.358000e+01 6.180000e-02
8.360000e+01 7.480000e-02
8.362000e+01 8.790000e-02
8.364000e+01 1.009000e-01
8.366000e+01 1.140000e-01
8.368000e+01 1.270000e-01
8.370000e+01 1.401000e-01
8.372000e+01 1.531000e-01
8.374000e+01 1.662000e-01
8.376000e+01 1.792000e-01
8.378000e+01 1.922000e-01
8.380000e+01 2.053000e-01
8.382000e+01 2.183000e-01
8.384000e+01 2.314000e-01
8.386000e+01 2.444000e-01
8.388000e+01 2.574000e-01
8.390000e+01 2.705000e-01
8.392000e+01 2.835000e-01
8.394000e+01 2.965000e-01
8.396000e+01 3.096000e-01
8.398000e+01 3.226000e-01
8.400000e+01 3.356000e-01
8.402000e+01 3.486000e-01
8.404000e+01 3.616000e-01
8.406000e+01 3.747000e-01
8.408000e+01 3.877000e-01
8.410000e+01 4.007000e-01
8.412000e+01 4.137000e-01
8.414000e+01 4.267000e-01
8.416000e+01 4.397000e-01
8.418000e+01 4.527000e-01
8.420000e+01 4.657000e-01
8.422000e+01 4.787000e-01
8.424000e+01 4.917000e-01
8.426000e+01 5.046000e-01
8.428000e+01 5.176000e-01
8.430000e+01 5.306000e-01
8.432000e+01 5.436000e-01
8.434000e+01 5.565000e-01
8.436000e+01 5.695000e-01
8.438000e+01 5.825000e-01
8.440000e+01 5.954000e-01
8.442000e+01 6.084000e-01
8.444000e+01 6.213000e-01
8.446000e+01 6.343000e-01
8.448000e+01 6.472000e-01
8.450000e+01 6.601000e-01
8.452000e+01 6.731000e-01
8.454000e+01 6.860000e-01
8.456000e+01 6.989000e-01
8.458000e+01 7.118000e-01
8.460000e+01 7.247000e-01
8.462000e+01 7.376000e-01
8.464000e+01 7.505000e-01
8.466000e+01 7.634000e-01
8.468000e+01 7.763000e-01
8.470000e+01 7.892000e-01
8.472000e+01 8.020000e-01
8.474000e+01 8.149000e-01
8.476000e+01 8.278000e-01
8.478000e+01 8.406000e-01
8.480000e+01 8.535000e-01
8.482000e+01 8.663000e-01
8.484000e+01 8.792000e-01
8.486000e+01 8.920000e-01
8.488000e+01 9.048000e-01
8.490000e+01 9.176000e-01
8.492000e+01 9.304000e-01
8.494000e+01 9.432000e-01
8.496000e+01 9.560000e-01
8.498000e+01 9.688000e-01
8.500000e+01 9.816000e-01
8.502000e+01 9.944000e-01
8.504000e+01 1.007200e+00
8.506000e+01 1.019900e+00
8.508000e+01 1.032700e+00
8.510000e+01 1.045400e+00
8.512000e+01 1.058200e+00
8.514000e+01 1.070900e+00
8.516000e+01 1.083600e+00
8.518000e+01 1.096300e+00
8.520000e+01 1.109100e+00
8.522000e+01 1.121800e+00
8.524000e+01 1.134400e+00
8.526000e+01 1.147100e+00
8.528000e+01 1.159800e+00
8.530000e+01 1.172500e+00
8.532000e+01 1.185100e+00
8.534000e+01 1.197800e+00
8.536000e+01 1.210400e+00
8.538000e+01 1.223100e+00
8.540000e+01 1.235700e+00
8.542000e+01 1.248300e+00
8.544000e+01 1.260900e+00
8.546000e+01 1.273500e+00
8.548000e+01 1.286100e+00
8.550000e+01 1.298700e+00
8.552000e+01 1.311300e+00
8.554000e+01 1.323900e+00
8.556000e+01 1.336400e+00
8.558000e+01 1.349000e+00
8.560000e+01 1.361500e+00
8.562000e+01 1.374000e+00
8.564000e+01 1.386600e+00
8.566000e+01 1.399100e+00
8.568000e+01 1.411600e+00
8.570000e+01 1.424100e+00
8.572000e+01 1.436500e+00
8.574000e+01 1.449000e+00
8.576000e+01 1.461500e+00
8.578000e+01 1.473900e+00
8.580000e+01 1.486400e+00
8.582000e+01 1.498800e+00
8.584000e+01 1.511200e+00
8.586000e+01 1.523600e+00
8.588000e+01 1.536000e+00
8.590000e+01 1.548400e+00
8.592000e+01 1.560800e+00
8.594000e+01 1.573200e+00
8.596000e+01 1.585500e+00
8.598000e+01 1.597900e+00
8.600000e+01 1.610200e+00
8.602000e+01 1.622500e+00
8.604000e+01 1.634800e+00
8.606000e+01 1.647100e+00
8.608000e+01 1.659400e+00
8.610000e+01 1.671700e+00
8.612000e+01 1.684000e+00
8.614000e+01 1.696200e+00
8.616000e+01 1.708500e+00
8.618000e+01 1.720700e+00
8.620000e+01 1.732900e+00
8.622000e+01 1.745100e+00
8.624000e+01 1.757300e+00
8.626000e+01 1.769500e+00
8.628000e+01 1.781700e+00
8.630000e+01 1.793900e+00
8.632000e+01 1.806000e+00
8.634000e+01 1.818200e+00
8.636000e+01 1.830300e+00
8.638000e+01 1.842400e+00
8.640000e+01 1.854500e+00
8.642000e+01 1.866600e+00
8.644000e+01 1.878700e+00
8.646000e+01 1.890700e+00
8.648000e+01 1.902800e+00
8.650000e+01 1.914800e+00
8.652000e+01 1.926800e+00
8.654000e+01 1.938800e+00
8.656000e+01 1.950800e+00
8.658000e+01 1.962800e+00
8.660000e+01 1.974800e+00
8.662000e+01 1.986700e+00
8.664000e+01 1.998700e+00
8.666000e+01 2.010600e+00
8.668000e+01 2.022500e+00
8.670000e+01 2.034400e+00
8.672000e+01 2.046300e+00
8.674000e+01 2.058200e+00
8.676000e+01 2.070000e+00
8.678000e+01 2.081900e+00
8.680000e+01 2.093700e+00
8.682000e+01 2.105500e+00
8.684000e+01 2.117300e+00
8.686000e+01 2.129100e+00
8.688000e+01 2.140900e+00
8.690000e+01 2.152600e+00
8.692000e+01 2.164400e+00
8.694000e+01 2.176100e+00
8.696000e+01 2.187800e+00
8.698000e+01 2.199500e+00
8.700000e+01 2.211200e+00
8.702000e+01 2.222900e+00
8.704000e+01 2.234500e+00
8.706000e+01 2.246100e+00
8.708000e+01 2.257800e+00
8.710000e+01 2.269400e+00
8.712000e+01 2.281000e+00
8.714000e+01 2.292500e+00
8.716000e+01 2.304100e+00
8.718000e+01 2.315600e+00
8.720000e+01 2.327100e+00
8.722000e+01 2.338700e+00
8.724000e+01 2.350100e+00
8.726000e+01 2.361600e+00
8.728000e+01 2.373100e+00
8.730000e+01 2.384500e+00
8.732000e+01 2.395900e+00
8.734000e+01 2.407300e+00
8.736000e+01 2.418700e+00
8.738000e+01 2.430100e+00
8.740000e+01 2.441500e+00
8.742000e+01 2.452800e+00
8.744000e+01 2.464100e+00
8.746000e+01 2.475400e+00
8.748000e+01 2.486700e+00
8.750000e+01 2.498000e+00
8.752000e+01 2.509200e+00
8.754000e+01 2.520500e+00
8.756000e+01 2.531700e+00
8.758000e+01 2.542900e+00
8.760000e+01 2.554100e+00
8.762000e+01 2.565200e+00
8.764000e+01 2.576400e+00
8.766000e+01 2.587500e+00
8.768000e+01 2.598600e+00
8.770000e+01 2.609700e+00
8.772000e+01 2.620800e+00
8.774000e+01 2.631800e+00
8.776000e+01 2.642900e+00
8.778000e+01 2.653900e+00
8.780000e+01 2.664900e+00
8.782000e+01 2.675900e+00
8.784000e+01 2.686800e+00
8.786000e+01 2.697800e+00
8.788000e+01 2.708700e+00
8.790000e+01 2.719600e+00
8.792000e+01 2.730500e+00
8.794000e+01 2.741400e+00
8.796000e+01 2.752200e+00
8.798000e+01 2.763000e+00
8.800000e+01 2.773800e+00
8.802000e+01 2.784600e+00
8.804000e+01 2.795400e+00
8.806000e+01 2.806100e+00
8.808000e+01 2.816900e+00
8.810000e+01 2.827600e+00
8.812000e+01 2.838300e+00
8.814000e+01 2.848900e+00
8.816000e+01 2.859600e+00
8.818000e+01 2.870200e+00
8.820000e+01 2.880800e+00
8.822000e+01 2.891400e+00
8.824000e+01 2.902000e+00
8.826000e+01 2.912500e+00
8.828000e+01 2.923100e+00
8.830000e+01 2.933600e+00
8.832000e+01 2.944100e+00
8.834000e+01 2.954500e+00
8.836000e+01 2.965000e+00
8.838000e+01 2.975400e+00
8.840000e+01 2.985800e+00
8.842000e+01 2.996200e+00
8.844000e+01 3.006600e+00
8.846000e+01 3.016900e+00
8.848000e+01 3.027200e+00
8.850000e+01 3.037500e+00
8.852000e+01 3.047800e+00
8.854000e+01 3.058100e+00
8.856000e+01 3.068300e+00
8.858000e+01 3.078500e+00
8.860000e+01 3.088700e+00
8.862000e+01 3.098900e+00
8.864000e+01 3.109000e+00
8.866000e+01 3.119200e+00
8.868000e+01 3.129300e+00
8.870000e+01 3.139300e+00
8.872000e+01 3.149400e+00
8.874000e+01 3.159500e+00
8.876000e+01 3.169500e+00
8.878000e+01 3.179500e+00
8.880000e+01 3.189500e+00
8.882000e+01 3.199400e+00
8.884000e+01 3.209300e+00
8.886000e+01 3.219300e+00
8.888000e+01 3.229100e+00
8.890000e+01 3.239000e+00
8.892000e+01 3.248900e+00
8.894000e+01 3.258700e+00
8.896000e+01 3.268500e+00
8.898000e+01 3.278200e+00
8.900000e+01 3.288000e+00
8.902000e+01 3.297700e+00
8.904000e+01 3.307400e+00
8.906000e+01 3.317100e+00
8.908000e+01 3.326800e+00
8.910000e+01 3.336400e+00
8.912000e+01 3.346000e+00
8.914000e+01 3.355600e+00
8.916000e+01 3.365200e+00
8.918000e+01 3.374800e+00
8.920000e+01 3.384300e+00
8.922000e+01 3.393800e+00
8.924000e+01 3.403300e+00
8.926000e+01 3.412700e+00
8.928000e+01 3.422100e+00
8.930000e+01 3.431600e+00
8.932000e+01 3.440900e+00
8.934000e+01 3.450300e+00
8.936000e+01 3.459600e+00
8.938000e+01 3.468900e+00
8.940000e+01 3.478200e+00
8.942000e+01 3.487500e+00
8.944000e+01 3.496700e+00
8.946000e+01 3.506000e+00
8.948000e+01 3.515200e+00
8.950000e+01 3.524300e+00
8.952000e+01 3.533500e+00
8.954000e+01 3.542600e+00
8.956000e+01 3.551700e+00
8.958000e+01 3.560800e+00
8.960000e+01 3.569800e+00
8.962000e+01 3.578800e+00
8.964000e+01 3.587800e+00
8.966000e+01 3.596800e+00
8.968000e+01 3.605700e+00
8.970000e+01 3.614700e+00
8.972000e+01 3.623600e+00
8.974000e+01 3.632400e+00
8.976000e+01 3.641300e+00
8.978000e+01 3.650100e+00
8.980000e+01 3.658900e+00
8.982000e+01 3.667700e+00
8.984000e+01 3.676400e+00
8.986000e+01 3.685100e+00
8.988000e+01 3.693800e+00
8.990000e+01 3.702500e+00
8.992000e+01 3.711200e+00
8.994000e+01 3.719800e+00
8.996000e+01 3.728400e+00
8.998000e+01 3.736900e+00
9.000000e+01 3.745500e+00
9.002000e+01 3.754000e+00
9.004000e+01 3.762500e+00
9.006000e+01 3.771000e+00
9.008000e+01 3.779400e+00
9.010000e+01 3.787800e+00
9.012000e+01 3.796200e+00
9.014000e+01 3.804500e+00
9.016000e+01 3.812900e+00
9.018000e+01 3.821200e+00
9.020000e+01 3.829500e+00
9.022000e+01 3.837700e+00
9.024000e+01 3.845900e+00
9.026000e+01 3.854100e+00
9.028000e+01 3.862300e+00
9.030000e+01 3.870500e+00
9.032000e+01 3.878600e+00
9.034000e+01 3.886700e+00
9.036000e+01 3.894700e+00
9.038000e+01 3.902800e+00
9.040000e+01 3.910800e+00
9.042000e+01 3.918800e+00
9.044000e+01 3.926700e+00
9.046000e+01 3.934700e+00
9.048000e+01 3.942600e+00
9.050000e+01 3.950400e+00
9.052000e+01 3.958300e+00
9.054000e+01 3.966100e+00
9.056000e+01 3.973900e+00
9.058000e+01 3.981600e+00
9.060000e+01 3.989400e+00
9.062000e+01 3.997100e+00
9.064000e+01 4.004800e+00
9.066000e+01 4.012400e+00
9.068000e+01 4.020000e+00
9.070000e+01 4.027600e+00
9.072000e+01 4.035200e+00
9.074000e+01 4.042700e+00
9.076000e+01 4.050200e+00
9.078000e+01 4.057700e+00
9.080000e+01 4.065200e+00
9.082000e+01 4.072600e+00
9.084000e+01 4.080000e+00
9.086000e+01 4.087400e+00
9.088000e+01 4.094700e+00
9.090000e+01 4.102000e+00
9.092000e+01 4.109300e+00
9.094000e+01 4.116500e+00
9.096000e+01 4.123800e+00
9.098000e+01 4.131000e+00
9.100000e+01 4.138100e+00
9.102000e+01 4.145300e+00
9.104000e+01 4.152400e+00
9.106000e+01 4.159500e+00
9.108000e+01 4.166500e+00
9.110000e+01 4.173500e+00
9.112000e+01 4.180500e+00
9.114000e+01 4.187500e+00
9.116000e+01 4.194400e+00
9.118000e+01 4.201300e+00
9.120000e+01 4.208200e+00
9.122000e+01 4.215000e+00
9.124000e+01 4.221800e+00
9.126000e+01 4.228600e+00
9.128000e+01 4.235400e+00
9.130000e+01 4.242100e+00
9.132000e+01 4.248800e+00
9.134000e+01 4.255500e+00
9.136000e+01 4.262100e+00
9.138000e+01 4.268700e+00
9.140000e+01 4.275300e+00
9.142000e+01 4.281900e+00
9.144000e+01 4.288400e+00
9.146000e+01 4.294900e+00
9.148000e+01 4.301300e+00
9.150000e+01 4.307700e+00
9.152000e+01 4.314100e+00
9.154000e+01 4.320500e+00
9.156000e+01 4.326900e+00
9.158000e+01 4.333200e+00
9.160000e+01 4.339400e+00
9.162000e+01 4.345700e+00
9.164000e+01 4.351900e+00
9.166000e+01 4.358100e+00
9.168000e+01 4.364300e+00
9.170000e+01 4.370400e+00
9.172000e+01 4.376500e+00
9.174000e+01 4.382600e+00
9.176000e+01 4.388600e+00
9.178000e+01 4.394600e+00
9.180000e+01 4.400600e+00
9.182000e+01 4.406500e+00
9.184000e+01 4.412400e+00
9.186000e+01 4.418300e+00
9.188000e+01 4.424200e+00
9.190000e+01 4.430000e+00
9.192000e+01 4.435800e+00
9.194000e+01 4.441600e+00
9.196000e+01 4.447300e+00
9.198000e+01 4.453000e+00
9.200000e+01 4.458700e+00
9.202000e+01 4.464300e+00
9.204000e+01 4.469900e+00
9.206000e+01 4.475500e+00
9.208000e+01 4.481000e+00
9.210000e+01 4.486500e+00
9.212000e+01 4.492000e+00
9.214000e+01 4.497500e+00
9.216000e+01 4.502900e+00
9.218000e+01 4.508300e+00
9.220000e+01 4.513700e+00
9.222000e+01 4.519000e+00
9.224000e+01 4.524300e+00
9.226000e+01 4.529600e+00
9.228000e+01 4.534800e+00
9.230000e+01 4.540000e+00
9.232000e+01 4.545200e+00
9.234000e+01 4.550300e+00
9.236000e+01 4.555400e+00
9.238000e+01 4.560500e+00
9.240000e+01 4.565600e+00
9.242000e+01 4.570600e+00
9.244000e+01 4.575600e+00
9.246000e+01 4.580500e+00
9.248000e+01 4.585500e+00
9.250000e+01 4.590300e+00
9.252000e+01 4.595200e+00
9.254000e+01 4.600000e+00
9.256000e+01 4.604800e+00
9.258000e+01 4.609600e+00
9.260000e+01 4.614300e+00
9.262000e+01 4.619000e+00
9.264000e+01 4.623700e+00
9.266000e+01 4.628300e+00
9.268000e+01 4.632900e+00
9.270000e+01 4.637500e+00
9.272000e+01 4.642100e+00
9.274000e+01 4.646600e+00
9.276000e+01 4.651100e+00
9.278000e+01 4.655500e+00
9.280000e+01 4.659900e+00
9.282000e+01 4.664300e+00
9.284000e+01 4.668600e+00
9.286000e+01 4.673000e+00
9.288000e+01 4.677200e+00
9.290000e+01 4.681500e+00
9.292000e+01 4.685700e+00
9.294000e+01 4.689900e+00
9.296000e+01 4.694100e+00
9.298000e+01 4.698200e+00
9.300000e+01 4.702300e+00
9.302000e+01 4.706300e+00
9.304000e+01 4.710400e+00
9.306000e+01 4.714300e+00
9.308000e+01 4.718300e+00
9.310000e+01 4.722200e+00
9.312000e+01 4.726100e+00
9.314000e+01 4.730000e+00
9.316000e+01 4.733800e+00
9.318000e+01 4.737600e+00
9.320000e+01 4.741400e+00
9.322000e+01 4.745100e+00
9.324000e+01 4.748800e+00
9.326000e+01 4.752500e+00
9.328000e+01 4.756100e+00
9.330000e+01 4.759700e+00
9.332000e+01 4.763300e+00
9.334000e+01 4.766800e+00
9.336000e+01 4.770300e+00
9.338000e+01 4.773800e+00
9.340000e+01 4.777200e+00
9.342000e+01 4.780600e+00
9.344000e+01 4.784000e+00
9.346000e+01 4.787300e+00
9.348000e+01 4.790600e+00
9.350000e+01 4.793900e+00
9.352000e+01 4.797100e+00
9.354000e+01 4.800300e+00
9.356000e+01 4.803400e+00
9.358000e+01 4.806600e+00
9.360000e+01 4.809700e+00
9.362000e+01 4.812700e+00
9.364000e+01 4.815800e+00
9.366000e+01 4.818800e+00
9.368000e+01 4.821700e+00
9.370000e+01 4.824700e+00
9.372000e+01 4.827600e+00
9.374000e+01 4.830400e+00
9.376000e+01 4.833200e+00
9.378000e+01 4.836000e+00
9.380000e+01 4.838800e+00
9.382000e+01 4.841500e+00
9.384000e+01 4.844200e+00
9.386000e+01 4.846900e+00
9.388000e+01 4.849500e+00
9.390000e+01 4.852100e+00
9.392000e+01 4.854600e+00
9.394000e+01 4.857200e+00
9.396000e+01 4.859700e+00
9.398000e+01 4.862100e+00
9.400000e+01 4.864500e+00
9.402000e+01 4.866900e+00
9.404000e+01 4.869300e+00
9.406000e+01 4.871600e+00
9.408000e+01 4.873900e+00
9.410000e+01 4.876100e+00
9.412000e+01 4.878300e+00
9.414000e+01 4.880500e+00
9.416000e+01 4.882700e+00
9.418000e+01 4.884800e+00
9.420000e+01 4.886900e+00
9.422000e+01 4.888900e+00
9.424000e+01 4.890900e+00
9.426000e+01 4.892900e+00
9.428000e+01 4.894900e+00
9.430000e+01 4.896800e+00
9.432000e+01 4.898600e+00
9.434000e+01 4.900500e+00
9.436000e+01 4.902300e+00
9.438000e+01 4.904100e+00
9.440000e+01 4.905800e+00
9.442000e+01 4.907500e+00
9.444000e+01 4.909200e+00
9.446000e+01 4.910800e+00
9.448000e+01 4.912400e+00
9.450000e+01 4.914000e+00
9.452000e+01 4.915500e+00
9.454000e+01 4.917000e+00
9.456000e+01 4.918500e+00
9.458000e+01 4.919900e+00
9.460000e+01 4.921300e+00
9.462000e+01 4.922700e+00
9.464000e+01 4.924000e+00
9.466000e+01 4.925300e+00
9.468000e+01 4.926600e+00
9.470000e+01 4.927800e+00
9.472000e+01 4.929000e+00
9.474000e+01 4.930100e+00
9.476000e+01 4.931300e+00
9.478000e+01 4.932400e+00
9.480000e+01 4.933400e+00
9.482000e+01 4.934400e+00
9.484000e+01 4.935400e+00
9.486000e+01 4.936400e+00
9.488000e+01 4.937300e+00
9.490000e+01 4.938200e+00
9.492000e+01 4.939100e+00
9.494000e+01 4.939900e+00
9.496000e+01 4.940700e+00
9.498000e+01 4.941400e+00
9.500000e+01 4.942100e+00
9.502000e+01 4.942800e+00
9.504000e+01 4.943500e+00
9.506000e+01 4.944100e+00
9.508000e+01 4.944600e+00
9.510000e+01 4.945200e+00
9.512000e+01 4.945700e+00
9.514000e+01 4.946200e+00
9.516000e+01 4.946600e+00
9.518000e+01 4.947000e+00
9.520000e+01 4.947400e+00
9.522000e+01 4.947800e+00
9.524000e+01 4.948100e+00
9.526000e+01 4.948300e+00
9.528000e+01 4.948600e+00
9.530000e+01 4.948800e+00
9.532000e+01 4.949000e+00
9.534000e+01 4.949100e+00
9.536000e+01 4.949200e+00
9.538000e+01 4.949300e+00
9.540000e+01 4.949300e+00
9.542000e+01 4.949300e+00
9.544000e+01 4.949300e+00
9.546000e+01 4.949200e+00
9.548000e+01 4.949100e+00
9.550000e+01 4.949000e+00
9.552000e+01 4.948800e+00
9.554000e+01 4.948600e+00
9.556000e+01 4.948400e+00
9.558000e+01 4.948100e+00
9.560000e+01 4.947800e+00
9.562000e+01 4.947400e+00
9.564000e+01 4.947100e+00
9.566000e+01 4.946700e+00
9.568000e+01 4.946200e+00
9.570000e+01 4.945700e+00
9.572000e+01 4.945200e+00
9.574000e+01 4.944700e+00
9.576000e+01 4.944100e+00
9.578000e+01 4.943500e+00
9.580000e+01 4.942800e+00
9.582000e+01 4.942200e+00
9.584000e+01 4.941400e+00
9.586000e+01 4.940700e+00
9.588000e+01 4.939900e+00
9.590000e+01 4.939100e+00
9.592000e+01 4.938200e+00
9.594000e+01 4.937400e+00
9.596000e+01 4.936400e+00
9.598000e+01 4.935500e+00
9.600000e+01 4.934500e+00
9.602000e+01 4.933500e+00
9.604000e+01 4.932400e+00
9.606000e+01 4.931300e+00
9.608000e+01 4.930200e+00
9.610000e+01 4.929000e+00
9.612000e+01 4.927800e+00
9.614000e+01 4.926600e+00
9.616000e+01 4.925300e+00
9.618000e+01 4.924000e+00
9.620000e+01 4.922700e+00
9.622000e+01 4.921300e+00
9.624000e+01 4.919900e+00
9.626000e+01 4.918500e+00
9.628000e+01 4.917000e+00
9.630000e+01 4.915500e+00
9.632000e+01 4.914000e+00
9.634000e+01 4.912400e+00
9.636000e+01 4.910800e+00
9.638000e+01 4.909200e+00
9.640000e+01 4.907500e+00
9.642000e+01 4.905800e+00
9.644000e+01 4.904100e+00
9.646000e+01 4.902300e+00
9.648000e+01 4.900500e+00
9.650000e+01 4.898600e+00
9.652000e+01 4.896700e+00
9.654000e+01 4.894800e+00
9.656000e+01 4.892900e+00
9.658000e+01 4.890900e+00
9.660000e+01 4.888900e+00
9.662000e+01 4.886800e+00
9.664000e+01 4.884700e+00
9.666000e+01 4.882600e+00
9.668000e+01 4.880500e+00
9.670000e+01 4.878300e+00
9.672000e+01 4.876100e+00
9.674000e+01 4.873800e+00
9.676000e+01 4.871500e+00
9.678000e+01 4.869200e+00
9.680000e+01 4.866800e+00
9.682000e+01 4.864500e+00
9.684000e+01 4.862000e+00
9.686000e+01 4.859600e+00
9.688000e+01 4.857100e+00
9.690000e+01 4.854600e+00
9.692000e+01 4.852000e+00
9.694000e+01 4.849400e+00
9.696000e+01 4.846800e+00
9.698000e+01 4.844100e+00
9.700000e+01 4.841400e+00
9.702000e+01 4.838700e+00
9.704000e+01 4.835900e+00
9.706000e+01 4.833100e+00
9.708000e+01 4.830300e+00
9.710000e+01 4.827400e+00
9.712000e+01 4.824500e+00
9.714000e+01 4.821600e+00
9.716000e+01 4.818600e+00
9.718000e+01 4.815700e+00
9.720000e+01 4.812600e+00
9.722000e+01 4.809600e+00
9.724000e+01 4.806500e+00
9.726000e+01 4.803300e+00
9.728000e+01 4.800200e+00
9.730000e+01 4.797000e+00
9.732000e+01 4.793700e+00
9.734000e+01 4.790500e+00
9.736000e+01 4.787200e+00
9.738000e+01 4.783800e+00
9.740000e+01 4.780500e+00
9.742000e+01 4.777100e+00
9.744000e+01 4.773600e+00
9.746000e+01 4.770200e+00
9.748000e+01 4.766700e+00
9.750000e+01 4.763100e+00
9.752000e+01 4.759600e+00
9.754000e+01 4.756000e+00
9.756000e+01 4.752400e+00
9.758000e+01 4.748700e+00
9.760000e+01 4.745000e+00
9.762000e+01 4.741300e+00
9.764000e+01 4.737500e+00
9.766000e+01 4.733700e+00
9.768000e+01 4.729900e+00
9.770000e+01 4.726000e+00
9.772000e+01 4.722100e+00
9.774000e+01 4.718200e+00
9.776000e+01 4.714300e+00
9.778000e+01 4.710300e+00
9.780000e+01 4.706200e+00
9.782000e+01 4.702200e+00
9.784000e+01 4.698100e+00
9.786000e+01 4.694000e+00
9.788000e+01 4.689800e+00
9.790000e+01 4.685600e+00
9.792000e+01 4.681400e+00
9.794000e+01 4.677200e+00
9.796000e+01 4.672900e+00
9.798000e+01 4.668600e+00
9.800000e+01 4.664200e+00
9.802000e+01 4.659900e+00
9.804000e+01 4.655400e+00
9.806000e+01 4.651000e+00
9.808000e+01 4.646500e+00
9.810000e+01 4.642000e+00
9.812000e+01 4.637500e+00
9.814000e+01 4.632900e+00
9.816000e+01 4.628300e+00
9.818000e+01 4.623700e+00
9.820000e+01 4.619000e+00
9.822000e+01 4.614300e+00
9.824000e+01 4.609600e+00
9.826000e+01 4.604800e+00
9.828000e+01 4.600000e+00
9.830000e+01 4.595200e+00
9.832000e+01 4.590300e+00
9.834000e+01 4.585400e+00
9.836000e+01 4.580500e+00
9.838000e+01 4.575600e+00
9.840000e+01 4.570600e+00
9.842000e+01 4.565600e+00
9.844000e+01 4.560500e+00
9.846000e+01 4.555400e+00
9.848000e+01 4.550300e+00
9.850000e+01 4.545200e+00
9.852000e+01 4.540000e+00
9.854000e+01 4.534800e+00
9.856000e+01 4.529600e+00
9.858000e+01 4.524300e+00
9.860000e+01 4.519000e+00
9.862000e+01 4.513700e+00
9.864000e+01 4.508300e+00
9.866000e+01 4.502900e+00
9.868000e+01 4.497500e+00
9.870000e+01 4.492100e+00
9.872000e+01 4.486600e+00
9.874000e+01 4.481100e+00
9.876000e+01 4.475500e+00
9.878000e+01 4.469900e+00
9.880000e+01 4.464300e+00
9.882000e+01 4.458700e+00
9.884000e+01 4.453000e+00
9.886000e+01 4.447300e+00
9.888000e+01 4.441600e+00
9.890000e+01 4.435800e+00
9.892000e+01 4.430000e+00
9.894000e+01 4.424200e+00
9.896000e+01 4.418300e+00
9.898000e+01 4.412500e+00
9.900000e+01 4.406500e+00
9.902000e+01 4.400600e+00
9.904000e+01 4.394600e+00
9.906000e+01 4.388600e+00
9.908000e+01 4.382600e+00
9.910000e+01 4.376500e+00
9.912000e+01 4.370400e+00
9.914000e+01 4.364300e+00
9.916000e+01 4.358100e+00
9.918000e+01 4.351900e+00
9.920000e+01 4.345700e+00
9.922000e+01 4.339500e+00
9.924000e+01 4.333200e+00
9.926000e+01 4.326900e+00
9.928000e+01 4.320600e+00
9.930000e+01 4.314200e+00
9.932000e+01 4.307800e+00
9.934000e+01 4.301400e+00
9.936000e+01 4.294900e+00
9.938000e+01 4.288400e+00
9.940000e+01 4.281900e+00
9.942000e+01 4.275300e+00
9.944000e+01 4.268800e+00
9.946000e+01 4.262200e+00
9.948000e+01 4.255500e+00
9.950000e+01 4.248900e+00
9.952000e+01 4.242200e+00
9.954000e+01 4.235400e+00
9.956000e+01 4.228700e+00
9.958000e+01 4.221900e+00
9.960000e+01 4.215100e+00
9.962000e+01 4.208200e+00
9.964000e+01 4.201400e+00
9.966000e+01 4.194500e+00
9.968000e+01 4.187500e+00
9.970000e+01 4.180600e+00
9.972000e+01 4.173600e+00
9.974000e+01 4.166600e+00
9.976000e+01 4.159500e+00
9.978000e+01 4.152400e+00
9.980000e+01 4.145300e+00
9.982000e+01 4.138200e+00
9.984000e+01 4.131000e+00
9.986000e+01 4.123800e+00
9.988000e+01 4.116600e+00
9.990000e+01 4.109400e+00
9.992000e+01 4.102100e+00
9.994000e+01 4.094800e+00
9.996000e+01 4.087400e+00
9.998000e+01 4.080100e+00
1.000000e+02 4.072700e+00
1.000200e+02 4.065300e+00
1.000400e+02 4.057800e+00
1.000600e+02 4.050300e+00
1.000800e+02 4.042800e+00
1.001000e+02 4.035300e+00
1.001200e+02 4.027700e+00
1.001400e+02 4.020200e+00
1.001600e+02 4.012500e+00
1.001800e+02 4.004900e+00
1.002000e+02 3.997200e+00
1.002200e+02 3.989500e+00
1.002400e+02 3.981800e+00
1.002600e+02 3.974000e+00
1.002800e+02 3.966200e+00
1.003000e+02 3.958400e+00
1.003200e+02 3.950600e+00
1.003400e+02 3.942700e+00
1.003600e+02 3.934800e+00
1.003800e+02 3.926900e+00
1.004000e+02 3.919000e+00
1.004200e+02 3.911000e+00
1.004400e+02 3.903000e+00
1.004600e+02 3.894900e+00
1.004800e+02 3.886900e+00
1.005000e+02 3.878800e+00
1.005200e+02 3.870700e+00
1.005400e+02 3.862500e+00
1.005600e+02 3.854400e+00
1.005800e+02 3.846200e+00
1.006000e+02 3.838000e+00
1.006200e+02 3.829700e+00
1.006400e+02 3.821400e+00
1.006600e+02 3.813100e+00
1.006800e+02 3.804800e+00
1.007000e+02 3.796500e+00
1.007200e+02 3.788100e+00
1.007400e+02 3.779700e+00
1.007600e+02 3.771300e+00
1.007800e+02 3.762800e+00
1.008000e+02 3.754300e+00
1.008200e+02 3.745800e+00
1.008400e+02 3.737300e+00
1.008600e+02 3.728700e+00
1.008800e+02 3.720100e+00
1.009000e+02 3.711500e+00
1.009200e+02 3.702900e+00
1.009400e+02 3.694200e+00
1.009600e+02 3.685500e+00
1.009800e+02 3.676800e+00
1.010000e+02 3.668100e+00
1.010200e+02 3.659300e+00
1.010400e+02 3.650500e+00
1.010600e+02 3.641700e+00
1.010800e+02 3.632800e+00
1.011000e+02 3.624000e+00
1.011200e+02 3.615100e+00
1.011400e+02 3.606200e+00
1.011600e+02 3.597200e+00
1.011800e+02 3.588300e+00
1.012000e+02 3.579300e+00
1.012200e+02 3.570300e+00
1.012400e+02 3.561200e+00
1.012600e+02 3.552200e+00
1.012800e+02 3.543100e+00
1.013000e+02 3.534000e+00
1.013200e+02 3.524800e+00
1.013400e+02 3.515700e+00
1.013600e+02 3.506500e+00
1.013800e+02 3.497300e+00
1.014000e+02 3.488000e+00
1.014200e+02 3.478800e+00
1.014400e+02 3.469500e+00
1.014600e+02 3.460200e+00
1.014800e+02 3.450900e+00
1.015000e+02 3.441500e+00
1.015200e+02 3.432100e+00
1.015400e+02 3.422700e+00
1.015600e+02 3.413300e+00
1.015800e+02 3.403900e+00
1.016000e+02 3.394400e+00
1.016200e+02 3.384900e+00
1.016400e+02 3.375400e+00
1.016600e+02 3.365800e+00
1.016800e+02 3.356300e+00
1.017000e+02 3.346700e+00
1.017200e+02 3.337100e+00
1.017400e+02 3.327400e+00
1.017600e+02 3.317800e+00
1.017800e+02 3.308100e+00
1.018000e+02 3.298400e+00
1.018200e+02 3.288700e+00
1.018400e+02 3.278900e+00
1.018600e+02 3.269200e+00
1.018800e+02 3.259400e+00
1.019000e+02 3.249600e+00
1.019200e+02 3.239700e+00
1.019400e+02 3.229900e+00
1.019600e+02 3.220000e+00
1.019800e+02 3.210100e+00
1.020000e+02 3.200200e+00
1.020200e+02 3.190200e+00
1.020400e+02 3.180200e+00
1.020600e+02 3.170300e+00
1.020800e+02 3.160200e+00
1.021000e+02 3.150200e+00
1.021200e+02 3.140100e+00
1.021400e+02 3.130100e+00
1.021600e+02 3.120000e+00
1.021800e+02 3.109800e+00
1.022000e+02 3.099700e+00
1.022200e+02 3.089500e+00
1.022400e+02 3.079300e+00
1.022600e+02 3.069100e+00
1.022800e+02 3.058900e+00
1.023000e+02 3.048700e+00
1.023200e+02 3.038400e+00
1.023400e+02 3.028100e+00
1.023600e+02 3.017800e+00
1.023800e+02 3.007500e+00
1.024000e+02 2.997100e+00
1.024200e+02 2.986700e+00
1.024400e+02 2.976300e+00
1.024600e+02 2.965900e+00
1.024800e+02 2.955500e+00
1.025000e+02 2.945000e+00
1.025200e+02 2.934500e+00
1.025400e+02 2.924000e+00
1.025600e+02 2.913500e+00
1.025800e+02 2.903000e+00
1.026000e+02 2.892400e+00
1.026200e+02 2.881800e+00
1.026400e+02 2.871200e+00
1.026600e+02 2.860600e+00
1.026800e+02 2.850000e+00
1.027000e+02 2.839300e+00
1.027200e+02 2.828600e+00
1.027400e+02 2.817900e+00
1.027600e+02 2.807200e+00
1.027800e+02 2.796500e+00
1.028000e+02 2.785700e+00
1.028200e+02 2.774900e+00
1.028400e+02 2.764100e+00
1.028600e+02 2.753300e+00
1.028800e+02 2.742500e+00
1.029000e+02 2.731600e+00
1.029200e+02 2.720700e+00
1.029400e+02 2.709800e+00
1.029600e+02 2.698900e+00
1.029800e+02 2.688000e+00
1.030000e+02 2.677000e+00
1.030200e+02 2.666100e+00
1.030400e+02 2.655100e+00
1.030600e+02 2.644100e+00
1.030800e+02 2.633100e+00
1.031000e+02 2.622000e+00
1.031200e+02 2.611000e+00
1.031400e+02 2.599900e+00
1.031600e+02 2.588800e+00
1.031800e+02 2.577700e+00
1.032000e+02 2.566500e+00
1.032200e+02 2.555400e+00
1.032400e+02 2.544200e+00
1.032600e+02 2.533000e+00
1.032800e+02 2.521800e+00
1.033000e+02 2.510600e+00
1.033200e+02 2.499300e+00
1.033400e+02 2.488100e+00
1.033600e+02 2.476800e+00
1.033800e+02 2.465500e+00
1.034000e+02 2.454200e+00
1.034200e+02 2.442900e+00
1.034400e+02 2.431500e+00
1.034600e+02 2.420200e+00
1.034800e+02 2.408800e+00
1.035000e+02 2.397400e+00
1.035200e+02 2.386000e+00
1.035400e+02 2.374600e+00
1.035600e+02 2.363100e+00
1.035800e+02 2.351600e+00
1.036000e+02 2.340200e+00
1.036200e+02 2.328700e+00
1.036400e+02 2.317200e+00
1.036600e+02 2.305600e+00
1.036800e+02 2.294100e+00
1.037000e+02 2.282500e+00
1.037200e+02 2.271000e+00
1.037400e+02 2.259400e+00
1.037600e+02 2.247800e+00
1.037800e+02 2.236100e+00
1.038000e+02 2.224500e+00
1.038200e+02 2.212900e+00
1.038400e+02 2.201200e+00
1.038600e+02 2.189500e+00
1.038800e+02 2.177800e+00
1.039000e+02 2.166100e+00
1.039200e+02 2.154400e+00
1.039400e+02 2.142600e+00
1.039600e+02 2.130900e+00
1.039800e+02 2.119100e+00
1.040000e+02 2.107300e+00
1.040200e+02 2.095500e+00
1.040400e+02 2.083700e+00
1.040600e+02 2.071900e+00
1.040800e+02 2.060000e+00
1.041000e+02 2.048200e+00
1.041200e+02 2.036300e+00
1.041400e+02 2.024400e+00
1.041600e+02 2.012500e+00
1.041800e+02 2.000600e+00
1.042000e+02 1.988700e+00
1.042200e+02 1.976700e+00
1.042400e+02 1.964800e+00
1.042600e+02 1.952800e+00
1.042800e+02 1.940800e+00
1.043000e+02 1.928800e+00
1.043200e+02 1.916800e+00
1.043400e+02 1.904800e+00
1.043600e+02 1.892800e+00
1.043800e+02 1.880700e+00
1.044000e+02 1.868700e+00
1.044200e+02 1.856600e+00
1.044400e+02 1.844500e+00
1.044600e+02 1.832400e+00
1.044800e+02 1.820300e+00
1.045000e+02 1.808200e+00
1.045200e+02 1.796100e+00
1.045400e+02 1.783900e+00
1.045600e+02 1.771800e+00
1.045800e+02 1.759600e+00
1.046000e+02 1.747400e+00
1.046200e+02 1.735200e+00
1.046400e+02 1.723000e+00
1.046600e+02 1.710800e+00
1.046800e+02 1.698600e+00
1.047000e+02 1.686300e+00
1.047200e+02 1.674100e+00
1.047400e+02 1.661800e+00
1.047600e+02 1.649500e+00
1.047800e+02 1.637300e+00
1.048000e+02 1.625000e+00
1.048200e+02 1.612600e+00
1.048400e+02 1.600300e+00
1.048600e+02 1.588000e+00
1.048800e+02 1.575700e+00
1.049000e+02 1.563300e+00
1.049200e+02 1.550900e+00
1.049400e+02 1.538600e+00
1.049600e+02 1.526200e+00
1.049800e+02 1.513800e+00
1.050000e+02 1.501400e+00
1.050200e+02 1.489000e+00
1.050400e+02 1.476500e+00
1.050600e+02 1.464100e+00
1.050800e+02 1.451700e+00
1.051000e+02 1.439200e+00
1.051200e+02 1.426700e+00
1.051400e+02 1.414300e+00
1.051600e+02 1.401800e+00
1.051800e+02 1.389300e+00
1.052000e+02 1.376800e+00
1.052200e+02 1.364300e+00
1.052400e+02 1.351700e+00
1.052600e+02 1.339200e+00
1.052800e+02 1.326700e+00
1.053000e+02 1.314100e+00
1.053200e+02 1.301600e+00
1.053400e+02 1.289000e+00
1.053600e+02 1.276400e+00
1.053800e+02 1.263800e+00
1.054000e+02 1.251200e+00
1.054200e+02 1.238600e+00
1.054400e+02 1.226000e+00
1.054600e+02 1.213400e+00
1.054800e+02 1.200800e+00
1.055000e+02 1.188100e+00
1.055200e+02 1.175500e+00
1.055400e+02 1.162800e+00
1.055600e+02 1.150200e+00
1.055800e+02 1.137500e+00
1.056000e+02 1.124800e+00
1.056200e+02 1.112100e+00
1.056400e+02 1.099400e+00
1.056600e+02 1.086700e+00
1.056800e+02 1.074000e+00
1.057000e+02 1.061300e+00
1.057200e+02 1.048600e+00
1.057400e+02 1.035800e+00
1.057600e+02 1.023100e+00
1.057800e+02 1.010300e+00
1.058000e+02 9.976000e-01
1.058200e+02 9.848000e-01
1.058400e+02 9.721000e-01
1.058600e+02 9.593000e-01
1.058800e+02 9.465000e-01
1.059000e+02 9.337000e-01
1.059200e+02 9.209000e-01
1.059400e+02 9.081000e-01
1.059600e+02 8.953000e-01
1.059800e+02 8.825000e-01
1.060000e+02 8.697000e-01
1.060200e+02 8.568000e-01
1.060400e+02 8.440000e-01
1.060600e+02 8.312000e-01
1.060800e+02 8.183000e-01
1.061000e+02 8.055000e-01
1.061200e+02 7.926000e-01
1.061400e+02 7.797000e-01
1.061600e+02 7.669000e-01
1.061800e+02 7.540000e-01
1.062000e+02 7.411000e-01
1.062200e+02 7.282000e-01
1.062400e+02 7.154000e-01
1.062600e+02 7.025000e-01
1.062800e+02 6.896000e-01
1.063000e+02 6.767000e-01
1.063200e+02 6.637000e-01
1.063400e+02 6.508000e-01
1.063600e+02 6.379000e-01
1.063800e+02 6.250000e-01
1.064000e+02 6.121000e-01
1.064200e+02 5.991000e-01
1.064400e+02 5.862000e-01
1.064600e+02 5.732000e-01
1.064800e+02 5.603000e-01
1.065000e+02 5.474000e-01
1.065200e+02 5.344000e-01
1.065400e+02 5.214000e-01
1.065600e+02 5.085000e-01
1.065800e+02 4.955000e-01
1.066000e+02 4.826000e-01
1.066200e+02 4.696000e-01
1.066400e+02 4.566000e-01
1.066600e+02 4.436000e-01
1.066800e+02 4.307000e-01
1.067000e+02 4.177000e-01
1.067200e+02 4.047000e-01
1.067400e+02 3.917000e-01
1.067600e+02 3.787000e-01
1.067800e+02 3.657000e-01
1.068000e+02 3.527000e-01
1.068200e+02 3.397000e-01
1.068400e+02 3.267000e-01
1.068600e+02 3.137000e-01
1.068800e+02 3.007000e-01
1.069000e+02 2.877000e-01
1.069200e+02 2.747000e-01
1.069400e+02 2.617000e-01
1.069600e+02 2.487000e-01
1.069800e+02 2.357000e-01
1.070000e+02 2.227000e-01
1.070200e+02 2.096000e-01
1.070400e+02 1.966000e-01
1.070600e+02 1.836000e-01
1.070800e+02 1.706000e-01
1.071000e+02 1.576000e-01
1.071200e+02 1.445000e-01
1.071400e+02 1.315000e-01
1.071600e+02 1.185000e-01
1.071800e+02 1.055000e-01
1.072000e+02 9.240000e-02
1.072200e+02 7.940000e-02
1.072400e+02 6.640000e-02
1.072600e+02 5.340000e-02
1.072800e+02 4.030000e-02
1.073000e+02 2.730000e-02
1.073200e+02 1.430000e-02
1.073400e+02 1.300000e-03
1.073600e+02 -1.180000e-02
1.073800e+02 -2.480000e-02
1.074000e+02 -3.780000e-02
1.074200e+02 -5.080000e-02
1.074400e+02 -6.390000e-02
1.074600e+02 -7.690000e-02
1.074800e+02 -8.990000e-02
1.075000e+02 -1.029000e-01
1.075200e+02 -1.159000e-01
1.075400e+02 -1.290000e-01
1.075600e+02 -1.420000e-01
1.075800e+02 -1.550000e-01
1.076000e+02 -1.680000e-01
1.076200e+02 -1.810000e-01
1.076400e+02 -1.940000e-01
1.076600e+02 -2.071000e-01
1.076800e+02 -2.201000e-01
1.077000e+02 -2.331000e-01
1.077200e+02 -2.461000e-01
1.077400e+02 -2.591000e-01
1.077600e+02 -2.721000e-01
1.077800e+02 -2.851000e-01
1.078000e+02 -2.981000e-01
1.078200e+02 -3.111000e-01
1.078400e+02 -3.241000e-01
1.078600e+02 -3.371000e-01
1.078800e+02 -3.501000e-01
1.079000e+02 -3.630000e-01
1.079200e+02 -3.760000e-01
1.079400e+02 -3.890000e-01
1.079600e+02 -4.020000e-01
1.079800e+02 -4.150000e-01
1.080000e+02 -4.279000e-01
1.080200e+02 -4.409000e-01
1.080400e+02 -4.539000e-01
1.080600e+02 -4.668000e-01
1.080800e+02 -4.798000e-01
1.081000e+02 -4.927000e-01
1.081200e+02 -5.057000e-01
1.081400e+02 -5.186000e-01
1.081600e+02 -5.316000e-01
1.081800e+02 -5.445000e-01
1.082000e+02 -5.575000e-01
1.082200e+02 -5.704000e-01
1.082400e+02 -5.833000e-01
1.082600e+02 -5.963000e-01
1.082800e+02 -6.092000e-01
1.083000e+02 -6.221000e-01
1.083200e+02 -6.350000e-01
1.083400e+02 -6.479000e-01
1.083600e+02 -6.608000e-01
1.083800e+02 -6.737000e-01
1.084000e+02 -6.866000e-01
1.084200e+02 -6.995000e-01
1.084400e+02 -7.124000e-01
1.084600e+02 -7.253000e-01
1.084800e+02 -7.382000e-01
1.085000e+02 -7.510000e-01
1.085200e+02 -7.639000e-01
1.085400e+02 -7.768000e-01
1.085600e+02 -7.896000e-01
1.085800e+02 -8.025000e-01
1.086000e+02 -8.153000e-01
1.086200e+02 -8.281000e-01
1.086400e+02 -8.410000e-01
1.086600e+02 -8.538000e-01
1.086800e+02 -8.666000e-01
1.087000e+02 -8.794000e-01
1.087200e+02 -8.923000e-01
1.087400e+02 -9.051000e-01
1.087600e+02 -9.179000e-01
1.087800e+02 -9.307000e-01
1.088000e+02 -9.434000e-01
1.088200e+02 -9.562000e-01
1.088400e+02 -9.690000e-01
1.088600e+02 -9.818000e-01
1.088800e+02 -9.945000e-01
1.089000e+02 -1.007300e+00
1.089200e+02 -1.020000e+00
1.089400e+02 -1.032700e+00
1.089600e+02 -1.045500e+00
1.089800e+02 -1.058200e+00
1.090000e+02 -1.070900e+00
1.090200e+02 -1.083600e+00
1.090400e+02 -1.096300e+00
1.090600e+02 -1.109000e+00
1.090800e+02 -1.121700e+00
1.091000e+02 -1.134400e+00
1.091200e+02 -1.147100e+00
1.091400e+02 -1.159700e+00
1.091600e+02 -1.172400e+00
1.091800e+02 -1.185000e+00
1.092000e+02 -1.197700e+00
1.092200e+02 -1.210300e+00
1.092400e+02 -1.222900e+00
1.092600e+02 -1.235500e+00
1.092800e+02 -1.248100e+00
1.093000e+02 -1.260700e+00
1.093200e+02 -1.273300e+00
1.093400e+02 -1.285900e+00
1.093600e+02 -1.298500e+00
1.093800e+02 -1.311000e+00
1.094000e+02 -1.323600e+00
1.094200e+02 -1.336100e+00
1.094400e+02 -1.348700e+00
1.094600e+02 -1.361200e+00
1.094800e+02 -1.373700e+00
1.095000e+02 -1.386200e+00
1.095200e+02 -1.398700e+00
1.095400e+02 -1.411200e+00
1.095600e+02 -1.423700e+00
1.095800e+02 -1.436200e+00
1.096000e+02 -1.448600e+00
1.096200e+02 -1.461100e+00
1.096400e+02 -1.473500e+00
1.096600e+02 -1.485900e+00
1.096800e+02 -1.498300e+00
1.097000e+02 -1.510800e+00
1.097200e+02 -1.523100e+00
1.097400e+02 -1.535500e+00
1.097600e+02 -1.547900e+00
1.097800e+02 -1.560300e+00
1.098000e+02 -1.572600e+00
1.098200e+02 -1.585000e+00
1.098400e+02 -1.597300e+00
1.098600e+02 -1.609600e+00
1.098800e+02 -1.621900e+00
1.099000e+02 -1.634200e+00
1.099200e+02 -1.646500e+00
1.099400e+02 -1.658800e+00
1.099600e+02 -1.671000e+00
1.099800e+02 -1.683300e+00
1.100000e+02 -1.695500e+00
1.100200e+02 -1.707800e+00
1.100400e+02 -1.720000e+00
1.100600e+02 -1.732200e+00
1.100800e+02 -1.744400e+00
1.101000e+02 -1.756600e+00
1.101200e+02 -1.768700e+00
1.101400e+02 -1.780900e+00
1.101600e+02 -1.793000e+00
1.101800e+02 -1.805100e+00
1.102000e+02 -1.817300e+00
1.102200e+02 -1.829400e+00
1.102400e+02 -1.841500e+00
1.102600e+02 -1.853500e+00
1.102800e+02 -1.865600e+00
1.103000e+02 -1.877600e+00
1.103200e+02 -1.889700e+00
1.103400e+02 -1.901700e+00
1.103600e+02 -1.913700e+00
1.103800e+02 -1.925700e+00
1.104000e+02 -1.937700e+00
1.104200e+02 -1.949700e+00
1.104400e+02 -1.961600e+00
1.104600e+02 -1.973600e+00
1.104800e+02 -1.985500e+00
1.105000e+02 -1.997400e+00
1.105200e+02 -2.009300e+00
1.105400e+02 -2.021200e+00
1.105600e+02 -2.033100e+00
1.105800e+02 -2.045000e+00
1.106000e+02 -2.056800e+00
1.106200e+02 -2.068600e+00
1.106400e+02 -2.080400e+00
1.106600e+02 -2.092200e+00
1.106800e+02 -2.104000e+00
1.107000e+02 -2.115800e+00
1.107200e+02 -2.127600e+00
1.107400e+02 -2.139300e+00
1.107600e+02 -2.151000e+00
1.107800e+02 -2.162700e+00
1.108000e+02 -2.174400e+00
1.108200e+02 -2.186100e+00
1.108400e+02 -2.197800e+00
1.108600e+02 -2.209400e+00
1.108800e+02 -2.221100e+00
1.109000e+02 -2.232700e+00
1.109200e+02 -2.244300e+00
1.109400e+02 -2.255900e+00
1.109600e+02 -2.267500e+00
1.109800e+02 -2.279000e+00
1.110000e+02 -2.290600e+00
1.110200e+02 -2.302100e+00
1.110400e+02 -2.313600e+00
1.110600e+02 -2.325100e+00
1.110800e+02 -2.336600e+00
1.111000e+02 -2.348000e+00
1.111200e+02 -2.359500e+00
1.111400e+02 -2.370900e+00
1.111600e+02 -2.382300e+00
1.111800e+02 -2.393700e+00
1.112000e+02 -2.405100e+00
1.112200e+02 -2.416500e+00
1.112400e+02 -2.427800e+00
1.112600e+02 -2.439100e+00
1.112800e+02 -2.450500e+00
1.113000e+02 -2.461700e+00
1.113200e+02 -2.473000e+00
1.113400e+02 -2.484300e+00
1.113600e+02 -2.495500e+00
1.113800e+02 -2.506800e+00
1.114000e+02 -2.518000e+00
1.114200e+02 -2.529100e+00
1.114400e+02 -2.540300e+00
1.114600e+02 -2.551500e+00
1.114800e+02 -2.562600e+00
1.115000e+02 -2.573700e+00
1.115200e+02 -2.584800e+00
1.115400e+02 -2.595900e+00
1.115600e+02 -2.607000e+00
1.115800e+02 -2.618000e+00
1.116000e+02 -2.629100e+00
1.116200e+02 -2.640100e+00
1.116400e+02 -2.651100e+00
1.116600e+02 -2.662000e+00
1.116800e+02 -2.673000e+00
1.117000e+02 -2.683900e+00
1.117200e+02 -2.694900e+00
1.117400e+02 -2.705800e+00
1.117600e+02 -2.716600e+00
1.117800e+02 -2.727500e+00
1.118000e+02 -2.738400e+00
1.118200e+02 -2.749200e+00
1.118400e+02 -2.760000e+00
1.118600e+02 -2.770800e+00
1.118800e+02 -2.781500e+00
1.119000e+02 -2.792300e+00
1.119200e+02 -2.803000e+00
1.119400e+02 -2.813700e+00
1.119600e+02 -2.824400e+00
1.119800e+02 -2.835100e+00
1.120000e+02 -2.845800e+00
1.120200e+02 -2.856400e+00
1.120400e+02 -2.867000e+00
1.120600e+02 -2.877600e+00
1.120800e+02 -2.888200e+00
1.121000e+02 -2.898700e+00
1.121200e+02 -2.909300e+00
1.121400e+02 -2.919800e+00
1.121600e+02 -2.930300e+00
1.121800e+02 -2.940700e+00
1.122000e+02 -2.951200e+00
1.122200e+02 -2.961600e+00
1.122400e+02 -2.972000e+00
1.122600e+02 -2.982400e+00
1.122800e+02 -2.992800e+00
1.123000e+02 -3.003100e+00
1.123200e+02 -3.013500e+00
1.123400e+02 -3.023800e+00
1.123600e+02 -3.034100e+00
1.123800e+02 -3.044300e+00
1.124000e+02 -3.054600e+00
1.124200e+02 -3.064800e+00
1.124400e+02 -3.075000e+00
1.124600e+02 -3.085200e+00
1.124800e+02 -3.095400e+00
1.125000e+02 -3.105500e+00
1.125200e+02 -3.115600e+00
1.125400e+02 -3.125700e+00
1.125600e+02 -3.135800e+00
1.125800e+02 -3.145800e+00
1.126000e+02 -3.155900e+00
1.126200e+02 -3.165900e+00
1.126400e+02 -3.175900e+00
1.126600e+02 -3.185800e+00
1.126800e+02 -3.195800e+00
1.127000e+02 -3.205700e+00
1.127200e+02 -3.215600e+00
1.127400e+02 -3.225500e+00
1.127600e+02 -3.235300e+00
1.127800e+02 -3.245200e+00
1.128000e+02 -3.255000e+00
1.128200e+02 -3.264800e+00
1.128400e+02 -3.274500e+00
1.128600e+02 -3.284300e+00
1.128800e+02 -3.294000e+00
1.129000e+02 -3.303700e+00
1.129200e+02 -3.313400e+00
1.129400e+02 -3.323000e+00
1.129600e+02 -3.332600e+00
1.129800e+02 -3.342200e+00
1.130000e+02 -3.351800e+00
1.130200e+02 -3.361400e+00
1.130400e+02 -3.370900e+00
1.130600e+02 -3.380400e+00
1.130800e+02 -3.389900e+00
1.131000e+02 -3.399400e+00
1.131200e+02 -3.408800e+00
1.131400e+02 -3.418200e+00
1.131600e+02 -3.427600e+00
1.131800e+02 -3.437000e+00
1.132000e+02 -3.446300e+00
1.132200e+02 -3.455600e+00
1.132400e+02 -3.464900e+00
1.132600e+02 -3.474200e+00
1.132800e+02 -3.483500e+00
1.133000e+02 -3.492700e+00
1.133200e+02 -3.501900e+00
1.133400e+02 -3.511100e+00
1.133600e+02 -3.520200e+00
1.133800e+02 -3.529300e+00
1.134000e+02 -3.538400e+00
1.134200e+02 -3.547500e+00
1.134400e+02 -3.556600e+00
1.134600e+02 -3.565600e+00
1.134800e+02 -3.574600e+00
1.135000e+02 -3.583600e+00
1.135200e+02 -3.592500e+00
1.135400e+02 -3.601400e+00
1.135600e+02 -3.610300e+00
1.135800e+02 -3.619200e+00
1.136000e+02 -3.628100e+00
1.136200e+02 -3.636900e+00
1.136400e+02 -3.645700e+00
1.136600e+02 -3.654500e+00
1.136800e+02 -3.663200e+00
1.137000e+02 -3.671900e+00
1.137200e+02 -3.680600e+00
1.137400e+02 -3.689300e+00
1.137600e+02 -3.698000e+00
1.137800e+02 -3.706600e+00
1.138000e+02 -3.715200e+00
1.138200e+02 -3.723700e+00
1.138400e+02 -3.732300e+00
1.138600e+02 -3.740800e+00
1.138800e+02 -3.749300e+00
1.139000e+02 -3.757800e+00
1.139200e+02 -3.766200e+00
1.139400e+02 -3.774600e+00
1.139600e+02 -3.783000e+00
1.139800e+02 -3.791400e+00
1.140000e+02 -3.799700e+00
1.140200e+02 -3.808000e+00
1.140400e+02 -3.816300e+00
1.140600e+02 -3.824500e+00
1.140800e+02 -3.832800e+00
1.141000e+02 -3.841000e+00
1.141200e+02 -3.849100e+00
1.141400e+02 -3.857300e+00
1.141600e+02 -3.865400e+00
1.141800e+02 -3.873500e+00
1.142000e+02 -3.881500e+00
1.142200e+02 -3.889600e+00
1.142400e+02 -3.897600e+00
1.142600e+02 -3.905600e+00
1.142800e+02 -3.913500e+00
1.143000e+02 -3.921500e+00
1.143200e+02 -3.929400e+00
1.143400e+02 -3.937300e+00
1.143600e+02 -3.945100e+00
1.143800e+02 -3.952900e+00
1.144000e+02 -3.960700e+00
1.144200e+02 -3.968500e+00
1.144400e+02 -3.976200e+00
1.144600e+02 -3.983900e+00
1.144800e+02 -3.991600e+00
1.145000e+02 -3.999300e+00
1.145200e+02 -4.006900e+00
1.145400e+02 -4.014500e+00
1.145600e+02 -4.022100e+00
1.145800e+02 -4.029600e+00
1.146000e+02 -4.037100e+00
1.146200e+02 -4.044600e+00
1.146400e+02 -4.052100e+00
1.146600e+02 -4.059500e+00
1.146800e+02 -4.066900e+00
1.147000e+02 -4.074300e+00
1.147200e+02 -4.081600e+00
1.147400e+02 -4.089000e+00
1.147600e+02 -4.096300e+00
1.147800e+02 -4.103500e+00
1.148000e+02 -4.110800e+00
1.148200e+02 -4.118000e+00
1.148400e+02 -4.125100e+00
1.148600e+02 -4.132300e+00
1.148800e+02 -4.139400e+00
1.149000e+02 -4.146500e+00
1.149200e+02 -4.153600e+00
1.149400e+02 -4.160600e+00
1.149600e+02 -4.167600e+00
1.149800e+02 -4.174600e+00
1.150000e+02 -4.181500e+00
1.150200e+02 -4.188500e+00
1.150400e+02 -4.195400e+00
1.150600e+02 -4.202200e+00
1.150800e+02 -4.209000e+00
1.151000e+02 -4.215900e+00
1.151200e+02 -4.222600e+00
1.151400e+02 -4.229400e+00
1.151600e+02 -4.236100e+00
1.151800e+02 -4.242800e+00
1.152000e+02 -4.249400e+00
1.152200e+02 -4.256100e+00
1.152400e+02 -4.262700e+00
1.152600e+02 -4.269200e+00
1.152800e+02 -4.275800e+00
1.153000e+02 -4.282300e+00
1.153200e+02 -4.288800e+00
1.153400e+02 -4.295200e+00
1.153600e+02 -4.301600e+00
1.153800e+02 -4.308000e+00
1.154000e+02 -4.314400e+00
1.154200e+02 -4.320700e+00
1.154400e+02 -4.327000e+00
1.154600e+02 -4.333300e+00
1.154800e+02 -4.339600e+00
1.155000e+02 -4.345800e+00
1.155200e+02 -4.351900e+00
1.155400e+02 -4.358100e+00
1.155600e+02 -4.364200e+00
1.155800e+02 -4.370300e+00
1.156000e+02 -4.376400e+00
1.156200e+02 -4.382400e+00
1.156400e+02 -4.388400e+00
1.156600e+02 -4.394400e+00
1.156800e+02 -4.400300e+00
1.157000e+02 -4.406200e+00
1.157200e+02 -4.412100e+00
1.157400e+02 -4.418000e+00
1.157600e+02 -4.423800e+00
1.157800e+02 -4.429600e+00
1.158000e+02 -4.435300e+00
1.158200e+02 -4.441100e+00
1.158400e+02 -4.446800e+00
1.158600e+02 -4.452400e+00
1.158800e+02 -4.458000e+00
1.159000e+02 -4.463700e+00
1.159200e+02 -4.469200e+00
1.159400e+02 -4.474800e+00
1.159600e+02 -4.480300e+00
1.159800e+02 -4.485800e+00
1.160000e+02 -4.491200e+00
1.160200e+02 -4.496600e+00
1.160400e+02 -4.502000e+00
1.160600e+02 -4.507400e+00
1.160800e+02 -4.512700e+00
1.161000e+02 -4.518000e+00
1.161200e+02 -4.523200e+00
1.161400e+02 -4.528500e+00
1.161600e+02 -4.533700e+00
1.161800e+02 -4.538800e+00
1.162000e+02 -4.543900e+00
1.162200e+02 -4.549100e+00
1.162400e+02 -4.554100e+00
1.162600e+02 -4.559200e+00
1.162800e+02 -4.564200e+00
1.163000e+02 -4.569100e+00
1.163200e+02 -4.574100e+00
1.163400e+02 -4.579000e+00
1.163600e+02 -4.583900e+00
1.163800e+02 -4.588700e+00
1.164000e+02 -4.593500e+00
1.164200e+02 -4.598300e+00
1.164400e+02 -4.603100e+00
1.164600e+02 -4.607800e+00
1.164800e+02 -4.612500e+00
1.165000e+02 -4.617100e+00
1.165200e+02 -4.621800e+00
1.165400e+02 -4.626300e+00
1.165600e+02 -4.630900e+00
1.165800e+02 -4.635400e+00
1.166000e+02 -4.639900e+00
1.166200e+02 -4.644400e+00
1.166400e+02 -4.648800e+00
1.166600e+02 -4.653200e+00
1.166800e+02 -4.657600e+00
1.167000e+02 -4.661900e+00
1.167200e+02 -4.666200e+00
1.167400e+02 -4.670500e+00
1.167600e+02 -4.674700e+00
1.167800e+02 -4.678900e+00
1.168000e+02 -4.683100e+00
1.168200e+02 -4.687200e+00
1.168400e+02 -4.691300e+00
1.168600e+02 -4.695400e+00
1.168800e+02 -4.699400e+00
1.169000e+02 -4.703400e+00
1.169200e+02 -4.707400e+00
1.169400e+02 -4.711300e+00
1.169600e+02 -4.715200e+00
1.169800e+02 -4.719100e+00
1.170000e+02 -4.723000e+00
1.170200e+02 -4.726800e+00
1.170400e+02 -4.730500e+00
1.170600e+02 -4.734300e+00
1.170800e+02 -4.738000e+00
1.171000e+02 -4.741700e+00
1.171200e+02 -4.745300e+00
1.171400e+02 -4.748900e+00
1.171600e+02 -4.752500e+00
1.171800e+02 -4.756000e+00
1.172000e+02 -4.759600e+00
1.172200e+02 -4.763000e+00
1.172400e+02 -4.766500e+00
1.172600e+02 -4.769900e+00
1.172800e+02 -4.773300e+00
1.173000e+02 -4.776600e+00
1.173200e+02 -4.779900e+00
1.173400e+02 -4.783200e+00
1.173600e+02 -4.786500e+00
1.173800e+02 -4.789700e+00
1.174000e+02 -4.792900e+00
1.174200e+02 -4.796000e+00
1.174400e+02 -4.799100e+00
1.174600e+02 -4.802200e+00
1.174800e+02 -4.805200e+00
1.175000e+02 -4.808300e+00
1.175200e+02 -4.811200e+00
1.175400e+02 -4.814200e+00
1.175600e+02 -4.817100e+00
1.175800e+02 -4.820000e+00
1.176000e+02 -4.822800e+00
1.176200e+02 -4.825600e+00
1.176400e+02 -4.828400e+00
1.176600e+02 -4.831200e+00
1.176800e+02 -4.833900e+00
1.177000e+02 -4.836600e+00
1.177200e+02 -4.839200e+00
1.177400e+02 -4.841800e+00
1.177600e+02 -4.844400e+00
1.177800e+02 -4.847000e+00
1.178000e+02 -4.849500e+00
1.178200e+02 -4.852000e+00
1.178400e+02 -4.854400e+00
1.178600e+02 -4.856800e+00
1.178800e+02 -4.859200e+00
1.179000e+02 -4.861500e+00
1.179200e+02 -4.863800e+00
1.179400e+02 -4.866100e+00
1.179600e+02 -4.868400e+00
1.179800e+02 -4.870600e+00
1.180000e+02 -4.872800e+00
1.180200e+02 -4.874900e+00
1.180400e+02 -4.877000e+00
1.180600e+02 -4.879100e+00
1.180800e+02 -4.881100e+00
1.181000e+02 -4.883100e+00
1.181200e+02 -4.885100e+00
1.181400e+02 -4.887100e+00
1.181600e+02 -4.889000e+00
1.181800e+02 -4.890800e+00
1.182000e+02 -4.892700e+00
1.182200e+02 -4.894500e+00
1.182400e+02 -4.896300e+00
1.182600e+02 -4.898000e+00
1.182800e+02 -4.899700e+00
1.183000e+02 -4.901400e+00
1.183200e+02 -4.903000e+00
1.183400e+02 -4.904600e+00
1.183600e+02 -4.906200e+00
1.183800e+02 -4.907700e+00
1.184000e+02 -4.909200e+00
1.184200e+02 -4.910700e+00
1.184400e+02 -4.912100e+00
1.184600e+02 -4.913500e+00
1.184800e+02 -4.914900e+00
1.185000e+02 -4.916200e+00
1.185200e+02 -4.917500e+00
1.185400e+02 -4.918800e+00
1.185600e+02 -4.920000e+00
1.185800e+02 -4.921200e+00
1.186000e+02 -4.922400e+00
1.186200e+02 -4.923500e+00
1.186400e+02 -4.924600e+00
1.186600e+02 -4.925600e+00
1.186800e+02 -4.926700e+00
1.187000e+02 -4.927700e+00
1.187200e+02 -4.928600e+00
1.187400e+02 -4.929500e+00
1.187600e+02 -4.930400e+00
1.187800e+02 -4.931300e+00
1.188000e+02 -4.932100e+00
1.188200e+02 -4.932900e+00
1.188400e+02 -4.933600e+00
1.188600e+02 -4.934300e+00
1.188800e+02 -4.935000e+00
1.189000e+02 -4.935700e+00
1.189200e+02 -4.936300e+00
1.189400e+02 -4.936900e+00
1.189600e+02 -4.937400e+00
1.189800e+02 -4.937900e+00
1.190000e+02 -4.938400e+00
1.190200e+02 -4.938800e+00
1.190400e+02 -4.939300e+00
1.190600e+02 -4.939600e+00
1.190800e+02 -4.940000e+00
1.191000e+02 -4.940300e+00
1.191200e+02 -4.940500e+00
1.191400e+02 -4.940800e+00
1.191600e+02 -4.941000e+00
1.191800e+02 -4.941200e+00
1.192000e+02 -4.941300e+00
1.192200e+02 -4.941400e+00
1.192400e+02 -4.941500e+00
1.192600e+02 -4.941500e+00
1.192800e+02 -4.941500e+00
1.193000e+02 -4.941400e+00
1.193200e+02 -4.941400e+00
1.193400e+02 -4.941300e+00
1.193600e+02 -4.941100e+00
1.193800e+02 -4.940900e+00
1.194000e+02 -4.940700e+00
1.194200e+02 -4.940500e+00
1.194400e+02 -4.940200e+00
1.194600e+02 -4.939900e+00
1.194800e+02 -4.939500e+00
1.195000e+02 -4.939200e+00
1.195200e+02 -4.938700e+00
1.195400e+02 -4.938300e+00
1.195600e+02 -4.937800e+00
1.195800e+02 -4.937300e+00
1.196000e+02 -4.936700e+00
1.196200e+02 -4.936100e+00
1.196400e+02 -4.935500e+00
1.196600e+02 -4.934900e+00
1.196800e+02 -4.934200e+00
1.197000e+02 -4.933400e+00
1.197200e+02 -4.932700e+00
1.197400e+02 -4.931900e+00
1.197600e+02 -4.931100e+00
1.197800e+02 -4.930200e+00
1.198000e+02 -4.929300e+00
1.198200e+02 -4.928400e+00
1.198400e+02 -4.927400e+00
1.198600e+02 -4.926400e+00
1.198800e+02 -4.925400e+00
1.199000e+02 -4.924300e+00
1.199200e+02 -4.923200e+00
1.199400e+02 -4.922100e+00
1.199600e+02 -4.920900e+00
1.199800e+02 -4.919700e+00
1.200000e+02 -4.918400e+00
1.200200e+02 -4.917200e+00
1.200400e+02 -4.915900e+00
1.200600e+02 -4.914500e+00
1.200800e+02 -4.913100e+00
1.201000e+02 -4.911700e+00
1.201200e+02 -4.910300e+00
1.201400e+02 -4.908800e+00
1.201600e+02 -4.907300e+00
1.201800e+02 -4.905700e+00
1.202000e+02 -4.904200e+00
1.202200e+02 -4.902600e+00
1.202400e+02 -4.900900e+00
1.202600e+02 -4.899200e+00
1.202800e+02 -4.897500e+00
1.203000e+02 -4.895700e+00
1.203200e+02 -4.894000e+00
1.203400e+02 -4.892100e+00
1.203600e+02 -4.890300e+00
1.203800e+02 -4.888400e+00
1.204000e+02 -4.886500e+00
1.204200e+02 -4.884500e+00
1.204400e+02 -4.882500e+00
1.204600e+02 -4.880500e+00
1.204800e+02 -4.878500e+00
1.205000e+02 -4.876400e+00
1.205200e+02 -4.874200e+00
1.205400e+02 -4.872100e+00
1.205600e+02 -4.869900e+00
1.205800e+02 -4.867700e+00
1.206000e+02 -4.865400e+00
1.206200e+02 -4.863100e+00
1.206400e+02 -4.860800e+00
1.206600e+02 -4.858400e+00
1.206800e+02 -4.856000e+00
1.207000e+02 -4.853600e+00
1.207200e+02 -4.851200e+00
1.207400e+02 -4.848700e+00
1.207600e+02 -4.846100e+00
1.207800e+02 -4.843600e+00
1.208000e+02 -4.841000e+00
1.208200e+02 -4.838400e+00
1.208400e+02 -4.835700e+00
1.208600e+02 -4.833000e+00
1.208800e+02 -4.830300e+00
1.209000e+02 -4.827500e+00
1.209200e+02 -4.824700e+00
1.209400e+02 -4.821900e+00
1.209600e+02 -4.819000e+00
1.209800e+02 -4.816100e+00
1.210000e+02 -4.813200e+00
1.210200e+02 -4.810200e+00
1.210400e+02 -4.807200e+00
1.210600e+02 -4.804200e+00
1.210800e+02 -4.801200e+00
1.211000e+02 -4.798100e+00
1.211200e+02 -4.794900e+00
1.211400e+02 -4.791800e+00
1.211600e+02 -4.788600e+00
1.211800e+02 -4.785400e+00
1.212000e+02 -4.782100e+00
1.212200e+02 -4.778800e+00
1.212400e+02 -4.775500e+00
1.212600e+02 -4.772100e+00
1.212800e+02 -4.768700e+00
1.213000e+02 -4.765300e+00
1.213200e+02 -4.761800e+00
1.213400e+02 -4.758400e+00
1.213600e+02 -4.754800e+00
1.213800e+02 -4.751300e+00
1.214000e+02 -4.747700e+00
1.214200e+02 -4.744100e+00
1.214400e+02 -4.740400e+00
1.214600e+02 -4.736700e+00
1.214800e+02 -4.733000e+00
1.215000e+02 -4.729200e+00
1.215200e+02 -4.725500e+00
1.215400e+02 -4.721600e+00
1.215600e+02 -4.717800e+00
1.215800e+02 -4.713900e+00
1.216000e+02 -4.710000e+00
1.216200e+02 -4.706000e+00
1.216400e+02 -4.702100e+00
1.216600e+02 -4.698000e+00
1.216800e+02 -4.694000e+00
1.217000e+02 -4.689900e+00
1.217200e+02 -4.685800e+00
1.217400e+02 -4.681700e+00
1.217600e+02 -4.677500e+00
1.217800e+02 -4.673300e+00
1.218000e+02 -4.669000e+00
1.218200e+02 -4.664800e+00
1.218400e+02 -4.660400e+00
1.218600e+02 -4.656100e+00
1.218800e+02 -4.651700e+00
1.219000e+02 -4.647300e+00
1.219200e+02 -4.642900e+00
1.219400e+02 -4.638400e+00
1.219600e+02 -4.633900e+00
1.219800e+02 -4.629400e+00
1.220000e+02 -4.624800e+00
1.220200e+02 -4.620200e+00
1.220400e+02 -4.615600e+00
1.220600e+02 -4.610900e+00
1.220800e+02 -4.606300e+00
1.221000e+02 -4.601500e+00
1.221200e+02 -4.596800e+00
1.221400e+02 -4.592000e+00
1.221600e+02 -4.587200e+00
1.221800e+02 -4.582300e+00
1.222000e+02 -4.577400e+00
1.222200e+02 -4.572500e+00
1.222400e+02 -4.567600e+00
1.222600e+02 -4.562600e+00
1.222800e+02 -4.557600e+00
1.223000e+02 -4.552500e+00
1.223200e+02 -4.547500e+00
1.223400e+02 -4.542300e+00
1.223600e+02 -4.537200e+00
1.223800e+02 -4.532000e+00
1.224000e+02 -4.526800e+00
1.224200e+02 -4.521600e+00
1.224400e+02 -4.516300e+00
1.224600e+02 -4.511000e+00
1.224800e+02 -4.505700e+00
1.225000e+02 -4.500400e+00
1.225200e+02 -4.495000e+00
1.225400e+02 -4.489600e+00
1.225600e+02 -4.484100e+00
1.225800e+02 -4.478600e+00
1.226000e+02 -4.473100e+00
1.226200e+02 -4.467600e+00
1.226400e+02 -4.462000e+00
1.226600e+02 -4.456400e+00
1.226800e+02 -4.450700e+00
1.227000e+02 -4.445100e+00
1.227200e+02 -4.439400e+00
1.227400e+02 -4.433600e+00
1.227600e+02 -4.427900e+00
1.227800e+02 -4.422100e+00
1.228000e+02 -4.416300e+00
1.228200e+02 -4.410400e+00
1.228400e+02 -4.404500e+00
1.228600e+02 -4.398600e+00
1.228800e+02 -4.392700e+00
1.229000e+02 -4.386700e+00
1.229200e+02 -4.380700e+00
1.229400e+02 -4.374600e+00
1.229600e+02 -4.368600e+00
1.229800e+02 -4.362500e+00
1.230000e+02 -4.356300e+00
1.230200e+02 -4.350200e+00
1.230400e+02 -4.344000e+00
1.230600e+02 -4.337800e+00
1.230800e+02 -4.331500e+00
1.231000e+02 -4.325300e+00
1.231200e+02 -4.318900e+00
1.231400e+02 -4.312600e+00
1.231600e+02 -4.306200e+00
1.231800e+02 -4.299800e+00
1.232000e+02 -4.293400e+00
1.232200e+02 -4.286900e+00
1.232400e+02 -4.280500e+00
1.232600e+02 -4.273900e+00
1.232800e+02 -4.267400e+00
1.233000e+02 -4.260800e+00
1.233200e+02 -4.254200e+00
1.233400e+02 -4.247600e+00
1.233600e+02 -4.240900e+00
1.233800e+02 -4.234200e+00
1.234000e+02 -4.227500e+00
1.234200e+02 -4.220700e+00
1.234400e+02 -4.213900e+00
1.234600e+02 -4.207100e+00
1.234800e+02 -4.200300e+00
1.235000e+02 -4.193400e+00
1.235200e+02 -4.186500e+00
1.235400e+02 -4.179600e+00
1.235600e+02 -4.172600e+00
1.235800e+02 -4.165600e+00
1.236000e+02 -4.158600e+00
1.236200e+02 -4.151600e+00
1.236400e+02 -4.144500e+00
1.236600e+02 -4.137400e+00
1.236800e+02 -4.130300e+00
1.237000e+02 -4.123100e+00
1.237200e+02 -4.115900e+00
1.237400e+02 -4.108700e+00
1.237600e+02 -4.101500e+00
1.237800e+02 -4.094200e+00
1.238000e+02 -4.086900e+00
1.238200e+02 -4.079600e+00
1.238400e+02 -4.072200e+00
1.238600e+02 -4.064800e+00
1.238800e+02 -4.057400e+00
1.239000e+02 -4.050000e+00
1.239200e+02 -4.042500e+00
1.239400e+02 -4.035000e+00
1.239600e+02 -4.027500e+00
1.239800e+02 -4.019900e+00
1.240000e+02 -4.012300e+00
1.240200e+02 -4.004700e+00
1.240400e+02 -3.997100e+00
1.240600e+02 -3.989400e+00
1.240800e+02 -3.981700e+00
1.241000e+02 -3.974000e+00
1.241200e+02 -3.966300e+00
1.241400e+02 -3.958500e+00
1.241600e+02 -3.950700e+00
1.241800e+02 -3.942900e+00
1.242000e+02 -3.935000e+00
1.242200e+02 -3.927100e+00
1.242400e+02 -3.919200e+00
1.242600e+02 -3.911300e+00
1.242800e+02 -3.903300e+00
1.243000e+02 -3.895300e+00
1.243200e+02 -3.887300e+00
1.243400e+02 -3.879300e+00
1.243600e+02 -3.871200e+00
1.243800e+02 -3.863100e+00
1.244000e+02 -3.855000e+00
1.244200e+02 -3.846800e+00
1.244400e+02 -3.838600e+00
1.244600e+02 -3.830400e+00
1.244800e+02 -3.822200e+00
1.245000e+02 -3.813900e+00
1.245200e+02 -3.805700e+00
1.245400e+02 -3.797300e+00
1.245600e+02 -3.789000e+00
1.245800e+02 -3.780600e+00
1.246000e+02 -3.772300e+00
1.246200e+02 -3.763800e+00
1.246400e+02 -3.755400e+00
1.246600e+02 -3.746900e+00
1.246800e+02 -3.738400e+00
1.247000e+02 -3.729900e+00
1.247200e+02 -3.721400e+00
1.247400e+02 -3.712800e+00
1.247600e+02 -3.704200e+00
1.247800e+02 -3.695600e+00
1.248000e+02 -3.686900e+00
1.248200e+02 -3.678300e+00
1.248400e+02 -3.669600e+00
1.248600e+02 -3.660800e+00
1.248800e+02 -3.652100e+00
1.249000e+02 -3.643300e+00
1.249200e+02 -3.634500e+00
1.249400e+02 -3.625700e+00
1.249600e+02 -3.616900e+00
1.249800e+02 -3.608000e+00
1.250000e+02 -3.599100e+00
1.250200e+02 -3.590200e+00
1.250400e+02 -3.581200e+00
1.250600e+02 -3.572200e+00
1.250800e+02 -3.563200e+00
1.251000e+02 -3.554200e+00
1.251200e+02 -3.545200e+00
1.251400e+02 -3.536100e+00
1.251600e+02 -3.527000e+00
1.251800e+02 -3.517900e+00
1.252000e+02 -3.508700e+00
1.252200e+02 -3.499500e+00
1.252400e+02 -3.490300e+00
1.252600e+02 -3.481100e+00
1.252800e+02 -3.471900e+00
1.253000e+02 -3.462600e+00
1.253200e+02 -3.453300e+00
1.253400e+02 -3.444000e+00
1.253600e+02 -3.434700e+00
1.253800e+02 -3.425300e+00
1.254000e+02 -3.415900e+00
1.254200e+02 -3.406500e+00
1.254400e+02 -3.397100e+00
1.254600e+02 -3.387600e+00
1.254800e+02 -3.378100e+00
1.255000e+02 -3.368600e+00
1.255200e+02 -3.359100e+00
1.255400e+02 -3.349500e+00
1.255600e+02 -3.340000e+00
1.255800e+02 -3.330400e+00
1.256000e+02 -3.320700e+00
1.256200e+02 -3.311100e+00
1.256400e+02 -3.301400e+00
1.256600e+02 -3.291700e+00
1.256800e+02 -3.282000e+00
1.257000e+02 -3.272300e+00
1.257200e+02 -3.262500e+00
1.257400e+02 -3.252700e+00
1.257600e+02 -3.242900e+00
1.257800e+02 -3.233100e+00
1.258000e+02 -3.223300e+00
1.258200e+02 -3.213400e+00
1.258400e+02 -3.203500e+00
1.258600e+02 -3.193600e+00
1.258800e+02 -3.183600e+00
1.259000e+02 -3.173700e+00
1.259200e+02 -3.163700e+00
1.259400e+02 -3.153700e+00
1.259600e+02 -3.143600e+00
1.259800e+02 -3.133600e+00
1.260000e+02 -3.123500e+00
1.260200e+02 -3.113400e+00
1.260400e+02 -3.103300e+00
1.260600e+02 -3.093200e+00
1.260800e+02 -3.083000e+00
1.261000e+02 -3.072800e+00
1.261200e+02 -3.062600e+00
1.261400e+02 -3.052400e+00
1.261600e+02 -3.042200e+00
1.261800e+02 -3.031900e+00
1.262000e+02 -3.021600e+00
1.262200e+02 -3.011300e+00
1.262400e+02 -3.001000e+00
1.262600e+02 -2.990600e+00
1.262800e+02 -2.980300e+00
1.263000e+02 -2.969900e+00
1.263200e+02 -2.959500e+00
1.263400e+02 -2.949000e+00
1.263600e+02 -2.938600e+00
1.263800e+02 -2.928100e+00
1.264000e+02 -2.917600e+00
1.264200e+02 -2.907100e+00
1.264400e+02 -2.896600e+00
1.264600e+02 -2.886000e+00
1.264800e+02 -2.875400e+00
1.265000e+02 -2.864800e+00
1.265200e+02 -2.854200e+00
1.265400e+02 -2.843600e+00
1.265600e+02 -2.832900e+00
1.265800e+02 -2.822300e+00
1.266000e+02 -2.811600e+00
1.266200e+02 -2.800900e+00
1.266400e+02 -2.790100e+00
1.266600e+02 -2.779400e+00
1.266800e+02 -2.768600e+00
1.267000e+02 -2.757800e+00
1.267200e+02 -2.747000e+00
1.267400e+02 -2.736200e+00
1.267600e+02 -2.725400e+00
1.267800e+02 -2.714500e+00
1.268000e+02 -2.703600e+00
1.268200e+02 -2.692700e+00
1.268400e+02 -2.681800e+00
1.268600e+02 -2.670900e+00
1.268800e+02 -2.659900e+00
1.269000e+02 -2.649000e+00
1.269200e+02 -2.638000e+00
1.269400e+02 -2.627000e+00
1.269600e+02 -2.615900e+00
1.269800e+02 -2.604900e+00
1.270000e+02 -2.593800e+00
1.270200e+02 -2.582800e+00
1.270400e+02 -2.571700e+00
1.270600e+02 -2.560600e+00
1.270800e+02 -2.549400e+00
1.271000e+02 -2.538300e+00
1.271200e+02 -2.527100e+00
1.271400e+02 -2.515900e+00
1.271600e+02 -2.504700e+00
1.271800e+02 -2.493500e+00
1.272000e+02 -2.482300e+00
1.272200e+02 -2.471000e+00
1.272400e+02 -2.459800e+00
1.272600e+02 -2.448500e+00
1.272800e+02 -2.437200e+00
1.273000e+02 -2.425900e+00
1.273200e+02 -2.414500e+00
1.273400e+02 -2.403200e+00
1.273600e+02 -2.391800e+00
1.273800e+02 -2.380400e+00
1.274000e+02 -2.369100e+00
1.274200e+02 -2.357600e+00
1.274400e+02 -2.346200e+00
1.274600e+02 -2.334800e+00
1.274800e+02 -2.323300e+00
1.275000e+02 -2.311800e+00
1.275200e+02 -2.300300e+00
1.275400e+02 -2.288800e+00
1.275600e+02 -2.277300e+00
1.275800e+02 -2.265800e+00
1.276000e+02 -2.254200e+00
1.276200e+02 -2.242700e+00
1.276400e+02 -2.231100e+00
1.276600e+02 -2.219500e+00
1.276800e+02 -2.207900e+00
1.277000e+02 -2.196200e+00
1.277200e+02 -2.184600e+00
1.277400e+02 -2.172900e+00
1.277600e+02 -2.161300e+00
1.277800e+02 -2.149600e+00
1.278000e+02 -2.137900e+00
1.278200e+02 -2.126200e+00
1.278400e+02 -2.114400e+00
1.278600e+02 -2.102700e+00
1.278800e+02 -2.090900e+00
1.279000e+02 -2.079200e+00
1.279200e+02 -2.067400e+00
1.279400e+02 -2.055600e+00
1.279600e+02 -2.043800e+00
1.279800e+02 -2.031900e+00
1.280000e+02 -2.020100e+00
1.280200e+02 -2.008200e+00
1.280400e+02 -1.996400e+00
1.280600e+02 -1.984500e+00
1.280800e+02 -1.972600e+00
1.281000e+02 -1.960700e+00
1.281200e+02 -1.948800e+00
1.281400e+02 -1.936800e+00
1.281600e+02 -1.924900e+00
1.281800e+02 -1.912900e+00
1.282000e+02 -1.900900e+00
1.282200e+02 -1.888900e+00
1.282400e+02 -1.876900e+00
1.282600e+02 -1.864900e+00
1.282800e+02 -1.852900e+00
1.283000e+02 -1.840900e+00
1.283200e+02 -1.828800e+00
1.283400e+02 -1.816700e+00
1.283600e+02 -1.804700e+00
1.283800e+02 -1.792600e+00
1.284000e+02 -1.780500e+00
1.284200e+02 -1.768400e+00
1.284400e+02 -1.756200e+00
1.284600e+02 -1.744100e+00
1.284800e+02 -1.731900e+00
1.285000e+02 -1.719800e+00
1.285200e+02 -1.707600e+00
1.285400e+02 -1.695400e+00
1.285600e+02 -1.683200e+00
1.285800e+02 -1.671000e+00
1.286000e+02 -1.658800e+00
1.286200e+02 -1.646600e+00
1.286400e+02 -1.634300e+00
1.286600e+02 -1.622100e+00
1.286800e+02 -1.609800e+00
1.287000e+02 -1.597500e+00
1.287200e+02 -1.585200e+00
1.287400e+02 -1.572900e+00
1.287600e+02 -1.560600e+00
1.287800e+02 -1.548300e+00
1.288000e+02 -1.536000e+00
1.288200e+02 -1.523600e+00
1.288400e+02 -1.511300e+00
1.288600e+02 -1.498900e+00
1.288800e+02 -1.486500e+00
1.289000e+02 -1.474100e+00
1.289200e+02 -1.461700e+00
1.289400e+02 -1.449300e+00
1.289600e+02 -1.436900e+00
1.289800e+02 -1.424500e+00
1.290000e+02 -1.412100e+00
1.290200e+02 -1.399600e+00
1.290400e+02 -1.387200e+00
1.290600e+02 -1.374700e+00
1.290800e+02 -1.362200e+00
1.291000e+02 -1.349800e+00
1.291200e+02 -1.337300e+00
1.291400e+02 -1.324800e+00
1.291600e+02 -1.312300e+00
1.291800e+02 -1.299700e+00
1.292000e+02 -1.287200e+00
1.292200e+02 -1.274700e+00
1.292400e+02 -1.262100e+00
1.292600e+02 -1.249600e+00
1.292800e+02 -1.237000e+00
1.293000e+02 -1.224400e+00
1.293200e+02 -1.211900e+00
1.293400e+02 -1.199300e+00
1.293600e+02 -1.186700e+00
1.293800e+02 -1.174100e+00
1.294000e+02 -1.161500e+00
1.294200e+02 -1.148800e+00
1.294400e+02 -1.136200e+00
1.294600e+02 -1.123600e+00
1.294800e+02 -1.110900e+00
1.295000e+02 -1.098300e+00
1.295200e+02 -1.085600e+00
1.295400e+02 -1.073000e+00
1.295600e+02 -1.060300e+00
1.295800e+02 -1.047600e+00
1.296000e+02 -1.034900e+00
1.296200e+02 -1.022300e+00
1.296400e+02 -1.009600e+00
1.296600e+02 -9.969000e-01
1.296800e+02 -9.841000e-01
1.297000e+02 -9.714000e-01
1.297200e+02 -9.587000e-01
1.297400e+02 -9.460000e-01
1.297600e+02 -9.332000e-01
1.297800e+02 -9.205000e-01
1.298000e+02 -9.077000e-01
1.298200e+02 -8.950000e-01
1.298400e+02 -8.822000e-01
1.298600e+02 -8.695000e-01
1.298800e+02 -8.567000e-01
1.299000e+02 -8.439000e-01
1.299200e+02 -8.311000e-01
1.299400e+02 -8.184000e-01
1.299600e+02 -8.056000e-01
1.299800e+02 -7.928000e-01
1.300000e+02 -7.800000e-01
1.300200e+02 -7.672000e-01
1.300400e+02 -7.543000e-01
1.300600e+02 -7.415000e-01
1.300800e+02 -7.287000e-01
1.301000e+02 -7.159000e-01
1.301200e+02 -7.031000e-01
1.301400e+02 -6.902000e-01
1.301600e+02 -6.774000e-01
1.301800e+02 -6.645000e-01
1.302000e+02 -6.517000e-01
1.302200e+02 -6.389000e-01
1.302400e+02 -6.260000e-01
1.302600e+02 -6.131000e-01
1.302800e+02 -6.003000e-01
1.303000e+02 -5.874000e-01
1.303200e+02 -5.746000e-01
1.303400e+02 -5.617000e-01
1.303600e+02 -5.488000e-01
1.303800e+02 -5.359000e-01
1.304000e+02 -5.231000e-01
1.304200e+02 -5.102000e-01
1.304400e+02 -4.973000e-01
1.304600e+02 -4.844000e-01
1.304800e+02 -4.715000e-01
1.305000e+02 -4.586000e-01
1.305200e+02 -4.457000e-01
1.305400e+02 -4.328000e-01
1.305600e+02 -4.199000e-01
1.305800e+02 -4.070000e-01
1.306000e+02 -3.941000e-01
1.306200e+02 -3.812000e-01
1.306400e+02 -3.683000e-01
1.306600e+02 -3.554000e-01
1.306800e+02 -3.425000e-01
1.307000e+02 -3.296000e-01
1.307200e+02 -3.167000e-01
1.307400e+02 -3.038000e-01
1.307600e+02 -2.908000e-01
1.307800e+02 -2.779000e-01
1.308000e+02 -2.650000e-01
1.308200e+02 -2.521000e-01
1.308400e+02 -2.392000e-01
1.308600e+02 -2.262000e-01
1.308800e+02 -2.133000e-01
1.309000e+02 -2.004000e-01
1.309200e+02 -1.875000e-01
1.309400e+02 -1.746000e-01
1.309600e+02 -1.616000e-01
1.309800e+02 -1.487000e-01
1.310000e+02 -1.358000e-01
1.310200e+02 -1.229000e-01
1.310400e+02 -1.099000e-01
1.310600e+02 -9.700000e-02
1.310800e+02 -8.410000e-02
1.311000e+02 -7.110000e-02
1.311200e+02 -5.820000e-02
1.311400e+02 -4.530000e-02
1.311600e+02 -3.240000e-02
1.311800e+02 -1.940000e-02
1.312000e+02 -6.500000e-03
1.312200e+02 6.400000e-03
1.312400e+02 1.930000e-02
1.312600e+02 3.230000e-02
1.312800e+02 4.520000e-02
1.313000e+02 5.810000e-02
1.313200e+02 7.100000e-02
1.313400e+02 8.390000e-02
1.313600e+02 9.690000e-02
1.313800e+02 1.098000e-01
1.314000e+02 1.227000e-01
1.314200e+02 1.356000e-01
1.314400e+02 1.485000e-01
1.314600e+02 1.614000e-01
1.314800e+02 1.743000e-01
1.315000e+02 1.872000e-01
1.315200e+02 2.002000e-01
1.315400e+02 2.131000e-01
1.315600e+02 2.260000e-01
1.315800e+02 2.389000e-01
1.316000e+02 2.518000e-01
1.316200e+02 2.647000e-01
1.316400e+02 2.776000e-01
1.316600e+02 2.904000e-01
1.316800e+02 3.033000e-01
1.317000e+02 3.162000e-01
1.317200e+02 3.291000e-01
1.317400e+02 3.420000e-01
1.317600e+02 3.549000e-01
1.317800e+02 3.677000e-01
1.318000e+02 3.806000e-01
1.318200e+02 3.935000e-01
1.318400e+02 4.064000e-01
1.318600e+02 4.192000e-01
1.318800e+02 4.321000e-01
1.319000e+02 4.449000e-01
1.319200e+02 4.578000e-01
1.319400e+02 4.707000e-01
1.319600e+02 4.835000e-01
1.319800e+02 4.963000e-01
1.320000e+02 5.092000e-01
1.320200e+02 5.220000e-01
1.320400e+02 5.349000e-01
1.320600e+02 5.477000e-01
1.320800e+02 5.605000e-01
1.321000e+02 5.733000e-01
1.321200e+02 5.861000e-01
1.321400e+02 5.990000e-01
1.321600e+02 6.118000e-01
1.321800e+02 6.246000e-01
1.322000e+02 6.374000e-01
1.322200e+02 6.502000e-01
1.322400e+02 6.629000e-01
1.322600e+02 6.757000e-01
1.322800e+02 6.885000e-01
1.323000e+02 7.013000e-01
1.323200e+02 7.141000e-01
1.323400e+02 7.268000e-01
1.323600e+02 7.396000e-01
1.323800e+02 7.523000e-01
1.324000e+02 7.651000e-01
1.324200e+02 7.778000e-01
1.324400e+02 7.905000e-01
1.324600e+02 8.033000e-01
1.324800e+02 8.160000e-01
1.325000e+02 8.287000e-01
1.325200e+02 8.414000e-01
1.325400e+02 8.541000e-01
1.325600e+02 8.668000e-01
1.325800e+02 8.795000e-01
1.326000e+02 8.922000e-01
1.326200e+02 9.049000e-01
1.326400e+02 9.176000e-01
1.326600e+02 9.302000e-01
1.326800e+02 9.429000e-01
1.327000e+02 9.555000e-01
1.327200e+02 9.682000e-01
1.327400e+02 9.808000e-01
1.327600e+02 9.935000e-01
1.327800e+02 1.006100e+00
1.328000e+02 1.018700e+00
1.328200e+02 1.031300e+00
1.328400e+02 1.043900e+00
1.328600e+02 1.056500e+00
1.328800e+02 1.069100e+00
1.329000e+02 1.081600e+00
1.329200e+02 1.094200e+00
1.329400e+02 1.106800e+00
1.329600e+02 1.119300e+00
1.329800e+02 1.131900e+00
1.330000e+02 1.144400e+00
1.330200e+02 1.156900e+00
1.330400e+02 1.169400e+00
1.330600e+02 1.182000e+00
1.330800e+02 1.194500e+00
1.331000e+02 1.206900e+00
1.331200e+02 1.219400e+00
1.331400e+02 1.231900e+00
1.331600e+02 1.244400e+00
1.331800e+02 1.256800e+00
1.332000e+02 1.269300e+00
1.332200e+02 1.281700e+00
1.332400e+02 1.294100e+00
1.332600e+02 1.306500e+00
1.332800e+02 1.318900e+00
1.333000e+02 1.331300e+00
1.333200e+02 1.343700e+00
1.333400e+02 1.356100e+00
1.333600e+02 1.368500e+00
1.333800e+02 1.380800e+00
1.334000e+02 1.393200e+00
1.334200e+02 1.405500e+00
1.334400e+02 1.417800e+00
1.334600e+02 1.430100e+00
1.334800e+02 1.442400e+00
1.335000e+02 1.454700e+00
1.335200e+02 1.467000e+00
1.335400e+02 1.479300e+00
1.335600e+02 1.491500e+00
1.335800e+02 1.503800e+00
1.336000e+02 1.516000e+00
1.336200e+02 1.528200e+00
1.336400e+02 1.540400e+00
1.336600e+02 1.552600e+00
1.336800e+02 1.564800e+00
1.337000e+02 1.577000e+00
1.337200e+02 1.589200e+00
1.337400e+02 1.601300e+00
1.337600e+02 1.613500e+00
1.337800e+02 1.625600e+00
1.338000e+02 1.637700e+00
1.338200e+02 1.649800e+00
1.338400e+02 1.661900e+00
1.338600e+02 1.674000e+00
1.338800e+02 1.686000e+00
1.339000e+02 1.698100e+00
1.339200e+02 1.710100e+00
1.339400e+02 1.722200e+00
1.339600e+02 1.734200e+00
1.339800e+02 1.746200e+00
1.340000e+02 1.758200e+00
1.340200e+02 1.770100e+00
1.340400e+02 1.782100e+00
1.340600e+02 1.794100e+00
1.340800e+02 1.806000e+00
1.341000e+02 1.817900e+00
1.341200e+02 1.829800e+00
1.341400e+02 1.841700e+00
1.341600e+02 1.853600e+00
1.341800e+02 1.865500e+00
1.342000e+02 1.877300e+00
1.342200e+02 1.889200e+00
1.342400e+02 1.901000e+00
1.342600e+02 1.912800e+00
1.342800e+02 1.924600e+00
1.343000e+02 1.936400e+00
1.343200e+02 1.948200e+00
1.343400e+02 1.959900e+00
1.343600e+02 1.971700e+00
1.343800e+02 1.983400e+00
1.344000e+02 1.995100e+00
1.344200e+02 2.006800e+00
1.344400e+02 2.018500e+00
1.344600e+02 2.030200e+00
1.344800e+02 2.041800e+00
1.345000e+02 2.053500e+00
1.345200e+02 2.065100e+00
1.345400e+02 2.076700e+00
1.345600e+02 2.088300e+00
1.345800e+02 2.099900e+00
1.346000e+02 2.111500e+00
1.346200e+02 2.123000e+00
1.346400e+02 2.134500e+00
1.346600e+02 2.146100e+00
1.346800e+02 2.157600e+00
1.347000e+02 2.169100e+00
1.347200e+02 2.180500e+00
1.347400e+02 2.192000e+00
1.347600e+02 2.203400e+00
1.347800e+02 2.214900e+00
1.348000e+02 2.226300e+00
1.348200e+02 2.237700e+00
1.348400e+02 2.249000e+00
1.348600e+02 2.260400e+00
1.348800e+02 2.271700e+00
1.349000e+02 2.283100e+00
1.349200e+02 2.294400e+00
1.349400e+02 2.305700e+00
1.349600e+02 2.317000e+00
1.349800e+02 2.328200e+00
1.350000e+02 2.339500e+00
1.350200e+02 2.350700e+00
1.350400e+02 2.361900e+00
1.350600e+02 2.373100e+00
1.350800e+02 2.384300e+00
1.351000e+02 2.395400e+00
1.351200e+02 2.406600e+00
1.351400e+02 2.417700e+00
1.351600e+02 2.428800e+00
1.351800e+02 2.439900e+00
1.352000e+02 2.451000e+00
1.352200e+02 2.462100e+00
1.352400e+02 2.473100e+00
1.352600e+02 2.484100e+00
1.352800e+02 2.495100e+00
1.353000e+02 2.506100e+00
1.353200e+02 2.517100e+00
1.353400e+02 2.528000e+00
1.353600e+02 2.539000e+00
1.353800e+02 2.549900e+00
1.354000e+02 2.560800e+00
1.354200e+02 2.571700e+00
1.354400e+02 2.582500e+00
1.354600e+02 2.593400e+00
1.354800e+02 2.604200e+00
1.355000e+02 2.615000e+00
1.355200e+02 2.625800e+00
1.355400e+02 2.636500e+00
1.355600e+02 2.647300e+00
1.355800e+02 2.658000e+00
1.356000e+02 2.668700e+00
1.356200e+02 2.679400e+00
1.356400e+02 2.690100e+00
1.356600e+02 2.700700e+00
1.356800e+02 2.711400e+00
1.357000e+02 2.722000e+00
1.357200e+02 2.732600e+00
1.357400e+02 2.743100e+00
1.357600e+02 2.753700e+00
1.357800e+02 2.764200e+00
1.358000e+02 2.774700e+00
1.358200e+02 2.785200e+00
1.358400e+02 2.795700e+00
1.358600e+02 2.806200e+00
1.358800e+02 2.816600e+00
1.359000e+02 2.827000e+00
1.359200e+02 2.837400e+00
1.359400e+02 2.847800e+00
1.359600e+02 2.858100e+00
1.359800e+02 2.868500e+00
1.360000e+02 2.878800e+00
1.360200e+02 2.889100e+00
1.360400e+02 2.899300e+00
1.360600e+02 2.909600e+00
1.360800e+02 2.919800e+00
1.361000e+02 2.930000e+00
1.361200e+02 2.940200e+00
1.361400e+02 2.950400e+00
1.361600e+02 2.960500e+00
1.361800e+02 2.970600e+00
1.362000e+02 2.980700e+00
1.362200e+02 2.990800e+00
1.362400e+02 3.000900e+00
1.362600e+02 3.010900e+00
1.362800e+02 3.020900e+00
1.363000e+02 3.030900e+00
1.363200e+02 3.040900e+00
1.363400e+02 3.050800e+00
1.363600e+02 3.060800e+00
1.363800e+02 3.070700e+00
1.364000e+02 3.080500e+00
1.364200e+02 3.090400e+00
1.364400e+02 3.100200e+00
1.364600e+02 3.110100e+00
1.364800e+02 3.119800e+00
1.365000e+02 3.129600e+00
1.365200e+02 3.139400e+00
1.365400e+02 3.149100e+00
1.365600e+02 3.158800e+00
1.365800e+02 3.168500e+00
1.366000e+02 3.178100e+00
1.366200e+02 3.187800e+00
1.366400e+02 3.197400e+00
1.366600e+02 3.207000e+00
1.366800e+02 3.216500e+00
1.367000e+02 3.226100e+00
1.367200e+02 3.235600e+00
1.367400e+02 3.245100e+00
1.367600e+02 3.254500e+00
1.367800e+02 3.264000e+00
1.368000e+02 3.273400e+00
1.368200e+02 3.282800e+00
1.368400e+02 3.292200e+00
1.368600e+02 3.301500e+00
1.368800e+02 3.310900e+00
1.369000e+02 3.320200e+00
1.369200e+02 3.329400e+00
1.369400e+02 3.338700e+00
1.369600e+02 3.347900e+00
1.369800e+02 3.357100e+00
1.370000e+02 3.366300e+00
1.370200e+02 3.375500e+00
1.370400e+02 3.384600e+00
1.370600e+02 3.393700e+00
1.370800e+02 3.402800e+00
1.371000e+02 3.411900e+00
1.371200e+02 3.420900e+00
1.371400e+02 3.429900e+00
1.371600e+02 3.438900e+00
1.371800e+02 3.447900e+00
1.372000e+02 3.456800e+00
1.372200e+02 3.465700e+00
1.372400e+02 3.474600e+00
1.372600e+02 3.483500e+00
1.372800e+02 3.492300e+00
1.373000e+02 3.501200e+00
1.373200e+02 3.510000e+00
1.373400e+02 3.518700e+00
1.373600e+02 3.527500e+00
1.373800e+02 3.536200e+00
1.374000e+02 3.544900e+00
1.374200e+02 3.553500e+00
1.374400e+02 3.562200e+00
1.374600e+02 3.570800e+00
1.374800e+02 3.579400e+00
1.375000e+02 3.587900e+00
1.375200e+02 3.596500e+00
1.375400e+02 3.605000e+00
1.375600e+02 3.613500e+00
1.375800e+02 3.621900e+00
1.376000e+02 3.630400e+00
1.376200e+02 3.638800e+00
1.376400e+02 3.647200e+00
1.376600e+02 3.655500e+00
1.376800e+02 3.663900e+00
1.377000e+02 3.672200e+00
1.377200e+02 3.680500e+00
1.377400e+02 3.688700e+00
1.377600e+02 3.696900e+00
1.377800e+02 3.705100e+00
1.378000e+02 3.713300e+00
1.378200e+02 3.721500e+00
1.378400e+02 3.729600e+00
1.378600e+02 3.737700e+00
1.378800e+02 3.745800e+00
1.379000e+02 3.753800e+00
1.379200e+02 3.761800e+00
1.379400e+02 3.769800e+00
1.379600e+02 3.777800e+00
1.379800e+02 3.785700e+00
1.380000e+02 3.793600e+00
1.380200e+02 3.801500e+00
1.380400e+02 3.809400e+00
1.380600e+02 3.817200e+00
1.380800e+02 3.825000e+00
1.381000e+02 3.832800e+00
1.381200e+02 3.840500e+00
1.381400e+02 3.848200e+00
1.381600e+02 3.855900e+00
1.381800e+02 3.863600e+00
1.382000e+02 3.871200e+00
1.382200e+02 3.878900e+00
1.382400e+02 3.886400e+00
1.382600e+02 3.894000e+00
1.382800e+02 3.901500e+00
1.383000e+02 3.909000e+00
1.383200e+02 3.916500e+00
1.383400e+02 3.924000e+00
1.383600e+02 3.931400e+00
1.383800e+02 3.938800e+00
1.384000e+02 3.946100e+00
1.384200e+02 3.953500e+00
1.384400e+02 3.960800e+00
1.384600e+02 3.968000e+00
1.384800e+02 3.975300e+00
1.385000e+02 3.982500e+00
1.385200e+02 3.989700e+00
1.385400e+02 3.996900e+00
1.385600e+02 4.004000e+00
1.385800e+02 4.011100e+00
1.386000e+02 4.018200e+00
1.386200e+02 4.025300e+00
1.386400e+02 4.032300e+00
1.386600e+02 4.039300e+00
1.386800e+02 4.046200e+00
1.387000e+02 4.053200e+00
1.387200e+02 4.060100e+00
1.387400e+02 4.067000e+00
1.387600e+02 4.073800e+00
1.387800e+02 4.080600e+00
1.388000e+02 4.087400e+00
1.388200e+02 4.094200e+00
1.388400e+02 4.100900e+00
1.388600e+02 4.107600e+00
1.388800e+02 4.114300e+00
1.389000e+02 4.121000e+00
1.389200e+02 4.127600e+00
1.389400e+02 4.134200e+00
1.389600e+02 4.140700e+00
1.389800e+02 4.147200e+00
1.390000e+02 4.153700e+00
1.390200e+02 4.160200e+00
1.390400e+02 4.166600e+00
1.390600e+02 4.173100e+00
1.390800e+02 4.179400e+00
1.391000e+02 4.185800e+00
1.391200e+02 4.192100e+00
1.391400e+02 4.198400e+00
1.391600e+02 4.204600e+00
1.391800e+02 4.210900e+00
1.392000e+02 4.217100e+00
1.392200e+02 4.223200e+00
1.392400e+02 4.229400e+00
1.392600e+02 4.235500e+00
1.392800e+02 4.241600e+00
1.393000e+02 4.247600e+00
1.393200e+02 4.253600e+00
1.393400e+02 4.259600e+00
1.393600e+02 4.265600e+00
1.393800e+02 4.271500e+00
1.394000e+02 4.277400e+00
1.394200e+02 4.283300e+00
1.394400e+02 4.289100e+00
1.394600e+02 4.294900e+00
1.394800e+02 4.300700e+00
1.395000e+02 4.306400e+00
1.395200e+02 4.312100e+00
1.395400e+02 4.317800e+00
1.395600e+02 4.323400e+00
1.395800e+02 4.329100e+00
1.396000e+02 4.334700e+00
1.396200e+02 4.340200e+00
1.396400e+02 4.345700e+00
1.396600e+02 4.351200e+00
1.396800e+02 4.356700e+00
1.397000e+02 4.362100e+00
1.397200e+02 4.367500e+00
1.397400e+02 4.372900e+00
1.397600e+02 4.378200e+00
1.397800e+02 4.383500e+00
1.398000e+02 4.388800e+00
1.398200e+02 4.394100e+00
1.398400e+02 4.399300e+00
1.398600e+02 4.404500e+00
1.398800e+02 4.409600e+00
1.399000e+02 4.414700e+00
1.399200e+02 4.419800e+00
1.399400e+02 4.424900e+00
1.399600e+02 4.429900e+00
1.399800e+02 4.434900e+00
1.400000e+02 4.439800e+00
1.400200e+02 4.444800e+00
1.400400e+02 4.449700e+00
1.400600e+02 4.454500e+00
1.400800e+02 4.459400e+00
1.401000e+02 4.464200e+00
1.401200e+02 4.469000e+00
1.401400e+02 4.473700e+00
1.401600e+02 4.478400e+00
1.401800e+02 4.483100e+00
1.402000e+02 4.487700e+00
1.402200e+02 4.492300e+00
1.402400e+02 4.496900e+00
1.402600e+02 4.501500e+00
1.402800e+02 4.506000e+00
1.403000e+02 4.510500e+00
1.403200e+02 4.514900e+00
1.403400e+02 4.519400e+00
1.403600e+02 4.523700e+00
1.403800e+02 4.528100e+00
1.404000e+02 4.532400e+00
1.404200e+02 4.536700e+00
1.404400e+02 4.541000e+00
1.404600e+02 4.545200e+00
1.404800e+02 4.549400e+00
1.405000e+02 4.553600e+00
1.405200e+02 4.557700e+00
1.405400e+02 4.561800e+00
1.405600e+02 4.565900e+00
1.405800e+02 4.569900e+00
1.406000e+02 4.573900e+00
1.406200e+02 4.577900e+00
1.406400e+02 4.581800e+00
1.406600e+02 4.585800e+00
1.406800e+02 4.589600e+00
1.407000e+02 4.593500e+00
1.407200e+02 4.597300e+00
1.407400e+02 4.601100e+00
1.407600e+02 4.604800e+00
1.407800e+02 4.608500e+00
1.408000e+02 4.612200e+00
1.408200e+02 4.615900e+00
1.408400e+02 4.619500e+00
1.408600e+02 4.623100e+00
1.408800e+02 4.626600e+00
1.409000e+02 4.630100e+00
1.409200e+02 4.633600e+00
1.409400e+02 4.637100e+00
1.409600e+02 4.640500e+00
1.409800e+02 4.643900e+00
1.410000e+02 4.647200e+00
1.410200e+02 4.650600e+00
1.410400e+02 4.653900e+00
1.410600e+02 4.657100e+00
1.410800e+02 4.660300e+00
1.411000e+02 4.663500e+00
1.411200e+02 4.666700e+00
1.411400e+02 4.669800e+00
1.411600e+02 4.672900e+00
1.411800e+02 4.676000e+00
1.412000e+02 4.679000e+00
1.412200e+02 4.682000e+00
1.412400e+02 4.685000e+00
1.412600e+02 4.687900e+00
1.412800e+02 4.690800e+00
1.413000e+02 4.693700e+00
1.413200e+02 4.696500e+00
1.413400e+02 4.699300e+00
1.413600e+02 4.702100e+00
1.413800e+02 4.704800e+00
1.414000e+02 4.707500e+00
1.414200e+02 4.710200e+00
1.414400e+02 4.712800e+00
1.414600e+02 4.715400e+00
1.414800e+02 4.718000e+00
1.415000e+02 4.720500e+00
1.415200e+02 4.723000e+00
1.415400e+02 4.725500e+00
1.415600e+02 4.727900e+00
1.415800e+02 4.730300e+00
1.416000e+02 4.732700e+00
1.416200e+02 4.735000e+00
1.416400e+02 4.737300e+00
1.416600e+02 4.739600e+00
1.416800e+02 4.741800e+00
1.417000e+02 4.744000e+00
1.417200e+02 4.746200e+00
1.417400e+02 4.748300e+00
1.417600e+02 4.750400e+00
1.417800e+02 4.752500e+00
1.418000e+02 4.754500e+00
1.418200e+02 4.756500e+00
1.418400e+02 4.758500e+00
1.418600e+02 4.760400e+00
1.418800e+02 4.762300e+00
1.419000e+02 4.764200e+00
1.419200e+02 4.766000e+00
1.419400e+02 4.767800e+00
1.419600e+02 4.769600e+00
1.419800e+02 4.771300e+00
1.420000e+02 4.773000e+00
1.420200e+02 4.774700e+00
1.420400e+02 4.776300e+00
1.420600e+02 4.777900e+00
1.420800e+02 4.779400e+00
1.421000e+02 4.781000e+00
1.421200e+02 4.782500e+00
1.421400e+02 4.783900e+00
1.421600e+02 4.785300e+00
1.421800e+02 4.786700e+00
1.422000e+02 4.788100e+00
1.422200e+02 4.789400e+00
1.422400e+02 4.790700e+00
1.422600e+02 4.792000e+00
1.422800e+02 4.793200e+00
1.423000e+02 4.794400e+00
1.423200e+02 4.795500e+00
1.423400e+02 4.796600e+00
1.423600e+02 4.797700e+00
1.423800e+02 4.798800e+00
1.424000e+02 4.799800e+00
1.424200e+02 4.800800e+00
1.424400e+02 4.801700e+00
1.424600e+02 4.802600e+00
1.424800e+02 4.803500e+00
1.425000e+02 4.804400e+00
1.425200e+02 4.805200e+00
1.425400e+02 4.806000e+00
1.425600e+02 4.806700e+00
1.425800e+02 4.807400e+00
1.426000e+02 4.808100e+00
1.426200e+02 4.808700e+00
1.426400e+02 4.809300e+00
1.426600e+02 4.809900e+00
1.426800e+02 4.810400e+00
1.427000e+02 4.810900e+00
1.427200e+02 4.811400e+00
1.427400e+02 4.811900e+00
1.427600e+02 4.812300e+00
1.427800e+02 4.812600e+00
1.428000e+02 4.813000e+00
1.428200e+02 4.813300e+00
1.428400e+02 4.813500e+00
1.428600e+02 4.813800e+00
1.428800e+02 4.814000e+00
1.429000e+02 4.814100e+00
1.429200e+02 4.814300e+00
1.429400e+02 4.814300e+00
1.429600e+02 4.814400e+00
1.429800e+02 4.814400e+00
1.430000e+02 4.814400e+00
1.430200e+02 4.814400e+00
1.430400e+02 4.814300e+00
1.430600e+02 4.814200e+00
1.430800e+02 4.814100e+00
1.431000e+02 4.813900e+00
1.431200e+02 4.813700e+00
1.431400e+02 4.813400e+00
1.431600e+02 4.813200e+00
1.431800e+02 4.812800e+00
1.432000e+02 4.812500e+00
1.432200e+02 4.812100e+00
1.432400e+02 4.811700e+00
1.432600e+02 4.811200e+00
1.432800e+02 4.810800e+00
1.433000e+02 4.810300e+00
1.433200e+02 4.809700e+00
1.433400e+02 4.809100e+00
1.433600e+02 4.808500e+00
1.433800e+02 4.807800e+00
1.434000e+02 4.807200e+00
1.434200e+02 4.806400e+00
1.434400e+02 4.805700e+00
1.434600e+02 4.804900e+00
1.434800e+02 4.804100e+00
1.435000e+02 4.803200e+00
1.435200e+02 4.802300e+00
1.435400e+02 4.801400e+00
1.435600e+02 4.800500e+00
1.435800e+02 4.799500e+00
1.436000e+02 4.798400e+00
1.436200e+02 4.797400e+00
1.436400e+02 4.796300e+00
1.436600e+02 4.795200e+00
1.436800e+02 4.794000e+00
1.437000e+02 4.792800e+00
1.437200e+02 4.791600e+00
1.437400e+02 4.790300e+00
1.437600e+02 4.789100e+00
1.437800e+02 4.787700e+00
1.438000e+02 4.786400e+00
1.438200e+02 4.785000e+00
1.438400e+02 4.783500e+00
1.438600e+02 4.782100e+00
1.438800e+02 4.780600e+00
1.439000e+02 4.779100e+00
1.439200e+02 4.777500e+00
1.439400e+02 4.775900e+00
1.439600e+02 4.774300e+00
1.439800e+02 4.772600e+00
1.440000e+02 4.770900e+00
1.440200e+02 4.769200e+00
1.440400e+02 4.767400e+00
1.440600e+02 4.765700e+00
1.440800e+02 4.763800e+00
1.441000e+02 4.762000e+00
1.441200e+02 4.760100e+00
1.441400e+02 4.758100e+00
1.441600e+02 4.756200e+00
1.441800e+02 4.754200e+00
1.442000e+02 4.752200e+00
1.442200e+02 4.750100e+00
1.442400e+02 4.748000e+00
1.442600e+02 4.745900e+00
1.442800e+02 4.743700e+00
1.443000e+02 4.741500e+00
1.443200e+02 4.739300e+00
1.443400e+02 4.737100e+00
1.443600e+02 4.734800e+00
1.443800e+02 4.732400e+00
1.444000e+02 4.730100e+00
1.444200e+02 4.727700e+00
1.444400e+02 4.725300e+00
1.444600e+02 4.722800e+00
1.444800e+02 4.720300e+00
1.445000e+02 4.717800e+00
1.445200e+02 4.715200e+00
1.445400e+02 4.712700e+00
1.445600e+02 4.710000e+00
1.445800e+02 4.707400e+00
1.446000e+02 4.704700e+00
1.446200e+02 4.702000e+00
1.446400e+02 4.699200e+00
1.446600e+02 4.696400e+00
1.446800e+02 4.693600e+00
1.447000e+02 4.690800e+00
1.447200e+02 4.687900e+00
1.447400e+02 4.685000e+00
1.447600e+02 4.682000e+00
1.447800e+02 4.679000e+00
1.448000e+02 4.676000e+00
1.448200e+02 4.672900e+00
1.448400e+02 4.669900e+00
1.448600e+02 4.666800e+00
1.448800e+02 4.663600e+00
1.449000e+02 4.660400e+00
1.449200e+02 4.657200e+00
1.449400e+02 4.654000e+00
1.449600e+02 4.650700e+00
1.449800e+02 4.647400e+00
1.450000e+02 4.644000e+00
1.450200e+02 4.640700e+00
1.450400e+02 4.637200e+00
1.450600e+02 4.633800e+00
1.450800e+02 4.630300e+00
1.451000e+02 4.626800e+00
1.451200e+02 4.623300e+00
1.451400e+02 4.619700e+00
1.451600e+02 4.616100e+00
1.451800e+02 4.612500e+00
1.452000e+02 4.608800e+00
1.452200e+02 4.605100e+00
1.452400e+02 4.601400e+00
1.452600e+02 4.597600e+00
1.452800e+02 4.593800e+00
1.453000e+02 4.590000e+00
1.453200e+02 4.586100e+00
1.453400e+02 4.582200e+00
1.453600e+02 4.578300e+00
1.453800e+02 4.574300e+00
1.454000e+02 4.570300e+00
1.454200e+02 4.566300e+00
1.454400e+02 4.562200e+00
1.454600e+02 4.558200e+00
1.454800e+02 4.554000e+00
1.455000e+02 4.549900e+00
1.455200e+02 4.545700e+00
1.455400e+02 4.541500e+00
1.455600e+02 4.537200e+00
1.455800e+02 4.532900e+00
1.456000e+02 4.528600e+00
1.456200e+02 4.524300e+00
1.456400e+02 4.519900e+00
1.456600e+02 4.515500e+00
1.456800e+02 4.511100e+00
1.457000e+02 4.506600e+00
1.457200e+02 4.502100e+00
1.457400e+02 4.497500e+00
1.457600e+02 4.493000e+00
1.457800e+02 4.488400e+00
1.458000e+02 4.483700e+00
1.458200e+02 4.479100e+00
1.458400e+02 4.474400e+00
1.458600e+02 4.469700e+00
1.458800e+02 4.464900e+00
1.459000e+02 4.460100e+00
1.459200e+02 4.455300e+00
1.459400e+02 4.450400e+00
1.459600e+02 4.445600e+00
1.459800e+02 4.440600e+00
1.460000e+02 4.435700e+00
1.460200e+02 4.430700e+00
1.460400e+02 4.425700e+00
1.460600e+02 4.420700e+00
1.460800e+02 4.415600e+00
1.461000e+02 4.410500e+00
1.461200e+02 4.405400e+00
1.461400e+02 4.400200e+00
1.461600e+02 4.395000e+00
1.461800e+02 4.389800e+00
1.462000e+02 4.384500e+00
1.462200e+02 4.379300e+00
1.462400e+02 4.373900e+00
1.462600e+02 4.368600e+00
1.462800e+02 4.363200e+00
1.463000e+02 4.357800e+00
1.463200e+02 4.352400e+00
1.463400e+02 4.346900e+00
1.463600e+02 4.341400e+00
1.463800e+02 4.335900e+00
1.464000e+02 4.330300e+00
1.464200e+02 4.324700e+00
1.464400e+02 4.319100e+00
1.464600e+02 4.313400e+00
1.464800e+02 4.307800e+00
1.465000e+02 4.302100e+00
1.465200e+02 4.296300e+00
1.465400e+02 4.290500e+00
1.465600e+02 4.284700e+00
1.465800e+02 4.278900e+00
1.466000e+02 4.273100e+00
1.466200e+02 4.267200e+00
1.466400e+02 4.261200e+00
1.466600e+02 4.255300e+00
1.466800e+02 4.249300e+00
1.467000e+02 4.243300e+00
1.467200e+02 4.237300e+00
1.467400e+02 4.231200e+00
1.467600e+02 4.225100e+00
1.467800e+02 4.219000e+00
1.468000e+02 4.212800e+00
1.468200e+02 4.206600e+00
1.468400e+02 4.200400e+00
1.468600e+02 4.194200e+00
1.468800e+02 4.187900e+00
1.469000e+02 4.181600e+00
1.469200e+02 4.175300e+00
1.469400e+02 4.168900e+00
1.469600e+02 4.162500e+00
1.469800e+02 4.156100e+00
1.470000e+02 4.149700e+00
1.470200e+02 4.143200e+00
1.470400e+02 4.136700e+00
1.470600e+02 4.130100e+00
1.470800e+02 4.123600e+00
1.471000e+02 4.117000e+00
1.471200e+02 4.110400e+00
1.471400e+02 4.103700e+00
1.471600e+02 4.097000e+00
1.471800e+02 4.090300e+00
1.472000e+02 4.083600e+00
1.472200e+02 4.076900e+00
1.472400e+02 4.070100e+00
1.472600e+02 4.063200e+00
1.472800e+02 4.056400e+00
1.473000e+02 4.049500e+00
1.473200e+02 4.042600e+00
1.473400e+02 4.035700e+00
1.473600e+02 4.028700e+00
1.473800e+02 4.021700e+00
1.474000e+02 4.014700e+00
1.474200e+02 4.007700e+00
1.474400e+02 4.000600e+00
1.474600e+02 3.993500e+00
1.474800e+02 3.986400e+00
1.475000e+02 3.979200e+00
1.475200e+02 3.972100e+00
1.475400e+02 3.964900e+00
1.475600e+02 3.957600e+00
1.475800e+02 3.950400e+00
1.476000e+02 3.943100e+00
1.476200e+02 3.935800e+00
1.476400e+02 3.928400e+00
1.476600e+02 3.921000e+00
1.476800e+02 3.913600e+00
1.477000e+02 3.906200e+00
1.477200e+02 3.898700e+00
1.477400e+02 3.891300e+00
1.477600e+02 3.883800e+00
1.477800e+02 3.876200e+00
1.478000e+02 3.868700e+00
1.478200e+02 3.861100e+00
1.478400e+02 3.853500e+00
1.478600e+02 3.845800e+00
1.478800e+02 3.838100e+00
1.479000e+02 3.830400e+00
1.479200e+02 3.822700e+00
1.479400e+02 3.815000e+00
1.479600e+02 3.807200e+00
1.479800e+02 3.799400e+00
1.480000e+02 3.791600e+00
1.480200e+02 3.783700e+00
1.480400e+02 3.775800e+00
1.480600e+02 3.767900e+00
1.480800e+02 3.760000e+00
1.481000e+02 3.752000e+00
1.481200e+02 3.744000e+00
1.481400e+02 3.736000e+00
1.481600e+02 3.728000e+00
1.481800e+02 3.719900e+00
1.482000e+02 3.711800e+00
1.482200e+02 3.703700e+00
1.482400e+02 3.695500e+00
1.482600e+02 3.687400e+00
1.482800e+02 3.679200e+00
1.483000e+02 3.670900e+00
1.483200e+02 3.662700e+00
1.483400e+02 3.654400e+00
1.483600e+02 3.646100e+00
1.483800e+02 3.637800e+00
1.484000e+02 3.629400e+00
1.484200e+02 3.621100e+00
1.484400e+02 3.612700e+00
1.484600e+02 3.604200e+00
1.484800e+02 3.595800e+00
1.485000e+02 3.587300e+00
1.485200e+02 3.578800e+00
1.485400e+02 3.570300e+00
1.485600e+02 3.561700e+00
1.485800e+02 3.553100e+00
1.486000e+02 3.544500e+00
1.486200e+02 3.535900e+00
1.486400e+02 3.527300e+00
1.486600e+02 3.518600e+00
1.486800e+02 3.509900e+00
1.487000e+02 3.501200e+00
1.487200e+02 3.492400e+00
1.487400e+02 3.483600e+00
1.487600e+02 3.474800e+00
1.487800e+02 3.466000e+00
1.488000e+02 3.457200e+00
1.488200e+02 3.448300e+00
1.488400e+02 3.439400e+00
1.488600e+02 3.430500e+00
1.488800e+02 3.421500e+00
1.489000e+02 3.412600e+00
1.489200e+02 3.403600e+00
1.489400e+02 3.394600e+00
1.489600e+02 3.385500e+00
1.489800e+02 3.376500e+00
1.490000e+02 3.367400e+00
1.490200e+02 3.358300e+00
1.490400e+02 3.349100e+00
1.490600e+02 3.340000e+00
1.490800e+02 3.330800e+00
1.491000e+02 3.321600e+00
1.491200e+02 3.312400e+00
1.491400e+02 3.303100e+00
1.491600e+02 3.293800e+00
1.491800e+02 3.284600e+00
1.492000e+02 3.275200e+00
1.492200e+02 3.265900e+00
1.492400e+02 3.256500e+00
1.492600e+02 3.247100e+00
1.492800e+02 3.237700e+00
1.493000e+02 3.228300e+00
1.493200e+02 3.218900e+00
1.493400e+02 3.209400e+00
1.493600e+02 3.199900e+00
1.493800e+02 3.190400e+00
1.494000e+02 3.180800e+00
1.494200e+02 3.171300e+00
1.494400e+02 3.161700e+00
1.494600e+02 3.152100e+00
1.494800e+02 3.142400e+00
1.495000e+02 3.132800e+00
1.495200e+02 3.123100e+00
1.495400e+02 3.113400e+00
1.495600e+02 3.103700e+00
1.495800e+02 3.094000e+00
1.496000e+02 3.084200e+00
1.496200e+02 3.074400e+00
1.496400e+02 3.064600e+00
1.496600e+02 3.054800e+00
1.496800e+02 3.045000e+00
1.497000e+02 3.035100e+00
1.497200e+02 3.025200e+00
1.497400e+02 3.015300e+00
1.497600e+02 3.005400e+00
1.497800e+02 2.995500e+00
1.498000e+02 2.985500e+00
1.498200e+02 2.975500e+00
1.498400e+02 2.965500e+00
1.498600e+02 2.955500e+00
1.498800e+02 2.945400e+00
1.499000e+02 2.935400e+00
1.499200e+02 2.925300e+00
1.499400e+02 2.915200e+00
1.499600e+02 2.905000e+00
1.499800e+02 2.894900e+00
1.500000e+02 2.884700e+00
1.500200e+02 2.874500e+00
1.500400e+02 2.864300e+00
1.500600e+02 2.854100e+00
1.500800e+02 2.843900e+00
1.501000e+02 2.833600e+00
1.501200e+02 2.823300e+00
1.501400e+02 2.813000e+00
1.501600e+02 2.802700e+00
1.501800e+02 2.792400e+00
1.502000e+02 2.782000e+00
1.502200e+02 2.771600e+00
1.502400e+02 2.761200e+00
1.502600e+02 2.750800e+00
1.502800e+02 2.740400e+00
1.503000e+02 2.729900e+00
1.503200e+02 2.719400e+00
1.503400e+02 2.708900e+00
1.503600e+02 2.698400e+00
1.503800e+02 2.687900e+00
1.504000e+02 2.677400e+00
1.504200e+02 2.666800e+00
1.504400e+02 2.656200e+00
1.504600e+02 2.645600e+00
1.504800e+02 2.635000e+00
1.505000e+02 2.624400e+00
1.505200e+02 2.613700e+00
1.505400e+02 2.603000e+00
1.505600e+02 2.592300e+00
1.505800e+02 2.581600e+00
1.506000e+02 2.570900e+00
1.506200e+02 2.560100e+00
1.506400e+02 2.549400e+00
1.506600e+02 2.538600e+00
1.506800e+02 2.527800e+00
1.507000e+02 2.517000e+00
1.507200e+02 2.506200e+00
1.507400e+02 2.495300e+00
1.507600e+02 2.484400e+00
1.507800e+02 2.473600e+00
1.508000e+02 2.462700e+00
1.508200e+02 2.451700e+00
1.508400e+02 2.440800e+00
1.508600e+02 2.429900e+00
1.508800e+02 2.418900e+00
1.509000e+02 2.407900e+00
1.509200e+02 2.396900e+00
1.509400e+02 2.385900e+00
1.509600e+02 2.374900e+00
1.509800e+02 2.363800e+00
1.510000e+02 2.352700e+00
1.510200e+02 2.341700e+00
1.510400e+02 2.330600e+00
1.510600e+02 2.319400e+00
1.510800e+02 2.308300e+00
1.511000e+02 2.297200e+00
1.511200e+02 2.286000e+00
1.511400e+02 2.274800e+00
1.511600e+02 2.263600e+00
1.511800e+02 2.252400e+00
1.512000e+02 2.241200e+00
1.512200e+02 2.229900e+00
1.512400e+02 2.218700e+00
1.512600e+02 2.207400e+00
1.512800e+02 2.196100e+00
1.513000e+02 2.184800e+00
1.513200e+02 2.173500e+00
1.513400e+02 2.162200e+00
1.513600e+02 2.150800e+00
1.513800e+02 2.139500e+00
1.514000e+02 2.128100e+00
1.514200e+02 2.116700e+00
1.514400e+02 2.105300e+00
1.514600e+02 2.093900e+00
1.514800e+02 2.082400e+00
1.515000e+02 2.071000e+00
1.515200e+02 2.059500e+00
1.515400e+02 2.048000e+00
1.515600e+02 2.036500e+00
1.515800e+02 2.025000e+00
1.516000e+02 2.013500e+00
1.516200e+02 2.002000e+00
1.516400e+02 1.990400e+00
1.516600e+02 1.978900e+00
1.516800e+02 1.967300e+00
1.517000e+02 1.955700e+00
1.517200e+02 1.944100e+00
1.517400e+02 1.932500e+00
1.517600e+02 1.920800e+00
1.517800e+02 1.909200e+00
1.518000e+02 1.897500e+00
1.518200e+02 1.885900e+00
1.518400e+02 1.874200e+00
1.518600e+02 1.862500e+00
1.518800e+02 1.850800e+00
1.519000e+02 1.839100e+00
1.519200e+02 1.827300e+00
1.519400e+02 1.815600e+00
1.519600e+02 1.803800e+00
1.519800e+02 1.792100e+00
1.520000e+02 1.780300e+00
1.520200e+02 1.768500e+00
1.520400e+02 1.756700e+00
1.520600e+02 1.744900e+00
1.520800e+02 1.733000e+00
1.521000e+02 1.721200e+00
1.521200e+02 1.709300e+00
1.521400e+02 1.697500e+00
1.521600e+02 1.685600e+00
1.521800e+02 1.673700e+00
1.522000e+02 1.661800e+00
1.522200e+02 1.649900e+00
1.522400e+02 1.637900e+00
1.522600e+02 1.626000e+00
1.522800e+02 1.614100e+00
1.523000e+02 1.602100e+00
1.523200e+02 1.590100e+00
1.523400e+02 1.578200e+00
1.523600e+02 1.566200e+00
1.523800e+02 1.554200e+00
1.524000e+02 1.542200e+00
1.524200e+02 1.530100e+00
1.524400e+02 1.518100e+00
1.524600e+02 1.506100e+00
1.524800e+02 1.494000e+00
1.525000e+02 1.482000e+00
1.525200e+02 1.469900e+00
1.525400e+02 1.457800e+00
1.525600e+02 1.445700e+00
1.525800e+02 1.433600e+00
1.526000e+02 1.421500e+00
1.526200e+02 1.409400e+00
1.526400e+02 1.397300e+00
1.526600e+02 1.385100e+00
1.526800e+02 1.373000e+00
1.527000e+02 1.360800e+00
1.527200e+02 1.348700e+00
1.527400e+02 1.336500e+00
1.527600e+02 1.324300e+00
1.527800e+02 1.312100e+00
1.528000e+02 1.299900e+00
1.528200e+02 1.287700e+00
1.528400e+02 1.275500e+00
1.528600e+02 1.263300e+00
1.528800e+02 1.251100e+00
1.529000e+02 1.238800e+00
1.529200e+02 1.226600e+00
1.529400e+02 1.214300e+00
1.529600e+02 1.202000e+00
1.529800e+02 1.189800e+00
1.530000e+02 1.177500e+00
1.530200e+02 1.165200e+00
1.530400e+02 1.152900e+00
1.530600e+02 1.140600e+00
1.530800e+02 1.128300e+00
1.531000e+02 1.116000e+00
1.531200e+02 1.103700e+00
1.531400e+02 1.091300e+00
1.531600e+02 1.079000e+00
1.531800e+02 1.066600e+00
1.532000e+02 1.054300e+00
1.532200e+02 1.041900e+00
1.532400e+02 1.029600e+00
1.532600e+02 1.017200e+00
1.532800e+02 1.004800e+00
1.533000e+02 9.924000e-01
1.533200e+02 9.800000e-01
1.533400e+02 9.676000e-01
1.533600e+02 9.552000e-01
1.533800e+02 9.428000e-01
1.534000e+02 9.304000e-01
1.534200e+02 9.180000e-01
1.534400e+02 9.056000e-01
1.534600e+02 8.931000e-01
1.534800e+02 8.807000e-01
1.535000e+02 8.682000e-01
1.535200e+02 8.558000e-01
1.535400e+02 8.433000e-01
1.535600e+02 8.309000e-01
1.535800e+02 8.184000e-01
1.536000e+02 8.059000e-01
1.536200e+02 7.935000e-01
1.536400e+02 7.810000e-01
1.536600e+02 7.685000e-01
1.536800e+02 7.560000e-01
1.537000e+02 7.435000e-01
1.537200e+02 7.310000e-01
1.537400e+02 7.185000e-01
1.537600e+02 7.060000e-01
1.537800e+02 6.935000e-01
1.538000e+02 6.810000e-01
1.538200e+02 6.684000e-01
1.538400e+02 6.559000e-01
1.538600e+02 6.434000e-01
1.538800e+02 6.309000e-01
1.539000e+02 6.183000e-01
1.539200e+02 6.058000e-01
1.539400e+02 5.932000e-01
1.539600e+02 5.807000e-01
1.539800e+02 5.681000e-01
1.540000e+02 5.556000e-01
1.540200e+02 5.430000e-01
1.540400e+02 5.304000e-01
1.540600e+02 5.179000e-01
1.540800e+02 5.053000e-01
1.541000e+02 4.927000e-01
1.541200e+02 4.801000e-01
1.541400e+02 4.676000e-01
1.541600e+02 4.550000e-01
1.541800e+02 4.424000e-01
1.542000e+02 4.298000e-01
1.542200e+02 4.172000e-01
1.542400e+02 4.046000e-01
1.542600e+02 3.920000e-01
1.542800e+02 3.794000e-01
1.543000e+02 3.668000e-01
1.543200e+02 3.542000e-01
1.543400e+02 3.416000e-01
1.543600e+02 3.290000e-01
1.543800e+02 3.164000e-01
1.544000e+02 3.038000e-01
1.544200e+02 2.912000e-01
1.544400e+02 2.786000e-01
1.544600e+02 2.659000e-01
1.544800e+02 2.533000e-01
1.545000e+02 2.407000e-01
1.545200e+02 2.281000e-01
1.545400e+02 2.155000e-01
1.545600e+02 2.028000e-01
1.545800e+02 1.902000e-01
1.546000e+02 1.776000e-01
1.546200e+02 1.650000e-01
1.546400e+02 1.523000e-01
1.546600e+02 1.397000e-01
1.546800e+02 1.271000e-01
1.547000e+02 1.145000e-01
1.547200e+02 1.018000e-01
1.547400e+02 8.920000e-02
1.547600e+02 7.660000e-02
1.547800e+02 6.390000e-02
1.548000e+02 5.130000e-02
1.548200e+02 3.870000e-02
1.548400e+02 2.600000e-02
1.548600e+02 1.340000e-02
1.548800e+02 8.000000e-04
1.549000e+02 -1.180000e-02
1.549200e+02 -2.450000e-02
1.549400e+02 -3.710000e-02
1.549600e+02 -4.970000e-02
1.549800e+02 -6.240000e-02
1.550000e+02 -7.500000e-02
1.550200e+02 -8.760000e-02
1.550400e+02 -1.002000e-01
1.550600e+02 -1.128000e-01
1.550800e+02 -1.255000e-01
1.551000e+02 -1.381000e-01
1.551200e+02 -1.507000e-01
1.551400e+02 -1.633000e-01
1.551600e+02 -1.759000e-01
1.551800e+02 -1.886000e-01
1.552000e+02 -2.012000e-01
1.552200e+02 -2.138000e-01
1.552400e+02 -2.264000e-01
1.552600e+02 -2.390000e-01
1.552800e+02 -2.516000e-01
1.553000e+02 -2.642000e-01
1.553200e+02 -2.768000e-01
1.553400e+02 -2.894000e-01
1.553600e+02 -3.020000e-01
1.553800e+02 -3.146000e-01
1.554000e+02 -3.272000e-01
1.554200e+02 -3.398000e-01
1.554400e+02 -3.523000e-01
1.554600e+02 -3.649000e-01
1.554800e+02 -3.775000e-01
1.555000e+02 -3.901000e-01
1.555200e+02 -4.026000e-01
1.555400e+02 -4.152000e-01
1.555600e+02 -4.278000e-01
1.555800e+02 -4.403000e-01
1.556000e+02 -4.529000e-01
1.556200e+02 -4.654000e-01
1.556400e+02 -4.780000e-01
1.556600e+02 -4.905000e-01
1.556800e+02 -5.031000e-01
1.557000e+02 -5.156000e-01
1.557200e+02 -5.282000e-01
1.557400e+02 -5.407000e-01
1.557600e+02 -5.532000e-01
1.557800e+02 -5.657000e-01
1.558000e+02 -5.782000e-01
1.558200e+02 -5.907000e-01
1.558400e+02 -6.033000e-01
1.558600e+02 -6.158000e-01
1.558800e+02 -6.282000e-01
1.559000e+02 -6.407000e-01
1.559200e+02 -6.532000e-01
1.559400e+02 -6.657000e-01
1.559600e+02 -6.782000e-01
1.559800e+02 -6.906000e-01
1.560000e+02 -7.031000e-01
1.560200e+02 -7.156000e-01
1.560400e+02 -7.280000e-01
1.560600e+02 -7.405000e-01
1.560800e+02 -7.529000e-01
1.561000e+02 -7.653000e-01
1.561200e+02 -7.778000e-01
1.561400e+02 -7.902000e-01
1.561600e+02 -8.026000e-01
1.561800e+02 -8.150000e-01
1.562000e+02 -8.274000e-01
1.562200e+02 -8.398000e-01
1.562400e+02 -8.522000e-01
1.562600e+02 -8.646000e-01
1.562800e+02 -8.770000e-01
1.563000e+02 -8.893000e-01
1.563200e+02 -9.017000e-01
1.563400e+02 -9.141000e-01
1.563600e+02 -9.264000e-01
1.563800e+02 -9.387000e-01
1.564000e+02 -9.511000e-01
1.564200e+02 -9.634000e-01
1.564400e+02 -9.757000e-01
1.564600e+02 -9.880000e-01
1.564800e+02 -1.000300e+00
1.565000e+02 -1.012600e+00
1.565200e+02 -1.024900e+00
1.565400e+02 -1.037200e+00
1.565600e+02 -1.049500e+00
1.565800e+02 -1.061700e+00
1.566000e+02 -1.074000e+00
1.566200e+02 -1.086300e+00
1.566400e+02 -1.098500e+00
1.566600e+02 -1.110700e+00
1.566800e+02 -1.123000e+00
1.567000e+02 -1.135200e+00
1.567200e+02 -1.147400e+00
1.567400e+02 -1.159600e+00
1.567600e+02 -1.171800e+00
1.567800e+02 -1.183900e+00
1.568000e+02 -1.196100e+00
1.568200e+02 -1.208300e+00
1.568400e+02 -1.220400e+00
1.568600e+02 -1.232600e+00
1.568800e+02 -1.244700e+00
1.569000e+02 -1.256800e+00
1.569200e+02 -1.269000e+00
1.569400e+02 -1.281100e+00
1.569600e+02 -1.293200e+00
1.569800e+02 -1.305300e+00
1.570000e+02 -1.317300e+00
1.570200e+02 -1.329400e+00
1.570400e+02 -1.341500e+00
1.570600e+02 -1.353500e+00
1.570800e+02 -1.365600e+00
1.571000e+02 -1.377600e+00
1.571200e+02 -1.389600e+00
1.571400e+02 -1.401600e+00
1.571600e+02 -1.413600e+00
1.571800e+02 -1.425600e+00
1.572000e+02 -1.437600e+00
1.572200e+02 -1.449600e+00
1.572400e+02 -1.461500e+00
1.572600e+02 -1.473500e+00
1.572800e+02 -1.485400e+00
1.573000e+02 -1.497300e+00
1.573200e+02 -1.509200e+00
1.573400e+02 -1.521100e+00
1.573600e+02 -1.533000e+00
1.573800e+02 -1.544900e+00
1.574000e+02 -1.556800e+00
1.574200e+02 -1.568600e+00
1.574400e+02 -1.580500e+00
1.574600e+02 -1.592300e+00
1.574800e+02 -1.604100e+00
1.575000e+02 -1.616000e+00
1.575200e+02 -1.627800e+00
1.575400e+02 -1.639600e+00
1.575600e+02 -1.651300e+00
1.575800e+02 -1.663100e+00
1.576000e+02 -1.674900e+00
1.576200e+02 -1.686600e+00
1.576400e+02 -1.698300e+00
1.576600e+02 -1.710000e+00
1.576800e+02 -1.721700e+00
1.577000e+02 -1.733400e+00
1.577200e+02 -1.745100e+00
1.577400e+02 -1.756800e+00
1.577600e+02 -1.768400e+00
1.577800e+02 -1.780100e+00
1.578000e+02 -1.791700e+00
1.578200e+02 -1.803300e+00
1.578400e+02 -1.814900e+00
1.578600e+02 -1.826500e+00
1.578800e+02 -1.838100e+00
1.579000e+02 -1.849700e+00
1.579200e+02 -1.861200e+00
1.579400e+02 -1.872700e+00
1.579600e+02 -1.884300e+00
1.579800e+02 -1.895800e+00
1.580000e+02 -1.907300e+00
1.580200e+02 -1.918800e+00
1.580400e+02 -1.930200e+00
1.580600e+02 -1.941700e+00
1.580800e+02 -1.953100e+00
1.581000e+02 -1.964500e+00
1.581200e+02 -1.975900e+00
1.581400e+02 -1.987300e+00
1.581600e+02 -1.998700e+00
1.581800e+02 -2.010100e+00
1.582000e+02 -2.021400e+00
1.582200e+02 -2.032800e+00
1.582400e+02 -2.044100e+00
1.582600e+02 -2.055400e+00
1.582800e+02 -2.066700e+00
1.583000e+02 -2.078000e+00
1.583200e+02 -2.089300e+00
1.583400e+02 -2.100500e+00
1.583600e+02 -2.111700e+00
1.583800e+02 -2.123000e+00
1.584000e+02 -2.134200e+00
1.584200e+02 -2.145400e+00
1.584400e+02 -2.156500e+00
1.584600e+02 -2.167700e+00
1.584800e+02 -2.178800e+00
1.585000e+02 -2.189900e+00
1.585200e+02 -2.201100e+00
1.585400e+02 -2.212100e+00
1.585600e+02 -2.223200e+00
1.585800e+02 -2.234300e+00
1.586000e+02 -2.245300e+00
1.586200e+02 -2.256400e+00
1.586400e+02 -2.267400e+00
1.586600e+02 -2.278400e+00
1.586800e+02 -2.289300e+00
1.587000e+02 -2.300300e+00
1.587200e+02 -2.311200e+00
1.587400e+02 -2.322200e+00
1.587600e+02 -2.333100e+00
1.587800e+02 -2.344000e+00
1.588000e+02 -2.354800e+00
1.588200e+02 -2.365700e+00
1.588400e+02 -2.376500e+00
1.588600e+02 -2.387400e+00
1.588800e+02 -2.398200e+00
1.589000e+02 -2.409000e+00
1.589200e+02 -2.419700e+00
1.589400e+02 -2.430500e+00
1.589600e+02 -2.441200e+00
1.589800e+02 -2.451900e+00
1.590000e+02 -2.462600e+00
1.590200e+02 -2.473300e+00
1.590400e+02 -2.484000e+00
1.590600e+02 -2.494600e+00
1.590800e+02 -2.505300e+00
1.591000e+02 -2.515900e+00
1.591200e+02 -2.526500e+00
1.591400e+02 -2.537000e+00
1.591600e+02 -2.547600e+00
1.591800e+02 -2.558100e+00
1.592000e+02 -2.568700e+00
1.592200e+02 -2.579200e+00
1.592400e+02 -2.589600e+00
1.592600e+02 -2.600100e+00
1.592800e+02 -2.610500e+00
1.593000e+02 -2.621000e+00
1.593200e+02 -2.631400e+00
1.593400e+02 -2.641700e+00
1.593600e+02 -2.652100e+00
1.593800e+02 -2.662500e+00
1.594000e+02 -2.672800e+00
1.594200e+02 -2.683100e+00
1.594400e+02 -2.693400e+00
1.594600e+02 -2.703700e+00
1.594800e+02 -2.713900e+00
1.595000e+02 -2.724100e+00
1.595200e+02 -2.734300e+00
1.595400e+02 -2.744500e+00
1.595600e+02 -2.754700e+00
1.595800e+02 -2.764900e+00
1.596000e+02 -2.775000e+00
1.596200e+02 -2.785100e+00
1.596400e+02 -2.795200e+00
1.596600e+02 -2.805300e+00
1.596800e+02 -2.815300e+00
1.597000e+02 -2.825300e+00
1.597200e+02 -2.835300e+00
1.597400e+02 -2.845300e+00
1.597600e+02 -2.855300e+00
1.597800e+02 -2.865300e+00
1.598000e+02 -2.875200e+00
1.598200e+02 -2.885100e+00
1.598400e+02 -2.895000e+00
1.598600e+02 -2.904800e+00
1.598800e+02 -2.914700e+00
1.599000e+02 -2.924500e+00
1.599200e+02 -2.934300e+00
1.599400e+02 -2.944100e+00
1.599600e+02 -2.953800e+00
1.599800e+02 -2.963600e+00
1.600000e+02 -2.973300e+00
1.600200e+02 -2.983000e+00
1.600400e+02 -2.992700e+00
1.600600e+02 -3.002300e+00
1.600800e+02 -3.012000e+00
1.601000e+02 -3.021600e+00
1.601200e+02 -3.031200e+00
1.601400e+02 -3.040700e+00
1.601600e+02 -3.050300e+00
1.601800e+02 -3.059800e+00
1.602000e+02 -3.069300e+00
1.602200e+02 -3.078800e+00
1.602400e+02 -3.088200e+00
1.602600e+02 -3.097700e+00
1.602800e+02 -3.107100e+00
1.603000e+02 -3.116500e+00
1.603200e+02 -3.125900e+00
1.603400e+02 -3.135200e+00
1.603600e+02 -3.144500e+00
1.603800e+02 -3.153800e+00
1.604000e+02 -3.163100e+00
1.604200e+02 -3.172400e+00
1.604400e+02 -3.181600e+00
1.604600e+02 -3.190800e+00
1.604800e+02 -3.200000e+00
1.605000e+02 -3.209200e+00
1.605200e+02 -3.218300e+00
1.605400e+02 -3.227400e+00
1.605600e+02 -3.236500e+00
1.605800e+02 -3.245600e+00
1.606000e+02 -3.254700e+00
1.606200e+02 -3.263700e+00
1.606400e+02 -3.272700e+00
1.606600e+02 -3.281700e+00
1.606800e+02 -3.290600e+00
1.607000e+02 -3.299600e+00
1.607200e+02 -3.308500e+00
1.607400e+02 -3.317400e+00
1.607600e+02 -3.326300e+00
1.607800e+02 -3.335100e+00
1.608000e+02 -3.343900e+00
1.608200e+02 -3.352700e+00
1.608400e+02 -3.361500e+00
1.608600e+02 -3.370200e+00
1.608800e+02 -3.379000e+00
1.609000e+02 -3.387700e+00
1.609200e+02 -3.396300e+00
1.609400e+02 -3.405000e+00
1.609600e+02 -3.413600e+00
1.609800e+02 -3.422200e+00
1.610000e+02 -3.430800e+00
1.610200e+02 -3.439300e+00
1.610400e+02 -3.447900e+00
1.610600e+02 -3.456400e+00
1.610800e+02 -3.464900e+00
1.611000e+02 -3.473300e+00
1.611200e+02 -3.481700e+00
1.611400e+02 -3.490100e+00
1.611600e+02 -3.498500e+00
1.611800e+02 -3.506900e+00
1.612000e+02 -3.515200e+00
1.612200e+02 -3.523500e+00
1.612400e+02 -3.531800e+00
1.612600e+02 -3.540100e+00
1.612800e+02 -3.548300e+00
1.613000e+02 -3.556500e+00
1.613200e+02 -3.564700e+00
1.613400e+02 -3.572800e+00
1.613600e+02 -3.581000e+00
1.613800e+02 -3.589100e+00
1.614000e+02 -3.597100e+00
1.614200e+02 -3.605200e+00
1.614400e+02 -3.613200e+00
1.614600e+02 -3.621200e+00
1.614800e+02 -3.629200e+00
1.615000e+02 -3.637100e+00
1.615200e+02 -3.645100e+00
1.615400e+02 -3.653000e+00
1.615600e+02 -3.660800e+00
1.615800e+02 -3.668700e+00
1.616000e+02 -3.676500e+00
1.616200e+02 -3.684300e+00
1.616400e+02 -3.692000e+00
1.616600e+02 -3.699800e+00
1.616800e+02 -3.707500e+00
1.617000e+02 -3.715200e+00
1.617200e+02 -3.722800e+00
1.617400e+02 -3.730500e+00
1.617600e+02 -3.738100e+00
1.617800e+02 -3.745600e+00
1.618000e+02 -3.753200e+00
1.618200e+02 -3.760700e+00
1.618400e+02 -3.768200e+00
1.618600e+02 -3.775700e+00
1.618800e+02 -3.783100e+00
1.619000e+02 -3.790500e+00
1.619200e+02 -3.797900e+00
1.619400e+02 -3.805300e+00
1.619600e+02 -3.812600e+00
1.619800e+02 -3.819900e+00
1.620000e+02 -3.827200e+00
1.620200e+02 -3.834500e+00
1.620400e+02 -3.841700e+00
1.620600e+02 -3.848900e+00
1.620800e+02 -3.856100e+00
1.621000e+02 -3.863200e+00
1.621200e+02 -3.870300e+00
1.621400e+02 -3.877400e+00
1.621600e+02 -3.884500e+00
1.621800e+02 -3.891500e+00
1.622000e+02 -3.898500e+00
1.622200e+02 -3.905500e+00
1.622400e+02 -3.912400e+00
1.622600e+02 -3.919300e+00
1.622800e+02 -3.926200e+00
1.623000e+02 -3.933100e+00
1.623200e+02 -3.939900e+00
1.623400e+02 -3.946700e+00
1.623600e+02 -3.953500e+00
1.623800e+02 -3.960300e+00
1.624000e+02 -3.967000e+00
1.624200e+02 -3.973700e+00
1.624400e+02 -3.980300e+00
1.624600e+02 -3.987000e+00
1.624800e+02 -3.993600e+00
1.625000e+02 -4.000200e+00
1.625200e+02 -4.006700e+00
1.625400e+02 -4.013200e+00
1.625600e+02 -4.019700e+00
1.625800e+02 -4.026200e+00
1.626000e+02 -4.032600e+00
1.626200e+02 -4.039000e+00
1.626400e+02 -4.045400e+00
1.626600e+02 -4.051800e+00
1.626800e+02 -4.058100e+00
1.627000e+02 -4.064400e+00
1.627200e+02 -4.070600e+00
1.627400e+02 -4.076900e+00
1.627600e+02 -4.083100e+00
1.627800e+02 -4.089200e+00
1.628000e+02 -4.095400e+00
1.628200e+02 -4.101500e+00
1.628400e+02 -4.107600e+00
1.628600e+02 -4.113700e+00
1.628800e+02 -4.119700e+00
1.629000e+02 -4.125700e+00
1.629200e+02 -4.131700e+00
1.629400e+02 -4.137600e+00
1.629600e+02 -4.143500e+00
1.629800e+02 -4.149400e+00
1.630000e+02 -4.155200e+00
1.630200e+02 -4.161100e+00
1.630400e+02 -4.166900e+00
1.630600e+02 -4.172600e+00
1.630800e+02 -4.178400e+00
1.631000e+02 -4.184100e+00
1.631200e+02 -4.189700e+00
1.631400e+02 -4.195400e+00
1.631600e+02 -4.201000e+00
1.631800e+02 -4.206600e+00
1.632000e+02 -4.212200e+00
1.632200e+02 -4.217700e+00
1.632400e+02 -4.223200e+00
1.632600e+02 -4.228600e+00
1.632800e+02 -4.234100e+00
1.633000e+02 -4.239500e+00
1.633200e+02 -4.244900e+00
1.633400e+02 -4.250200e+00
1.633600e+02 -4.255500e+00
1.633800e+02 -4.260800e+00
1.634000e+02 -4.266100e+00
1.634200e+02 -4.271300e+00
1.634400e+02 -4.276500e+00
1.634600e+02 -4.281700e+00
1.634800e+02 -4.286800e+00
1.635000e+02 -4.291900e+00
1.635200e+02 -4.297000e+00
1.635400e+02 -4.302000e+00
1.635600e+02 -4.307100e+00
1.635800e+02 -4.312000e+00
1.636000e+02 -4.317000e+00
1.636200e+02 -4.321900e+00
1.636400e+02 -4.326800e+00
1.636600e+02 -4.331700e+00
1.636800e+02 -4.336500e+00
1.637000e+02 -4.341300e+00
1.637200e+02 -4.346100e+00
1.637400e+02 -4.350800e+00
1.637600e+02 -4.355500e+00
1.637800e+02 -4.360200e+00
1.638000e+02 -4.364900e+00
1.638200e+02 -4.369500e+00
1.638400e+02 -4.374100e+00
1.638600e+02 -4.378600e+00
1.638800e+02 -4.383200e+00
1.639000e+02 -4.387700e+00
1.639200e+02 -4.392100e+00
1.639400e+02 -4.396500e+00
1.639600e+02 -4.401000e+00
1.639800e+02 -4.405300e+00
1.640000e+02 -4.409700e+00
1.640200e+02 -4.414000e+00
1.640400e+02 -4.418200e+00
1.640600e+02 -4.422500e+00
1.640800e+02 -4.426700e+00
1.641000e+02 -4.430900e+00
1.641200e+02 -4.435000e+00
1.641400e+02 -4.439200e+00
1.641600e+02 -4.443200e+00
1.641800e+02 -4.447300e+00
1.642000e+02 -4.451300e+00
1.642200e+02 -4.455300e+00
1.642400e+02 -4.459300e+00
1.642600e+02 -4.463200e+00
1.642800e+02 -4.467100e+00
1.643000e+02 -4.471000e+00
1.643200e+02 -4.474800e+00
1.643400e+02 -4.478600e+00
1.643600e+02 -4.482400e+00
1.643800e+02 -4.486100e+00
1.644000e+02 -4.489900e+00
1.644200e+02 -4.493500e+00
1.644400e+02 -4.497200e+00
1.644600e+02 -4.500800e+00
1.644800e+02 -4.504400e+00
1.645000e+02 -4.507900e+00
1.645200e+02 -4.511400e+00
1.645400e+02 -4.514900e+00
1.645600e+02 -4.518400e+00
1.645800e+02 -4.521800e+00
1.646000e+02 -4.525200e+00
1.646200e+02 -4.528600e+00
1.646400e+02 -4.531900e+00
1.646600e+02 -4.535200e+00
1.646800e+02 -4.538400e+00
1.647000e+02 -4.541700e+00
1.647200e+02 -4.544900e+00
1.647400e+02 -4.548000e+00
1.647600e+02 -4.551200e+00
1.647800e+02 -4.554300e+00
1.648000e+02 -4.557300e+00
1.648200e+02 -4.560400e+00
1.648400e+02 -4.563400e+00
1.648600e+02 -4.566300e+00
1.648800e+02 -4.569300e+00
1.649000e+02 -4.572200e+00
1.649200e+02 -4.575000e+00
1.649400e+02 -4.577900e+00
1.649600e+02 -4.580700e+00
1.649800e+02 -4.583500e+00
1.650000e+02 -4.586200e+00
1.650200e+02 -4.588900e+00
1.650400e+02 -4.591600e+00
1.650600e+02 -4.594200e+00
1.650800e+02 -4.596900e+00
1.651000e+02 -4.599400e+00
1.651200e+02 -4.602000e+00
1.651400e+02 -4.604500e+00
1.651600e+02 -4.607000e+00
1.651800e+02 -4.609400e+00
1.652000e+02 -4.611800e+00
1.652200e+02 -4.614200e+00
1.652400e+02 -4.616600e+00
1.652600e+02 -4.618900e+00
1.652800e+02 -4.621200e+00
1.653000e+02 -4.623400e+00
1.653200e+02 -4.625600e+00
1.653400e+02 -4.627800e+00
1.653600e+02 -4.630000e+00
1.653800e+02 -4.632100e+00
1.654000e+02 -4.634200e+00
1.654200e+02 -4.636300e+00
1.654400e+02 -4.638300e+00
1.654600e+02 -4.640300e+00
1.654800e+02 -4.642200e+00
1.655000e+02 -4.644100e+00
1.655200e+02 -4.646000e+00
1.655400e+02 -4.647900e+00
1.655600e+02 -4.649700e+00
1.655800e+02 -4.651500e+00
1.656000e+02 -4.653300e+00
1.656200e+02 -4.655000e+00
1.656400e+02 -4.656700e+00
1.656600e+02 -4.658300e+00
1.656800e+02 -4.660000e+00
1.657000e+02 -4.661600e+00
1.657200e+02 -4.663100e+00
1.657400e+02 -4.664600e+00
1.657600e+02 -4.666100e+00
1.657800e+02 -4.667600e+00
1.658000e+02 -4.669000e+00
1.658200e+02 -4.670400e+00
1.658400e+02 -4.671800e+00
1.658600e+02 -4.673100e+00
1.658800e+02 -4.674400e+00
1.659000e+02 -4.675700e+00
1.659200e+02 -4.676900e+00
1.659400e+02 -4.678100e+00
1.659600e+02 -4.679300e+00
1.659800e+02 -4.680400e+00
1.660000e+02 -4.681500e+00
1.660200e+02 -4.682600e+00
1.660400e+02 -4.683600e+00
1.660600e+02 -4.684600e+00
1.660800e+02 -4.685600e+00
1.661000e+02 -4.686500e+00
1.661200e+02 -4.687400e+00
1.661400e+02 -4.688300e+00
1.661600e+02 -4.689100e+00
1.661800e+02 -4.689900e+00
1.662000e+02 -4.690700e+00
1.662200e+02 -4.691400e+00
1.662400e+02 -4.692100e+00
1.662600e+02 -4.692800e+00
1.662800e+02 -4.693400e+00
1.663000e+02 -4.694000e+00
1.663200e+02 -4.694600e+00
1.663400e+02 -4.695100e+00
1.663600e+02 -4.695600e+00
1.663800e+02 -4.696100e+00
1.664000e+02 -4.696500e+00
1.664200e+02 -4.696900e+00
1.664400e+02 -4.697300e+00
1.664600e+02 -4.697700e+00
1.664800e+02 -4.698000e+00
1.665000e+02 -4.698200e+00
1.665200e+02 -4.698500e+00
1.665400e+02 -4.698700e+00
1.665600e+02 -4.698900e+00
1.665800e+02 -4.699000e+00
1.666000e+02 -4.699100e+00
1.666200e+02 -4.699200e+00
1.666400e+02 -4.699200e+00
1.666600e+02 -4.699200e+00
1.666800e+02 -4.699200e+00
1.667000e+02 -4.699200e+00
1.667200e+02 -4.699100e+00
1.667400e+02 -4.699000e+00
1.667600e+02 -4.698800e+00
1.667800e+02 -4.698600e+00
1.668000e+02 -4.698400e+00
1.668200e+02 -4.698100e+00
1.668400e+02 -4.697800e+00
1.668600e+02 -4.697500e+00
1.668800e+02 -4.697200e+00
1.669000e+02 -4.696800e+00
1.669200e+02 -4.696400e+00
1.669400e+02 -4.695900e+00
1.669600e+02 -4.695400e+00
1.669800e+02 -4.694900e+00
1.670000e+02 -4.694400e+00
1.670200e+02 -4.693800e+00
1.670400e+02 -4.693200e+00
1.670600e+02 -4.692500e+00
1.670800e+02 -4.691800e+00
1.671000e+02 -4.691100e+00
1.671200e+02 -4.690400e+00
1.671400e+02 -4.689600e+00
1.671600e+02 -4.688800e+00
1.671800e+02 -4.687900e+00
1.672000e+02 -4.687000e+00
1.672200e+02 -4.686100e+00
1.672400e+02 -4.685200e+00
1.672600e+02 -4.684200e+00
1.672800e+02 -4.683200e+00
1.673000e+02 -4.682100e+00
1.673200e+02 -4.681100e+00
1.673400e+02 -4.680000e+00
1.673600e+02 -4.678800e+00
1.673800e+02 -4.677600e+00
1.674000e+02 -4.676400e+00
1.674200e+02 -4.675200e+00
1.674400e+02 -4.673900e+00
1.674600e+02 -4.672600e+00
1.674800e+02 -4.671300e+00
1.675000e+02 -4.669900e+00
1.675200e+02 -4.668500e+00
1.675400e+02 -4.667000e+00
1.675600e+02 -4.665600e+00
1.675800e+02 -4.664000e+00
1.676000e+02 -4.662500e+00
1.676200e+02 -4.660900e+00
1.676400e+02 -4.659300e+00
1.676600e+02 -4.657700e+00
1.676800e+02 -4.656000e+00
1.677000e+02 -4.654300e+00
1.677200e+02 -4.652600e+00
1.677400e+02 -4.650800e+00
1.677600e+02 -4.649000e+00
1.677800e+02 -4.647200e+00
1.678000e+02 -4.645300e+00
1.678200e+02 -4.643400e+00
1.678400e+02 -4.641500e+00
1.678600e+02 -4.639500e+00
1.678800e+02 -4.637500e+00
1.679000e+02 -4.635500e+00
1.679200e+02 -4.633400e+00
1.679400e+02 -4.631300e+00
1.679600e+02 -4.629200e+00
1.679800e+02 -4.627000e+00
1.680000e+02 -4.624800e+00
1.680200e+02 -4.622600e+00
1.680400e+02 -4.620300e+00
1.680600e+02 -4.618000e+00
1.680800e+02 -4.615700e+00
1.681000e+02 -4.613400e+00
1.681200e+02 -4.611000e+00
1.681400e+02 -4.608500e+00
1.681600e+02 -4.606100e+00
1.681800e+02 -4.603600e+00
1.682000e+02 -4.601100e+00
1.682200e+02 -4.598500e+00
1.682400e+02 -4.595900e+00
1.682600e+02 -4.593300e+00
1.682800e+02 -4.590700e+00
1.683000e+02 -4.588000e+00
1.683200e+02 -4.585300e+00
1.683400e+02 -4.582500e+00
1.683600e+02 -4.579700e+00
1.683800e+02 -4.576900e+00
1.684000e+02 -4.574100e+00
1.684200e+02 -4.571200e+00
1.684400e+02 -4.568300e+00
1.684600e+02 -4.565300e+00
1.684800e+02 -4.562400e+00
1.685000e+02 -4.559400e+00
1.685200e+02 -4.556300e+00
1.685400e+02 -4.553300e+00
1.685600e+02 -4.550200e+00
1.685800e+02 -4.547000e+00
1.686000e+02 -4.543900e+00
1.686200e+02 -4.540700e+00
1.686400e+02 -4.537400e+00
1.686600e+02 -4.534200e+00
1.686800e+02 -4.530900e+00
1.687000e+02 -4.527500e+00
1.687200e+02 -4.524200e+00
1.687400e+02 -4.520800e+00
1.687600e+02 -4.517400e+00
1.687800e+02 -4.513900e+00
1.688000e+02 -4.510400e+00
1.688200e+02 -4.506900e+00
1.688400e+02 -4.503400e+00
1.688600e+02 -4.499800e+00
1.688800e+02 -4.496200e+00
1.689000e+02 -4.492500e+00
1.689200e+02 -4.488900e+00
1.689400e+02 -4.485100e+00
1.689600e+02 -4.481400e+00
1.689800e+02 -4.477600e+00
1.690000e+02 -4.473800e+00
1.690200e+02 -4.470000e+00
1.690400e+02 -4.466100e+00
1.690600e+02 -4.462200e+00
1.690800e+02 -4.458300e+00
1.691000e+02 -4.454400e+00
1.691200e+02 -4.450400e+00
1.691400e+02 -4.446400e+00
1.691600e+02 -4.442300e+00
1.691800e+02 -4.438200e+00
1.692000e+02 -4.434100e+00
1.692200e+02 -4.430000e+00
1.692400e+02 -4.425800e+00
1.692600e+02 -4.421600e+00
1.692800e+02 -4.417400e+00
1.693000e+02 -4.413100e+00
1.693200e+02 -4.408800e+00
1.693400e+02 -4.404500e+00
1.693600e+02 -4.400100e+00
1.693800e+02 -4.395700e+00
1.694000e+02 -4.391300e+00
1.694200e+02 -4.386800e+00
1.694400e+02 -4.382400e+00
1.694600e+02 -4.377800e+00
1.694800e+02 -4.373300e+00
1.695000e+02 -4.368700e+00
1.695200e+02 -4.364100e+00
1.695400e+02 -4.359500e+00
1.695600e+02 -4.354800e+00
1.695800e+02 -4.350100e+00
1.696000e+02 -4.345400e+00
1.696200e+02 -4.340600e+00
1.696400e+02 -4.335900e+00
1.696600e+02 -4.331000e+00
1.696800e+02 -4.326200e+00
1.697000e+02 -4.321300e+00
1.697200e+02 -4.316400e+00
1.697400e+02 -4.311500e+00
1.697600e+02 -4.306500e+00
1.697800e+02 -4.301500e+00
1.698000e+02 -4.296500e+00
1.698200e+02 -4.291400e+00
1.698400e+02 -4.286300e+00
1.698600e+02 -4.281200e+00
1.698800e+02 -4.276100e+00
1.699000e+02 -4.270900e+00
1.699200e+02 -4.265700e+00
1.699400e+02 -4.260500e+00
1.699600e+02 -4.255200e+00
1.699800e+02 -4.249900e+00
1.700000e+02 -4.244600e+00
1.700200e+02 -4.239200e+00
1.700400e+02 -4.233800e+00
1.700600e+02 -4.228400e+00
1.700800e+02 -4.223000e+00
1.701000e+02 -4.217500e+00
1.701200e+02 -4.212000e+00
1.701400e+02 -4.206500e+00
1.701600e+02 -4.200900e+00
1.701800e+02 -4.195300e+00
1.702000e+02 -4.189700e+00
1.702200e+02 -4.184000e+00
1.702400e+02 -4.178400e+00
1.702600e+02 -4.172700e+00
1.702800e+02 -4.166900e+00
1.703000e+02 -4.161200e+00
1.703200e+02 -4.155400e+00
1.703400e+02 -4.149500e+00
1.703600e+02 -4.143700e+00
1.703800e+02 -4.137800e+00
1.704000e+02 -4.131900e+00
1.704200e+02 -4.126000e+00
1.704400e+02 -4.120000e+00
1.704600e+02 -4.114000e+00
1.704800e+02 -4.108000e+00
1.705000e+02 -4.101900e+00
1.705200e+02 -4.095800e+00
1.705400e+02 -4.089700e+00
1.705600e+02 -4.083600e+00
1.705800e+02 -4.077400e+00
1.706000e+02 -4.071200e+00
1.706200e+02 -4.065000e+00
1.706400e+02 -4.058700e+00
1.706600e+02 -4.052400e+00
1.706800e+02 -4.046100e+00
1.707000e+02 -4.039800e+00
1.707200e+02 -4.033400e+00
1.707400e+02 -4.027000e+00
1.707600e+02 -4.020600e+00
1.707800e+02 -4.014100e+00
1.708000e+02 -4.007700e+00
1.708200e+02 -4.001200e+00
1.708400e+02 -3.994600e+00
1.708600e+02 -3.988000e+00
1.708800e+02 -3.981500e+00
1.709000e+02 -3.974800e+00
1.709200e+02 -3.968200e+00
1.709400e+02 -3.961500e+00
1.709600e+02 -3.954800e+00
1.709800e+02 -3.948100e+00
1.710000e+02 -3.941300e+00
1.710200e+02 -3.934500e+00
1.710400e+02 -3.927700e+00
1.710600e+02 -3.920900e+00
1.710800e+02 -3.914000e+00
1.711000e+02 -3.907100e+00
1.711200e+02 -3.900200e+00
1.711400e+02 -3.893200e+00
1.711600e+02 -3.886200e+00
1.711800e+02 -3.879200e+00
1.712000e+02 -3.872200e+00
1.712200e+02 -3.865100e+00
1.712400e+02 -3.858000e+00
1.712600e+02 -3.850900e+00
1.712800e+02 -3.843800e+00
1.713000e+02 -3.836600e+00
1.713200e+02 -3.829400e+00
1.713400e+02 -3.822200e+00
1.713600e+02 -3.814900e+00
1.713800e+02 -3.807600e+00
1.714000e+02 -3.800300e+00
1.714200e+02 -3.793000e+00
1.714400e+02 -3.785700e+00
1.714600e+02 -3.778300e+00
1.714800e+02 -3.770900e+00
1.715000e+02 -3.763400e+00
1.715200e+02 -3.756000e+00
1.715400e+02 -3.748500e+00
1.715600e+02 -3.740900e+00
1.715800e+02 -3.733400e+00
1.716000e+02 -3.725800e+00
1.716200e+02 -3.718200e+00
1.716400e+02 -3.710600e+00
1.716600e+02 -3.703000e+00
1.716800e+02 -3.695300e+00
1.717000e+02 -3.687600e+00
1.717200e+02 -3.679900e+00
1.717400e+02 -3.672100e+00
1.717600e+02 -3.664400e+00
1.717800e+02 -3.656600e+00
1.718000e+02 -3.648700e+00
1.718200e+02 -3.640900e+00
1.718400e+02 -3.633000e+00
1.718600e+02 -3.625100e+00
1.718800e+02 -3.617200e+00
1.719000e+02 -3.609200e+00
1.719200e+02 -3.601200e+00
1.719400e+02 -3.593200e+00
1.719600e+02 -3.585200e+00
1.719800e+02 -3.577100e+00
1.720000e+02 -3.569100e+00
1.720200e+02 -3.561000e+00
1.720400e+02 -3.552800e+00
1.720600e+02 -3.544700e+00
1.720800e+02 -3.536500e+00
1.721000e+02 -3.528300e+00
1.721200e+02 -3.520100e+00
1.721400e+02 -3.511800e+00
1.721600e+02 -3.503600e+00
1.721800e+02 -3.495300e+00
1.722000e+02 -3.486900e+00
1.722200e+02 -3.478600e+00
1.722400e+02 -3.470200e+00
1.722600e+02 -3.461800e+00
1.722800e+02 -3.453400e+00
1.723000e+02 -3.445000e+00
1.723200e+02 -3.436500e+00
1.723400e+02 -3.428000e+00
1.723600e+02 -3.419500e+00
1.723800e+02 -3.410900e+00
1.724000e+02 -3.402400e+00
1.724200e+02 -3.393800e+00
1.724400e+02 -3.385200e+00
1.724600e+02 -3.376600e+00
1.724800e+02 -3.367900e+00
1.725000e+02 -3.359200e+00
1.725200e+02 -3.350500e+00
1.725400e+02 -3.341800e+00
1.725600e+02 -3.333000e+00
1.725800e+02 -3.324300e+00
1.726000e+02 -3.315500e+00
1.726200e+02 -3.306700e+00
1.726400e+02 -3.297800e+00
1.726600e+02 -3.289000e+00
1.726800e+02 -3.280100e+00
1.727000e+02 -3.271200e+00
1.727200e+02 -3.262200e+00
1.727400e+02 -3.253300e+00
1.727600e+02 -3.244300e+00
1.727800e+02 -3.235300e+00
1.728000e+02 -3.226300e+00
1.728200e+02 -3.217300e+00
1.728400e+02 -3.208200e+00
1.728600e+02 -3.199100e+00
1.728800e+02 -3.190000e+00
1.729000e+02 -3.180900e+00
1.729200e+02 -3.171700e+00
1.729400e+02 -3.162500e+00
1.729600e+02 -3.153300e+00
1.729800e+02 -3.144100e+00
1.730000e+02 -3.134900e+00
1.730200e+02 -3.125600e+00
1.730400e+02 -3.116300e+00
1.730600e+02 -3.107000e+00
1.730800e+02 -3.097700e+00
1.731000e+02 -3.088400e+00
1.731200e+02 -3.079000e+00
1.731400e+02 -3.069600e+00
1.731600e+02 -3.060200e+00
1.731800e+02 -3.050800e+00
1.732000e+02 -3.041300e+00
1.732200e+02 -3.031800e+00
1.732400e+02 -3.022300e+00
1.732600e+02 -3.012800e+00
1.732800e+02 -3.003300e+00
1.733000e+02 -2.993700e+00
1.733200e+02 -2.984200e+00
1.733400e+02 -2.974600e+00
1.733600e+02 -2.964900e+00
1.733800e+02 -2.955300e+00
1.734000e+02 -2.945600e+00
1.734200e+02 -2.936000e+00
1.734400e+02 -2.926300e+00
1.734600e+02 -2.916500e+00
1.734800e+02 -2.906800e+00
1.735000e+02 -2.897000e+00
1.735200e+02 -2.887200e+00
1.735400e+02 -2.877400e+00
1.735600e+02 -2.867600e+00
1.735800e+02 -2.857800e+00
1.736000e+02 -2.847900e+00
1.736200e+02 -2.838000e+00
1.736400e+02 -2.828100e+00
1.736600e+02 -2.818200e+00
1.736800e+02 -2.808300e+00
1.737000e+02 -2.798300e+00
1.737200e+02 -2.788300e+00
1.737400e+02 -2.778300e+00
1.737600e+02 -2.768300e+00
1.737800e+02 -2.758300e+00
1.738000e+02 -2.748200e+00
1.738200e+02 -2.738200e+00
1.738400e+02 -2.728100e+00
1.738600e+02 -2.718000e+00
1.738800e+02 -2.707800e+00
1.739000e+02 -2.697700e+00
1.739200e+02 -2.687500e+00
1.739400e+02 -2.677300e+00
1.739600e+02 -2.667100e+00
1.739800e+02 -2.656900e+00
1.740000e+02 -2.646600e+00
1.740200e+02 -2.636400e+00
1.740400e+02 -2.626100e+00
1.740600e+02 -2.615800e+00
1.740800e+02 -2.605500e+00
1.741000e+02 -2.595100e+00
1.741200e+02 -2.584800e+00
1.741400e+02 -2.574400e+00
1.741600e+02 -2.564000e+00
1.741800e+02 -2.553600e+00
1.742000e+02 -2.543200e+00
1.742200e+02 -2.532800e+00
1.742400e+02 -2.522300e+00
1.742600e+02 -2.511800e+00
1.742800e+02 -2.501300e+00
1.743000e+02 -2.490800e+00
1.743200e+02 -2.480300e+00
1.743400e+02 -2.469700e+00
1.743600e+02 -2.459200e+00
1.743800e+02 -2.448600e+00
1.744000e+02 -2.438000e+00
1.744200e+02 -2.427400e+00
1.744400e+02 -2.416700e+00
1.744600e+02 -2.406100e+00
1.744800e+02 -2.395400e+00
1.745000e+02 -2.384800e+00
1.745200e+02 -2.374100e+00
1.745400e+02 -2.363300e+00
1.745600e+02 -2.352600e+00
1.745800e+02 -2.341900e+00
1.746000e+02 -2.331100e+00
1.746200e+02 -2.320300e+00
1.746400e+02 -2.309500e+00
1.746600e+02 -2.298700e+00
1.746800e+02 -2.287900e+00
1.747000e+02 -2.277000e+00
1.747200e+02 -2.266200e+00
1.747400e+02 -2.255300e+00
1.747600e+02 -2.244400e+00
1.747800e+02 -2.233500e+00
1.748000e+02 -2.222600e+00
1.748200e+02 -2.211700e+00
1.748400e+02 -2.200700e+00
1.748600e+02 -2.189700e+00
1.748800e+02 -2.178800e+00
1.749000e+02 -2.167800e+00
1.749200e+02 -2.156800e+00
1.749400e+02 -2.145700e+00
1.749600e+02 -2.134700e+00
1.749800e+02 -2.123600e+00
1.750000e+02 -2.112600e+00
1.750200e+02 -2.101500e+00
1.750400e+02 -2.090400e+00
1.750600e+02 -2.079300e+00
1.750800e+02 -2.068100e+00
1.751000e+02 -2.057000e+00
1.751200e+02 -2.045900e+00
1.751400e+02 -2.034700e+00
1.751600e+02 -2.023500e+00
1.751800e+02 -2.012300e+00
1.752000e+02 -2.001100e+00
1.752200e+02 -1.989900e+00
1.752400e+02 -1.978600e+00
1.752600e+02 -1.967400e+00
1.752800e+02 -1.956100e+00
1.753000e+02 -1.944800e+00
1.753200e+02 -1.933600e+00
1.753400e+02 -1.922300e+00
1.753600e+02 -1.910900e+00
1.753800e+02 -1.899600e+00
1.754000e+02 -1.888300e+00
1.754200e+02 -1.876900e+00
1.754400e+02 -1.865500e+00
1.754600e+02 -1.854200e+00
1.754800e+02 -1.842800e+00
1.755000e+02 -1.831400e+00
1.755200e+02 -1.820000e+00
1.755400e+02 -1.808500e+00
1.755600e+02 -1.797100e+00
1.755800e+02 -1.785600e+00
1.756000e+02 -1.774200e+00
1.756200e+02 -1.762700e+00
1.756400e+02 -1.751200e+00
1.756600e+02 -1.739700e+00
1.756800e+02 -1.728200e+00
1.757000e+02 -1.716700e+00
1.757200e+02 -1.705100e+00
1.757400e+02 -1.693600e+00
1.757600e+02 -1.682000e+00
1.757800e+02 -1.670500e+00
1.758000e+02 -1.658900e+00
1.758200e+02 -1.647300e+00
1.758400e+02 -1.635700e+00
1.758600e+02 -1.624100e+00
1.758800e+02 -1.612400e+00
1.759000e+02 -1.600800e+00
1.759200e+02 -1.589200e+00
1.759400e+02 -1.577500e+00
1.759600e+02 -1.565800e+00
1.759800e+02 -1.554200e+00
1.760000e+02 -1.542500e+00
1.760200e+02 -1.530800e+00
1.760400e+02 -1.519100e+00
1.760600e+02 -1.507400e+00
1.760800e+02 -1.495600e+00
1.761000e+02 -1.483900e+00
1.761200e+02 -1.472100e+00
1.761400e+02 -1.460400e+00
1.761600e+02 -1.448600e+00
1.761800e+02 -1.436800e+00
1.762000e+02 -1.425000e+00
1.762200e+02 -1.413300e+00
1.762400e+02 -1.401400e+00
1.762600e+02 -1.389600e+00
1.762800e+02 -1.377800e+00
1.763000e+02 -1.366000e+00
1.763200e+02 -1.354100e+00
1.763400e+02 -1.342300e+00
1.763600e+02 -1.330400e+00
1.763800e+02 -1.318500e+00
1.764000e+02 -1.306700e+00
1.764200e+02 -1.294800e+00
1.764400e+02 -1.282900e+00
1.764600e+02 -1.271000e+00
1.764800e+02 -1.259100e+00
1.765000e+02 -1.247100e+00
1.765200e+02 -1.235200e+00
1.765400e+02 -1.223300e+00
1.765600e+02 -1.211300e+00
1.765800e+02 -1.199400e+00
1.766000e+02 -1.187400e+00
1.766200e+02 -1.175400e+00
1.766400e+02 -1.163500e+00
1.766600e+02 -1.151500e+00
1.766800e+02 -1.139500e+00
1.767000e+02 -1.127500e+00
1.767200e+02 -1.115500e+00
1.767400e+02 -1.103500e+00
1.767600e+02 -1.091400e+00
1.767800e+02 -1.079400e+00
1.768000e+02 -1.067400e+00
1.768200e+02 -1.055300e+00
1.768400e+02 -1.043300e+00
1.768600e+02 -1.031200e+00
1.768800e+02 -1.019100e+00
1.769000e+02 -1.007100e+00
1.769200e+02 -9.950000e-01
1.769400e+02 -9.829000e-01
1.769600e+02 -9.708000e-01
1.769800e+02 -9.587000e-01
1.770000e+02 -9.466000e-01
1.770200e+02 -9.345000e-01
1.770400e+02 -9.224000e-01
1.770600e+02 -9.102000e-01
1.770800e+02 -8.981000e-01
1.771000e+02 -8.860000e-01
1.771200e+02 -8.738000e-01
1.771400e+02 -8.617000e-01
1.771600e+02 -8.495000e-01
1.771800e+02 -8.374000e-01
1.772000e+02 -8.252000e-01
1.772200e+02 -8.130000e-01
1.772400e+02 -8.008000e-01
1.772600e+02 -7.887000e-01
1.772800e+02 -7.765000e-01
1.773000e+02 -7.643000e-01
1.773200e+02 -7.521000e-01
1.773400e+02 -7.399000e-01
1.773600e+02 -7.277000e-01
1.773800e+02 -7.155000e-01
1.774000e+02 -7.032000e-01
1.774200e+02 -6.910000e-01
1.774400e+02 -6.788000e-01
1.774600e+02 -6.666000e-01
1.774800e+02 -6.543000e-01
1.775000e+02 -6.421000e-01
1.775200e+02 -6.299000e-01
1.775400e+02 -6.176000e-01
1.775600e+02 -6.054000e-01
1.775800e+02 -5.931000e-01
1.776000e+02 -5.808000e-01
1.776200e+02 -5.686000e-01
1.776400e+02 -5.563000e-01
1.776600e+02 -5.440000e-01
1.776800e+02 -5.318000e-01
1.777000e+02 -5.195000e-01
1.777200e+02 -5.072000e-01
1.777400e+02 -4.949000e-01
1.777600e+02 -4.827000e-01
1.777800e+02 -4.704000e-01
1.778000e+02 -4.581000e-01
1.778200e+02 -4.458000e-01
1.778400e+02 -4.335000e-01
1.778600e+02 -4.212000e-01
1.778800e+02 -4.089000e-01
1.779000e+02 -3.966000e-01
1.779200e+02 -3.843000e-01
1.779400e+02 -3.720000e-01
1.779600e+02 -3.596000e-01
1.779800e+02 -3.473000e-01
1.780000e+02 -3.350000e-01
1.780200e+02 -3.227000e-01
1.780400e+02 -3.104000e-01
1.780600e+02 -2.981000e-01
1.780800e+02 -2.857000e-01
1.781000e+02 -2.734000e-01
1.781200e+02 -2.611000e-01
1.781400e+02 -2.488000e-01
1.781600e+02 -2.364000e-01
1.781800e+02 -2.241000e-01
1.782000e+02 -2.118000e-01
1.782200e+02 -1.995000e-01
1.782400e+02 -1.871000e-01
1.782600e+02 -1.748000e-01
1.782800e+02 -1.625000e-01
1.783000e+02 -1.501000e-01
1.783200e+02 -1.378000e-01
1.783400e+02 -1.255000e-01
1.783600e+02 -1.131000e-01
1.783800e+02 -1.008000e-01
1.784000e+02 -8.850000e-02
1.784200e+02 -7.610000e-02
1.784400e+02 -6.380000e-02
1.784600e+02 -5.150000e-02
1.784800e+02 -3.910000e-02
1.785000e+02 -2.680000e-02
1.785200e+02 -1.450000e-02
1.785400e+02 -2.100000e-03
1.785600e+02 1.020000e-02
1.785800e+02 2.250000e-02
1.786000e+02 3.490000e-02
1.786200e+02 4.720000e-02
1.786400e+02 5.950000e-02
1.786600e+02 7.190000e-02
1.786800e+02 8.420000e-02
1.787000e+02 9.650000e-02
1.787200e+02 1.088000e-01
1.787400e+02 1.211000e-01
1.787600e+02 1.335000e-01
1.787800e+02 1.458000e-01
1.788000e+02 1.581000e-01
1.788200e+02 1.704000e-01
1.788400e+02 1.827000e-01
1.788600e+02 1.950000e-01
1.788800e+02 2.074000e-01
1.789000e+02 2.197000e-01
1.789200e+02 2.320000e-01
1.789400e+02 2.443000e-01
1.789600e+02 2.566000e-01
1.789800e+02 2.689000e-01
1.790000e+02 2.812000e-01
1.790200e+02 2.935000e-01
1.790400e+02 3.058000e-01
1.790600e+02 3.180000e-01
1.790800e+02 3.303000e-01
1.791000e+02 3.426000e-01
1.791200e+02 3.549000e-01
1.791400e+02 3.672000e-01
1.791600e+02 3.794000e-01
1.791800e+02 3.917000e-01
1.792000e+02 4.040000e-01
1.792200e+02 4.162000e-01
1.792400e+02 4.285000e-01
1.792600e+02 4.408000e-01
1.792800e+02 4.530000e-01
1.793000e+02 4.653000e-01
1.793200e+02 4.775000e-01
1.793400e+02 4.897000e-01
1.793600e+02 5.020000e-01
1.793800e+02 5.142000e-01
1.794000e+02 5.264000e-01
1.794200e+02 5.387000e-01
1.794400e+02 5.509000e-01
1.794600e+02 5.631000e-01
1.794800e+02 5.753000e-01
1.795000e+02 5.875000e-01
1.795200e+02 5.997000e-01
1.795400e+02 6.119000e-01
1.795600e+02 6.241000e-01
1.795800e+02 6.363000e-01
1.796000e+02 6.485000e-01
1.796200e+02 6.607000e-01
1.796400e+02 6.728000e-01
1.796600e+02 6.850000e-01
1.796800e+02 6.972000e-01
1.797000e+02 7.093000e-01
1.797200e+02 7.215000e-01
1.797400e+02 7.336000e-01
1.797600e+02 7.458000e-01
1.797800e+02 7.579000e-01
1.798000e+02 7.700000e-01
1.798200e+02 7.821000e-01
1.798400e+02 7.943000e-01
1.798600e+02 8.064000e-01
1.798800e+02 8.185000e-01
1.799000e+02 8.306000e-01
1.799200e+02 8.427000e-01
1.799400e+02 8.548000e-01
1.799600e+02 8.668000e-01
1.799800e+02 8.789000e-01
1.800000e+02 8.910000e-01
1.800200e+02 9.030000e-01
1.800400e+02 9.151000e-01
1.800600e+02 9.271000e-01
1.800800e+02 9.392000e-01
1.801000e+02 9.512000e-01
1.801200e+02 9.632000e-01
1.801400e+02 9.753000e-01
1.801600e+02 9.873000e-01
1.801800e+02 9.993000e-01
1.802000e+02 1.011300e+00
1.802200e+02 1.023300e+00
1.802400e+02 1.035200e+00
1.802600e+02 1.047200e+00
1.802800e+02 1.059200e+00
1.803000e+02 1.071100e+00
1.803200e+02 1.083100e+00
1.803400e+02 1.095000e+00
1.803600e+02 1.107000e+00
1.803800e+02 1.118900e+00
1.804000e+02 1.130800e+00
1.804200e+02 1.142700e+00
1.804400e+02 1.154600e+00
1.804600e+02 1.166500e+00
1.804800e+02 1.178400e+00
1.805000e+02 1.190300e+00
1.805200e+02 1.202200e+00
1.805400e+02 1.214000e+00
1.805600e+02 1.225900e+00
1.805800e+02 1.237700e+00
1.806000e+02 1.249500e+00
1.806200e+02 1.261400e+00
1.806400e+02 1.273200e+00
1.806600e+02 1.285000e+00
1.806800e+02 1.296800e+00
1.807000e+02 1.308600e+00
1.807200e+02 1.320300e+00
1.807400e+02 1.332100e+00
1.807600e+02 1.343800e+00
1.807800e+02 1.355600e+00
1.808000e+02 1.367300e+00
1.808200e+02 1.379100e+00
1.808400e+02 1.390800e+00
1.808600e+02 1.402500e+00
1.808800e+02 1.414200e+00
1.809000e+02 1.425900e+00
1.809200e+02 1.437500e+00
1.809400e+02 1.449200e+00
1.809600e+02 1.460800e+00
1.809800e+02 1.472500e+00
1.810000e+02 1.484100e+00
1.810200e+02 1.495700e+00
1.810400e+02 1.507300e+00
1.810600e+02 1.518900e+00
1.810800e+02 1.530500e+00
1.811000e+02 1.542100e+00
1.811200e+02 1.553700e+00
1.811400e+02 1.565200e+00
1.811600e+02 1.576800e+00
1.811800e+02 1.588300e+00
1.812000e+02 1.599800e+00
1.812200e+02 1.611300e+00
1.812400e+02 1.622800e+00
1.812600e+02 1.634300e+00
1.812800e+02 1.645800e+00
1.813000e+02 1.657200e+00
1.813200e+02 1.668700e+00
1.813400e+02 1.680100e+00
1.813600e+02 1.691500e+00
1.813800e+02 1.702900e+00
1.814000e+02 1.714300e+00
1.814200e+02 1.725700e+00
1.814400e+02 1.737100e+00
1.814600e+02 1.748400e+00
1.814800e+02 1.759800e+00
1.815000e+02 1.771100e+00
1.815200e+02 1.782400e+00
1.815400e+02 1.793700e+00
1.815600e+02 1.805000e+00
1.815800e+02 1.816300e+00
1.816000e+02 1.827600e+00
1.816200e+02 1.838800e+00
1.816400e+02 1.850100e+00
1.816600e+02 1.861300e+00
1.816800e+02 1.872500e+00
1.817000e+02 1.883700e+00
1.817200e+02 1.894900e+00
1.817400e+02 1.906000e+00
1.817600e+02 1.917200e+00
1.817800e+02 1.928300e+00
1.818000e+02 1.939500e+00
1.818200e+02 1.950600e+00
1.818400e+02 1.961700e+00
1.818600e+02 1.972800e+00
1.818800e+02 1.983800e+00
1.819000e+02 1.994900e+00
1.819200e+02 2.005900e+00
1.819400e+02 2.016900e+00
1.819600e+02 2.028000e+00
1.819800e+02 2.038900e+00
1.820000e+02 2.049900e+00
1.820200e+02 2.060900e+00
1.820400e+02 2.071800e+00
1.820600e+02 2.082800e+00
1.820800e+02 2.093700e+00
1.821000e+02 2.104600e+00
1.821200e+02 2.115500e+00
1.821400e+02 2.126400e+00
1.821600e+02 2.137200e+00
1.821800e+02 2.148100e+00
1.822000e+02 2.158900e+00
1.822200e+02 2.169700e+00
1.822400e+02 2.180500e+00
1.822600e+02 2.191300e+00
1.822800e+02 2.202000e+00
1.823000e+02 2.212800e+00
1.823200e+02 2.223500e+00
1.823400e+02 2.234200e+00
1.823600e+02 2.244900e+00
1.823800e+02 2.255600e+00
1.824000e+02 2.266300e+00
1.824200e+02 2.276900e+00
1.824400e+02 2.287600e+00
1.824600e+02 2.298200e+00
1.824800e+02 2.308800e+00
1.825000e+02 2.319400e+00
1.825200e+02 2.329900e+00
1.825400e+02 2.340500e+00
1.825600e+02 2.351000e+00
1.825800e+02 2.361500e+00
1.826000e+02 2.372000e+00
1.826200e+02 2.382500e+00
1.826400e+02 2.393000e+00
1.826600e+02 2.403400e+00
1.826800e+02 2.413900e+00
1.827000e+02 2.424300e+00
1.827200e+02 2.434700e+00
1.827400e+02 2.445000e+00
1.827600e+02 2.455400e+00
1.827800e+02 2.465800e+00
1.828000e+02 2.476100e+00
1.828200e+02 2.486400e+00
1.828400e+02 2.496700e+00
1.828600e+02 2.506900e+00
1.828800e+02 2.517200e+00
1.829000e+02 2.527400e+00
1.829200e+02 2.537700e+00
1.829400e+02 2.547800e+00
1.829600e+02 2.558000e+00
1.829800e+02 2.568200e+00
1.830000e+02 2.578300e+00
1.830200e+02 2.588500e+00
1.830400e+02 2.598600e+00
1.830600e+02 2.608700e+00
1.830800e+02 2.618700e+00
1.831000e+02 2.628800e+00
1.831200e+02 2.638800e+00
1.831400e+02 2.648800e+00
1.831600e+02 2.658800e+00
1.831800e+02 2.668800e+00
1.832000e+02 2.678700e+00
1.832200e+02 2.688700e+00
1.832400e+02 2.698600e+00
1.832600e+02 2.708500e+00
1.832800e+02 2.718400e+00
1.833000e+02 2.728200e+00
1.833200e+02 2.738100e+00
1.833400e+02 2.747900e+00
1.833600e+02 2.757700e+00
1.833800e+02 2.767500e+00
1.834000e+02 2.777200e+00
1.834200e+02 2.787000e+00
1.834400e+02 2.796700e+00
1.834600e+02 2.806400e+00
1.834800e+02 2.816100e+00
1.835000e+02 2.825800e+00
1.835200e+02 2.835400e+00
1.835400e+02 2.845000e+00
1.835600e+02 2.854600e+00
1.835800e+02 2.864200e+00
1.836000e+02 2.873800e+00
1.836200e+02 2.883300e+00
1.836400e+02 2.892800e+00
1.836600e+02 2.902300e+00
1.836800e+02 2.911800e+00
1.837000e+02 2.921200e+00
1.837200e+02 2.930700e+00
1.837400e+02 2.940100e+00
1.837600e+02 2.949500e+00
1.837800e+02 2.958900e+00
1.838000e+02 2.968200e+00
1.838200e+02 2.977500e+00
1.838400e+02 2.986900e+00
1.838600e+02 2.996100e+00
1.838800e+02 3.005400e+00
1.839000e+02 3.014600e+00
1.839200e+02 3.023900e+00
1.839400e+02 3.033100e+00
1.839600e+02 3.042300e+00
1.839800e+02 3.051400e+00
1.840000e+02 3.060500e+00
1.840200e+02 3.069700e+00
1.840400e+02 3.078700e+00
1.840600e+02 3.087800e+00
1.840800e+02 3.096900e+00
1.841000e+02 3.105900e+00
1.841200e+02 3.114900e+00
1.841400e+02 3.123900e+00
1.841600e+02 3.132800e+00
1.841800e+02 3.141800e+00
1.842000e+02 3.150700e+00
1.842200e+02 3.159600e+00
1.842400e+02 3.168400e+00
1.842600e+02 3.177300e+00
1.842800e+02 3.186100e+00
1.843000e+02 3.194900e+00
1.843200e+02 3.203700e+00
1.843400e+02 3.212400e+00
1.843600e+02 3.221200e+00
1.843800e+02 3.229900e+00
1.844000e+02 3.238500e+00
1.844200e+02 3.247200e+00
1.844400e+02 3.255800e+00
1.844600e+02 3.264500e+00
1.844800e+02 3.273000e+00
1.845000e+02 3.281600e+00
1.845200e+02 3.290100e+00
1.845400e+02 3.298700e+00
1.845600e+02 3.307200e+00
1.845800e+02 3.315600e+00
1.846000e+02 3.324100e+00
1.846200e+02 3.332500e+00
1.846400e+02 3.340900e+00
1.846600e+02 3.349300e+00
1.846800e+02 3.357600e+00
1.847000e+02 3.366000e+00
1.847200e+02 3.374300e+00
1.847400e+02 3.382500e+00
1.847600e+02 3.390800e+00
1.847800e+02 3.399000e+00
1.848000e+02 3.407200e+00
1.848200e+02 3.415400e+00
1.848400e+02 3.423600e+00
1.848600e+02 3.431700e+00
1.848800e+02 3.439800e+00
1.849000e+02 3.447900e+00
1.849200e+02 3.455900e+00
1.849400e+02 3.464000e+00
1.849600e+02 3.472000e+00
1.849800e+02 3.480000e+00
1.850000e+02 3.487900e+00
1.850200e+02 3.495800e+00
1.850400e+02 3.503800e+00
1.850600e+02 3.511600e+00
1.850800e+02 3.519500e+00
1.851000e+02 3.527300e+00
1.851200e+02 3.535100e+00
1.851400e+02 3.542900e+00
1.851600e+02 3.550700e+00
1.851800e+02 3.558400e+00
1.852000e+02 3.566100e+00
1.852200e+02 3.573800e+00
1.852400e+02 3.581400e+00
1.852600e+02 3.589100e+00
1.852800e+02 3.596700e+00
1.853000e+02 3.604200e+00
1.853200e+02 3.611800e+00
1.853400e+02 3.619300e+00
1.853600e+02 3.626800e+00
1.853800e+02 3.634300e+00
1.854000e+02 3.641700e+00
1.854200e+02 3.649200e+00
1.854400e+02 3.656600e+00
1.854600e+02 3.663900e+00
1.854800e+02 3.671300e+00
1.855000e+02 3.678600e+00
1.855200e+02 3.685900e+00
1.855400e+02 3.693100e+00
1.855600e+02 3.700400e+00
1.855800e+02 3.707600e+00
1.856000e+02 3.714800e+00
1.856200e+02 3.721900e+00
1.856400e+02 3.729100e+00
1.856600e+02 3.736200e+00
1.856800e+02 3.743300e+00
1.857000e+02 3.750300e+00
1.857200e+02 3.757300e+00
1.857400e+02 3.764300e+00
1.857600e+02 3.771300e+00
1.857800e+02 3.778200e+00
1.858000e+02 3.785200e+00
1.858200e+02 3.792100e+00
1.858400e+02 3.798900e+00
1.858600e+02 3.805800e+00
1.858800e+02 3.812600e+00
1.859000e+02 3.819400e+00
1.859200e+02 3.826100e+00
1.859400e+02 3.832800e+00
1.859600e+02 3.839500e+00
1.859800e+02 3.846200e+00
1.860000e+02 3.852900e+00
1.860200e+02 3.859500e+00
1.860400e+02 3.866100e+00
1.860600e+02 3.872600e+00
1.860800e+02 3.879200e+00
1.861000e+02 3.885700e+00
1.861200e+02 3.892200e+00
1.861400e+02 3.898600e+00
1.861600e+02 3.905100e+00
1.861800e+02 3.911500e+00
1.862000e+02 3.917800e+00
1.862200e+02 3.924200e+00
1.862400e+02 3.930500e+00
1.862600e+02 3.936800e+00
1.862800e+02 3.943000e+00
1.863000e+02 3.949300e+00
1.863200e+02 3.955500e+00
1.863400e+02 3.961700e+00
1.863600e+02 3.967800e+00
1.863800e+02 3.973900e+00
1.864000e+02 3.980000e+00
1.864200e+02 3.986100e+00
1.864400e+02 3.992100e+00
1.864600e+02 3.998100e+00
1.864800e+02 4.004100e+00
1.865000e+02 4.010100e+00
1.865200e+02 4.016000e+00
1.865400e+02 4.021900e+00
1.865600e+02 4.027800e+00
1.865800e+02 4.033600e+00
1.866000e+02 4.039400e+00
1.866200e+02 4.045200e+00
1.866400e+02 4.050900e+00
1.866600e+02 4.056700e+00
1.866800e+02 4.062300e+00
1.867000e+02 4.068000e+00
1.867200e+02 4.073600e+00
1.867400e+02 4.079300e+00
1.867600e+02 4.084800e+00
1.867800e+02 4.090400e+00
1.868000e+02 4.095900e+00
1.868200e+02 4.101400e+00
1.868400e+02 4.106900e+00
1.868600e+02 4.112300e+00
1.868800e+02 4.117700e+00
1.869000e+02 4.123100e+00
1.869200e+02 4.128400e+00
1.869400e+02 4.133700e+00
1.869600e+02 4.139000e+00
1.869800e+02 4.144300e+00
1.870000e+02 4.149500e+00
1.870200e+02 4.154700e+00
1.870400e+02 4.159900e+00
1.870600e+02 4.165000e+00
1.870800e+02 4.170100e+00
1.871000e+02 4.175200e+00
1.871200e+02 4.180300e+00
1.871400e+02 4.185300e+00
1.871600e+02 4.190300e+00
1.871800e+02 4.195200e+00
1.872000e+02 4.200200e+00
1.872200e+02 4.205100e+00
1.872400e+02 4.209900e+00
1.872600e+02 4.214800e+00
1.872800e+02 4.219600e+00
1.873000e+02 4.224400e+00
1.873200e+02 4.229100e+00
1.873400e+02 4.233800e+00
1.873600e+02 4.238500e+00
1.873800e+02 4.243200e+00
1.874000e+02 4.247800e+00
1.874200e+02 4.252400e+00
1.874400e+02 4.257000e+00
1.874600e+02 4.261500e+00
1.874800e+02 4.266000e+00
1.875000e+02 4.270500e+00
1.875200e+02 4.275000e+00
1.875400e+02 4.279400e+00
1.875600e+02 4.283800e+00
1.875800e+02 4.288100e+00
1.876000e+02 4.292500e+00
1.876200e+02 4.296700e+00
1.876400e+02 4.301000e+00
1.876600e+02 4.305200e+00
1.876800e+02 4.309500e+00
1.877000e+02 4.313600e+00
1.877200e+02 4.317800e+00
1.877400e+02 4.321900e+00
1.877600e+02 4.326000e+00
1.877800e+02 4.330000e+00
1.878000e+02 4.334000e+00
1.878200e+02 4.338000e+00
1.878400e+02 4.342000e+00
1.878600e+02 4.345900e+00
1.878800e+02 4.349800e+00
1.879000e+02 4.353700e+00
1.879200e+02 4.357500e+00
1.879400e+02 4.361300e+00
1.879600e+02 4.365100e+00
1.879800e+02 4.368800e+00
1.880000e+02 4.372500e+00
1.880200e+02 4.376200e+00
1.880400e+02 4.379800e+00
1.880600e+02 4.383500e+00
1.880800e+02 4.387000e+00
1.881000e+02 4.390600e+00
1.881200e+02 4.394100e+00
1.881400e+02 4.397600e+00
1.881600e+02 4.401100e+00
1.881800e+02 4.404500e+00
1.882000e+02 4.407900e+00
1.882200e+02 4.411300e+00
1.882400e+02 4.414600e+00
1.882600e+02 4.417900e+00
1.882800e+02 4.421200e+00
1.883000e+02 4.424400e+00
1.883200e+02 4.427600e+00
1.883400e+02 4.430800e+00
1.883600e+02 4.434000e+00
1.883800e+02 4.437100e+00
1.884000e+02 4.440200e+00
1.884200e+02 4.443200e+00
1.884400e+02 4.446200e+00
1.884600e+02 4.449200e+00
1.884800e+02 4.452200e+00
1.885000e+02 4.455100e+00
1.885200e+02 4.458000e+00
1.885400e+02 4.460900e+00
1.885600e+02 4.463700e+00
1.885800e+02 4.466500e+00
1.886000e+02 4.469300e+00
1.886200e+02 4.472000e+00
1.886400e+02 4.474700e+00
1.886600e+02 4.477400e+00
1.886800e+02 4.480000e+00
1.887000e+02 4.482600e+00
1.887200e+02 4.485200e+00
1.887400e+02 4.487700e+00
1.887600e+02 4.490300e+00
1.887800e+02 4.492700e+00
1.888000e+02 4.495200e+00
1.888200e+02 4.497600e+00
1.888400e+02 4.500000e+00
1.888600e+02 4.502400e+00
1.888800e+02 4.504700e+00
1.889000e+02 4.507000e+00
1.889200e+02 4.509200e+00
1.889400e+02 4.511500e+00
1.889600e+02 4.513700e+00
1.889800e+02 4.515800e+00
1.890000e+02 4.518000e+00
1.890200e+02 4.520100e+00
1.890400e+02 4.522100e+00
1.890600e+02 4.524200e+00
1.890800e+02 4.526200e+00
1.891000e+02 4.528200e+00
1.891200e+02 4.530100e+00
1.891400e+02 4.532000e+00
1.891600e+02 4.533900e+00
1.891800e+02 4.535700e+00
1.892000e+02 4.537500e+00
1.892200e+02 4.539300e+00
1.892400e+02 4.541100e+00
1.892600e+02 4.542800e+00
1.892800e+02 4.544500e+00
1.893000e+02 4.546100e+00
1.893200e+02 4.547800e+00
1.893400e+02 4.549400e+00
1.893600e+02 4.550900e+00
1.893800e+02 4.552400e+00
1.894000e+02 4.553900e+00
1.894200e+02 4.555400e+00
1.894400e+02 4.556800e+00
1.894600e+02 4.558200e+00
1.894800e+02 4.559600e+00
1.895000e+02 4.560900e+00
1.895200e+02 4.562200e+00
1.895400e+02 4.563500e+00
1.895600e+02 4.564700e+00
1.895800e+02 4.565900e+00
1.896000e+02 4.567100e+00
1.896200e+02 4.568300e+00
1.896400e+02 4.569400e+00
1.896600e+02 4.570400e+00
1.896800e+02 4.571500e+00
1.897000e+02 4.572500e+00
1.897200e+02 4.573500e+00
1.897400e+02 4.574400e+00
1.897600e+02 4.575300e+00
1.897800e+02 4.576200e+00
1.898000e+02 4.577100e+00
1.898200e+02 4.577900e+00
1.898400e+02 4.578700e+00
1.898600e+02 4.579400e+00
1.898800e+02 4.580200e+00
1.899000e+02 4.580800e+00
1.899200e+02 4.581500e+00
1.899400e+02 4.582100e+00
1.899600e+02 4.582700e+00
1.899800e+02 4.583300e+00
1.900000e+02 4.583800e+00
1.900200e+02 4.584300e+00
1.900400e+02 4.584800e+00
1.900600e+02 4.585200e+00
1.900800e+02 4.585600e+00
1.901000e+02 4.586000e+00
1.901200e+02 4.586300e+00
1.901400e+02 4.586600e+00
1.901600e+02 4.586900e+00
1.901800e+02 4.587100e+00
1.902000e+02 4.587300e+00
1.902200e+02 4.587500e+00
1.902400e+02 4.587600e+00
1.902600e+02 4.587700e+00
1.902800e+02 4.587800e+00
1.903000e+02 4.587800e+00
1.903200e+02 4.587800e+00
1.903400e+02 4.587800e+00
1.903600e+02 4.587800e+00
1.903800e+02 4.587700e+00
1.904000e+02 4.587600e+00
1.904200e+02 4.587400e+00
1.904400e+02 4.587200e+00
1.904600e+02 4.587000e+00
1.904800e+02 4.586800e+00
1.905000e+02 4.586500e+00
1.905200e+02 4.586200e+00
1.905400e+02 4.585800e+00
1.905600e+02 4.585400e+00
1.905800e+02 4.585000e+00
1.906000e+02 4.584600e+00
1.906200e+02 4.584100e+00
1.906400e+02 4.583600e+00
1.906600e+02 4.583000e+00
1.906800e+02 4.582500e+00
1.907000e+02 4.581900e+00
1.907200e+02 4.581200e+00
1.907400e+02 4.580500e+00
1.907600e+02 4.579800e+00
1.907800e+02 4.579100e+00
1.908000e+02 4.578300e+00
1.908200e+02 4.577500e+00
1.908400e+02 4.576700e+00
1.908600e+02 4.575800e+00
1.908800e+02 4.574900e+00
1.909000e+02 4.574000e+00
1.909200e+02 4.573000e+00
1.909400e+02 4.572000e+00
1.909600e+02 4.571000e+00
1.909800e+02 4.569900e+00
1.910000e+02 4.568900e+00
1.910200e+02 4.567700e+00
1.910400e+02 4.566600e+00
1.910600e+02 4.565400e+00
1.910800e+02 4.564200e+00
1.911000e+02 4.562900e+00
1.911200e+02 4.561600e+00
1.911400e+02 4.560300e+00
1.911600e+02 4.558900e+00
1.911800e+02 4.557600e+00
1.912000e+02 4.556200e+00
1.912200e+02 4.554700e+00
1.912400e+02 4.553200e+00
1.912600e+02 4.551700e+00
1.912800e+02 4.550200e+00
1.913000e+02 4.548600e+00
1.913200e+02 4.547000e+00
1.913400e+02 4.545300e+00
1.913600e+02 4.543700e+00
1.913800e+02 4.542000e+00
1.914000e+02 4.540200e+00
1.914200e+02 4.538500e+00
1.914400e+02 4.536700e+00
1.914600e+02 4.534800e+00
1.914800e+02 4.533000e+00
1.915000e+02 4.531100e+00
1.915200e+02 4.529100e+00
1.915400e+02 4.527200e+00
1.915600e+02 4.525200e+00
1.915800e+02 4.523200e+00
1.916000e+02 4.521100e+00
1.916200e+02 4.519000e+00
1.916400e+02 4.516900e+00
1.916600e+02 4.514700e+00
1.916800e+02 4.512600e+00
1.917000e+02 4.510400e+00
1.917200e+02 4.508100e+00
1.917400e+02 4.505800e+00
1.917600e+02 4.503500e+00
1.917800e+02 4.501200e+00
1.918000e+02 4.498800e+00
1.918200e+02 4.496400e+00
1.918400e+02 4.494000e+00
1.918600e+02 4.491500e+00
1.918800e+02 4.489000e+00
1.919000e+02 4.486500e+00
1.919200e+02 4.483900e+00
1.919400e+02 4.481300e+00
1.919600e+02 4.478700e+00
1.919800e+02 4.476000e+00
1.920000e+02 4.473300e+00
1.920200e+02 4.470600e+00
1.920400e+02 4.467900e+00
1.920600e+02 4.465100e+00
1.920800e+02 4.462300e+00
1.921000e+02 4.459400e+00
1.921200e+02 4.456600e+00
1.921400e+02 4.453700e+00
1.921600e+02 4.450700e+00
1.921800e+02 4.447700e+00
1.922000e+02 4.444700e+00
1.922200e+02 4.441700e+00
1.922400e+02 4.438700e+00
1.922600e+02 4.435600e+00
1.922800e+02 4.432400e+00
1.923000e+02 4.429300e+00
1.923200e+02 4.426100e+00
1.923400e+02 4.422900e+00
1.923600e+02 4.419600e+00
1.923800e+02 4.416400e+00
1.924000e+02 4.413000e+00
1.924200e+02 4.409700e+00
1.924400e+02 4.406300e+00
1.924600e+02 4.402900e+00
1.924800e+02 4.399500e+00
1.925000e+02 4.396000e+00
1.925200e+02 4.392500e+00
1.925400e+02 4.389000e+00
1.925600e+02 4.385500e+00
1.925800e+02 4.381900e+00
1.926000e+02 4.378200e+00
1.926200e+02 4.374600e+00
1.926400e+02 4.370900e+00
1.926600e+02 4.367200e+00
1.926800e+02 4.363500e+00
1.927000e+02 4.359700e+00
1.927200e+02 4.355900e+00
1.927400e+02 4.352100e+00
1.927600e+02 4.348200e+00
1.927800e+02 4.344300e+00
1.928000e+02 4.340400e+00
1.928200e+02 4.336400e+00
1.928400e+02 4.332400e+00
1.928600e+02 4.328400e+00
1.928800e+02 4.324400e+00
1.929000e+02 4.320300e+00
1.929200e+02 4.316200e+00
1.929400e+02 4.312100e+00
1.929600e+02 4.307900e+00
1.929800e+02 4.303700e+00
1.930000e+02 4.299500e+00
1.930200e+02 4.295200e+00
1.930400e+02 4.290900e+00
1.930600e+02 4.286600e+00
1.930800e+02 4.282300e+00
1.931000e+02 4.277900e+00
1.931200e+02 4.273500e+00
1.931400e+02 4.269100e+00
1.931600e+02 4.264600e+00
1.931800e+02 4.260100e+00
1.932000e+02 4.255600e+00
1.932200e+02 4.251000e+00
1.932400e+02 4.246400e+00
1.932600e+02 4.241800e+00
1.932800e+02 4.237200e+00
1.933000e+02 4.232500e+00
1.933200e+02 4.227800e+00
1.933400e+02 4.223000e+00
1.933600e+02 4.218300e+00
1.933800e+02 4.213500e+00
1.934000e+02 4.208700e+00
1.934200e+02 4.203800e+00
1.934400e+02 4.198900e+00
1.934600e+02 4.194000e+00
1.934800e+02 4.189100e+00
1.935000e+02 4.184100e+00
1.935200e+02 4.179100e+00
1.935400e+02 4.174100e+00
1.935600e+02 4.169000e+00
1.935800e+02 4.163900e+00
1.936000e+02 4.158800e+00
1.936200e+02 4.153600e+00
1.936400e+02 4.148500e+00
1.936600e+02 4.143300e+00
1.936800e+02 4.138000e+00
1.937000e+02 4.132800e+00
1.937200e+02 4.127500e+00
1.937400e+02 4.122100e+00
1.937600e+02 4.116800e+00
1.937800e+02 4.111400e+00
1.938000e+02 4.106000e+00
1.938200e+02 4.100600e+00
1.938400e+02 4.095100e+00
1.938600e+02 4.089600e+00
1.938800e+02 4.084100e+00
1.939000e+02 4.078500e+00
1.939200e+02 4.072900e+00
1.939400e+02 4.067300e+00
1.939600e+02 4.061700e+00
1.939800e+02 4.056000e+00
1.940000e+02 4.050300e+00
1.940200e+02 4.044600e+00
1.940400e+02 4.038800e+00
1.940600e+02 4.033100e+00
1.940800e+02 4.027200e+00
1.941000e+02 4.021400e+00
1.941200e+02 4.015500e+00
1.941400e+02 4.009600e+00
1.941600e+02 4.003700e+00
1.941800e+02 3.997800e+00
1.942000e+02 3.991800e+00
1.942200e+02 3.985800e+00
1.942400e+02 3.979700e+00
1.942600e+02 3.973700e+00
1.942800e+02 3.967600e+00
1.943000e+02 3.961500e+00
1.943200e+02 3.955300e+00
1.943400e+02 3.949200e+00
1.943600e+02 3.943000e+00
1.943800e+02 3.936700e+00
1.944000e+02 3.930500e+00
1.944200e+02 3.924200e+00
1.944400e+02 3.917900e+00
1.944600e+02 3.911500e+00
1.944800e+02 3.905200e+00
1.945000e+02 3.898800e+00
1.945200e+02 3.892300e+00
1.945400e+02 3.885900e+00
1.945600e+02 3.879400e+00
1.945800e+02 3.872900e+00
1.946000e+02 3.866400e+00
1.946200e+02 3.859800e+00
1.946400e+02 3.853200e+00
1.946600e+02 3.846600e+00
1.946800e+02 3.840000e+00
1.947000e+02 3.833300e+00
1.947200e+02 3.826600e+00
1.947400e+02 3.819900e+00
1.947600e+02 3.813200e+00
1.947800e+02 3.806400e+00
1.948000e+02 3.799600e+00
1.948200e+02 3.792800e+00
1.948400e+02 3.785900e+00
1.948600e+02 3.779100e+00
1.948800e+02 3.772100e+00
1.949000e+02 3.765200e+00
1.949200e+02 3.758300e+00
1.949400e+02 3.751300e+00
1.949600e+02 3.744300e+00
1.949800e+02 3.737200e+00
1.950000e+02 3.730200e+00
1.950200e+02 3.723100e+00
1.950400e+02 3.716000e+00
1.950600e+02 3.708800e+00
1.950800e+02 3.701700e+00
1.951000e+02 3.694500e+00
1.951200e+02 3.687300e+00
1.951400e+02 3.680000e+00
1.951600e+02 3.672800e+00
1.951800e+02 3.665500e+00
1.952000e+02 3.658200e+00
1.952200e+02 3.650800e+00
1.952400e+02 3.643400e+00
1.952600e+02 3.636000e+00
1.952800e+02 3.628600e+00
1.953000e+02 3.621200e+00
1.953200e+02 3.613700e+00
1.953400e+02 3.606200e+00
1.953600e+02 3.598700e+00
1.953800e+02 3.591200e+00
1.954000e+02 3.583600e+00
1.954200e+02 3.576000e+00
1.954400e+02 3.568400e+00
1.954600e+02 3.560700e+00
1.954800e+02 3.553100e+00
1.955000e+02 3.545400e+00
1.955200e+02 3.537700e+00
1.955400e+02 3.529900e+00
1.955600e+02 3.522100e+00
1.955800e+02 3.514400e+00
1.956000e+02 3.506500e+00
1.956200e+02 3.498700e+00
1.956400e+02 3.490800e+00
1.956600e+02 3.483000e+00
1.956800e+02 3.475000e+00
1.957000e+02 3.467100e+00
1.957200e+02 3.459100e+00
1.957400e+02 3.451200e+00
1.957600e+02 3.443100e+00
1.957800e+02 3.435100e+00
1.958000e+02 3.427100e+00
1.958200e+02 3.419000e+00
1.958400e+02 3.410900e+00
1.958600e+02 3.402700e+00
1.958800e+02 3.394600e+00
1.959000e+02 3.386400e+00
1.959200e+02 3.378200e+00
1.959400e+02 3.370000e+00
1.959600e+02 3.361800e+00
1.959800e+02 3.353500e+00
1.960000e+02 3.345200e+00
1.960200e+02 3.336900e+00
1.960400e+02 3.328500e+00
1.960600e+02 3.320200e+00
1.960800e+02 3.311800e+00
1.961000e+02 3.303400e+00
1.961200e+02 3.295000e+00
1.961400e+02 3.286500e+00
1.961600e+02 3.278000e+00
1.961800e+02 3.269500e+00
1.962000e+02 3.261000e+00
1.962200e+02 3.252500e+00
1.962400e+02 3.243900e+00
1.962600e+02 3.235300e+00
1.962800e+02 3.226700e+00
1.963000e+02 3.218100e+00
1.963200e+02 3.209400e+00
1.963400e+02 3.200700e+00
1.963600e+02 3.192000e+00
1.963800e+02 3.183300e+00
1.964000e+02 3.174500e+00
1.964200e+02 3.165800e+00
1.964400e+02 3.157000e+00
1.964600e+02 3.148200e+00
1.964800e+02 3.139300e+00
1.965000e+02 3.130500e+00
1.965200e+02 3.121600e+00
1.965400e+02 3.112700e+00
1.965600e+02 3.103800e+00
1.965800e+02 3.094800e+00
1.966000e+02 3.085900e+00
1.966200e+02 3.076900e+00
1.966400e+02 3.067900e+00
1.966600e+02 3.058800e+00
1.966800e+02 3.049800e+00
1.967000e+02 3.040700e+00
1.967200e+02 3.031600e+00
1.967400e+02 3.022500e+00
1.967600e+02 3.013400e+00
1.967800e+02 3.004200e+00
1.968000e+02 2.995000e+00
1.968200e+02 2.985800e+00
1.968400e+02 2.976600e+00
1.968600e+02 2.967400e+00
1.968800e+02 2.958100e+00
1.969000e+02 2.948800e+00
1.969200e+02 2.939500e+00
1.969400e+02 2.930200e+00
1.969600e+02 2.920900e+00
1.969800e+02 2.911500e+00
1.970000e+02 2.902100e+00
1.970200e+02 2.892700e+00
1.970400e+02 2.883300e+00
1.970600e+02 2.873900e+00
1.970800e+02 2.864400e+00
1.971000e+02 2.854900e+00
1.971200e+02 2.845400e+00
1.971400e+02 2.835900e+00
1.971600e+02 2.826300e+00
1.971800e+02 2.816800e+00
1.972000e+02 2.807200e+00
1.972200e+02 2.797600e+00
1.972400e+02 2.788000e+00
1.972600e+02 2.778300e+00
1.972800e+02 2.768700e+00
1.973000e+02 2.759000e+00
1.973200e+02 2.749300e+00
1.973400e+02 2.739600e+00
1.973600e+02 2.729800e+00
1.973800e+02 2.720100e+00
1.974000e+02 2.710300e+00
1.974200e+02 2.700500e+00
1.974400e+02 2.690700e+00
1.974600e+02 2.680900e+00
1.974800e+02 2.671000e+00
1.975000e+02 2.661200e+00
1.975200e+02 2.651300e+00
1.975400e+02 2.641400e+00
1.975600e+02 2.631400e+00
1.975800e+02 2.621500e+00
1.976000e+02 2.611500e+00
1.976200e+02 2.601600e+00
1.976400e+02 2.591600e+00
1.976600e+02 2.581600e+00
1.976800e+02 2.571500e+00
1.977000e+02 2.561500e+00
1.977200e+02 2.551400e+00
1.977400e+02 2.541300e+00
1.977600e+02 2.531200e+00
1.977800e+02 2.521100e+00
1.978000e+02 2.511000e+00
1.978200e+02 2.500800e+00
1.978400e+02 2.490700e+00
1.978600e+02 2.480500e+00
1.978800e+02 2.470300e+00
1.979000e+02 2.460000e+00
1.979200e+02 2.449800e+00
1.979400e+02 2.439500e+00
1.979600e+02 2.429300e+00
1.979800e+02 2.419000e+00
1.980000e+02 2.408700e+00
1.980200e+02 2.398400e+00
1.980400e+02 2.388000e+00
1.980600e+02 2.377700e+00
1.980800e+02 2.367300e+00
1.981000e+02 2.356900e+00
1.981200e+02 2.346500e+00
1.981400e+02 2.336100e+00
1.981600e+02 2.325700e+00
1.981800e+02 2.315200e+00
1.982000e+02 2.304700e+00
1.982200e+02 2.294300e+00
1.982400e+02 2.283800e+00
1.982600e+02 2.273200e+00
1.982800e+02 2.262700e+00
1.983000e+02 2.252200e+00
1.983200e+02 2.241600e+00
1.983400e+02 2.231000e+00
1.983600e+02 2.220400e+00
1.983800e+02 2.209800e+00
1.984000e+02 2.199200e+00
1.984200e+02 2.188600e+00
1.984400e+02 2.177900e+00
1.984600e+02 2.167300e+00
1.984800e+02 2.156600e+00
1.985000e+02 2.145900e+00
1.985200e+02 2.135200e+00
1.985400e+02 2.124500e+00
1.985600e+02 2.113700e+00
1.985800e+02 2.103000e+00
1.986000e+02 2.092200e+00
1.986200e+02 2.081400e+00
1.986400e+02 2.070600e+00
1.986600e+02 2.059800e+00
1.986800e+02 2.049000e+00
1.987000e+02 2.038200e+00
1.987200e+02 2.027300e+00
1.987400e+02 2.016400e+00
1.987600e+02 2.005600e+00
1.987800e+02 1.994700e+00
1.988000e+02 1.983800e+00
1.988200e+02 1.972900e+00
1.988400e+02 1.961900e+00
1.988600e+02 1.951000e+00
1.988800e+02 1.940000e+00
1.989000e+02 1.929000e+00
1.989200e+02 1.918100e+00
1.989400e+02 1.907100e+00
1.989600e+02 1.896000e+00
1.989800e+02 1.885000e+00
1.990000e+02 1.874000e+00
1.990200e+02 1.862900e+00
1.990400e+02 1.851900e+00
1.990600e+02 1.840800e+00
1.990800e+02 1.829700e+00
1.991000e+02 1.818600e+00
1.991200e+02 1.807500e+00
1.991400e+02 1.796400e+00
1.991600e+02 1.785200e+00
1.991800e+02 1.774100e+00
1.992000e+02 1.762900e+00
1.992200e+02 1.751700e+00
1.992400e+02 1.740600e+00
1.992600e+02 1.729400e+00
1.992800e+02 1.718200e+00
1.993000e+02 1.706900e+00
1.993200e+02 1.695700e+00
1.993400e+02 1.684500e+00
1.993600e+02 1.673200e+00
1.993800e+02 1.661900e+00
1.994000e+02 1.650600e+00
1.994200e+02 1.639400e+00
1.994400e+02 1.628100e+00
1.994600e+02 1.616700e+00
1.994800e+02 1.605400e+00
1.995000e+02 1.594100e+00
1.995200e+02 1.582700e+00
1.995400e+02 1.571400e+00
1.995600e+02 1.560000e+00
1.995800e+02 1.548600e+00
1.996000e+02 1.537300e+00
1.996200e+02 1.525900e+00
1.996400e+02 1.514400e+00
1.996600e+02 1.503000e+00
1.996800e+02 1.491600e+00
1.997000e+02 1.480200e+00
1.997200e+02 1.468700e+00
1.997400e+02 1.457200e+00
1.997600e+02 1.445800e+00
1.997800e+02 1.434300e+00
1.998000e+02 1.422800e+00
1.998200e+02 1.411300e+00
1.998400e+02 1.399800e+00
1.998600e+02 1.388300e+00
1.998800e+02 1.376800e+00
1.999000e+02 1.365200e+00
1.999200e+02 1.353700e+00
1.999400e+02 1.342100e+00
1.999600e+02 1.330600e+00
1.999800e+02 1.319000e+00
2.000000e+02 1.307400e+00
2.000200e+02 1.295800e+00
2.000400e+02 1.284200e+00
2.000600e+02 1.272600e+00
2.000800e+02 1.261000e+00
2.001000e+02 1.249300e+00
2.001200e+02 1.237700e+00
2.001400e+02 1.226100e+00
2.001600e+02 1.214400e+00
2.001800e+02 1.202800e+00
2.002000e+02 1.191100e+00
2.002200e+02 1.179400e+00
2.002400e+02 1.167700e+00
2.002600e+02 1.156000e+00
2.002800e+02 1.144300e+00
2.003000e+02 1.132600e+00
2.003200e+02 1.120900e+00
2.003400e+02 1.109200e+00
2.003600e+02 1.097500e+00
2.003800e+02 1.085700e+00
2.004000e+02 1.074000e+00
2.004200e+02 1.062200e+00
2.004400e+02 1.050500e+00
2.004600e+02 1.038700e+00
2.004800e+02 1.026900e+00
2.005000e+02 1.015200e+00
2.005200e+02 1.003400e+00
2.005400e+02 9.916000e-01
2.005600e+02 9.798000e-01
2.005800e+02 9.680000e-01
2.006000e+02 9.562000e-01
2.006200e+02 9.444000e-01
2.006400e+02 9.325000e-01
2.006600e+02 9.207000e-01
2.006800e+02 9.089000e-01
2.007000e+02 8.970000e-01
2.007200e+02 8.852000e-01
2.007400e+02 8.733000e-01
2.007600e+02 8.615000e-01
2.007800e+02 8.496000e-01
2.008000e+02 8.377000e-01
2.008200e+02 8.258000e-01
2.008400e+02 8.140000e-01
2.008600e+02 8.021000e-01
2.008800e+02 7.902000e-01
2.009000e+02 7.783000e-01
2.009200e+02 7.664000e-01
2.009400e+02 7.545000e-01
2.009600e+02 7.426000e-01
2.009800e+02 7.307000e-01
2.010000e+02 7.187000e-01
2.010200e+02 7.068000e-01
2.010400e+02 6.949000e-01
2.010600e+02 6.830000e-01
2.010800e+02 6.710000e-01
2.011000e+02 6.591000e-01
2.011200e+02 6.471000e-01
2.011400e+02 6.352000e-01
2.011600e+02 6.232000e-01
2.011800e+02 6.113000e-01
2.012000e+02 5.993000e-01
2.012200e+02 5.873000e-01
2.012400e+02 5.754000e-01
2.012600e+02 5.634000e-01
2.012800e+02 5.514000e-01
2.013000e+02 5.394000e-01
2.013200e+02 5.275000e-01
2.013400e+02 5.155000e-01
2.013600e+02 5.035000e-01
2.013800e+02 4.915000e-01
2.014000e+02 4.795000e-01
2.014200e+02 4.675000e-01
2.014400e+02 4.555000e-01
2.014600e+02 4.435000e-01
2.014800e+02 4.315000e-01
2.015000e+02 4.195000e-01
2.015200e+02 4.075000e-01
2.015400e+02 3.955000e-01
2.015600e+02 3.835000e-01
2.015800e+02 3.714000e-01
2.016000e+02 3.594000e-01
2.016200e+02 3.474000e-01
2.016400e+02 3.354000e-01
2.016600e+02 3.234000e-01
2.016800e+02 3.113000e-01
2.017000e+02 2.993000e-01
2.017200e+02 2.873000e-01
2.017400e+02 2.752000e-01
2.017600e+02 2.632000e-01
2.017800e+02 2.512000e-01
2.018000e+02 2.391000e-01
2.018200e+02 2.271000e-01
2.018400e+02 2.151000e-01
2.018600e+02 2.030000e-01
2.018800e+02 1.910000e-01
2.019000e+02 1.790000e-01
2.019200e+02 1.669000e-01
2.019400e+02 1.549000e-01
2.019600e+02 1.428000e-01
2.019800e+02 1.308000e-01
2.020000e+02 1.188000e-01
2.020200e+02 1.067000e-01
2.020400e+02 9.470000e-02
2.020600e+02 8.260000e-02
2.020800e+02 7.060000e-02
2.021000e+02 5.850000e-02
2.021200e+02 4.650000e-02
2.021400e+02 3.450000e-02
2.021600e+02 2.240000e-02
2.021800e+02 1.040000e-02
2.022000e+02 -1.700000e-03
2.022200e+02 -1.370000e-02
2.022400e+02 -2.580000e-02
2.022600e+02 -3.780000e-02
2.022800e+02 -4.980000e-02
2.023000e+02 -6.190000e-02
2.023200e+02 -7.390000e-02
2.023400e+02 -8.590000e-02
2.023600e+02 -9.800000e-02
2.023800e+02 -1.100000e-01
2.024000e+02 -1.221000e-01
2.024200e+02 -1.341000e-01
2.024400e+02 -1.461000e-01
2.024600e+02 -1.581000e-01
2.024800e+02 -1.702000e-01
2.025000e+02 -1.822000e-01
2.025200e+02 -1.942000e-01
2.025400e+02 -2.062000e-01
2.025600e+02 -2.183000e-01
2.025800e+02 -2.303000e-01
2.026000e+02 -2.423000e-01
2.026200e+02 -2.543000e-01
2.026400e+02 -2.663000e-01
2.026600e+02 -2.783000e-01
2.026800e+02 -2.903000e-01
2.027000e+02 -3.024000e-01
2.027200e+02 -3.144000e-01
2.027400e+02 -3.264000e-01
2.027600e+02 -3.384000e-01
2.027800e+02 -3.503000e-01
2.028000e+02 -3.623000e-01
2.028200e+02 -3.743000e-01
2.028400e+02 -3.863000e-01
2.028600e+02 -3.983000e-01
2.028800e+02 -4.103000e-01
2.029000e+02 -4.223000e-01
2.029200e+02 -4.342000e-01
2.029400e+02 -4.462000e-01
2.029600e+02 -4.582000e-01
2.029800e+02 -4.701000e-01
2.030000e+02 -4.821000e-01
2.030200e+02 -4.940000e-01
2.030400e+02 -5.060000e-01
2.030600e+02 -5.179000e-01
2.030800e+02 -5.299000e-01
2.031000e+02 -5.418000e-01
2.031200e+02 -5.538000e-01
2.031400e+02 -5.657000e-01
2.031600e+02 -5.776000e-01
2.031800e+02 -5.895000e-01
2.032000e+02 -6.015000e-01
2.032200e+02 -6.134000e-01
2.032400e+02 -6.253000e-01
2.032600e+02 -6.372000e-01
2.032800e+02 -6.491000e-01
2.033000e+02 -6.610000e-01
2.033200e+02 -6.729000e-01
2.033400e+02 -6.847000e-01
2.033600e+02 -6.966000e-01
2.033800e+02 -7.085000e-01
2.034000e+02 -7.204000e-01
2.034200e+02 -7.322000e-01
2.034400e+02 -7.441000e-01
2.034600e+02 -7.559000e-01
2.034800e+02 -7.678000e-01
2.035000e+02 -7.796000e-01
2.035200e+02 -7.914000e-01
2.035400e+02 -8.033000e-01
2.035600e+02 -8.151000e-01
2.035800e+02 -8.269000e-01
2.036000e+02 -8.387000e-01
2.036200e+02 -8.505000e-01
2.036400e+02 -8.623000e-01
2.036600e+02 -8.741000e-01
2.036800e+02 -8.859000e-01
2.037000e+02 -8.977000e-01
2.037200e+02 -9.094000e-01
2.037400e+02 -9.212000e-01
2.037600e+02 -9.329000e-01
2.037800e+02 -9.447000e-01
2.038000e+02 -9.564000e-01
2.038200e+02 -9.682000e-01
2.038400e+02 -9.799000e-01
2.038600e+02 -9.916000e-01
2.038800e+02 -1.003300e+00
2.039000e+02 -1.015000e+00
2.039200e+02 -1.026700e+00
2.039400e+02 -1.038400e+00
2.039600e+02 -1.050100e+00
2.039800e+02 -1.061800e+00
2.040000e+02 -1.073400e+00
2.040200e+02 -1.085100e+00
2.040400e+02 -1.096700e+00
2.040600e+02 -1.108400e+00
2.040800e+02 -1.120000e+00
2.041000e+02 -1.131600e+00
2.041200e+02 -1.143200e+00
2.041400e+02 -1.154800e+00
2.041600e+02 -1.166400e+00
2.041800e+02 -1.178000e+00
2.042000e+02 -1.189600e+00
2.042200e+02 -1.201200e+00
2.042400e+02 -1.212700e+00
2.042600e+02 -1.224300e+00
2.042800e+02 -1.235800e+00
2.043000e+02 -1.247400e+00
2.043200e+02 -1.258900e+00
2.043400e+02 -1.270400e+00
2.043600e+02 -1.281900e+00
2.043800e+02 -1.293400e+00
2.044000e+02 -1.304900e+00
2.044200e+02 -1.316400e+00
2.044400e+02 -1.327800e+00
2.044600e+02 -1.339300e+00
2.044800e+02 -1.350700e+00
2.045000e+02 -1.362200e+00
2.045200e+02 -1.373600e+00
2.045400e+02 -1.385000e+00
2.045600e+02 -1.396400e+00
2.045800e+02 -1.407800e+00
2.046000e+02 -1.419200e+00
2.046200e+02 -1.430600e+00
2.046400e+02 -1.441900e+00
2.046600e+02 -1.453300e+00
2.046800e+02 -1.464600e+00
2.047000e+02 -1.476000e+00
2.047200e+02 -1.487300e+00
2.047400e+02 -1.498600e+00
2.047600e+02 -1.509900e+00
2.047800e+02 -1.521200e+00
2.048000e+02 -1.532400e+00
2.048200e+02 -1.543700e+00
2.048400e+02 -1.555000e+00
2.048600e+02 -1.566200e+00
2.048800e+02 -1.577400e+00
2.049000e+02 -1.588600e+00
2.049200e+02 -1.599800e+00
2.049400e+02 -1.611000e+00
2.049600e+02 -1.622200e+00
2.049800e+02 -1.633400e+00
2.050000e+02 -1.644600e+00
2.050200e+02 -1.655700e+00
2.050400e+02 -1.666800e+00
2.050600e+02 -1.678000e+00
2.050800e+02 -1.689100e+00
2.051000e+02 -1.700200e+00
2.051200e+02 -1.711200e+00
2.051400e+02 -1.722300e+00
2.051600e+02 -1.733400e+00
2.051800e+02 -1.744400e+00
2.052000e+02 -1.755500e+00
2.052200e+02 -1.766500e+00
2.052400e+02 -1.777500e+00
2.052600e+02 -1.788500e+00
2.052800e+02 -1.799500e+00
2.053000e+02 -1.810400e+00
2.053200e+02 -1.821400e+00
2.053400e+02 -1.832300e+00
2.053600e+02 -1.843300e+00
2.053800e+02 -1.854200e+00
2.054000e+02 -1.865100e+00
2.054200e+02 -1.876000e+00
2.054400e+02 -1.886800e+00
2.054600e+02 -1.897700e+00
2.054800e+02 -1.908600e+00
2.055000e+02 -1.919400e+00
2.055200e+02 -1.930200e+00
2.055400e+02 -1.941000e+00
2.055600e+02 -1.951800e+00
2.055800e+02 -1.962600e+00
2.056000e+02 -1.973400e+00
2.056200e+02 -1.984100e+00
2.056400e+02 -1.994800e+00
2.056600e+02 -2.005600e+00
2.056800e+02 -2.016300e+00
2.057000e+02 -2.027000e+00
2.057200e+02 -2.037600e+00
2.057400e+02 -2.048300e+00
2.057600e+02 -2.058900e+00
2.057800e+02 -2.069600e+00
2.058000e+02 -2.080200e+00
2.058200e+02 -2.090800e+00
2.058400e+02 -2.101400e+00
2.058600e+02 -2.112000e+00
2.058800e+02 -2.122500e+00
2.059000e+02 -2.133100e+00
2.059200e+02 -2.143600e+00
2.059400e+02 -2.154100e+00
2.059600e+02 -2.164600e+00
2.059800e+02 -2.175100e+00
2.060000e+02 -2.185500e+00
2.060200e+02 -2.196000e+00
2.060400e+02 -2.206400e+00
2.060600e+02 -2.216800e+00
2.060800e+02 -2.227200e+00
2.061000e+02 -2.237600e+00
2.061200e+02 -2.248000e+00
2.061400e+02 -2.258300e+00
2.061600e+02 -2.268700e+00
2.061800e+02 -2.279000e+00
2.062000e+02 -2.289300e+00
2.062200e+02 -2.299600e+00
2.062400e+02 -2.309900e+00
2.062600e+02 -2.320100e+00
2.062800e+02 -2.330400e+00
2.063000e+02 -2.340600e+00
2.063200e+02 -2.350800e+00
2.063400e+02 -2.361000e+00
2.063600e+02 -2.371100e+00
2.063800e+02 -2.381300e+00
2.064000e+02 -2.391400e+00
2.064200e+02 -2.401500e+00
2.064400e+02 -2.411600e+00
2.064600e+02 -2.421700e+00
2.064800e+02 -2.431800e+00
2.065000e+02 -2.441800e+00
2.065200e+02 -2.451900e+00
2.065400e+02 -2.461900e+00
2.065600e+02 -2.471900e+00
2.065800e+02 -2.481900e+00
2.066000e+02 -2.491800e+00
2.066200e+02 -2.501800e+00
2.066400e+02 -2.511700e+00
2.066600e+02 -2.521600e+00
2.066800e+02 -2.531500e+00
2.067000e+02 -2.541400e+00
2.067200e+02 -2.551200e+00
2.067400e+02 -2.561000e+00
2.067600e+02 -2.570900e+00
2.067800e+02 -2.580600e+00
2.068000e+02 -2.590400e+00
2.068200e+02 -2.600200e+00
2.068400e+02 -2.609900e+00
2.068600e+02 -2.619600e+00
2.068800e+02 -2.629300e+00
2.069000e+02 -2.639000e+00
2.069200e+02 -2.648700e+00
2.069400e+02 -2.658300e+00
2.069600e+02 -2.668000e+00
2.069800e+02 -2.677600e+00
2.070000e+02 -2.687200e+00
2.070200e+02 -2.696700e+00
2.070400e+02 -2.706300e+00
2.070600e+02 -2.715800e+00
2.070800e+02 -2.725300e+00
2.071000e+02 -2.734800e+00
2.071200e+02 -2.744300e+00
2.071400e+02 -2.753700e+00
2.071600e+02 -2.763100e+00
2.071800e+02 -2.772500e+00
2.072000e+02 -2.781900e+00
2.072200e+02 -2.791300e+00
2.072400e+02 -2.800700e+00
2.072600e+02 -2.810000e+00
2.072800e+02 -2.819300e+00
2.073000e+02 -2.828600e+00
2.073200e+02 -2.837800e+00
2.073400e+02 -2.847100e+00
2.073600e+02 -2.856300e+00
2.073800e+02 -2.865500e+00
2.074000e+02 -2.874700e+00
2.074200e+02 -2.883900e+00
2.074400e+02 -2.893000e+00
2.074600e+02 -2.902100e+00
2.074800e+02 -2.911200e+00
2.075000e+02 -2.920300e+00
2.075200e+02 -2.929400e+00
2.075400e+02 -2.938400e+00
2.075600e+02 -2.947400e+00
2.075800e+02 -2.956400e+00
2.076000e+02 -2.965400e+00
2.076200e+02 -2.974400e+00
2.076400e+02 -2.983300e+00
2.076600e+02 -2.992200e+00
2.076800e+02 -3.001100e+00
2.077000e+02 -3.010000e+00
2.077200e+02 -3.018800e+00
2.077400e+02 -3.027600e+00
2.077600e+02 -3.036400e+00
2.077800e+02 -3.045200e+00
2.078000e+02 -3.054000e+00
2.078200e+02 -3.062700e+00
2.078400e+02 -3.071400e+00
2.078600e+02 -3.080100e+00
2.078800e+02 -3.088800e+00
2.079000e+02 -3.097400e+00
2.079200e+02 -3.106100e+00
2.079400e+02 -3.114700e+00
2.079600e+02 -3.123200e+00
2.079800e+02 -3.131800e+00
2.080000e+02 -3.140300e+00
2.080200e+02 -3.148800e+00
2.080400e+02 -3.157300e+00
2.080600e+02 -3.165800e+00
2.080800e+02 -3.174200e+00
2.081000e+02 -3.182700e+00
2.081200e+02 -3.191100e+00
2.081400e+02 -3.199400e+00
2.081600e+02 -3.207800e+00
2.081800e+02 -3.216100e+00
2.082000e+02 -3.224400e+00
2.082200e+02 -3.232700e+00
2.082400e+02 -3.241000e+00
2.082600e+02 -3.249200e+00
2.082800e+02 -3.257400e+00
2.083000e+02 -3.265600e+00
2.083200e+02 -3.273800e+00
2.083400e+02 -3.281900e+00
2.083600e+02 -3.290100e+00
2.083800e+02 -3.298200e+00
2.084000e+02 -3.306200e+00
2.084200e+02 -3.314300e+00
2.084400e+02 -3.322300e+00
2.084600e+02 -3.330300e+00
2.084800e+02 -3.338300e+00
2.085000e+02 -3.346300e+00
2.085200e+02 -3.354200e+00
2.085400e+02 -3.362100e+00
2.085600e+02 -3.370000e+00
2.085800e+02 -3.377800e+00
2.086000e+02 -3.385700e+00
2.086200e+02 -3.393500e+00
2.086400e+02 -3.401300e+00
2.086600e+02 -3.409000e+00
2.086800e+02 -3.416800e+00
2.087000e+02 -3.424500e+00
2.087200e+02 -3.432200e+00
2.087400e+02 -3.439800e+00
2.087600e+02 -3.447500e+00
2.087800e+02 -3.455100e+00
2.088000e+02 -3.462700e+00
2.088200e+02 -3.470300e+00
2.088400e+02 -3.477800e+00
2.088600e+02 -3.485300e+00
2.088800e+02 -3.492800e+00
2.089000e+02 -3.500300e+00
2.089200e+02 -3.507700e+00
2.089400e+02 -3.515200e+00
2.089600e+02 -3.522500e+00
2.089800e+02 -3.529900e+00
2.090000e+02 -3.537300e+00
2.090200e+02 -3.544600e+00
2.090400e+02 -3.551900e+00
2.090600e+02 -3.559100e+00
2.090800e+02 -3.566400e+00
2.091000e+02 -3.573600e+00
2.091200e+02 -3.580800e+00
2.091400e+02 -3.588000e+00
2.091600e+02 -3.595100e+00
2.091800e+02 -3.602200e+00
2.092000e+02 -3.609300e+00
2.092200e+02 -3.616400e+00
2.092400e+02 -3.623400e+00
2.092600e+02 -3.630400e+00
2.092800e+02 -3.637400e+00
2.093000e+02 -3.644400e+00
2.093200e+02 -3.651300e+00
2.093400e+02 -3.658200e+00
2.093600e+02 -3.665100e+00
2.093800e+02 -3.671900e+00
2.094000e+02 -3.678800e+00
2.094200e+02 -3.685600e+00
2.094400e+02 -3.692400e+00
2.094600e+02 -3.699100e+00
2.094800e+02 -3.705800e+00
2.095000e+02 -3.712500e+00
2.095200e+02 -3.719200e+00
2.095400e+02 -3.725900e+00
2.095600e+02 -3.732500e+00
2.095800e+02 -3.739100e+00
2.096000e+02 -3.745600e+00
2.096200e+02 -3.752200e+00
2.096400e+02 -3.758700e+00
2.096600e+02 -3.765200e+00
2.096800e+02 -3.771600e+00
2.097000e+02 -3.778100e+00
2.097200e+02 -3.784500e+00
2.097400e+02 -3.790800e+00
2.097600e+02 -3.797200e+00
2.097800e+02 -3.803500e+00
2.098000e+02 -3.809800e+00
2.098200e+02 -3.816100e+00
2.098400e+02 -3.822300e+00
2.098600e+02 -3.828500e+00
2.098800e+02 -3.834700e+00
2.099000e+02 -3.840900e+00
2.099200e+02 -3.847000e+00
2.099400e+02 -3.853100e+00
2.099600e+02 -3.859200e+00
2.099800e+02 -3.865300e+00
2.100000e+02 -3.871300e+00
2.100200e+02 -3.877300e+00
2.100400e+02 -3.883200e+00
2.100600e+02 -3.889200e+00
2.100800e+02 -3.895100e+00
2.101000e+02 -3.901000e+00
2.101200e+02 -3.906800e+00
2.101400e+02 -3.912700e+00
2.101600e+02 -3.918500e+00
2.101800e+02 -3.924200e+00
2.102000e+02 -3.930000e+00
2.102200e+02 -3.935700e+00
2.102400e+02 -3.941400e+00
2.102600e+02 -3.947100e+00
2.102800e+02 -3.952700e+00
2.103000e+02 -3.958300e+00
2.103200e+02 -3.963900e+00
2.103400e+02 -3.969400e+00
2.103600e+02 -3.974900e+00
2.103800e+02 -3.980400e+00
2.104000e+02 -3.985900e+00
2.104200e+02 -3.991300e+00
2.104400e+02 -3.996700e+00
2.104600e+02 -4.002100e+00
2.104800e+02 -4.007500e+00
2.105000e+02 -4.012800e+00
2.105200e+02 -4.018100e+00
2.105400e+02 -4.023300e+00
2.105600e+02 -4.028600e+00
2.105800e+02 -4.033800e+00
2.106000e+02 -4.038900e+00
2.106200e+02 -4.044100e+00
2.106400e+02 -4.049200e+00
2.106600e+02 -4.054300e+00
2.106800e+02 -4.059400e+00
2.107000e+02 -4.064400e+00
2.107200e+02 -4.069400e+00
2.107400e+02 -4.074400e+00
2.107600e+02 -4.079300e+00
2.107800e+02 -4.084200e+00
2.108000e+02 -4.089100e+00
2.108200e+02 -4.094000e+00
2.108400e+02 -4.098800e+00
2.108600e+02 -4.103600e+00
2.108800e+02 -4.108400e+00
2.109000e+02 -4.113100e+00
2.109200e+02 -4.117800e+00
2.109400e+02 -4.122500e+00
2.109600e+02 -4.127200e+00
2.109800e+02 -4.131800e+00
2.110000e+02 -4.136400e+00
2.110200e+02 -4.140900e+00
2.110400e+02 -4.145500e+00
2.110600e+02 -4.150000e+00
2.110800e+02 -4.154400e+00
2.111000e+02 -4.158900e+00
2.111200e+02 -4.163300e+00
2.111400e+02 -4.167700e+00
2.111600e+02 -4.172100e+00
2.111800e+02 -4.176400e+00
2.112000e+02 -4.180700e+00
2.112200e+02 -4.185000e+00
2.112400e+02 -4.189200e+00
2.112600e+02 -4.193400e+00
2.112800e+02 -4.197600e+00
2.113000e+02 -4.201700e+00
2.113200e+02 -4.205900e+00
2.113400e+02 -4.209900e+00
2.113600e+02 -4.214000e+00
2.113800e+02 -4.218000e+00
2.114000e+02 -4.222000e+00
2.114200e+02 -4.226000e+00
2.114400e+02 -4.229900e+00
2.114600e+02 -4.233900e+00
2.114800e+02 -4.237700e+00
2.115000e+02 -4.241600e+00
2.115200e+02 -4.245400e+00
2.115400e+02 -4.249200e+00
2.115600e+02 -4.253000e+00
2.115800e+02 -4.256700e+00
2.116000e+02 -4.260400e+00
2.116200e+02 -4.264100e+00
2.116400e+02 -4.267700e+00
2.116600e+02 -4.271300e+00
2.116800e+02 -4.274900e+00
2.117000e+02 -4.278400e+00
2.117200e+02 -4.282000e+00
2.117400e+02 -4.285400e+00
2.117600e+02 -4.288900e+00
2.117800e+02 -4.292300e+00
2.118000e+02 -4.295700e+00
2.118200e+02 -4.299100e+00
2.118400e+02 -4.302400e+00
2.118600e+02 -4.305700e+00
2.118800e+02 -4.309000e+00
2.119000e+02 -4.312300e+00
2.119200e+02 -4.315500e+00
2.119400e+02 -4.318700e+00
2.119600e+02 -4.321800e+00
2.119800e+02 -4.324900e+00
2.120000e+02 -4.328000e+00
2.120200e+02 -4.331100e+00
2.120400e+02 -4.334100e+00
2.120600e+02 -4.337100e+00
2.120800e+02 -4.340100e+00
2.121000e+02 -4.343000e+00
2.121200e+02 -4.345900e+00
2.121400e+02 -4.348800e+00
2.121600e+02 -4.351700e+00
2.121800e+02 -4.354500e+00
2.122000e+02 -4.357300e+00
2.122200e+02 -4.360000e+00
2.122400e+02 -4.362800e+00
2.122600e+02 -4.365400e+00
2.122800e+02 -4.368100e+00
2.123000e+02 -4.370700e+00
2.123200e+02 -4.373300e+00
2.123400e+02 -4.375900e+00
2.123600e+02 -4.378500e+00
2.123800e+02 -4.381000e+00
2.124000e+02 -4.383400e+00
2.124200e+02 -4.385900e+00
2.124400e+02 -4.388300e+00
2.124600e+02 -4.390700e+00
2.124800e+02 -4.393000e+00
2.125000e+02 -4.395400e+00
2.125200e+02 -4.397700e+00
2.125400e+02 -4.399900e+00
2.125600e+02 -4.402100e+00
2.125800e+02 -4.404300e+00
2.126000e+02 -4.406500e+00
2.126200e+02 -4.408600e+00
2.126400e+02 -4.410700e+00
2.126600e+02 -4.412800e+00
2.126800e+02 -4.414900e+00
2.127000e+02 -4.416900e+00
2.127200e+02 -4.418800e+00
2.127400e+02 -4.420800e+00
2.127600e+02 -4.422700e+00
2.127800e+02 -4.424600e+00
2.128000e+02 -4.426400e+00
2.128200e+02 -4.428300e+00
2.128400e+02 -4.430100e+00
2.128600e+02 -4.431800e+00
2.128800e+02 -4.433600e+00
2.129000e+02 -4.435200e+00
2.129200e+02 -4.436900e+00
2.129400e+02 -4.438500e+00
2.129600e+02 -4.440100e+00
2.129800e+02 -4.441700e+00
2.130000e+02 -4.443300e+00
2.130200e+02 -4.444800e+00
2.130400e+02 -4.446200e+00
2.130600e+02 -4.447700e+00
2.130800e+02 -4.449100e+00
2.131000e+02 -4.450500e+00
2.131200e+02 -4.451800e+00
2.131400e+02 -4.453200e+00
2.131600e+02 -4.454400e+00
2.131800e+02 -4.455700e+00
2.132000e+02 -4.456900e+00
2.132200e+02 -4.458100e+00
2.132400e+02 -4.459300e+00
2.132600e+02 -4.460400e+00
2.132800e+02 -4.461500e+00
2.133000e+02 -4.462600e+00
2.133200e+02 -4.463600e+00
2.133400e+02 -4.464600e+00
2.133600e+02 -4.465600e+00
2.133800e+02 -4.466500e+00
2.134000e+02 -4.467400e+00
2.134200e+02 -4.468300e+00
2.134400e+02 -4.469100e+00
2.134600e+02 -4.470000e+00
2.134800e+02 -4.470700e+00
2.135000e+02 -4.471500e+00
2.135200e+02 -4.472200e+00
2.135400e+02 -4.472900e+00
2.135600e+02 -4.473500e+00
2.135800e+02 -4.474200e+00
2.136000e+02 -4.474800e+00
2.136200e+02 -4.475300e+00
2.136400e+02 -4.475800e+00
2.136600e+02 -4.476300e+00
2.136800e+02 -4.476800e+00
2.137000e+02 -4.477200e+00
2.137200e+02 -4.477600e+00
2.137400e+02 -4.478000e+00
2.137600e+02 -4.478300e+00
2.137800e+02 -4.478700e+00
2.138000e+02 -4.478900e+00
2.138200e+02 -4.479200e+00
2.138400e+02 -4.479400e+00
2.138600e+02 -4.479600e+00
2.138800e+02 -4.479700e+00
2.139000e+02 -4.479800e+00
2.139200e+02 -4.479900e+00
2.139400e+02 -4.480000e+00
2.139600e+02 -4.480000e+00
2.139800e+02 -4.480000e+00
2.140000e+02 -4.479900e+00
2.140200e+02 -4.479800e+00
2.140400e+02 -4.479700e+00
2.140600e+02 -4.479600e+00
2.140800e+02 -4.479400e+00
2.141000e+02 -4.479200e+00
2.141200e+02 -4.479000e+00
2.141400e+02 -4.478700e+00
2.141600e+02 -4.478400e+00
2.141800e+02 -4.478100e+00
2.142000e+02 -4.477700e+00
2.142200e+02 -4.477400e+00
2.142400e+02 -4.476900e+00
2.142600e+02 -4.476500e+00
2.142800e+02 -4.476000e+00
2.143000e+02 -4.475500e+00
2.143200e+02 -4.474900e+00
2.143400e+02 -4.474300e+00
2.143600e+02 -4.473700e+00
2.143800e+02 -4.473100e+00
2.144000e+02 -4.472400e+00
2.144200e+02 -4.471700e+00
2.144400e+02 -4.471000e+00
2.144600e+02 -4.470200e+00
2.144800e+02 -4.469400e+00
2.145000e+02 -4.468600e+00
2.145200e+02 -4.467700e+00
2.145400e+02 -4.466800e+00
2.145600e+02 -4.465900e+00
2.145800e+02 -4.464900e+00
2.146000e+02 -4.463900e+00
2.146200e+02 -4.462900e+00
2.146400e+02 -4.461800e+00
2.146600e+02 -4.460800e+00
2.146800e+02 -4.459600e+00
2.147000e+02 -4.458500e+00
2.147200e+02 -4.457300e+00
2.147400e+02 -4.456100e+00
2.147600e+02 -4.454900e+00
2.147800e+02 -4.453600e+00
2.148000e+02 -4.452300e+00
2.148200e+02 -4.451000e+00
2.148400e+02 -4.449600e+00
2.148600e+02 -4.448200e+00
2.148800e+02 -4.446800e+00
2.149000e+02 -4.445300e+00
2.149200e+02 -4.443800e+00
2.149400e+02 -4.442300e+00
2.149600e+02 -4.440700e+00
2.149800e+02 -4.439200e+00
2.150000e+02 -4.437500e+00
2.150200e+02 -4.435900e+00
2.150400e+02 -4.434200e+00
2.150600e+02 -4.432500e+00
2.150800e+02 -4.430800e+00
2.151000e+02 -4.429000e+00
2.151200e+02 -4.427200e+00
2.151400e+02 -4.425400e+00
2.151600e+02 -4.423500e+00
2.151800e+02 -4.421600e+00
2.152000e+02 -4.419700e+00
2.152200e+02 -4.417700e+00
2.152400e+02 -4.415700e+00
2.152600e+02 -4.413700e+00
2.152800e+02 -4.411600e+00
2.153000e+02 -4.409600e+00
2.153200e+02 -4.407400e+00
2.153400e+02 -4.405300e+00
2.153600e+02 -4.403100e+00
2.153800e+02 -4.400900e+00
2.154000e+02 -4.398700e+00
2.154200e+02 -4.396400e+00
2.154400e+02 -4.394100e+00
2.154600e+02 -4.391800e+00
2.154800e+02 -4.389400e+00
2.155000e+02 -4.387000e+00
2.155200e+02 -4.384600e+00
2.155400e+02 -4.382200e+00
2.155600e+02 -4.379700e+00
2.155800e+02 -4.377200e+00
2.156000e+02 -4.374600e+00
2.156200e+02 -4.372000e+00
2.156400e+02 -4.369400e+00
2.156600e+02 -4.366800e+00
2.156800e+02 -4.364100e+00
2.157000e+02 -4.361400e+00
2.157200e+02 -4.358700e+00
2.157400e+02 -4.355900e+00
2.157600e+02 -4.353100e+00
2.157800e+02 -4.350300e+00
2.158000e+02 -4.347500e+00
2.158200e+02 -4.344600e+00
2.158400e+02 -4.341700e+00
2.158600e+02 -4.338700e+00
2.158800e+02 -4.335700e+00
2.159000e+02 -4.332700e+00
2.159200e+02 -4.329700e+00
2.159400e+02 -4.326600e+00
2.159600e+02 -4.323500e+00
2.159800e+02 -4.320400e+00
2.160000e+02 -4.317300e+00
2.160200e+02 -4.314100e+00
2.160400e+02 -4.310800e+00
2.160600e+02 -4.307600e+00
2.160800e+02 -4.304300e+00
2.161000e+02 -4.301000e+00
2.161200e+02 -4.297700e+00
2.161400e+02 -4.294300e+00
2.161600e+02 -4.290900e+00
2.161800e+02 -4.287500e+00
2.162000e+02 -4.284000e+00
2.162200e+02 -4.280500e+00
2.162400e+02 -4.277000e+00
2.162600e+02 -4.273400e+00
2.162800e+02 -4.269900e+00
2.163000e+02 -4.266200e+00
2.163200e+02 -4.262600e+00
2.163400e+02 -4.258900e+00
2.163600e+02 -4.255200e+00
2.163800e+02 -4.251500e+00
2.164000e+02 -4.247700e+00
2.164200e+02 -4.243900e+00
2.164400e+02 -4.240100e+00
2.164600e+02 -4.236300e+00
2.164800e+02 -4.232400e+00
2.165000e+02 -4.228500e+00
2.165200e+02 -4.224500e+00
2.165400e+02 -4.220600e+00
2.165600e+02 -4.216600e+00
2.165800e+02 -4.212500e+00
2.166000e+02 -4.208500e+00
2.166200e+02 -4.204400e+00
2.166400e+02 -4.200300e+00
2.166600e+02 -4.196100e+00
2.166800e+02 -4.191900e+00
2.167000e+02 -4.187700e+00
2.167200e+02 -4.183500e+00
2.167400e+02 -4.179200e+00
2.167600e+02 -4.174900e+00
2.167800e+02 -4.170600e+00
2.168000e+02 -4.166200e+00
2.168200e+02 -4.161900e+00
2.168400e+02 -4.157400e+00
2.168600e+02 -4.153000e+00
2.168800e+02 -4.148500e+00
2.169000e+02 -4.144000e+00
2.169200e+02 -4.139500e+00
2.169400e+02 -4.134900e+00
2.169600e+02 -4.130300e+00
2.169800e+02 -4.125700e+00
2.170000e+02 -4.121100e+00
2.170200e+02 -4.116400e+00
2.170400e+02 -4.111700e+00
2.170600e+02 -4.107000e+00
2.170800e+02 -4.102200e+00
2.171000e+02 -4.097400e+00
2.171200e+02 -4.092600e+00
2.171400e+02 -4.087700e+00
2.171600e+02 -4.082900e+00
2.171800e+02 -4.078000e+00
2.172000e+02 -4.073000e+00
2.172200e+02 -4.068100e+00
2.172400e+02 -4.063100e+00
2.172600e+02 -4.058000e+00
2.172800e+02 -4.053000e+00
2.173000e+02 -4.047900e+00
2.173200e+02 -4.042800e+00
2.173400e+02 -4.037700e+00
2.173600e+02 -4.032500e+00
2.173800e+02 -4.027300e+00
2.174000e+02 -4.022100e+00
2.174200e+02 -4.016900e+00
2.174400e+02 -4.011600e+00
2.174600e+02 -4.006300e+00
2.174800e+02 -4.001000e+00
2.175000e+02 -3.995600e+00
2.175200e+02 -3.990200e+00
2.175400e+02 -3.984800e+00
2.175600e+02 -3.979400e+00
2.175800e+02 -3.973900e+00
2.176000e+02 -3.968400e+00
2.176200e+02 -3.962900e+00
2.176400e+02 -3.957300e+00
2.176600e+02 -3.951700e+00
2.176800e+02 -3.946100e+00
2.177000e+02 -3.940500e+00
2.177200e+02 -3.934800e+00
2.177400e+02 -3.929100e+00
2.177600e+02 -3.923400e+00
2.177800e+02 -3.917700e+00
2.178000e+02 -3.911900e+00
2.178200e+02 -3.906100e+00
2.178400e+02 -3.900200e+00
2.178600e+02 -3.894400e+00
2.178800e+02 -3.888500e+00
2.179000e+02 -3.882600e+00
2.179200e+02 -3.876700e+00
2.179400e+02 -3.870700e+00
2.179600e+02 -3.864700e+00
2.179800e+02 -3.858700e+00
2.180000e+02 -3.852600e+00
2.180200e+02 -3.846600e+00
2.180400e+02 -3.840500e+00
2.180600e+02 -3.834300e+00
2.180800e+02 -3.828200e+00
2.181000e+02 -3.822000e+00
2.181200e+02 -3.815800e+00
2.181400e+02 -3.809600e+00
2.181600e+02 -3.803300e+00
2.181800e+02 -3.797000e+00
2.182000e+02 -3.790700e+00
2.182200e+02 -3.784400e+00
2.182400e+02 -3.778000e+00
2.182600e+02 -3.771600e+00
2.182800e+02 -3.765200e+00
2.183000e+02 -3.758800e+00
2.183200e+02 -3.752300e+00
2.183400e+02 -3.745800e+00
2.183600e+02 -3.739300e+00
2.183800e+02 -3.732700e+00
2.184000e+02 -3.726200e+00
2.184200e+02 -3.719600e+00
2.184400e+02 -3.712900e+00
2.184600e+02 -3.706300e+00
2.184800e+02 -3.699600e+00
2.185000e+02 -3.692900e+00
2.185200e+02 -3.686200e+00
2.185400e+02 -3.679400e+00
2.185600e+02 -3.672600e+00
2.185800e+02 -3.665800e+00
2.186000e+02 -3.659000e+00
2.186200e+02 -3.652100e+00
2.186400e+02 -3.645200e+00
2.186600e+02 -3.638300e+00
2.186800e+02 -3.631400e+00
2.187000e+02 -3.624400e+00
2.187200e+02 -3.617500e+00
2.187400e+02 -3.610400e+00
2.187600e+02 -3.603400e+00
2.187800e+02 -3.596300e+00
2.188000e+02 -3.589300e+00
2.188200e+02 -3.582200e+00
2.188400e+02 -3.575000e+00
2.188600e+02 -3.567900e+00
2.188800e+02 -3.560700e+00
2.189000e+02 -3.553500e+00
2.189200e+02 -3.546200e+00
2.189400e+02 -3.539000e+00
2.189600e+02 -3.531700e+00
2.189800e+02 -3.524400e+00
2.190000e+02 -3.517000e+00
2.190200e+02 -3.509700e+00
2.190400e+02 -3.502300e+00
2.190600e+02 -3.494900e+00
2.190800e+02 -3.487400e+00
2.191000e+02 -3.480000e+00
2.191200e+02 -3.472500e+00
2.191400e+02 -3.465000e+00
2.191600e+02 -3.457500e+00
2.191800e+02 -3.449900e+00
2.192000e+02 -3.442300e+00
2.192200e+02 -3.434700e+00
2.192400e+02 -3.427100e+00
2.192600e+02 -3.419500e+00
2.192800e+02 -3.411800e+00
2.193000e+02 -3.404100e+00
2.193200e+02 -3.396400e+00
2.193400e+02 -3.388600e+00
2.193600e+02 -3.380900e+00
2.193800e+02 -3.373100e+00
2.194000e+02 -3.365200e+00
2.194200e+02 -3.357400e+00
2.194400e+02 -3.349500e+00
2.194600e+02 -3.341700e+00
2.194800e+02 -3.333700e+00
2.195000e+02 -3.325800e+00
2.195200e+02 -3.317900e+00
2.195400e+02 -3.309900e+00
2.195600e+02 -3.301900e+00
2.195800e+02 -3.293800e+00
2.196000e+02 -3.285800e+00
2.196200e+02 -3.277700e+00
2.196400e+02 -3.269600e+00
2.196600e+02 -3.261500e+00
2.196800e+02 -3.253400e+00
2.197000e+02 -3.245200e+00
2.197200e+02 -3.237000e+00
2.197400e+02 -3.228800e+00
2.197600e+02 -3.220600e+00
2.197800e+02 -3.212300e+00
2.198000e+02 -3.204000e+00
2.198200e+02 -3.195700e+00
2.198400e+02 -3.187400e+00
2.198600e+02 -3.179100e+00
2.198800e+02 -3.170700e+00
2.199000e+02 -3.162300e+00
2.199200e+02 -3.153900e+00
2.199400e+02 -3.145500e+00
2.199600e+02 -3.137000e+00
2.199800e+02 -3.128600e+00
2.200000e+02 -3.120100e+00
2.200200e+02 -3.111500e+00
2.200400e+02 -3.103000e+00
2.200600e+02 -3.094400e+00
2.200800e+02 -3.085900e+00
2.201000e+02 -3.077200e+00
2.201200e+02 -3.068600e+00
2.201400e+02 -3.060000e+00
2.201600e+02 -3.051300e+00
2.201800e+02 -3.042600e+00
2.202000e+02 -3.033900e+00
2.202200e+02 -3.025200e+00
2.202400e+02 -3.016400e+00
2.202600e+02 -3.007600e+00
2.202800e+02 -2.998800e+00
2.203000e+02 -2.990000e+00
2.203200e+02 -2.981200e+00
2.203400e+02 -2.972300e+00
2.203600e+02 -2.963400e+00
2.203800e+02 -2.954500e+00
2.204000e+02 -2.945600e+00
2.204200e+02 -2.936700e+00
2.204400e+02 -2.927700e+00
2.204600e+02 -2.918700e+00
2.204800e+02 -2.909700e+00
2.205000e+02 -2.900700e+00
2.205200e+02 -2.891700e+00
2.205400e+02 -2.882600e+00
2.205600e+02 -2.873500e+00
2.205800e+02 -2.864400e+00
2.206000e+02 -2.855300e+00
2.206200e+02 -2.846200e+00
2.206400e+02 -2.837000e+00
2.206600e+02 -2.827800e+00
2.206800e+02 -2.818600e+00
2.207000e+02 -2.809400e+00
2.207200e+02 -2.800200e+00
2.207400e+02 -2.790900e+00
2.207600e+02 -2.781600e+00
2.207800e+02 -2.772300e+00
2.208000e+02 -2.763000e+00
2.208200e+02 -2.753700e+00
2.208400e+02 -2.744300e+00
2.208600e+02 -2.735000e+00
2.208800e+02 -2.725600e+00
2.209000e+02 -2.716200e+00
2.209200e+02 -2.706700e+00
2.209400e+02 -2.697300e+00
2.209600e+02 -2.687800e+00
2.209800e+02 -2.678300e+00
2.210000e+02 -2.668800e+00
2.210200e+02 -2.659300e+00
2.210400e+02 -2.649800e+00
2.210600e+02 -2.640200e+00
2.210800e+02 -2.630600e+00
2.211000e+02 -2.621000e+00
2.211200e+02 -2.611400e+00
2.211400e+02 -2.601800e+00
2.211600e+02 -2.592200e+00
2.211800e+02 -2.582500e+00
2.212000e+02 -2.572800e+00
2.212200e+02 -2.563100e+00
2.212400e+02 -2.553400e+00
2.212600e+02 -2.543600e+00
2.212800e+02 -2.533900e+00
2.213000e+02 -2.524100e+00
2.213200e+02 -2.514300e+00
2.213400e+02 -2.504500e+00
2.213600e+02 -2.494700e+00
2.213800e+02 -2.484900e+00
2.214000e+02 -2.475000e+00
2.214200e+02 -2.465100e+00
2.214400e+02 -2.455200e+00
2.214600e+02 -2.445300e+00
2.214800e+02 -2.435400e+00
2.215000e+02 -2.425500e+00
2.215200e+02 -2.415500e+00
2.215400e+02 -2.405500e+00
2.215600e+02 -2.395500e+00
2.215800e+02 -2.385500e+00
2.216000e+02 -2.375500e+00
2.216200e+02 -2.365500e+00
2.216400e+02 -2.355400e+00
2.216600e+02 -2.345300e+00
2.216800e+02 -2.335200e+00
2.217000e+02 -2.325100e+00
2.217200e+02 -2.315000e+00
2.217400e+02 -2.304900e+00
2.217600e+02 -2.294700e+00
2.217800e+02 -2.284500e+00
2.218000e+02 -2.274300e+00
2.218200e+02 -2.264100e+00
2.218400e+02 -2.253900e+00
2.218600e+02 -2.243700e+00
2.218800e+02 -2.233500e+00
2.219000e+02 -2.223200e+00
2.219200e+02 -2.212900e+00
2.219400e+02 -2.202600e+00
2.219600e+02 -2.192300e+00
2.219800e+02 -2.182000e+00
2.220000e+02 -2.171600e+00
2.220200e+02 -2.161300e+00
2.220400e+02 -2.150900e+00
2.220600e+02 -2.140500e+00
2.220800e+02 -2.130100e+00
2.221000e+02 -2.119700e+00
2.221200e+02 -2.109300e+00
2.221400e+02 -2.098800e+00
2.221600e+02 -2.088400e+00
2.221800e+02 -2.077900e+00
2.222000e+02 -2.067400e+00
2.222200e+02 -2.056900e+00
2.222400e+02 -2.046400e+00
2.222600e+02 -2.035900e+00
2.222800e+02 -2.025300e+00
2.223000e+02 -2.014800e+00
2.223200e+02 -2.004200e+00
2.223400e+02 -1.993600e+00
2.223600e+02 -1.983000e+00
2.223800e+02 -1.972400e+00
2.224000e+02 -1.961800e+00
2.224200e+02 -1.951200e+00
2.224400e+02 -1.940500e+00
2.224600e+02 -1.929800e+00
2.224800e+02 -1.919200e+00
2.225000e+02 -1.908500e+00
2.225200e+02 -1.897800e+00
2.225400e+02 -1.887100e+00
2.225600e+02 -1.876300e+00
2.225800e+02 -1.865600e+00
2.226000e+02 -1.854800e+00
2.226200e+02 -1.844000e+00
2.226400e+02 -1.833300e+00
2.226600e+02 -1.822500e+00
2.226800e+02 -1.811700e+00
2.227000e+02 -1.800800e+00
2.227200e+02 -1.790000e+00
2.227400e+02 -1.779200e+00
2.227600e+02 -1.768300e+00
2.227800e+02 -1.757400e+00
2.228000e+02 -1.746600e+00
2.228200e+02 -1.735700e+00
2.228400e+02 -1.724800e+00
2.228600e+02 -1.713800e+00
2.228800e+02 -1.702900e+00
2.229000e+02 -1.692000e+00
2.229200e+02 -1.681000e+00
2.229400e+02 -1.670100e+00
2.229600e+02 -1.659100e+00
2.229800e+02 -1.648100e+00
2.230000e+02 -1.637100e+00
2.230200e+02 -1.626100e+00
2.230400e+02 -1.615100e+00
2.230600e+02 -1.604000e+00
2.230800e+02 -1.593000e+00
2.231000e+02 -1.581900e+00
2.231200e+02 -1.570900e+00
2.231400e+02 -1.559800e+00
2.231600e+02 -1.548700e+00
2.231800e+02 -1.537600e+00
2.232000e+02 -1.526500e+00
2.232200e+02 -1.515400e+00
2.232400e+02 -1.504300e+00
2.232600e+02 -1.493200e+00
2.232800e+02 -1.482000e+00
2.233000e+02 -1.470800e+00
2.233200e+02 -1.459700e+00
2.233400e+02 -1.448500e+00
2.233600e+02 -1.437300e+00
2.233800e+02 -1.426100e+00
2.234000e+02 -1.414900e+00
2.234200e+02 -1.403700e+00
2.234400e+02 -1.392500e+00
2.234600e+02 -1.381200e+00
2.234800e+02 -1.370000e+00
2.235000e+02 -1.358800e+00
2.235200e+02 -1.347500e+00
2.235400e+02 -1.336200e+00
2.235600e+02 -1.324900e+00
2.235800e+02 -1.313700e+00
2.236000e+02 -1.302400e+00
2.236200e+02 -1.291000e+00
2.236400e+02 -1.279700e+00
2.236600e+02 -1.268400e+00
2.236800e+02 -1.257100e+00
2.237000e+02 -1.245700e+00
2.237200e+02 -1.234400e+00
2.237400e+02 -1.223000e+00
2.237600e+02 -1.211700e+00
2.237800e+02 -1.200300e+00
2.238000e+02 -1.188900e+00
2.238200e+02 -1.177500e+00
2.238400e+02 -1.166100e+00
2.238600e+02 -1.154700e+00
2.238800e+02 -1.143300e+00
2.239000e+02 -1.131900e+00
2.239200e+02 -1.120500e+00
2.239400e+02 -1.109000e+00
2.239600e+02 -1.097600e+00
2.239800e+02 -1.086200e+00
2.240000e+02 -1.074700e+00
2.240200e+02 -1.063200e+00
2.240400e+02 -1.051800e+00
2.240600e+02 -1.040300e+00
2.240800e+02 -1.028800e+00
2.241000e+02 -1.017300e+00
2.241200e+02 -1.005800e+00
2.241400e+02 -9.943000e-01
2.241600e+02 -9.828000e-01
2.241800e+02 -9.713000e-01
2.242000e+02 -9.598000e-01
2.242200e+02 -9.482000e-01
2.242400e+02 -9.367000e-01
2.242600e+02 -9.252000e-01
2.242800e+02 -9.136000e-01
2.243000e+02 -9.021000e-01
2.243200e+02 -8.905000e-01
2.243400e+02 -8.789000e-01
2.243600e+02 -8.674000e-01
2.243800e+02 -8.558000e-01
2.244000e+02 -8.442000e-01
2.244200e+02 -8.326000e-01
2.244400e+02 -8.210000e-01
2.244600e+02 -8.094000e-01
2.244800e+02 -7.978000e-01
2.245000e+02 -7.862000e-01
2.245200e+02 -7.746000e-01
2.245400e+02 -7.630000e-01
2.245600e+02 -7.514000e-01
2.245800e+02 -7.398000e-01
2.246000e+02 -7.281000e-01
2.246200e+02 -7.165000e-01
2.246400e+02 -7.048000e-01
2.246600e+02 -6.932000e-01
2.246800e+02 -6.816000e-01
2.247000e+02 -6.699000e-01
2.247200e+02 -6.582000e-01
2.247400e+02 -6.466000e-01
2.247600e+02 -6.349000e-01
2.247800e+02 -6.232000e-01
2.248000e+02 -6.116000e-01
2.248200e+02 -5.999000e-01
2.248400e+02 -5.882000e-01
2.248600e+02 -5.765000e-01
2.248800e+02 -5.648000e-01
2.249000e+02 -5.531000e-01
2.249200e+02 -5.414000e-01
2.249400e+02 -5.297000e-01
2.249600e+02 -5.180000e-01
2.249800e+02 -5.063000e-01
2.250000e+02 -4.946000e-01
2.250200e+02 -4.829000e-01
2.250400e+02 -4.712000e-01
2.250600e+02 -4.595000e-01
2.250800e+02 -4.477000e-01
2.251000e+02 -4.360000e-01
2.251200e+02 -4.243000e-01
2.251400e+02 -4.126000e-01
2.251600e+02 -4.008000e-01
2.251800e+02 -3.891000e-01
2.252000e+02 -3.774000e-01
2.252200e+02 -3.656000e-01
2.252400e+02 -3.539000e-01
2.252600e+02 -3.421000e-01
2.252800e+02 -3.304000e-01
2.253000e+02 -3.186000e-01
2.253200e+02 -3.069000e-01
2.253400e+02 -2.951000e-01
2.253600e+02 -2.834000e-01
2.253800e+02 -2.716000e-01
2.254000e+02 -2.599000e-01
2.254200e+02 -2.481000e-01
2.254400e+02 -2.364000e-01
2.254600e+02 -2.246000e-01
2.254800e+02 -2.128000e-01
2.255000e+02 -2.011000e-01
2.255200e+02 -1.893000e-01
2.255400e+02 -1.776000e-01
2.255600e+02 -1.658000e-01
2.255800e+02 -1.540000e-01
2.256000e+02 -1.423000e-01
2.256200e+02 -1.305000e-01
2.256400e+02 -1.187000e-01
2.256600e+02 -1.070000e-01
2.256800e+02 -9.520000e-02
2.257000e+02 -8.340000e-02
2.257200e+02 -7.160000e-02
2.257400e+02 -5.990000e-02
2.257600e+02 -4.810000e-02
2.257800e+02 -3.630000e-02
2.258000e+02 -2.460000e-02
2.258200e+02 -1.280000e-02
2.258400e+02 -1.000000e-03
2.258600e+02 1.070000e-02
2.258800e+02 2.250000e-02
2.259000e+02 3.430000e-02
2.259200e+02 4.600000e-02
2.259400e+02 5.780000e-02
2.259600e+02 6.960000e-02
2.259800e+02 8.130000e-02
2.260000e+02 9.310000e-02
2.260200e+02 1.049000e-01
2.260400e+02 1.166000e-01
2.260600e+02 1.284000e-01
2.260800e+02 1.401000e-01
2.261000e+02 1.519000e-01
2.261200e+02 1.637000e-01
2.261400e+02 1.754000e-01
2.261600e+02 1.872000e-01
2.261800e+02 1.989000e-01
2.262000e+02 2.107000e-01
2.262200e+02 2.224000e-01
2.262400e+02 2.341000e-01
2.262600e+02 2.459000e-01
2.262800e+02 2.576000e-01
2.263000e+02 2.694000e-01
2.263200e+02 2.811000e-01
2.263400e+02 2.928000e-01
2.263600e+02 3.046000e-01
2.263800e+02 3.163000e-01
2.264000e+02 3.280000e-01
2.264200e+02 3.397000e-01
2.264400e+02 3.515000e-01
2.264600e+02 3.632000e-01
2.264800e+02 3.749000e-01
2.265000e+02 3.866000e-01
2.265200e+02 3.983000e-01
2.265400e+02 4.100000e-01
2.265600e+02 4.217000e-01
2.265800e+02 4.334000e-01
2.266000e+02 4.451000e-01
2.266200e+02 4.568000e-01
2.266400e+02 4.685000e-01
2.266600e+02 4.802000e-01
2.266800e+02 4.918000e-01
2.267000e+02 5.035000e-01
2.267200e+02 5.152000e-01
2.267400e+02 5.269000e-01
2.267600e+02 5.385000e-01
2.267800e+02 5.502000e-01
2.268000e+02 5.618000e-01
2.268200e+02 5.735000e-01
2.268400e+02 5.851000e-01
2.268600e+02 5.968000e-01
2.268800e+02 6.084000e-01
2.269000e+02 6.200000e-01
2.269200e+02 6.316000e-01
2.269400e+02 6.433000e-01
2.269600e+02 6.549000e-01
2.269800e+02 6.665000e-01
2.270000e+02 6.781000e-01
2.270200e+02 6.897000e-01
2.270400e+02 7.013000e-01
2.270600e+02 7.129000e-01
2.270800e+02 7.245000e-01
2.271000e+02 7.360000e-01
2.271200e+02 7.476000e-01
2.271400e+02 7.592000e-01
2.271600e+02 7.707000e-01
2.271800e+02 7.823000e-01
2.272000e+02 7.938000e-01
2.272200e+02 8.054000e-01
2.272400e+02 8.169000e-01
2.272600e+02 8.284000e-01
2.272800e+02 8.400000e-01
2.273000e+02 8.515000e-01
2.273200e+02 8.630000e-01
2.273400e+02 8.745000e-01
2.273600e+02 8.860000e-01
2.273800e+02 8.975000e-01
2.274000e+02 9.090000e-01
2.274200e+02 9.204000e-01
2.274400e+02 9.319000e-01
2.274600e+02 9.434000e-01
2.274800e+02 9.548000e-01
2.275000e+02 9.663000e-01
2.275200e+02 9.777000e-01
2.275400e+02 9.891000e-01
2.275600e+02 1.000600e+00
2.275800e+02 1.012000e+00
2.276000e+02 1.023400e+00
2.276200e+02 1.034800e+00
2.276400e+02 1.046200e+00
2.276600e+02 1.057600e+00
2.276800e+02 1.069000e+00
2.277000e+02 1.080300e+00
2.277200e+02 1.091700e+00
2.277400e+02 1.103000e+00
2.277600e+02 1.114400e+00
2.277800e+02 1.125700e+00
2.278000e+02 1.137100e+00
2.278200e+02 1.148400e+00
2.278400e+02 1.159700e+00
2.278600e+02 1.171000e+00
2.278800e+02 1.182300e+00
2.279000e+02 1.193600e+00
2.279200e+02 1.204800e+00
2.279400e+02 1.216100e+00
2.279600e+02 1.227400e+00
2.279800e+02 1.238600e+00
2.280000e+02 1.249900e+00
2.280200e+02 1.261100e+00
2.280400e+02 1.272300e+00
2.280600e+02 1.283500e+00
2.280800e+02 1.294700e+00
2.281000e+02 1.305900e+00
2.281200e+02 1.317100e+00
2.281400e+02 1.328300e+00
2.281600e+02 1.339500e+00
2.281800e+02 1.350600e+00
2.282000e+02 1.361800e+00
2.282200e+02 1.372900e+00
2.282400e+02 1.384000e+00
2.282600e+02 1.395100e+00
2.282800e+02 1.406200e+00
2.283000e+02 1.417300e+00
2.283200e+02 1.428400e+00
2.283400e+02 1.439500e+00
2.283600e+02 1.450500e+00
2.283800e+02 1.461600e+00
2.284000e+02 1.472600e+00
2.284200e+02 1.483700e+00
2.284400e+02 1.494700e+00
2.284600e+02 1.505700e+00
2.284800e+02 1.516700e+00
2.285000e+02 1.527700e+00
2.285200e+02 1.538700e+00
2.285400e+02 1.549600e+00
2.285600e+02 1.560600e+00
2.285800e+02 1.571500e+00
2.286000e+02 1.582500e+00
2.286200e+02 1.593400e+00
2.286400e+02 1.604300e+00
2.286600e+02 1.615200e+00
2.286800e+02 1.626100e+00
2.287000e+02 1.636900e+00
2.287200e+02 1.647800e+00
2.287400e+02 1.658600e+00
2.287600e+02 1.669500e+00
2.287800e+02 1.680300e+00
2.288000e+02 1.691100e+00
2.288200e+02 1.701900e+00
2.288400e+02 1.712700e+00
2.288600e+02 1.723500e+00
2.288800e+02 1.734200e+00
2.289000e+02 1.745000e+00
2.289200e+02 1.755700e+00
2.289400e+02 1.766400e+00
2.289600e+02 1.777200e+00
2.289800e+02 1.787900e+00
2.290000e+02 1.798500e+00
2.290200e+02 1.809200e+00
2.290400e+02 1.819900e+00
2.290600e+02 1.830500e+00
2.290800e+02 1.841100e+00
2.291000e+02 1.851800e+00
2.291200e+02 1.862400e+00
2.291400e+02 1.873000e+00
2.291600e+02 1.883500e+00
2.291800e+02 1.894100e+00
2.292000e+02 1.904700e+00
2.292200e+02 1.915200e+00
2.292400e+02 1.925700e+00
2.292600e+02 1.936200e+00
2.292800e+02 1.946700e+00
2.293000e+02 1.957200e+00
2.293200e+02 1.967700e+00
2.293400e+02 1.978100e+00
2.293600e+02 1.988600e+00
2.293800e+02 1.999000e+00
2.294000e+02 2.009400e+00
2.294200e+02 2.019800e+00
2.294400e+02 2.030200e+00
2.294600e+02 2.040500e+00
2.294800e+02 2.050900e+00
2.295000e+02 2.061200e+00
2.295200e+02 2.071500e+00
2.295400e+02 2.081800e+00
2.295600e+02 2.092100e+00
2.295800e+02 2.102400e+00
2.296000e+02 2.112700e+00
2.296200e+02 2.122900e+00
2.296400e+02 2.133100e+00
2.296600e+02 2.143300e+00
2.296800e+02 2.153500e+00
2.297000e+02 2.163700e+00
2.297200e+02 2.173900e+00
2.297400e+02 2.184000e+00
2.297600e+02 2.194200e+00
2.297800e+02 2.204300e+00
2.298000e+02 2.214400e+00
2.298200e+02 2.224500e+00
2.298400e+02 2.234600e+00
2.298600e+02 2.244600e+00
2.298800e+02 2.254600e+00
2.299000e+02 2.264700e+00
2.299200e+02 2.274700e+00
2.299400e+02 2.284700e+00
2.299600e+02 2.294600e+00
2.299800e+02 2.304600e+00
2.300000e+02 2.314500e+00
2.300200e+02 2.324400e+00
2.300400e+02 2.334300e+00
2.300600e+02 2.344200e+00
2.300800e+02 2.354100e+00
2.301000e+02 2.364000e+00
2.301200e+02 2.373800e+00
2.301400e+02 2.383600e+00
2.301600e+02 2.393400e+00
2.301800e+02 2.403200e+00
2.302000e+02 2.413000e+00
2.302200e+02 2.422700e+00
2.302400e+02 2.432400e+00
2.302600e+02 2.442200e+00
2.302800e+02 2.451900e+00
2.303000e+02 2.461500e+00
2.303200e+02 2.471200e+00
2.303400e+02 2.480800e+00
2.303600e+02 2.490500e+00
2.303800e+02 2.500100e+00
2.304000e+02 2.509700e+00
2.304200e+02 2.519200e+00
2.304400e+02 2.528800e+00
2.304600e+02 2.538300e+00
2.304800e+02 2.547800e+00
2.305000e+02 2.557300e+00
2.305200e+02 2.566800e+00
2.305400e+02 2.576300e+00
2.305600e+02 2.585700e+00
2.305800e+02 2.595100e+00
2.306000e+02 2.604500e+00
2.306200e+02 2.613900e+00
2.306400e+02 2.623300e+00
2.306600e+02 2.632600e+00
2.306800e+02 2.642000e+00
2.307000e+02 2.651300e+00
2.307200e+02 2.660600e+00
2.307400e+02 2.669800e+00
2.307600e+02 2.679100e+00
2.307800e+02 2.688300e+00
2.308000e+02 2.697500e+00
2.308200e+02 2.706700e+00
2.308400e+02 2.715900e+00
2.308600e+02 2.725100e+00
2.308800e+02 2.734200e+00
2.309000e+02 2.743300e+00
2.309200e+02 2.752400e+00
2.309400e+02 2.761500e+00
2.309600e+02 2.770500e+00
2.309800e+02 2.779600e+00
2.310000e+02 2.788600e+00
2.310200e+02 2.797600e+00
2.310400e+02 2.806600e+00
2.310600e+02 2.815500e+00
2.310800e+02 2.824500e+00
2.311000e+02 2.833400e+00
2.311200e+02 2.842300e+00
2.311400e+02 2.851100e+00
2.311600e+02 2.860000e+00
2.311800e+02 2.868800e+00
2.312000e+02 2.877600e+00
2.312200e+02 2.886400e+00
2.312400e+02 2.895200e+00
2.312600e+02 2.904000e+00
2.312800e+02 2.912700e+00
2.313000e+02 2.921400e+00
2.313200e+02 2.930100e+00
2.313400e+02 2.938700e+00
2.313600e+02 2.947400e+00
2.313800e+02 2.956000e+00
2.314000e+02 2.964600e+00
2.314200e+02 2.973200e+00
2.314400e+02 2.981800e+00
2.314600e+02 2.990300e+00
2.314800e+02 2.998800e+00
2.315000e+02 3.007300e+00
2.315200e+02 3.015800e+00
2.315400e+02 3.024300e+00
2.315600e+02 3.032700e+00
2.315800e+02 3.041100e+00
2.316000e+02 3.049500e+00
2.316200e+02 3.057900e+00
2.316400e+02 3.066200e+00
2.316600e+02 3.074500e+00
2.316800e+02 3.082800e+00
2.317000e+02 3.091100e+00
2.317200e+02 3.099400e+00
2.317400e+02 3.107600e+00
2.317600e+02 3.115800e+00
2.317800e+02 3.124000e+00
2.318000e+02 3.132200e+00
2.318200e+02 3.140300e+00
2.318400e+02 3.148400e+00
2.318600e+02 3.156500e+00
2.318800e+02 3.164600e+00
2.319000e+02 3.172700e+00
2.319200e+02 3.180700e+00
2.319400e+02 3.188700e+00
2.319600e+02 3.196700e+00
2.319800e+02 3.204700e+00
2.320000e+02 3.212600e+00
2.320200e+02 3.220500e+00
2.320400e+02 3.228400e+00
2.320600e+02 3.236300e+00
2.320800e+02 3.244200e+00
2.321000e+02 3.252000e+00
2.321200e+02 3.259800e+00
2.321400e+02 3.267600e+00
2.321600e+02 3.275300e+00
2.321800e+02 3.283100e+00
2.322000e+02 3.290800e+00
2.322200e+02 3.298500e+00
2.322400e+02 3.306100e+00
2.322600e+02 3.313800e+00
2.322800e+02 3.321400e+00
2.323000e+02 3.329000e+00
2.323200e+02 3.336500e+00
2.323400e+02 3.344100e+00
2.323600e+02 3.351600e+00
2.323800e+02 3.359100e+00
2.324000e+02 3.366600e+00
2.324200e+02 3.374000e+00
2.324400e+02 3.381400e+00
2.324600e+02 3.388800e+00
2.324800e+02 3.396200e+00
2.325000e+02 3.403600e+00
2.325200e+02 3.410900e+00
2.325400e+02 3.418200e+00
2.325600e+02 3.425500e+00
2.325800e+02 3.432700e+00
2.326000e+02 3.440000e+00
2.326200e+02 3.447200e+00
2.326400e+02 3.454300e+00
2.326600e+02 3.461500e+00
2.326800e+02 3.468600e+00
2.327000e+02 3.475700e+00
2.327200e+02 3.482800e+00
2.327400e+02 3.489900e+00
2.327600e+02 3.496900e+00
2.327800e+02 3.503900e+00
2.328000e+02 3.510900e+00
2.328200e+02 3.517800e+00
2.328400e+02 3.524800e+00
2.328600e+02 3.531700e+00
2.328800e+02 3.538600e+00
2.329000e+02 3.545400e+00
2.329200e+02 3.552200e+00
2.329400e+02 3.559000e+00
2.329600e+02 3.565800e+00
2.329800e+02 3.572600e+00
2.330000e+02 3.579300e+00
2.330200e+02 3.586000e+00
2.330400e+02 3.592700e+00
2.330600e+02 3.599300e+00
2.330800e+02 3.606000e+00
2.331000e+02 3.612600e+00
2.331200e+02 3.619100e+00
2.331400e+02 3.625700e+00
2.331600e+02 3.632200e+00
2.331800e+02 3.638700e+00
2.332000e+02 3.645200e+00
2.332200e+02 3.651600e+00
2.332400e+02 3.658000e+00
2.332600e+02 3.664400e+00
2.332800e+02 3.670800e+00
2.333000e+02 3.677100e+00
2.333200e+02 3.683400e+00
2.333400e+02 3.689700e+00
2.333600e+02 3.696000e+00
2.333800e+02 3.702200e+00
2.334000e+02 3.708400e+00
2.334200e+02 3.714600e+00
2.334400e+02 3.720700e+00
2.334600e+02 3.726900e+00
2.334800e+02 3.733000e+00
2.335000e+02 3.739000e+00
2.335200e+02 3.745100e+00
2.335400e+02 3.751100e+00
2.335600e+02 3.757100e+00
2.335800e+02 3.763100e+00
2.336000e+02 3.769000e+00
2.336200e+02 3.774900e+00
2.336400e+02 3.780800e+00
2.336600e+02 3.786600e+00
2.336800e+02 3.792500e+00
2.337000e+02 3.798300e+00
2.337200e+02 3.804100e+00
2.337400e+02 3.809800e+00
2.337600e+02 3.815500e+00
2.337800e+02 3.821200e+00
2.338000e+02 3.826900e+00
2.338200e+02 3.832500e+00
2.338400e+02 3.838100e+00
2.338600e+02 3.843700e+00
2.338800e+02 3.849300e+00
2.339000e+02 3.854800e+00
2.339200e+02 3.860300e+00
2.339400e+02 3.865800e+00
2.339600e+02 3.871300e+00
2.339800e+02 3.876700e+00
2.340000e+02 3.882100e+00
2.340200e+02 3.887400e+00
2.340400e+02 3.892800e+00
2.340600e+02 3.898100e+00
2.340800e+02 3.903400e+00
2.341000e+02 3.908600e+00
2.341200e+02 3.913900e+00
2.341400e+02 3.919000e+00
2.341600e+02 3.924200e+00
2.341800e+02 3.929400e+00
2.342000e+02 3.934500e+00
2.342200e+02 3.939600e+00
2.342400e+02 3.944600e+00
2.342600e+02 3.949700e+00
2.342800e+02 3.954700e+00
2.343000e+02 3.959600e+00
2.343200e+02 3.964600e+00
2.343400e+02 3.969500e+00
2.343600e+02 3.974400e+00
2.343800e+02 3.979300e+00
2.344000e+02 3.984100e+00
2.344200e+02 3.988900e+00
2.344400e+02 3.993700e+00
2.344600e+02 3.998400e+00
2.344800e+02 4.003200e+00
2.345000e+02 4.007800e+00
2.345200e+02 4.012500e+00
2.345400e+02 4.017200e+00
2.345600e+02 4.021800e+00
2.345800e+02 4.026300e+00
2.346000e+02 4.030900e+00
2.346200e+02 4.035400e+00
2.346400e+02 4.039900e+00
2.346600e+02 4.044400e+00
2.346800e+02 4.048800e+00
2.347000e+02 4.053200e+00
2.347200e+02 4.057600e+00
2.347400e+02 4.061900e+00
2.347600e+02 4.066300e+00
2.347800e+02 4.070600e+00
2.348000e+02 4.074800e+00
2.348200e+02 4.079100e+00
2.348400e+02 4.083300e+00
2.348600e+02 4.087400e+00
2.348800e+02 4.091600e+00
2.349000e+02 4.095700e+00
2.349200e+02 4.099800e+00
2.349400e+02 4.103900e+00
2.349600e+02 4.107900e+00
2.349800e+02 4.111900e+00
2.350000e+02 4.115900e+00
2.350200e+02 4.119800e+00
2.350400e+02 4.123700e+00
2.350600e+02 4.127600e+00
2.350800e+02 4.131500e+00
2.351000e+02 4.135300e+00
2.351200e+02 4.139100e+00
2.351400e+02 4.142900e+00
2.351600e+02 4.146600e+00
2.351800e+02 4.150300e+00
2.352000e+02 4.154000e+00
2.352200e+02 4.157600e+00
2.352400e+02 4.161300e+00
2.352600e+02 4.164800e+00
2.352800e+02 4.168400e+00
2.353000e+02 4.171900e+00
2.353200e+02 4.175400e+00
2.353400e+02 4.178900e+00
2.353600e+02 4.182400e+00
2.353800e+02 4.185800e+00
2.354000e+02 4.189200e+00
2.354200e+02 4.192500e+00
2.354400e+02 4.195800e+00
2.354600e+02 4.199100e+00
2.354800e+02 4.202400e+00
2.355000e+02 4.205600e+00
2.355200e+02 4.208800e+00
2.355400e+02 4.212000e+00
2.355600e+02 4.215200e+00
2.355800e+02 4.218300e+00
2.356000e+02 4.221400e+00
2.356200e+02 4.224400e+00
2.356400e+02 4.227400e+00
2.356600e+02 4.230400e+00
2.356800e+02 4.233400e+00
2.357000e+02 4.236300e+00
2.357200e+02 4.239200e+00
2.357400e+02 4.242100e+00
2.357600e+02 4.245000e+00
2.357800e+02 4.247800e+00
2.358000e+02 4.250600e+00
2.358200e+02 4.253300e+00
2.358400e+02 4.256000e+00
2.358600e+02 4.258700e+00
2.358800e+02 4.261400e+00
2.359000e+02 4.264000e+00
2.359200e+02 4.266600e+00
2.359400e+02 4.269200e+00
2.359600e+02 4.271800e+00
2.359800e+02 4.274300e+00
2.360000e+02 4.276700e+00
2.360200e+02 4.279200e+00
2.360400e+02 4.281600e+00
2.360600e+02 4.284000e+00
2.360800e+02 4.286400e+00
2.361000e+02 4.288700e+00
2.361200e+02 4.291000e+00
2.361400e+02 4.293300e+00
2.361600e+02 4.295500e+00
2.361800e+02 4.297700e+00
2.362000e+02 4.299900e+00
2.362200e+02 4.302000e+00
2.362400e+02 4.304200e+00
2.362600e+02 4.306200e+00
2.362800e+02 4.308300e+00
2.363000e+02 4.310300e+00
2.363200e+02 4.312300e+00
2.363400e+02 4.314300e+00
2.363600e+02 4.316200e+00
2.363800e+02 4.318100e+00
2.364000e+02 4.320000e+00
2.364200e+02 4.321800e+00
2.364400e+02 4.323600e+00
2.364600e+02 4.325400e+00
2.364800e+02 4.327200e+00
2.365000e+02 4.328900e+00
2.365200e+02 4.330600e+00
2.365400e+02 4.332200e+00
2.365600e+02 4.333800e+00
2.365800e+02 4.335400e+00
2.366000e+02 4.337000e+00
2.366200e+02 4.338500e+00
2.366400e+02 4.340000e+00
2.366600e+02 4.341500e+00
2.366800e+02 4.343000e+00
2.367000e+02 4.344400e+00
2.367200e+02 4.345700e+00
2.367400e+02 4.347100e+00
2.367600e+02 4.348400e+00
2.367800e+02 4.349700e+00
2.368000e+02 4.351000e+00
2.368200e+02 4.352200e+00
2.368400e+02 4.353400e+00
2.368600e+02 4.354500e+00
2.368800e+02 4.355700e+00
2.369000e+02 4.356800e+00
2.369200e+02 4.357900e+00
2.369400e+02 4.358900e+00
2.369600e+02 4.359900e+00
2.369800e+02 4.360900e+00
2.370000e+02 4.361800e+00
2.370200e+02 4.362700e+00
2.370400e+02 4.363600e+00
2.370600e+02 4.364500e+00
2.370800e+02 4.365300e+00
2.371000e+02 4.366100e+00
2.371200e+02 4.366900e+00
2.371400e+02 4.367600e+00
2.371600e+02 4.368300e+00
2.371800e+02 4.369000e+00
2.372000e+02 4.369600e+00
2.372200e+02 4.370200e+00
2.372400e+02 4.370800e+00
2.372600e+02 4.371300e+00
2.372800e+02 4.371900e+00
2.373000e+02 4.372400e+00
2.373200e+02 4.372800e+00
2.373400e+02 4.373200e+00
2.373600e+02 4.373600e+00
2.373800e+02 4.374000e+00
2.374000e+02 4.374300e+00
2.374200e+02 4.374600e+00
2.374400e+02 4.374900e+00
2.374600e+02 4.375100e+00
2.374800e+02 4.375300e+00
2.375000e+02 4.375500e+00
2.375200e+02 4.375700e+00
2.375400e+02 4.375800e+00
2.375600e+02 4.375900e+00
2.375800e+02 4.375900e+00
2.376000e+02 4.375900e+00
2.376200e+02 4.375900e+00
2.376400e+02 4.375900e+00
2.376600e+02 4.375800e+00
2.376800e+02 4.375700e+00
2.377000e+02 4.375600e+00
2.377200e+02 4.375400e+00
2.377400e+02 4.375200e+00
2.377600e+02 4.375000e+00
2.377800e+02 4.374700e+00
2.378000e+02 4.374500e+00
2.378200e+02 4.374100e+00
2.378400e+02 4.373800e+00
2.378600e+02 4.373400e+00
2.378800e+02 4.373000e+00
2.379000e+02 4.372600e+00
2.379200e+02 4.372100e+00
2.379400e+02 4.371600e+00
2.379600e+02 4.371100e+00
2.379800e+02 4.370500e+00
2.380000e+02 4.369900e+00
2.380200e+02 4.369300e+00
2.380400e+02 4.368600e+00
2.380600e+02 4.367900e+00
2.380800e+02 4.367200e+00
2.381000e+02 4.366500e+00
2.381200e+02 4.365700e+00
2.381400e+02 4.364900e+00
2.381600e+02 4.364000e+00
2.381800e+02 4.363200e+00
2.382000e+02 4.362300e+00
2.382200e+02 4.361300e+00
2.382400e+02 4.360400e+00
2.382600e+02 4.359400e+00
2.382800e+02 4.358300e+00
2.383000e+02 4.357300e+00
2.383200e+02 4.356200e+00
2.383400e+02 4.355100e+00
2.383600e+02 4.353900e+00
2.383800e+02 4.352800e+00
2.384000e+02 4.351500e+00
2.384200e+02 4.350300e+00
2.384400e+02 4.349000e+00
2.384600e+02 4.347700e+00
2.384800e+02 4.346400e+00
2.385000e+02 4.345000e+00
2.385200e+02 4.343600e+00
2.385400e+02 4.342200e+00
2.385600e+02 4.340800e+00
2.385800e+02 4.339300e+00
2.386000e+02 4.337800e+00
2.386200e+02 4.336200e+00
2.386400e+02 4.334600e+00
2.386600e+02 4.333000e+00
2.386800e+02 4.331400e+00
2.387000e+02 4.329700e+00
2.387200e+02 4.328000e+00
2.387400e+02 4.326300e+00
2.387600e+02 4.324500e+00
2.387800e+02 4.322700e+00
2.388000e+02 4.320900e+00
2.388200e+02 4.319100e+00
2.388400e+02 4.317200e+00
2.388600e+02 4.315300e+00
2.388800e+02 4.313300e+00
2.389000e+02 4.311300e+00
2.389200e+02 4.309300e+00
2.389400e+02 4.307300e+00
2.389600e+02 4.305200e+00
2.389800e+02 4.303100e+00
2.390000e+02 4.301000e+00
2.390200e+02 4.298900e+00
2.390400e+02 4.296700e+00
2.390600e+02 4.294500e+00
2.390800e+02 4.292200e+00
2.391000e+02 4.289900e+00
2.391200e+02 4.287600e+00
2.391400e+02 4.285300e+00
2.391600e+02 4.282900e+00
2.391800e+02 4.280500e+00
2.392000e+02 4.278100e+00
2.392200e+02 4.275600e+00
2.392400e+02 4.273100e+00
2.392600e+02 4.270600e+00
2.392800e+02 4.268100e+00
2.393000e+02 4.265500e+00
2.393200e+02 4.262900e+00
2.393400e+02 4.260200e+00
2.393600e+02 4.257600e+00
2.393800e+02 4.254900e+00
2.394000e+02 4.252100e+00
2.394200e+02 4.249400e+00
2.394400e+02 4.246600e+00
2.394600e+02 4.243800e+00
2.394800e+02 4.240900e+00
2.395000e+02 4.238000e+00
2.395200e+02 4.235100e+00
2.395400e+02 4.232200e+00
2.395600e+02 4.229200e+00
2.395800e+02 4.226200e+00
2.396000e+02 4.223200e+00
2.396200e+02 4.220100e+00
2.396400e+02 4.217000e+00
2.396600e+02 4.213900e+00
2.396800e+02 4.210800e+00
2.397000e+02 4.207600e+00
2.397200e+02 4.204400e+00
2.397400e+02 4.201100e+00
2.397600e+02 4.197900e+00
2.397800e+02 4.194600e+00
2.398000e+02 4.191200e+00
2.398200e+02 4.187900e+00
2.398400e+02 4.184500e+00
2.398600e+02 4.181100e+00
2.398800e+02 4.177600e+00
2.399000e+02 4.174200e+00
2.399200e+02 4.170700e+00
2.399400e+02 4.167100e+00
2.399600e+02 4.163600e+00
2.399800e+02 4.160000e+00
2.400000e+02 4.156400e+00
2.400200e+02 4.152700e+00
2.400400e+02 4.149000e+00
2.400600e+02 4.145300e+00
2.400800e+02 4.141600e+00
2.401000e+02 4.137800e+00
2.401200e+02 4.134000e+00
2.401400e+02 4.130200e+00
2.401600e+02 4.126300e+00
2.401800e+02 4.122500e+00
2.402000e+02 4.118500e+00
2.402200e+02 4.114600e+00
2.402400e+02 4.110600e+00
2.402600e+02 4.106600e+00
2.402800e+02 4.102600e+00
2.403000e+02 4.098600e+00
2.403200e+02 4.094500e+00
2.403400e+02 4.090400e+00
2.403600e+02 4.086200e+00
2.403800e+02 4.082000e+00
2.404000e+02 4.077800e+00
2.404200e+02 4.073600e+00
2.404400e+02 4.069400e+00
2.404600e+02 4.065100e+00
2.404800e+02 4.060800e+00
2.405000e+02 4.056400e+00
2.405200e+02 4.052100e+00
2.405400e+02 4.047700e+00
2.405600e+02 4.043200e+00
2.405800e+02 4.038800e+00
2.406000e+02 4.034300e+00
2.406200e+02 4.029800e+00
2.406400e+02 4.025200e+00
2.406600e+02 4.020700e+00
2.406800e+02 4.016100e+00
2.407000e+02 4.011400e+00
2.407200e+02 4.006800e+00
2.407400e+02 4.002100e+00
2.407600e+02 3.997400e+00
2.407800e+02 3.992700e+00
2.408000e+02 3.987900e+00
2.408200e+02 3.983100e+00
2.408400e+02 3.978300e+00
2.408600e+02 3.973400e+00
2.408800e+02 3.968600e+00
2.409000e+02 3.963700e+00
2.409200e+02 3.958700e+00
2.409400e+02 3.953800e+00
2.409600e+02 3.948800e+00
2.409800e+02 3.943800e+00
2.410000e+02 3.938700e+00
2.410200e+02 3.933700e+00
2.410400e+02 3.928600e+00
2.410600e+02 3.923400e+00
2.410800e+02 3.918300e+00
2.411000e+02 3.913100e+00
2.411200e+02 3.907900e+00
2.411400e+02 3.902700e+00
2.411600e+02 3.897400e+00
2.411800e+02 3.892100e+00
2.412000e+02 3.886800e+00
2.412200e+02 3.881400e+00
2.412400e+02 3.876100e+00
2.412600e+02 3.870700e+00
2.412800e+02 3.865200e+00
2.413000e+02 3.859800e+00
2.413200e+02 3.854300e+00
2.413400e+02 3.848800e+00
2.413600e+02 3.843300e+00
2.413800e+02 3.837700e+00
2.414000e+02 3.832100e+00
2.414200e+02 3.826500e+00
2.414400e+02 3.820900e+00
2.414600e+02 3.815200e+00
2.414800e+02 3.809500e+00
2.415000e+02 3.803800e+00
2.415200e+02 3.798000e+00
2.415400e+02 3.792300e+00
2.415600e+02 3.786500e+00
2.415800e+02 3.780600e+00
2.416000e+02 3.774800e+00
2.416200e+02 3.768900e+00
2.416400e+02 3.763000e+00
2.416600e+02 3.757100e+00
2.416800e+02 3.751100e+00
2.417000e+02 3.745100e+00
2.417200e+02 3.739100e+00
2.417400e+02 3.733100e+00
2.417600e+02 3.727000e+00
2.417800e+02 3.720900e+00
2.418000e+02 3.714800e+00
2.418200e+02 3.708600e+00
2.418400e+02 3.702500e+00
2.418600e+02 3.696300e+00
2.418800e+02 3.690100e+00
2.419000e+02 3.683800e+00
2.419200e+02 3.677500e+00
2.419400e+02 3.671200e+00
2.419600e+02 3.664900e+00
2.419800e+02 3.658600e+00
2.420000e+02 3.652200e+00
2.420200e+02 3.645800e+00
2.420400e+02 3.639400e+00
2.420600e+02 3.632900e+00
2.420800e+02 3.626400e+00
2.421000e+02 3.619900e+00
2.421200e+02 3.613400e+00
2.421400e+02 3.606800e+00
2.421600e+02 3.600300e+00
2.421800e+02 3.593700e+00
2.422000e+02 3.587000e+00
2.422200e+02 3.580400e+00
2.422400e+02 3.573700e+00
2.422600e+02 3.567000e+00
2.422800e+02 3.560200e+00
2.423000e+02 3.553500e+00
2.423200e+02 3.546700e+00
2.423400e+02 3.539900e+00
2.423600e+02 3.533100e+00
2.423800e+02 3.526200e+00
2.424000e+02 3.519300e+00
2.424200e+02 3.512400e+00
2.424400e+02 3.505500e+00
2.424600e+02 3.498600e+00
2.424800e+02 3.491600e+00
2.425000e+02 3.484600e+00
2.425200e+02 3.477500e+00
2.425400e+02 3.470500e+00
2.425600e+02 3.463400e+00
2.425800e+02 3.456300e+00
2.426000e+02 3.449200e+00
2.426200e+02 3.442000e+00
2.426400e+02 3.434900e+00
2.426600e+02 3.427700e+00
2.426800e+02 3.420500e+00
2.427000e+02 3.413200e+00
2.427200e+02 3.405900e+00
2.427400e+02 3.398700e+00
2.427600e+02 3.391300e+00
2.427800e+02 3.384000e+00
2.428000e+02 3.376600e+00
2.428200e+02 3.369300e+00
2.428400e+02 3.361800e+00
2.428600e+02 3.354400e+00
2.428800e+02 3.347000e+00
2.429000e+02 3.339500e+00
2.429200e+02 3.332000e+00
2.429400e+02 3.324400e+00
2.429600e+02 3.316900e+00
2.429800e+02 3.309300e+00
2.430000e+02 3.301700e+00
2.430200e+02 3.294100e+00
2.430400e+02 3.286500e+00
2.430600e+02 3.278800e+00
2.430800e+02 3.271100e+00
2.431000e+02 3.263400e+00
2.431200e+02 3.255700e+00
2.431400e+02 3.247900e+00
2.431600e+02 3.240100e+00
2.431800e+02 3.232300e+00
2.432000e+02 3.224500e+00
2.432200e+02 3.216700e+00
2.432400e+02 3.208800e+00
2.432600e+02 3.200900e+00
2.432800e+02 3.193000e+00
2.433000e+02 3.185000e+00
2.433200e+02 3.177100e+00
2.433400e+02 3.169100e+00
2.433600e+02 3.161100e+00
2.433800e+02 3.153100e+00
2.434000e+02 3.145000e+00
2.434200e+02 3.137000e+00
2.434400e+02 3.128900e+00
2.434600e+02 3.120800e+00
2.434800e+02 3.112600e+00
2.435000e+02 3.104500e+00
2.435200e+02 3.096300e+00
2.435400e+02 3.088100e+00
2.435600e+02 3.079900e+00
2.435800e+02 3.071600e+00
2.436000e+02 3.063400e+00
2.436200e+02 3.055100e+00
2.436400e+02 3.046800e+00
2.436600e+02 3.038500e+00
2.436800e+02 3.030100e+00
2.437000e+02 3.021700e+00
2.437200e+02 3.013400e+00
2.437400e+02 3.004900e+00
2.437600e+02 2.996500e+00
2.437800e+02 2.988100e+00
2.438000e+02 2.979600e+00
2.438200e+02 2.971100e+00
2.438400e+02 2.962600e+00
2.438600e+02 2.954100e+00
2.438800e+02 2.945500e+00
2.439000e+02 2.936900e+00
2.439200e+02 2.928300e+00
2.439400e+02 2.919700e+00
2.439600e+02 2.911100e+00
2.439800e+02 2.902400e+00
2.440000e+02 2.893700e+00
2.440200e+02 2.885000e+00
2.440400e+02 2.876300e+00
2.440600e+02 2.867600e+00
2.440800e+02 2.858800e+00
2.441000e+02 2.850100e+00
2.441200e+02 2.841300e+00
2.441400e+02 2.832500e+00
2.441600e+02 2.823600e+00
2.441800e+02 2.814800e+00
2.442000e+02 2.805900e+00
2.442200e+02 2.797000e+00
2.442400e+02 2.788100e+00
2.442600e+02 2.779200e+00
2.442800e+02 2.770200e+00
2.443000e+02 2.761200e+00
2.443200e+02 2.752200e+00
2.443400e+02 2.743200e+00
2.443600e+02 2.734200e+00
2.443800e+02 2.725200e+00
2.444000e+02 2.716100e+00
2.444200e+02 2.707000e+00
2.444400e+02 2.697900e+00
2.444600e+02 2.688800e+00
2.444800e+02 2.679600e+00
2.445000e+02 2.670500e+00
2.445200e+02 2.661300e+00
2.445400e+02 2.652100e+00
2.445600e+02 2.642900e+00
2.445800e+02 2.633700e+00
2.446000e+02 2.624400e+00
2.446200e+02 2.615100e+00
2.446400e+02 2.605800e+00
2.446600e+02 2.596500e+00
2.446800e+02 2.587200e+00
2.447000e+02 2.577900e+00
2.447200e+02 2.568500e+00
2.447400e+02 2.559100e+00
2.447600e+02 2.549700e+00
2.447800e+02 2.540300e+00
2.448000e+02 2.530900e+00
2.448200e+02 2.521500e+00
2.448400e+02 2.512000e+00
2.448600e+02 2.502500e+00
2.448800e+02 2.493000e+00
2.449000e+02 2.483500e+00
2.449200e+02 2.473900e+00
2.449400e+02 2.464400e+00
2.449600e+02 2.454800e+00
2.449800e+02 2.445200e+00
2.450000e+02 2.435600e+00
2.450200e+02 2.426000e+00
2.450400e+02 2.416400e+00
2.450600e+02 2.406700e+00
2.450800e+02 2.397100e+00
2.451000e+02 2.387400e+00
2.451200e+02 2.377700e+00
2.451400e+02 2.367900e+00
2.451600e+02 2.358200e+00
2.451800e+02 2.348500e+00
2.452000e+02 2.338700e+00
2.452200e+02 2.328900e+00
2.452400e+02 2.319100e+00
2.452600e+02 2.309300e+00
2.452800e+02 2.299400e+00
2.453000e+02 2.289600e+00
2.453200e+02 2.279700e+00
2.453400e+02 2.269900e+00
2.453600e+02 2.260000e+00
2.453800e+02 2.250000e+00
2.454000e+02 2.240100e+00
2.454200e+02 2.230200e+00
2.454400e+02 2.220200e+00
2.454600e+02 2.210200e+00
2.454800e+02 2.200200e+00
2.455000e+02 2.190200e+00
2.455200e+02 2.180200e+00
2.455400e+02 2.170200e+00
2.455600e+02 2.160100e+00
2.455800e+02 2.150100e+00
2.456000e+02 2.140000e+00
2.456200e+02 2.129900e+00
2.456400e+02 2.119800e+00
2.456600e+02 2.109700e+00
2.456800e+02 2.099500e+00
2.457000e+02 2.089400e+00
2.457200e+02 2.079200e+00
2.457400e+02 2.069000e+00
2.457600e+02 2.058800e+00
2.457800e+02 2.048600e+00
2.458000e+02 2.038400e+00
2.458200e+02 2.028200e+00
2.458400e+02 2.017900e+00
2.458600e+02 2.007600e+00
2.458800e+02 1.997400e+00
2.459000e+02 1.987100e+00
2.459200e+02 1.976800e+00
2.459400e+02 1.966400e+00
2.459600e+02 1.956100e+00
2.459800e+02 1.945700e+00
2.460000e+02 1.935400e+00
2.460200e+02 1.925000e+00
2.460400e+02 1.914600e+00
2.460600e+02 1.904200e+00
2.460800e+02 1.893800e+00
2.461000e+02 1.883400e+00
2.461200e+02 1.872900e+00
2.461400e+02 1.862500e+00
2.461600e+02 1.852000e+00
2.461800e+02 1.841500e+00
2.462000e+02 1.831100e+00
2.462200e+02 1.820600e+00
2.462400e+02 1.810000e+00
2.462600e+02 1.799500e+00
2.462800e+02 1.789000e+00
2.463000e+02 1.778400e+00
2.463200e+02 1.767900e+00
2.463400e+02 1.757300e+00
2.463600e+02 1.746700e+00
2.463800e+02 1.736100e+00
2.464000e+02 1.725500e+00
2.464200e+02 1.714900e+00
2.464400e+02 1.704200e+00
2.464600e+02 1.693600e+00
2.464800e+02 1.682900e+00
2.465000e+02 1.672200e+00
2.465200e+02 1.661600e+00
2.465400e+02 1.650900e+00
2.465600e+02 1.640200e+00
2.465800e+02 1.629400e+00
2.466000e+02 1.618700e+00
2.466200e+02 1.608000e+00
2.466400e+02 1.597200e+00
2.466600e+02 1.586500e+00
2.466800e+02 1.575700e+00
2.467000e+02 1.564900e+00
2.467200e+02 1.554100e+00
2.467400e+02 1.543300e+00
2.467600e+02 1.532500e+00
2.467800e+02 1.521700e+00
2.468000e+02 1.510900e+00
2.468200e+02 1.500000e+00
2.468400e+02 1.489200e+00
2.468600e+02 1.478300e+00
2.468800e+02 1.467400e+00
2.469000e+02 1.456600e+00
2.469200e+02 1.445700e+00
2.469400e+02 1.434800e+00
2.469600e+02 1.423800e+00
2.469800e+02 1.412900e+00
2.470000e+02 1.402000e+00
2.470200e+02 1.391100e+00
2.470400e+02 1.380100e+00
2.470600e+02 1.369100e+00
2.470800e+02 1.358200e+00
2.471000e+02 1.347200e+00
2.471200e+02 1.336200e+00
2.471400e+02 1.325200e+00
2.471600e+02 1.314200e+00
2.471800e+02 1.303200e+00
2.472000e+02 1.292200e+00
2.472200e+02 1.281100e+00
2.472400e+02 1.270100e+00
2.472600e+02 1.259100e+00
2.472800e+02 1.248000e+00
2.473000e+02 1.236900e+00
2.473200e+02 1.225900e+00
2.473400e+02 1.214800e+00
2.473600e+02 1.203700e+00
2.473800e+02 1.192600e+00
2.474000e+02 1.181500e+00
2.474200e+02 1.170400e+00
2.474400e+02 1.159300e+00
2.474600e+02 1.148100e+00
2.474800e+02 1.137000e+00
2.475000e+02 1.125800e+00
2.475200e+02 1.114700e+00
2.475400e+02 1.103500e+00
2.475600e+02 1.092400e+00
2.475800e+02 1.081200e+00
2.476000e+02 1.070000e+00
2.476200e+02 1.058800e+00
2.476400e+02 1.047600e+00
2.476600e+02 1.036400e+00
2.476800e+02 1.025200e+00
2.477000e+02 1.014000e+00
2.477200e+02 1.002800e+00
2.477400e+02 9.916000e-01
2.477600e+02 9.803000e-01
2.477800e+02 9.691000e-01
2.478000e+02 9.578000e-01
2.478200e+02 9.466000e-01
2.478400e+02 9.353000e-01
2.478600e+02 9.240000e-01
2.478800e+02 9.128000e-01
2.479000e+02 9.015000e-01
2.479200e+02 8.902000e-01
2.479400e+02 8.789000e-01
2.479600e+02 8.676000e-01
2.479800e+02 8.563000e-01
2.480000e+02 8.450000e-01
2.480200e+02 8.337000e-01
2.480400e+02 8.224000e-01
2.480600e+02 8.110000e-01
2.480800e+02 7.997000e-01
2.481000e+02 7.884000e-01
2.481200e+02 7.770000e-01
2.481400e+02 7.657000e-01
2.481600e+02 7.543000e-01
2.481800e+02 7.430000e-01
2.482000e+02 7.316000e-01
2.482200e+02 7.202000e-01
2.482400e+02 7.089000e-01
2.482600e+02 6.975000e-01
2.482800e+02 6.861000e-01
2.483000e+02 6.747000e-01
2.483200e+02 6.633000e-01
2.483400e+02 6.520000e-01
2.483600e+02 6.406000e-01
2.483800e+02 6.292000e-01
2.484000e+02 6.177000e-01
2.484200e+02 6.063000e-01
2.484400e+02 5.949000e-01
2.484600e+02 5.835000e-01
2.484800e+02 5.721000e-01
2.485000e+02 5.607000e-01
2.485200e+02 5.492000e-01
2.485400e+02 5.378000e-01
2.485600e+02 5.264000e-01
2.485800e+02 5.149000e-01
2.486000e+02 5.035000e-01
2.486200e+02 4.920000e-01
2.486400e+02 4.806000e-01
2.486600e+02 4.691000e-01
2.486800e+02 4.577000e-01
2.487000e+02 4.462000e-01
2.487200e+02 4.348000e-01
2.487400e+02 4.233000e-01
2.487600e+02 4.118000e-01
2.487800e+02 4.004000e-01
2.488000e+02 3.889000e-01
2.488200e+02 3.774000e-01
2.488400e+02 3.660000e-01
2.488600e+02 3.545000e-01
2.488800e+02 3.430000e-01
2.489000e+02 3.315000e-01
2.489200e+02 3.200000e-01
2.489400e+02 3.086000e-01
2.489600e+02 2.971000e-01
2.489800e+02 2.856000e-01
2.490000e+02 2.741000e-01
2.490200e+02 2.626000e-01
2.490400e+02 2.511000e-01
2.490600e+02 2.396000e-01
2.490800e+02 2.281000e-01
2.491000e+02 2.166000e-01
2.491200e+02 2.051000e-01
2.491400e+02 1.936000e-01
2.491600e+02 1.821000e-01
2.491800e+02 1.706000e-01
2.492000e+02 1.591000e-01
2.492200e+02 1.476000e-01
2.492400e+02 1.361000e-01
2.492600e+02 1.246000e-01
2.492800e+02 1.131000e-01
2.493000e+02 1.016000e-01
2.493200e+02 9.010000e-02
2.493400e+02 7.860000e-02
2.493600e+02 6.710000e-02
2.493800e+02 5.560000e-02
2.494000e+02 4.410000e-02
2.494200e+02 3.260000e-02
2.494400e+02 2.110000e-02
2.494600e+02 9.600000e-03
2.494800e+02 -1.900000e-03
2.495000e+02 -1.340000e-02
2.495200e+02 -2.490000e-02
2.495400e+02 -3.640000e-02
2.495600e+02 -4.790000e-02
2.495800e+02 -5.940000e-02
2.496000e+02 -7.090000e-02
2.496200e+02 -8.240000e-02
2.496400e+02 -9.390000e-02
2.496600e+02 -1.054000e-01
2.496800e+02 -1.169000e-01
2.497000e+02 -1.284000e-01
2.497200e+02 -1.399000e-01
2.497400e+02 -1.513000e-01
2.497600e+02 -1.628000e-01
2.497800e+02 -1.743000e-01
2.498000e+02 -1.858000e-01
2.498200e+02 -1.973000e-01
2.498400e+02 -2.088000e-01
2.498600e+02 -2.202000e-01
2.498800e+02 -2.317000e-01
2.499000e+02 -2.432000e-01
2.499200e+02 -2.547000e-01
2.499400e+02 -2.661000e-01
2.499600e+02 -2.776000e-01
2.499800e+02 -2.891000e-01
2.500000e+02 -3.005000e-01
2.500200e+02 -3.120000e-01
2.500400e+02 -3.234000e-01
2.500600e+02 -3.349000e-01
2.500800e+02 -3.464000e-01
2.501000e+02 -3.578000e-01
2.501200e+02 -3.692000e-01
2.501400e+02 -3.807000e-01
2.501600e+02 -3.921000e-01
2.501800e+02 -4.036000e-01
2.502000e+02 -4.150000e-01
2.502200e+02 -4.264000e-01
2.502400e+02 -4.378000e-01
2.502600e+02 -4.493000e-01
2.502800e+02 -4.607000e-01
2.503000e+02 -4.721000e-01
2.503200e+02 -4.835000e-01
2.503400e+02 -4.949000e-01
2.503600e+02 -5.063000e-01
2.503800e+02 -5.177000e-01
2.504000e+02 -5.291000e-01
2.504200e+02 -5.405000e-01
2.504400e+02 -5.519000e-01
2.504600e+02 -5.633000e-01
2.504800e+02 -5.747000e-01
2.505000e+02 -5.860000e-01
2.505200e+02 -5.974000e-01
2.505400e+02 -6.088000e-01
2.505600e+02 -6.201000e-01
2.505800e+02 -6.315000e-01
2.506000e+02 -6.428000e-01
2.506200e+02 -6.542000e-01
2.506400e+02 -6.655000e-01
2.506600e+02 -6.768000e-01
2.506800e+02 -6.882000e-01
2.507000e+02 -6.995000e-01
2.507200e+02 -7.108000e-01
2.507400e+02 -7.221000e-01
2.507600e+02 -7.334000e-01
2.507800e+02 -7.447000e-01
2.508000e+02 -7.560000e-01
2.508200e+02 -7.673000e-01
2.508400e+02 -7.786000e-01
2.508600e+02 -7.899000e-01
2.508800e+02 -8.012000e-01
2.509000e+02 -8.124000e-01
2.509200e+02 -8.237000e-01
2.509400e+02 -8.349000e-01
2.509600e+02 -8.462000e-01
2.509800e+02 -8.574000e-01
2.510000e+02 -8.687000e-01
2.510200e+02 -8.799000e-01
2.510400e+02 -8.911000e-01
2.510600e+02 -9.023000e-01
2.510800e+02 -9.135000e-01
2.511000e+02 -9.247000e-01
2.511200e+02 -9.359000e-01
2.511400e+02 -9.471000e-01
2.511600e+02 -9.583000e-01
2.511800e+02 -9.695000e-01
2.512000e+02 -9.806000e-01
2.512200e+02 -9.918000e-01
2.512400e+02 -1.003000e+00
2.512600e+02 -1.014100e+00
2.512800e+02 -1.025200e+00
2.513000e+02 -1.036400e+00
2.513200e+02 -1.047500e+00
2.513400e+02 -1.058600e+00
2.513600e+02 -1.069700e+00
2.513800e+02 -1.080800e+00
2.514000e+02 -1.091900e+00
2.514200e+02 -1.103000e+00
2.514400e+02 -1.114000e+00
2.514600e+02 -1.125100e+00
2.514800e+02 -1.136200e+00
2.515000e+02 -1.147200e+00
2.515200e+02 -1.158300e+00
2.515400e+02 -1.169300e+00
2.515600e+02 -1.180300e+00
2.515800e+02 -1.191300e+00
2.516000e+02 -1.202300e+00
2.516200e+02 -1.213300e+00
2.516400e+02 -1.224300e+00
2.516600e+02 -1.235300e+00
2.516800e+02 -1.246300e+00
2.517000e+02 -1.257200e+00
2.517200e+02 -1.268200e+00
2.517400e+02 -1.279100e+00
2.517600e+02 -1.290000e+00
2.517800e+02 -1.301000e+00
2.518000e+02 -1.311900e+00
2.518200e+02 -1.322800e+00
2.518400e+02 -1.333700e+00
2.518600e+02 -1.344600e+00
2.518800e+02 -1.355400e+00
2.519000e+02 -1.366300e+00
2.519200e+02 -1.377100e+00
2.519400e+02 -1.388000e+00
2.519600e+02 -1.398800e+00
2.519800e+02 -1.409600e+00
2.520000e+02 -1.420500e+00
2.520200e+02 -1.431300e+00
2.520400e+02 -1.442100e+00
2.520600e+02 -1.452800e+00
2.520800e+02 -1.463600e+00
2.521000e+02 -1.474400e+00
2.521200e+02 -1.485100e+00
2.521400e+02 -1.495800e+00
2.521600e+02 -1.506600e+00
2.521800e+02 -1.517300e+00
2.522000e+02 -1.528000e+00
2.522200e+02 -1.538700e+00
2.522400e+02 -1.549400e+00
2.522600e+02 -1.560000e+00
2.522800e+02 -1.570700e+00
2.523000e+02 -1.581300e+00
2.523200e+02 -1.592000e+00
2.523400e+02 -1.602600e+00
2.523600e+02 -1.613200e+00
2.523800e+02 -1.623800e+00
2.524000e+02 -1.634400e+00
2.524200e+02 -1.645000e+00
2.524400e+02 -1.655500e+00
2.524600e+02 -1.666100e+00
2.524800e+02 -1.676600e+00
2.525000e+02 -1.687200e+00
2.525200e+02 -1.697700e+00
2.525400e+02 -1.708200e+00
2.525600e+02 -1.718700e+00
2.525800e+02 -1.729200e+00
2.526000e+02 -1.739600e+00
2.526200e+02 -1.750100e+00
2.526400e+02 -1.760500e+00
2.526600e+02 -1.770900e+00
2.526800e+02 -1.781400e+00
2.527000e+02 -1.791800e+00
2.527200e+02 -1.802100e+00
2.527400e+02 -1.812500e+00
2.527600e+02 -1.822900e+00
2.527800e+02 -1.833200e+00
2.528000e+02 -1.843600e+00
2.528200e+02 -1.853900e+00
2.528400e+02 -1.864200e+00
2.528600e+02 -1.874500e+00
2.528800e+02 -1.884800e+00
2.529000e+02 -1.895000e+00
2.529200e+02 -1.905300e+00
2.529400e+02 -1.915500e+00
2.529600e+02 -1.925700e+00
2.529800e+02 -1.935900e+00
2.530000e+02 -1.946100e+00
2.530200e+02 -1.956300e+00
2.530400e+02 -1.966500e+00
2.530600e+02 -1.976600e+00
2.530800e+02 -1.986800e+00
2.531000e+02 -1.996900e+00
2.531200e+02 -2.007000e+00
2.531400e+02 -2.017100e+00
2.531600e+02 -2.027200e+00
2.531800e+02 -2.037300e+00
2.532000e+02 -2.047300e+00
2.532200e+02 -2.057400e+00
2.532400e+02 -2.067400e+00
2.532600e+02 -2.077400e+00
2.532800e+02 -2.087400e+00
2.533000e+02 -2.097300e+00
2.533200e+02 -2.107300e+00
2.533400e+02 -2.117200e+00
2.533600e+02 -2.127200e+00
2.533800e+02 -2.137100e+00
2.534000e+02 -2.147000e+00
2.534200e+02 -2.156900e+00
2.534400e+02 -2.166700e+00
2.534600e+02 -2.176600e+00
2.534800e+02 -2.186400e+00
2.535000e+02 -2.196300e+00
2.535200e+02 -2.206100e+00
2.535400e+02 -2.215800e+00
2.535600e+02 -2.225600e+00
2.535800e+02 -2.235400e+00
2.536000e+02 -2.245100e+00
2.536200e+02 -2.254800e+00
2.536400e+02 -2.264500e+00
2.536600e+02 -2.274200e+00
2.536800e+02 -2.283900e+00
2.537000e+02 -2.293600e+00
2.537200e+02 -2.303200e+00
2.537400e+02 -2.312800e+00
2.537600e+02 -2.322400e+00
2.537800e+02 -2.332000e+00
2.538000e+02 -2.341600e+00
2.538200e+02 -2.351200e+00
2.538400e+02 -2.360700e+00
2.538600e+02 -2.370200e+00
2.538800e+02 -2.379700e+00
2.539000e+02 -2.389200e+00
2.539200e+02 -2.398700e+00
2.539400e+02 -2.408200e+00
2.539600e+02 -2.417600e+00
2.539800e+02 -2.427000e+00
2.540000e+02 -2.436400e+00
2.540200e+02 -2.445800e+00
2.540400e+02 -2.455200e+00
2.540600e+02 -2.464500e+00
2.540800e+02 -2.473900e+00
2.541000e+02 -2.483200e+00
2.541200e+02 -2.492500e+00
2.541400e+02 -2.501700e+00
2.541600e+02 -2.511000e+00
2.541800e+02 -2.520200e+00
2.542000e+02 -2.529500e+00
2.542200e+02 -2.538700e+00
2.542400e+02 -2.547900e+00
2.542600e+02 -2.557000e+00
2.542800e+02 -2.566200e+00
2.543000e+02 -2.575300e+00
2.543200e+02 -2.584400e+00
2.543400e+02 -2.593500e+00
2.543600e+02 -2.602600e+00
2.543800e+02 -2.611700e+00
2.544000e+02 -2.620700e+00
2.544200e+02 -2.629700e+00
2.544400e+02 -2.638700e+00
2.544600e+02 -2.647700e+00
2.544800e+02 -2.656700e+00
2.545000e+02 -2.665600e+00
2.545200e+02 -2.674500e+00
2.545400e+02 -2.683500e+00
2.545600e+02 -2.692300e+00
2.545800e+02 -2.701200e+00
2.546000e+02 -2.710100e+00
2.546200e+02 -2.718900e+00
2.546400e+02 -2.727700e+00
2.546600e+02 -2.736500e+00
2.546800e+02 -2.745300e+00
2.547000e+02 -2.754000e+00
2.547200e+02 -2.762700e+00
2.547400e+02 -2.771400e+00
2.547600e+02 -2.780100e+00
2.547800e+02 -2.788800e+00
2.548000e+02 -2.797500e+00
2.548200e+02 -2.806100e+00
2.548400e+02 -2.814700e+00
2.548600e+02 -2.823300e+00
2.548800e+02 -2.831900e+00
2.549000e+02 -2.840400e+00
2.549200e+02 -2.848900e+00
2.549400e+02 -2.857500e+00
2.549600e+02 -2.865900e+00
2.549800e+02 -2.874400e+00
2.550000e+02 -2.882900e+00
2.550200e+02 -2.891300e+00
2.550400e+02 -2.899700e+00
2.550600e+02 -2.908100e+00
2.550800e+02 -2.916400e+00
2.551000e+02 -2.924800e+00
2.551200e+02 -2.933100e+00
2.551400e+02 -2.941400e+00
2.551600e+02 -2.949700e+00
2.551800e+02 -2.957900e+00
2.552000e+02 -2.966200e+00
2.552200e+02 -2.974400e+00
2.552400e+02 -2.982600e+00
2.552600e+02 -2.990800e+00
2.552800e+02 -2.998900e+00
2.553000e+02 -3.007100e+00
2.553200e+02 -3.015200e+00
2.553400e+02 -3.023200e+00
2.553600e+02 -3.031300e+00
2.553800e+02 -3.039400e+00
2.554000e+02 -3.047400e+00
2.554200e+02 -3.055400e+00
2.554400e+02 -3.063400e+00
2.554600e+02 -3.071300e+00
2.554800e+02 -3.079200e+00
2.555000e+02 -3.087200e+00
2.555200e+02 -3.095100e+00
2.555400e+02 -3.102900e+00
2.555600e+02 -3.110800e+00
2.555800e+02 -3.118600e+00
2.556000e+02 -3.126400e+00
2.556200e+02 -3.134200e+00
2.556400e+02 -3.141900e+00
2.556600e+02 -3.149700e+00
2.556800e+02 -3.157400e+00
2.557000e+02 -3.165100e+00
2.557200e+02 -3.172700e+00
2.557400e+02 -3.180400e+00
2.557600e+02 -3.188000e+00
2.557800e+02 -3.195600e+00
2.558000e+02 -3.203100e+00
2.558200e+02 -3.210700e+00
2.558400e+02 -3.218200e+00
2.558600e+02 -3.225700e+00
2.558800e+02 -3.233200e+00
2.559000e+02 -3.240700e+00
2.559200e+02 -3.248100e+00
2.559400e+02 -3.255500e+00
2.559600e+02 -3.262900e+00
2.559800e+02 -3.270300e+00
2.560000e+02 -3.277600e+00
2.560200e+02 -3.284900e+00
2.560400e+02 -3.292200e+00
2.560600e+02 -3.299500e+00
2.560800e+02 -3.306700e+00
2.561000e+02 -3.314000e+00
2.561200e+02 -3.321200e+00
2.561400e+02 -3.328300e+00
2.561600e+02 -3.335500e+00
2.561800e+02 -3.342600e+00
2.562000e+02 -3.349700e+00
2.562200e+02 -3.356800e+00
2.562400e+02 -3.363900e+00
2.562600e+02 -3.370900e+00
2.562800e+02 -3.377900e+00
2.563000e+02 -3.384900e+00
2.563200e+02 -3.391800e+00
2.563400e+02 -3.398800e+00
2.563600e+02 -3.405700e+00
2.563800e+02 -3.412600e+00
2.564000e+02 -3.419400e+00
2.564200e+02 -3.426300e+00
2.564400e+02 -3.433100e+00
2.564600e+02 -3.439900e+00
2.564800e+02 -3.446600e+00
2.565000e+02 -3.453400e+00
2.565200e+02 -3.460100e+00
2.565400e+02 -3.466800e+00
2.565600e+02 -3.473400e+00
2.565800e+02 -3.480100e+00
2.566000e+02 -3.486700e+00
2.566200e+02 -3.493300e+00
2.566400e+02 -3.499900e+00
2.566600e+02 -3.506400e+00
2.566800e+02 -3.512900e+00
2.567000e+02 -3.519400e+00
2.567200e+02 -3.525900e+00
2.567400e+02 -3.532300e+00
2.567600e+02 -3.538700e+00
2.567800e+02 -3.545100e+00
2.568000e+02 -3.551500e+00
2.568200e+02 -3.557800e+00
2.568400e+02 -3.564100e+00
2.568600e+02 -3.570400e+00
2.568800e+02 -3.576700e+00
2.569000e+02 -3.582900e+00
2.569200e+02 -3.589100e+00
2.569400e+02 -3.595300e+00
2.569600e+02 -3.601500e+00
2.569800e+02 -3.607600e+00
2.570000e+02 -3.613700e+00
2.570200e+02 -3.619800e+00
2.570400e+02 -3.625900e+00
2.570600e+02 -3.631900e+00
2.570800e+02 -3.637900e+00
2.571000e+02 -3.643900e+00
2.571200e+02 -3.649800e+00
2.571400e+02 -3.655800e+00
2.571600e+02 -3.661700e+00
2.571800e+02 -3.667500e+00
2.572000e+02 -3.673400e+00
2.572200e+02 -3.679200e+00
2.572400e+02 -3.685000e+00
2.572600e+02 -3.690800e+00
2.572800e+02 -3.696500e+00
2.573000e+02 -3.702300e+00
2.573200e+02 -3.707900e+00
2.573400e+02 -3.713600e+00
2.573600e+02 -3.719200e+00
2.573800e+02 -3.724900e+00
2.574000e+02 -3.730400e+00
2.574200e+02 -3.736000e+00
2.574400e+02 -3.741500e+00
2.574600e+02 -3.747000e+00
2.574800e+02 -3.752500e+00
2.575000e+02 -3.758000e+00
2.575200e+02 -3.763400e+00
2.575400e+02 -3.768800e+00
2.575600e+02 -3.774200e+00
2.575800e+02 -3.779500e+00
2.576000e+02 -3.784800e+00
2.576200e+02 -3.790100e+00
2.576400e+02 -3.795400e+00
2.576600e+02 -3.800600e+00
2.576800e+02 -3.805900e+00
2.577000e+02 -3.811000e+00
2.577200e+02 -3.816200e+00
2.577400e+02 -3.821300e+00
2.577600e+02 -3.826400e+00
2.577800e+02 -3.831500e+00
2.578000e+02 -3.836600e+00
2.578200e+02 -3.841600e+00
2.578400e+02 -3.846600e+00
2.578600e+02 -3.851500e+00
2.578800e+02 -3.856500e+00
2.579000e+02 -3.861400e+00
2.579200e+02 -3.866300e+00
2.579400e+02 -3.871100e+00
2.579600e+02 -3.876000e+00
2.579800e+02 -3.880800e+00
2.580000e+02 -3.885500e+00
2.580200e+02 -3.890300e+00
2.580400e+02 -3.895000e+00
2.580600e+02 -3.899700e+00
2.580800e+02 -3.904400e+00
2.581000e+02 -3.909000e+00
2.581200e+02 -3.913600e+00
2.581400e+02 -3.918200e+00
2.581600e+02 -3.922700e+00
2.581800e+02 -3.927300e+00
2.582000e+02 -3.931800e+00
2.582200e+02 -3.936200e+00
2.582400e+02 -3.940700e+00
2.582600e+02 -3.945100e+00
2.582800e+02 -3.949500e+00
2.583000e+02 -3.953800e+00
2.583200e+02 -3.958100e+00
2.583400e+02 -3.962400e+00
2.583600e+02 -3.966700e+00
2.583800e+02 -3.971000e+00
2.584000e+02 -3.975200e+00
2.584200e+02 -3.979400e+00
2.584400e+02 -3.983500e+00
2.584600e+02 -3.987600e+00
2.584800e+02 -3.991700e+00
2.585000e+02 -3.995800e+00
2.585200e+02 -3.999900e+00
2.585400e+02 -4.003900e+00
2.585600e+02 -4.007900e+00
2.585800e+02 -4.011800e+00
2.586000e+02 -4.015800e+00
2.586200e+02 -4.019700e+00
2.586400e+02 -4.023500e+00
2.586600e+02 -4.027400e+00
2.586800e+02 -4.031200e+00
2.587000e+02 -4.035000e+00
2.587200e+02 -4.038700e+00
2.587400e+02 -4.042500e+00
2.587600e+02 -4.046200e+00
2.587800e+02 -4.049800e+00
2.588000e+02 -4.053500e+00
2.588200e+02 -4.057100e+00
2.588400e+02 -4.060700e+00
2.588600e+02 -4.064200e+00
2.588800e+02 -4.067800e+00
2.589000e+02 -4.071300e+00
2.589200e+02 -4.074700e+00
2.589400e+02 -4.078200e+00
2.589600e+02 -4.081600e+00
2.589800e+02 -4.085000e+00
2.590000e+02 -4.088300e+00
2.590200e+02 -4.091700e+00
2.590400e+02 -4.094900e+00
2.590600e+02 -4.098200e+00
2.590800e+02 -4.101500e+00
2.591000e+02 -4.104700e+00
2.591200e+02 -4.107800e+00
2.591400e+02 -4.111000e+00
2.591600e+02 -4.114100e+00
2.591800e+02 -4.117200e+00
2.592000e+02 -4.120300e+00
2.592200e+02 -4.123300e+00
2.592400e+02 -4.126300e+00
2.592600e+02 -4.129300e+00
2.592800e+02 -4.132200e+00
2.593000e+02 -4.135100e+00
2.593200e+02 -4.138000e+00
2.593400e+02 -4.140900e+00
2.593600e+02 -4.143700e+00
2.593800e+02 -4.146500e+00
2.594000e+02 -4.149300e+00
2.594200e+02 -4.152000e+00
2.594400e+02 -4.154700e+00
2.594600e+02 -4.157400e+00
2.594800e+02 -4.160000e+00
2.595000e+02 -4.162700e+00
2.595200e+02 -4.165300e+00
2.595400e+02 -4.167800e+00
2.595600e+02 -4.170400e+00
2.595800e+02 -4.172900e+00
2.596000e+02 -4.175300e+00
2.596200e+02 -4.177800e+00
2.596400e+02 -4.180200e+00
2.596600e+02 -4.182600e+00
2.596800e+02 -4.184900e+00
2.597000e+02 -4.187300e+00
2.597200e+02 -4.189500e+00
2.597400e+02 -4.191800e+00
2.597600e+02 -4.194000e+00
2.597800e+02 -4.196300e+00
2.598000e+02 -4.198400e+00
2.598200e+02 -4.200600e+00
2.598400e+02 -4.202700e+00
2.598600e+02 -4.204800e+00
2.598800e+02 -4.206800e+00
2.599000e+02 -4.208900e+00
2.599200e+02 -4.210900e+00
2.599400e+02 -4.212800e+00
2.599600e+02 -4.214800e+00
2.599800e+02 -4.216700e+00
2.600000e+02 -4.218600e+00
2.600200e+02 -4.220400e+00
2.600400e+02 -4.222200e+00
2.600600e+02 -4.224000e+00
2.600800e+02 -4.225800e+00
2.601000e+02 -4.227500e+00
2.601200e+02 -4.229200e+00
2.601400e+02 -4.230900e+00
2.601600e+02 -4.232500e+00
2.601800e+02 -4.234100e+00
2.602000e+02 -4.235700e+00
2.602200e+02 -4.237200e+00
2.602400e+02 -4.238800e+00
2.602600e+02 -4.240200e+00
2.602800e+02 -4.241700e+00
2.603000e+02 -4.243100e+00
2.603200e+02 -4.244500e+00
2.603400e+02 -4.245900e+00
2.603600e+02 -4.247200e+00
2.603800e+02 -4.248600e+00
2.604000e+02 -4.249800e+00
2.604200e+02 -4.251100e+00
2.604400e+02 -4.252300e+00
2.604600e+02 -4.253500e+00
2.604800e+02 -4.254600e+00
2.605000e+02 -4.255800e+00
2.605200e+02 -4.256900e+00
2.605400e+02 -4.257900e+00
2.605600e+02 -4.259000e+00
2.605800e+02 -4.260000e+00
2.606000e+02 -4.261000e+00
2.606200e+02 -4.261900e+00
2.606400e+02 -4.262800e+00
2.606600e+02 -4.263700e+00
2.606800e+02 -4.264600e+00
2.607000e+02 -4.265400e+00
2.607200e+02 -4.266200e+00
2.607400e+02 -4.267000e+00
2.607600e+02 -4.267700e+00
2.607800e+02 -4.268400e+00
2.608000e+02 -4.269100e+00
2.608200e+02 -4.269700e+00
2.608400e+02 -4.270400e+00
2.608600e+02 -4.270900e+00
2.608800e+02 -4.271500e+00
2.609000e+02 -4.272000e+00
2.609200e+02 -4.272500e+00
2.609400e+02 -4.273000e+00
2.609600e+02 -4.273400e+00
2.609800e+02 -4.273800e+00
2.610000e+02 -4.274200e+00
2.610200e+02 -4.274500e+00
2.610400e+02 -4.274900e+00
2.610600e+02 -4.275100e+00
2.610800e+02 -4.275400e+00
2.611000e+02 -4.275600e+00
2.611200e+02 -4.275800e+00
2.611400e+02 -4.276000e+00
2.611600e+02 -4.276100e+00
2.611800e+02 -4.276200e+00
2.612000e+02 -4.276300e+00
2.612200e+02 -4.276300e+00
2.612400e+02 -4.276300e+00
2.612600e+02 -4.276300e+00
2.612800e+02 -4.276300e+00
2.613000e+02 -4.276200e+00
2.613200e+02 -4.276100e+00
2.613400e+02 -4.275900e+00
2.613600e+02 -4.275800e+00
2.613800e+02 -4.275600e+00
2.614000e+02 -4.275300e+00
2.614200e+02 -4.275100e+00
2.614400e+02 -4.274800e+00
2.614600e+02 -4.274500e+00
2.614800e+02 -4.274100e+00
2.615000e+02 -4.273700e+00
2.615200e+02 -4.273300e+00
2.615400e+02 -4.272900e+00
2.615600e+02 -4.272400e+00
2.615800e+02 -4.271900e+00
2.616000e+02 -4.271400e+00
2.616200e+02 -4.270800e+00
2.616400e+02 -4.270200e+00
2.616600e+02 -4.269600e+00
2.616800e+02 -4.268900e+00
2.617000e+02 -4.268300e+00
2.617200e+02 -4.267600e+00
2.617400e+02 -4.266800e+00
2.617600e+02 -4.266000e+00
2.617800e+02 -4.265200e+00
2.618000e+02 -4.264400e+00
2.618200e+02 -4.263500e+00
2.618400e+02 -4.262600e+00
2.618600e+02 -4.261700e+00
2.618800e+02 -4.260800e+00
2.619000e+02 -4.259800e+00
2.619200e+02 -4.258800e+00
2.619400e+02 -4.257700e+00
2.619600e+02 -4.256600e+00
2.619800e+02 -4.255500e+00
2.620000e+02 -4.254400e+00
2.620200e+02 -4.253200e+00
2.620400e+02 -4.252000e+00
2.620600e+02 -4.250800e+00
2.620800e+02 -4.249600e+00
2.621000e+02 -4.248300e+00
2.621200e+02 -4.246900e+00
2.621400e+02 -4.245600e+00
2.621600e+02 -4.244200e+00
2.621800e+02 -4.242800e+00
2.622000e+02 -4.241400e+00
2.622200e+02 -4.239900e+00
2.622400e+02 -4.238400e+00
2.622600e+02 -4.236900e+00
2.622800e+02 -4.235300e+00
2.623000e+02 -4.233800e+00
2.623200e+02 -4.232100e+00
2.623400e+02 -4.230500e+00
2.623600e+02 -4.228800e+00
2.623800e+02 -4.227100e+00
2.624000e+02 -4.225400e+00
2.624200e+02 -4.223600e+00
2.624400e+02 -4.221800e+00
2.624600e+02 -4.220000e+00
2.624800e+02 -4.218100e+00
2.625000e+02 -4.216300e+00
2.625200e+02 -4.214300e+00
2.625400e+02 -4.212400e+00
2.625600e+02 -4.210400e+00
2.625800e+02 -4.208400e+00
2.626000e+02 -4.206400e+00
2.626200e+02 -4.204300e+00
2.626400e+02 -4.202200e+00
2.626600e+02 -4.200100e+00
2.626800e+02 -4.198000e+00
2.627000e+02 -4.195800e+00
2.627200e+02 -4.193600e+00
2.627400e+02 -4.191300e+00
2.627600e+02 -4.189100e+00
2.627800e+02 -4.186800e+00
2.628000e+02 -4.184400e+00
2.628200e+02 -4.182100e+00
2.628400e+02 -4.179700e+00
2.628600e+02 -4.177300e+00
2.628800e+02 -4.174800e+00
2.629000e+02 -4.172300e+00
2.629200e+02 -4.169800e+00
2.629400e+02 -4.167300e+00
2.629600e+02 -4.164700e+00
2.629800e+02 -4.162100e+00
2.630000e+02 -4.159500e+00
2.630200e+02 -4.156900e+00
2.630400e+02 -4.154200e+00
2.630600e+02 -4.151500e+00
2.630800e+02 -4.148700e+00
2.631000e+02 -4.146000e+00
2.631200e+02 -4.143200e+00
2.631400e+02 -4.140300e+00
2.631600e+02 -4.137500e+00
2.631800e+02 -4.134600e+00
2.632000e+02 -4.131700e+00
2.632200e+02 -4.128700e+00
2.632400e+02 -4.125800e+00
2.632600e+02 -4.122800e+00
2.632800e+02 -4.119700e+00
2.633000e+02 -4.116700e+00
2.633200e+02 -4.113600e+00
2.633400e+02 -4.110500e+00
2.633600e+02 -4.107300e+00
2.633800e+02 -4.104200e+00
2.634000e+02 -4.101000e+00
2.634200e+02 -4.097700e+00
2.634400e+02 -4.094500e+00
2.634600e+02 -4.091200e+00
2.634800e+02 -4.087800e+00
2.635000e+02 -4.084500e+00
2.635200e+02 -4.081100e+00
2.635400e+02 -4.077700e+00
2.635600e+02 -4.074300e+00
2.635800e+02 -4.070800e+00
2.636000e+02 -4.067300e+00
2.636200e+02 -4.063800e+00
2.636400e+02 -4.060300e+00
2.636600e+02 -4.056700e+00
2.636800e+02 -4.053100e+00
2.637000e+02 -4.049400e+00
2.637200e+02 -4.045800e+00
2.637400e+02 -4.042100e+00
2.637600e+02 -4.038400e+00
2.637800e+02 -4.034600e+00
2.638000e+02 -4.030900e+00
2.638200e+02 -4.027000e+00
2.638400e+02 -4.023200e+00
2.638600e+02 -4.019400e+00
2.638800e+02 -4.015500e+00
2.639000e+02 -4.011500e+00
2.639200e+02 -4.007600e+00
2.639400e+02 -4.003600e+00
2.639600e+02 -3.999600e+00
2.639800e+02 -3.995600e+00
2.640000e+02 -3.991500e+00
2.640200e+02 -3.987500e+00
2.640400e+02 -3.983300e+00
2.640600e+02 -3.979200e+00
2.640800e+02 -3.975000e+00
2.641000e+02 -3.970800e+00
2.641200e+02 -3.966600e+00
2.641400e+02 -3.962400e+00
2.641600e+02 -3.958100e+00
2.641800e+02 -3.953800e+00
2.642000e+02 -3.949400e+00
2.642200e+02 -3.945100e+00
2.642400e+02 -3.940700e+00
2.642600e+02 -3.936200e+00
2.642800e+02 -3.931800e+00
2.643000e+02 -3.927300e+00
2.643200e+02 -3.922800e+00
2.643400e+02 -3.918300e+00
2.643600e+02 -3.913700e+00
2.643800e+02 -3.909100e+00
2.644000e+02 -3.904500e+00
2.644200e+02 -3.899900e+00
2.644400e+02 -3.895200e+00
2.644600e+02 -3.890500e+00
2.644800e+02 -3.885800e+00
2.645000e+02 -3.881100e+00
2.645200e+02 -3.876300e+00
2.645400e+02 -3.871500e+00
2.645600e+02 -3.866600e+00
2.645800e+02 -3.861800e+00
2.646000e+02 -3.856900e+00
2.646200e+02 -3.852000e+00
2.646400e+02 -3.847000e+00
2.646600e+02 -3.842100e+00
2.646800e+02 -3.837100e+00
2.647000e+02 -3.832100e+00
2.647200e+02 -3.827000e+00
2.647400e+02 -3.821900e+00
2.647600e+02 -3.816800e+00
2.647800e+02 -3.811700e+00
2.648000e+02 -3.806600e+00
2.648200e+02 -3.801400e+00
2.648400e+02 -3.796200e+00
2.648600e+02 -3.790900e+00
2.648800e+02 -3.785700e+00
2.649000e+02 -3.780400e+00
2.649200e+02 -3.775100e+00
2.649400e+02 -3.769700e+00
2.649600e+02 -3.764300e+00
2.649800e+02 -3.759000e+00
2.650000e+02 -3.753500e+00
2.650200e+02 -3.748100e+00
2.650400e+02 -3.742600e+00
2.650600e+02 -3.737100e+00
2.650800e+02 -3.731600e+00
2.651000e+02 -3.726000e+00
2.651200e+02 -3.720400e+00
2.651400e+02 -3.714800e+00
2.651600e+02 -3.709200e+00
2.651800e+02 -3.703600e+00
2.652000e+02 -3.697900e+00
2.652200e+02 -3.692200e+00
2.652400e+02 -3.686400e+00
2.652600e+02 -3.680700e+00
2.652800e+02 -3.674900e+00
2.653000e+02 -3.669100e+00
2.653200e+02 -3.663200e+00
2.653400e+02 -3.657400e+00
2.653600e+02 -3.651500e+00
2.653800e+02 -3.645600e+00
2.654000e+02 -3.639600e+00
2.654200e+02 -3.633600e+00
2.654400e+02 -3.627600e+00
2.654600e+02 -3.621600e+00
2.654800e+02 -3.615600e+00
2.655000e+02 -3.609500e+00
2.655200e+02 -3.603400e+00
2.655400e+02 -3.597300e+00
2.655600e+02 -3.591200e+00
2.655800e+02 -3.585000e+00
2.656000e+02 -3.578800e+00
2.656200e+02 -3.572600e+00
2.656400e+02 -3.566300e+00
2.656600e+02 -3.560100e+00
2.656800e+02 -3.553800e+00
2.657000e+02 -3.547400e+00
2.657200e+02 -3.541100e+00
2.657400e+02 -3.534700e+00
2.657600e+02 -3.528300e+00
2.657800e+02 -3.521900e+00
2.658000e+02 -3.515500e+00
2.658200e+02 -3.509000e+00
2.658400e+02 -3.502500e+00
2.658600e+02 -3.496000e+00
2.658800e+02 -3.489500e+00
2.659000e+02 -3.482900e+00
2.659200e+02 -3.476300e+00
2.659400e+02 -3.469700e+00
2.659600e+02 -3.463100e+00
2.659800e+02 -3.456400e+00
2.660000e+02 -3.449700e+00
2.660200e+02 -3.443000e+00
2.660400e+02 -3.436300e+00
2.660600e+02 -3.429500e+00
2.660800e+02 -3.422700e+00
2.661000e+02 -3.415900e+00
2.661200e+02 -3.409100e+00
2.661400e+02 -3.402200e+00
2.661600e+02 -3.395300e+00
2.661800e+02 -3.388400e+00
2.662000e+02 -3.381500e+00
2.662200e+02 -3.374600e+00
2.662400e+02 -3.367600e+00
2.662600e+02 -3.360600e+00
2.662800e+02 -3.353600e+00
2.663000e+02 -3.346500e+00
2.663200e+02 -3.339500e+00
2.663400e+02 -3.332400e+00
2.663600e+02 -3.325300e+00
2.663800e+02 -3.318100e+00
2.664000e+02 -3.311000e+00
2.664200e+02 -3.303800e+00
2.664400e+02 -3.296600e+00
2.664600e+02 -3.289300e+00
2.664800e+02 -3.282100e+00
2.665000e+02 -3.274800e+00
2.665200e+02 -3.267500e+00
2.665400e+02 -3.260200e+00
2.665600e+02 -3.252900e+00
2.665800e+02 -3.245500e+00
2.666000e+02 -3.238100e+00
2.666200e+02 -3.230700e+00
2.666400e+02 -3.223300e+00
2.666600e+02 -3.215800e+00
2.666800e+02 -3.208300e+00
2.667000e+02 -3.200800e+00
2.667200e+02 -3.193300e+00
2.667400e+02 -3.185800e+00
2.667600e+02 -3.178200e+00
2.667800e+02 -3.170600e+00
2.668000e+02 -3.163000e+00
2.668200e+02 -3.155400e+00
2.668400e+02 -3.147700e+00
2.668600e+02 -3.140000e+00
2.668800e+02 -3.132300e+00
2.669000e+02 -3.124600e+00
2.669200e+02 -3.116900e+00
2.669400e+02 -3.109100e+00
2.669600e+02 -3.101300e+00
2.669800e+02 -3.093500e+00
2.670000e+02 -3.085700e+00
2.670200e+02 -3.077800e+00
2.670400e+02 -3.070000e+00
2.670600e+02 -3.062100e+00
2.670800e+02 -3.054100e+00
2.671000e+02 -3.046200e+00
2.671200e+02 -3.038300e+00
2.671400e+02 -3.030300e+00
2.671600e+02 -3.022300e+00
2.671800e+02 -3.014300e+00
2.672000e+02 -3.006200e+00
2.672200e+02 -2.998100e+00
2.672400e+02 -2.990100e+00
2.672600e+02 -2.982000e+00
2.672800e+02 -2.973800e+00
2.673000e+02 -2.965700e+00
2.673200e+02 -2.957500e+00
2.673400e+02 -2.949300e+00
2.673600e+02 -2.941100e+00
2.673800e+02 -2.932900e+00
2.674000e+02 -2.924600e+00
2.674200e+02 -2.916400e+00
2.674400e+02 -2.908100e+00
2.674600e+02 -2.899800e+00
2.674800e+02 -2.891500e+00
2.675000e+02 -2.883100e+00
2.675200e+02 -2.874700e+00
2.675400e+02 -2.866300e+00
2.675600e+02 -2.857900e+00
2.675800e+02 -2.849500e+00
2.676000e+02 -2.841000e+00
2.676200e+02 -2.832600e+00
2.676400e+02 -2.824100e+00
2.676600e+02 -2.815600e+00
2.676800e+02 -2.807100e+00
2.677000e+02 -2.798500e+00
2.677200e+02 -2.789900e+00
2.677400e+02 -2.781300e+00
2.677600e+02 -2.772700e+00
2.677800e+02 -2.764100e+00
2.678000e+02 -2.755500e+00
2.678200e+02 -2.746800e+00
2.678400e+02 -2.738100e+00
2.678600e+02 -2.729400e+00
2.678800e+02 -2.720700e+00
2.679000e+02 -2.712000e+00
2.679200e+02 -2.703200e+00
2.679400e+02 -2.694400e+00
2.679600e+02 -2.685600e+00
2.679800e+02 -2.676800e+00
2.680000e+02 -2.668000e+00
2.680200e+02 -2.659100e+00
2.680400e+02 -2.650200e+00
2.680600e+02 -2.641400e+00
2.680800e+02 -2.632400e+00
2.681000e+02 -2.623500e+00
2.681200e+02 -2.614600e+00
2.681400e+02 -2.605600e+00
2.681600e+02 -2.596600e+00
2.681800e+02 -2.587600e+00
2.682000e+02 -2.578600e+00
2.682200e+02 -2.569600e+00
2.682400e+02 -2.560500e+00
2.682600e+02 -2.551500e+00
2.682800e+02 -2.542400e+00
2.683000e+02 -2.533300e+00
2.683200e+02 -2.524100e+00
2.683400e+02 -2.515000e+00
2.683600e+02 -2.505800e+00
2.683800e+02 -2.496700e+00
2.684000e+02 -2.487500e+00
2.684200e+02 -2.478300e+00
2.684400e+02 -2.469000e+00
2.684600e+02 -2.459800e+00
2.684800e+02 -2.450500e+00
2.685000e+02 -2.441200e+00
2.685200e+02 -2.431900e+00
2.685400e+02 -2.422600e+00
2.685600e+02 -2.413300e+00
2.685800e+02 -2.404000e+00
2.686000e+02 -2.394600e+00
2.686200e+02 -2.385200e+00
2.686400e+02 -2.375800e+00
2.686600e+02 -2.366400e+00
2.686800e+02 -2.357000e+00
2.687000e+02 -2.347500e+00
2.687200e+02 -2.338100e+00
2.687400e+02 -2.328600e+00
2.687600e+02 -2.319100e+00
2.687800e+02 -2.309600e+00
2.688000e+02 -2.300100e+00
2.688200e+02 -2.290500e+00
2.688400e+02 -2.281000e+00
2.688600e+02 -2.271400e+00
2.688800e+02 -2.261800e+00
2.689000e+02 -2.252200e+00
2.689200e+02 -2.242600e+00
2.689400e+02 -2.232900e+00
2.689600e+02 -2.223300e+00
2.689800e+02 -2.213600e+00
2.690000e+02 -2.203900e+00
2.690200e+02 -2.194200e+00
2.690400e+02 -2.184500e+00
2.690600e+02 -2.174800e+00
2.690800e+02 -2.165100e+00
2.691000e+02 -2.155300e+00
2.691200e+02 -2.145500e+00
2.691400e+02 -2.135700e+00
2.691600e+02 -2.125900e+00
2.691800e+02 -2.116100e+00
2.692000e+02 -2.106300e+00
2.692200e+02 -2.096500e+00
2.692400e+02 -2.086600e+00
2.692600e+02 -2.076700e+00
2.692800e+02 -2.066800e+00
2.693000e+02 -2.056900e+00
2.693200e+02 -2.047000e+00
2.693400e+02 -2.037100e+00
2.693600e+02 -2.027100e+00
2.693800e+02 -2.017200e+00
2.694000e+02 -2.007200e+00
2.694200e+02 -1.997200e+00
2.694400e+02 -1.987200e+00
2.694600e+02 -1.977200e+00
2.694800e+02 -1.967200e+00
2.695000e+02 -1.957200e+00
2.695200e+02 -1.947100e+00
2.695400e+02 -1.937000e+00
2.695600e+02 -1.927000e+00
2.695800e+02 -1.916900e+00
2.696000e+02 -1.906800e+00
2.696200e+02 -1.896600e+00
2.696400e+02 -1.886500e+00
2.696600e+02 -1.876400e+00
2.696800e+02 -1.866200e+00
2.697000e+02 -1.856000e+00
2.697200e+02 -1.845800e+00
2.697400e+02 -1.835600e+00
2.697600e+02 -1.825400e+00
2.697800e+02 -1.815200e+00
2.698000e+02 -1.805000e+00
2.698200e+02 -1.794700e+00
2.698400e+02 -1.784500e+00
2.698600e+02 -1.774200e+00
2.698800e+02 -1.763900e+00
2.699000e+02 -1.753600e+00
2.699200e+02 -1.743300e+00
2.699400e+02 -1.733000e+00
2.699600e+02 -1.722700e+00
2.699800e+02 -1.712300e+00
2.700000e+02 -1.702000e+00
2.700200e+02 -1.691600e+00
2.700400e+02 -1.681200e+00
2.700600e+02 -1.670900e+00
2.700800e+02 -1.660500e+00
2.701000e+02 -1.650000e+00
2.701200e+02 -1.639600e+00
2.701400e+02 -1.629200e+00
2.701600e+02 -1.618700e+00
2.701800e+02 -1.608300e+00
2.702000e+02 -1.597800e+00
2.702200e+02 -1.587300e+00
2.702400e+02 -1.576900e+00
2.702600e+02 -1.566400e+00
2.702800e+02 -1.555800e+00
2.703000e+02 -1.545300e+00
2.703200e+02 -1.534800e+00
2.703400e+02 -1.524300e+00
2.703600e+02 -1.513700e+00
2.703800e+02 -1.503100e+00
2.704000e+02 -1.492600e+00
2.704200e+02 -1.482000e+00
2.704400e+02 -1.471400e+00
2.704600e+02 -1.460800e+00
2.704800e+02 -1.450200e+00
2.705000e+02 -1.439600e+00
2.705200e+02 -1.428900e+00
2.705400e+02 -1.418300e+00
2.705600e+02 -1.407600e+00
2.705800e+02 -1.397000e+00
2.706000e+02 -1.386300e+00
2.706200e+02 -1.375600e+00
2.706400e+02 -1.364900e+00
2.706600e+02 -1.354200e+00
2.706800e+02 -1.343500e+00
2.707000e+02 -1.332800e+00
2.707200e+02 -1.322100e+00
2.707400e+02 -1.311400e+00
2.707600e+02 -1.300600e+00
2.707800e+02 -1.289900e+00
2.708000e+02 -1.279100e+00
2.708200e+02 -1.268300e+00
2.708400e+02 -1.257500e+00
2.708600e+02 -1.246800e+00
2.708800e+02 -1.236000e+00
2.709000e+02 -1.225200e+00
2.709200e+02 -1.214300e+00
2.709400e+02 -1.203500e+00
2.709600e+02 -1.192700e+00
2.709800e+02 -1.181900e+00
2.710000e+02 -1.171000e+00
2.710200e+02 -1.160200e+00
2.710400e+02 -1.149300e+00
2.710600e+02 -1.138400e+00
2.710800e+02 -1.127600e+00
2.711000e+02 -1.116700e+00
2.711200e+02 -1.105800e+00
2.711400e+02 -1.094900e+00
2.711600e+02 -1.084000e+00
2.711800e+02 -1.073100e+00
2.712000e+02 -1.062100e+00
2.712200e+02 -1.051200e+00
2.712400e+02 -1.040300e+00
2.712600e+02 -1.029300e+00
2.712800e+02 -1.018400e+00
2.713000e+02 -1.007400e+00
2.713200e+02 -9.965000e-01
2.713400e+02 -9.855000e-01
2.713600e+02 -9.745000e-01
2.713800e+02 -9.636000e-01
2.714000e+02 -9.526000e-01
2.714200e+02 -9.416000e-01
2.714400e+02 -9.306000e-01
2.714600e+02 -9.196000e-01
2.714800e+02 -9.086000e-01
2.715000e+02 -8.975000e-01
2.715200e+02 -8.865000e-01
2.715400e+02 -8.755000e-01
2.715600e+02 -8.644000e-01
2.715800e+02 -8.534000e-01
2.716000e+02 -8.424000e-01
2.716200e+02 -8.313000e-01
2.716400e+02 -8.202000e-01
2.716600e+02 -8.092000e-01
2.716800e+02 -7.981000e-01
2.717000e+02 -7.870000e-01
2.717200e+02 -7.759000e-01
2.717400e+02 -7.649000e-01
2.717600e+02 -7.538000e-01
2.717800e+02 -7.427000e-01
2.718000e+02 -7.316000e-01
2.718200e+02 -7.205000e-01
2.718400e+02 -7.094000e-01
2.718600e+02 -6.983000e-01
2.718800e+02 -6.871000e-01
2.719000e+02 -6.760000e-01
2.719200e+02 -6.649000e-01
2.719400e+02 -6.538000e-01
2.719600e+02 -6.426000e-01
2.719800e+02 -6.315000e-01
2.720000e+02 -6.203000e-01
2.720200e+02 -6.092000e-01
2.720400e+02 -5.980000e-01
2.720600e+02 -5.869000e-01
2.720800e+02 -5.757000e-01
2.721000e+02 -5.646000e-01
2.721200e+02 -5.534000e-01
2.721400e+02 -5.422000e-01
2.721600e+02 -5.311000e-01
2.721800e+02 -5.199000e-01
2.722000e+02 -5.087000e-01
2.722200e+02 -4.975000e-01
2.722400e+02 -4.863000e-01
2.722600e+02 -4.751000e-01
2.722800e+02 -4.639000e-01
2.723000e+02 -4.528000e-01
2.723200e+02 -4.416000e-01
2.723400e+02 -4.304000e-01
2.723600e+02 -4.192000e-01
2.723800e+02 -4.080000e-01
2.724000e+02 -3.967000e-01
2.724200e+02 -3.855000e-01
2.724400e+02 -3.743000e-01
2.724600e+02 -3.631000e-01
2.724800e+02 -3.519000e-01
2.725000e+02 -3.407000e-01
2.725200e+02 -3.295000e-01
2.725400e+02 -3.182000e-01
2.725600e+02 -3.070000e-01
2.725800e+02 -2.958000e-01
2.726000e+02 -2.846000e-01
2.726200e+02 -2.733000e-01
2.726400e+02 -2.621000e-01
2.726600e+02 -2.509000e-01
2.726800e+02 -2.396000e-01
2.727000e+02 -2.284000e-01
2.727200e+02 -2.172000e-01
2.727400e+02 -2.059000e-01
2.727600e+02 -1.947000e-01
2.727800e+02 -1.835000e-01
2.728000e+02 -1.722000e-01
2.728200e+02 -1.610000e-01
2.728400e+02 -1.497000e-01
2.728600e+02 -1.385000e-01
2.728800e+02 -1.273000e-01
2.729000e+02 -1.160000e-01
2.729200e+02 -1.048000e-01
2.729400e+02 -9.350000e-02
2.729600e+02 -8.230000e-02
2.729800e+02 -7.110000e-02
2.730000e+02 -5.980000e-02
2.730200e+02 -4.860000e-02
2.730400e+02 -3.730000e-02
2.730600e+02 -2.610000e-02
2.730800e+02 -1.480000e-02
2.731000e+02 -3.600000e-03
2.731200e+02 7.600000e-03
2.731400e+02 1.890000e-02
2.731600e+02 3.010000e-02
2.731800e+02 4.140000e-02
2.732000e+02 5.260000e-02
2.732200e+02 6.380000e-02
2.732400e+02 7.510000e-02
2.732600e+02 8.630000e-02
2.732800e+02 9.750000e-02
2.733000e+02 1.088000e-01
2.733200e+02 1.200000e-01
2.733400e+02 1.312000e-01
2.733600e+02 1.425000e-01
2.733800e+02 1.537000e-01
2.734000e+02 1.649000e-01
2.734200e+02 1.762000e-01
2.734400e+02 1.874000e-01
2.734600e+02 1.986000e-01
2.734800e+02 2.098000e-01
2.735000e+02 2.210000e-01
2.735200e+02 2.323000e-01
2.735400e+02 2.435000e-01
2.735600e+02 2.547000e-01
2.735800e+02 2.659000e-01
2.736000e+02 2.771000e-01
2.736200e+02 2.883000e-01
2.736400e+02 2.995000e-01
2.736600e+02 3.107000e-01
2.736800e+02 3.219000e-01
2.737000e+02 3.331000e-01
2.737200e+02 3.443000e-01
2.737400e+02 3.555000e-01
2.737600e+02 3.667000e-01
2.737800e+02 3.779000e-01
2.738000e+02 3.890000e-01
2.738200e+02 4.002000e-01
2.738400e+02 4.114000e-01
2.738600e+02 4.226000e-01
2.738800e+02 4.337000e-01
2.739000e+02 4.449000e-01
2.739200e+02 4.560000e-01
2.739400e+02 4.672000e-01
2.739600e+02 4.784000e-01
2.739800e+02 4.895000e-01
2.740000e+02 5.007000e-01
2.740200e+02 5.118000e-01
2.740400e+02 5.229000e-01
2.740600e+02 5.341000e-01
2.740800e+02 5.452000e-01
2.741000e+02 5.563000e-01
2.741200e+02 5.674000e-01
2.741400e+02 5.786000e-01
2.741600e+02 5.897000e-01
2.741800e+02 6.008000e-01
2.742000e+02 6.119000e-01
2.742200e+02 6.230000e-01
2.742400e+02 6.341000e-01
2.742600e+02 6.452000e-01
2.742800e+02 6.562000e-01
2.743000e+02 6.673000e-01
2.743200e+02 6.784000e-01
2.743400e+02 6.895000e-01
2.743600e+02 7.005000e-01
2.743800e+02 7.116000e-01
2.744000e+02 7.226000e-01
2.744200e+02 7.337000e-01
2.744400e+02 7.447000e-01
2.744600e+02 7.558000e-01
2.744800e+02 7.668000e-01
2.745000e+02 7.778000e-01
2.745200e+02 7.888000e-01
2.745400e+02 7.998000e-01
2.745600e+02 8.108000e-01
2.745800e+02 8.218000e-01
2.746000e+02 8.328000e-01
2.746200e+02 8.438000e-01
2.746400e+02 8.548000e-01
2.746600e+02 8.658000e-01
2.746800e+02 8.768000e-01
2.747000e+02 8.877000e-01
2.747200e+02 8.987000e-01
2.747400e+02 9.096000e-01
2.747600e+02 9.206000e-01
2.747800e+02 9.315000e-01
2.748000e+02 9.424000e-01
2.748200e+02 9.533000e-01
2.748400e+02 9.643000e-01
2.748600e+02 9.752000e-01
2.748800e+02 9.861000e-01
2.749000e+02 9.969000e-01
2.749200e+02 1.007800e+00
2.749400e+02 1.018700e+00
2.749600e+02 1.029600e+00
2.749800e+02 1.040400e+00
2.750000e+02 1.051300e+00
2.750200e+02 1.062100e+00
2.750400e+02 1.073000e+00
2.750600e+02 1.083800e+00
2.750800e+02 1.094600e+00
2.751000e+02 1.105400e+00
2.751200e+02 1.116200e+00
2.751400e+02 1.127000e+00
2.751600e+02 1.137800e+00
2.751800e+02 1.148600e+00
2.752000e+02 1.159400e+00
2.752200e+02 1.170100e+00
2.752400e+02 1.180900e+00
2.752600e+02 1.191600e+00
2.752800e+02 1.202400e+00
2.753000e+02 1.213100e+00
2.753200e+02 1.223800e+00
2.753400e+02 1.234500e+00
2.753600e+02 1.245200e+00
2.753800e+02 1.255900e+00
2.754000e+02 1.266600e+00
2.754200e+02 1.277300e+00
2.754400e+02 1.287900e+00
2.754600e+02 1.298600e+00
2.754800e+02 1.309200e+00
2.755000e+02 1.319800e+00
2.755200e+02 1.330500e+00
2.755400e+02 1.341100e+00
2.755600e+02 1.351700e+00
2.755800e+02 1.362300e+00
2.756000e+02 1.372900e+00
2.756200e+02 1.383400e+00
2.756400e+02 1.394000e+00
2.756600e+02 1.404600e+00
2.756800e+02 1.415100e+00
2.757000e+02 1.425600e+00
2.757200e+02 1.436100e+00
2.757400e+02 1.446700e+00
2.757600e+02 1.457200e+00
2.757800e+02 1.467600e+00
2.758000e+02 1.478100e+00
2.758200e+02 1.488600e+00
2.758400e+02 1.499100e+00
2.758600e+02 1.509500e+00
2.758800e+02 1.519900e+00
2.759000e+02 1.530400e+00
2.759200e+02 1.540800e+00
2.759400e+02 1.551200e+00
2.759600e+02 1.561600e+00
2.759800e+02 1.571900e+00
2.760000e+02 1.582300e+00
2.760200e+02 1.592700e+00
2.760400e+02 1.603000e+00
2.760600e+02 1.613300e+00
2.760800e+02 1.623600e+00
2.761000e+02 1.634000e+00
2.761200e+02 1.644300e+00
2.761400e+02 1.654500e+00
2.761600e+02 1.664800e+00
2.761800e+02 1.675100e+00
2.762000e+02 1.685300e+00
2.762200e+02 1.695500e+00
2.762400e+02 1.705800e+00
2.762600e+02 1.716000e+00
2.762800e+02 1.726200e+00
2.763000e+02 1.736400e+00
2.763200e+02 1.746500e+00
2.763400e+02 1.756700e+00
2.763600e+02 1.766800e+00
2.763800e+02 1.777000e+00
2.764000e+02 1.787100e+00
2.764200e+02 1.797200e+00
2.764400e+02 1.807300e+00
2.764600e+02 1.817400e+00
2.764800e+02 1.827400e+00
2.765000e+02 1.837500e+00
2.765200e+02 1.847500e+00
2.765400e+02 1.857600e+00
2.765600e+02 1.867600e+00
2.765800e+02 1.877600e+00
2.766000e+02 1.887600e+00
2.766200e+02 1.897500e+00
2.766400e+02 1.907500e+00
2.766600e+02 1.917400e+00
2.766800e+02 1.927400e+00
2.767000e+02 1.937300e+00
2.767200e+02 1.947200e+00
2.767400e+02 1.957100e+00
2.767600e+02 1.967000e+00
2.767800e+02 1.976800e+00
2.768000e+02 1.986700e+00
2.768200e+02 1.996500e+00
2.768400e+02 2.006300e+00
2.768600e+02 2.016100e+00
2.768800e+02 2.025900e+00
2.769000e+02 2.035700e+00
2.769200e+02 2.045500e+00
2.769400e+02 2.055200e+00
2.769600e+02 2.064900e+00
2.769800e+02 2.074600e+00
2.770000e+02 2.084300e+00
2.770200e+02 2.094000e+00
2.770400e+02 2.103700e+00
2.770600e+02 2.113400e+00
2.770800e+02 2.123000e+00
2.771000e+02 2.132600e+00
2.771200e+02 2.142200e+00
2.771400e+02 2.151800e+00
2.771600e+02 2.161400e+00
2.771800e+02 2.171000e+00
2.772000e+02 2.180500e+00
2.772200e+02 2.190000e+00
2.772400e+02 2.199600e+00
2.772600e+02 2.209100e+00
2.772800e+02 2.218500e+00
2.773000e+02 2.228000e+00
2.773200e+02 2.237500e+00
2.773400e+02 2.246900e+00
2.773600e+02 2.256300e+00
2.773800e+02 2.265700e+00
2.774000e+02 2.275100e+00
2.774200e+02 2.284500e+00
2.774400e+02 2.293800e+00
2.774600e+02 2.303200e+00
2.774800e+02 2.312500e+00
2.775000e+02 2.321800e+00
2.775200e+02 2.331100e+00
2.775400e+02 2.340300e+00
2.775600e+02 2.349600e+00
2.775800e+02 2.358800e+00
2.776000e+02 2.368000e+00
2.776200e+02 2.377200e+00
2.776400e+02 2.386400e+00
2.776600e+02 2.395600e+00
2.776800e+02 2.404700e+00
2.777000e+02 2.413900e+00
2.777200e+02 2.423000e+00
2.777400e+02 2.432100e+00
2.777600e+02 2.441200e+00
2.777800e+02 2.450200e+00
2.778000e+02 2.459300e+00
2.778200e+02 2.468300e+00
2.778400e+02 2.477300e+00
2.778600e+02 2.486300e+00
2.778800e+02 2.495300e+00
2.779000e+02 2.504200e+00
2.779200e+02 2.513200e+00
2.779400e+02 2.522100e+00
2.779600e+02 2.531000e+00
2.779800e+02 2.539900e+00
2.780000e+02 2.548700e+00
2.780200e+02 2.557600e+00
2.780400e+02 2.566400e+00
2.780600e+02 2.575200e+00
2.780800e+02 2.584000e+00
2.781000e+02 2.592800e+00
2.781200e+02 2.601600e+00
2.781400e+02 2.610300e+00
2.781600e+02 2.619000e+00
2.781800e+02 2.627700e+00
2.782000e+02 2.636400e+00
2.782200e+02 2.645000e+00
2.782400e+02 2.653700e+00
2.782600e+02 2.662300e+00
2.782800e+02 2.670900e+00
2.783000e+02 2.679500e+00
2.783200e+02 2.688000e+00
2.783400e+02 2.696600e+00
2.783600e+02 2.705100e+00
2.783800e+02 2.713600e+00
2.784000e+02 2.722100e+00
2.784200e+02 2.730600e+00
2.784400e+02 2.739000e+00
2.784600e+02 2.747400e+00
2.784800e+02 2.755900e+00
2.785000e+02 2.764200e+00
2.785200e+02 2.772600e+00
2.785400e+02 2.781000e+00
2.785600e+02 2.789300e+00
2.785800e+02 2.797600e+00
2.786000e+02 2.805900e+00
2.786200e+02 2.814100e+00
2.786400e+02 2.822400e+00
2.786600e+02 2.830600e+00
2.786800e+02 2.838800e+00
2.787000e+02 2.847000e+00
2.787200e+02 2.855200e+00
2.787400e+02 2.863300e+00
2.787600e+02 2.871400e+00
2.787800e+02 2.879500e+00
2.788000e+02 2.887600e+00
2.788200e+02 2.895700e+00
2.788400e+02 2.903700e+00
2.788600e+02 2.911700e+00
2.788800e+02 2.919700e+00
2.789000e+02 2.927700e+00
2.789200e+02 2.935700e+00
2.789400e+02 2.943600e+00
2.789600e+02 2.951500e+00
2.789800e+02 2.959400e+00
2.790000e+02 2.967300e+00
2.790200e+02 2.975100e+00
2.790400e+02 2.983000e+00
2.790600e+02 2.990800e+00
2.790800e+02 2.998600e+00
2.791000e+02 3.006300e+00
2.791200e+02 3.014100e+00
2.791400e+02 3.021800e+00
2.791600e+02 3.029500e+00
2.791800e+02 3.037200e+00
2.792000e+02 3.044800e+00
2.792200e+02 3.052500e+00
2.792400e+02 3.060100e+00
2.792600e+02 3.067700e+00
2.792800e+02 3.075200e+00
2.793000e+02 3.082800e+00
2.793200e+02 3.090300e+00
2.793400e+02 3.097800e+00
2.793600e+02 3.105300e+00
2.793800e+02 3.112700e+00
2.794000e+02 3.120200e+00
2.794200e+02 3.127600e+00
2.794400e+02 3.135000e+00
2.794600e+02 3.142400e+00
2.794800e+02 3.149700e+00
2.795000e+02 3.157000e+00
2.795200e+02 3.164300e+00
2.795400e+02 3.171600e+00
2.795600e+02 3.178900e+00
2.795800e+02 3.186100e+00
2.796000e+02 3.193300e+00
2.796200e+02 3.200500e+00
2.796400e+02 3.207700e+00
2.796600e+02 3.214800e+00
2.796800e+02 3.221900e+00
2.797000e+02 3.229000e+00
2.797200e+02 3.236100e+00
2.797400e+02 3.243100e+00
2.797600e+02 3.250200e+00
2.797800e+02 3.257200e+00
2.798000e+02 3.264100e+00
2.798200e+02 3.271100e+00
2.798400e+02 3.278000e+00
2.798600e+02 3.284900e+00
2.798800e+02 3.291800e+00
2.799000e+02 3.298700e+00
2.799200e+02 3.305500e+00
2.799400e+02 3.312400e+00
2.799600e+02 3.319100e+00
2.799800e+02 3.325900e+00
2.800000e+02 3.332700e+00
2.800200e+02 3.339400e+00
2.800400e+02 3.346100e+00
2.800600e+02 3.352700e+00
2.800800e+02 3.359400e+00
2.801000e+02 3.366000e+00
2.801200e+02 3.372600e+00
2.801400e+02 3.379200e+00
2.801600e+02 3.385800e+00
2.801800e+02 3.392300e+00
2.802000e+02 3.398800e+00
2.802200e+02 3.405300e+00
2.802400e+02 3.411700e+00
2.802600e+02 3.418200e+00
2.802800e+02 3.424600e+00
2.803000e+02 3.430900e+00
2.803200e+02 3.437300e+00
2.803400e+02 3.443600e+00
2.803600e+02 3.449900e+00
2.803800e+02 3.456200e+00
2.804000e+02 3.462500e+00
2.804200e+02 3.468700e+00
2.804400e+02 3.474900e+00
2.804600e+02 3.481100e+00
2.804800e+02 3.487300e+00
2.805000e+02 3.493400e+00
2.805200e+02 3.499500e+00
2.805400e+02 3.505600e+00
2.805600e+02 3.511700e+00
2.805800e+02 3.517700e+00
2.806000e+02 3.523700e+00
2.806200e+02 3.529700e+00
2.806400e+02 3.535700e+00
2.806600e+02 3.541600e+00
2.806800e+02 3.547500e+00
2.807000e+02 3.553400e+00
2.807200e+02 3.559300e+00
2.807400e+02 3.565100e+00
2.807600e+02 3.570900e+00
2.807800e+02 3.576700e+00
2.808000e+02 3.582500e+00
2.808200e+02 3.588200e+00
2.808400e+02 3.593900e+00
2.808600e+02 3.599600e+00
2.808800e+02 3.605200e+00
2.809000e+02 3.610900e+00
2.809200e+02 3.616500e+00
2.809400e+02 3.622000e+00
2.809600e+02 3.627600e+00
2.809800e+02 3.633100e+00
2.810000e+02 3.638600e+00
2.810200e+02 3.644100e+00
2.810400e+02 3.649600e+00
2.810600e+02 3.655000e+00
2.810800e+02 3.660400e+00
2.811000e+02 3.665700e+00
2.811200e+02 3.671100e+00
2.811400e+02 3.676400e+00
2.811600e+02 3.681700e+00
2.811800e+02 3.687000e+00
2.812000e+02 3.692200e+00
2.812200e+02 3.697400e+00
2.812400e+02 3.702600e+00
2.812600e+02 3.707800e+00
2.812800e+02 3.712900e+00
2.813000e+02 3.718000e+00
2.813200e+02 3.723100e+00
2.813400e+02 3.728100e+00
2.813600e+02 3.733200e+00
2.813800e+02 3.738200e+00
2.814000e+02 3.743100e+00
2.814200e+02 3.748100e+00
2.814400e+02 3.753000e+00
2.814600e+02 3.757900e+00
2.814800e+02 3.762800e+00
2.815000e+02 3.767600e+00
2.815200e+02 3.772400e+00
2.815400e+02 3.777200e+00
2.815600e+02 3.782000e+00
2.815800e+02 3.786700e+00
2.816000e+02 3.791400e+00
2.816200e+02 3.796100e+00
2.816400e+02 3.800800e+00
2.816600e+02 3.805400e+00
2.816800e+02 3.810000e+00
2.817000e+02 3.814500e+00
2.817200e+02 3.819100e+00
2.817400e+02 3.823600e+00
2.817600e+02 3.828100e+00
2.817800e+02 3.832600e+00
2.818000e+02 3.837000e+00
2.818200e+02 3.841400e+00
2.818400e+02 3.845800e+00
2.818600e+02 3.850100e+00
2.818800e+02 3.854500e+00
2.819000e+02 3.858800e+00
2.819200e+02 3.863000e+00
2.819400e+02 3.867300e+00
2.819600e+02 3.871500e+00
2.819800e+02 3.875700e+00
2.820000e+02 3.879800e+00
2.820200e+02 3.884000e+00
2.820400e+02 3.888100e+00
2.820600e+02 3.892100e+00
2.820800e+02 3.896200e+00
2.821000e+02 3.900200e+00
2.821200e+02 3.904200e+00
2.821400e+02 3.908200e+00
2.821600e+02 3.912100e+00
2.821800e+02 3.916000e+00
2.822000e+02 3.919900e+00
2.822200e+02 3.923800e+00
2.822400e+02 3.927600e+00
2.822600e+02 3.931400e+00
2.822800e+02 3.935200e+00
2.823000e+02 3.938900e+00
2.823200e+02 3.942600e+00
2.823400e+02 3.946300e+00
2.823600e+02 3.950000e+00
2.823800e+02 3.953600e+00
2.824000e+02 3.957200e+00
2.824200e+02 3.960800e+00
2.824400e+02 3.964300e+00
2.824600e+02 3.967800e+00
2.824800e+02 3.971300e+00
2.825000e+02 3.974800e+00
2.825200e+02 3.978200e+00
2.825400e+02 3.981600e+00
2.825600e+02 3.985000e+00
2.825800e+02 3.988300e+00
2.826000e+02 3.991700e+00
2.826200e+02 3.995000e+00
2.826400e+02 3.998200e+00
2.826600e+02 4.001500e+00
2.826800e+02 4.004700e+00
2.827000e+02 4.007800e+00
2.827200e+02 4.011000e+00
2.827400e+02 4.014100e+00
2.827600e+02 4.017200e+00
2.827800e+02 4.020300e+00
2.828000e+02 4.023300e+00
2.828200e+02 4.026300e+00
2.828400e+02 4.029300e+00
2.828600e+02 4.032200e+00
2.828800e+02 4.035200e+00
2.829000e+02 4.038100e+00
2.829200e+02 4.040900e+00
2.829400e+02 4.043800e+00
2.829600e+02 4.046600e+00
2.829800e+02 4.049300e+00
2.830000e+02 4.052100e+00
2.830200e+02 4.054800e+00
2.830400e+02 4.057500e+00
2.830600e+02 4.060200e+00
2.830800e+02 4.062800e+00
2.831000e+02 4.065400e+00
2.831200e+02 4.068000e+00
2.831400e+02 4.070500e+00
2.831600e+02 4.073100e+00
2.831800e+02 4.075500e+00
2.832000e+02 4.078000e+00
2.832200e+02 4.080400e+00
2.832400e+02 4.082800e+00
2.832600e+02 4.085200e+00
2.832800e+02 4.087600e+00
2.833000e+02 4.089900e+00
2.833200e+02 4.092200e+00
2.833400e+02 4.094400e+00
2.833600e+02 4.096700e+00
2.833800e+02 4.098900e+00
2.834000e+02 4.101000e+00
2.834200e+02 4.103200e+00
2.834400e+02 4.105300e+00
2.834600e+02 4.107400e+00
2.834800e+02 4.109400e+00
2.835000e+02 4.111500e+00
2.835200e+02 4.113500e+00
2.835400e+02 4.115400e+00
2.835600e+02 4.117400e+00
2.835800e+02 4.119300e+00
2.836000e+02 4.121200e+00
2.836200e+02 4.123000e+00
2.836400e+02 4.124800e+00
2.836600e+02 4.126600e+00
2.836800e+02 4.128400e+00
2.837000e+02 4.130100e+00
2.837200e+02 4.131800e+00
2.837400e+02 4.133500e+00
2.837600e+02 4.135200e+00
2.837800e+02 4.136800e+00
2.838000e+02 4.138400e+00
2.838200e+02 4.139900e+00
2.838400e+02 4.141500e+00
2.838600e+02 4.143000e+00
2.838800e+02 4.144400e+00
2.839000e+02 4.145900e+00
2.839200e+02 4.147300e+00
2.839400e+02 4.148700e+00
2.839600e+02 4.150000e+00
2.839800e+02 4.151300e+00
2.840000e+02 4.152600e+00
2.840200e+02 4.153900e+00
2.840400e+02 4.155100e+00
2.840600e+02 4.156400e+00
2.840800e+02 4.157500e+00
2.841000e+02 4.158700e+00
2.841200e+02 4.159800e+00
2.841400e+02 4.160900e+00
2.841600e+02 4.161900e+00
2.841800e+02 4.163000e+00
2.842000e+02 4.164000e+00
2.842200e+02 4.164900e+00
2.842400e+02 4.165900e+00
2.842600e+02 4.166800e+00
2.842800e+02 4.167700e+00
2.843000e+02 4.168500e+00
2.843200e+02 4.169400e+00
2.843400e+02 4.170200e+00
2.843600e+02 4.170900e+00
2.843800e+02 4.171700e+00
2.844000e+02 4.172400e+00
2.844200e+02 4.173000e+00
2.844400e+02 4.173700e+00
2.844600e+02 4.174300e+00
2.844800e+02 4.174900e+00
2.845000e+02 4.175400e+00
2.845200e+02 4.176000e+00
2.845400e+02 4.176500e+00
2.845600e+02 4.176900e+00
2.845800e+02 4.177400e+00
2.846000e+02 4.177800e+00
2.846200e+02 4.178200e+00
2.846400e+02 4.178500e+00
2.846600e+02 4.178800e+00
2.846800e+02 4.179100e+00
2.847000e+02 4.179400e+00
2.847200e+02 4.179600e+00
2.847400e+02 4.179800e+00
2.847600e+02 4.180000e+00
2.847800e+02 4.180100e+00
2.848000e+02 4.180300e+00
2.848200e+02 4.180300e+00
2.848400e+02 4.180400e+00
2.848600e+02 4.180400e+00
2.848800e+02 4.180400e+00
2.849000e+02 4.180400e+00
2.849200e+02 4.180300e+00
2.849400e+02 4.180200e+00
2.849600e+02 4.180100e+00
2.849800e+02 4.179900e+00
2.850000e+02 4.179800e+00
2.850200e+02 4.179500e+00
2.850400e+02 4.179300e+00
2.850600e+02 4.179000e+00
2.850800e+02 4.178700e+00
2.851000e+02 4.178400e+00
2.851200e+02 4.178000e+00
2.851400e+02 4.177700e+00
2.851600e+02 4.177200e+00
2.851800e+02 4.176800e+00
2.852000e+02 4.176300e+00
2.852200e+02 4.175800e+00
2.852400e+02 4.175300e+00
2.852600e+02 4.174700e+00
2.852800e+02 4.174100e+00
2.853000e+02 4.173500e+00
2.853200e+02 4.172800e+00
2.853400e+02 4.172100e+00
2.853600e+02 4.171400e+00
2.853800e+02 4.170700e+00
2.854000e+02 4.169900e+00
2.854200e+02 4.169100e+00
2.854400e+02 4.168300e+00
2.854600e+02 4.167400e+00
2.854800e+02 4.166500e+00
2.855000e+02 4.165600e+00
2.855200e+02 4.164600e+00
2.855400e+02 4.163700e+00
2.855600e+02 4.162700e+00
2.855800e+02 4.161600e+00
2.856000e+02 4.160600e+00
2.856200e+02 4.159500e+00
2.856400e+02 4.158300e+00
2.856600e+02 4.157200e+00
2.856800e+02 4.156000e+00
2.857000e+02 4.154800e+00
2.857200e+02 4.153500e+00
2.857400e+02 4.152300e+00
2.857600e+02 4.151000e+00
2.857800e+02 4.149600e+00
2.858000e+02 4.148300e+00
2.858200e+02 4.146900e+00
2.858400e+02 4.145500e+00
2.858600e+02 4.144000e+00
2.858800e+02 4.142500e+00
2.859000e+02 4.141000e+00
2.859200e+02 4.139500e+00
2.859400e+02 4.137900e+00
2.859600e+02 4.136300e+00
2.859800e+02 4.134700e+00
2.860000e+02 4.133100e+00
2.860200e+02 4.131400e+00
2.860400e+02 4.129700e+00
2.860600e+02 4.127900e+00
2.860800e+02 4.126200e+00
2.861000e+02 4.124400e+00
2.861200e+02 4.122500e+00
2.861400e+02 4.120700e+00
2.861600e+02 4.118800e+00
2.861800e+02 4.116900e+00
2.862000e+02 4.114900e+00
2.862200e+02 4.113000e+00
2.862400e+02 4.111000e+00
2.862600e+02 4.108900e+00
2.862800e+02 4.106900e+00
2.863000e+02 4.104800e+00
2.863200e+02 4.102700e+00
2.863400e+02 4.100500e+00
2.863600e+02 4.098400e+00
2.863800e+02 4.096100e+00
2.864000e+02 4.093900e+00
2.864200e+02 4.091700e+00
2.864400e+02 4.089400e+00
2.864600e+02 4.087000e+00
2.864800e+02 4.084700e+00
2.865000e+02 4.082300e+00
2.865200e+02 4.079900e+00
2.865400e+02 4.077500e+00
2.865600e+02 4.075000e+00
2.865800e+02 4.072500e+00
2.866000e+02 4.070000e+00
2.866200e+02 4.067500e+00
2.866400e+02 4.064900e+00
2.866600e+02 4.062300e+00
2.866800e+02 4.059600e+00
2.867000e+02 4.057000e+00
2.867200e+02 4.054300e+00
2.867400e+02 4.051600e+00
2.867600e+02 4.048800e+00
2.867800e+02 4.046100e+00
2.868000e+02 4.043200e+00
2.868200e+02 4.040400e+00
2.868400e+02 4.037500e+00
2.868600e+02 4.034700e+00
2.868800e+02 4.031700e+00
2.869000e+02 4.028800e+00
2.869200e+02 4.025800e+00
2.869400e+02 4.022800e+00
2.869600e+02 4.019800e+00
2.869800e+02 4.016700e+00
2.870000e+02 4.013600e+00
2.870200e+02 4.010500e+00
2.870400e+02 4.007400e+00
2.870600e+02 4.004200e+00
2.870800e+02 4.001000e+00
2.871000e+02 3.997800e+00
2.871200e+02 3.994500e+00
2.871400e+02 3.991200e+00
2.871600e+02 3.987900e+00
2.871800e+02 3.984600e+00
2.872000e+02 3.981200e+00
2.872200e+02 3.977800e+00
2.872400e+02 3.974400e+00
2.872600e+02 3.970900e+00
2.872800e+02 3.967400e+00
2.873000e+02 3.963900e+00
2.873200e+02 3.960400e+00
2.873400e+02 3.956800e+00
2.873600e+02 3.953200e+00
2.873800e+02 3.949600e+00
2.874000e+02 3.945900e+00
2.874200e+02 3.942300e+00
2.874400e+02 3.938600e+00
2.874600e+02 3.934800e+00
2.874800e+02 3.931100e+00
2.875000e+02 3.927300e+00
2.875200e+02 3.923500e+00
2.875400e+02 3.919600e+00
2.875600e+02 3.915700e+00
2.875800e+02 3.911800e+00
2.876000e+02 3.907900e+00
2.876200e+02 3.904000e+00
2.876400e+02 3.900000e+00
2.876600e+02 3.896000e+00
2.876800e+02 3.891900e+00
2.877000e+02 3.887900e+00
2.877200e+02 3.883800e+00
2.877400e+02 3.879700e+00
2.877600e+02 3.875500e+00
2.877800e+02 3.871300e+00
2.878000e+02 3.867100e+00
2.878200e+02 3.862900e+00
2.878400e+02 3.858700e+00
2.878600e+02 3.854400e+00
2.878800e+02 3.850100e+00
2.879000e+02 3.845700e+00
2.879200e+02 3.841400e+00
2.879400e+02 3.837000e+00
2.879600e+02 3.832600e+00
2.879800e+02 3.828100e+00
2.880000e+02 3.823600e+00
2.880200e+02 3.819100e+00
2.880400e+02 3.814600e+00
2.880600e+02 3.810100e+00
2.880800e+02 3.805500e+00
2.881000e+02 3.800900e+00
2.881200e+02 3.796200e+00
2.881400e+02 3.791600e+00
2.881600e+02 3.786900e+00
2.881800e+02 3.782200e+00
2.882000e+02 3.777400e+00
2.882200e+02 3.772700e+00
2.882400e+02 3.767900e+00
2.882600e+02 3.763100e+00
2.882800e+02 3.758200e+00
2.883000e+02 3.753400e+00
2.883200e+02 3.748500e+00
2.883400e+02 3.743500e+00
2.883600e+02 3.738600e+00
2.883800e+02 3.733600e+00
2.884000e+02 3.728600e+00
2.884200e+02 3.723600e+00
2.884400e+02 3.718500e+00
2.884600e+02 3.713400e+00
2.884800e+02 3.708300e+00
2.885000e+02 3.703200e+00
2.885200e+02 3.698000e+00
2.885400e+02 3.692900e+00
2.885600e+02 3.687600e+00
2.885800e+02 3.682400e+00
2.886000e+02 3.677100e+00
2.886200e+02 3.671900e+00
2.886400e+02 3.666500e+00
2.886600e+02 3.661200e+00
2.886800e+02 3.655800e+00
2.887000e+02 3.650400e+00
2.887200e+02 3.645000e+00
2.887400e+02 3.639600e+00
2.887600e+02 3.634100e+00
2.887800e+02 3.628600e+00
2.888000e+02 3.623100e+00
2.888200e+02 3.617600e+00
2.888400e+02 3.612000e+00
2.888600e+02 3.606400e+00
2.888800e+02 3.600800e+00
2.889000e+02 3.595100e+00
2.889200e+02 3.589500e+00
2.889400e+02 3.583800e+00
2.889600e+02 3.578000e+00
2.889800e+02 3.572300e+00
2.890000e+02 3.566500e+00
2.890200e+02 3.560700e+00
2.890400e+02 3.554900e+00
2.890600e+02 3.549100e+00
2.890800e+02 3.543200e+00
2.891000e+02 3.537300e+00
2.891200e+02 3.531400e+00
2.891400e+02 3.525400e+00
2.891600e+02 3.519500e+00
2.891800e+02 3.513500e+00
2.892000e+02 3.507500e+00
2.892200e+02 3.501400e+00
2.892400e+02 3.495300e+00
2.892600e+02 3.489300e+00
2.892800e+02 3.483100e+00
2.893000e+02 3.477000e+00
2.893200e+02 3.470800e+00
2.893400e+02 3.464600e+00
2.893600e+02 3.458400e+00
2.893800e+02 3.452200e+00
2.894000e+02 3.445900e+00
2.894200e+02 3.439600e+00
2.894400e+02 3.433300e+00
2.894600e+02 3.427000e+00
2.894800e+02 3.420600e+00
2.895000e+02 3.414300e+00
2.895200e+02 3.407900e+00
2.895400e+02 3.401400e+00
2.895600e+02 3.395000e+00
2.895800e+02 3.388500e+00
2.896000e+02 3.382000e+00
2.896200e+02 3.375500e+00
2.896400e+02 3.368900e+00
2.896600e+02 3.362300e+00
2.896800e+02 3.355800e+00
2.897000e+02 3.349100e+00
2.897200e+02 3.342500e+00
2.897400e+02 3.335800e+00
2.897600e+02 3.329100e+00
2.897800e+02 3.322400e+00
2.898000e+02 3.315700e+00
2.898200e+02 3.308900e+00
2.898400e+02 3.302200e+00
2.898600e+02 3.295300e+00
2.898800e+02 3.288500e+00
2.899000e+02 3.281700e+00
2.899200e+02 3.274800e+00
2.899400e+02 3.267900e+00
2.899600e+02 3.261000e+00
2.899800e+02 3.254000e+00
2.900000e+02 3.247100e+00
2.900200e+02 3.240100e+00
2.900400e+02 3.233100e+00
2.900600e+02 3.226000e+00
2.900800e+02 3.219000e+00
2.901000e+02 3.211900e+00
2.901200e+02 3.204800e+00
2.901400e+02 3.197700e+00
2.901600e+02 3.190500e+00
2.901800e+02 3.183400e+00
2.902000e+02 3.176200e+00
2.902200e+02 3.169000e+00
2.902400e+02 3.161700e+00
2.902600e+02 3.154500e+00
2.902800e+02 3.147200e+00
2.903000e+02 3.139900e+00
2.903200e+02 3.132600e+00
2.903400e+02 3.125200e+00
2.903600e+02 3.117900e+00
2.903800e+02 3.110500e+00
2.904000e+02 3.103100e+00
2.904200e+02 3.095700e+00
2.904400e+02 3.088200e+00
2.904600e+02 3.080700e+00
2.904800e+02 3.073200e+00
2.905000e+02 3.065700e+00
2.905200e+02 3.058200e+00
2.905400e+02 3.050600e+00
2.905600e+02 3.043000e+00
2.905800e+02 3.035400e+00
2.906000e+02 3.027800e+00
2.906200e+02 3.020200e+00
2.906400e+02 3.012500e+00
2.906600e+02 3.004800e+00
2.906800e+02 2.997100e+00
2.907000e+02 2.989400e+00
2.907200e+02 2.981600e+00
2.907400e+02 2.973800e+00
2.907600e+02 2.966100e+00
2.907800e+02 2.958200e+00
2.908000e+02 2.950400e+00
2.908200e+02 2.942600e+00
2.908400e+02 2.934700e+00
2.908600e+02 2.926800e+00
2.908800e+02 2.918900e+00
2.909000e+02 2.910900e+00
2.909200e+02 2.903000e+00
2.909400e+02 2.895000e+00
2.909600e+02 2.887000e+00
2.909800e+02 2.879000e+00
2.910000e+02 2.871000e+00
2.910200e+02 2.862900e+00
2.910400e+02 2.854800e+00
2.910600e+02 2.846700e+00
2.910800e+02 2.838600e+00
2.911000e+02 2.830500e+00
2.911200e+02 2.822300e+00
2.911400e+02 2.814200e+00
2.911600e+02 2.806000e+00
2.911800e+02 2.797700e+00
2.912000e+02 2.789500e+00
2.912200e+02 2.781300e+00
2.912400e+02 2.773000e+00
2.912600e+02 2.764700e+00
2.912800e+02 2.756400e+00
2.913000e+02 2.748000e+00
2.913200e+02 2.739700e+00
2.913400e+02 2.731300e+00
2.913600e+02 2.722900e+00
2.913800e+02 2.714500e+00
2.914000e+02 2.706100e+00
2.914200e+02 2.697700e+00
2.914400e+02 2.689200e+00
2.914600e+02 2.680700e+00
2.914800e+02 2.672200e+00
2.915000e+02 2.663700e+00
2.915200e+02 2.655200e+00
2.915400e+02 2.646600e+00
2.915600e+02 2.638000e+00
2.915800e+02 2.629400e+00
2.916000e+02 2.620800e+00
2.916200e+02 2.612200e+00
2.916400e+02 2.603600e+00
2.916600e+02 2.594900e+00
2.916800e+02 2.586200e+00
2.917000e+02 2.577500e+00
2.917200e+02 2.568800e+00
2.917400e+02 2.560100e+00
2.917600e+02 2.551300e+00
2.917800e+02 2.542500e+00
2.918000e+02 2.533700e+00
2.918200e+02 2.524900e+00
2.918400e+02 2.516100e+00
2.918600e+02 2.507300e+00
2.918800e+02 2.498400e+00
2.919000e+02 2.489500e+00
2.919200e+02 2.480600e+00
2.919400e+02 2.471700e+00
2.919600e+02 2.462800e+00
2.919800e+02 2.453800e+00
2.920000e+02 2.444900e+00
2.920200e+02 2.435900e+00
2.920400e+02 2.426900e+00
2.920600e+02 2.417900e+00
2.920800e+02 2.408900e+00
2.921000e+02 2.399800e+00
2.921200e+02 2.390800e+00
2.921400e+02 2.381700e+00
2.921600e+02 2.372600e+00
2.921800e+02 2.363500e+00
2.922000e+02 2.354300e+00
2.922200e+02 2.345200e+00
2.922400e+02 2.336000e+00
2.922600e+02 2.326900e+00
2.922800e+02 2.317700e+00
2.923000e+02 2.308500e+00
2.923200e+02 2.299200e+00
2.923400e+02 2.290000e+00
2.923600e+02 2.280700e+00
2.923800e+02 2.271500e+00
2.924000e+02 2.262200e+00
2.924200e+02 2.252900e+00
2.924400e+02 2.243500e+00
2.924600e+02 2.234200e+00
2.924800e+02 2.224900e+00
2.925000e+02 2.215500e+00
2.925200e+02 2.206100e+00
2.925400e+02 2.196700e+00
2.925600e+02 2.187300e+00
2.925800e+02 2.177900e+00
2.926000e+02 2.168400e+00
2.926200e+02 2.159000e+00
2.926400e+02 2.149500e+00
2.926600e+02 2.140000e+00
2.926800e+02 2.130500e+00
2.927000e+02 2.121000e+00
2.927200e+02 2.111500e+00
2.927400e+02 2.101900e+00
2.927600e+02 2.092400e+00
2.927800e+02 2.082800e+00
2.928000e+02 2.073200e+00
2.928200e+02 2.063600e+00
2.928400e+02 2.054000e+00
2.928600e+02 2.044400e+00
2.928800e+02 2.034700e+00
2.929000e+02 2.025100e+00
2.929200e+02 2.015400e+00
2.929400e+02 2.005700e+00
2.929600e+02 1.996000e+00
2.929800e+02 1.986300e+00
2.930000e+02 1.976600e+00
2.930200e+02 1.966800e+00
2.930400e+02 1.957100e+00
2.930600e+02 1.947300e+00
2.930800e+02 1.937500e+00
2.931000e+02 1.927700e+00
2.931200e+02 1.917900e+00
2.931400e+02 1.908100e+00
2.931600e+02 1.898300e+00
2.931800e+02 1.888400e+00
2.932000e+02 1.878500e+00
2.932200e+02 1.868700e+00
2.932400e+02 1.858800e+00
2.932600e+02 1.848900e+00
2.932800e+02 1.839000e+00
2.933000e+02 1.829100e+00
2.933200e+02 1.819100e+00
2.933400e+02 1.809200e+00
2.933600e+02 1.799200e+00
2.933800e+02 1.789200e+00
2.934000e+02 1.779200e+00
2.934200e+02 1.769200e+00
2.934400e+02 1.759200e+00
2.934600e+02 1.749200e+00
2.934800e+02 1.739200e+00
2.935000e+02 1.729100e+00
2.935200e+02 1.719100e+00
2.935400e+02 1.709000e+00
2.935600e+02 1.698900e+00
2.935800e+02 1.688800e+00
2.936000e+02 1.678700e+00
2.936200e+02 1.668600e+00
2.936400e+02 1.658500e+00
2.936600e+02 1.648300e+00
2.936800e+02 1.638200e+00
2.937000e+02 1.628000e+00
2.937200e+02 1.617800e+00
2.937400e+02 1.607700e+00
2.937600e+02 1.597500e+00
2.937800e+02 1.587300e+00
2.938000e+02 1.577000e+00
2.938200e+02 1.566800e+00
2.938400e+02 1.556600e+00
2.938600e+02 1.546300e+00
2.938800e+02 1.536100e+00
2.939000e+02 1.525800e+00
2.939200e+02 1.515500e+00
2.939400e+02 1.505200e+00
2.939600e+02 1.494900e+00
2.939800e+02 1.484600e+00
2.940000e+02 1.474300e+00
2.940200e+02 1.463900e+00
2.940400e+02 1.453600e+00
2.940600e+02 1.443200e+00
2.940800e+02 1.432900e+00
2.941000e+02 1.422500e+00
2.941200e+02 1.412100e+00
2.941400e+02 1.401700e+00
2.941600e+02 1.391300e+00
2.941800e+02 1.380900e+00
2.942000e+02 1.370500e+00
2.942200e+02 1.360100e+00
2.942400e+02 1.349600e+00
2.942600e+02 1.339200e+00
2.942800e+02 1.328700e+00
2.943000e+02 1.318300e+00
2.943200e+02 1.307800e+00
2.943400e+02 1.297300e+00
2.943600e+02 1.286800e+00
2.943800e+02 1.276300e+00
2.944000e+02 1.265800e+00
2.944200e+02 1.255300e+00
2.944400e+02 1.244800e+00
2.944600e+02 1.234200e+00
2.944800e+02 1.223700e+00
2.945000e+02 1.213100e+00
2.945200e+02 1.202600e+00
2.945400e+02 1.192000e+00
2.945600e+02 1.181400e+00
2.945800e+02 1.170800e+00
2.946000e+02 1.160300e+00
2.946200e+02 1.149700e+00
2.946400e+02 1.139000e+00
2.946600e+02 1.128400e+00
2.946800e+02 1.117800e+00
2.947000e+02 1.107200e+00
2.947200e+02 1.096500e+00
2.947400e+02 1.085900e+00
2.947600e+02 1.075200e+00
2.947800e+02 1.064600e+00
2.948000e+02 1.053900e+00
2.948200e+02 1.043200e+00
2.948400e+02 1.032600e+00
2.948600e+02 1.021900e+00
2.948800e+02 1.011200e+00
2.949000e+02 1.000500e+00
2.949200e+02 9.898000e-01
2.949400e+02 9.791000e-01
2.949600e+02 9.683000e-01
2.949800e+02 9.576000e-01
2.950000e+02 9.469000e-01
2.950200e+02 9.361000e-01
2.950400e+02 9.254000e-01
2.950600e+02 9.146000e-01
2.950800e+02 9.039000e-01
2.951000e+02 8.931000e-01
2.951200e+02 8.824000e-01
2.951400e+02 8.716000e-01
2.951600e+02 8.608000e-01
2.951800e+02 8.500000e-01
2.952000e+02 8.392000e-01
2.952200e+02 8.284000e-01
2.952400e+02 8.176000e-01
2.952600e+02 8.068000e-01
2.952800e+02 7.960000e-01
2.953000e+02 7.852000e-01
2.953200e+02 7.744000e-01
2.953400e+02 7.635000e-01
2.953600e+02 7.527000e-01
2.953800e+02 7.419000e-01
2.954000e+02 7.310000e-01
2.954200e+02 7.202000e-01
2.954400e+02 7.093000e-01
2.954600e+02 6.985000e-01
2.954800e+02 6.876000e-01
2.955000e+02 6.767000e-01
2.955200e+02 6.659000e-01
2.955400e+02 6.550000e-01
2.955600e+02 6.441000e-01
2.955800e+02 6.332000e-01
2.956000e+02 6.223000e-01
2.956200e+02 6.114000e-01
2.956400e+02 6.005000e-01
2.956600e+02 5.897000e-01
2.956800e+02 5.787000e-01
2.957000e+02 5.678000e-01
2.957200e+02 5.569000e-01
2.957400e+02 5.460000e-01
2.957600e+02 5.351000e-01
2.957800e+02 5.242000e-01
2.958000e+02 5.133000e-01
2.958200e+02 5.023000e-01
2.958400e+02 4.914000e-01
2.958600e+02 4.805000e-01
2.958800e+02 4.695000e-01
2.959000e+02 4.586000e-01
2.959200e+02 4.477000e-01
2.959400e+02 4.367000e-01
2.959600e+02 4.258000e-01
2.959800e+02 4.148000e-01
2.960000e+02 4.039000e-01
2.960200e+02 3.929000e-01
2.960400e+02 3.820000e-01
2.960600e+02 3.710000e-01
2.960800e+02 3.600000e-01
2.961000e+02 3.491000e-01
2.961200e+02 3.381000e-01
2.961400e+02 3.271000e-01
2.961600e+02 3.162000e-01
2.961800e+02 3.052000e-01
2.962000e+02 2.942000e-01
2.962200e+02 2.832000e-01
2.962400e+02 2.723000e-01
2.962600e+02 2.613000e-01
2.962800e+02 2.503000e-01
2.963000e+02 2.393000e-01
2.963200e+02 2.284000e-01
2.963400e+02 2.174000e-01
2.963600e+02 2.064000e-01
2.963800e+02 1.954000e-01
2.964000e+02 1.844000e-01
2.964200e+02 1.734000e-01
2.964400e+02 1.624000e-01
2.964600e+02 1.515000e-01
2.964800e+02 1.405000e-01
2.965000e+02 1.295000e-01
2.965200e+02 1.185000e-01
2.965400e+02 1.075000e-01
2.965600e+02 9.650000e-02
2.965800e+02 8.550000e-02
2.966000e+02 7.450000e-02
2.966200e+02 6.350000e-02
2.966400e+02 5.250000e-02
2.966600e+02 4.150000e-02
2.966800e+02 3.050000e-02
2.967000e+02 1.960000e-02
2.967200e+02 8.600000e-03
2.967400e+02 -2.400000e-03
2.967600e+02 -1.340000e-02
2.967800e+02 -2.440000e-02
2.968000e+02 -3.540000e-02
2.968200e+02 -4.640000e-02
2.968400e+02 -5.740000e-02
2.968600e+02 -6.840000e-02
2.968800e+02 -7.940000e-02
2.969000e+02 -9.030000e-02
2.969200e+02 -1.013000e-01
2.969400e+02 -1.123000e-01
2.969600e+02 -1.233000e-01
2.969800e+02 -1.343000e-01
2.970000e+02 -1.453000e-01
2.970200e+02 -1.562000e-01
2.970400e+02 -1.672000e-01
2.970600e+02 -1.782000e-01
2.970800e+02 -1.892000e-01
2.971000e+02 -2.001000e-01
2.971200e+02 -2.111000e-01
2.971400e+02 -2.221000e-01
2.971600e+02 -2.330000e-01
2.971800e+02 -2.440000e-01
2.972000e+02 -2.550000e-01
2.972200e+02 -2.659000e-01
2.972400e+02 -2.769000e-01
2.972600e+02 -2.878000e-01
2.972800e+02 -2.988000e-01
2.973000e+02 -3.097000e-01
2.973200e+02 -3.207000e-01
2.973400e+02 -3.316000e-01
2.973600e+02 -3.426000e-01
2.973800e+02 -3.535000e-01
2.974000e+02 -3.644000e-01
2.974200e+02 -3.754000e-01
2.974400e+02 -3.863000e-01
2.974600e+02 -3.972000e-01
2.974800e+02 -4.082000e-01
2.975000e+02 -4.191000e-01
2.975200e+02 -4.300000e-01
2.975400e+02 -4.409000e-01
2.975600e+02 -4.518000e-01
2.975800e+02 -4.627000e-01
2.976000e+02 -4.736000e-01
2.976200e+02 -4.845000e-01
2.976400e+02 -4.954000e-01
2.976600e+02 -5.063000e-01
2.976800e+02 -5.172000e-01
2.977000e+02 -5.281000e-01
2.977200e+02 -5.390000e-01
2.977400e+02 -5.499000e-01
2.977600e+02 -5.607000e-01
2.977800e+02 -5.716000e-01
2.978000e+02 -5.825000e-01
2.978200e+02 -5.933000e-01
2.978400e+02 -6.042000e-01
2.978600e+02 -6.150000e-01
2.978800e+02 -6.259000e-01
2.979000e+02 -6.367000e-01
2.979200e+02 -6.475000e-01
2.979400e+02 -6.584000e-01
2.979600e+02 -6.692000e-01
2.979800e+02 -6.800000e-01
2.980000e+02 -6.908000e-01
2.980200e+02 -7.016000e-01
2.980400e+02 -7.124000e-01
2.980600e+02 -7.232000e-01
2.980800e+02 -7.340000e-01
2.981000e+02 -7.448000e-01
2.981200e+02 -7.556000e-01
2.981400e+02 -7.664000e-01
2.981600e+02 -7.771000e-01
2.981800e+02 -7.879000e-01
2.982000e+02 -7.986000e-01
2.982200e+02 -8.094000e-01
2.982400e+02 -8.201000e-01
2.982600e+02 -8.309000e-01
2.982800e+02 -8.416000e-01
2.983000e+02 -8.523000e-01
2.983200e+02 -8.630000e-01
2.983400e+02 -8.738000e-01
2.983600e+02 -8.845000e-01
2.983800e+02 -8.952000e-01
2.984000e+02 -9.059000e-01
2.984200e+02 -9.165000e-01
2.984400e+02 -9.272000e-01
2.984600e+02 -9.379000e-01
2.984800e+02 -9.486000e-01
2.985000e+02 -9.592000e-01
2.985200e+02 -9.699000e-01
2.985400e+02 -9.805000e-01
2.985600e+02 -9.911000e-01
2.985800e+02 -1.001800e+00
2.986000e+02 -1.012400e+00
2.986200e+02 -1.023000e+00
2.986400e+02 -1.033600e+00
2.986600e+02 -1.044200e+00
2.986800e+02 -1.054800e+00
2.987000e+02 -1.065400e+00
2.987200e+02 -1.075900e+00
2.987400e+02 -1.086500e+00
2.987600e+02 -1.097100e+00
2.987800e+02 -1.107600e+00
2.988000e+02 -1.118200e+00
2.988200e+02 -1.128700e+00
2.988400e+02 -1.139200e+00
2.988600e+02 -1.149700e+00
2.988800e+02 -1.160200e+00
2.989000e+02 -1.170700e+00
2.989200e+02 -1.181200e+00
2.989400e+02 -1.191700e+00
2.989600e+02 -1.202200e+00
2.989800e+02 -1.212600e+00
2.990000e+02 -1.223100e+00
2.990200e+02 -1.233500e+00
2.990400e+02 -1.244000e+00
2.990600e+02 -1.254400e+00
2.990800e+02 -1.264800e+00
2.991000e+02 -1.275200e+00
2.991200e+02 -1.285600e+00
2.991400e+02 -1.296000e+00
2.991600e+02 -1.306400e+00
2.991800e+02 -1.316800e+00
2.992000e+02 -1.327100e+00
2.992200e+02 -1.337500e+00
2.992400e+02 -1.347800e+00
2.992600e+02 -1.358200e+00
2.992800e+02 -1.368500e+00
2.993000e+02 -1.378800e+00
2.993200e+02 -1.389100e+00
2.993400e+02 -1.399400e+00
2.993600e+02 -1.409700e+00
2.993800e+02 -1.419900e+00
2.994000e+02 -1.430200e+00
2.994200e+02 -1.440400e+00
2.994400e+02 -1.450700e+00
2.994600e+02 -1.460900e+00
2.994800e+02 -1.471100e+00
2.995000e+02 -1.481300e+00
2.995200e+02 -1.491500e+00
2.995400e+02 -1.501700e+00
2.995600e+02 -1.511900e+00
2.995800e+02 -1.522100e+00
2.996000e+02 -1.532200e+00
2.996200e+02 -1.542300e+00
2.996400e+02 -1.552500e+00
2.996600e+02 -1.562600e+00
2.996800e+02 -1.572700e+00
2.997000e+02 -1.582800e+00
2.997200e+02 -1.592900e+00
2.997400e+02 -1.603000e+00
2.997600e+02 -1.613000e+00
2.997800e+02 -1.623100e+00
2.998000e+02 -1.633100e+00
2.998200e+02 -1.643100e+00
2.998400e+02 -1.653100e+00
2.998600e+02 -1.663100e+00
2.998800e+02 -1.673100e+00
2.999000e+02 -1.683100e+00
2.999200e+02 -1.693100e+00
2.999400e+02 -1.703000e+00
2.999600e+02 -1.713000e+00
2.999800e+02 -1.722900e+00
3.000000e+02 -1.732800e+00
