# SEA-Stack Verification Data
# format: timeseries
# source: inw
# model: f3of_decay_multicode
# quantity: dt1_heave
# units: s, m
# columns: Time(s) HEAVE(m)
0.000000e+00 -9.029850e+00
1.000200e-01 -9.029833e+00
2.000400e-01 -9.029786e+00
3.000600e-01 -9.029707e+00
4.000800e-01 -9.029598e+00
5.001000e-01 -9.029458e+00
6.001200e-01 -9.029289e+00
7.001400e-01 -9.029092e+00
8.001600e-01 -9.028867e+00
9.001800e-01 -9.028615e+00
1.000200e+00 -9.028338e+00
1.100220e+00 -9.028037e+00
1.200240e+00 -9.027713e+00
1.300260e+00 -9.027368e+00
1.400280e+00 -9.027003e+00
1.500300e+00 -9.026620e+00
1.600320e+00 -9.026221e+00
1.700340e+00 -9.025807e+00
1.800360e+00 -9.025380e+00
1.900380e+00 -9.024942e+00
2.000400e+00 -9.024495e+00
2.100420e+00 -9.024041e+00
2.200440e+00 -9.023583e+00
2.300460e+00 -9.023122e+00
2.400480e+00 -9.022661e+00
2.500500e+00 -9.022203e+00
2.600520e+00 -9.021749e+00
2.700540e+00 -9.021302e+00
2.800560e+00 -9.020865e+00
2.900580e+00 -9.020439e+00
3.000600e+00 -9.020027e+00
3.100620e+00 -9.019631e+00
3.200640e+00 -9.019253e+00
3.300660e+00 -9.018895e+00
3.400680e+00 -9.018558e+00
3.500700e+00 -9.018244e+00
3.600720e+00 -9.017955e+00
3.700740e+00 -9.017692e+00
3.800760e+00 -9.017456e+00
3.900780e+00 -9.017247e+00
4.000800e+00 -9.017067e+00
4.100820e+00 -9.016916e+00
4.200840e+00 -9.016796e+00
4.300860e+00 -9.016705e+00
4.400880e+00 -9.016645e+00
4.500900e+00 -9.016615e+00
4.600920e+00 -9.016615e+00
4.700940e+00 -9.016646e+00
4.800960e+00 -9.016707e+00
4.900980e+00 -9.016798e+00
5.001000e+00 -9.016917e+00
5.101020e+00 -9.017065e+00
5.201040e+00 -9.017241e+00
5.301060e+00 -9.017443e+00
5.401080e+00 -9.017672e+00
5.501100e+00 -9.017925e+00
5.601120e+00 -9.018202e+00
5.701140e+00 -9.018501e+00
5.801160e+00 -9.018821e+00
5.901180e+00 -9.019161e+00
6.001200e+00 -9.019519e+00
6.101220e+00 -9.019893e+00
6.201240e+00 -9.020282e+00
6.301260e+00 -9.020684e+00
6.401280e+00 -9.021097e+00
6.501300e+00 -9.021520e+00
6.601320e+00 -9.021949e+00
6.701340e+00 -9.022384e+00
6.801360e+00 -9.022822e+00
6.901380e+00 -9.023261e+00
7.001400e+00 -9.023699e+00
7.101420e+00 -9.024134e+00
7.201440e+00 -9.024564e+00
7.301460e+00 -9.024987e+00
7.401480e+00 -9.025401e+00
7.501500e+00 -9.025803e+00
7.601520e+00 -9.026193e+00
7.701540e+00 -9.026568e+00
7.801560e+00 -9.026926e+00
7.901580e+00 -9.027265e+00
8.001600e+00 -9.027584e+00
8.101620e+00 -9.027882e+00
8.201640e+00 -9.028157e+00
8.301660e+00 -9.028407e+00
8.401680e+00 -9.028632e+00
8.501700e+00 -9.028830e+00
8.601720e+00 -9.029000e+00
8.701740e+00 -9.029142e+00
8.801760e+00 -9.029254e+00
8.901780e+00 -9.029335e+00
9.001800e+00 -9.029386e+00
9.101820e+00 -9.029406e+00
9.201840e+00 -9.029394e+00
9.301860e+00 -9.029349e+00
9.401880e+00 -9.029273e+00
9.501900e+00 -9.029165e+00
9.601920e+00 -9.029025e+00
9.701940e+00 -9.028853e+00
9.801960e+00 -9.028649e+00
9.901980e+00 -9.028415e+00
1.000200e+01 -9.028152e+00
1.010202e+01 -9.027859e+00
1.020204e+01 -9.027539e+00
1.030206e+01 -9.027193e+00
1.040208e+01 -9.026821e+00
1.050210e+01 -9.026427e+00
1.060212e+01 -9.026012e+00
1.070214e+01 -9.025578e+00
1.080216e+01 -9.025127e+00
1.090218e+01 -9.024662e+00
1.100220e+01 -9.024185e+00
1.110222e+01 -9.023699e+00
1.120224e+01 -9.023206e+00
1.130226e+01 -9.022709e+00
1.140228e+01 -9.022212e+00
1.150230e+01 -9.021716e+00
1.160232e+01 -9.021224e+00
1.170234e+01 -9.020739e+00
1.180236e+01 -9.020265e+00
1.190238e+01 -9.019802e+00
1.200240e+01 -9.019355e+00
1.210242e+01 -9.018924e+00
1.220244e+01 -9.018514e+00
1.230246e+01 -9.018126e+00
1.240248e+01 -9.017762e+00
1.250250e+01 -9.017425e+00
1.260252e+01 -9.017117e+00
1.270254e+01 -9.016839e+00
1.280256e+01 -9.016593e+00
1.290258e+01 -9.016382e+00
1.300260e+01 -9.016205e+00
1.310262e+01 -9.016066e+00
1.320264e+01 -9.015964e+00
1.330266e+01 -9.015901e+00
1.340268e+01 -9.015877e+00
1.350270e+01 -9.015892e+00
1.360272e+01 -9.015947e+00
1.370274e+01 -9.016042e+00
1.380276e+01 -9.016175e+00
1.390278e+01 -9.016348e+00
1.400280e+01 -9.016557e+00
1.410282e+01 -9.016803e+00
1.420284e+01 -9.017085e+00
1.430286e+01 -9.017400e+00
1.440288e+01 -9.017747e+00
1.450290e+01 -9.018125e+00
1.460292e+01 -9.018530e+00
1.470294e+01 -9.018961e+00
1.480296e+01 -9.019416e+00
1.490298e+01 -9.019892e+00
1.500300e+01 -9.020387e+00
1.510302e+01 -9.020898e+00
1.520304e+01 -9.021421e+00
1.530306e+01 -9.021955e+00
1.540308e+01 -9.022496e+00
1.550310e+01 -9.023041e+00
1.560312e+01 -9.023587e+00
1.570314e+01 -9.024131e+00
1.580316e+01 -9.024671e+00
1.590318e+01 -9.025203e+00
1.600320e+01 -9.025723e+00
1.610322e+01 -9.026230e+00
1.620324e+01 -9.026721e+00
1.630326e+01 -9.027192e+00
1.640328e+01 -9.027642e+00
1.650330e+01 -9.028067e+00
1.660332e+01 -9.028467e+00
1.670334e+01 -9.028837e+00
1.680336e+01 -9.029178e+00
1.690338e+01 -9.029486e+00
1.700340e+01 -9.029761e+00
1.710342e+01 -9.030001e+00
1.720344e+01 -9.030205e+00
1.730346e+01 -9.030373e+00
1.740348e+01 -9.030504e+00
1.750350e+01 -9.030597e+00
1.760352e+01 -9.030653e+00
1.770354e+01 -9.030672e+00
1.780356e+01 -9.030653e+00
1.790358e+01 -9.030599e+00
1.800360e+01 -9.030509e+00
1.810362e+01 -9.030384e+00
1.820364e+01 -9.030227e+00
1.830366e+01 -9.030038e+00
1.840368e+01 -9.029819e+00
1.850370e+01 -9.029572e+00
1.860372e+01 -9.029299e+00
1.870374e+01 -9.029003e+00
1.880376e+01 -9.028684e+00
1.890378e+01 -9.028347e+00
1.900380e+01 -9.027993e+00
1.910382e+01 -9.027625e+00
1.920384e+01 -9.027245e+00
1.930386e+01 -9.026856e+00
1.940388e+01 -9.026461e+00
1.950390e+01 -9.026061e+00
1.960392e+01 -9.025661e+00
1.970394e+01 -9.025261e+00
1.980396e+01 -9.024865e+00
1.990398e+01 -9.024474e+00
2.000400e+01 -9.024091e+00
2.010402e+01 -9.023718e+00
2.020404e+01 -9.023356e+00
2.030406e+01 -9.023008e+00
2.040408e+01 -9.022676e+00
2.050410e+01 -9.022360e+00
2.060412e+01 -9.022062e+00
2.070414e+01 -9.021783e+00
2.080416e+01 -9.021525e+00
2.090418e+01 -9.021288e+00
2.100420e+01 -9.021074e+00
2.110422e+01 -9.020883e+00
2.120424e+01 -9.020715e+00
2.130426e+01 -9.020572e+00
2.140428e+01 -9.020452e+00
2.150430e+01 -9.020357e+00
2.160432e+01 -9.020287e+00
2.170434e+01 -9.020241e+00
2.180436e+01 -9.020219e+00
2.190438e+01 -9.020220e+00
2.200440e+01 -9.020245e+00
2.210442e+01 -9.020292e+00
2.220444e+01 -9.020360e+00
2.230446e+01 -9.020449e+00
2.240448e+01 -9.020558e+00
2.250450e+01 -9.020684e+00
2.260452e+01 -9.020828e+00
2.270454e+01 -9.020988e+00
2.280456e+01 -9.021161e+00
2.290458e+01 -9.021348e+00
2.300460e+01 -9.021547e+00
2.310462e+01 -9.021755e+00
2.320464e+01 -9.021972e+00
2.330466e+01 -9.022196e+00
2.340468e+01 -9.022426e+00
2.350470e+01 -9.022661e+00
2.360472e+01 -9.022899e+00
2.370474e+01 -9.023139e+00
2.380476e+01 -9.023379e+00
2.390478e+01 -9.023620e+00
2.400480e+01 -9.023858e+00
2.410482e+01 -9.024095e+00
2.420484e+01 -9.024328e+00
2.430486e+01 -9.024557e+00
2.440488e+01 -9.024782e+00
2.450490e+01 -9.025001e+00
2.460492e+01 -9.025214e+00
2.470494e+01 -9.025420e+00
2.480496e+01 -9.025620e+00
2.490498e+01 -9.025813e+00
2.500500e+01 -9.025998e+00
2.510502e+01 -9.026176e+00
2.520504e+01 -9.026346e+00
2.530506e+01 -9.026509e+00
2.540508e+01 -9.026664e+00
2.550510e+01 -9.026811e+00
2.560512e+01 -9.026950e+00
2.570514e+01 -9.027081e+00
2.580516e+01 -9.027204e+00
2.590518e+01 -9.027320e+00
2.600520e+01 -9.027428e+00
2.610522e+01 -9.027527e+00
2.620524e+01 -9.027619e+00
2.630526e+01 -9.027703e+00
2.640528e+01 -9.027778e+00
2.650530e+01 -9.027845e+00
2.660532e+01 -9.027904e+00
2.670534e+01 -9.027954e+00
2.680536e+01 -9.027996e+00
2.690538e+01 -9.028029e+00
2.700540e+01 -9.028053e+00
2.710542e+01 -9.028068e+00
2.720544e+01 -9.028074e+00
2.730546e+01 -9.028071e+00
2.740548e+01 -9.028059e+00
2.750550e+01 -9.028036e+00
2.760552e+01 -9.028004e+00
2.770554e+01 -9.027962e+00
2.780556e+01 -9.027910e+00
2.790558e+01 -9.027847e+00
2.800560e+01 -9.027774e+00
2.810562e+01 -9.027690e+00
2.820564e+01 -9.027595e+00
2.830566e+01 -9.027489e+00
2.840568e+01 -9.027371e+00
2.850570e+01 -9.027242e+00
2.860572e+01 -9.027101e+00
2.870574e+01 -9.026949e+00
2.880576e+01 -9.026785e+00
2.890578e+01 -9.026609e+00
2.900580e+01 -9.026422e+00
2.910582e+01 -9.026224e+00
2.920584e+01 -9.026015e+00
2.930586e+01 -9.025796e+00
2.940588e+01 -9.025566e+00
2.950590e+01 -9.025327e+00
2.960592e+01 -9.025078e+00
2.970594e+01 -9.024821e+00
2.980596e+01 -9.024557e+00
2.990598e+01 -9.024286e+00
3.000600e+01 -9.024009e+00
3.010602e+01 -9.023727e+00
3.020604e+01 -9.023441e+00
3.030606e+01 -9.023153e+00
3.040608e+01 -9.022863e+00
3.050610e+01 -9.022573e+00
3.060612e+01 -9.022284e+00
3.070614e+01 -9.021997e+00
3.080616e+01 -9.021715e+00
3.090618e+01 -9.021437e+00
3.100620e+01 -9.021167e+00
3.110622e+01 -9.020904e+00
3.120624e+01 -9.020651e+00
3.130626e+01 -9.020409e+00
3.140628e+01 -9.020180e+00
3.150630e+01 -9.019965e+00
3.160632e+01 -9.019765e+00
3.170634e+01 -9.019582e+00
3.180636e+01 -9.019416e+00
3.190638e+01 -9.019270e+00
3.200640e+01 -9.019144e+00
3.210642e+01 -9.019039e+00
3.220644e+01 -9.018955e+00
3.230646e+01 -9.018895e+00
3.240648e+01 -9.018858e+00
3.250650e+01 -9.018844e+00
3.260652e+01 -9.018855e+00
3.270654e+01 -9.018889e+00
3.280656e+01 -9.018949e+00
3.290658e+01 -9.019032e+00
3.300660e+01 -9.019139e+00
3.310662e+01 -9.019270e+00
3.320664e+01 -9.019424e+00
3.330666e+01 -9.019601e+00
3.340668e+01 -9.019799e+00
3.350670e+01 -9.020017e+00
3.360672e+01 -9.020256e+00
3.370674e+01 -9.020512e+00
3.380676e+01 -9.020786e+00
3.390678e+01 -9.021076e+00
3.400680e+01 -9.021380e+00
3.410682e+01 -9.021696e+00
3.420684e+01 -9.022023e+00
3.430686e+01 -9.022360e+00
3.440688e+01 -9.022703e+00
3.450690e+01 -9.023052e+00
3.460692e+01 -9.023404e+00
3.470694e+01 -9.023757e+00
3.480696e+01 -9.024109e+00
3.490698e+01 -9.024459e+00
3.500700e+01 -9.024803e+00
3.510702e+01 -9.025141e+00
3.520704e+01 -9.025470e+00
3.530706e+01 -9.025788e+00
3.540708e+01 -9.026093e+00
3.550710e+01 -9.026384e+00
3.560712e+01 -9.026659e+00
3.570714e+01 -9.026915e+00
3.580716e+01 -9.027153e+00
3.590718e+01 -9.027369e+00
3.600720e+01 -9.027564e+00
3.610722e+01 -9.027735e+00
3.620724e+01 -9.027882e+00
3.630726e+01 -9.028004e+00
3.640728e+01 -9.028100e+00
3.650730e+01 -9.028170e+00
3.660732e+01 -9.028212e+00
3.670734e+01 -9.028227e+00
3.680736e+01 -9.028214e+00
3.690738e+01 -9.028173e+00
3.700740e+01 -9.028105e+00
3.710742e+01 -9.028010e+00
3.720744e+01 -9.027887e+00
3.730746e+01 -9.027739e+00
3.740748e+01 -9.027564e+00
3.750750e+01 -9.027366e+00
3.760752e+01 -9.027143e+00
3.770754e+01 -9.026898e+00
3.780756e+01 -9.026632e+00
3.790758e+01 -9.026346e+00
3.800760e+01 -9.026043e+00
3.810762e+01 -9.025722e+00
3.820764e+01 -9.025387e+00
3.830766e+01 -9.025039e+00
3.840768e+01 -9.024680e+00
3.850770e+01 -9.024311e+00
3.860772e+01 -9.023936e+00
3.870774e+01 -9.023555e+00
3.880776e+01 -9.023170e+00
3.890778e+01 -9.022785e+00
3.900780e+01 -9.022400e+00
3.910782e+01 -9.022018e+00
3.920784e+01 -9.021641e+00
3.930786e+01 -9.021270e+00
3.940788e+01 -9.020907e+00
3.950790e+01 -9.020555e+00
3.960792e+01 -9.020215e+00
3.970794e+01 -9.019888e+00
3.980796e+01 -9.019577e+00
3.990798e+01 -9.019283e+00
4.000800e+01 -9.019006e+00
4.010802e+01 -9.018750e+00
4.020804e+01 -9.018514e+00
4.030806e+01 -9.018300e+00
4.040808e+01 -9.018109e+00
4.050810e+01 -9.017942e+00
4.060812e+01 -9.017799e+00
4.070814e+01 -9.017682e+00
4.080816e+01 -9.017590e+00
4.090818e+01 -9.017524e+00
4.100820e+01 -9.017485e+00
4.110822e+01 -9.017472e+00
4.120824e+01 -9.017486e+00
4.130826e+01 -9.017526e+00
4.140828e+01 -9.017593e+00
4.150830e+01 -9.017685e+00
4.160832e+01 -9.017803e+00
4.170834e+01 -9.017946e+00
4.180836e+01 -9.018113e+00
4.190838e+01 -9.018303e+00
4.200840e+01 -9.018516e+00
4.210842e+01 -9.018750e+00
4.220844e+01 -9.019005e+00
4.230846e+01 -9.019280e+00
4.240848e+01 -9.019572e+00
4.250850e+01 -9.019881e+00
4.260852e+01 -9.020205e+00
4.270854e+01 -9.020543e+00
4.280856e+01 -9.020893e+00
4.290858e+01 -9.021254e+00
4.300860e+01 -9.021623e+00
4.310862e+01 -9.022000e+00
4.320864e+01 -9.022382e+00
4.330866e+01 -9.022767e+00
4.340868e+01 -9.023154e+00
4.350870e+01 -9.023541e+00
4.360872e+01 -9.023926e+00
4.370874e+01 -9.024307e+00
4.380876e+01 -9.024683e+00
4.390878e+01 -9.025052e+00
4.400880e+01 -9.025412e+00
4.410882e+01 -9.025761e+00
4.420884e+01 -9.026098e+00
4.430886e+01 -9.026421e+00
4.440888e+01 -9.026730e+00
4.450890e+01 -9.027021e+00
4.460892e+01 -9.027296e+00
4.470894e+01 -9.027551e+00
4.480896e+01 -9.027786e+00
4.490898e+01 -9.028000e+00
4.500900e+01 -9.028191e+00
4.510902e+01 -9.028360e+00
4.520904e+01 -9.028505e+00
4.530906e+01 -9.028626e+00
4.540908e+01 -9.028722e+00
4.550910e+01 -9.028792e+00
4.560912e+01 -9.028836e+00
4.570914e+01 -9.028855e+00
4.580916e+01 -9.028847e+00
4.590918e+01 -9.028813e+00
4.600920e+01 -9.028753e+00
4.610922e+01 -9.028668e+00
4.620924e+01 -9.028557e+00
4.630926e+01 -9.028421e+00
4.640928e+01 -9.028261e+00
4.650930e+01 -9.028078e+00
4.660932e+01 -9.027872e+00
4.670934e+01 -9.027644e+00
4.680936e+01 -9.027396e+00
4.690938e+01 -9.027129e+00
4.700940e+01 -9.026843e+00
4.710942e+01 -9.026541e+00
4.720944e+01 -9.026223e+00
4.730946e+01 -9.025892e+00
4.740948e+01 -9.025549e+00
4.750950e+01 -9.025195e+00
4.760952e+01 -9.024832e+00
4.770954e+01 -9.024463e+00
4.780956e+01 -9.024088e+00
4.790958e+01 -9.023709e+00
4.800960e+01 -9.023329e+00
4.810962e+01 -9.022950e+00
4.820964e+01 -9.022572e+00
4.830966e+01 -9.022199e+00
4.840968e+01 -9.021831e+00
4.850970e+01 -9.021471e+00
4.860972e+01 -9.021120e+00
4.870974e+01 -9.020780e+00
4.880976e+01 -9.020453e+00
4.890978e+01 -9.020141e+00
4.900980e+01 -9.019844e+00
4.910982e+01 -9.019564e+00
4.920984e+01 -9.019303e+00
4.930986e+01 -9.019062e+00
4.940988e+01 -9.018842e+00
4.950990e+01 -9.018644e+00
4.960992e+01 -9.018469e+00
4.970994e+01 -9.018317e+00
4.980996e+01 -9.018190e+00
4.990998e+01 -9.018088e+00
5.001000e+01 -9.018012e+00
5.011002e+01 -9.017961e+00
5.021004e+01 -9.017937e+00
5.031006e+01 -9.017939e+00
5.041008e+01 -9.017967e+00
5.051010e+01 -9.018021e+00
5.061012e+01 -9.018100e+00
5.071014e+01 -9.018205e+00
5.081016e+01 -9.018335e+00
5.091018e+01 -9.018488e+00
5.101020e+01 -9.018665e+00
5.111022e+01 -9.018864e+00
5.121024e+01 -9.019084e+00
5.131026e+01 -9.019324e+00
5.141028e+01 -9.019583e+00
5.151030e+01 -9.019859e+00
5.161032e+01 -9.020151e+00
5.171034e+01 -9.020458e+00
5.181036e+01 -9.020777e+00
5.191038e+01 -9.021108e+00
5.201040e+01 -9.021449e+00
5.211042e+01 -9.021798e+00
5.221044e+01 -9.022153e+00
5.231046e+01 -9.022512e+00
5.241048e+01 -9.022875e+00
5.251050e+01 -9.023238e+00
5.261052e+01 -9.023601e+00
5.271054e+01 -9.023962e+00
5.281056e+01 -9.024318e+00
5.291058e+01 -9.024669e+00
5.301060e+01 -9.025012e+00
5.311062e+01 -9.025346e+00
5.321064e+01 -9.025670e+00
5.331066e+01 -9.025981e+00
5.341068e+01 -9.026278e+00
5.351070e+01 -9.026561e+00
5.361072e+01 -9.026827e+00
5.371074e+01 -9.027075e+00
5.381076e+01 -9.027305e+00
5.391078e+01 -9.027514e+00
5.401080e+01 -9.027703e+00
5.411082e+01 -9.027870e+00
5.421084e+01 -9.028014e+00
5.431086e+01 -9.028135e+00
5.441088e+01 -9.028232e+00
5.451090e+01 -9.028305e+00
5.461092e+01 -9.028353e+00
5.471094e+01 -9.028376e+00
5.481096e+01 -9.028374e+00
5.491098e+01 -9.028348e+00
5.501100e+01 -9.028296e+00
5.511102e+01 -9.028219e+00
5.521104e+01 -9.028118e+00
5.531106e+01 -9.027993e+00
5.541108e+01 -9.027845e+00
5.551110e+01 -9.027674e+00
5.561112e+01 -9.027481e+00
5.571114e+01 -9.027266e+00
5.581116e+01 -9.027031e+00
5.591118e+01 -9.026777e+00
5.601120e+01 -9.026505e+00
5.611122e+01 -9.026215e+00
5.621124e+01 -9.025910e+00
5.631126e+01 -9.025591e+00
5.641128e+01 -9.025258e+00
5.651130e+01 -9.024914e+00
5.661132e+01 -9.024559e+00
5.671134e+01 -9.024197e+00
5.681136e+01 -9.023827e+00
5.691138e+01 -9.023452e+00
5.701140e+01 -9.023073e+00
5.711142e+01 -9.022693e+00
5.721144e+01 -9.022312e+00
5.731146e+01 -9.021933e+00
5.741148e+01 -9.021557e+00
5.751150e+01 -9.021186e+00
5.761152e+01 -9.020821e+00
5.771154e+01 -9.020465e+00
5.781156e+01 -9.020119e+00
5.791158e+01 -9.019784e+00
5.801160e+01 -9.019463e+00
5.811162e+01 -9.019156e+00
5.821164e+01 -9.018865e+00
5.831166e+01 -9.018592e+00
5.841168e+01 -9.018338e+00
5.851170e+01 -9.018104e+00
5.861172e+01 -9.017892e+00
5.871174e+01 -9.017703e+00
5.881176e+01 -9.017538e+00
5.891178e+01 -9.017397e+00
5.901180e+01 -9.017282e+00
5.911182e+01 -9.017194e+00
5.921184e+01 -9.017133e+00
5.931186e+01 -9.017100e+00
5.941188e+01 -9.017095e+00
5.951190e+01 -9.017118e+00
5.961192e+01 -9.017170e+00
5.971194e+01 -9.017251e+00
5.981196e+01 -9.017359e+00
5.991198e+01 -9.017496e+00
6.001200e+01 -9.017661e+00
6.011202e+01 -9.017852e+00
6.021204e+01 -9.018071e+00
6.031206e+01 -9.018314e+00
6.041208e+01 -9.018583e+00
6.051210e+01 -9.018875e+00
6.061212e+01 -9.019189e+00
6.071214e+01 -9.019525e+00
6.081216e+01 -9.019880e+00
6.091218e+01 -9.020253e+00
6.101220e+01 -9.020642e+00
6.111222e+01 -9.021046e+00
6.121224e+01 -9.021463e+00
6.131226e+01 -9.021891e+00
6.141228e+01 -9.022327e+00
6.151230e+01 -9.022770e+00
6.161232e+01 -9.023217e+00
6.171234e+01 -9.023667e+00
6.181236e+01 -9.024117e+00
6.191238e+01 -9.024564e+00
6.201240e+01 -9.025007e+00
6.211242e+01 -9.025444e+00
6.221244e+01 -9.025872e+00
6.231246e+01 -9.026288e+00
6.241248e+01 -9.026692e+00
6.251250e+01 -9.027080e+00
6.261252e+01 -9.027450e+00
6.271254e+01 -9.027801e+00
6.281256e+01 -9.028131e+00
6.291258e+01 -9.028438e+00
6.301260e+01 -9.028720e+00
6.311262e+01 -9.028976e+00
6.321264e+01 -9.029205e+00
6.331266e+01 -9.029404e+00
6.341268e+01 -9.029574e+00
6.351270e+01 -9.029712e+00
6.361272e+01 -9.029819e+00
6.371274e+01 -9.029894e+00
6.381276e+01 -9.029936e+00
6.391278e+01 -9.029944e+00
6.401280e+01 -9.029920e+00
6.411282e+01 -9.029863e+00
6.421284e+01 -9.029773e+00
6.431286e+01 -9.029651e+00
6.441288e+01 -9.029498e+00
6.451290e+01 -9.029314e+00
6.461292e+01 -9.029100e+00
6.471294e+01 -9.028859e+00
6.481296e+01 -9.028590e+00
6.491298e+01 -9.028296e+00
6.501300e+01 -9.027979e+00
6.511302e+01 -9.027640e+00
6.521304e+01 -9.027281e+00
6.531306e+01 -9.026904e+00
6.541308e+01 -9.026512e+00
6.551310e+01 -9.026107e+00
6.561312e+01 -9.025692e+00
6.571314e+01 -9.025268e+00
6.581316e+01 -9.024838e+00
6.591318e+01 -9.024405e+00
6.601320e+01 -9.023972e+00
6.611322e+01 -9.023540e+00
6.621324e+01 -9.023114e+00
6.631326e+01 -9.022694e+00
6.641328e+01 -9.022284e+00
6.651330e+01 -9.021885e+00
6.661332e+01 -9.021501e+00
6.671334e+01 -9.021134e+00
6.681336e+01 -9.020785e+00
6.691338e+01 -9.020457e+00
6.701340e+01 -9.020152e+00
6.711342e+01 -9.019871e+00
6.721344e+01 -9.019617e+00
6.731346e+01 -9.019390e+00
6.741348e+01 -9.019191e+00
6.751350e+01 -9.019023e+00
6.761352e+01 -9.018886e+00
6.771354e+01 -9.018780e+00
6.781356e+01 -9.018707e+00
6.791358e+01 -9.018666e+00
6.801360e+01 -9.018658e+00
6.811362e+01 -9.018683e+00
6.821364e+01 -9.018741e+00
6.831366e+01 -9.018830e+00
6.841368e+01 -9.018951e+00
6.851370e+01 -9.019102e+00
6.861372e+01 -9.019284e+00
6.871374e+01 -9.019494e+00
6.881376e+01 -9.019731e+00
6.891378e+01 -9.019993e+00
6.901380e+01 -9.020280e+00
6.911382e+01 -9.020590e+00
6.921384e+01 -9.020920e+00
6.931386e+01 -9.021269e+00
6.941388e+01 -9.021634e+00
6.951390e+01 -9.022015e+00
6.961392e+01 -9.022407e+00
6.971394e+01 -9.022810e+00
6.981396e+01 -9.023221e+00
6.991398e+01 -9.023637e+00
7.001400e+01 -9.024057e+00
7.011402e+01 -9.024478e+00
7.021404e+01 -9.024897e+00
7.031406e+01 -9.025314e+00
7.041408e+01 -9.025724e+00
7.051410e+01 -9.026127e+00
7.061412e+01 -9.026521e+00
7.071414e+01 -9.026902e+00
7.081416e+01 -9.027270e+00
7.091418e+01 -9.027622e+00
7.101420e+01 -9.027957e+00
7.111422e+01 -9.028273e+00
7.121424e+01 -9.028570e+00
7.131426e+01 -9.028844e+00
7.141428e+01 -9.029096e+00
7.151430e+01 -9.029325e+00
7.161432e+01 -9.029528e+00
7.171434e+01 -9.029707e+00
7.181436e+01 -9.029860e+00
7.191438e+01 -9.029987e+00
7.201440e+01 -9.030087e+00
7.211442e+01 -9.030160e+00
7.221444e+01 -9.030207e+00
7.231446e+01 -9.030228e+00
7.241448e+01 -9.030222e+00
7.251450e+01 -9.030191e+00
7.261452e+01 -9.030136e+00
7.271454e+01 -9.030055e+00
7.281456e+01 -9.029952e+00
7.291458e+01 -9.029825e+00
7.301460e+01 -9.029677e+00
7.311462e+01 -9.029509e+00
7.321464e+01 -9.029322e+00
7.331466e+01 -9.029116e+00
7.341468e+01 -9.028894e+00
7.351470e+01 -9.028656e+00
7.361472e+01 -9.028404e+00
7.371474e+01 -9.028140e+00
7.381476e+01 -9.027865e+00
7.391478e+01 -9.027579e+00
7.401480e+01 -9.027286e+00
7.411482e+01 -9.026985e+00
7.421484e+01 -9.026679e+00
7.431486e+01 -9.026370e+00
7.441488e+01 -9.026057e+00
7.451490e+01 -9.025743e+00
7.461492e+01 -9.025429e+00
7.471494e+01 -9.025117e+00
7.481496e+01 -9.024807e+00
7.491498e+01 -9.024501e+00
7.501500e+01 -9.024200e+00
7.511502e+01 -9.023905e+00
7.521504e+01 -9.023618e+00
7.531506e+01 -9.023338e+00
7.541508e+01 -9.023068e+00
7.551510e+01 -9.022807e+00
7.561512e+01 -9.022557e+00
7.571514e+01 -9.022319e+00
7.581516e+01 -9.022093e+00
7.591518e+01 -9.021880e+00
7.601520e+01 -9.021680e+00
7.611522e+01 -9.021494e+00
7.621524e+01 -9.021322e+00
7.631526e+01 -9.021165e+00
7.641528e+01 -9.021023e+00
7.651530e+01 -9.020896e+00
7.661532e+01 -9.020784e+00
7.671534e+01 -9.020688e+00
7.681536e+01 -9.020607e+00
7.691538e+01 -9.020542e+00
7.701540e+01 -9.020492e+00
7.711542e+01 -9.020458e+00
7.721544e+01 -9.020439e+00
7.731546e+01 -9.020435e+00
7.741548e+01 -9.020446e+00
7.751550e+01 -9.020471e+00
7.761552e+01 -9.020511e+00
7.771554e+01 -9.020565e+00
7.781556e+01 -9.020632e+00
7.791558e+01 -9.020713e+00
7.801560e+01 -9.020806e+00
7.811562e+01 -9.020912e+00
7.821564e+01 -9.021029e+00
7.831566e+01 -9.021158e+00
7.841568e+01 -9.021298e+00
7.851570e+01 -9.021448e+00
7.861572e+01 -9.021608e+00
7.871574e+01 -9.021776e+00
7.881576e+01 -9.021953e+00
7.891578e+01 -9.022138e+00
7.901580e+01 -9.022329e+00
7.911582e+01 -9.022527e+00
7.921584e+01 -9.022731e+00
7.931586e+01 -9.022939e+00
7.941588e+01 -9.023152e+00
7.951590e+01 -9.023367e+00
7.961592e+01 -9.023585e+00
7.971594e+01 -9.023804e+00
7.981596e+01 -9.024024e+00
7.991598e+01 -9.024243e+00
8.001600e+01 -9.024462e+00
8.011602e+01 -9.024678e+00
8.021604e+01 -9.024891e+00
8.031606e+01 -9.025100e+00
8.041608e+01 -9.025304e+00
8.051610e+01 -9.025502e+00
8.061612e+01 -9.025693e+00
8.071614e+01 -9.025877e+00
8.081616e+01 -9.026051e+00
8.091618e+01 -9.026216e+00
8.101620e+01 -9.026371e+00
8.111622e+01 -9.026514e+00
8.121624e+01 -9.026645e+00
8.131626e+01 -9.026763e+00
8.141628e+01 -9.026868e+00
8.151630e+01 -9.026958e+00
8.161632e+01 -9.027032e+00
8.171634e+01 -9.027092e+00
8.181636e+01 -9.027135e+00
8.191638e+01 -9.027162e+00
8.201640e+01 -9.027172e+00
8.211642e+01 -9.027164e+00
8.221644e+01 -9.027140e+00
8.231646e+01 -9.027097e+00
8.241648e+01 -9.027038e+00
8.251650e+01 -9.026960e+00
8.261652e+01 -9.026865e+00
8.271654e+01 -9.026753e+00
8.281656e+01 -9.026624e+00
8.291658e+01 -9.026478e+00
8.301660e+01 -9.026316e+00
8.311662e+01 -9.026138e+00
8.321664e+01 -9.025945e+00
8.331666e+01 -9.025738e+00
8.341668e+01 -9.025518e+00
8.351670e+01 -9.025284e+00
8.361672e+01 -9.025039e+00
8.371674e+01 -9.024783e+00
8.381676e+01 -9.024518e+00
8.391678e+01 -9.024244e+00
8.401680e+01 -9.023963e+00
8.411682e+01 -9.023676e+00
8.421684e+01 -9.023383e+00
8.431686e+01 -9.023088e+00
8.441688e+01 -9.022790e+00
8.451690e+01 -9.022492e+00
8.461692e+01 -9.022195e+00
8.471694e+01 -9.021900e+00
8.481696e+01 -9.021608e+00
8.491698e+01 -9.021321e+00
8.501700e+01 -9.021041e+00
8.511702e+01 -9.020769e+00
8.521704e+01 -9.020505e+00
8.531706e+01 -9.020253e+00
8.541708e+01 -9.020012e+00
8.551710e+01 -9.019784e+00
8.561712e+01 -9.019570e+00
8.571714e+01 -9.019372e+00
8.581716e+01 -9.019190e+00
8.591718e+01 -9.019025e+00
8.601720e+01 -9.018879e+00
8.611722e+01 -9.018752e+00
8.621724e+01 -9.018644e+00
8.631726e+01 -9.018557e+00
8.641728e+01 -9.018490e+00
8.651730e+01 -9.018445e+00
8.661732e+01 -9.018422e+00
8.671734e+01 -9.018420e+00
8.681736e+01 -9.018440e+00
8.691738e+01 -9.018482e+00
8.701740e+01 -9.018545e+00
8.711742e+01 -9.018629e+00
8.721744e+01 -9.018735e+00
8.731746e+01 -9.018861e+00
8.741748e+01 -9.019007e+00
8.751750e+01 -9.019172e+00
8.761752e+01 -9.019355e+00
8.771754e+01 -9.019556e+00
8.781756e+01 -9.019774e+00
8.791758e+01 -9.020007e+00
8.801760e+01 -9.020255e+00
8.811762e+01 -9.020515e+00
8.821764e+01 -9.020788e+00
8.831766e+01 -9.021071e+00
8.841768e+01 -9.021364e+00
8.851770e+01 -9.021664e+00
8.861772e+01 -9.021971e+00
8.871774e+01 -9.022282e+00
8.881776e+01 -9.022598e+00
8.891778e+01 -9.022915e+00
8.901780e+01 -9.023232e+00
8.911782e+01 -9.023549e+00
8.921784e+01 -9.023863e+00
8.931786e+01 -9.024173e+00
8.941788e+01 -9.024477e+00
8.951790e+01 -9.024774e+00
8.961792e+01 -9.025063e+00
8.971794e+01 -9.025343e+00
8.981796e+01 -9.025611e+00
8.991798e+01 -9.025868e+00
9.001800e+01 -9.026111e+00
9.011802e+01 -9.026339e+00
9.021804e+01 -9.026552e+00
9.031806e+01 -9.026749e+00
9.041808e+01 -9.026928e+00
9.051810e+01 -9.027089e+00
9.061812e+01 -9.027231e+00
9.071814e+01 -9.027354e+00
9.081816e+01 -9.027457e+00
9.091818e+01 -9.027539e+00
9.101820e+01 -9.027601e+00
9.111822e+01 -9.027642e+00
9.121824e+01 -9.027661e+00
9.131826e+01 -9.027660e+00
9.141828e+01 -9.027637e+00
9.151830e+01 -9.027593e+00
9.161832e+01 -9.027529e+00
9.171834e+01 -9.027445e+00
9.181836e+01 -9.027340e+00
9.191838e+01 -9.027217e+00
9.201840e+01 -9.027074e+00
9.211842e+01 -9.026914e+00
9.221844e+01 -9.026737e+00
9.231846e+01 -9.026543e+00
9.241848e+01 -9.026334e+00
9.251850e+01 -9.026111e+00
9.261852e+01 -9.025875e+00
9.271854e+01 -9.025627e+00
9.281856e+01 -9.025369e+00
9.291858e+01 -9.025100e+00
9.301860e+01 -9.024824e+00
9.311862e+01 -9.024541e+00
9.321864e+01 -9.024252e+00
9.331866e+01 -9.023960e+00
9.341868e+01 -9.023665e+00
9.351870e+01 -9.023368e+00
9.361872e+01 -9.023072e+00
9.371874e+01 -9.022777e+00
9.381876e+01 -9.022485e+00
9.391878e+01 -9.022198e+00
9.401880e+01 -9.021916e+00
9.411882e+01 -9.021642e+00
9.421884e+01 -9.021376e+00
9.431886e+01 -9.021119e+00
9.441888e+01 -9.020873e+00
9.451890e+01 -9.020640e+00
9.461892e+01 -9.020419e+00
9.471894e+01 -9.020213e+00
9.481896e+01 -9.020021e+00
9.491898e+01 -9.019846e+00
9.501900e+01 -9.019688e+00
9.511902e+01 -9.019547e+00
9.521904e+01 -9.019425e+00
9.531906e+01 -9.019322e+00
9.541908e+01 -9.019238e+00
9.551910e+01 -9.019174e+00
9.561912e+01 -9.019130e+00
9.571914e+01 -9.019107e+00
9.581916e+01 -9.019105e+00
9.591918e+01 -9.019123e+00
9.601920e+01 -9.019162e+00
9.611922e+01 -9.019221e+00
9.621924e+01 -9.019300e+00
9.631926e+01 -9.019399e+00
9.641928e+01 -9.019518e+00
9.651930e+01 -9.019656e+00
9.661932e+01 -9.019811e+00
9.671934e+01 -9.019984e+00
9.681936e+01 -9.020174e+00
9.691938e+01 -9.020379e+00
9.701940e+01 -9.020599e+00
9.711942e+01 -9.020833e+00
9.721944e+01 -9.021079e+00
9.731946e+01 -9.021337e+00
9.741948e+01 -9.021604e+00
9.751950e+01 -9.021881e+00
9.761952e+01 -9.022164e+00
9.771954e+01 -9.022454e+00
9.781956e+01 -9.022748e+00
9.791958e+01 -9.023046e+00
9.801960e+01 -9.023345e+00
9.811962e+01 -9.023645e+00
9.821964e+01 -9.023943e+00
9.831966e+01 -9.024239e+00
9.841968e+01 -9.024530e+00
9.851970e+01 -9.024816e+00
9.861972e+01 -9.025095e+00
9.871974e+01 -9.025365e+00
9.881976e+01 -9.025626e+00
9.891978e+01 -9.025876e+00
9.901980e+01 -9.026114e+00
9.911982e+01 -9.026338e+00
9.921984e+01 -9.026548e+00
9.931986e+01 -9.026742e+00
9.941988e+01 -9.026920e+00
9.951990e+01 -9.027080e+00
9.961992e+01 -9.027222e+00
9.971994e+01 -9.027345e+00
9.981996e+01 -9.027449e+00
9.991998e+01 -9.027532e+00
1.000200e+02 -9.027595e+00
1.001200e+02 -9.027638e+00
1.002200e+02 -9.027659e+00
1.003201e+02 -9.027659e+00
1.004201e+02 -9.027638e+00
1.005201e+02 -9.027596e+00
1.006201e+02 -9.027533e+00
1.007201e+02 -9.027450e+00
1.008202e+02 -9.027346e+00
1.009202e+02 -9.027223e+00
1.010202e+02 -9.027080e+00
1.011202e+02 -9.026919e+00
1.012202e+02 -9.026740e+00
1.013203e+02 -9.026544e+00
1.014203e+02 -9.026333e+00
1.015203e+02 -9.026106e+00
1.016203e+02 -9.025865e+00
1.017203e+02 -9.025612e+00
1.018204e+02 -9.025347e+00
1.019204e+02 -9.025071e+00
1.020204e+02 -9.024787e+00
1.021204e+02 -9.024495e+00
1.022204e+02 -9.024196e+00
1.023205e+02 -9.023892e+00
1.024205e+02 -9.023585e+00
1.025205e+02 -9.023276e+00
1.026205e+02 -9.022965e+00
1.027205e+02 -9.022656e+00
1.028206e+02 -9.022348e+00
1.029206e+02 -9.022044e+00
1.030206e+02 -9.021745e+00
1.031206e+02 -9.021452e+00
1.032206e+02 -9.021166e+00
1.033207e+02 -9.020889e+00
1.034207e+02 -9.020622e+00
1.035207e+02 -9.020367e+00
1.036207e+02 -9.020123e+00
1.037207e+02 -9.019893e+00
1.038208e+02 -9.019677e+00
1.039208e+02 -9.019477e+00
1.040208e+02 -9.019292e+00
1.041208e+02 -9.019125e+00
1.042208e+02 -9.018975e+00
1.043209e+02 -9.018843e+00
1.044209e+02 -9.018730e+00
1.045209e+02 -9.018636e+00
1.046209e+02 -9.018562e+00
1.047209e+02 -9.018508e+00
1.048210e+02 -9.018474e+00
1.049210e+02 -9.018459e+00
1.050210e+02 -9.018466e+00
1.051210e+02 -9.018492e+00
1.052210e+02 -9.018538e+00
1.053211e+02 -9.018605e+00
1.054211e+02 -9.018690e+00
1.055211e+02 -9.018795e+00
1.056211e+02 -9.018919e+00
1.057211e+02 -9.019060e+00
1.058212e+02 -9.019219e+00
1.059212e+02 -9.019395e+00
1.060212e+02 -9.019587e+00
1.061212e+02 -9.019794e+00
1.062212e+02 -9.020016e+00
1.063213e+02 -9.020251e+00
1.064213e+02 -9.020498e+00
1.065213e+02 -9.020757e+00
1.066213e+02 -9.021026e+00
1.067213e+02 -9.021304e+00
1.068214e+02 -9.021590e+00
1.069214e+02 -9.021883e+00
1.070214e+02 -9.022181e+00
1.071214e+02 -9.022484e+00
1.072214e+02 -9.022789e+00
1.073215e+02 -9.023097e+00
1.074215e+02 -9.023404e+00
1.075215e+02 -9.023711e+00
1.076215e+02 -9.024015e+00
1.077215e+02 -9.024316e+00
1.078216e+02 -9.024612e+00
1.079216e+02 -9.024902e+00
1.080216e+02 -9.025184e+00
1.081216e+02 -9.025458e+00
1.082216e+02 -9.025721e+00
1.083217e+02 -9.025974e+00
1.084217e+02 -9.026214e+00
1.085217e+02 -9.026442e+00
1.086217e+02 -9.026654e+00
1.087217e+02 -9.026852e+00
1.088218e+02 -9.027033e+00
1.089218e+02 -9.027197e+00
1.090218e+02 -9.027344e+00
1.091218e+02 -9.027471e+00
1.092218e+02 -9.027580e+00
1.093219e+02 -9.027669e+00
1.094219e+02 -9.027738e+00
1.095219e+02 -9.027786e+00
1.096219e+02 -9.027813e+00
1.097219e+02 -9.027820e+00
1.098220e+02 -9.027805e+00
1.099220e+02 -9.027769e+00
1.100220e+02 -9.027712e+00
1.101220e+02 -9.027634e+00
1.102220e+02 -9.027536e+00
1.103221e+02 -9.027417e+00
1.104221e+02 -9.027279e+00
1.105221e+02 -9.027122e+00
1.106221e+02 -9.026947e+00
1.107221e+02 -9.026753e+00
1.108222e+02 -9.026543e+00
1.109222e+02 -9.026318e+00
1.110222e+02 -9.026078e+00
1.111222e+02 -9.025824e+00
1.112222e+02 -9.025558e+00
1.113223e+02 -9.025280e+00
1.114223e+02 -9.024994e+00
1.115223e+02 -9.024699e+00
1.116223e+02 -9.024397e+00
1.117223e+02 -9.024090e+00
1.118224e+02 -9.023779e+00
1.119224e+02 -9.023467e+00
1.120224e+02 -9.023154e+00
1.121224e+02 -9.022842e+00
1.122224e+02 -9.022534e+00
1.123225e+02 -9.022230e+00
1.124225e+02 -9.021933e+00
1.125225e+02 -9.021644e+00
1.126225e+02 -9.021364e+00
1.127225e+02 -9.021096e+00
1.128226e+02 -9.020841e+00
1.129226e+02 -9.020600e+00
1.130226e+02 -9.020375e+00
1.131226e+02 -9.020168e+00
1.132226e+02 -9.019979e+00
1.133227e+02 -9.019810e+00
1.134227e+02 -9.019662e+00
1.135227e+02 -9.019536e+00
1.136227e+02 -9.019432e+00
1.137227e+02 -9.019353e+00
1.138228e+02 -9.019298e+00
1.139228e+02 -9.019269e+00
1.140228e+02 -9.019264e+00
1.141228e+02 -9.019286e+00
1.142228e+02 -9.019333e+00
1.143229e+02 -9.019406e+00
1.144229e+02 -9.019505e+00
1.145229e+02 -9.019629e+00
1.146229e+02 -9.019778e+00
1.147229e+02 -9.019952e+00
1.148230e+02 -9.020150e+00
1.149230e+02 -9.020371e+00
1.150230e+02 -9.020613e+00
1.151230e+02 -9.020877e+00
1.152230e+02 -9.021161e+00
1.153231e+02 -9.021463e+00
1.154231e+02 -9.021782e+00
1.155231e+02 -9.022116e+00
1.156231e+02 -9.022465e+00
1.157231e+02 -9.022825e+00
1.158232e+02 -9.023196e+00
1.159232e+02 -9.023576e+00
1.160232e+02 -9.023962e+00
1.161232e+02 -9.024352e+00
1.162232e+02 -9.024746e+00
1.163233e+02 -9.025140e+00
1.164233e+02 -9.025532e+00
1.165233e+02 -9.025921e+00
1.166233e+02 -9.026305e+00
1.167233e+02 -9.026681e+00
1.168234e+02 -9.027047e+00
1.169234e+02 -9.027403e+00
1.170234e+02 -9.027745e+00
1.171234e+02 -9.028072e+00
1.172234e+02 -9.028382e+00
1.173235e+02 -9.028674e+00
1.174235e+02 -9.028947e+00
1.175235e+02 -9.029198e+00
1.176235e+02 -9.029426e+00
1.177235e+02 -9.029631e+00
1.178236e+02 -9.029811e+00
1.179236e+02 -9.029966e+00
1.180236e+02 -9.030094e+00
1.181236e+02 -9.030195e+00
1.182236e+02 -9.030269e+00
1.183237e+02 -9.030315e+00
1.184237e+02 -9.030332e+00
1.185237e+02 -9.030322e+00
1.186237e+02 -9.030285e+00
1.187237e+02 -9.030219e+00
1.188238e+02 -9.030127e+00
1.189238e+02 -9.030008e+00
1.190238e+02 -9.029864e+00
1.191238e+02 -9.029695e+00
1.192238e+02 -9.029502e+00
1.193239e+02 -9.029287e+00
1.194239e+02 -9.029050e+00
1.195239e+02 -9.028793e+00
1.196239e+02 -9.028518e+00
1.197239e+02 -9.028226e+00
1.198240e+02 -9.027918e+00
1.199240e+02 -9.027597e+00
1.200240e+02 -9.027264e+00
1.201240e+02 -9.026921e+00
1.202240e+02 -9.026571e+00
1.203241e+02 -9.026214e+00
1.204241e+02 -9.025852e+00
1.205241e+02 -9.025488e+00
1.206241e+02 -9.025124e+00
1.207241e+02 -9.024762e+00
1.208242e+02 -9.024403e+00
1.209242e+02 -9.024049e+00
1.210242e+02 -9.023701e+00
1.211242e+02 -9.023363e+00
1.212242e+02 -9.023035e+00
1.213243e+02 -9.022719e+00
1.214243e+02 -9.022417e+00
1.215243e+02 -9.022130e+00
1.216243e+02 -9.021858e+00
1.217243e+02 -9.021605e+00
1.218244e+02 -9.021370e+00
1.219244e+02 -9.021154e+00
1.220244e+02 -9.020959e+00
1.221244e+02 -9.020785e+00
1.222244e+02 -9.020633e+00
1.223245e+02 -9.020504e+00
1.224245e+02 -9.020397e+00
1.225245e+02 -9.020313e+00
1.226245e+02 -9.020252e+00
1.227245e+02 -9.020215e+00
1.228246e+02 -9.020200e+00
1.229246e+02 -9.020209e+00
1.230246e+02 -9.020240e+00
1.231246e+02 -9.020292e+00
1.232246e+02 -9.020367e+00
1.233247e+02 -9.020461e+00
1.234247e+02 -9.020576e+00
1.235247e+02 -9.020711e+00
1.236247e+02 -9.020863e+00
1.237247e+02 -9.021032e+00
1.238248e+02 -9.021218e+00
1.239248e+02 -9.021418e+00
1.240248e+02 -9.021632e+00
1.241248e+02 -9.021858e+00
1.242248e+02 -9.022095e+00
1.243249e+02 -9.022342e+00
1.244249e+02 -9.022597e+00
1.245249e+02 -9.022859e+00
1.246249e+02 -9.023126e+00
1.247249e+02 -9.023397e+00
1.248250e+02 -9.023671e+00
1.249250e+02 -9.023946e+00
1.250250e+02 -9.024220e+00
1.251250e+02 -9.024493e+00
1.252250e+02 -9.024762e+00
1.253251e+02 -9.025027e+00
1.254251e+02 -9.025287e+00
1.255251e+02 -9.025539e+00
1.256251e+02 -9.025783e+00
1.257251e+02 -9.026018e+00
1.258252e+02 -9.026242e+00
1.259252e+02 -9.026455e+00
1.260252e+02 -9.026656e+00
1.261252e+02 -9.026843e+00
1.262252e+02 -9.027017e+00
1.263253e+02 -9.027175e+00
1.264253e+02 -9.027318e+00
1.265253e+02 -9.027444e+00
1.266253e+02 -9.027555e+00
1.267253e+02 -9.027648e+00
1.268254e+02 -9.027723e+00
1.269254e+02 -9.027781e+00
1.270254e+02 -9.027821e+00
1.271254e+02 -9.027843e+00
1.272254e+02 -9.027846e+00
1.273255e+02 -9.027832e+00
1.274255e+02 -9.027800e+00
1.275255e+02 -9.027750e+00
1.276255e+02 -9.027682e+00
1.277255e+02 -9.027597e+00
1.278256e+02 -9.027495e+00
1.279256e+02 -9.027377e+00
1.280256e+02 -9.027243e+00
1.281256e+02 -9.027094e+00
1.282256e+02 -9.026930e+00
1.283257e+02 -9.026751e+00
1.284257e+02 -9.026560e+00
1.285257e+02 -9.026356e+00
1.286257e+02 -9.026140e+00
1.287257e+02 -9.025914e+00
1.288258e+02 -9.025677e+00
1.289258e+02 -9.025432e+00
1.290258e+02 -9.025178e+00
1.291258e+02 -9.024918e+00
1.292258e+02 -9.024652e+00
1.293259e+02 -9.024381e+00
1.294259e+02 -9.024106e+00
1.295259e+02 -9.023828e+00
1.296259e+02 -9.023549e+00
1.297259e+02 -9.023270e+00
1.298260e+02 -9.022991e+00
1.299260e+02 -9.022714e+00
1.300260e+02 -9.022439e+00
1.301260e+02 -9.022169e+00
1.302260e+02 -9.021904e+00
1.303261e+02 -9.021645e+00
1.304261e+02 -9.021393e+00
1.305261e+02 -9.021149e+00
1.306261e+02 -9.020914e+00
1.307261e+02 -9.020690e+00
1.308262e+02 -9.020476e+00
1.309262e+02 -9.020275e+00
1.310262e+02 -9.020086e+00
1.311262e+02 -9.019910e+00
1.312262e+02 -9.019749e+00
1.313263e+02 -9.019602e+00
1.314263e+02 -9.019471e+00
1.315263e+02 -9.019356e+00
1.316263e+02 -9.019257e+00
1.317263e+02 -9.019175e+00
1.318264e+02 -9.019111e+00
1.319264e+02 -9.019064e+00
1.320264e+02 -9.019035e+00
1.321264e+02 -9.019023e+00
1.322264e+02 -9.019030e+00
1.323265e+02 -9.019054e+00
1.324265e+02 -9.019097e+00
1.325265e+02 -9.019156e+00
1.326265e+02 -9.019234e+00
1.327265e+02 -9.019328e+00
1.328266e+02 -9.019439e+00
1.329266e+02 -9.019565e+00
1.330266e+02 -9.019708e+00
1.331266e+02 -9.019865e+00
1.332266e+02 -9.020037e+00
1.333267e+02 -9.020222e+00
1.334267e+02 -9.020420e+00
1.335267e+02 -9.020630e+00
1.336267e+02 -9.020850e+00
1.337267e+02 -9.021080e+00
1.338268e+02 -9.021320e+00
1.339268e+02 -9.021566e+00
1.340268e+02 -9.021820e+00
1.341268e+02 -9.022078e+00
1.342268e+02 -9.022341e+00
1.343269e+02 -9.022607e+00
1.344269e+02 -9.022874e+00
1.345269e+02 -9.023143e+00
1.346269e+02 -9.023410e+00
1.347269e+02 -9.023675e+00
1.348270e+02 -9.023937e+00
1.349270e+02 -9.024195e+00
1.350270e+02 -9.024446e+00
1.351270e+02 -9.024691e+00
1.352270e+02 -9.024928e+00
1.353271e+02 -9.025155e+00
1.354271e+02 -9.025373e+00
1.355271e+02 -9.025579e+00
1.356271e+02 -9.025772e+00
1.357271e+02 -9.025953e+00
1.358272e+02 -9.026119e+00
1.359272e+02 -9.026271e+00
1.360272e+02 -9.026407e+00
1.361272e+02 -9.026527e+00
1.362272e+02 -9.026630e+00
1.363273e+02 -9.026715e+00
1.364273e+02 -9.026784e+00
1.365273e+02 -9.026834e+00
1.366273e+02 -9.026866e+00
1.367273e+02 -9.026879e+00
1.368274e+02 -9.026875e+00
1.369274e+02 -9.026852e+00
1.370274e+02 -9.026810e+00
1.371274e+02 -9.026751e+00
1.372274e+02 -9.026675e+00
1.373275e+02 -9.026581e+00
1.374275e+02 -9.026470e+00
1.375275e+02 -9.026343e+00
1.376275e+02 -9.026201e+00
1.377275e+02 -9.026044e+00
1.378276e+02 -9.025873e+00
1.379276e+02 -9.025689e+00
1.380276e+02 -9.025493e+00
1.381276e+02 -9.025286e+00
1.382276e+02 -9.025068e+00
1.383277e+02 -9.024842e+00
1.384277e+02 -9.024607e+00
1.385277e+02 -9.024366e+00
1.386277e+02 -9.024119e+00
1.387277e+02 -9.023867e+00
1.388278e+02 -9.023613e+00
1.389278e+02 -9.023357e+00
1.390278e+02 -9.023100e+00
1.391278e+02 -9.022844e+00
1.392278e+02 -9.022590e+00
1.393279e+02 -9.022339e+00
1.394279e+02 -9.022093e+00
1.395279e+02 -9.021852e+00
1.396279e+02 -9.021618e+00
1.397279e+02 -9.021392e+00
1.398280e+02 -9.021175e+00
1.399280e+02 -9.020969e+00
1.400280e+02 -9.020774e+00
1.401280e+02 -9.020590e+00
1.402280e+02 -9.020420e+00
1.403281e+02 -9.020264e+00
1.404281e+02 -9.020122e+00
1.405281e+02 -9.019996e+00
1.406281e+02 -9.019886e+00
1.407281e+02 -9.019792e+00
1.408282e+02 -9.019715e+00
1.409282e+02 -9.019655e+00
1.410282e+02 -9.019613e+00
1.411282e+02 -9.019589e+00
1.412282e+02 -9.019583e+00
1.413283e+02 -9.019595e+00
1.414283e+02 -9.019625e+00
1.415283e+02 -9.019673e+00
1.416283e+02 -9.019738e+00
1.417283e+02 -9.019821e+00
1.418284e+02 -9.019920e+00
1.419284e+02 -9.020036e+00
1.420284e+02 -9.020168e+00
1.421284e+02 -9.020315e+00
1.422284e+02 -9.020477e+00
1.423285e+02 -9.020653e+00
1.424285e+02 -9.020842e+00
1.425285e+02 -9.021043e+00
1.426285e+02 -9.021255e+00
1.427285e+02 -9.021477e+00
1.428286e+02 -9.021709e+00
1.429286e+02 -9.021949e+00
1.430286e+02 -9.022195e+00
1.431286e+02 -9.022448e+00
1.432286e+02 -9.022705e+00
1.433287e+02 -9.022966e+00
1.434287e+02 -9.023229e+00
1.435287e+02 -9.023493e+00
1.436287e+02 -9.023758e+00
1.437287e+02 -9.024020e+00
1.438288e+02 -9.024280e+00
1.439288e+02 -9.024536e+00
1.440288e+02 -9.024787e+00
1.441288e+02 -9.025032e+00
1.442288e+02 -9.025270e+00
1.443289e+02 -9.025499e+00
1.444289e+02 -9.025718e+00
1.445289e+02 -9.025927e+00
1.446289e+02 -9.026124e+00
1.447289e+02 -9.026309e+00
1.448290e+02 -9.026480e+00
1.449290e+02 -9.026637e+00
1.450290e+02 -9.026779e+00
1.451290e+02 -9.026905e+00
1.452290e+02 -9.027015e+00
1.453291e+02 -9.027108e+00
1.454291e+02 -9.027183e+00
1.455291e+02 -9.027241e+00
1.456291e+02 -9.027281e+00
1.457291e+02 -9.027302e+00
1.458292e+02 -9.027306e+00
1.459292e+02 -9.027290e+00
1.460292e+02 -9.027257e+00
1.461292e+02 -9.027205e+00
1.462292e+02 -9.027134e+00
1.463293e+02 -9.027047e+00
1.464293e+02 -9.026941e+00
1.465293e+02 -9.026819e+00
1.466293e+02 -9.026681e+00
1.467293e+02 -9.026527e+00
1.468294e+02 -9.026357e+00
1.469294e+02 -9.026174e+00
1.470294e+02 -9.025977e+00
1.471294e+02 -9.025768e+00
1.472294e+02 -9.025547e+00
1.473295e+02 -9.025315e+00
1.474295e+02 -9.025074e+00
1.475295e+02 -9.024825e+00
1.476295e+02 -9.024568e+00
1.477295e+02 -9.024305e+00
1.478296e+02 -9.024038e+00
1.479296e+02 -9.023767e+00
1.480296e+02 -9.023493e+00
1.481296e+02 -9.023218e+00
1.482296e+02 -9.022944e+00
1.483297e+02 -9.022671e+00
1.484297e+02 -9.022401e+00
1.485297e+02 -9.022134e+00
1.486297e+02 -9.021873e+00
1.487297e+02 -9.021619e+00
1.488298e+02 -9.021371e+00
1.489298e+02 -9.021133e+00
1.490298e+02 -9.020905e+00
1.491298e+02 -9.020687e+00
1.492298e+02 -9.020481e+00
1.493299e+02 -9.020288e+00
1.494299e+02 -9.020109e+00
1.495299e+02 -9.019944e+00
1.496299e+02 -9.019794e+00
1.497299e+02 -9.019660e+00
1.498300e+02 -9.019543e+00
1.499300e+02 -9.019442e+00
1.500300e+02 -9.019359e+00
1.501300e+02 -9.019294e+00
1.502300e+02 -9.019247e+00
1.503301e+02 -9.019218e+00
1.504301e+02 -9.019207e+00
1.505301e+02 -9.019214e+00
1.506301e+02 -9.019239e+00
1.507301e+02 -9.019282e+00
1.508302e+02 -9.019343e+00
1.509302e+02 -9.019421e+00
1.510302e+02 -9.019516e+00
1.511302e+02 -9.019627e+00
1.512302e+02 -9.019754e+00
1.513303e+02 -9.019896e+00
1.514303e+02 -9.020052e+00
1.515303e+02 -9.020221e+00
1.516303e+02 -9.020403e+00
1.517303e+02 -9.020597e+00
1.518304e+02 -9.020801e+00
1.519304e+02 -9.021015e+00
1.520304e+02 -9.021238e+00
1.521304e+02 -9.021468e+00
1.522304e+02 -9.021705e+00
1.523305e+02 -9.021946e+00
1.524305e+02 -9.022192e+00
1.525305e+02 -9.022441e+00
1.526305e+02 -9.022691e+00
1.527305e+02 -9.022942e+00
1.528306e+02 -9.023192e+00
1.529306e+02 -9.023440e+00
1.530306e+02 -9.023685e+00
1.531306e+02 -9.023926e+00
1.532306e+02 -9.024162e+00
1.533307e+02 -9.024391e+00
1.534307e+02 -9.024613e+00
1.535307e+02 -9.024827e+00
1.536307e+02 -9.025032e+00
1.537307e+02 -9.025226e+00
1.538308e+02 -9.025409e+00
1.539308e+02 -9.025580e+00
1.540308e+02 -9.025739e+00
1.541308e+02 -9.025884e+00
1.542308e+02 -9.026016e+00
1.543309e+02 -9.026133e+00
1.544309e+02 -9.026236e+00
1.545309e+02 -9.026323e+00
1.546309e+02 -9.026395e+00
1.547309e+02 -9.026451e+00
1.548310e+02 -9.026491e+00
1.549310e+02 -9.026515e+00
1.550310e+02 -9.026523e+00
1.551310e+02 -9.026515e+00
1.552310e+02 -9.026491e+00
1.553311e+02 -9.026451e+00
1.554311e+02 -9.026396e+00
1.555311e+02 -9.026326e+00
1.556311e+02 -9.026241e+00
1.557311e+02 -9.026142e+00
1.558312e+02 -9.026029e+00
1.559312e+02 -9.025903e+00
1.560312e+02 -9.025764e+00
1.561312e+02 -9.025614e+00
1.562312e+02 -9.025452e+00
1.563313e+02 -9.025281e+00
1.564313e+02 -9.025100e+00
1.565313e+02 -9.024910e+00
1.566313e+02 -9.024712e+00
1.567313e+02 -9.024508e+00
1.568314e+02 -9.024298e+00
1.569314e+02 -9.024083e+00
1.570314e+02 -9.023865e+00
1.571314e+02 -9.023644e+00
1.572314e+02 -9.023421e+00
1.573315e+02 -9.023197e+00
1.574315e+02 -9.022974e+00
1.575315e+02 -9.022752e+00
1.576315e+02 -9.022532e+00
1.577315e+02 -9.022316e+00
1.578316e+02 -9.022105e+00
1.579316e+02 -9.021899e+00
1.580316e+02 -9.021699e+00
1.581316e+02 -9.021507e+00
1.582316e+02 -9.021324e+00
1.583317e+02 -9.021149e+00
1.584317e+02 -9.020985e+00
1.585317e+02 -9.020831e+00
1.586317e+02 -9.020690e+00
1.587317e+02 -9.020561e+00
1.588318e+02 -9.020444e+00
1.589318e+02 -9.020342e+00
1.590318e+02 -9.020254e+00
1.591318e+02 -9.020181e+00
1.592318e+02 -9.020123e+00
1.593319e+02 -9.020081e+00
1.594319e+02 -9.020056e+00
1.595319e+02 -9.020046e+00
1.596319e+02 -9.020053e+00
1.597319e+02 -9.020077e+00
1.598320e+02 -9.020118e+00
1.599320e+02 -9.020175e+00
1.600320e+02 -9.020250e+00
1.601320e+02 -9.020341e+00
1.602320e+02 -9.020448e+00
1.603321e+02 -9.020571e+00
1.604321e+02 -9.020711e+00
1.605321e+02 -9.020865e+00
1.606321e+02 -9.021035e+00
1.607321e+02 -9.021219e+00
1.608322e+02 -9.021416e+00
1.609322e+02 -9.021626e+00
1.610322e+02 -9.021849e+00
1.611322e+02 -9.022083e+00
1.612322e+02 -9.022327e+00
1.613323e+02 -9.022581e+00
1.614323e+02 -9.022844e+00
1.615323e+02 -9.023113e+00
1.616323e+02 -9.023390e+00
1.617323e+02 -9.023671e+00
1.618324e+02 -9.023957e+00
1.619324e+02 -9.024245e+00
1.620324e+02 -9.024536e+00
1.621324e+02 -9.024826e+00
1.622324e+02 -9.025116e+00
1.623325e+02 -9.025403e+00
1.624325e+02 -9.025688e+00
1.625325e+02 -9.025967e+00
1.626325e+02 -9.026241e+00
1.627325e+02 -9.026507e+00
1.628326e+02 -9.026765e+00
1.629326e+02 -9.027014e+00
1.630326e+02 -9.027251e+00
1.631326e+02 -9.027477e+00
1.632326e+02 -9.027690e+00
1.633327e+02 -9.027889e+00
1.634327e+02 -9.028073e+00
1.635327e+02 -9.028241e+00
1.636327e+02 -9.028393e+00
1.637327e+02 -9.028527e+00
1.638328e+02 -9.028643e+00
1.639328e+02 -9.028740e+00
1.640328e+02 -9.028818e+00
1.641328e+02 -9.028876e+00
1.642328e+02 -9.028915e+00
1.643329e+02 -9.028933e+00
1.644329e+02 -9.028931e+00
1.645329e+02 -9.028908e+00
1.646329e+02 -9.028865e+00
1.647329e+02 -9.028802e+00
1.648330e+02 -9.028719e+00
1.649330e+02 -9.028617e+00
1.650330e+02 -9.028495e+00
1.651330e+02 -9.028355e+00
1.652330e+02 -9.028198e+00
1.653331e+02 -9.028023e+00
1.654331e+02 -9.027832e+00
1.655331e+02 -9.027626e+00
1.656331e+02 -9.027406e+00
1.657331e+02 -9.027173e+00
1.658332e+02 -9.026928e+00
1.659332e+02 -9.026672e+00
1.660332e+02 -9.026407e+00
1.661332e+02 -9.026134e+00
1.662332e+02 -9.025855e+00
1.663333e+02 -9.025570e+00
1.664333e+02 -9.025282e+00
1.665333e+02 -9.024992e+00
1.666333e+02 -9.024702e+00
1.667333e+02 -9.024413e+00
1.668334e+02 -9.024126e+00
1.669334e+02 -9.023843e+00
1.670334e+02 -9.023566e+00
1.671334e+02 -9.023296e+00
1.672334e+02 -9.023034e+00
1.673335e+02 -9.022783e+00
1.674335e+02 -9.022542e+00
1.675335e+02 -9.022314e+00
1.676335e+02 -9.022100e+00
1.677335e+02 -9.021901e+00
1.678336e+02 -9.021718e+00
1.679336e+02 -9.021552e+00
1.680336e+02 -9.021404e+00
1.681336e+02 -9.021274e+00
1.682336e+02 -9.021163e+00
1.683337e+02 -9.021073e+00
1.684337e+02 -9.021003e+00
1.685337e+02 -9.020953e+00
1.686337e+02 -9.020925e+00
1.687337e+02 -9.020917e+00
1.688338e+02 -9.020931e+00
1.689338e+02 -9.020965e+00
1.690338e+02 -9.021021e+00
1.691338e+02 -9.021096e+00
1.692338e+02 -9.021192e+00
1.693339e+02 -9.021307e+00
1.694339e+02 -9.021441e+00
1.695339e+02 -9.021594e+00
1.696339e+02 -9.021763e+00
1.697339e+02 -9.021948e+00
1.698340e+02 -9.022149e+00
1.699340e+02 -9.022363e+00
1.700340e+02 -9.022591e+00
1.701340e+02 -9.022830e+00
1.702340e+02 -9.023079e+00
1.703341e+02 -9.023336e+00
1.704341e+02 -9.023602e+00
1.705341e+02 -9.023873e+00
1.706341e+02 -9.024148e+00
1.707341e+02 -9.024427e+00
1.708342e+02 -9.024706e+00
1.709342e+02 -9.024986e+00
1.710342e+02 -9.025264e+00
1.711342e+02 -9.025538e+00
1.712342e+02 -9.025808e+00
1.713343e+02 -9.026071e+00
1.714343e+02 -9.026327e+00
1.715343e+02 -9.026573e+00
1.716343e+02 -9.026809e+00
1.717343e+02 -9.027034e+00
1.718344e+02 -9.027246e+00
1.719344e+02 -9.027443e+00
1.720344e+02 -9.027626e+00
1.721344e+02 -9.027792e+00
1.722344e+02 -9.027942e+00
1.723345e+02 -9.028074e+00
1.724345e+02 -9.028187e+00
1.725345e+02 -9.028281e+00
1.726345e+02 -9.028355e+00
1.727345e+02 -9.028410e+00
1.728346e+02 -9.028444e+00
1.729346e+02 -9.028458e+00
1.730346e+02 -9.028451e+00
1.731346e+02 -9.028424e+00
1.732346e+02 -9.028376e+00
1.733347e+02 -9.028309e+00
1.734347e+02 -9.028221e+00
1.735347e+02 -9.028114e+00
1.736347e+02 -9.027988e+00
1.737347e+02 -9.027843e+00
1.738348e+02 -9.027681e+00
1.739348e+02 -9.027502e+00
1.740348e+02 -9.027307e+00
1.741348e+02 -9.027098e+00
1.742348e+02 -9.026874e+00
1.743349e+02 -9.026637e+00
1.744349e+02 -9.026388e+00
1.745349e+02 -9.026128e+00
1.746349e+02 -9.025859e+00
1.747349e+02 -9.025582e+00
1.748350e+02 -9.025298e+00
1.749350e+02 -9.025008e+00
1.750350e+02 -9.024714e+00
1.751350e+02 -9.024417e+00
1.752350e+02 -9.024118e+00
1.753351e+02 -9.023819e+00
1.754351e+02 -9.023521e+00
1.755351e+02 -9.023225e+00
1.756351e+02 -9.022933e+00
1.757351e+02 -9.022646e+00
1.758352e+02 -9.022365e+00
1.759352e+02 -9.022091e+00
1.760352e+02 -9.021826e+00
1.761352e+02 -9.021570e+00
1.762352e+02 -9.021325e+00
1.763353e+02 -9.021091e+00
1.764353e+02 -9.020871e+00
1.765353e+02 -9.020663e+00
1.766353e+02 -9.020470e+00
1.767353e+02 -9.020292e+00
1.768354e+02 -9.020129e+00
1.769354e+02 -9.019983e+00
1.770354e+02 -9.019853e+00
1.771354e+02 -9.019741e+00
1.772354e+02 -9.019646e+00
1.773355e+02 -9.019568e+00
1.774355e+02 -9.019509e+00
1.775355e+02 -9.019468e+00
1.776355e+02 -9.019445e+00
1.777355e+02 -9.019440e+00
1.778356e+02 -9.019452e+00
1.779356e+02 -9.019483e+00
1.780356e+02 -9.019531e+00
1.781356e+02 -9.019596e+00
1.782356e+02 -9.019677e+00
1.783357e+02 -9.019775e+00
1.784357e+02 -9.019888e+00
1.785357e+02 -9.020016e+00
1.786357e+02 -9.020158e+00
1.787357e+02 -9.020313e+00
1.788358e+02 -9.020481e+00
1.789358e+02 -9.020661e+00
1.790358e+02 -9.020852e+00
1.791358e+02 -9.021052e+00
1.792358e+02 -9.021261e+00
1.793359e+02 -9.021478e+00
1.794359e+02 -9.021702e+00
1.795359e+02 -9.021931e+00
1.796359e+02 -9.022165e+00
1.797359e+02 -9.022403e+00
1.798360e+02 -9.022642e+00
1.799360e+02 -9.022883e+00
1.800360e+02 -9.023124e+00
1.801360e+02 -9.023364e+00
1.802360e+02 -9.023601e+00
1.803361e+02 -9.023835e+00
1.804361e+02 -9.024065e+00
1.805361e+02 -9.024289e+00
1.806361e+02 -9.024507e+00
1.807361e+02 -9.024717e+00
1.808362e+02 -9.024919e+00
1.809362e+02 -9.025111e+00
1.810362e+02 -9.025293e+00
1.811362e+02 -9.025464e+00
1.812362e+02 -9.025622e+00
1.813363e+02 -9.025769e+00
1.814363e+02 -9.025901e+00
1.815363e+02 -9.026020e+00
1.816363e+02 -9.026124e+00
1.817363e+02 -9.026213e+00
1.818364e+02 -9.026287e+00
1.819364e+02 -9.026345e+00
1.820364e+02 -9.026387e+00
1.821364e+02 -9.026413e+00
1.822364e+02 -9.026423e+00
1.823365e+02 -9.026416e+00
1.824365e+02 -9.026393e+00
1.825365e+02 -9.026353e+00
1.826365e+02 -9.026298e+00
1.827365e+02 -9.026227e+00
1.828366e+02 -9.026140e+00
1.829366e+02 -9.026039e+00
1.830366e+02 -9.025923e+00
1.831366e+02 -9.025793e+00
1.832366e+02 -9.025650e+00
1.833367e+02 -9.025494e+00
1.834367e+02 -9.025326e+00
1.835367e+02 -9.025147e+00
1.836367e+02 -9.024958e+00
1.837367e+02 -9.024760e+00
1.838368e+02 -9.024553e+00
1.839368e+02 -9.024339e+00
1.840368e+02 -9.024119e+00
1.841368e+02 -9.023893e+00
1.842368e+02 -9.023663e+00
1.843369e+02 -9.023430e+00
1.844369e+02 -9.023195e+00
1.845369e+02 -9.022960e+00
1.846369e+02 -9.022724e+00
1.847369e+02 -9.022490e+00
1.848370e+02 -9.022259e+00
1.849370e+02 -9.022032e+00
1.850370e+02 -9.021809e+00
1.851370e+02 -9.021592e+00
1.852370e+02 -9.021383e+00
1.853371e+02 -9.021181e+00
1.854371e+02 -9.020988e+00
1.855371e+02 -9.020806e+00
1.856371e+02 -9.020634e+00
1.857371e+02 -9.020474e+00
1.858372e+02 -9.020327e+00
1.859372e+02 -9.020193e+00
1.860372e+02 -9.020073e+00
1.861372e+02 -9.019968e+00
1.862372e+02 -9.019878e+00
1.863373e+02 -9.019803e+00
1.864373e+02 -9.019745e+00
1.865373e+02 -9.019702e+00
1.866373e+02 -9.019677e+00
1.867373e+02 -9.019668e+00
1.868374e+02 -9.019676e+00
1.869374e+02 -9.019701e+00
1.870374e+02 -9.019743e+00
1.871374e+02 -9.019801e+00
1.872374e+02 -9.019876e+00
1.873375e+02 -9.019967e+00
1.874375e+02 -9.020073e+00
1.875375e+02 -9.020194e+00
1.876375e+02 -9.020331e+00
1.877375e+02 -9.020481e+00
1.878376e+02 -9.020644e+00
1.879376e+02 -9.020820e+00
1.880376e+02 -9.021008e+00
1.881376e+02 -9.021206e+00
1.882376e+02 -9.021415e+00
1.883377e+02 -9.021632e+00
1.884377e+02 -9.021858e+00
1.885377e+02 -9.022090e+00
1.886377e+02 -9.022329e+00
1.887377e+02 -9.022572e+00
1.888378e+02 -9.022818e+00
1.889378e+02 -9.023068e+00
1.890378e+02 -9.023318e+00
1.891378e+02 -9.023569e+00
1.892378e+02 -9.023819e+00
1.893379e+02 -9.024066e+00
1.894379e+02 -9.024310e+00
1.895379e+02 -9.024550e+00
1.896379e+02 -9.024785e+00
1.897379e+02 -9.025012e+00
1.898380e+02 -9.025232e+00
1.899380e+02 -9.025444e+00
1.900380e+02 -9.025645e+00
1.901380e+02 -9.025837e+00
1.902380e+02 -9.026016e+00
1.903381e+02 -9.026184e+00
1.904381e+02 -9.026338e+00
1.905381e+02 -9.026479e+00
1.906381e+02 -9.026605e+00
1.907381e+02 -9.026717e+00
1.908382e+02 -9.026813e+00
1.909382e+02 -9.026893e+00
1.910382e+02 -9.026957e+00
1.911382e+02 -9.027004e+00
1.912382e+02 -9.027035e+00
1.913383e+02 -9.027048e+00
1.914383e+02 -9.027045e+00
1.915383e+02 -9.027025e+00
1.916383e+02 -9.026989e+00
1.917383e+02 -9.026936e+00
1.918384e+02 -9.026866e+00
1.919384e+02 -9.026781e+00
1.920384e+02 -9.026680e+00
1.921384e+02 -9.026563e+00
1.922384e+02 -9.026433e+00
1.923385e+02 -9.026289e+00
1.924385e+02 -9.026131e+00
1.925385e+02 -9.025961e+00
1.926385e+02 -9.025779e+00
1.927385e+02 -9.025587e+00
1.928386e+02 -9.025385e+00
1.929386e+02 -9.025173e+00
1.930386e+02 -9.024954e+00
1.931386e+02 -9.024728e+00
1.932386e+02 -9.024496e+00
1.933387e+02 -9.024259e+00
1.934387e+02 -9.024018e+00
1.935387e+02 -9.023775e+00
1.936387e+02 -9.023530e+00
1.937387e+02 -9.023285e+00
1.938388e+02 -9.023041e+00
1.939388e+02 -9.022798e+00
1.940388e+02 -9.022559e+00
1.941388e+02 -9.022324e+00
1.942388e+02 -9.022093e+00
1.943389e+02 -9.021869e+00
1.944389e+02 -9.021652e+00
1.945389e+02 -9.021443e+00
1.946389e+02 -9.021244e+00
1.947389e+02 -9.021054e+00
1.948390e+02 -9.020876e+00
1.949390e+02 -9.020709e+00
1.950390e+02 -9.020554e+00
1.951390e+02 -9.020413e+00
1.952390e+02 -9.020285e+00
1.953391e+02 -9.020172e+00
1.954391e+02 -9.020073e+00
1.955391e+02 -9.019990e+00
1.956391e+02 -9.019923e+00
1.957391e+02 -9.019871e+00
1.958392e+02 -9.019835e+00
1.959392e+02 -9.019816e+00
1.960392e+02 -9.019813e+00
1.961392e+02 -9.019826e+00
1.962392e+02 -9.019856e+00
1.963393e+02 -9.019901e+00
1.964393e+02 -9.019962e+00
1.965393e+02 -9.020038e+00
1.966393e+02 -9.020129e+00
1.967393e+02 -9.020235e+00
1.968394e+02 -9.020355e+00
1.969394e+02 -9.020487e+00
1.970394e+02 -9.020633e+00
1.971394e+02 -9.020790e+00
1.972394e+02 -9.020959e+00
1.973395e+02 -9.021137e+00
1.974395e+02 -9.021325e+00
1.975395e+02 -9.021522e+00
1.976395e+02 -9.021725e+00
1.977395e+02 -9.021935e+00
1.978396e+02 -9.022151e+00
1.979396e+02 -9.022370e+00
1.980396e+02 -9.022593e+00
1.981396e+02 -9.022817e+00
1.982396e+02 -9.023043e+00
1.983397e+02 -9.023268e+00
1.984397e+02 -9.023492e+00
1.985397e+02 -9.023714e+00
1.986397e+02 -9.023932e+00
1.987397e+02 -9.024145e+00
1.988398e+02 -9.024353e+00
1.989398e+02 -9.024554e+00
1.990398e+02 -9.024747e+00
1.991398e+02 -9.024932e+00
1.992398e+02 -9.025107e+00
1.993399e+02 -9.025271e+00
1.994399e+02 -9.025424e+00
1.995399e+02 -9.025565e+00
1.996399e+02 -9.025694e+00
1.997399e+02 -9.025809e+00
1.998400e+02 -9.025910e+00
1.999400e+02 -9.025997e+00
2.000400e+02 -9.026069e+00
2.001400e+02 -9.026126e+00
2.002400e+02 -9.026167e+00
2.003401e+02 -9.026193e+00
2.004401e+02 -9.026203e+00
2.005401e+02 -9.026197e+00
2.006401e+02 -9.026175e+00
2.007401e+02 -9.026138e+00
2.008402e+02 -9.026086e+00
2.009402e+02 -9.026019e+00
2.010402e+02 -9.025937e+00
2.011402e+02 -9.025840e+00
2.012402e+02 -9.025730e+00
2.013403e+02 -9.025607e+00
2.014403e+02 -9.025471e+00
2.015403e+02 -9.025323e+00
2.016403e+02 -9.025165e+00
2.017403e+02 -9.024996e+00
2.018404e+02 -9.024817e+00
2.019404e+02 -9.024630e+00
2.020404e+02 -9.024435e+00
2.021404e+02 -9.024234e+00
2.022404e+02 -9.024027e+00
2.023405e+02 -9.023816e+00
2.024405e+02 -9.023601e+00
2.025405e+02 -9.023383e+00
2.026405e+02 -9.023165e+00
2.027405e+02 -9.022946e+00
2.028406e+02 -9.022728e+00
2.029406e+02 -9.022511e+00
2.030406e+02 -9.022298e+00
2.031406e+02 -9.022089e+00
2.032406e+02 -9.021884e+00
2.033407e+02 -9.021686e+00
2.034407e+02 -9.021495e+00
2.035407e+02 -9.021312e+00
2.036407e+02 -9.021137e+00
2.037407e+02 -9.020972e+00
2.038408e+02 -9.020818e+00
2.039408e+02 -9.020675e+00
2.040408e+02 -9.020544e+00
2.041408e+02 -9.020425e+00
2.042408e+02 -9.020320e+00
2.043409e+02 -9.020228e+00
2.044409e+02 -9.020150e+00
2.045409e+02 -9.020087e+00
2.046409e+02 -9.020038e+00
2.047409e+02 -9.020005e+00
2.048410e+02 -9.019986e+00
2.049410e+02 -9.019983e+00
2.050410e+02 -9.019995e+00
2.051410e+02 -9.020023e+00
2.052410e+02 -9.020065e+00
2.053411e+02 -9.020123e+00
2.054411e+02 -9.020195e+00
2.055411e+02 -9.020282e+00
2.056411e+02 -9.020383e+00
2.057411e+02 -9.020498e+00
2.058412e+02 -9.020626e+00
2.059412e+02 -9.020767e+00
2.060412e+02 -9.020919e+00
2.061412e+02 -9.021083e+00
2.062412e+02 -9.021258e+00
2.063413e+02 -9.021443e+00
2.064413e+02 -9.021637e+00
2.065413e+02 -9.021840e+00
2.066413e+02 -9.022050e+00
2.067413e+02 -9.022266e+00
2.068414e+02 -9.022489e+00
2.069414e+02 -9.022716e+00
2.070414e+02 -9.022947e+00
2.071414e+02 -9.023181e+00
2.072414e+02 -9.023417e+00
2.073415e+02 -9.023654e+00
2.074415e+02 -9.023891e+00
2.075415e+02 -9.024127e+00
2.076415e+02 -9.024362e+00
2.077415e+02 -9.024593e+00
2.078416e+02 -9.024821e+00
2.079416e+02 -9.025044e+00
2.080416e+02 -9.025262e+00
2.081416e+02 -9.025474e+00
2.082416e+02 -9.025678e+00
2.083417e+02 -9.025874e+00
2.084417e+02 -9.026062e+00
2.085417e+02 -9.026241e+00
2.086417e+02 -9.026409e+00
2.087417e+02 -9.026567e+00
2.088418e+02 -9.026714e+00
2.089418e+02 -9.026849e+00
2.090418e+02 -9.026972e+00
2.091418e+02 -9.027082e+00
2.092418e+02 -9.027180e+00
2.093419e+02 -9.027264e+00
2.094419e+02 -9.027335e+00
2.095419e+02 -9.027392e+00
2.096419e+02 -9.027435e+00
2.097419e+02 -9.027464e+00
2.098420e+02 -9.027479e+00
2.099420e+02 -9.027480e+00
2.100420e+02 -9.027467e+00
2.101420e+02 -9.027440e+00
2.102420e+02 -9.027400e+00
2.103421e+02 -9.027346e+00
2.104421e+02 -9.027279e+00
2.105421e+02 -9.027200e+00
2.106421e+02 -9.027108e+00
2.107421e+02 -9.027004e+00
2.108422e+02 -9.026890e+00
2.109422e+02 -9.026764e+00
2.110422e+02 -9.026628e+00
2.111422e+02 -9.026484e+00
2.112422e+02 -9.026330e+00
2.113423e+02 -9.026169e+00
2.114423e+02 -9.026000e+00
2.115423e+02 -9.025825e+00
2.116423e+02 -9.025645e+00
2.117423e+02 -9.025460e+00
2.118424e+02 -9.025272e+00
2.119424e+02 -9.025081e+00
2.120424e+02 -9.024888e+00
2.121424e+02 -9.024695e+00
2.122424e+02 -9.024502e+00
2.123425e+02 -9.024309e+00
2.124425e+02 -9.024119e+00
2.125425e+02 -9.023932e+00
2.126425e+02 -9.023748e+00
2.127425e+02 -9.023570e+00
2.128426e+02 -9.023397e+00
2.129426e+02 -9.023231e+00
2.130426e+02 -9.023072e+00
2.131426e+02 -9.022921e+00
2.132426e+02 -9.022779e+00
2.133427e+02 -9.022647e+00
2.134427e+02 -9.022526e+00
2.135427e+02 -9.022415e+00
2.136427e+02 -9.022317e+00
2.137427e+02 -9.022231e+00
2.138428e+02 -9.022157e+00
2.139428e+02 -9.022097e+00
2.140428e+02 -9.022051e+00
2.141428e+02 -9.022019e+00
2.142428e+02 -9.022001e+00
2.143429e+02 -9.021997e+00
2.144429e+02 -9.022009e+00
2.145429e+02 -9.022035e+00
2.146429e+02 -9.022076e+00
2.147429e+02 -9.022131e+00
2.148430e+02 -9.022201e+00
2.149430e+02 -9.022285e+00
2.150430e+02 -9.022383e+00
2.151430e+02 -9.022495e+00
2.152430e+02 -9.022619e+00
2.153431e+02 -9.022756e+00
2.154431e+02 -9.022905e+00
2.155431e+02 -9.023066e+00
2.156431e+02 -9.023237e+00
2.157431e+02 -9.023417e+00
2.158432e+02 -9.023607e+00
2.159432e+02 -9.023804e+00
2.160432e+02 -9.024009e+00
2.161432e+02 -9.024219e+00
2.162432e+02 -9.024434e+00
2.163433e+02 -9.024654e+00
2.164433e+02 -9.024876e+00
2.165433e+02 -9.025100e+00
2.166433e+02 -9.025325e+00
2.167433e+02 -9.025549e+00
2.168434e+02 -9.025772e+00
2.169434e+02 -9.025992e+00
2.170434e+02 -9.026208e+00
2.171434e+02 -9.026419e+00
2.172434e+02 -9.026624e+00
2.173435e+02 -9.026822e+00
2.174435e+02 -9.027012e+00
2.175435e+02 -9.027193e+00
2.176435e+02 -9.027363e+00
2.177435e+02 -9.027523e+00
2.178436e+02 -9.027671e+00
2.179436e+02 -9.027806e+00
2.180436e+02 -9.027927e+00
2.181436e+02 -9.028035e+00
2.182436e+02 -9.028127e+00
2.183437e+02 -9.028204e+00
2.184437e+02 -9.028266e+00
2.185437e+02 -9.028310e+00
2.186437e+02 -9.028338e+00
2.187437e+02 -9.028349e+00
2.188438e+02 -9.028343e+00
2.189438e+02 -9.028320e+00
2.190438e+02 -9.028279e+00
2.191438e+02 -9.028221e+00
2.192438e+02 -9.028146e+00
2.193439e+02 -9.028054e+00
2.194439e+02 -9.027945e+00
2.195439e+02 -9.027821e+00
2.196439e+02 -9.027681e+00
2.197439e+02 -9.027525e+00
2.198440e+02 -9.027356e+00
2.199440e+02 -9.027173e+00
2.200440e+02 -9.026977e+00
2.201440e+02 -9.026770e+00
2.202440e+02 -9.026551e+00
2.203441e+02 -9.026322e+00
2.204441e+02 -9.026085e+00
2.205441e+02 -9.025839e+00
2.206441e+02 -9.025587e+00
2.207441e+02 -9.025330e+00
2.208442e+02 -9.025068e+00
2.209442e+02 -9.024803e+00
2.210442e+02 -9.024535e+00
2.211442e+02 -9.024267e+00
2.212442e+02 -9.024000e+00
2.213443e+02 -9.023734e+00
2.214443e+02 -9.023471e+00
2.215443e+02 -9.023213e+00
2.216443e+02 -9.022959e+00
2.217443e+02 -9.022712e+00
2.218444e+02 -9.022472e+00
2.219444e+02 -9.022241e+00
2.220444e+02 -9.022020e+00
2.221444e+02 -9.021809e+00
2.222444e+02 -9.021609e+00
2.223445e+02 -9.021422e+00
2.224445e+02 -9.021247e+00
2.225445e+02 -9.021087e+00
2.226445e+02 -9.020941e+00
2.227445e+02 -9.020810e+00
2.228446e+02 -9.020695e+00
2.229446e+02 -9.020595e+00
2.230446e+02 -9.020512e+00
2.231446e+02 -9.020446e+00
2.232446e+02 -9.020396e+00
2.233447e+02 -9.020363e+00
2.234447e+02 -9.020347e+00
2.235447e+02 -9.020348e+00
2.236447e+02 -9.020366e+00
2.237447e+02 -9.020400e+00
2.238448e+02 -9.020450e+00
2.239448e+02 -9.020516e+00
2.240448e+02 -9.020597e+00
2.241448e+02 -9.020693e+00
2.242448e+02 -9.020803e+00
2.243449e+02 -9.020926e+00
2.244449e+02 -9.021062e+00
2.245449e+02 -9.021210e+00
2.246449e+02 -9.021369e+00
2.247449e+02 -9.021538e+00
2.248450e+02 -9.021715e+00
2.249450e+02 -9.021901e+00
2.250450e+02 -9.022094e+00
2.251450e+02 -9.022293e+00
2.252450e+02 -9.022497e+00
2.253451e+02 -9.022705e+00
2.254451e+02 -9.022915e+00
2.255451e+02 -9.023127e+00
2.256451e+02 -9.023340e+00
2.257451e+02 -9.023551e+00
2.258452e+02 -9.023761e+00
2.259452e+02 -9.023968e+00
2.260452e+02 -9.024171e+00
2.261452e+02 -9.024369e+00
2.262452e+02 -9.024561e+00
2.263453e+02 -9.024746e+00
2.264453e+02 -9.024924e+00
2.265453e+02 -9.025092e+00
2.266453e+02 -9.025250e+00
2.267453e+02 -9.025398e+00
2.268454e+02 -9.025535e+00
2.269454e+02 -9.025660e+00
2.270454e+02 -9.025772e+00
2.271454e+02 -9.025872e+00
2.272454e+02 -9.025957e+00
2.273455e+02 -9.026029e+00
2.274455e+02 -9.026086e+00
2.275455e+02 -9.026128e+00
2.276455e+02 -9.026155e+00
2.277455e+02 -9.026167e+00
2.278456e+02 -9.026165e+00
2.279456e+02 -9.026147e+00
2.280456e+02 -9.026114e+00
2.281456e+02 -9.026066e+00
2.282456e+02 -9.026003e+00
2.283457e+02 -9.025926e+00
2.284457e+02 -9.025835e+00
2.285457e+02 -9.025731e+00
2.286457e+02 -9.025613e+00
2.287457e+02 -9.025483e+00
2.288458e+02 -9.025341e+00
2.289458e+02 -9.025187e+00
2.290458e+02 -9.025023e+00
2.291458e+02 -9.024850e+00
2.292458e+02 -9.024667e+00
2.293459e+02 -9.024476e+00
2.294459e+02 -9.024279e+00
2.295459e+02 -9.024075e+00
2.296459e+02 -9.023865e+00
2.297459e+02 -9.023652e+00
2.298460e+02 -9.023435e+00
2.299460e+02 -9.023216e+00
2.300460e+02 -9.022995e+00
2.301460e+02 -9.022774e+00
2.302460e+02 -9.022555e+00
2.303461e+02 -9.022337e+00
2.304461e+02 -9.022122e+00
2.305461e+02 -9.021911e+00
2.306461e+02 -9.021704e+00
2.307461e+02 -9.021504e+00
2.308462e+02 -9.021311e+00
2.309462e+02 -9.021125e+00
2.310462e+02 -9.020948e+00
2.311462e+02 -9.020781e+00
2.312462e+02 -9.020623e+00
2.313463e+02 -9.020477e+00
2.314463e+02 -9.020343e+00
2.315463e+02 -9.020221e+00
2.316463e+02 -9.020112e+00
2.317463e+02 -9.020016e+00
2.318464e+02 -9.019935e+00
2.319464e+02 -9.019867e+00
2.320464e+02 -9.019815e+00
2.321464e+02 -9.019777e+00
2.322464e+02 -9.019755e+00
2.323465e+02 -9.019747e+00
2.324465e+02 -9.019756e+00
2.325465e+02 -9.019779e+00
2.326465e+02 -9.019818e+00
2.327465e+02 -9.019871e+00
2.328466e+02 -9.019940e+00
2.329466e+02 -9.020023e+00
2.330466e+02 -9.020120e+00
2.331466e+02 -9.020231e+00
2.332466e+02 -9.020355e+00
2.333467e+02 -9.020492e+00
2.334467e+02 -9.020641e+00
2.335467e+02 -9.020801e+00
2.336467e+02 -9.020972e+00
2.337467e+02 -9.021153e+00
2.338468e+02 -9.021344e+00
2.339468e+02 -9.021542e+00
2.340468e+02 -9.021748e+00
2.341468e+02 -9.021961e+00
2.342468e+02 -9.022179e+00
2.343469e+02 -9.022402e+00
2.344469e+02 -9.022628e+00
2.345469e+02 -9.022857e+00
2.346469e+02 -9.023087e+00
2.347469e+02 -9.023318e+00
2.348470e+02 -9.023548e+00
2.349470e+02 -9.023776e+00
2.350470e+02 -9.024002e+00
2.351470e+02 -9.024224e+00
2.352470e+02 -9.024441e+00
2.353471e+02 -9.024653e+00
2.354471e+02 -9.024858e+00
2.355471e+02 -9.025055e+00
2.356471e+02 -9.025243e+00
2.357471e+02 -9.025423e+00
2.358472e+02 -9.025592e+00
2.359472e+02 -9.025750e+00
2.360472e+02 -9.025896e+00
2.361472e+02 -9.026030e+00
2.362472e+02 -9.026151e+00
2.363473e+02 -9.026259e+00
2.364473e+02 -9.026353e+00
2.365473e+02 -9.026433e+00
2.366473e+02 -9.026498e+00
2.367473e+02 -9.026548e+00
2.368474e+02 -9.026584e+00
2.369474e+02 -9.026604e+00
2.370474e+02 -9.026609e+00
2.371474e+02 -9.026599e+00
2.372474e+02 -9.026574e+00
2.373475e+02 -9.026534e+00
2.374475e+02 -9.026479e+00
2.375475e+02 -9.026410e+00
2.376475e+02 -9.026327e+00
2.377475e+02 -9.026231e+00
2.378476e+02 -9.026122e+00
2.379476e+02 -9.026000e+00
2.380476e+02 -9.025866e+00
2.381476e+02 -9.025721e+00
2.382476e+02 -9.025565e+00
2.383477e+02 -9.025400e+00
2.384477e+02 -9.025225e+00
2.385477e+02 -9.025043e+00
2.386477e+02 -9.024854e+00
2.387477e+02 -9.024658e+00
2.388478e+02 -9.024456e+00
2.389478e+02 -9.024251e+00
2.390478e+02 -9.024042e+00
2.391478e+02 -9.023830e+00
2.392478e+02 -9.023618e+00
2.393479e+02 -9.023404e+00
2.394479e+02 -9.023192e+00
2.395479e+02 -9.022981e+00
2.396479e+02 -9.022774e+00
2.397479e+02 -9.022569e+00
2.398480e+02 -9.022370e+00
2.399480e+02 -9.022176e+00
2.400480e+02 -9.021989e+00
2.401480e+02 -9.021810e+00
2.402480e+02 -9.021638e+00
2.403481e+02 -9.021476e+00
2.404481e+02 -9.021324e+00
2.405481e+02 -9.021182e+00
2.406481e+02 -9.021051e+00
2.407481e+02 -9.020932e+00
2.408482e+02 -9.020826e+00
2.409482e+02 -9.020732e+00
2.410482e+02 -9.020652e+00
2.411482e+02 -9.020585e+00
2.412482e+02 -9.020532e+00
2.413483e+02 -9.020493e+00
2.414483e+02 -9.020468e+00
2.415483e+02 -9.020457e+00
2.416483e+02 -9.020461e+00
2.417483e+02 -9.020479e+00
2.418484e+02 -9.020511e+00
2.419484e+02 -9.020556e+00
2.420484e+02 -9.020616e+00
2.421484e+02 -9.020688e+00
2.422484e+02 -9.020774e+00
2.423485e+02 -9.020872e+00
2.424485e+02 -9.020982e+00
2.425485e+02 -9.021103e+00
2.426485e+02 -9.021236e+00
2.427485e+02 -9.021378e+00
2.428486e+02 -9.021530e+00
2.429486e+02 -9.021691e+00
2.430486e+02 -9.021859e+00
2.431486e+02 -9.022035e+00
2.432486e+02 -9.022216e+00
2.433487e+02 -9.022404e+00
2.434487e+02 -9.022595e+00
2.435487e+02 -9.022790e+00
2.436487e+02 -9.022987e+00
2.437487e+02 -9.023186e+00
2.438488e+02 -9.023385e+00
2.439488e+02 -9.023584e+00
2.440488e+02 -9.023781e+00
2.441488e+02 -9.023976e+00
2.442488e+02 -9.024167e+00
2.443489e+02 -9.024354e+00
2.444489e+02 -9.024535e+00
2.445489e+02 -9.024710e+00
2.446489e+02 -9.024878e+00
2.447489e+02 -9.025038e+00
2.448490e+02 -9.025189e+00
2.449490e+02 -9.025331e+00
2.450490e+02 -9.025462e+00
2.451490e+02 -9.025582e+00
2.452490e+02 -9.025691e+00
2.453491e+02 -9.025788e+00
2.454491e+02 -9.025872e+00
2.455491e+02 -9.025943e+00
2.456491e+02 -9.026001e+00
2.457491e+02 -9.026044e+00
2.458492e+02 -9.026074e+00
2.459492e+02 -9.026090e+00
2.460492e+02 -9.026092e+00
2.461492e+02 -9.026079e+00
2.462492e+02 -9.026052e+00
2.463493e+02 -9.026011e+00
2.464493e+02 -9.025956e+00
2.465493e+02 -9.025887e+00
2.466493e+02 -9.025804e+00
2.467493e+02 -9.025709e+00
2.468494e+02 -9.025600e+00
2.469494e+02 -9.025480e+00
2.470494e+02 -9.025347e+00
2.471494e+02 -9.025204e+00
2.472494e+02 -9.025049e+00
2.473495e+02 -9.024886e+00
2.474495e+02 -9.024713e+00
2.475495e+02 -9.024532e+00
2.476495e+02 -9.024343e+00
2.477495e+02 -9.024148e+00
2.478496e+02 -9.023947e+00
2.479496e+02 -9.023742e+00
2.480496e+02 -9.023533e+00
2.481496e+02 -9.023321e+00
2.482496e+02 -9.023107e+00
2.483497e+02 -9.022893e+00
2.484497e+02 -9.022679e+00
2.485497e+02 -9.022467e+00
2.486497e+02 -9.022256e+00
2.487497e+02 -9.022049e+00
2.488498e+02 -9.021847e+00
2.489498e+02 -9.021650e+00
2.490498e+02 -9.021458e+00
2.491498e+02 -9.021275e+00
2.492498e+02 -9.021099e+00
2.493499e+02 -9.020932e+00
2.494499e+02 -9.020774e+00
2.495499e+02 -9.020628e+00
2.496499e+02 -9.020492e+00
2.497499e+02 -9.020368e+00
2.498500e+02 -9.020257e+00
2.499500e+02 -9.020158e+00
2.500500e+02 -9.020073e+00
2.501500e+02 -9.020002e+00
2.502501e+02 -9.019945e+00
2.503501e+02 -9.019903e+00
2.504501e+02 -9.019875e+00
2.505501e+02 -9.019863e+00
2.506501e+02 -9.019865e+00
2.507502e+02 -9.019882e+00
2.508502e+02 -9.019914e+00
2.509502e+02 -9.019961e+00
2.510502e+02 -9.020022e+00
2.511502e+02 -9.020098e+00
2.512503e+02 -9.020187e+00
2.513503e+02 -9.020290e+00
2.514503e+02 -9.020407e+00
2.515503e+02 -9.020535e+00
2.516503e+02 -9.020676e+00
2.517504e+02 -9.020828e+00
2.518504e+02 -9.020991e+00
2.519504e+02 -9.021164e+00
2.520504e+02 -9.021345e+00
2.521504e+02 -9.021535e+00
2.522505e+02 -9.021733e+00
2.523505e+02 -9.021936e+00
2.524505e+02 -9.022146e+00
2.525505e+02 -9.022360e+00
2.526505e+02 -9.022578e+00
2.527506e+02 -9.022798e+00
2.528506e+02 -9.023020e+00
2.529506e+02 -9.023243e+00
2.530506e+02 -9.023465e+00
2.531506e+02 -9.023686e+00
2.532507e+02 -9.023905e+00
2.533507e+02 -9.024120e+00
2.534507e+02 -9.024332e+00
2.535507e+02 -9.024538e+00
2.536507e+02 -9.024738e+00
2.537508e+02 -9.024932e+00
2.538508e+02 -9.025118e+00
2.539508e+02 -9.025295e+00
2.540508e+02 -9.025463e+00
2.541508e+02 -9.025622e+00
2.542509e+02 -9.025769e+00
2.543509e+02 -9.025906e+00
2.544509e+02 -9.026031e+00
2.545509e+02 -9.026145e+00
2.546509e+02 -9.026245e+00
2.547510e+02 -9.026333e+00
2.548510e+02 -9.026408e+00
2.549510e+02 -9.026469e+00
2.550510e+02 -9.026517e+00
2.551510e+02 -9.026552e+00
2.552511e+02 -9.026573e+00
2.553511e+02 -9.026580e+00
2.554511e+02 -9.026574e+00
2.555511e+02 -9.026555e+00
2.556511e+02 -9.026523e+00
2.557512e+02 -9.026478e+00
2.558512e+02 -9.026421e+00
2.559512e+02 -9.026352e+00
2.560512e+02 -9.026272e+00
2.561512e+02 -9.026181e+00
2.562513e+02 -9.026080e+00
2.563513e+02 -9.025969e+00
2.564513e+02 -9.025849e+00
2.565513e+02 -9.025721e+00
2.566513e+02 -9.025586e+00
2.567514e+02 -9.025444e+00
2.568514e+02 -9.025296e+00
2.569514e+02 -9.025143e+00
2.570514e+02 -9.024986e+00
2.571514e+02 -9.024825e+00
2.572515e+02 -9.024662e+00
2.573515e+02 -9.024498e+00
2.574515e+02 -9.024333e+00
2.575515e+02 -9.024168e+00
2.576515e+02 -9.024005e+00
2.577516e+02 -9.023843e+00
2.578516e+02 -9.023684e+00
2.579516e+02 -9.023529e+00
2.580516e+02 -9.023378e+00
2.581516e+02 -9.023233e+00
2.582517e+02 -9.023094e+00
2.583517e+02 -9.022961e+00
2.584517e+02 -9.022836e+00
2.585517e+02 -9.022720e+00
2.586517e+02 -9.022612e+00
2.587518e+02 -9.022513e+00
2.588518e+02 -9.022425e+00
2.589518e+02 -9.022347e+00
2.590518e+02 -9.022279e+00
2.591518e+02 -9.022224e+00
2.592519e+02 -9.022179e+00
2.593519e+02 -9.022147e+00
2.594519e+02 -9.022127e+00
2.595519e+02 -9.022119e+00
2.596519e+02 -9.022124e+00
2.597520e+02 -9.022141e+00
2.598520e+02 -9.022170e+00
2.599520e+02 -9.022212e+00
2.600520e+02 -9.022267e+00
2.601520e+02 -9.022333e+00
2.602521e+02 -9.022411e+00
2.603521e+02 -9.022501e+00
2.604521e+02 -9.022602e+00
2.605521e+02 -9.022714e+00
2.606521e+02 -9.022836e+00
2.607522e+02 -9.022968e+00
2.608522e+02 -9.023109e+00
2.609522e+02 -9.023259e+00
2.610522e+02 -9.023417e+00
2.611522e+02 -9.023582e+00
2.612523e+02 -9.023754e+00
2.613523e+02 -9.023933e+00
2.614523e+02 -9.024116e+00
2.615523e+02 -9.024304e+00
2.616523e+02 -9.024495e+00
2.617524e+02 -9.024689e+00
2.618524e+02 -9.024886e+00
2.619524e+02 -9.025083e+00
2.620524e+02 -9.025281e+00
2.621524e+02 -9.025478e+00
2.622525e+02 -9.025674e+00
2.623525e+02 -9.025868e+00
2.624525e+02 -9.026059e+00
2.625525e+02 -9.026245e+00
2.626525e+02 -9.026428e+00
2.627526e+02 -9.026604e+00
2.628526e+02 -9.026775e+00
2.629526e+02 -9.026938e+00
2.630526e+02 -9.027094e+00
2.631526e+02 -9.027241e+00
2.632527e+02 -9.027380e+00
2.633527e+02 -9.027508e+00
2.634527e+02 -9.027626e+00
2.635527e+02 -9.027734e+00
2.636527e+02 -9.027830e+00
2.637528e+02 -9.027914e+00
2.638528e+02 -9.027986e+00
2.639528e+02 -9.028045e+00
2.640528e+02 -9.028092e+00
2.641528e+02 -9.028125e+00
2.642529e+02 -9.028145e+00
2.643529e+02 -9.028152e+00
2.644529e+02 -9.028145e+00
2.645529e+02 -9.028124e+00
2.646529e+02 -9.028090e+00
2.647530e+02 -9.028043e+00
2.648530e+02 -9.027983e+00
2.649530e+02 -9.027910e+00
2.650530e+02 -9.027824e+00
2.651530e+02 -9.027726e+00
2.652531e+02 -9.027616e+00
2.653531e+02 -9.027494e+00
2.654531e+02 -9.027362e+00
2.655531e+02 -9.027219e+00
2.656531e+02 -9.027067e+00
2.657532e+02 -9.026905e+00
2.658532e+02 -9.026735e+00
2.659532e+02 -9.026557e+00
2.660532e+02 -9.026372e+00
2.661532e+02 -9.026182e+00
2.662533e+02 -9.025985e+00
2.663533e+02 -9.025785e+00
2.664533e+02 -9.025580e+00
2.665533e+02 -9.025373e+00
2.666533e+02 -9.025164e+00
2.667534e+02 -9.024953e+00
2.668534e+02 -9.024743e+00
2.669534e+02 -9.024533e+00
2.670534e+02 -9.024325e+00
2.671534e+02 -9.024120e+00
2.672535e+02 -9.023918e+00
2.673535e+02 -9.023721e+00
2.674535e+02 -9.023528e+00
2.675535e+02 -9.023342e+00
2.676535e+02 -9.023163e+00
2.677536e+02 -9.022991e+00
2.678536e+02 -9.022827e+00
2.679536e+02 -9.022673e+00
2.680536e+02 -9.022528e+00
2.681536e+02 -9.022393e+00
2.682537e+02 -9.022270e+00
2.683537e+02 -9.022157e+00
2.684537e+02 -9.022057e+00
2.685537e+02 -9.021968e+00
2.686537e+02 -9.021893e+00
2.687538e+02 -9.021830e+00
2.688538e+02 -9.021780e+00
2.689538e+02 -9.021743e+00
2.690538e+02 -9.021719e+00
2.691538e+02 -9.021709e+00
2.692539e+02 -9.021712e+00
2.693539e+02 -9.021728e+00
2.694539e+02 -9.021757e+00
2.695539e+02 -9.021799e+00
2.696539e+02 -9.021852e+00
2.697540e+02 -9.021918e+00
2.698540e+02 -9.021996e+00
2.699540e+02 -9.022084e+00
2.700540e+02 -9.022183e+00
2.701540e+02 -9.022292e+00
2.702541e+02 -9.022410e+00
2.703541e+02 -9.022536e+00
2.704541e+02 -9.022671e+00
2.705541e+02 -9.022812e+00
2.706541e+02 -9.022960e+00
2.707542e+02 -9.023113e+00
2.708542e+02 -9.023271e+00
2.709542e+02 -9.023432e+00
2.710542e+02 -9.023596e+00
2.711542e+02 -9.023762e+00
2.712543e+02 -9.023929e+00
2.713543e+02 -9.024096e+00
2.714543e+02 -9.024262e+00
2.715543e+02 -9.024427e+00
2.716543e+02 -9.024588e+00
2.717544e+02 -9.024746e+00
2.718544e+02 -9.024899e+00
2.719544e+02 -9.025046e+00
2.720544e+02 -9.025188e+00
2.721544e+02 -9.025322e+00
2.722545e+02 -9.025448e+00
2.723545e+02 -9.025566e+00
2.724545e+02 -9.025675e+00
2.725545e+02 -9.025773e+00
2.726545e+02 -9.025861e+00
2.727546e+02 -9.025938e+00
2.728546e+02 -9.026003e+00
2.729546e+02 -9.026057e+00
2.730546e+02 -9.026098e+00
2.731546e+02 -9.026126e+00
2.732547e+02 -9.026141e+00
2.733547e+02 -9.026143e+00
2.734547e+02 -9.026132e+00
2.735547e+02 -9.026108e+00
2.736547e+02 -9.026070e+00
2.737548e+02 -9.026020e+00
2.738548e+02 -9.025956e+00
2.739548e+02 -9.025879e+00
2.740548e+02 -9.025790e+00
2.741548e+02 -9.025689e+00
2.742549e+02 -9.025577e+00
2.743549e+02 -9.025453e+00
2.744549e+02 -9.025318e+00
2.745549e+02 -9.025173e+00
2.746549e+02 -9.025018e+00
2.747550e+02 -9.024855e+00
2.748550e+02 -9.024684e+00
2.749550e+02 -9.024505e+00
2.750550e+02 -9.024319e+00
2.751550e+02 -9.024128e+00
2.752551e+02 -9.023932e+00
2.753551e+02 -9.023732e+00
2.754551e+02 -9.023529e+00
2.755551e+02 -9.023324e+00
2.756551e+02 -9.023117e+00
2.757552e+02 -9.022910e+00
2.758552e+02 -9.022704e+00
2.759552e+02 -9.022499e+00
2.760552e+02 -9.022297e+00
2.761552e+02 -9.022099e+00
2.762553e+02 -9.021904e+00
2.763553e+02 -9.021715e+00
2.764553e+02 -9.021532e+00
2.765553e+02 -9.021356e+00
2.766553e+02 -9.021188e+00
2.767554e+02 -9.021028e+00
2.768554e+02 -9.020878e+00
2.769554e+02 -9.020737e+00
2.770554e+02 -9.020607e+00
2.771554e+02 -9.020488e+00
2.772555e+02 -9.020381e+00
2.773555e+02 -9.020286e+00
2.774555e+02 -9.020203e+00
2.775555e+02 -9.020133e+00
2.776555e+02 -9.020077e+00
2.777556e+02 -9.020034e+00
2.778556e+02 -9.020005e+00
2.779556e+02 -9.019990e+00
2.780556e+02 -9.019988e+00
2.781556e+02 -9.020000e+00
2.782557e+02 -9.020026e+00
2.783557e+02 -9.020066e+00
2.784557e+02 -9.020119e+00
2.785557e+02 -9.020186e+00
2.786557e+02 -9.020265e+00
2.787558e+02 -9.020356e+00
2.788558e+02 -9.020460e+00
2.789558e+02 -9.020575e+00
2.790558e+02 -9.020702e+00
2.791558e+02 -9.020838e+00
2.792559e+02 -9.020985e+00
2.793559e+02 -9.021140e+00
2.794559e+02 -9.021304e+00
2.795559e+02 -9.021476e+00
2.796559e+02 -9.021654e+00
2.797560e+02 -9.021838e+00
2.798560e+02 -9.022028e+00
2.799560e+02 -9.022222e+00
2.800560e+02 -9.022419e+00
2.801560e+02 -9.022618e+00
2.802561e+02 -9.022819e+00
2.803561e+02 -9.023021e+00
2.804561e+02 -9.023223e+00
2.805561e+02 -9.023423e+00
2.806561e+02 -9.023621e+00
2.807562e+02 -9.023816e+00
2.808562e+02 -9.024007e+00
2.809562e+02 -9.024193e+00
2.810562e+02 -9.024374e+00
2.811562e+02 -9.024548e+00
2.812563e+02 -9.024715e+00
2.813563e+02 -9.024875e+00
2.814563e+02 -9.025025e+00
2.815563e+02 -9.025167e+00
2.816563e+02 -9.025298e+00
2.817564e+02 -9.025419e+00
2.818564e+02 -9.025529e+00
2.819564e+02 -9.025627e+00
2.820564e+02 -9.025714e+00
2.821564e+02 -9.025788e+00
2.822565e+02 -9.025851e+00
2.823565e+02 -9.025900e+00
2.824565e+02 -9.025936e+00
2.825565e+02 -9.025960e+00
2.826565e+02 -9.025970e+00
2.827566e+02 -9.025967e+00
2.828566e+02 -9.025952e+00
2.829566e+02 -9.025923e+00
2.830566e+02 -9.025882e+00
2.831566e+02 -9.025829e+00
2.832567e+02 -9.025763e+00
2.833567e+02 -9.025686e+00
2.834567e+02 -9.025597e+00
2.835567e+02 -9.025498e+00
2.836567e+02 -9.025388e+00
2.837568e+02 -9.025269e+00
2.838568e+02 -9.025140e+00
2.839568e+02 -9.025003e+00
2.840568e+02 -9.024858e+00
2.841568e+02 -9.024707e+00
2.842569e+02 -9.024549e+00
2.843569e+02 -9.024385e+00
2.844569e+02 -9.024217e+00
2.845569e+02 -9.024046e+00
2.846569e+02 -9.023871e+00
2.847570e+02 -9.023694e+00
2.848570e+02 -9.023517e+00
2.849570e+02 -9.023339e+00
2.850570e+02 -9.023162e+00
2.851570e+02 -9.022986e+00
2.852571e+02 -9.022813e+00
2.853571e+02 -9.022643e+00
2.854571e+02 -9.022477e+00
2.855571e+02 -9.022316e+00
2.856571e+02 -9.022161e+00
2.857572e+02 -9.022013e+00
2.858572e+02 -9.021871e+00
2.859572e+02 -9.021738e+00
2.860572e+02 -9.021614e+00
2.861572e+02 -9.021498e+00
2.862573e+02 -9.021393e+00
2.863573e+02 -9.021297e+00
2.864573e+02 -9.021213e+00
2.865573e+02 -9.021139e+00
2.866573e+02 -9.021078e+00
2.867574e+02 -9.021028e+00
2.868574e+02 -9.020990e+00
2.869574e+02 -9.020965e+00
2.870574e+02 -9.020952e+00
2.871574e+02 -9.020951e+00
2.872575e+02 -9.020963e+00
2.873575e+02 -9.020988e+00
2.874575e+02 -9.021024e+00
2.875575e+02 -9.021073e+00
2.876575e+02 -9.021134e+00
2.877576e+02 -9.021207e+00
2.878576e+02 -9.021290e+00
2.879576e+02 -9.021385e+00
2.880576e+02 -9.021490e+00
2.881576e+02 -9.021605e+00
2.882577e+02 -9.021730e+00
2.883577e+02 -9.021863e+00
2.884577e+02 -9.022005e+00
2.885577e+02 -9.022153e+00
2.886577e+02 -9.022309e+00
2.887578e+02 -9.022471e+00
2.888578e+02 -9.022637e+00
2.889578e+02 -9.022808e+00
2.890578e+02 -9.022983e+00
2.891578e+02 -9.023160e+00
2.892579e+02 -9.023339e+00
2.893579e+02 -9.023519e+00
2.894579e+02 -9.023699e+00
2.895579e+02 -9.023878e+00
2.896579e+02 -9.024056e+00
2.897580e+02 -9.024231e+00
2.898580e+02 -9.024402e+00
2.899580e+02 -9.024569e+00
2.900580e+02 -9.024731e+00
2.901580e+02 -9.024887e+00
2.902581e+02 -9.025036e+00
2.903581e+02 -9.025178e+00
2.904581e+02 -9.025312e+00
2.905581e+02 -9.025437e+00
2.906581e+02 -9.025552e+00
2.907582e+02 -9.025658e+00
2.908582e+02 -9.025753e+00
2.909582e+02 -9.025837e+00
2.910582e+02 -9.025910e+00
2.911582e+02 -9.025970e+00
2.912583e+02 -9.026019e+00
2.913583e+02 -9.026055e+00
2.914583e+02 -9.026079e+00
2.915583e+02 -9.026090e+00
2.916583e+02 -9.026088e+00
2.917584e+02 -9.026073e+00
2.918584e+02 -9.026046e+00
2.919584e+02 -9.026005e+00
2.920584e+02 -9.025952e+00
2.921584e+02 -9.025887e+00
2.922585e+02 -9.025809e+00
2.923585e+02 -9.025720e+00
2.924585e+02 -9.025619e+00
2.925585e+02 -9.025507e+00
2.926585e+02 -9.025385e+00
2.927586e+02 -9.025253e+00
2.928586e+02 -9.025111e+00
2.929586e+02 -9.024961e+00
2.930586e+02 -9.024802e+00
2.931586e+02 -9.024636e+00
2.932587e+02 -9.024463e+00
2.933587e+02 -9.024285e+00
2.934587e+02 -9.024101e+00
2.935587e+02 -9.023913e+00
2.936587e+02 -9.023722e+00
2.937588e+02 -9.023528e+00
2.938588e+02 -9.023332e+00
2.939588e+02 -9.023136e+00
2.940588e+02 -9.022940e+00
2.941588e+02 -9.022745e+00
2.942589e+02 -9.022551e+00
2.943589e+02 -9.022360e+00
2.944589e+02 -9.022173e+00
2.945589e+02 -9.021990e+00
2.946589e+02 -9.021813e+00
2.947590e+02 -9.021641e+00
2.948590e+02 -9.021477e+00
2.949590e+02 -9.021319e+00
2.950590e+02 -9.021170e+00
2.951590e+02 -9.021030e+00
2.952591e+02 -9.020900e+00
2.953591e+02 -9.020779e+00
2.954591e+02 -9.020669e+00
2.955591e+02 -9.020571e+00
2.956591e+02 -9.020483e+00
2.957592e+02 -9.020408e+00
2.958592e+02 -9.020345e+00
2.959592e+02 -9.020294e+00
2.960592e+02 -9.020256e+00
2.961592e+02 -9.020231e+00
2.962593e+02 -9.020219e+00
2.963593e+02 -9.020220e+00
2.964593e+02 -9.020234e+00
2.965593e+02 -9.020261e+00
2.966593e+02 -9.020301e+00
2.967594e+02 -9.020353e+00
2.968594e+02 -9.020417e+00
2.969594e+02 -9.020493e+00
2.970594e+02 -9.020581e+00
2.971594e+02 -9.020680e+00
2.972595e+02 -9.020790e+00
2.973595e+02 -9.020910e+00
2.974595e+02 -9.021040e+00
2.975595e+02 -9.021178e+00
2.976595e+02 -9.021325e+00
2.977596e+02 -9.021479e+00
2.978596e+02 -9.021641e+00
2.979596e+02 -9.021808e+00
2.980596e+02 -9.021981e+00
2.981596e+02 -9.022158e+00
2.982597e+02 -9.022339e+00
2.983597e+02 -9.022523e+00
2.984597e+02 -9.022709e+00
2.985597e+02 -9.022896e+00
2.986597e+02 -9.023083e+00
2.987598e+02 -9.023270e+00
2.988598e+02 -9.023455e+00
2.989598e+02 -9.023638e+00
2.990598e+02 -9.023818e+00
2.991598e+02 -9.023994e+00
2.992599e+02 -9.024165e+00
2.993599e+02 -9.024330e+00
2.994599e+02 -9.024489e+00
2.995599e+02 -9.024641e+00
2.996599e+02 -9.024786e+00
2.997600e+02 -9.024922e+00
2.998600e+02 -9.025049e+00
2.999600e+02 -9.025167e+00
3.000600e+02 -9.025274e+00
3.001600e+02 -9.025371e+00
3.002601e+02 -9.025458e+00
3.003601e+02 -9.025533e+00
3.004601e+02 -9.025597e+00
3.005601e+02 -9.025649e+00
3.006601e+02 -9.025689e+00
3.007602e+02 -9.025717e+00
3.008602e+02 -9.025733e+00
3.009602e+02 -9.025737e+00
3.010602e+02 -9.025729e+00
3.011602e+02 -9.025709e+00
3.012603e+02 -9.025677e+00
3.013603e+02 -9.025634e+00
3.014603e+02 -9.025580e+00
3.015603e+02 -9.025515e+00
3.016603e+02 -9.025439e+00
3.017604e+02 -9.025354e+00
3.018604e+02 -9.025259e+00
3.019604e+02 -9.025156e+00
3.020604e+02 -9.025044e+00
3.021604e+02 -9.024925e+00
3.022605e+02 -9.024798e+00
3.023605e+02 -9.024666e+00
3.024605e+02 -9.024528e+00
3.025605e+02 -9.024386e+00
3.026605e+02 -9.024240e+00
3.027606e+02 -9.024090e+00
3.028606e+02 -9.023939e+00
3.029606e+02 -9.023786e+00
3.030606e+02 -9.023632e+00
3.031606e+02 -9.023479e+00
3.032607e+02 -9.023328e+00
3.033607e+02 -9.023178e+00
3.034607e+02 -9.023031e+00
3.035607e+02 -9.022888e+00
3.036607e+02 -9.022750e+00
3.037608e+02 -9.022616e+00
3.038608e+02 -9.022489e+00
3.039608e+02 -9.022369e+00
3.040608e+02 -9.022257e+00
3.041608e+02 -9.022152e+00
3.042609e+02 -9.022056e+00
3.043609e+02 -9.021970e+00
3.044609e+02 -9.021894e+00
3.045609e+02 -9.021828e+00
3.046609e+02 -9.021773e+00
3.047610e+02 -9.021730e+00
3.048610e+02 -9.021698e+00
3.049610e+02 -9.021678e+00
3.050610e+02 -9.021670e+00
3.051610e+02 -9.021674e+00
3.052611e+02 -9.021690e+00
3.053611e+02 -9.021719e+00
3.054611e+02 -9.021760e+00
3.055611e+02 -9.021814e+00
3.056611e+02 -9.021880e+00
3.057612e+02 -9.021957e+00
3.058612e+02 -9.022046e+00
3.059612e+02 -9.022147e+00
3.060612e+02 -9.022258e+00
3.061612e+02 -9.022380e+00
3.062613e+02 -9.022512e+00
3.063613e+02 -9.022654e+00
3.064613e+02 -9.022804e+00
3.065613e+02 -9.022963e+00
3.066613e+02 -9.023130e+00
3.067614e+02 -9.023303e+00
3.068614e+02 -9.023483e+00
3.069614e+02 -9.023668e+00
3.070614e+02 -9.023858e+00
3.071614e+02 -9.024052e+00
3.072615e+02 -9.024250e+00
3.073615e+02 -9.024449e+00
3.074615e+02 -9.024650e+00
3.075615e+02 -9.024852e+00
3.076615e+02 -9.025053e+00
3.077616e+02 -9.025253e+00
3.078616e+02 -9.025452e+00
3.079616e+02 -9.025647e+00
3.080616e+02 -9.025840e+00
3.081616e+02 -9.026027e+00
3.082617e+02 -9.026210e+00
3.083617e+02 -9.026386e+00
3.084617e+02 -9.026556e+00
3.085617e+02 -9.026719e+00
3.086617e+02 -9.026873e+00
3.087618e+02 -9.027019e+00
3.088618e+02 -9.027156e+00
3.089618e+02 -9.027283e+00
3.090618e+02 -9.027399e+00
3.091618e+02 -9.027505e+00
3.092619e+02 -9.027599e+00
3.093619e+02 -9.027682e+00
3.094619e+02 -9.027754e+00
3.095619e+02 -9.027813e+00
3.096619e+02 -9.027859e+00
3.097620e+02 -9.027894e+00
3.098620e+02 -9.027916e+00
3.099620e+02 -9.027925e+00
3.100620e+02 -9.027922e+00
3.101620e+02 -9.027907e+00
3.102621e+02 -9.027879e+00
3.103621e+02 -9.027840e+00
3.104621e+02 -9.027789e+00
3.105621e+02 -9.027726e+00
3.106621e+02 -9.027652e+00
3.107622e+02 -9.027567e+00
3.108622e+02 -9.027473e+00
3.109622e+02 -9.027368e+00
3.110622e+02 -9.027254e+00
3.111622e+02 -9.027132e+00
3.112623e+02 -9.027002e+00
3.113623e+02 -9.026864e+00
3.114623e+02 -9.026719e+00
3.115623e+02 -9.026569e+00
3.116623e+02 -9.026413e+00
3.117624e+02 -9.026253e+00
3.118624e+02 -9.026088e+00
3.119624e+02 -9.025921e+00
3.120624e+02 -9.025752e+00
3.121624e+02 -9.025581e+00
3.122625e+02 -9.025409e+00
3.123625e+02 -9.025237e+00
3.124625e+02 -9.025067e+00
3.125625e+02 -9.024897e+00
3.126625e+02 -9.024731e+00
3.127626e+02 -9.024567e+00
3.128626e+02 -9.024408e+00
3.129626e+02 -9.024253e+00
3.130626e+02 -9.024103e+00
3.131626e+02 -9.023959e+00
3.132627e+02 -9.023822e+00
3.133627e+02 -9.023692e+00
3.134627e+02 -9.023570e+00
3.135627e+02 -9.023455e+00
3.136627e+02 -9.023350e+00
3.137628e+02 -9.023254e+00
3.138628e+02 -9.023167e+00
3.139628e+02 -9.023090e+00
3.140628e+02 -9.023023e+00
3.141628e+02 -9.022967e+00
3.142629e+02 -9.022921e+00
3.143629e+02 -9.022886e+00
3.144629e+02 -9.022861e+00
3.145629e+02 -9.022848e+00
3.146629e+02 -9.022845e+00
3.147630e+02 -9.022853e+00
3.148630e+02 -9.022872e+00
3.149630e+02 -9.022901e+00
3.150630e+02 -9.022940e+00
3.151630e+02 -9.022989e+00
3.152631e+02 -9.023048e+00
3.153631e+02 -9.023116e+00
3.154631e+02 -9.023192e+00
3.155631e+02 -9.023277e+00
3.156631e+02 -9.023370e+00
3.157632e+02 -9.023470e+00
3.158632e+02 -9.023577e+00
3.159632e+02 -9.023690e+00
3.160632e+02 -9.023808e+00
3.161632e+02 -9.023932e+00
3.162633e+02 -9.024059e+00
3.163633e+02 -9.024190e+00
3.164633e+02 -9.024323e+00
3.165633e+02 -9.024459e+00
3.166633e+02 -9.024596e+00
3.167634e+02 -9.024733e+00
3.168634e+02 -9.024870e+00
3.169634e+02 -9.025006e+00
3.170634e+02 -9.025140e+00
3.171634e+02 -9.025272e+00
3.172635e+02 -9.025400e+00
3.173635e+02 -9.025525e+00
3.174635e+02 -9.025644e+00
3.175635e+02 -9.025758e+00
3.176635e+02 -9.025866e+00
3.177636e+02 -9.025968e+00
3.178636e+02 -9.026062e+00
3.179636e+02 -9.026148e+00
3.180636e+02 -9.026226e+00
3.181636e+02 -9.026294e+00
3.182637e+02 -9.026354e+00
3.183637e+02 -9.026403e+00
3.184637e+02 -9.026442e+00
3.185637e+02 -9.026471e+00
3.186637e+02 -9.026489e+00
3.187638e+02 -9.026496e+00
3.188638e+02 -9.026492e+00
3.189638e+02 -9.026477e+00
3.190638e+02 -9.026450e+00
3.191638e+02 -9.026412e+00
3.192639e+02 -9.026363e+00
3.193639e+02 -9.026302e+00
3.194639e+02 -9.026231e+00
3.195639e+02 -9.026148e+00
3.196639e+02 -9.026055e+00
3.197640e+02 -9.025952e+00
3.198640e+02 -9.025839e+00
3.199640e+02 -9.025716e+00
3.200640e+02 -9.025584e+00
3.201640e+02 -9.025444e+00
3.202641e+02 -9.025296e+00
3.203641e+02 -9.025140e+00
3.204641e+02 -9.024977e+00
3.205641e+02 -9.024808e+00
3.206641e+02 -9.024634e+00
3.207642e+02 -9.024455e+00
3.208642e+02 -9.024272e+00
3.209642e+02 -9.024085e+00
3.210642e+02 -9.023896e+00
3.211642e+02 -9.023705e+00
3.212643e+02 -9.023513e+00
3.213643e+02 -9.023321e+00
3.214643e+02 -9.023130e+00
3.215643e+02 -9.022940e+00
3.216643e+02 -9.022752e+00
3.217644e+02 -9.022567e+00
3.218644e+02 -9.022386e+00
3.219644e+02 -9.022210e+00
3.220644e+02 -9.022039e+00
3.221644e+02 -9.021874e+00
3.222645e+02 -9.021716e+00
3.223645e+02 -9.021565e+00
3.224645e+02 -9.021422e+00
3.225645e+02 -9.021287e+00
3.226645e+02 -9.021162e+00
3.227646e+02 -9.021046e+00
3.228646e+02 -9.020941e+00
3.229646e+02 -9.020846e+00
3.230646e+02 -9.020762e+00
3.231646e+02 -9.020689e+00
3.232647e+02 -9.020628e+00
3.233647e+02 -9.020579e+00
3.234647e+02 -9.020541e+00
3.235647e+02 -9.020516e+00
3.236647e+02 -9.020502e+00
3.237648e+02 -9.020501e+00
3.238648e+02 -9.020512e+00
3.239648e+02 -9.020535e+00
3.240648e+02 -9.020569e+00
3.241648e+02 -9.020615e+00
3.242649e+02 -9.020672e+00
3.243649e+02 -9.020741e+00
3.244649e+02 -9.020820e+00
3.245649e+02 -9.020909e+00
3.246649e+02 -9.021007e+00
3.247650e+02 -9.021115e+00
3.248650e+02 -9.021232e+00
3.249650e+02 -9.021356e+00
3.250650e+02 -9.021488e+00
3.251650e+02 -9.021627e+00
3.252651e+02 -9.021772e+00
3.253651e+02 -9.021922e+00
3.254651e+02 -9.022077e+00
3.255651e+02 -9.022235e+00
3.256651e+02 -9.022397e+00
3.257652e+02 -9.022561e+00
3.258652e+02 -9.022727e+00
3.259652e+02 -9.022893e+00
3.260652e+02 -9.023059e+00
3.261652e+02 -9.023224e+00
3.262653e+02 -9.023388e+00
3.263653e+02 -9.023549e+00
3.264653e+02 -9.023707e+00
3.265653e+02 -9.023861e+00
3.266653e+02 -9.024010e+00
3.267654e+02 -9.024154e+00
3.268654e+02 -9.024292e+00
3.269654e+02 -9.024423e+00
3.270654e+02 -9.024547e+00
3.271654e+02 -9.024663e+00
3.272655e+02 -9.024771e+00
3.273655e+02 -9.024869e+00
3.274655e+02 -9.024959e+00
3.275655e+02 -9.025038e+00
3.276655e+02 -9.025108e+00
3.277656e+02 -9.025167e+00
3.278656e+02 -9.025216e+00
3.279656e+02 -9.025254e+00
3.280656e+02 -9.025281e+00
3.281656e+02 -9.025297e+00
3.282657e+02 -9.025302e+00
3.283657e+02 -9.025296e+00
3.284657e+02 -9.025279e+00
3.285657e+02 -9.025251e+00
3.286657e+02 -9.025213e+00
3.287658e+02 -9.025164e+00
3.288658e+02 -9.025105e+00
3.289658e+02 -9.025036e+00
3.290658e+02 -9.024958e+00
3.291658e+02 -9.024871e+00
3.292659e+02 -9.024775e+00
3.293659e+02 -9.024672e+00
3.294659e+02 -9.024561e+00
3.295659e+02 -9.024443e+00
3.296659e+02 -9.024319e+00
3.297660e+02 -9.024189e+00
3.298660e+02 -9.024054e+00
3.299660e+02 -9.023915e+00
3.300660e+02 -9.023773e+00
3.301660e+02 -9.023628e+00
3.302661e+02 -9.023481e+00
3.303661e+02 -9.023332e+00
3.304661e+02 -9.023183e+00
3.305661e+02 -9.023035e+00
3.306661e+02 -9.022887e+00
3.307662e+02 -9.022742e+00
3.308662e+02 -9.022598e+00
3.309662e+02 -9.022459e+00
3.310662e+02 -9.022323e+00
3.311662e+02 -9.022191e+00
3.312663e+02 -9.022066e+00
3.313663e+02 -9.021946e+00
3.314663e+02 -9.021833e+00
3.315663e+02 -9.021727e+00
3.316663e+02 -9.021629e+00
3.317664e+02 -9.021539e+00
3.318664e+02 -9.021458e+00
3.319664e+02 -9.021386e+00
3.320664e+02 -9.021324e+00
3.321664e+02 -9.021272e+00
3.322665e+02 -9.021230e+00
3.323665e+02 -9.021198e+00
3.324665e+02 -9.021177e+00
3.325665e+02 -9.021167e+00
3.326665e+02 -9.021168e+00
3.327666e+02 -9.021180e+00
3.328666e+02 -9.021203e+00
3.329666e+02 -9.021237e+00
3.330666e+02 -9.021282e+00
3.331666e+02 -9.021337e+00
3.332667e+02 -9.021403e+00
3.333667e+02 -9.021478e+00
3.334667e+02 -9.021564e+00
3.335667e+02 -9.021659e+00
3.336667e+02 -9.021763e+00
3.337668e+02 -9.021875e+00
3.338668e+02 -9.021995e+00
3.339668e+02 -9.022123e+00
3.340668e+02 -9.022258e+00
3.341668e+02 -9.022400e+00
3.342669e+02 -9.022547e+00
3.343669e+02 -9.022698e+00
3.344669e+02 -9.022855e+00
3.345669e+02 -9.023014e+00
3.346669e+02 -9.023177e+00
3.347670e+02 -9.023342e+00
3.348670e+02 -9.023508e+00
3.349670e+02 -9.023674e+00
3.350670e+02 -9.023841e+00
3.351670e+02 -9.024006e+00
3.352671e+02 -9.024170e+00
3.353671e+02 -9.024331e+00
3.354671e+02 -9.024489e+00
3.355671e+02 -9.024642e+00
3.356671e+02 -9.024792e+00
3.357672e+02 -9.024935e+00
3.358672e+02 -9.025073e+00
3.359672e+02 -9.025203e+00
3.360672e+02 -9.025327e+00
3.361672e+02 -9.025442e+00
3.362673e+02 -9.025549e+00
3.363673e+02 -9.025647e+00
3.364673e+02 -9.025735e+00
3.365673e+02 -9.025814e+00
3.366673e+02 -9.025882e+00
3.367674e+02 -9.025939e+00
3.368674e+02 -9.025986e+00
3.369674e+02 -9.026022e+00
3.370674e+02 -9.026046e+00
3.371674e+02 -9.026059e+00
3.372675e+02 -9.026060e+00
3.373675e+02 -9.026050e+00
3.374675e+02 -9.026028e+00
3.375675e+02 -9.025995e+00
3.376675e+02 -9.025951e+00
3.377676e+02 -9.025895e+00
3.378676e+02 -9.025829e+00
3.379676e+02 -9.025752e+00
3.380676e+02 -9.025665e+00
3.381676e+02 -9.025568e+00
3.382677e+02 -9.025462e+00
3.383677e+02 -9.025347e+00
3.384677e+02 -9.025223e+00
3.385677e+02 -9.025091e+00
3.386677e+02 -9.024952e+00
3.387678e+02 -9.024807e+00
3.388678e+02 -9.024656e+00
3.389678e+02 -9.024499e+00
3.390678e+02 -9.024337e+00
3.391678e+02 -9.024172e+00
3.392679e+02 -9.024004e+00
3.393679e+02 -9.023833e+00
3.394679e+02 -9.023661e+00
3.395679e+02 -9.023487e+00
3.396679e+02 -9.023314e+00
3.397680e+02 -9.023142e+00
3.398680e+02 -9.022970e+00
3.399680e+02 -9.022802e+00
3.400680e+02 -9.022636e+00
3.401680e+02 -9.022474e+00
3.402681e+02 -9.022316e+00
3.403681e+02 -9.022163e+00
3.404681e+02 -9.022016e+00
3.405681e+02 -9.021876e+00
3.406681e+02 -9.021742e+00
3.407682e+02 -9.021617e+00
3.408682e+02 -9.021499e+00
3.409682e+02 -9.021390e+00
3.410682e+02 -9.021290e+00
3.411682e+02 -9.021199e+00
3.412683e+02 -9.021119e+00
3.413683e+02 -9.021048e+00
3.414683e+02 -9.020989e+00
3.415683e+02 -9.020939e+00
3.416683e+02 -9.020901e+00
3.417684e+02 -9.020874e+00
3.418684e+02 -9.020857e+00
3.419684e+02 -9.020852e+00
3.420684e+02 -9.020858e+00
3.421684e+02 -9.020874e+00
3.422685e+02 -9.020902e+00
3.423685e+02 -9.020940e+00
3.424685e+02 -9.020988e+00
3.425685e+02 -9.021047e+00
3.426685e+02 -9.021115e+00
3.427686e+02 -9.021193e+00
3.428686e+02 -9.021280e+00
3.429686e+02 -9.021375e+00
3.430686e+02 -9.021478e+00
3.431686e+02 -9.021588e+00
3.432687e+02 -9.021706e+00
3.433687e+02 -9.021829e+00
3.434687e+02 -9.021959e+00
3.435687e+02 -9.022093e+00
3.436687e+02 -9.022232e+00
3.437688e+02 -9.022374e+00
3.438688e+02 -9.022519e+00
3.439688e+02 -9.022666e+00
3.440688e+02 -9.022815e+00
3.441688e+02 -9.022965e+00
3.442689e+02 -9.023114e+00
3.443689e+02 -9.023263e+00
3.444689e+02 -9.023410e+00
3.445689e+02 -9.023555e+00
3.446689e+02 -9.023697e+00
3.447690e+02 -9.023835e+00
3.448690e+02 -9.023969e+00
3.449690e+02 -9.024098e+00
3.450690e+02 -9.024222e+00
3.451690e+02 -9.024339e+00
3.452691e+02 -9.024450e+00
3.453691e+02 -9.024554e+00
3.454691e+02 -9.024649e+00
3.455691e+02 -9.024737e+00
3.456691e+02 -9.024816e+00
3.457692e+02 -9.024886e+00
3.458692e+02 -9.024947e+00
3.459692e+02 -9.024998e+00
3.460692e+02 -9.025039e+00
3.461692e+02 -9.025070e+00
3.462693e+02 -9.025092e+00
3.463693e+02 -9.025103e+00
3.464693e+02 -9.025103e+00
3.465693e+02 -9.025094e+00
3.466693e+02 -9.025074e+00
3.467694e+02 -9.025045e+00
3.468694e+02 -9.025005e+00
3.469694e+02 -9.024956e+00
3.470694e+02 -9.024898e+00
3.471694e+02 -9.024831e+00
3.472695e+02 -9.024754e+00
3.473695e+02 -9.024670e+00
3.474695e+02 -9.024578e+00
3.475695e+02 -9.024478e+00
3.476695e+02 -9.024371e+00
3.477696e+02 -9.024259e+00
3.478696e+02 -9.024140e+00
3.479696e+02 -9.024016e+00
3.480696e+02 -9.023888e+00
3.481696e+02 -9.023757e+00
3.482697e+02 -9.023622e+00
3.483697e+02 -9.023484e+00
3.484697e+02 -9.023345e+00
3.485697e+02 -9.023205e+00
3.486697e+02 -9.023065e+00
3.487698e+02 -9.022926e+00
3.488698e+02 -9.022787e+00
3.489698e+02 -9.022651e+00
3.490698e+02 -9.022518e+00
3.491698e+02 -9.022387e+00
3.492699e+02 -9.022261e+00
3.493699e+02 -9.022140e+00
3.494699e+02 -9.022025e+00
3.495699e+02 -9.021915e+00
3.496699e+02 -9.021812e+00
3.497700e+02 -9.021717e+00
3.498700e+02 -9.021630e+00
3.499700e+02 -9.021551e+00
3.500700e+02 -9.021480e+00
3.501700e+02 -9.021420e+00
3.502701e+02 -9.021368e+00
3.503701e+02 -9.021327e+00
3.504701e+02 -9.021297e+00
3.505701e+02 -9.021277e+00
3.506701e+02 -9.021268e+00
3.507702e+02 -9.021270e+00
3.508702e+02 -9.021283e+00
3.509702e+02 -9.021307e+00
3.510702e+02 -9.021342e+00
3.511702e+02 -9.021389e+00
3.512703e+02 -9.021446e+00
3.513703e+02 -9.021515e+00
3.514703e+02 -9.021594e+00
3.515703e+02 -9.021683e+00
3.516703e+02 -9.021783e+00
3.517704e+02 -9.021893e+00
3.518704e+02 -9.022012e+00
3.519704e+02 -9.022139e+00
3.520704e+02 -9.022276e+00
3.521704e+02 -9.022420e+00
3.522705e+02 -9.022572e+00
3.523705e+02 -9.022730e+00
3.524705e+02 -9.022895e+00
3.525705e+02 -9.023066e+00
3.526705e+02 -9.023241e+00
3.527706e+02 -9.023420e+00
3.528706e+02 -9.023603e+00
3.529706e+02 -9.023789e+00
3.530706e+02 -9.023976e+00
3.531706e+02 -9.024165e+00
3.532707e+02 -9.024354e+00
3.533707e+02 -9.024543e+00
3.534707e+02 -9.024731e+00
3.535707e+02 -9.024917e+00
3.536707e+02 -9.025101e+00
3.537708e+02 -9.025281e+00
3.538708e+02 -9.025457e+00
3.539708e+02 -9.025628e+00
3.540708e+02 -9.025794e+00
3.541708e+02 -9.025954e+00
3.542709e+02 -9.026107e+00
3.543709e+02 -9.026253e+00
3.544709e+02 -9.026391e+00
3.545709e+02 -9.026520e+00
3.546709e+02 -9.026641e+00
3.547710e+02 -9.026752e+00
3.548710e+02 -9.026853e+00
3.549710e+02 -9.026945e+00
3.550710e+02 -9.027026e+00
3.551710e+02 -9.027096e+00
3.552711e+02 -9.027156e+00
3.553711e+02 -9.027204e+00
3.554711e+02 -9.027241e+00
3.555711e+02 -9.027267e+00
3.556711e+02 -9.027282e+00
3.557712e+02 -9.027286e+00
3.558712e+02 -9.027279e+00
3.559712e+02 -9.027261e+00
3.560712e+02 -9.027233e+00
3.561712e+02 -9.027194e+00
3.562713e+02 -9.027145e+00
3.563713e+02 -9.027086e+00
3.564713e+02 -9.027018e+00
3.565713e+02 -9.026941e+00
3.566713e+02 -9.026855e+00
3.567714e+02 -9.026762e+00
3.568714e+02 -9.026661e+00
3.569714e+02 -9.026554e+00
3.570714e+02 -9.026440e+00
3.571714e+02 -9.026321e+00
3.572715e+02 -9.026197e+00
3.573715e+02 -9.026069e+00
3.574715e+02 -9.025937e+00
3.575715e+02 -9.025803e+00
3.576715e+02 -9.025666e+00
3.577716e+02 -9.025528e+00
3.578716e+02 -9.025390e+00
3.579716e+02 -9.025251e+00
3.580716e+02 -9.025114e+00
3.581716e+02 -9.024978e+00
3.582717e+02 -9.024844e+00
3.583717e+02 -9.024714e+00
3.584717e+02 -9.024587e+00
3.585717e+02 -9.024464e+00
3.586717e+02 -9.024347e+00
3.587718e+02 -9.024235e+00
3.588718e+02 -9.024129e+00
3.589718e+02 -9.024029e+00
3.590718e+02 -9.023937e+00
3.591718e+02 -9.023853e+00
3.592719e+02 -9.023776e+00
3.593719e+02 -9.023708e+00
3.594719e+02 -9.023649e+00
3.595719e+02 -9.023598e+00
3.596719e+02 -9.023557e+00
3.597720e+02 -9.023526e+00
3.598720e+02 -9.023504e+00
3.599720e+02 -9.023492e+00
3.600720e+02 -9.023489e+00
3.601720e+02 -9.023497e+00
3.602721e+02 -9.023514e+00
3.603721e+02 -9.023541e+00
3.604721e+02 -9.023577e+00
3.605721e+02 -9.023622e+00
3.606721e+02 -9.023676e+00
3.607722e+02 -9.023739e+00
3.608722e+02 -9.023811e+00
3.609722e+02 -9.023890e+00
3.610722e+02 -9.023977e+00
3.611722e+02 -9.024071e+00
3.612723e+02 -9.024171e+00
3.613723e+02 -9.024278e+00
3.614723e+02 -9.024390e+00
3.615723e+02 -9.024507e+00
3.616723e+02 -9.024629e+00
3.617724e+02 -9.024754e+00
3.618724e+02 -9.024882e+00
3.619724e+02 -9.025012e+00
3.620724e+02 -9.025144e+00
3.621724e+02 -9.025277e+00
3.622725e+02 -9.025411e+00
3.623725e+02 -9.025543e+00
3.624725e+02 -9.025675e+00
3.625725e+02 -9.025805e+00
3.626725e+02 -9.025932e+00
3.627726e+02 -9.026056e+00
3.628726e+02 -9.026176e+00
3.629726e+02 -9.026291e+00
3.630726e+02 -9.026401e+00
3.631726e+02 -9.026506e+00
3.632727e+02 -9.026604e+00
3.633727e+02 -9.026695e+00
3.634727e+02 -9.026778e+00
3.635727e+02 -9.026854e+00
3.636727e+02 -9.026921e+00
3.637728e+02 -9.026979e+00
3.638728e+02 -9.027028e+00
3.639728e+02 -9.027068e+00
3.640728e+02 -9.027098e+00
3.641728e+02 -9.027117e+00
3.642729e+02 -9.027127e+00
3.643729e+02 -9.027125e+00
3.644729e+02 -9.027114e+00
3.645729e+02 -9.027092e+00
3.646729e+02 -9.027059e+00
3.647730e+02 -9.027015e+00
3.648730e+02 -9.026962e+00
3.649730e+02 -9.026898e+00
3.650730e+02 -9.026823e+00
3.651730e+02 -9.026739e+00
3.652731e+02 -9.026645e+00
3.653731e+02 -9.026542e+00
3.654731e+02 -9.026430e+00
3.655731e+02 -9.026310e+00
3.656731e+02 -9.026181e+00
3.657732e+02 -9.026045e+00
3.658732e+02 -9.025901e+00
3.659732e+02 -9.025752e+00
3.660732e+02 -9.025596e+00
3.661732e+02 -9.025434e+00
3.662733e+02 -9.025268e+00
3.663733e+02 -9.025098e+00
3.664733e+02 -9.024925e+00
3.665733e+02 -9.024748e+00
3.666733e+02 -9.024570e+00
3.667734e+02 -9.024390e+00
3.668734e+02 -9.024209e+00
3.669734e+02 -9.024029e+00
3.670734e+02 -9.023849e+00
3.671734e+02 -9.023671e+00
3.672735e+02 -9.023495e+00
3.673735e+02 -9.023322e+00
3.674735e+02 -9.023153e+00
3.675735e+02 -9.022987e+00
3.676735e+02 -9.022827e+00
3.677736e+02 -9.022671e+00
3.678736e+02 -9.022522e+00
3.679736e+02 -9.022380e+00
3.680736e+02 -9.022244e+00
3.681736e+02 -9.022117e+00
3.682737e+02 -9.021997e+00
3.683737e+02 -9.021886e+00
3.684737e+02 -9.021784e+00
3.685737e+02 -9.021691e+00
3.686737e+02 -9.021608e+00
3.687738e+02 -9.021534e+00
3.688738e+02 -9.021471e+00
3.689738e+02 -9.021417e+00
3.690738e+02 -9.021374e+00
3.691738e+02 -9.021342e+00
3.692739e+02 -9.021320e+00
3.693739e+02 -9.021308e+00
3.694739e+02 -9.021307e+00
3.695739e+02 -9.021316e+00
3.696739e+02 -9.021335e+00
3.697740e+02 -9.021364e+00
3.698740e+02 -9.021402e+00
3.699740e+02 -9.021450e+00
3.700740e+02 -9.021507e+00
3.701740e+02 -9.021572e+00
3.702741e+02 -9.021646e+00
3.703741e+02 -9.021728e+00
3.704741e+02 -9.021816e+00
3.705741e+02 -9.021912e+00
3.706741e+02 -9.022013e+00
3.707742e+02 -9.022121e+00
3.708742e+02 -9.022233e+00
3.709742e+02 -9.022350e+00
3.710742e+02 -9.022471e+00
3.711742e+02 -9.022594e+00
3.712743e+02 -9.022721e+00
3.713743e+02 -9.022849e+00
3.714743e+02 -9.022978e+00
3.715743e+02 -9.023107e+00
3.716743e+02 -9.023237e+00
3.717744e+02 -9.023365e+00
3.718744e+02 -9.023492e+00
3.719744e+02 -9.023617e+00
3.720744e+02 -9.023738e+00
3.721744e+02 -9.023856e+00
3.722745e+02 -9.023970e+00
3.723745e+02 -9.024080e+00
3.724745e+02 -9.024184e+00
3.725745e+02 -9.024282e+00
3.726745e+02 -9.024374e+00
3.727746e+02 -9.024459e+00
3.728746e+02 -9.024537e+00
3.729746e+02 -9.024607e+00
3.730746e+02 -9.024669e+00
3.731746e+02 -9.024723e+00
3.732747e+02 -9.024769e+00
3.733747e+02 -9.024805e+00
3.734747e+02 -9.024832e+00
3.735747e+02 -9.024851e+00
3.736747e+02 -9.024859e+00
3.737748e+02 -9.024859e+00
3.738748e+02 -9.024849e+00
3.739748e+02 -9.024830e+00
3.740748e+02 -9.024802e+00
3.741748e+02 -9.024765e+00
3.742749e+02 -9.024719e+00
3.743749e+02 -9.024664e+00
3.744749e+02 -9.024601e+00
3.745749e+02 -9.024530e+00
3.746749e+02 -9.024451e+00
3.747750e+02 -9.024364e+00
3.748750e+02 -9.024271e+00
3.749750e+02 -9.024171e+00
3.750750e+02 -9.024065e+00
3.751750e+02 -9.023954e+00
3.752751e+02 -9.023838e+00
3.753751e+02 -9.023718e+00
3.754751e+02 -9.023593e+00
3.755751e+02 -9.023466e+00
3.756751e+02 -9.023337e+00
3.757752e+02 -9.023205e+00
3.758752e+02 -9.023072e+00
3.759752e+02 -9.022939e+00
3.760752e+02 -9.022806e+00
3.761752e+02 -9.022674e+00
3.762753e+02 -9.022544e+00
3.763753e+02 -9.022416e+00
3.764753e+02 -9.022290e+00
3.765753e+02 -9.022168e+00
3.766753e+02 -9.022050e+00
3.767754e+02 -9.021937e+00
3.768754e+02 -9.021829e+00
3.769754e+02 -9.021727e+00
3.770754e+02 -9.021631e+00
3.771754e+02 -9.021543e+00
3.772755e+02 -9.021461e+00
3.773755e+02 -9.021388e+00
3.774755e+02 -9.021322e+00
3.775755e+02 -9.021265e+00
3.776755e+02 -9.021217e+00
3.777756e+02 -9.021179e+00
3.778756e+02 -9.021149e+00
3.779756e+02 -9.021130e+00
3.780756e+02 -9.021120e+00
3.781756e+02 -9.021120e+00
3.782757e+02 -9.021130e+00
3.783757e+02 -9.021149e+00
3.784757e+02 -9.021179e+00
3.785757e+02 -9.021219e+00
3.786757e+02 -9.021268e+00
3.787758e+02 -9.021326e+00
3.788758e+02 -9.021394e+00
3.789758e+02 -9.021472e+00
3.790758e+02 -9.021557e+00
3.791758e+02 -9.021651e+00
3.792759e+02 -9.021753e+00
3.793759e+02 -9.021863e+00
3.794759e+02 -9.021980e+00
3.795759e+02 -9.022103e+00
3.796759e+02 -9.022233e+00
3.797760e+02 -9.022368e+00
3.798760e+02 -9.022507e+00
3.799760e+02 -9.022652e+00
3.800760e+02 -9.022799e+00
3.801760e+02 -9.022950e+00
3.802761e+02 -9.023103e+00
3.803761e+02 -9.023258e+00
3.804761e+02 -9.023414e+00
3.805761e+02 -9.023571e+00
3.806761e+02 -9.023727e+00
3.807762e+02 -9.023882e+00
3.808762e+02 -9.024035e+00
3.809762e+02 -9.024186e+00
3.810762e+02 -9.024334e+00
3.811762e+02 -9.024478e+00
3.812763e+02 -9.024618e+00
3.813763e+02 -9.024753e+00
3.814763e+02 -9.024882e+00
3.815763e+02 -9.025006e+00
3.816763e+02 -9.025122e+00
3.817764e+02 -9.025232e+00
3.818764e+02 -9.025334e+00
3.819764e+02 -9.025428e+00
3.820764e+02 -9.025514e+00
3.821764e+02 -9.025590e+00
3.822765e+02 -9.025658e+00
3.823765e+02 -9.025716e+00
3.824765e+02 -9.025765e+00
3.825765e+02 -9.025803e+00
3.826765e+02 -9.025832e+00
3.827766e+02 -9.025851e+00
3.828766e+02 -9.025859e+00
3.829766e+02 -9.025857e+00
3.830766e+02 -9.025845e+00
3.831766e+02 -9.025823e+00
3.832767e+02 -9.025791e+00
3.833767e+02 -9.025750e+00
3.834767e+02 -9.025698e+00
3.835767e+02 -9.025638e+00
3.836767e+02 -9.025568e+00
3.837768e+02 -9.025490e+00
3.838768e+02 -9.025404e+00
3.839768e+02 -9.025310e+00
3.840768e+02 -9.025208e+00
3.841768e+02 -9.025099e+00
3.842769e+02 -9.024985e+00
3.843769e+02 -9.024864e+00
3.844769e+02 -9.024738e+00
3.845769e+02 -9.024608e+00
3.846769e+02 -9.024473e+00
3.847770e+02 -9.024335e+00
3.848770e+02 -9.024194e+00
3.849770e+02 -9.024051e+00
3.850770e+02 -9.023907e+00
3.851770e+02 -9.023762e+00
3.852771e+02 -9.023617e+00
3.853771e+02 -9.023472e+00
3.854771e+02 -9.023329e+00
3.855771e+02 -9.023187e+00
3.856771e+02 -9.023048e+00
3.857772e+02 -9.022912e+00
3.858772e+02 -9.022780e+00
3.859772e+02 -9.022652e+00
3.860772e+02 -9.022529e+00
3.861772e+02 -9.022412e+00
3.862773e+02 -9.022300e+00
3.863773e+02 -9.022195e+00
3.864773e+02 -9.022097e+00
3.865773e+02 -9.022006e+00
3.866773e+02 -9.021923e+00
3.867774e+02 -9.021848e+00
3.868774e+02 -9.021782e+00
3.869774e+02 -9.021724e+00
3.870774e+02 -9.021675e+00
3.871774e+02 -9.021635e+00
3.872775e+02 -9.021604e+00
3.873775e+02 -9.021583e+00
3.874775e+02 -9.021571e+00
3.875775e+02 -9.021568e+00
3.876775e+02 -9.021575e+00
3.877776e+02 -9.021590e+00
3.878776e+02 -9.021615e+00
3.879776e+02 -9.021649e+00
3.880776e+02 -9.021691e+00
3.881776e+02 -9.021742e+00
3.882777e+02 -9.021801e+00
3.883777e+02 -9.021868e+00
3.884777e+02 -9.021942e+00
3.885777e+02 -9.022023e+00
3.886777e+02 -9.022110e+00
3.887778e+02 -9.022204e+00
3.888778e+02 -9.022303e+00
3.889778e+02 -9.022407e+00
3.890778e+02 -9.022515e+00
3.891778e+02 -9.022627e+00
3.892779e+02 -9.022743e+00
3.893779e+02 -9.022861e+00
3.894779e+02 -9.022981e+00
3.895779e+02 -9.023102e+00
3.896779e+02 -9.023224e+00
3.897780e+02 -9.023347e+00
3.898780e+02 -9.023468e+00
3.899780e+02 -9.023589e+00
3.900780e+02 -9.023708e+00
3.901780e+02 -9.023824e+00
3.902781e+02 -9.023937e+00
3.903781e+02 -9.024047e+00
3.904781e+02 -9.024152e+00
3.905781e+02 -9.024253e+00
3.906781e+02 -9.024348e+00
3.907782e+02 -9.024438e+00
3.908782e+02 -9.024521e+00
3.909782e+02 -9.024597e+00
3.910782e+02 -9.024667e+00
3.911782e+02 -9.024728e+00
3.912783e+02 -9.024782e+00
3.913783e+02 -9.024828e+00
3.914783e+02 -9.024865e+00
3.915783e+02 -9.024894e+00
3.916783e+02 -9.024914e+00
3.917784e+02 -9.024925e+00
3.918784e+02 -9.024927e+00
3.919784e+02 -9.024920e+00
3.920784e+02 -9.024903e+00
3.921784e+02 -9.024878e+00
3.922785e+02 -9.024844e+00
3.923785e+02 -9.024801e+00
3.924785e+02 -9.024749e+00
3.925785e+02 -9.024689e+00
3.926785e+02 -9.024621e+00
3.927786e+02 -9.024545e+00
3.928786e+02 -9.024461e+00
3.929786e+02 -9.024370e+00
3.930786e+02 -9.024273e+00
3.931786e+02 -9.024169e+00
3.932787e+02 -9.024060e+00
3.933787e+02 -9.023945e+00
3.934787e+02 -9.023826e+00
3.935787e+02 -9.023702e+00
3.936787e+02 -9.023575e+00
3.937788e+02 -9.023445e+00
3.938788e+02 -9.023313e+00
3.939788e+02 -9.023178e+00
3.940788e+02 -9.023043e+00
3.941788e+02 -9.022908e+00
3.942789e+02 -9.022772e+00
3.943789e+02 -9.022637e+00
3.944789e+02 -9.022504e+00
3.945789e+02 -9.022373e+00
3.946789e+02 -9.022245e+00
3.947790e+02 -9.022121e+00
3.948790e+02 -9.022000e+00
3.949790e+02 -9.021884e+00
3.950790e+02 -9.021773e+00
3.951790e+02 -9.021668e+00
3.952791e+02 -9.021569e+00
3.953791e+02 -9.021478e+00
3.954791e+02 -9.021393e+00
3.955791e+02 -9.021316e+00
3.956791e+02 -9.021247e+00
3.957792e+02 -9.021187e+00
3.958792e+02 -9.021135e+00
3.959792e+02 -9.021093e+00
3.960792e+02 -9.021060e+00
3.961792e+02 -9.021036e+00
3.962793e+02 -9.021022e+00
3.963793e+02 -9.021018e+00
3.964793e+02 -9.021024e+00
3.965793e+02 -9.021040e+00
3.966793e+02 -9.021066e+00
3.967794e+02 -9.021102e+00
3.968794e+02 -9.021147e+00
3.969794e+02 -9.021202e+00
3.970794e+02 -9.021267e+00
3.971794e+02 -9.021341e+00
3.972795e+02 -9.021424e+00
3.973795e+02 -9.021516e+00
3.974795e+02 -9.021616e+00
3.975795e+02 -9.021723e+00
3.976795e+02 -9.021839e+00
3.977796e+02 -9.021961e+00
3.978796e+02 -9.022090e+00
3.979796e+02 -9.022226e+00
3.980796e+02 -9.022366e+00
3.981796e+02 -9.022512e+00
3.982797e+02 -9.022662e+00
3.983797e+02 -9.022816e+00
3.984797e+02 -9.022973e+00
3.985797e+02 -9.023133e+00
3.986797e+02 -9.023295e+00
3.987798e+02 -9.023458e+00
3.988798e+02 -9.023622e+00
3.989798e+02 -9.023785e+00
3.990798e+02 -9.023948e+00
3.991798e+02 -9.024110e+00
3.992799e+02 -9.024270e+00
3.993799e+02 -9.024427e+00
3.994799e+02 -9.024581e+00
3.995799e+02 -9.024731e+00
3.996799e+02 -9.024877e+00
3.997800e+02 -9.025018e+00
3.998800e+02 -9.025154e+00
3.999800e+02 -9.025284e+00
4.000800e+02 -9.025407e+00
4.001800e+02 -9.025523e+00
4.002801e+02 -9.025633e+00
4.003801e+02 -9.025734e+00
4.004801e+02 -9.025828e+00
4.005801e+02 -9.025913e+00
4.006801e+02 -9.025990e+00
4.007802e+02 -9.026058e+00
4.008802e+02 -9.026118e+00
4.009802e+02 -9.026168e+00
4.010802e+02 -9.026209e+00
4.011802e+02 -9.026241e+00
4.012803e+02 -9.026264e+00
4.013803e+02 -9.026277e+00
4.014803e+02 -9.026282e+00
4.015803e+02 -9.026278e+00
4.016803e+02 -9.026265e+00
4.017804e+02 -9.026243e+00
4.018804e+02 -9.026213e+00
4.019804e+02 -9.026175e+00
4.020804e+02 -9.026130e+00
4.021804e+02 -9.026077e+00
4.022805e+02 -9.026017e+00
4.023805e+02 -9.025950e+00
4.024805e+02 -9.025878e+00
4.025805e+02 -9.025800e+00
4.026805e+02 -9.025717e+00
4.027806e+02 -9.025629e+00
4.028806e+02 -9.025538e+00
4.029806e+02 -9.025443e+00
4.030806e+02 -9.025345e+00
4.031806e+02 -9.025245e+00
4.032807e+02 -9.025143e+00
4.033807e+02 -9.025041e+00
4.034807e+02 -9.024938e+00
4.035807e+02 -9.024835e+00
4.036807e+02 -9.024733e+00
4.037808e+02 -9.024633e+00
4.038808e+02 -9.024535e+00
4.039808e+02 -9.024440e+00
4.040808e+02 -9.024347e+00
4.041808e+02 -9.024259e+00
4.042809e+02 -9.024175e+00
4.043809e+02 -9.024096e+00
4.044809e+02 -9.024022e+00
4.045809e+02 -9.023954e+00
4.046809e+02 -9.023892e+00
4.047810e+02 -9.023837e+00
4.048810e+02 -9.023789e+00
4.049810e+02 -9.023749e+00
4.050810e+02 -9.023716e+00
4.051810e+02 -9.023690e+00
4.052811e+02 -9.023673e+00
4.053811e+02 -9.023665e+00
4.054811e+02 -9.023664e+00
4.055811e+02 -9.023673e+00
4.056811e+02 -9.023689e+00
4.057812e+02 -9.023715e+00
4.058812e+02 -9.023748e+00
4.059812e+02 -9.023791e+00
4.060812e+02 -9.023841e+00
4.061812e+02 -9.023900e+00
4.062813e+02 -9.023966e+00
4.063813e+02 -9.024040e+00
4.064813e+02 -9.024122e+00
4.065813e+02 -9.024210e+00
4.066813e+02 -9.024306e+00
4.067814e+02 -9.024407e+00
4.068814e+02 -9.024514e+00
4.069814e+02 -9.024627e+00
4.070814e+02 -9.024744e+00
4.071814e+02 -9.024866e+00
4.072815e+02 -9.024991e+00
4.073815e+02 -9.025120e+00
4.074815e+02 -9.025251e+00
4.075815e+02 -9.025384e+00
4.076815e+02 -9.025519e+00
4.077816e+02 -9.025654e+00
4.078816e+02 -9.025790e+00
4.079816e+02 -9.025924e+00
4.080816e+02 -9.026058e+00
4.081816e+02 -9.026190e+00
4.082817e+02 -9.026319e+00
4.083817e+02 -9.026445e+00
4.084817e+02 -9.026568e+00
4.085817e+02 -9.026686e+00
4.086817e+02 -9.026799e+00
4.087818e+02 -9.026907e+00
4.088818e+02 -9.027009e+00
4.089818e+02 -9.027104e+00
4.090818e+02 -9.027192e+00
4.091818e+02 -9.027273e+00
4.092819e+02 -9.027346e+00
4.093819e+02 -9.027410e+00
4.094819e+02 -9.027466e+00
4.095819e+02 -9.027514e+00
4.096819e+02 -9.027551e+00
4.097820e+02 -9.027580e+00
4.098820e+02 -9.027599e+00
4.099820e+02 -9.027608e+00
4.100820e+02 -9.027607e+00
4.101820e+02 -9.027596e+00
4.102821e+02 -9.027576e+00
4.103821e+02 -9.027545e+00
4.104821e+02 -9.027505e+00
4.105821e+02 -9.027455e+00
4.106821e+02 -9.027395e+00
4.107822e+02 -9.027326e+00
4.108822e+02 -9.027248e+00
4.109822e+02 -9.027161e+00
4.110822e+02 -9.027065e+00
4.111822e+02 -9.026962e+00
4.112823e+02 -9.026851e+00
4.113823e+02 -9.026732e+00
4.114823e+02 -9.026607e+00
4.115823e+02 -9.026475e+00
4.116823e+02 -9.026337e+00
4.117824e+02 -9.026194e+00
4.118824e+02 -9.026047e+00
4.119824e+02 -9.025895e+00
4.120824e+02 -9.025740e+00
4.121824e+02 -9.025582e+00
4.122825e+02 -9.025421e+00
4.123825e+02 -9.025260e+00
4.124825e+02 -9.025097e+00
4.125825e+02 -9.024934e+00
4.126825e+02 -9.024771e+00
4.127826e+02 -9.024609e+00
4.128826e+02 -9.024449e+00
4.129826e+02 -9.024291e+00
4.130826e+02 -9.024136e+00
4.131826e+02 -9.023985e+00
4.132827e+02 -9.023838e+00
4.133827e+02 -9.023695e+00
4.134827e+02 -9.023558e+00
4.135827e+02 -9.023426e+00
4.136827e+02 -9.023300e+00
4.137828e+02 -9.023181e+00
4.138828e+02 -9.023069e+00
4.139828e+02 -9.022964e+00
4.140828e+02 -9.022867e+00
4.141828e+02 -9.022778e+00
4.142829e+02 -9.022698e+00
4.143829e+02 -9.022625e+00
4.144829e+02 -9.022562e+00
4.145829e+02 -9.022507e+00
4.146829e+02 -9.022462e+00
4.147830e+02 -9.022425e+00
4.148830e+02 -9.022398e+00
4.149830e+02 -9.022379e+00
4.150830e+02 -9.022369e+00
4.151830e+02 -9.022368e+00
4.152831e+02 -9.022376e+00
4.153831e+02 -9.022392e+00
4.154831e+02 -9.022417e+00
4.155831e+02 -9.022449e+00
4.156831e+02 -9.022489e+00
4.157832e+02 -9.022537e+00
4.158832e+02 -9.022591e+00
4.159832e+02 -9.022652e+00
4.160832e+02 -9.022719e+00
4.161832e+02 -9.022791e+00
4.162833e+02 -9.022869e+00
4.163833e+02 -9.022951e+00
4.164833e+02 -9.023037e+00
4.165833e+02 -9.023127e+00
4.166833e+02 -9.023220e+00
4.167834e+02 -9.023315e+00
4.168834e+02 -9.023412e+00
4.169834e+02 -9.023510e+00
4.170834e+02 -9.023609e+00
4.171834e+02 -9.023708e+00
4.172835e+02 -9.023806e+00
4.173835e+02 -9.023902e+00
4.174835e+02 -9.023998e+00
4.175835e+02 -9.024090e+00
4.176835e+02 -9.024180e+00
4.177836e+02 -9.024266e+00
4.178836e+02 -9.024349e+00
4.179836e+02 -9.024426e+00
4.180836e+02 -9.024499e+00
4.181836e+02 -9.024567e+00
4.182837e+02 -9.024628e+00
4.183837e+02 -9.024684e+00
4.184837e+02 -9.024732e+00
4.185837e+02 -9.024774e+00
4.186837e+02 -9.024809e+00
4.187838e+02 -9.024836e+00
4.188838e+02 -9.024856e+00
4.189838e+02 -9.024867e+00
4.190838e+02 -9.024871e+00
4.191838e+02 -9.024867e+00
4.192839e+02 -9.024854e+00
4.193839e+02 -9.024834e+00
4.194839e+02 -9.024805e+00
4.195839e+02 -9.024768e+00
4.196839e+02 -9.024723e+00
4.197840e+02 -9.024670e+00
4.198840e+02 -9.024610e+00
4.199840e+02 -9.024542e+00
4.200840e+02 -9.024467e+00
4.201840e+02 -9.024386e+00
4.202841e+02 -9.024298e+00
4.203841e+02 -9.024203e+00
4.204841e+02 -9.024103e+00
4.205841e+02 -9.023998e+00
4.206841e+02 -9.023888e+00
4.207842e+02 -9.023773e+00
4.208842e+02 -9.023655e+00
4.209842e+02 -9.023533e+00
4.210842e+02 -9.023409e+00
4.211842e+02 -9.023282e+00
4.212843e+02 -9.023154e+00
4.213843e+02 -9.023024e+00
4.214843e+02 -9.022894e+00
4.215843e+02 -9.022764e+00
4.216843e+02 -9.022635e+00
4.217844e+02 -9.022507e+00
4.218844e+02 -9.022382e+00
4.219844e+02 -9.022258e+00
4.220844e+02 -9.022138e+00
4.221844e+02 -9.022021e+00
4.222845e+02 -9.021908e+00
4.223845e+02 -9.021801e+00
4.224845e+02 -9.021698e+00
4.225845e+02 -9.021601e+00
4.226845e+02 -9.021510e+00
4.227846e+02 -9.021426e+00
4.228846e+02 -9.021349e+00
4.229846e+02 -9.021279e+00
4.230846e+02 -9.021217e+00
4.231846e+02 -9.021163e+00
4.232847e+02 -9.021118e+00
4.233847e+02 -9.021081e+00
4.234847e+02 -9.021052e+00
4.235847e+02 -9.021033e+00
4.236847e+02 -9.021023e+00
4.237848e+02 -9.021022e+00
4.238848e+02 -9.021030e+00
4.239848e+02 -9.021047e+00
4.240848e+02 -9.021073e+00
4.241848e+02 -9.021109e+00
4.242849e+02 -9.021153e+00
4.243849e+02 -9.021206e+00
4.244849e+02 -9.021267e+00
4.245849e+02 -9.021337e+00
4.246849e+02 -9.021415e+00
4.247850e+02 -9.021500e+00
4.248850e+02 -9.021593e+00
4.249850e+02 -9.021693e+00
4.250850e+02 -9.021799e+00
4.251850e+02 -9.021911e+00
4.252851e+02 -9.022029e+00
4.253851e+02 -9.022152e+00
4.254851e+02 -9.022279e+00
4.255851e+02 -9.022410e+00
4.256851e+02 -9.022545e+00
4.257852e+02 -9.022683e+00
4.258852e+02 -9.022823e+00
4.259852e+02 -9.022964e+00
4.260852e+02 -9.023107e+00
4.261852e+02 -9.023250e+00
4.262853e+02 -9.023393e+00
4.263853e+02 -9.023535e+00
4.264853e+02 -9.023676e+00
4.265853e+02 -9.023815e+00
4.266853e+02 -9.023951e+00
4.267854e+02 -9.024084e+00
4.268854e+02 -9.024213e+00
4.269854e+02 -9.024339e+00
4.270854e+02 -9.024459e+00
4.271854e+02 -9.024574e+00
4.272855e+02 -9.024684e+00
4.273855e+02 -9.024787e+00
4.274855e+02 -9.024884e+00
4.275855e+02 -9.024973e+00
4.276855e+02 -9.025056e+00
4.277856e+02 -9.025130e+00
4.278856e+02 -9.025197e+00
4.279856e+02 -9.025255e+00
4.280856e+02 -9.025305e+00
4.281856e+02 -9.025347e+00
4.282857e+02 -9.025380e+00
4.283857e+02 -9.025404e+00
4.284857e+02 -9.025419e+00
4.285857e+02 -9.025425e+00
4.286857e+02 -9.025422e+00
4.287858e+02 -9.025411e+00
4.288858e+02 -9.025391e+00
4.289858e+02 -9.025363e+00
4.290858e+02 -9.025326e+00
4.291858e+02 -9.025282e+00
4.292859e+02 -9.025230e+00
4.293859e+02 -9.025170e+00
4.294859e+02 -9.025103e+00
4.295859e+02 -9.025030e+00
4.296859e+02 -9.024950e+00
4.297860e+02 -9.024864e+00
4.298860e+02 -9.024773e+00
4.299860e+02 -9.024677e+00
4.300860e+02 -9.024577e+00
4.301860e+02 -9.024472e+00
4.302861e+02 -9.024365e+00
4.303861e+02 -9.024254e+00
4.304861e+02 -9.024142e+00
4.305861e+02 -9.024027e+00
4.306861e+02 -9.023911e+00
4.307862e+02 -9.023795e+00
4.308862e+02 -9.023679e+00
4.309862e+02 -9.023564e+00
4.310862e+02 -9.023449e+00
4.311862e+02 -9.023336e+00
4.312863e+02 -9.023226e+00
4.313863e+02 -9.023119e+00
4.314863e+02 -9.023015e+00
4.315863e+02 -9.022914e+00
4.316863e+02 -9.022818e+00
4.317864e+02 -9.022727e+00
4.318864e+02 -9.022642e+00
4.319864e+02 -9.022562e+00
4.320864e+02 -9.022488e+00
4.321864e+02 -9.022420e+00
4.322865e+02 -9.022359e+00
4.323865e+02 -9.022305e+00
4.324865e+02 -9.022259e+00
4.325865e+02 -9.022220e+00
4.326865e+02 -9.022188e+00
4.327866e+02 -9.022165e+00
4.328866e+02 -9.022149e+00
4.329866e+02 -9.022141e+00
4.330866e+02 -9.022141e+00
4.331866e+02 -9.022150e+00
4.332867e+02 -9.022166e+00
4.333867e+02 -9.022189e+00
4.334867e+02 -9.022221e+00
4.335867e+02 -9.022260e+00
4.336867e+02 -9.022306e+00
4.337868e+02 -9.022359e+00
4.338868e+02 -9.022419e+00
4.339868e+02 -9.022485e+00
4.340868e+02 -9.022557e+00
4.341868e+02 -9.022634e+00
4.342869e+02 -9.022717e+00
4.343869e+02 -9.022805e+00
4.344869e+02 -9.022897e+00
4.345869e+02 -9.022993e+00
4.346869e+02 -9.023092e+00
4.347870e+02 -9.023194e+00
4.348870e+02 -9.023298e+00
4.349870e+02 -9.023404e+00
4.350870e+02 -9.023512e+00
4.351870e+02 -9.023620e+00
4.352871e+02 -9.023728e+00
4.353871e+02 -9.023835e+00
4.354871e+02 -9.023941e+00
4.355871e+02 -9.024046e+00
4.356871e+02 -9.024149e+00
4.357872e+02 -9.024249e+00
4.358872e+02 -9.024346e+00
4.359872e+02 -9.024438e+00
4.360872e+02 -9.024527e+00
4.361872e+02 -9.024611e+00
4.362873e+02 -9.024690e+00
4.363873e+02 -9.024763e+00
4.364873e+02 -9.024830e+00
4.365873e+02 -9.024891e+00
4.366873e+02 -9.024945e+00
4.367874e+02 -9.024991e+00
4.368874e+02 -9.025031e+00
4.369874e+02 -9.025062e+00
4.370874e+02 -9.025086e+00
4.371874e+02 -9.025102e+00
4.372875e+02 -9.025110e+00
4.373875e+02 -9.025109e+00
4.374875e+02 -9.025100e+00
4.375875e+02 -9.025083e+00
4.376875e+02 -9.025057e+00
4.377876e+02 -9.025023e+00
4.378876e+02 -9.024981e+00
4.379876e+02 -9.024930e+00
4.380876e+02 -9.024872e+00
4.381876e+02 -9.024807e+00
4.382877e+02 -9.024734e+00
4.383877e+02 -9.024653e+00
4.384877e+02 -9.024566e+00
4.385877e+02 -9.024473e+00
4.386877e+02 -9.024373e+00
4.387878e+02 -9.024268e+00
4.388878e+02 -9.024158e+00
4.389878e+02 -9.024043e+00
4.390878e+02 -9.023924e+00
4.391878e+02 -9.023801e+00
4.392879e+02 -9.023675e+00
4.393879e+02 -9.023546e+00
4.394879e+02 -9.023415e+00
4.395879e+02 -9.023283e+00
4.396879e+02 -9.023150e+00
4.397880e+02 -9.023016e+00
4.398880e+02 -9.022882e+00
4.399880e+02 -9.022750e+00
4.400880e+02 -9.022619e+00
4.401880e+02 -9.022489e+00
4.402881e+02 -9.022363e+00
4.403881e+02 -9.022239e+00
4.404881e+02 -9.022119e+00
4.405881e+02 -9.022003e+00
4.406881e+02 -9.021892e+00
4.407882e+02 -9.021787e+00
4.408882e+02 -9.021686e+00
4.409882e+02 -9.021592e+00
4.410882e+02 -9.021505e+00
4.411882e+02 -9.021424e+00
4.412883e+02 -9.021351e+00
4.413883e+02 -9.021285e+00
4.414883e+02 -9.021227e+00
4.415883e+02 -9.021178e+00
4.416883e+02 -9.021137e+00
4.417884e+02 -9.021104e+00
4.418884e+02 -9.021080e+00
4.419884e+02 -9.021065e+00
4.420884e+02 -9.021059e+00
4.421884e+02 -9.021061e+00
4.422885e+02 -9.021073e+00
4.423885e+02 -9.021093e+00
4.424885e+02 -9.021122e+00
4.425885e+02 -9.021160e+00
4.426885e+02 -9.021206e+00
4.427886e+02 -9.021260e+00
4.428886e+02 -9.021323e+00
4.429886e+02 -9.021393e+00
4.430886e+02 -9.021470e+00
4.431886e+02 -9.021555e+00
4.432887e+02 -9.021646e+00
4.433887e+02 -9.021744e+00
4.434887e+02 -9.021847e+00
4.435887e+02 -9.021956e+00
4.436887e+02 -9.022069e+00
4.437888e+02 -9.022187e+00
4.438888e+02 -9.022309e+00
4.439888e+02 -9.022435e+00
4.440888e+02 -9.022563e+00
4.441888e+02 -9.022693e+00
4.442889e+02 -9.022825e+00
4.443889e+02 -9.022959e+00
4.444889e+02 -9.023093e+00
4.445889e+02 -9.023226e+00
4.446889e+02 -9.023360e+00
4.447890e+02 -9.023492e+00
4.448890e+02 -9.023623e+00
4.449890e+02 -9.023751e+00
4.450890e+02 -9.023877e+00
4.451890e+02 -9.023999e+00
4.452891e+02 -9.024118e+00
4.453891e+02 -9.024233e+00
4.454891e+02 -9.024343e+00
4.455891e+02 -9.024448e+00
4.456891e+02 -9.024547e+00
4.457892e+02 -9.024641e+00
4.458892e+02 -9.024729e+00
4.459892e+02 -9.024810e+00
4.460892e+02 -9.024884e+00
4.461892e+02 -9.024952e+00
4.462893e+02 -9.025012e+00
4.463893e+02 -9.025066e+00
4.464893e+02 -9.025111e+00
4.465893e+02 -9.025150e+00
4.466893e+02 -9.025180e+00
4.467894e+02 -9.025203e+00
4.468894e+02 -9.025219e+00
4.469894e+02 -9.025227e+00
4.470894e+02 -9.025227e+00
4.471894e+02 -9.025221e+00
4.472895e+02 -9.025207e+00
4.473895e+02 -9.025187e+00
4.474895e+02 -9.025159e+00
4.475895e+02 -9.025126e+00
4.476895e+02 -9.025086e+00
4.477896e+02 -9.025041e+00
4.478896e+02 -9.024990e+00
4.479896e+02 -9.024934e+00
4.480896e+02 -9.024874e+00
4.481896e+02 -9.024809e+00
4.482897e+02 -9.024741e+00
4.483897e+02 -9.024670e+00
4.484897e+02 -9.024596e+00
4.485897e+02 -9.024520e+00
4.486897e+02 -9.024442e+00
4.487898e+02 -9.024363e+00
4.488898e+02 -9.024283e+00
4.489898e+02 -9.024203e+00
4.490898e+02 -9.024124e+00
4.491898e+02 -9.024045e+00
4.492899e+02 -9.023968e+00
4.493899e+02 -9.023893e+00
4.494899e+02 -9.023821e+00
4.495899e+02 -9.023751e+00
4.496899e+02 -9.023686e+00
4.497900e+02 -9.023624e+00
4.498900e+02 -9.023566e+00
4.499900e+02 -9.023513e+00
4.500900e+02 -9.023465e+00
4.501900e+02 -9.023423e+00
4.502901e+02 -9.023387e+00
4.503901e+02 -9.023357e+00
4.504901e+02 -9.023334e+00
4.505901e+02 -9.023318e+00
4.506901e+02 -9.023308e+00
4.507902e+02 -9.023306e+00
4.508902e+02 -9.023311e+00
4.509902e+02 -9.023323e+00
4.510902e+02 -9.023343e+00
4.511902e+02 -9.023371e+00
4.512903e+02 -9.023406e+00
4.513903e+02 -9.023449e+00
4.514903e+02 -9.023499e+00
4.515903e+02 -9.023557e+00
4.516903e+02 -9.023622e+00
4.517904e+02 -9.023694e+00
4.518904e+02 -9.023773e+00
4.519904e+02 -9.023859e+00
4.520904e+02 -9.023951e+00
4.521904e+02 -9.024049e+00
4.522905e+02 -9.024153e+00
4.523905e+02 -9.024263e+00
4.524905e+02 -9.024377e+00
4.525905e+02 -9.024496e+00
4.526905e+02 -9.024619e+00
4.527906e+02 -9.024746e+00
4.528906e+02 -9.024876e+00
4.529906e+02 -9.025008e+00
4.530906e+02 -9.025143e+00
4.531906e+02 -9.025279e+00
4.532907e+02 -9.025417e+00
4.533907e+02 -9.025555e+00
4.534907e+02 -9.025692e+00
4.535907e+02 -9.025830e+00
4.536907e+02 -9.025966e+00
4.537908e+02 -9.026100e+00
4.538908e+02 -9.026232e+00
4.539908e+02 -9.026361e+00
4.540908e+02 -9.026487e+00
4.541908e+02 -9.026608e+00
4.542909e+02 -9.026726e+00
4.543909e+02 -9.026839e+00
4.544909e+02 -9.026946e+00
4.545909e+02 -9.027048e+00
4.546909e+02 -9.027143e+00
4.547910e+02 -9.027232e+00
4.548910e+02 -9.027314e+00
4.549910e+02 -9.027388e+00
4.550910e+02 -9.027455e+00
4.551910e+02 -9.027514e+00
4.552911e+02 -9.027566e+00
4.553911e+02 -9.027608e+00
4.554911e+02 -9.027643e+00
4.555911e+02 -9.027668e+00
4.556911e+02 -9.027685e+00
4.557912e+02 -9.027693e+00
4.558912e+02 -9.027692e+00
4.559912e+02 -9.027683e+00
4.560912e+02 -9.027665e+00
4.561912e+02 -9.027638e+00
4.562913e+02 -9.027602e+00
4.563913e+02 -9.027558e+00
4.564913e+02 -9.027506e+00
4.565913e+02 -9.027446e+00
4.566913e+02 -9.027378e+00
4.567914e+02 -9.027303e+00
4.568914e+02 -9.027221e+00
4.569914e+02 -9.027132e+00
4.570914e+02 -9.027037e+00
4.571914e+02 -9.026936e+00
4.572915e+02 -9.026829e+00
4.573915e+02 -9.026718e+00
4.574915e+02 -9.026602e+00
4.575915e+02 -9.026482e+00
4.576915e+02 -9.026359e+00
4.577916e+02 -9.026233e+00
4.578916e+02 -9.026105e+00
4.579916e+02 -9.025974e+00
4.580916e+02 -9.025843e+00
4.581916e+02 -9.025711e+00
4.582917e+02 -9.025578e+00
4.583917e+02 -9.025446e+00
4.584917e+02 -9.025315e+00
4.585917e+02 -9.025186e+00
4.586917e+02 -9.025059e+00
4.587918e+02 -9.024934e+00
4.588918e+02 -9.024812e+00
4.589918e+02 -9.024694e+00
4.590918e+02 -9.024580e+00
4.591918e+02 -9.024470e+00
4.592919e+02 -9.024365e+00
4.593919e+02 -9.024266e+00
4.594919e+02 -9.024172e+00
4.595919e+02 -9.024083e+00
4.596919e+02 -9.024002e+00
4.597920e+02 -9.023926e+00
4.598920e+02 -9.023858e+00
4.599920e+02 -9.023796e+00
4.600920e+02 -9.023742e+00
4.601920e+02 -9.023695e+00
4.602921e+02 -9.023655e+00
4.603921e+02 -9.023623e+00
4.604921e+02 -9.023598e+00
4.605921e+02 -9.023581e+00
4.606921e+02 -9.023571e+00
4.607922e+02 -9.023568e+00
4.608922e+02 -9.023572e+00
4.609922e+02 -9.023584e+00
4.610922e+02 -9.023602e+00
4.611922e+02 -9.023627e+00
4.612923e+02 -9.023658e+00
4.613923e+02 -9.023695e+00
4.614923e+02 -9.023738e+00
4.615923e+02 -9.023786e+00
4.616923e+02 -9.023839e+00
4.617924e+02 -9.023896e+00
4.618924e+02 -9.023958e+00
4.619924e+02 -9.024023e+00
4.620924e+02 -9.024091e+00
4.621924e+02 -9.024162e+00
4.622925e+02 -9.024235e+00
4.623925e+02 -9.024310e+00
4.624925e+02 -9.024386e+00
4.625925e+02 -9.024462e+00
4.626925e+02 -9.024539e+00
4.627926e+02 -9.024615e+00
4.628926e+02 -9.024690e+00
4.629926e+02 -9.024763e+00
4.630926e+02 -9.024835e+00
4.631926e+02 -9.024904e+00
4.632927e+02 -9.024970e+00
4.633927e+02 -9.025032e+00
4.634927e+02 -9.025091e+00
4.635927e+02 -9.025145e+00
4.636927e+02 -9.025195e+00
4.637928e+02 -9.025239e+00
4.638928e+02 -9.025278e+00
4.639928e+02 -9.025311e+00
4.640928e+02 -9.025338e+00
4.641928e+02 -9.025359e+00
4.642929e+02 -9.025372e+00
4.643929e+02 -9.025379e+00
4.644929e+02 -9.025379e+00
4.645929e+02 -9.025372e+00
4.646929e+02 -9.025357e+00
4.647930e+02 -9.025335e+00
4.648930e+02 -9.025305e+00
4.649930e+02 -9.025268e+00
4.650930e+02 -9.025224e+00
4.651930e+02 -9.025172e+00
4.652931e+02 -9.025113e+00
4.653931e+02 -9.025047e+00
4.654931e+02 -9.024974e+00
4.655931e+02 -9.024894e+00
4.656931e+02 -9.024808e+00
4.657932e+02 -9.024716e+00
4.658932e+02 -9.024618e+00
4.659932e+02 -9.024515e+00
4.660932e+02 -9.024406e+00
4.661932e+02 -9.024293e+00
4.662933e+02 -9.024176e+00
4.663933e+02 -9.024055e+00
4.664933e+02 -9.023930e+00
4.665933e+02 -9.023803e+00
4.666933e+02 -9.023673e+00
4.667934e+02 -9.023542e+00
4.668934e+02 -9.023409e+00
4.669934e+02 -9.023276e+00
4.670934e+02 -9.023142e+00
4.671934e+02 -9.023008e+00
4.672935e+02 -9.022876e+00
4.673935e+02 -9.022745e+00
4.674935e+02 -9.022616e+00
4.675935e+02 -9.022489e+00
4.676935e+02 -9.022365e+00
4.677936e+02 -9.022245e+00
4.678936e+02 -9.022129e+00
4.679936e+02 -9.022017e+00
4.680936e+02 -9.021910e+00
4.681936e+02 -9.021809e+00
4.682937e+02 -9.021713e+00
4.683937e+02 -9.021623e+00
4.684937e+02 -9.021541e+00
4.685937e+02 -9.021465e+00
4.686937e+02 -9.021396e+00
4.687938e+02 -9.021334e+00
4.688938e+02 -9.021281e+00
4.689938e+02 -9.021235e+00
4.690938e+02 -9.021197e+00
4.691938e+02 -9.021168e+00
4.692939e+02 -9.021147e+00
4.693939e+02 -9.021134e+00
4.694939e+02 -9.021130e+00
4.695939e+02 -9.021134e+00
4.696939e+02 -9.021147e+00
4.697940e+02 -9.021168e+00
4.698940e+02 -9.021197e+00
4.699940e+02 -9.021234e+00
4.700940e+02 -9.021278e+00
4.701940e+02 -9.021331e+00
4.702941e+02 -9.021391e+00
4.703941e+02 -9.021457e+00
4.704941e+02 -9.021531e+00
4.705941e+02 -9.021611e+00
4.706941e+02 -9.021697e+00
4.707942e+02 -9.021789e+00
4.708942e+02 -9.021885e+00
4.709942e+02 -9.021987e+00
4.710942e+02 -9.022093e+00
4.711942e+02 -9.022202e+00
4.712943e+02 -9.022315e+00
4.713943e+02 -9.022431e+00
4.714943e+02 -9.022549e+00
4.715943e+02 -9.022669e+00
4.716943e+02 -9.022790e+00
4.717944e+02 -9.022912e+00
4.718944e+02 -9.023033e+00
4.719944e+02 -9.023155e+00
4.720944e+02 -9.023275e+00
4.721944e+02 -9.023394e+00
4.722945e+02 -9.023511e+00
4.723945e+02 -9.023626e+00
4.724945e+02 -9.023737e+00
4.725945e+02 -9.023846e+00
4.726945e+02 -9.023950e+00
4.727946e+02 -9.024050e+00
4.728946e+02 -9.024145e+00
4.729946e+02 -9.024235e+00
4.730946e+02 -9.024319e+00
4.731946e+02 -9.024398e+00
4.732947e+02 -9.024470e+00
4.733947e+02 -9.024536e+00
4.734947e+02 -9.024595e+00
4.735947e+02 -9.024648e+00
4.736947e+02 -9.024693e+00
4.737948e+02 -9.024731e+00
4.738948e+02 -9.024762e+00
4.739948e+02 -9.024785e+00
4.740948e+02 -9.024801e+00
4.741948e+02 -9.024810e+00
4.742949e+02 -9.024811e+00
4.743949e+02 -9.024805e+00
4.744949e+02 -9.024792e+00
4.745949e+02 -9.024771e+00
4.746949e+02 -9.024744e+00
4.747950e+02 -9.024710e+00
4.748950e+02 -9.024670e+00
4.749950e+02 -9.024624e+00
4.750950e+02 -9.024571e+00
4.751950e+02 -9.024514e+00
4.752951e+02 -9.024451e+00
4.753951e+02 -9.024383e+00
4.754951e+02 -9.024311e+00
4.755951e+02 -9.024235e+00
4.756951e+02 -9.024155e+00
4.757952e+02 -9.024072e+00
4.758952e+02 -9.023987e+00
4.759952e+02 -9.023899e+00
4.760952e+02 -9.023810e+00
4.761952e+02 -9.023719e+00
4.762953e+02 -9.023628e+00
4.763953e+02 -9.023537e+00
4.764953e+02 -9.023446e+00
4.765953e+02 -9.023356e+00
4.766953e+02 -9.023267e+00
4.767954e+02 -9.023181e+00
4.768954e+02 -9.023096e+00
4.769954e+02 -9.023014e+00
4.770954e+02 -9.022936e+00
4.771954e+02 -9.022861e+00
4.772955e+02 -9.022790e+00
4.773955e+02 -9.022724e+00
4.774955e+02 -9.022662e+00
4.775955e+02 -9.022606e+00
4.776955e+02 -9.022556e+00
4.777956e+02 -9.022511e+00
4.778956e+02 -9.022472e+00
4.779956e+02 -9.022439e+00
4.780956e+02 -9.022414e+00
4.781956e+02 -9.022394e+00
4.782957e+02 -9.022382e+00
4.783957e+02 -9.022376e+00
4.784957e+02 -9.022378e+00
4.785957e+02 -9.022386e+00
4.786957e+02 -9.022401e+00
4.787958e+02 -9.022424e+00
4.788958e+02 -9.022453e+00
4.789958e+02 -9.022489e+00
4.790958e+02 -9.022531e+00
4.791958e+02 -9.022580e+00
4.792959e+02 -9.022635e+00
4.793959e+02 -9.022696e+00
4.794959e+02 -9.022763e+00
4.795959e+02 -9.022835e+00
4.796959e+02 -9.022913e+00
4.797960e+02 -9.022995e+00
4.798960e+02 -9.023081e+00
4.799960e+02 -9.023171e+00
4.800960e+02 -9.023265e+00
4.801960e+02 -9.023361e+00
4.802961e+02 -9.023461e+00
4.803961e+02 -9.023562e+00
4.804961e+02 -9.023665e+00
4.805961e+02 -9.023770e+00
4.806961e+02 -9.023875e+00
4.807962e+02 -9.023980e+00
4.808962e+02 -9.024084e+00
4.809962e+02 -9.024188e+00
4.810962e+02 -9.024291e+00
4.811962e+02 -9.024391e+00
4.812963e+02 -9.024490e+00
4.813963e+02 -9.024585e+00
4.814963e+02 -9.024677e+00
4.815963e+02 -9.024765e+00
4.816963e+02 -9.024849e+00
4.817964e+02 -9.024928e+00
4.818964e+02 -9.025002e+00
4.819964e+02 -9.025071e+00
4.820964e+02 -9.025134e+00
4.821964e+02 -9.025191e+00
4.822965e+02 -9.025241e+00
4.823965e+02 -9.025284e+00
4.824965e+02 -9.025321e+00
4.825965e+02 -9.025350e+00
4.826965e+02 -9.025372e+00
4.827966e+02 -9.025386e+00
4.828966e+02 -9.025393e+00
4.829966e+02 -9.025392e+00
4.830966e+02 -9.025383e+00
4.831966e+02 -9.025367e+00
4.832967e+02 -9.025343e+00
4.833967e+02 -9.025311e+00
4.834967e+02 -9.025271e+00
4.835967e+02 -9.025224e+00
4.836967e+02 -9.025170e+00
4.837968e+02 -9.025109e+00
4.838968e+02 -9.025041e+00
4.839968e+02 -9.024966e+00
4.840968e+02 -9.024885e+00
4.841968e+02 -9.024798e+00
4.842969e+02 -9.024706e+00
4.843969e+02 -9.024608e+00
4.844969e+02 -9.024505e+00
4.845969e+02 -9.024398e+00
4.846969e+02 -9.024287e+00
4.847970e+02 -9.024173e+00
4.848970e+02 -9.024055e+00
4.849970e+02 -9.023934e+00
4.850970e+02 -9.023812e+00
4.851970e+02 -9.023688e+00
4.852971e+02 -9.023563e+00
4.853971e+02 -9.023437e+00
4.854971e+02 -9.023312e+00
4.855971e+02 -9.023187e+00
4.856971e+02 -9.023062e+00
4.857972e+02 -9.022940e+00
4.858972e+02 -9.022819e+00
4.859972e+02 -9.022701e+00
4.860972e+02 -9.022586e+00
4.861972e+02 -9.022475e+00
4.862973e+02 -9.022367e+00
4.863973e+02 -9.022264e+00
4.864973e+02 -9.022166e+00
4.865973e+02 -9.022073e+00
4.866973e+02 -9.021985e+00
4.867974e+02 -9.021904e+00
4.868974e+02 -9.021828e+00
4.869974e+02 -9.021760e+00
4.870974e+02 -9.021698e+00
4.871974e+02 -9.021643e+00
4.872975e+02 -9.021595e+00
4.873975e+02 -9.021554e+00
4.874975e+02 -9.021522e+00
4.875975e+02 -9.021496e+00
4.876975e+02 -9.021478e+00
4.877976e+02 -9.021468e+00
4.878976e+02 -9.021466e+00
4.879976e+02 -9.021471e+00
4.880976e+02 -9.021484e+00
4.881976e+02 -9.021504e+00
4.882977e+02 -9.021531e+00
4.883977e+02 -9.021566e+00
4.884977e+02 -9.021607e+00
4.885977e+02 -9.021655e+00
4.886977e+02 -9.021709e+00
4.887978e+02 -9.021769e+00
4.888978e+02 -9.021835e+00
4.889978e+02 -9.021907e+00
4.890978e+02 -9.021983e+00
4.891978e+02 -9.022064e+00
4.892979e+02 -9.022150e+00
4.893979e+02 -9.022239e+00
4.894979e+02 -9.022331e+00
4.895979e+02 -9.022426e+00
4.896979e+02 -9.022524e+00
4.897980e+02 -9.022623e+00
4.898980e+02 -9.022724e+00
4.899980e+02 -9.022826e+00
4.900980e+02 -9.022928e+00
4.901980e+02 -9.023031e+00
4.902981e+02 -9.023132e+00
4.903981e+02 -9.023233e+00
4.904981e+02 -9.023332e+00
4.905981e+02 -9.023430e+00
4.906981e+02 -9.023524e+00
4.907982e+02 -9.023616e+00
4.908982e+02 -9.023705e+00
4.909982e+02 -9.023790e+00
4.910982e+02 -9.023871e+00
4.911982e+02 -9.023948e+00
4.912983e+02 -9.024020e+00
4.913983e+02 -9.024087e+00
4.914983e+02 -9.024149e+00
4.915983e+02 -9.024205e+00
4.916983e+02 -9.024255e+00
4.917984e+02 -9.024299e+00
4.918984e+02 -9.024338e+00
4.919984e+02 -9.024369e+00
4.920984e+02 -9.024395e+00
4.921984e+02 -9.024414e+00
4.922985e+02 -9.024427e+00
4.923985e+02 -9.024433e+00
4.924985e+02 -9.024433e+00
4.925985e+02 -9.024426e+00
4.926985e+02 -9.024414e+00
4.927986e+02 -9.024395e+00
4.928986e+02 -9.024370e+00
4.929986e+02 -9.024340e+00
4.930986e+02 -9.024304e+00
4.931986e+02 -9.024263e+00
4.932987e+02 -9.024217e+00
4.933987e+02 -9.024167e+00
4.934987e+02 -9.024112e+00
4.935987e+02 -9.024053e+00
4.936987e+02 -9.023991e+00
4.937988e+02 -9.023926e+00
4.938988e+02 -9.023858e+00
4.939988e+02 -9.023788e+00
4.940988e+02 -9.023716e+00
4.941988e+02 -9.023642e+00
4.942989e+02 -9.023568e+00
4.943989e+02 -9.023494e+00
4.944989e+02 -9.023419e+00
4.945989e+02 -9.023346e+00
4.946989e+02 -9.023273e+00
4.947990e+02 -9.023202e+00
4.948990e+02 -9.023133e+00
4.949990e+02 -9.023066e+00
4.950990e+02 -9.023002e+00
4.951990e+02 -9.022941e+00
4.952991e+02 -9.022885e+00
4.953991e+02 -9.022832e+00
4.954991e+02 -9.022784e+00
4.955991e+02 -9.022741e+00
4.956991e+02 -9.022703e+00
4.957992e+02 -9.022671e+00
4.958992e+02 -9.022645e+00
4.959992e+02 -9.022625e+00
4.960992e+02 -9.022612e+00
4.961992e+02 -9.022605e+00
4.962993e+02 -9.022605e+00
4.963993e+02 -9.022612e+00
4.964993e+02 -9.022626e+00
4.965993e+02 -9.022647e+00
4.966993e+02 -9.022676e+00
4.967994e+02 -9.022711e+00
4.968994e+02 -9.022755e+00
4.969994e+02 -9.022805e+00
4.970994e+02 -9.022862e+00
4.971994e+02 -9.022927e+00
4.972995e+02 -9.022998e+00
4.973995e+02 -9.023076e+00
4.974995e+02 -9.023161e+00
4.975995e+02 -9.023252e+00
4.976995e+02 -9.023349e+00
4.977996e+02 -9.023451e+00
4.978996e+02 -9.023559e+00
4.979996e+02 -9.023672e+00
4.980996e+02 -9.023789e+00
4.981996e+02 -9.023911e+00
4.982997e+02 -9.024036e+00
4.983997e+02 -9.024165e+00
4.984997e+02 -9.024296e+00
4.985997e+02 -9.024430e+00
4.986997e+02 -9.024566e+00
4.987998e+02 -9.024704e+00
4.988998e+02 -9.024842e+00
4.989998e+02 -9.024981e+00
4.990998e+02 -9.025120e+00
4.991998e+02 -9.025259e+00
4.992999e+02 -9.025396e+00
4.993999e+02 -9.025532e+00
4.994999e+02 -9.025666e+00
4.995999e+02 -9.025797e+00
4.996999e+02 -9.025925e+00
4.998000e+02 -9.026050e+00
4.999000e+02 -9.026171e+00
5.000000e+02 -9.026288e+00
