Time (s)    Base Surge (m)Base Pitch (radians)Flap Fore Pitch (radians)Flap Aft Pitch (radians)
0.02               -0.0000          0.0000          0.1745         -0.0000
0.04                0.0000         -0.0000          0.1744         -0.0000
0.06                0.0000          0.0000          0.1743         -0.0000
0.08               -0.0000          0.0000          0.1742         -0.0000
0.10                0.0000         -0.0000          0.1741         -0.0000
0.12                0.0000          0.0000          0.1739         -0.0000
0.14               -0.0000         -0.0000          0.1737         -0.0000
0.16               -0.0000          0.0000          0.1734         -0.0000
0.18                0.0000          0.0000          0.1732         -0.0000
0.20                0.0000         -0.0000          0.1729         -0.0000
0.22                0.0000         -0.0000          0.1725         -0.0000
0.24                0.0000         -0.0000          0.1722         -0.0000
0.26                0.0000         -0.0000          0.1718         -0.0000
0.28                0.0000          0.0000          0.1713         -0.0000
0.30               -0.0000          0.0000          0.1709         -0.0000
0.32               -0.0000         -0.0000          0.1704         -0.0000
0.34                0.0000          0.0000          0.1699         -0.0000
0.36                0.0000          0.0000          0.1694         -0.0000
0.38               -0.0000          0.0000          0.1689         -0.0000
0.40               -0.0000         -0.0000          0.1683         -0.0000
0.42                0.0000          0.0000          0.1677         -0.0000
0.44               -0.0000          0.0000          0.1671         -0.0000
0.46               -0.0000          0.0000          0.1664         -0.0000
0.48               -0.0000          0.0000          0.1657         -0.0000
0.50                0.0000          0.0000          0.1650         -0.0000
0.52               -0.0000          0.0000          0.1643         -0.0000
0.54                0.0000         -0.0000          0.1636         -0.0000
0.56               -0.0000          0.0000          0.1628         -0.0000
0.58                0.0000          0.0000          0.1621         -0.0000
0.60                0.0000         -0.0000          0.1613         -0.0000
0.62                0.0000         -0.0000          0.1605         -0.0000
0.64                0.0000          0.0000          0.1597         -0.0000
0.66                0.0000          0.0000          0.1588         -0.0000
0.68                0.0000         -0.0000          0.1580         -0.0000
0.70                0.0000         -0.0000          0.1571         -0.0000
0.72                0.0000          0.0000          0.1562         -0.0000
0.74                0.0000         -0.0000          0.1553         -0.0000
0.76               -0.0000         -0.0000          0.1544         -0.0001
0.78                0.0000          0.0000          0.1535         -0.0001
0.80                0.0000         -0.0000          0.1526         -0.0001
0.82               -0.0000         -0.0000          0.1516         -0.0001
0.84               -0.0000         -0.0000          0.1507         -0.0001
0.86                0.0000          0.0000          0.1497         -0.0001
0.88               -0.0000         -0.0000          0.1488         -0.0001
0.90               -0.0000         -0.0000          0.1478         -0.0001
0.92               -0.0000         -0.0000          0.1468         -0.0001
0.94               -0.0000          0.0000          0.1458         -0.0001
0.96                0.0000         -0.0000          0.1448         -0.0001
0.98               -0.0000          0.0000          0.1439         -0.0001
1.00                0.0000         -0.0000          0.1429         -0.0001
1.02                0.0000         -0.0000          0.1419         -0.0001
1.04               -0.0000         -0.0000          0.1408         -0.0001
1.06               -0.0000          0.0000          0.1398         -0.0001
1.08                0.0000         -0.0000          0.1388         -0.0001
1.10                0.0000          0.0000          0.1378         -0.0001
1.12                0.0000         -0.0000          0.1368         -0.0001
1.14               -0.0000         -0.0000          0.1358         -0.0001
1.16                0.0000          0.0000          0.1347         -0.0001
1.18               -0.0000          0.0000          0.1337         -0.0001
1.20                0.0000         -0.0000          0.1327         -0.0002
1.22               -0.0000          0.0000          0.1317         -0.0002
1.24                0.0000         -0.0000          0.1306         -0.0002
1.26               -0.0000          0.0000          0.1296         -0.0002
1.28               -0.0000          0.0000          0.1286         -0.0002
1.30                0.0000         -0.0000          0.1276         -0.0002
1.32                0.0000         -0.0000          0.1265         -0.0002
1.34                0.0000         -0.0000          0.1255         -0.0002
1.36                0.0000         -0.0000          0.1245         -0.0002
1.38                0.0000          0.0000          0.1235         -0.0002
1.40               -0.0000         -0.0000          0.1225         -0.0002
1.42                0.0000          0.0000          0.1214         -0.0002
1.44               -0.0000          0.0000          0.1204         -0.0002
1.46                0.0000         -0.0000          0.1194         -0.0003
1.48               -0.0000          0.0000          0.1184         -0.0003
1.50                0.0000          0.0000          0.1173         -0.0003
1.52               -0.0000         -0.0000          0.1163         -0.0003
1.54               -0.0000          0.0000          0.1153         -0.0003
1.56                0.0000         -0.0000          0.1143         -0.0003
1.58                0.0000         -0.0000          0.1132         -0.0003
1.60                0.0000          0.0000          0.1122         -0.0003
1.62               -0.0000          0.0000          0.1112         -0.0003
1.64                0.0000         -0.0000          0.1102         -0.0004
1.66                0.0000         -0.0000          0.1091         -0.0004
1.68                0.0000          0.0000          0.1081         -0.0004
1.70               -0.0000          0.0000          0.1071         -0.0004
1.72               -0.0000          0.0000          0.1061         -0.0004
1.74                0.0000          0.0000          0.1050         -0.0004
1.76               -0.0000         -0.0000          0.1040         -0.0004
1.78                0.0000         -0.0000          0.1030         -0.0005
1.80                0.0000          0.0000          0.1019         -0.0005
1.82                0.0000          0.0000          0.1009         -0.0005
1.84                0.0000          0.0000          0.0998         -0.0005
1.86               -0.0000          0.0000          0.0988         -0.0005
1.88               -0.0000         -0.0000          0.0977         -0.0005
1.90                0.0000         -0.0000          0.0967         -0.0006
1.92                0.0000         -0.0000          0.0956         -0.0006
1.94                0.0000         -0.0000          0.0945         -0.0006
1.96                0.0000         -0.0000          0.0935         -0.0006
1.98                0.0000         -0.0000          0.0924         -0.0006
2.00                0.0000          0.0000          0.0913         -0.0006
2.02               -0.0000          0.0000          0.0902         -0.0007
2.04                0.0000          0.0000          0.0891         -0.0007
2.06               -0.0000          0.0000          0.0880         -0.0007
2.08               -0.0000          0.0000          0.0869         -0.0007
2.10               -0.0000         -0.0000          0.0858         -0.0007
2.12                0.0000         -0.0000          0.0847         -0.0008
2.14                0.0000          0.0000          0.0836         -0.0008
2.16               -0.0000         -0.0000          0.0825         -0.0008
2.18               -0.0000         -0.0000          0.0813         -0.0008
2.20               -0.0000          0.0000          0.0802         -0.0009
2.22               -0.0000          0.0000          0.0791         -0.0009
2.24               -0.0000          0.0000          0.0779         -0.0009
2.26               -0.0000         -0.0000          0.0768         -0.0009
2.28                0.0000         -0.0000          0.0756         -0.0010
2.30               -0.0000         -0.0000          0.0744         -0.0010
2.32               -0.0000         -0.0000          0.0732         -0.0010
2.34                0.0000         -0.0000          0.0720         -0.0010
2.36                0.0000         -0.0000          0.0709         -0.0011
2.38                0.0000          0.0000          0.0697         -0.0011
2.40                0.0000         -0.0000          0.0684         -0.0011
2.42               -0.0000          0.0000          0.0672         -0.0012
2.44                0.0000         -0.0000          0.0660         -0.0012
2.46               -0.0000         -0.0000          0.0648         -0.0012
2.48                0.0000          0.0000          0.0635         -0.0013
2.50                0.0000          0.0000          0.0623         -0.0013
2.52               -0.0000          0.0000          0.0610         -0.0013
2.54                0.0000          0.0000          0.0598         -0.0014
2.56                0.0000          0.0000          0.0585         -0.0014
2.58               -0.0000          0.0000          0.0572         -0.0014
2.60                0.0000         -0.0000          0.0560         -0.0015
2.62               -0.0000         -0.0000          0.0547         -0.0015
2.64                0.0000          0.0000          0.0534         -0.0015
2.66                0.0000         -0.0000          0.0521         -0.0016
2.68                0.0000         -0.0000          0.0508         -0.0016
2.70               -0.0000          0.0000          0.0494         -0.0016
2.72               -0.0000          0.0000          0.0481         -0.0017
2.74               -0.0000          0.0000          0.0468         -0.0017
2.76                0.0000          0.0000          0.0455         -0.0018
2.78                0.0000         -0.0000          0.0441         -0.0018
2.80                0.0000          0.0000          0.0428         -0.0018
2.82               -0.0000          0.0000          0.0414         -0.0019
2.84                0.0000         -0.0000          0.0401         -0.0019
2.86                0.0000          0.0000          0.0387         -0.0020
2.88                0.0000         -0.0000          0.0373         -0.0020
2.90               -0.0000          0.0000          0.0359         -0.0020
2.92                0.0000         -0.0000          0.0346         -0.0021
2.94               -0.0000          0.0000          0.0332         -0.0021
2.96                0.0000         -0.0000          0.0318         -0.0022
2.98               -0.0000          0.0000          0.0304         -0.0022
3.00               -0.0000         -0.0000          0.0290         -0.0023
3.02                0.0000         -0.0000          0.0276         -0.0023
3.04               -0.0000          0.0000          0.0262         -0.0024
3.06               -0.0000         -0.0000          0.0248         -0.0024
3.08               -0.0000          0.0000          0.0234         -0.0025
3.10               -0.0000         -0.0000          0.0219         -0.0025
3.12                0.0000         -0.0000          0.0205         -0.0026
3.14               -0.0000          0.0000          0.0191         -0.0026
3.16               -0.0000         -0.0000          0.0177         -0.0027
3.18               -0.0000          0.0000          0.0162         -0.0027
3.20               -0.0000          0.0000          0.0148         -0.0028
3.22               -0.0000         -0.0000          0.0134         -0.0028
3.24                0.0000         -0.0000          0.0119         -0.0029
3.26               -0.0000          0.0000          0.0105         -0.0029
3.28               -0.0000          0.0000          0.0090         -0.0030
3.30               -0.0000          0.0000          0.0076         -0.0030
3.32               -0.0000         -0.0000          0.0062         -0.0031
3.34               -0.0000         -0.0000          0.0047         -0.0032
3.36               -0.0000          0.0000          0.0033         -0.0032
3.38                0.0000          0.0000          0.0018         -0.0033
3.40               -0.0000         -0.0000          0.0004         -0.0033
3.42               -0.0000         -0.0000         -0.0011         -0.0034
3.44                0.0000         -0.0000         -0.0025         -0.0034
3.46               -0.0000          0.0000         -0.0040         -0.0035
3.48               -0.0000         -0.0000         -0.0054         -0.0036
3.50                0.0000          0.0000         -0.0068         -0.0036
3.52               -0.0000         -0.0000         -0.0083         -0.0037
3.54               -0.0000          0.0000         -0.0097         -0.0038
3.56                0.0000         -0.0000         -0.0112         -0.0038
3.58               -0.0000         -0.0000         -0.0126         -0.0039
3.60               -0.0000         -0.0000         -0.0141         -0.0039
3.62               -0.0000          0.0000         -0.0155         -0.0040
3.64                0.0000         -0.0000         -0.0169         -0.0041
3.66               -0.0000          0.0000         -0.0184         -0.0041
3.68               -0.0000          0.0000         -0.0198         -0.0042
3.70               -0.0000          0.0000         -0.0212         -0.0043
3.72               -0.0000          0.0000         -0.0226         -0.0043
3.74                0.0000          0.0000         -0.0241         -0.0044
3.76               -0.0000          0.0000         -0.0255         -0.0045
3.78               -0.0000          0.0000         -0.0269         -0.0045
3.80               -0.0000         -0.0000         -0.0283         -0.0046
3.82                0.0000          0.0000         -0.0297         -0.0047
3.84               -0.0000         -0.0000         -0.0311         -0.0047
3.86                0.0000         -0.0000         -0.0325         -0.0048
3.88               -0.0000          0.0000         -0.0339         -0.0049
3.90                0.0000         -0.0000         -0.0353         -0.0050
3.92               -0.0000          0.0000         -0.0367         -0.0050
3.94               -0.0000          0.0000         -0.0381         -0.0051
3.96                0.0000          0.0000         -0.0395         -0.0052
3.98                0.0000          0.0000         -0.0409         -0.0052
4.00                0.0000         -0.0000         -0.0422         -0.0053
4.02                0.0000         -0.0000         -0.0436         -0.0054
4.04               -0.0000          0.0000         -0.0450         -0.0054
4.06                0.0000          0.0000         -0.0463         -0.0055
4.08                0.0000         -0.0000         -0.0477         -0.0056
4.10               -0.0000          0.0000         -0.0491         -0.0057
4.12               -0.0000          0.0000         -0.0504         -0.0057
4.14               -0.0000          0.0000         -0.0517         -0.0058
4.16                0.0000         -0.0000         -0.0531         -0.0059
4.18                0.0000         -0.0000         -0.0544         -0.0059
4.20                0.0000         -0.0000         -0.0557         -0.0060
4.22               -0.0000          0.0000         -0.0571         -0.0061
4.24               -0.0000          0.0000         -0.0584         -0.0062
4.26               -0.0000          0.0000         -0.0597         -0.0062
4.28                0.0000         -0.0000         -0.0610         -0.0063
4.30               -0.0000         -0.0000         -0.0623         -0.0064
4.32                0.0000         -0.0000         -0.0636         -0.0064
4.34                0.0000         -0.0000         -0.0649         -0.0065
4.36               -0.0000          0.0000         -0.0662         -0.0066
4.38               -0.0000         -0.0000         -0.0675         -0.0066
4.40               -0.0000          0.0000         -0.0687         -0.0067
4.42                0.0000         -0.0000         -0.0700         -0.0068
4.44               -0.0000          0.0000         -0.0713         -0.0068
4.46               -0.0000         -0.0000         -0.0725         -0.0069
4.48                0.0000         -0.0000         -0.0738         -0.0070
4.50               -0.0000          0.0000         -0.0750         -0.0070
4.52               -0.0000          0.0000         -0.0762         -0.0071
4.54               -0.0000         -0.0000         -0.0775         -0.0072
4.56                0.0000          0.0000         -0.0787         -0.0072
4.58                0.0000          0.0000         -0.0799         -0.0073
4.60               -0.0000          0.0000         -0.0811         -0.0074
4.62                0.0000          0.0000         -0.0823         -0.0074
4.64                0.0000         -0.0000         -0.0835         -0.0075
4.66                0.0000          0.0000         -0.0847         -0.0075
4.68               -0.0000          0.0000         -0.0859         -0.0076
4.70               -0.0000         -0.0000         -0.0871         -0.0076
4.72                0.0000          0.0000         -0.0883         -0.0077
4.74               -0.0000          0.0000         -0.0895         -0.0078
4.76                0.0000         -0.0000         -0.0906         -0.0078
4.78                0.0000         -0.0000         -0.0918         -0.0079
4.80               -0.0000          0.0000         -0.0929         -0.0079
4.82                0.0000          0.0000         -0.0941         -0.0080
4.84                0.0000         -0.0000         -0.0952         -0.0080
4.86                0.0000         -0.0000         -0.0963         -0.0081
4.88               -0.0000          0.0000         -0.0974         -0.0081
4.90               -0.0000         -0.0000         -0.0986         -0.0082
4.92                0.0000         -0.0000         -0.0997         -0.0082
4.94               -0.0000          0.0000         -0.1008         -0.0082
4.96               -0.0000         -0.0000         -0.1019         -0.0083
4.98                0.0000          0.0000         -0.1029         -0.0083
5.00                0.0000          0.0000         -0.1040         -0.0084
5.02                0.0000         -0.0000         -0.1051         -0.0084
5.04               -0.0000          0.0000         -0.1061         -0.0084
5.06               -0.0000          0.0000         -0.1072         -0.0085
5.08               -0.0000          0.0000         -0.1082         -0.0085
5.10                0.0000         -0.0000         -0.1093         -0.0085
5.12               -0.0000          0.0000         -0.1103         -0.0085
5.14                0.0000          0.0000         -0.1113         -0.0086
5.16                0.0000          0.0000         -0.1123         -0.0086
5.18               -0.0000          0.0000         -0.1133         -0.0086
5.20               -0.0000          0.0000         -0.1143         -0.0086
5.22               -0.0000         -0.0000         -0.1153         -0.0086
5.24                0.0000         -0.0000         -0.1163         -0.0087
5.26                0.0000         -0.0000         -0.1173         -0.0087
5.28                0.0000         -0.0000         -0.1182         -0.0087
5.30               -0.0000          0.0000         -0.1192         -0.0087
5.32               -0.0000          0.0000         -0.1201         -0.0087
5.34               -0.0000         -0.0000         -0.1211         -0.0087
5.36                0.0000         -0.0000         -0.1220         -0.0087
5.38                0.0000          0.0000         -0.1229         -0.0087
5.40               -0.0000         -0.0000         -0.1238         -0.0087
5.42               -0.0000          0.0000         -0.1247         -0.0087
5.44                0.0000         -0.0000         -0.1256         -0.0087
5.46               -0.0000         -0.0000         -0.1265         -0.0086
5.48                0.0000          0.0000         -0.1274         -0.0086
5.50               -0.0000         -0.0000         -0.1282         -0.0086
5.52               -0.0000          0.0000         -0.1291         -0.0086
5.54                0.0000          0.0000         -0.1299         -0.0086
5.56                0.0000         -0.0000         -0.1307         -0.0085
5.58                0.0000         -0.0000         -0.1316         -0.0085
5.60               -0.0000          0.0000         -0.1324         -0.0085
5.62               -0.0000         -0.0000         -0.1332         -0.0085
5.64                0.0000         -0.0000         -0.1340         -0.0084
5.66               -0.0000          0.0000         -0.1347         -0.0084
5.68               -0.0000          0.0000         -0.1355         -0.0083
5.70                0.0000         -0.0000         -0.1362         -0.0083
5.72               -0.0000         -0.0000         -0.1370         -0.0082
5.74                0.0000          0.0000         -0.1377         -0.0082
5.76               -0.0000          0.0000         -0.1385         -0.0081
5.78               -0.0000         -0.0000         -0.1392         -0.0081
5.80               -0.0000          0.0000         -0.1399         -0.0080
5.82                0.0000          0.0000         -0.1406         -0.0080
5.84                0.0000         -0.0000         -0.1412         -0.0079
5.86                0.0000         -0.0000         -0.1419         -0.0078
5.88                0.0000         -0.0000         -0.1425         -0.0077
5.90               -0.0000          0.0000         -0.1432         -0.0077
5.92               -0.0000         -0.0000         -0.1438         -0.0076
5.94                0.0000         -0.0000         -0.1444         -0.0075
5.96               -0.0000         -0.0000         -0.1450         -0.0074
5.98               -0.0000          0.0000         -0.1456         -0.0073
6.00                0.0000          0.0000         -0.1462         -0.0073
6.02                0.0000          0.0000         -0.1468         -0.0072
6.04               -0.0000         -0.0000         -0.1473         -0.0071
6.06               -0.0000         -0.0000         -0.1479         -0.0070
6.08                0.0000         -0.0000         -0.1484         -0.0069
6.10               -0.0000         -0.0000         -0.1489         -0.0068
6.12                0.0000         -0.0000         -0.1495         -0.0066
6.14                0.0000         -0.0000         -0.1499         -0.0065
6.16               -0.0000         -0.0000         -0.1504         -0.0064
6.18               -0.0000         -0.0000         -0.1509         -0.0063
6.20               -0.0000          0.0000         -0.1514         -0.0062
6.22                0.0000          0.0000         -0.1518         -0.0061
6.24               -0.0000         -0.0000         -0.1522         -0.0059
6.26               -0.0000         -0.0000         -0.1527         -0.0058
6.28               -0.0000          0.0000         -0.1531         -0.0057
6.30               -0.0000         -0.0000         -0.1534         -0.0055
6.32                0.0000          0.0000         -0.1538         -0.0054
6.34                0.0000         -0.0000         -0.1542         -0.0053
6.36               -0.0000          0.0000         -0.1545         -0.0051
6.38                0.0000          0.0000         -0.1549         -0.0050
6.40               -0.0000          0.0000         -0.1552         -0.0048
6.42               -0.0000         -0.0000         -0.1555         -0.0047
6.44               -0.0000         -0.0000         -0.1558         -0.0045
6.46                0.0000         -0.0000         -0.1561         -0.0044
6.48               -0.0000         -0.0000         -0.1564         -0.0042
6.50                0.0000          0.0000         -0.1566         -0.0041
6.52                0.0000          0.0000         -0.1569         -0.0039
6.54               -0.0000          0.0000         -0.1571         -0.0037
6.56                0.0000         -0.0000         -0.1573         -0.0036
6.58               -0.0000         -0.0000         -0.1575         -0.0034
6.60               -0.0000          0.0000         -0.1577         -0.0032
6.62                0.0000          0.0000         -0.1579         -0.0030
6.64               -0.0000          0.0000         -0.1581         -0.0029
6.66               -0.0000         -0.0000         -0.1582         -0.0027
6.68               -0.0000         -0.0000         -0.1584         -0.0025
6.70               -0.0000         -0.0000         -0.1585         -0.0023
6.72               -0.0000          0.0000         -0.1586         -0.0022
6.74               -0.0000         -0.0000         -0.1587         -0.0020
6.76               -0.0000         -0.0000         -0.1588         -0.0018
6.78               -0.0000         -0.0000         -0.1589         -0.0016
6.80                0.0000          0.0000         -0.1589         -0.0014
6.82               -0.0000         -0.0000         -0.1590         -0.0012
6.84                0.0000          0.0000         -0.1590         -0.0010
6.86                0.0000          0.0000         -0.1590         -0.0008
6.88               -0.0000         -0.0000         -0.1590         -0.0006
6.90                0.0000          0.0000         -0.1590         -0.0004
6.92                0.0000          0.0000         -0.1590         -0.0002
6.94               -0.0000         -0.0000         -0.1590         -0.0001
6.96                0.0000          0.0000         -0.1589          0.0001
6.98                0.0000          0.0000         -0.1588          0.0003
7.00                0.0000          0.0000         -0.1588          0.0005
7.02                0.0000         -0.0000         -0.1587          0.0007
7.04               -0.0000          0.0000         -0.1586          0.0009
7.06                0.0000         -0.0000         -0.1585          0.0011
7.08               -0.0000          0.0000         -0.1583          0.0013
7.10               -0.0000          0.0000         -0.1582          0.0015
7.12               -0.0000         -0.0000         -0.1581          0.0017
7.14                0.0000         -0.0000         -0.1579          0.0019
7.16                0.0000         -0.0000         -0.1577          0.0021
7.18               -0.0000         -0.0000         -0.1575          0.0023
7.20               -0.0000          0.0000         -0.1573          0.0025
7.22                0.0000          0.0000         -0.1571          0.0027
7.24               -0.0000         -0.0000         -0.1569          0.0029
7.26               -0.0000          0.0000         -0.1566          0.0031
7.28                0.0000          0.0000         -0.1564          0.0033
7.30                0.0000         -0.0000         -0.1561          0.0035
7.32                0.0000         -0.0000         -0.1558          0.0037
7.34               -0.0000         -0.0000         -0.1555          0.0039
7.36                0.0000          0.0000         -0.1552          0.0041
7.38               -0.0000          0.0000         -0.1549          0.0043
7.40                0.0000         -0.0000         -0.1546          0.0045
7.42               -0.0000          0.0000         -0.1542          0.0047
7.44                0.0000          0.0000         -0.1539          0.0049
7.46               -0.0000         -0.0000         -0.1535          0.0051
7.48                0.0000          0.0000         -0.1531          0.0053
7.50               -0.0000          0.0000         -0.1527          0.0054
7.52                0.0000         -0.0000         -0.1523          0.0056
7.54                0.0000          0.0000         -0.1519          0.0058
7.56                0.0000          0.0000         -0.1515          0.0060
7.58                0.0000          0.0000         -0.1510          0.0062
7.60                0.0000         -0.0000         -0.1506          0.0063
7.62                0.0000          0.0000         -0.1501          0.0065
7.64                0.0000         -0.0000         -0.1496          0.0067
7.66               -0.0000         -0.0000         -0.1492          0.0068
7.68                0.0000          0.0000         -0.1486          0.0070
7.70                0.0000         -0.0000         -0.1481          0.0072
7.72               -0.0000         -0.0000         -0.1476          0.0073
7.74               -0.0000         -0.0000         -0.1471          0.0075
7.76               -0.0000          0.0000         -0.1465          0.0076
7.78                0.0000         -0.0000         -0.1460          0.0078
7.80                0.0000         -0.0000         -0.1454          0.0079
7.82               -0.0000         -0.0000         -0.1448          0.0081
7.84                0.0000          0.0000         -0.1442          0.0082
7.86               -0.0000         -0.0000         -0.1436          0.0084
7.88               -0.0000          0.0000         -0.1430          0.0085
7.90                0.0000          0.0000         -0.1424          0.0086
7.92               -0.0000         -0.0000         -0.1417          0.0087
7.94                0.0000          0.0000         -0.1411          0.0089
7.96                0.0000          0.0000         -0.1404          0.0090
7.98                0.0000         -0.0000         -0.1397          0.0091
8.00               -0.0000          0.0000         -0.1390          0.0092
8.02                0.0000         -0.0000         -0.1384          0.0093
8.04               -0.0000          0.0000         -0.1376          0.0095
8.06               -0.0000         -0.0000         -0.1369          0.0096
8.08                0.0000         -0.0000         -0.1362          0.0097
8.10                0.0000          0.0000         -0.1355          0.0098
8.12                0.0000         -0.0000         -0.1347          0.0099
8.14               -0.0000          0.0000         -0.1339          0.0099
8.16                0.0000         -0.0000         -0.1332          0.0100
8.18               -0.0000         -0.0000         -0.1324          0.0101
8.20                0.0000          0.0000         -0.1316          0.0102
8.22               -0.0000         -0.0000         -0.1308          0.0103
8.24               -0.0000         -0.0000         -0.1300          0.0104
8.26                0.0000          0.0000         -0.1291          0.0104
8.28                0.0000         -0.0000         -0.1283          0.0105
8.30                0.0000         -0.0000         -0.1275          0.0106
8.32                0.0000         -0.0000         -0.1266          0.0106
8.34               -0.0000         -0.0000         -0.1257          0.0107
8.36                0.0000         -0.0000         -0.1249          0.0107
8.38               -0.0000          0.0000         -0.1240          0.0108
8.40               -0.0000         -0.0000         -0.1231          0.0108
8.42               -0.0000          0.0000         -0.1222          0.0109
8.44               -0.0000         -0.0000         -0.1212          0.0109
8.46               -0.0000          0.0000         -0.1203          0.0109
8.48               -0.0000         -0.0000         -0.1194          0.0110
8.50                0.0000         -0.0000         -0.1184          0.0110
8.52                0.0000         -0.0000         -0.1175          0.0110
8.54                0.0000         -0.0000         -0.1165          0.0111
8.56                0.0000         -0.0000         -0.1155          0.0111
8.58                0.0000         -0.0000         -0.1146          0.0111
8.60                0.0000          0.0000         -0.1136          0.0111
8.62                0.0000         -0.0000         -0.1126          0.0111
8.64               -0.0000         -0.0000         -0.1115          0.0111
8.66                0.0000          0.0000         -0.1105          0.0111
8.68                0.0000         -0.0000         -0.1095          0.0111
8.70                0.0000          0.0000         -0.1084          0.0111
8.72                0.0000         -0.0000         -0.1074          0.0111
8.74               -0.0000          0.0000         -0.1063          0.0111
8.76               -0.0000         -0.0000         -0.1053          0.0111
8.78                0.0000          0.0000         -0.1042          0.0111
8.80                0.0000         -0.0000         -0.1031          0.0111
8.82                0.0000          0.0000         -0.1020          0.0111
8.84               -0.0000         -0.0000         -0.1009          0.0111
8.86                0.0000         -0.0000         -0.0998          0.0111
8.88               -0.0000          0.0000         -0.0987          0.0111
8.90               -0.0000         -0.0000         -0.0976          0.0111
8.92               -0.0000         -0.0000         -0.0964          0.0111
8.94               -0.0000          0.0000         -0.0953          0.0110
8.96                0.0000         -0.0000         -0.0942          0.0110
8.98                0.0000          0.0000         -0.0930          0.0110
9.00                0.0000          0.0000         -0.0918          0.0110
9.02               -0.0000          0.0000         -0.0907          0.0110
9.04               -0.0000         -0.0000         -0.0895          0.0109
9.06               -0.0000          0.0000         -0.0883          0.0109
9.08                0.0000          0.0000         -0.0871          0.0109
9.10                0.0000         -0.0000         -0.0859          0.0109
9.12                0.0000          0.0000         -0.0847          0.0109
9.14                0.0000          0.0000         -0.0835          0.0108
9.16               -0.0000          0.0000         -0.0823          0.0108
9.18               -0.0000          0.0000         -0.0810          0.0108
9.20               -0.0000          0.0000         -0.0798          0.0108
9.22                0.0000         -0.0000         -0.0786          0.0107
9.24               -0.0000          0.0000         -0.0773          0.0107
9.26               -0.0000         -0.0000         -0.0760          0.0107
9.28                0.0000          0.0000         -0.0748          0.0107
9.30                0.0000         -0.0000         -0.0735          0.0107
9.32               -0.0000          0.0000         -0.0723          0.0107
9.34               -0.0000         -0.0000         -0.0710          0.0106
9.36               -0.0000          0.0000         -0.0697          0.0106
9.38               -0.0000          0.0000         -0.0684          0.0106
9.40                0.0000          0.0000         -0.0671          0.0106
9.42                0.0000          0.0000         -0.0658          0.0106
9.44                0.0000         -0.0000         -0.0645          0.0106
9.46                0.0000         -0.0000         -0.0632          0.0106
9.48                0.0000         -0.0000         -0.0619          0.0106
9.50                0.0000         -0.0000         -0.0605          0.0106
9.52                0.0000          0.0000         -0.0592          0.0106
9.54               -0.0000         -0.0000         -0.0579          0.0106
9.56                0.0000         -0.0000         -0.0566          0.0106
9.58               -0.0000         -0.0000         -0.0552          0.0106
9.60                0.0000         -0.0000         -0.0539          0.0106
9.62                0.0000         -0.0000         -0.0525          0.0106
9.64               -0.0000          0.0000         -0.0512          0.0107
9.66               -0.0000          0.0000         -0.0498          0.0107
9.68               -0.0000         -0.0000         -0.0484          0.0107
9.70                0.0000          0.0000         -0.0471          0.0107
9.72                0.0000          0.0000         -0.0457          0.0107
9.74                0.0000          0.0000         -0.0443          0.0108
9.76               -0.0000         -0.0000         -0.0430          0.0108
9.78                0.0000         -0.0000         -0.0416          0.0108
9.80                0.0000         -0.0000         -0.0402          0.0109
9.82               -0.0000          0.0000         -0.0388          0.0109
9.84               -0.0000          0.0000         -0.0374          0.0110
9.86               -0.0000          0.0000         -0.0360          0.0110
9.88                0.0000         -0.0000         -0.0346          0.0111
9.90                0.0000         -0.0000         -0.0332          0.0111
9.92                0.0000         -0.0000         -0.0318          0.0112
9.94                0.0000          0.0000         -0.0304          0.0112
9.96                0.0000         -0.0000         -0.0290          0.0113
9.98                0.0000         -0.0000         -0.0276          0.0113
10.00              -0.0000          0.0000         -0.0262          0.0114
10.02              -0.0000         -0.0000         -0.0248          0.0115
10.04               0.0000         -0.0000         -0.0234          0.0116
10.06               0.0000          0.0000         -0.0220          0.0116
10.08              -0.0000         -0.0000         -0.0206          0.0117
10.10              -0.0000         -0.0000         -0.0192          0.0118
10.12              -0.0000         -0.0000         -0.0177          0.0119
10.14              -0.0000         -0.0000         -0.0163          0.0119
10.16               0.0000         -0.0000         -0.0149          0.0120
10.18              -0.0000          0.0000         -0.0135          0.0121
10.20              -0.0000         -0.0000         -0.0120          0.0122
10.22               0.0000         -0.0000         -0.0106          0.0123
10.24               0.0000         -0.0000         -0.0092          0.0124
10.26               0.0000         -0.0000         -0.0078          0.0125
10.28               0.0000         -0.0000         -0.0063          0.0126
10.30               0.0000         -0.0000         -0.0049          0.0127
10.32               0.0000          0.0000         -0.0035          0.0128
10.34              -0.0000          0.0000         -0.0021          0.0129
10.36              -0.0000          0.0000         -0.0006          0.0130
10.38               0.0000          0.0000          0.0008          0.0131
10.40               0.0000          0.0000          0.0022          0.0132
10.42               0.0000         -0.0000          0.0036          0.0133
10.44               0.0000          0.0000          0.0051          0.0134
10.46              -0.0000          0.0000          0.0065          0.0135
10.48               0.0000         -0.0000          0.0079          0.0136
10.50               0.0000         -0.0000          0.0093          0.0137
10.52              -0.0000          0.0000          0.0108          0.0138
10.54              -0.0000         -0.0000          0.0122          0.0139
10.56              -0.0000         -0.0000          0.0136          0.0140
10.58              -0.0000          0.0000          0.0150          0.0141
10.60               0.0000         -0.0000          0.0165          0.0142
10.62              -0.0000          0.0000          0.0179          0.0143
10.64               0.0000         -0.0000          0.0193          0.0144
10.66              -0.0000         -0.0000          0.0207          0.0145
10.68              -0.0000         -0.0000          0.0221          0.0146
10.70              -0.0000          0.0000          0.0235          0.0147
10.72              -0.0000          0.0000          0.0249          0.0148
10.74              -0.0000          0.0000          0.0263          0.0149
10.76              -0.0000          0.0000          0.0277          0.0150
10.78              -0.0000         -0.0000          0.0291          0.0151
10.80               0.0000         -0.0000          0.0305          0.0152
10.82              -0.0000         -0.0000          0.0319          0.0153
10.84               0.0000         -0.0000          0.0333          0.0154
10.86               0.0000         -0.0000          0.0347          0.0154
10.88               0.0000          0.0000          0.0361          0.0155
10.90               0.0000         -0.0000          0.0375          0.0156
10.92               0.0000         -0.0000          0.0389          0.0156
10.94               0.0000         -0.0000          0.0403          0.0157
10.96               0.0000          0.0000          0.0416          0.0158
10.98              -0.0000          0.0000          0.0430          0.0158
11.00              -0.0000          0.0000          0.0444          0.0159
11.02              -0.0000          0.0000          0.0458          0.0159
11.04               0.0000          0.0000          0.0471          0.0160
11.06               0.0000         -0.0000          0.0485          0.0160
11.08               0.0000         -0.0000          0.0498          0.0160
11.10              -0.0000         -0.0000          0.0512          0.0161
11.12              -0.0000         -0.0000          0.0525          0.0161
11.14              -0.0000          0.0000          0.0539          0.0161
11.16              -0.0000         -0.0000          0.0552          0.0161
11.18               0.0000          0.0000          0.0565          0.0161
11.20              -0.0000          0.0000          0.0579          0.0161
11.22              -0.0000          0.0000          0.0592          0.0161
11.24              -0.0000          0.0000          0.0605          0.0161
11.26              -0.0000         -0.0000          0.0618          0.0161
11.28              -0.0000          0.0000          0.0631          0.0161
11.30               0.0000          0.0000          0.0644          0.0161
11.32              -0.0000          0.0000          0.0657          0.0161
11.34               0.0000         -0.0000          0.0670          0.0160
11.36               0.0000         -0.0000          0.0683          0.0160
11.38               0.0000          0.0000          0.0696          0.0159
11.40               0.0000          0.0000          0.0709          0.0159
11.42               0.0000         -0.0000          0.0722          0.0158
11.44              -0.0000         -0.0000          0.0734          0.0158
11.46              -0.0000          0.0000          0.0747          0.0157
11.48               0.0000          0.0000          0.0759          0.0156
11.50              -0.0000         -0.0000          0.0772          0.0155
11.52               0.0000          0.0000          0.0784          0.0155
11.54               0.0000         -0.0000          0.0797          0.0154
11.56              -0.0000          0.0000          0.0809          0.0153
11.58               0.0000          0.0000          0.0821          0.0152
11.60               0.0000          0.0000          0.0833          0.0151
11.62               0.0000         -0.0000          0.0845          0.0150
11.64               0.0000          0.0000          0.0857          0.0148
11.66              -0.0000          0.0000          0.0869          0.0147
11.68              -0.0000          0.0000          0.0881          0.0146
11.70               0.0000          0.0000          0.0893          0.0145
11.72               0.0000         -0.0000          0.0905          0.0143
11.74              -0.0000          0.0000          0.0916          0.0142
11.76              -0.0000          0.0000          0.0928          0.0140
11.78              -0.0000         -0.0000          0.0940          0.0139
11.80               0.0000          0.0000          0.0951          0.0137
11.82              -0.0000         -0.0000          0.0962          0.0136
11.84               0.0000         -0.0000          0.0974          0.0134
11.86              -0.0000         -0.0000          0.0985          0.0133
11.88              -0.0000         -0.0000          0.0996          0.0131
11.90              -0.0000         -0.0000          0.1007          0.0129
11.92               0.0000          0.0000          0.1018          0.0127
11.94              -0.0000         -0.0000          0.1029          0.0126
11.96               0.0000         -0.0000          0.1040          0.0124
11.98              -0.0000          0.0000          0.1050          0.0122
12.00              -0.0000         -0.0000          0.1061          0.0120
12.02               0.0000          0.0000          0.1072          0.0118
12.04               0.0000          0.0000          0.1082          0.0116
12.06               0.0000          0.0000          0.1092          0.0114
12.08               0.0000         -0.0000          0.1103          0.0112
12.10               0.0000         -0.0000          0.1113          0.0110
12.12              -0.0000          0.0000          0.1123          0.0108
12.14              -0.0000          0.0000          0.1133          0.0106
12.16               0.0000          0.0000          0.1143          0.0104
12.18              -0.0000         -0.0000          0.1153          0.0103
12.20              -0.0000         -0.0000          0.1162          0.0101
12.22               0.0000          0.0000          0.1172          0.0098
12.24              -0.0000         -0.0000          0.1182          0.0096
12.26              -0.0000         -0.0000          0.1191          0.0094
12.28               0.0000         -0.0000          0.1200          0.0092
12.30              -0.0000          0.0000          0.1209          0.0090
12.32              -0.0000         -0.0000          0.1219          0.0089
12.34               0.0000          0.0000          0.1228          0.0087
12.36               0.0000          0.0000          0.1237          0.0085
12.38               0.0000         -0.0000          0.1245          0.0083
12.40               0.0000          0.0000          0.1254          0.0081
12.42              -0.0000         -0.0000          0.1263          0.0079
12.44              -0.0000         -0.0000          0.1271          0.0077
12.46               0.0000          0.0000          0.1280          0.0075
12.48              -0.0000         -0.0000          0.1288          0.0073
12.50               0.0000          0.0000          0.1296          0.0071
12.52              -0.0000         -0.0000          0.1304          0.0069
12.54               0.0000          0.0000          0.1312          0.0068
12.56               0.0000          0.0000          0.1320          0.0066
12.58              -0.0000          0.0000          0.1328          0.0064
12.60               0.0000          0.0000          0.1336          0.0062
12.62               0.0000         -0.0000          0.1343          0.0061
12.64               0.0000          0.0000          0.1351          0.0059
12.66               0.0000         -0.0000          0.1358          0.0057
12.68               0.0000          0.0000          0.1365          0.0056
12.70               0.0000         -0.0000          0.1372          0.0054
12.72              -0.0000          0.0000          0.1379          0.0053
12.74              -0.0000         -0.0000          0.1386          0.0051
12.76              -0.0000          0.0000          0.1393          0.0050
12.78              -0.0000         -0.0000          0.1399          0.0048
12.80               0.0000          0.0000          0.1406          0.0047
12.82              -0.0000         -0.0000          0.1412          0.0046
12.84               0.0000         -0.0000          0.1419          0.0044
12.86               0.0000          0.0000          0.1425          0.0043
12.88               0.0000         -0.0000          0.1431          0.0042
12.90               0.0000          0.0000          0.1437          0.0040
12.92              -0.0000          0.0000          0.1443          0.0039
12.94              -0.0000          0.0000          0.1448          0.0038
12.96               0.0000         -0.0000          0.1454          0.0037
12.98               0.0000          0.0000          0.1459          0.0036
13.00              -0.0000         -0.0000          0.1465          0.0035
13.02              -0.0000          0.0000          0.1470          0.0034
13.04              -0.0000         -0.0000          0.1475          0.0033
13.06               0.0000         -0.0000          0.1480          0.0032
13.08              -0.0000          0.0000          0.1485          0.0031
13.10               0.0000          0.0000          0.1490          0.0030
13.12              -0.0000         -0.0000          0.1494          0.0029
13.14               0.0000         -0.0000          0.1499          0.0028
13.16               0.0000          0.0000          0.1503          0.0027
13.18               0.0000         -0.0000          0.1507          0.0026
13.20               0.0000         -0.0000          0.1511          0.0026
13.22               0.0000         -0.0000          0.1515          0.0025
13.24               0.0000          0.0000          0.1519          0.0024
13.26               0.0000         -0.0000          0.1523          0.0023
13.28               0.0000          0.0000          0.1527          0.0022
13.30               0.0000         -0.0000          0.1530          0.0022
13.32              -0.0000         -0.0000          0.1533          0.0021
13.34               0.0000          0.0000          0.1537          0.0020
13.36              -0.0000         -0.0000          0.1540          0.0019
13.38               0.0000         -0.0000          0.1543          0.0019
13.40               0.0000         -0.0000          0.1546          0.0018
13.42               0.0000         -0.0000          0.1548          0.0017
13.44              -0.0000         -0.0000          0.1551          0.0016
13.46              -0.0000          0.0000          0.1553          0.0016
13.48               0.0000          0.0000          0.1556          0.0015
13.50               0.0000          0.0000          0.1558          0.0014
13.52               0.0000          0.0000          0.1560          0.0013
13.54              -0.0000          0.0000          0.1562          0.0012
13.56              -0.0000         -0.0000          0.1564          0.0012
13.58               0.0000         -0.0000          0.1565          0.0011
13.60               0.0000          0.0000          0.1567          0.0010
13.62               0.0000          0.0000          0.1568          0.0009
13.64              -0.0000         -0.0000          0.1570          0.0008
13.66               0.0000          0.0000          0.1571          0.0007
13.68               0.0000         -0.0000          0.1572          0.0006
13.70               0.0000          0.0000          0.1573          0.0005
13.72              -0.0000          0.0000          0.1573          0.0004
13.74              -0.0000          0.0000          0.1574          0.0003
13.76               0.0000          0.0000          0.1575          0.0002
13.78              -0.0000         -0.0000          0.1575          0.0001
13.80               0.0000          0.0000          0.1575          0.0000
13.82              -0.0000          0.0000          0.1575         -0.0001
13.84              -0.0000          0.0000          0.1575         -0.0002
13.86               0.0000          0.0000          0.1575         -0.0003
13.88              -0.0000         -0.0000          0.1575         -0.0005
13.90              -0.0000         -0.0000          0.1575         -0.0006
13.92              -0.0000          0.0000          0.1574         -0.0007
13.94               0.0000         -0.0000          0.1573         -0.0009
13.96               0.0000          0.0000          0.1573         -0.0010
13.98               0.0000          0.0000          0.1572         -0.0012
14.00               0.0000         -0.0000          0.1571         -0.0013
14.02               0.0000          0.0000          0.1569         -0.0015
14.04               0.0000          0.0000          0.1568         -0.0016
14.06               0.0000          0.0000          0.1567         -0.0018
14.08              -0.0000         -0.0000          0.1565         -0.0020
14.10               0.0000          0.0000          0.1564         -0.0021
14.12               0.0000          0.0000          0.1562         -0.0023
14.14              -0.0000         -0.0000          0.1560         -0.0025
14.16               0.0000          0.0000          0.1558         -0.0027
14.18               0.0000         -0.0000          0.1555         -0.0029
14.20              -0.0000         -0.0000          0.1553         -0.0030
14.22               0.0000         -0.0000          0.1551         -0.0032
14.24               0.0000         -0.0000          0.1548         -0.0034
14.26               0.0000         -0.0000          0.1545         -0.0036
14.28               0.0000         -0.0000          0.1543         -0.0038
14.30              -0.0000         -0.0000          0.1540         -0.0040
14.32              -0.0000          0.0000          0.1537         -0.0043
14.34              -0.0000          0.0000          0.1533         -0.0045
14.36               0.0000          0.0000          0.1530         -0.0047
14.38               0.0000         -0.0000          0.1527         -0.0049
14.40              -0.0000         -0.0000          0.1523         -0.0051
14.42              -0.0000          0.0000          0.1519         -0.0054
14.44               0.0000          0.0000          0.1515         -0.0056
14.46               0.0000          0.0000          0.1512         -0.0058
14.48               0.0000         -0.0000          0.1507         -0.0060
14.50               0.0000         -0.0000          0.1503         -0.0063
14.52               0.0000          0.0000          0.1499         -0.0065
14.54               0.0000          0.0000          0.1495         -0.0067
14.56              -0.0000          0.0000          0.1490         -0.0070
14.58              -0.0000          0.0000          0.1485         -0.0072
14.60               0.0000         -0.0000          0.1480         -0.0075
14.62               0.0000         -0.0000          0.1476         -0.0077
14.64              -0.0000          0.0000          0.1471         -0.0079
14.66               0.0000          0.0000          0.1465         -0.0082
14.68              -0.0000          0.0000          0.1460         -0.0084
14.70               0.0000          0.0000          0.1455         -0.0086
14.72               0.0000          0.0000          0.1449         -0.0089
14.74               0.0000          0.0000          0.1444         -0.0091
14.76              -0.0000         -0.0000          0.1438         -0.0093
14.78              -0.0000         -0.0000          0.1432         -0.0096
14.80              -0.0000         -0.0000          0.1426         -0.0098
14.82              -0.0000         -0.0000          0.1420         -0.0100
14.84              -0.0000         -0.0000          0.1414         -0.0103
14.86               0.0000         -0.0000          0.1407         -0.0105
14.88               0.0000         -0.0000          0.1401         -0.0107
14.90              -0.0000          0.0000          0.1394         -0.0109
14.92               0.0000          0.0000          0.1388         -0.0112
14.94               0.0000         -0.0000          0.1381         -0.0114
14.96              -0.0000          0.0000          0.1374         -0.0116
14.98              -0.0000         -0.0000          0.1367         -0.0118
15.00              -0.0000         -0.0000          0.1360         -0.0120
15.02               0.0000         -0.0000          0.1353         -0.0122
15.04               0.0000         -0.0000          0.1346         -0.0124
15.06              -0.0000         -0.0000          0.1338         -0.0126
15.08               0.0000         -0.0000          0.1331         -0.0128
15.10              -0.0000         -0.0000          0.1323         -0.0130
15.12              -0.0000          0.0000          0.1315         -0.0132
15.14              -0.0000          0.0000          0.1307         -0.0134
15.16               0.0000          0.0000          0.1299         -0.0136
15.18               0.0000         -0.0000          0.1291         -0.0137
15.20              -0.0000          0.0000          0.1283         -0.0139
15.22               0.0000         -0.0000          0.1275         -0.0141
15.24               0.0000          0.0000          0.1267         -0.0143
15.26               0.0000         -0.0000          0.1258         -0.0144
15.28              -0.0000         -0.0000          0.1250         -0.0146
15.30              -0.0000          0.0000          0.1241         -0.0147
15.32              -0.0000          0.0000          0.1232         -0.0149
15.34               0.0000          0.0000          0.1223         -0.0150
15.36              -0.0000          0.0000          0.1214         -0.0152
15.38               0.0000         -0.0000          0.1205         -0.0153
15.40               0.0000          0.0000          0.1196         -0.0154
15.42               0.0000         -0.0000          0.1187         -0.0156
15.44              -0.0000         -0.0000          0.1178         -0.0157
15.46               0.0000          0.0000          0.1168         -0.0158
15.48               0.0000         -0.0000          0.1159         -0.0159
15.50              -0.0000         -0.0000          0.1149         -0.0161
15.52               0.0000         -0.0000          0.1139         -0.0162
15.54              -0.0000          0.0000          0.1129         -0.0163
15.56               0.0000          0.0000          0.1119         -0.0164
15.58              -0.0000         -0.0000          0.1110         -0.0165
15.60               0.0000         -0.0000          0.1099         -0.0166
15.62              -0.0000          0.0000          0.1089         -0.0167
15.64              -0.0000         -0.0000          0.1079         -0.0168
15.66               0.0000          0.0000          0.1069         -0.0169
15.68              -0.0000          0.0000          0.1058         -0.0170
15.70              -0.0000          0.0000          0.1048         -0.0171
15.72              -0.0000         -0.0000          0.1037         -0.0172
15.74              -0.0000          0.0000          0.1027         -0.0172
15.76               0.0000          0.0000          0.1016         -0.0173
15.78               0.0000         -0.0000          0.1005         -0.0174
15.80               0.0000          0.0000          0.0994         -0.0175
15.82              -0.0000          0.0000          0.0983         -0.0176
15.84               0.0000         -0.0000          0.0972         -0.0177
15.86              -0.0000         -0.0000          0.0961         -0.0177
15.88               0.0000         -0.0000          0.0950         -0.0178
15.90              -0.0000         -0.0000          0.0938         -0.0179
15.92              -0.0000          0.0000          0.0927         -0.0180
15.94              -0.0000          0.0000          0.0915         -0.0180
15.96              -0.0000          0.0000          0.0904         -0.0181
15.98              -0.0000         -0.0000          0.0892         -0.0182
16.00              -0.0000          0.0000          0.0881         -0.0183
16.02               0.0000         -0.0000          0.0869         -0.0183
16.04               0.0000         -0.0000          0.0857         -0.0184
16.06              -0.0000          0.0000          0.0845         -0.0185
16.08               0.0000          0.0000          0.0833         -0.0186
16.10              -0.0000          0.0000          0.0821         -0.0187
16.12              -0.0000         -0.0000          0.0809         -0.0187
16.14              -0.0000          0.0000          0.0797         -0.0188
16.16              -0.0000          0.0000          0.0785         -0.0189
16.18              -0.0000          0.0000          0.0773         -0.0190
16.20              -0.0000          0.0000          0.0760         -0.0191
16.22              -0.0000          0.0000          0.0748         -0.0191
16.24              -0.0000         -0.0000          0.0736         -0.0192
16.26               0.0000         -0.0000          0.0723         -0.0193
16.28              -0.0000          0.0000          0.0710         -0.0194
16.30               0.0000          0.0000          0.0698         -0.0195
16.32              -0.0000         -0.0000          0.0685         -0.0196
16.34               0.0000          0.0000          0.0672         -0.0196
16.36               0.0000         -0.0000          0.0660         -0.0197
16.38              -0.0000         -0.0000          0.0647         -0.0198
16.40               0.0000          0.0000          0.0634         -0.0199
16.42              -0.0000         -0.0000          0.0621         -0.0200
16.44               0.0000         -0.0000          0.0608         -0.0201
16.46              -0.0000         -0.0000          0.0595         -0.0202
16.48               0.0000         -0.0000          0.0582         -0.0203
16.50               0.0000         -0.0000          0.0569         -0.0204
16.52              -0.0000         -0.0000          0.0556         -0.0205
16.54              -0.0000          0.0000          0.0542         -0.0206
16.56              -0.0000          0.0000          0.0529         -0.0207
16.58               0.0000          0.0000          0.0516         -0.0207
16.60               0.0000         -0.0000          0.0502         -0.0208
16.62               0.0000          0.0000          0.0489         -0.0209
16.64              -0.0000         -0.0000          0.0476         -0.0210
16.66               0.0000          0.0000          0.0462         -0.0211
16.68               0.0000         -0.0000          0.0449         -0.0212
16.70              -0.0000          0.0000          0.0435         -0.0213
16.72              -0.0000          0.0000          0.0422         -0.0214
16.74              -0.0000         -0.0000          0.0408         -0.0215
16.76               0.0000          0.0000          0.0394         -0.0216
16.78              -0.0000          0.0000          0.0381         -0.0217
16.80               0.0000         -0.0000          0.0367         -0.0218
16.82               0.0000          0.0000          0.0353         -0.0218
16.84              -0.0000          0.0000          0.0339         -0.0219
16.86              -0.0000          0.0000          0.0326         -0.0220
16.88              -0.0000         -0.0000          0.0312         -0.0221
16.90              -0.0000         -0.0000          0.0298         -0.0222
16.92               0.0000         -0.0000          0.0284         -0.0222
16.94              -0.0000          0.0000          0.0270         -0.0223
16.96              -0.0000         -0.0000          0.0256         -0.0224
16.98              -0.0000          0.0000          0.0242         -0.0225
17.00              -0.0000          0.0000          0.0228         -0.0225
17.02               0.0000         -0.0000          0.0214         -0.0226
17.04               0.0000          0.0000          0.0200         -0.0227
17.06               0.0000         -0.0000          0.0186         -0.0227
17.08               0.0000         -0.0000          0.0172         -0.0228
17.10               0.0000         -0.0000          0.0158         -0.0228
17.12               0.0000          0.0000          0.0144         -0.0229
17.14              -0.0000         -0.0000          0.0130         -0.0229
17.16              -0.0000         -0.0000          0.0116         -0.0230
17.18               0.0000         -0.0000          0.0102         -0.0230
17.20              -0.0000          0.0000          0.0088         -0.0231
17.22               0.0000          0.0000          0.0074         -0.0231
17.24              -0.0000         -0.0000          0.0060         -0.0231
17.26              -0.0000         -0.0000          0.0046         -0.0232
17.28              -0.0000          0.0000          0.0032         -0.0232
17.30               0.0000         -0.0000          0.0017         -0.0232
17.32              -0.0000          0.0000          0.0003         -0.0232
17.34              -0.0000          0.0000         -0.0011         -0.0233
17.36              -0.0000          0.0000         -0.0025         -0.0233
17.38               0.0000         -0.0000         -0.0039         -0.0233
17.40               0.0000         -0.0000         -0.0053         -0.0233
17.42               0.0000          0.0000         -0.0067         -0.0233
17.44              -0.0000         -0.0000         -0.0081         -0.0233
17.46               0.0000         -0.0000         -0.0096         -0.0233
17.48               0.0000          0.0000         -0.0110         -0.0233
17.50               0.0000          0.0000         -0.0124         -0.0233
17.52               0.0000         -0.0000         -0.0138         -0.0233
17.54               0.0000         -0.0000         -0.0152         -0.0232
17.56              -0.0000         -0.0000         -0.0166         -0.0232
17.58              -0.0000         -0.0000         -0.0180         -0.0232
17.60              -0.0000          0.0000         -0.0194         -0.0232
17.62              -0.0000         -0.0000         -0.0208         -0.0231
17.64               0.0000         -0.0000         -0.0222         -0.0231
17.66               0.0000         -0.0000         -0.0236         -0.0231
17.68              -0.0000          0.0000         -0.0250         -0.0230
17.70               0.0000         -0.0000         -0.0264         -0.0230
17.72              -0.0000         -0.0000         -0.0278         -0.0229
17.74               0.0000         -0.0000         -0.0292         -0.0229
17.76               0.0000         -0.0000         -0.0306         -0.0228
17.78               0.0000         -0.0000         -0.0320         -0.0228
17.80              -0.0000         -0.0000         -0.0333         -0.0227
17.82              -0.0000          0.0000         -0.0347         -0.0227
17.84              -0.0000          0.0000         -0.0361         -0.0226
17.86              -0.0000         -0.0000         -0.0375         -0.0225
17.88               0.0000         -0.0000         -0.0389         -0.0225
17.90               0.0000         -0.0000         -0.0402         -0.0224
17.92              -0.0000          0.0000         -0.0416         -0.0223
17.94              -0.0000         -0.0000         -0.0429         -0.0223
17.96              -0.0000          0.0000         -0.0443         -0.0222
17.98              -0.0000          0.0000         -0.0457         -0.0221
18.00               0.0000         -0.0000         -0.0470         -0.0221
18.02               0.0000          0.0000         -0.0484         -0.0220
18.04               0.0000         -0.0000         -0.0497         -0.0219
18.06              -0.0000         -0.0000         -0.0510         -0.0218
18.08              -0.0000         -0.0000         -0.0524         -0.0217
18.10               0.0000         -0.0000         -0.0537         -0.0216
18.12              -0.0000         -0.0000         -0.0550         -0.0216
18.14               0.0000          0.0000         -0.0564         -0.0215
18.16              -0.0000          0.0000         -0.0577         -0.0214
18.18              -0.0000          0.0000         -0.0590         -0.0213
18.20               0.0000         -0.0000         -0.0603         -0.0212
18.22              -0.0000          0.0000         -0.0616         -0.0211
18.24              -0.0000         -0.0000         -0.0629         -0.0210
18.26              -0.0000         -0.0000         -0.0642         -0.0209
18.28               0.0000         -0.0000         -0.0655         -0.0208
18.30               0.0000         -0.0000         -0.0668         -0.0207
18.32               0.0000          0.0000         -0.0680         -0.0206
18.34               0.0000         -0.0000         -0.0693         -0.0205
18.36               0.0000         -0.0000         -0.0706         -0.0204
18.38               0.0000         -0.0000         -0.0718         -0.0203
18.40              -0.0000          0.0000         -0.0731         -0.0202
18.42              -0.0000          0.0000         -0.0743         -0.0201
18.44               0.0000          0.0000         -0.0756         -0.0200
18.46              -0.0000         -0.0000         -0.0768         -0.0199
18.48               0.0000         -0.0000         -0.0780         -0.0198
18.50              -0.0000          0.0000         -0.0793         -0.0197
18.52              -0.0000         -0.0000         -0.0805         -0.0195
18.54               0.0000          0.0000         -0.0817         -0.0194
18.56               0.0000         -0.0000         -0.0829         -0.0193
18.58               0.0000          0.0000         -0.0841         -0.0192
18.60              -0.0000         -0.0000         -0.0853         -0.0191
18.62              -0.0000          0.0000         -0.0864         -0.0189
18.64              -0.0000          0.0000         -0.0876         -0.0188
18.66              -0.0000          0.0000         -0.0888         -0.0187
18.68              -0.0000          0.0000         -0.0899         -0.0186
18.70              -0.0000          0.0000         -0.0911         -0.0185
18.72               0.0000         -0.0000         -0.0922         -0.0183
18.74               0.0000         -0.0000         -0.0934         -0.0182
18.76              -0.0000         -0.0000         -0.0945         -0.0181
18.78               0.0000          0.0000         -0.0956         -0.0179
18.80              -0.0000          0.0000         -0.0967         -0.0178
18.82               0.0000          0.0000         -0.0978         -0.0177
18.84              -0.0000         -0.0000         -0.0989         -0.0175
18.86              -0.0000          0.0000         -0.1000         -0.0174
18.88              -0.0000          0.0000         -0.1011         -0.0172
18.90              -0.0000         -0.0000         -0.1021         -0.0171
18.92               0.0000         -0.0000         -0.1032         -0.0169
18.94               0.0000         -0.0000         -0.1042         -0.0168
18.96               0.0000         -0.0000         -0.1053         -0.0166
18.98              -0.0000         -0.0000         -0.1063         -0.0165
19.00               0.0000          0.0000         -0.1073         -0.0163
19.02               0.0000          0.0000         -0.1083         -0.0162
19.04              -0.0000          0.0000         -0.1093         -0.0160
19.06               0.0000         -0.0000         -0.1103         -0.0159
19.08              -0.0000          0.0000         -0.1113         -0.0157
19.10               0.0000         -0.0000         -0.1123         -0.0156
19.12               0.0000          0.0000         -0.1133         -0.0154
19.14               0.0000          0.0000         -0.1142         -0.0152
19.16               0.0000         -0.0000         -0.1152         -0.0151
19.18              -0.0000          0.0000         -0.1161         -0.0149
19.20               0.0000         -0.0000         -0.1170         -0.0147
19.22               0.0000          0.0000         -0.1180         -0.0145
19.24              -0.0000          0.0000         -0.1189         -0.0144
19.26               0.0000          0.0000         -0.1198         -0.0142
19.28              -0.0000          0.0000         -0.1207         -0.0140
19.30              -0.0000          0.0000         -0.1215         -0.0138
19.32              -0.0000         -0.0000         -0.1224         -0.0137
19.34               0.0000         -0.0000         -0.1233         -0.0135
19.36               0.0000          0.0000         -0.1241         -0.0133
19.38              -0.0000          0.0000         -0.1250         -0.0131
19.40              -0.0000          0.0000         -0.1258         -0.0129
19.42               0.0000         -0.0000         -0.1266         -0.0127
19.44               0.0000         -0.0000         -0.1274         -0.0125
19.46              -0.0000         -0.0000         -0.1282         -0.0124
19.48              -0.0000          0.0000         -0.1290         -0.0122
19.50               0.0000         -0.0000         -0.1298         -0.0120
19.52              -0.0000         -0.0000         -0.1305         -0.0118
19.54              -0.0000         -0.0000         -0.1313         -0.0116
19.56               0.0000          0.0000         -0.1320         -0.0114
19.58               0.0000          0.0000         -0.1328         -0.0112
19.60               0.0000          0.0000         -0.1335         -0.0110
19.62              -0.0000          0.0000         -0.1342         -0.0108
19.64               0.0000         -0.0000         -0.1349         -0.0106
19.66               0.0000         -0.0000         -0.1356         -0.0104
19.68               0.0000         -0.0000         -0.1363         -0.0102
19.70               0.0000          0.0000         -0.1369         -0.0100
19.72              -0.0000         -0.0000         -0.1376         -0.0098
19.74               0.0000         -0.0000         -0.1382         -0.0096
19.76               0.0000         -0.0000         -0.1389         -0.0093
19.78               0.0000         -0.0000         -0.1395         -0.0091
19.80               0.0000         -0.0000         -0.1401         -0.0089
19.82               0.0000         -0.0000         -0.1407         -0.0087
19.84              -0.0000         -0.0000         -0.1413         -0.0085
19.86               0.0000          0.0000         -0.1418         -0.0083
19.88               0.0000          0.0000         -0.1424         -0.0081
19.90               0.0000         -0.0000         -0.1430         -0.0078
19.92               0.0000          0.0000         -0.1435         -0.0076
19.94              -0.0000          0.0000         -0.1440         -0.0074
19.96              -0.0000         -0.0000         -0.1446         -0.0072
19.98               0.0000         -0.0000         -0.1451         -0.0070
20.00              -0.0000         -0.0000         -0.1456         -0.0067
20.02              -0.0000         -0.0000         -0.1460         -0.0065
20.04               0.0000         -0.0000         -0.1465         -0.0063
20.06              -0.0000         -0.0000         -0.1470         -0.0061
20.08              -0.0000          0.0000         -0.1474         -0.0058
20.10               0.0000         -0.0000         -0.1479         -0.0056
20.12              -0.0000         -0.0000         -0.1483         -0.0054
20.14               0.0000          0.0000         -0.1487         -0.0052
20.16              -0.0000         -0.0000         -0.1491         -0.0049
20.18               0.0000          0.0000         -0.1495         -0.0047
20.20              -0.0000          0.0000         -0.1499         -0.0045
20.22              -0.0000         -0.0000         -0.1502         -0.0042
20.24               0.0000         -0.0000         -0.1506         -0.0040
20.26              -0.0000         -0.0000         -0.1509         -0.0038
20.28              -0.0000          0.0000         -0.1513         -0.0035
20.30              -0.0000          0.0000         -0.1516         -0.0033
20.32               0.0000          0.0000         -0.1519         -0.0030
20.34               0.0000         -0.0000         -0.1522         -0.0028
20.36               0.0000         -0.0000         -0.1525         -0.0026
20.38              -0.0000         -0.0000         -0.1527         -0.0023
20.40              -0.0000          0.0000         -0.1530         -0.0021
20.42              -0.0000         -0.0000         -0.1532         -0.0018
20.44               0.0000         -0.0000         -0.1535         -0.0016
20.46               0.0000          0.0000         -0.1537         -0.0013
20.48              -0.0000          0.0000         -0.1539         -0.0011
20.50              -0.0000         -0.0000         -0.1541         -0.0008
20.52              -0.0000          0.0000         -0.1543         -0.0006
20.54               0.0000          0.0000         -0.1544         -0.0004
20.56               0.0000         -0.0000         -0.1546         -0.0001
20.58              -0.0000         -0.0000         -0.1547          0.0002
20.60              -0.0000          0.0000         -0.1549          0.0004
20.62               0.0000         -0.0000         -0.1550          0.0007
20.64              -0.0000         -0.0000         -0.1551          0.0009
20.66              -0.0000         -0.0000         -0.1552          0.0012
20.68               0.0000          0.0000         -0.1553          0.0014
20.70               0.0000         -0.0000         -0.1554          0.0017
20.72               0.0000         -0.0000         -0.1554          0.0019
20.74              -0.0000         -0.0000         -0.1555          0.0022
20.76              -0.0000          0.0000         -0.1555          0.0024
20.78              -0.0000          0.0000         -0.1555          0.0027
20.80              -0.0000         -0.0000         -0.1555          0.0029
20.82              -0.0000         -0.0000         -0.1555          0.0032
20.84              -0.0000          0.0000         -0.1555          0.0035
20.86               0.0000          0.0000         -0.1555          0.0037
20.88               0.0000          0.0000         -0.1555          0.0040
20.90              -0.0000          0.0000         -0.1554          0.0042
20.92               0.0000         -0.0000         -0.1553          0.0045
20.94              -0.0000          0.0000         -0.1553          0.0048
20.96              -0.0000         -0.0000         -0.1552          0.0050
20.98              -0.0000         -0.0000         -0.1551          0.0053
21.00               0.0000         -0.0000         -0.1549          0.0055
21.02               0.0000          0.0000         -0.1548          0.0058
21.04               0.0000          0.0000         -0.1547          0.0060
21.06               0.0000         -0.0000         -0.1545          0.0063
21.08              -0.0000          0.0000         -0.1544          0.0065
21.10              -0.0000         -0.0000         -0.1542          0.0068
21.12               0.0000          0.0000         -0.1540          0.0071
21.14               0.0000          0.0000         -0.1538          0.0073
21.16              -0.0000         -0.0000         -0.1536          0.0076
21.18              -0.0000         -0.0000         -0.1533          0.0078
21.20              -0.0000         -0.0000         -0.1531          0.0081
21.22               0.0000          0.0000         -0.1528          0.0083
21.24               0.0000         -0.0000         -0.1526          0.0086
21.26              -0.0000          0.0000         -0.1523          0.0088
21.28              -0.0000         -0.0000         -0.1520          0.0091
21.30              -0.0000         -0.0000         -0.1517          0.0093
21.32              -0.0000         -0.0000         -0.1513          0.0096
21.34              -0.0000         -0.0000         -0.1510          0.0098
21.36               0.0000         -0.0000         -0.1507          0.0101
21.38               0.0000          0.0000         -0.1503          0.0103
21.40               0.0000         -0.0000         -0.1499          0.0106
21.42               0.0000          0.0000         -0.1496          0.0108
21.44               0.0000          0.0000         -0.1492          0.0111
21.46              -0.0000          0.0000         -0.1488          0.0113
21.48              -0.0000         -0.0000         -0.1483          0.0116
21.50              -0.0000         -0.0000         -0.1479          0.0118
21.52              -0.0000         -0.0000         -0.1474          0.0120
21.54              -0.0000         -0.0000         -0.1470          0.0123
21.56               0.0000         -0.0000         -0.1465          0.0125
21.58               0.0000          0.0000         -0.1460          0.0128
21.60              -0.0000         -0.0000         -0.1455          0.0130
21.62              -0.0000         -0.0000         -0.1450          0.0132
21.64               0.0000         -0.0000         -0.1445          0.0135
21.66               0.0000         -0.0000         -0.1440          0.0137
21.68              -0.0000          0.0000         -0.1434          0.0139
21.70              -0.0000          0.0000         -0.1429          0.0142
21.72              -0.0000          0.0000         -0.1423          0.0144
21.74               0.0000         -0.0000         -0.1417          0.0146
21.76              -0.0000         -0.0000         -0.1411          0.0149
21.78               0.0000          0.0000         -0.1405          0.0151
21.80              -0.0000         -0.0000         -0.1399          0.0153
21.82              -0.0000         -0.0000         -0.1393          0.0155
21.84               0.0000          0.0000         -0.1386          0.0158
21.86              -0.0000          0.0000         -0.1380          0.0160
21.88               0.0000         -0.0000         -0.1373          0.0162
21.90              -0.0000         -0.0000         -0.1366          0.0164
21.92               0.0000          0.0000         -0.1359          0.0166
21.94              -0.0000         -0.0000         -0.1352          0.0169
21.96              -0.0000          0.0000         -0.1345          0.0171
21.98              -0.0000          0.0000         -0.1338          0.0173
22.00               0.0000         -0.0000         -0.1331          0.0175
22.02              -0.0000         -0.0000         -0.1323          0.0177
22.04               0.0000         -0.0000         -0.1316          0.0180
22.06              -0.0000          0.0000         -0.1308          0.0182
22.08              -0.0000          0.0000         -0.1300          0.0184
22.10               0.0000          0.0000         -0.1292          0.0186
22.12               0.0000         -0.0000         -0.1284          0.0188
22.14               0.0000         -0.0000         -0.1276          0.0190
22.16               0.0000          0.0000         -0.1268          0.0192
22.18              -0.0000          0.0000         -0.1260          0.0194
22.20               0.0000         -0.0000         -0.1251          0.0196
22.22               0.0000         -0.0000         -0.1243          0.0198
22.24               0.0000          0.0000         -0.1234          0.0200
22.26              -0.0000          0.0000         -0.1225          0.0202
22.28               0.0000          0.0000         -0.1216          0.0204
22.30               0.0000         -0.0000         -0.1207          0.0206
22.32              -0.0000          0.0000         -0.1198          0.0208
22.34               0.0000          0.0000         -0.1189          0.0210
22.36              -0.0000          0.0000         -0.1180          0.0212
22.38               0.0000         -0.0000         -0.1171          0.0214
22.40               0.0000          0.0000         -0.1161          0.0216
22.42              -0.0000          0.0000         -0.1152          0.0218
22.44               0.0000          0.0000         -0.1142          0.0220
22.46              -0.0000         -0.0000         -0.1132          0.0222
22.48               0.0000          0.0000         -0.1123          0.0224
22.50               0.0000         -0.0000         -0.1113          0.0225
22.52              -0.0000         -0.0000         -0.1103          0.0227
22.54               0.0000         -0.0000         -0.1093          0.0229
22.56               0.0000         -0.0000         -0.1082          0.0231
22.58              -0.0000          0.0000         -0.1072          0.0233
22.60               0.0000         -0.0000         -0.1062          0.0235
22.62               0.0000         -0.0000         -0.1052          0.0236
22.64              -0.0000         -0.0000         -0.1041          0.0238
22.66               0.0000          0.0000         -0.1031          0.0240
22.68               0.0000          0.0000         -0.1020          0.0241
22.70               0.0000         -0.0000         -0.1009          0.0243
22.72              -0.0000         -0.0000         -0.0998          0.0245
22.74              -0.0000         -0.0000         -0.0988          0.0247
22.76               0.0000         -0.0000         -0.0977          0.0248
22.78              -0.0000          0.0000         -0.0966          0.0250
22.80               0.0000          0.0000         -0.0955          0.0251
22.82              -0.0000         -0.0000         -0.0943          0.0253
22.84               0.0000         -0.0000         -0.0932          0.0255
22.86               0.0000          0.0000         -0.0921          0.0256
22.88              -0.0000         -0.0000         -0.0909          0.0258
22.90              -0.0000         -0.0000         -0.0898          0.0259
22.92               0.0000          0.0000         -0.0887          0.0261
22.94               0.0000         -0.0000         -0.0875          0.0262
22.96              -0.0000         -0.0000         -0.0863          0.0264
22.98               0.0000          0.0000         -0.0852          0.0265
23.00              -0.0000          0.0000         -0.0840          0.0266
23.02              -0.0000          0.0000         -0.0828          0.0268
23.04               0.0000         -0.0000         -0.0816          0.0269
23.06               0.0000          0.0000         -0.0804          0.0271
23.08               0.0000         -0.0000         -0.0793          0.0272
23.10               0.0000          0.0000         -0.0780          0.0273
23.12               0.0000         -0.0000         -0.0768          0.0275
23.14              -0.0000         -0.0000         -0.0756          0.0276
23.16              -0.0000         -0.0000         -0.0744          0.0277
23.18               0.0000         -0.0000         -0.0732          0.0278
23.20              -0.0000         -0.0000         -0.0720          0.0280
23.22               0.0000          0.0000         -0.0707          0.0281
23.24               0.0000          0.0000         -0.0695          0.0282
23.26               0.0000         -0.0000         -0.0682          0.0283
23.28               0.0000          0.0000         -0.0670          0.0284
23.30              -0.0000          0.0000         -0.0657          0.0285
23.32              -0.0000         -0.0000         -0.0645          0.0287
23.34              -0.0000          0.0000         -0.0632          0.0288
23.36              -0.0000          0.0000         -0.0620          0.0289
23.38               0.0000         -0.0000         -0.0607          0.0290
23.40               0.0000          0.0000         -0.0594          0.0291
23.42              -0.0000          0.0000         -0.0581          0.0292
23.44               0.0000         -0.0000         -0.0569          0.0293
23.46              -0.0000         -0.0000         -0.0556          0.0294
23.48              -0.0000          0.0000         -0.0543          0.0295
23.50               0.0000          0.0000         -0.0530          0.0295
23.52              -0.0000          0.0000         -0.0517          0.0296
23.54              -0.0000         -0.0000         -0.0504          0.0297
23.56              -0.0000          0.0000         -0.0491          0.0298
23.58              -0.0000         -0.0000         -0.0478          0.0299
23.60               0.0000         -0.0000         -0.0465          0.0300
23.62              -0.0000         -0.0000         -0.0452          0.0300
23.64               0.0000         -0.0000         -0.0439          0.0301
23.66              -0.0000          0.0000         -0.0425          0.0302
23.68               0.0000         -0.0000         -0.0412          0.0302
23.70               0.0000         -0.0000         -0.0399          0.0303
23.72              -0.0000          0.0000         -0.0386          0.0304
23.74               0.0000          0.0000         -0.0372          0.0304
23.76               0.0000         -0.0000         -0.0359          0.0305
23.78               0.0000         -0.0000         -0.0346          0.0305
23.80               0.0000          0.0000         -0.0332          0.0306
23.82               0.0000          0.0000         -0.0319          0.0307
23.84               0.0000         -0.0000         -0.0305          0.0307
23.86               0.0000         -0.0000         -0.0292          0.0307
23.88              -0.0000         -0.0000         -0.0278          0.0308
23.90              -0.0000          0.0000         -0.0265          0.0308
23.92               0.0000         -0.0000         -0.0251          0.0309
23.94              -0.0000          0.0000         -0.0238          0.0309
23.96               0.0000         -0.0000         -0.0224          0.0309
23.98              -0.0000         -0.0000         -0.0210          0.0310
24.00              -0.0000          0.0000         -0.0197          0.0310
24.02              -0.0000         -0.0000         -0.0183          0.0310
24.04               0.0000          0.0000         -0.0170          0.0310
24.06               0.0000          0.0000         -0.0156          0.0310
24.08               0.0000         -0.0000         -0.0142          0.0311
24.10              -0.0000          0.0000         -0.0128          0.0311
24.12              -0.0000          0.0000         -0.0115          0.0311
24.14               0.0000          0.0000         -0.0101          0.0311
24.16              -0.0000          0.0000         -0.0087          0.0311
24.18               0.0000         -0.0000         -0.0073          0.0311
24.20              -0.0000          0.0000         -0.0060          0.0311
24.22               0.0000         -0.0000         -0.0046          0.0311
24.24              -0.0000         -0.0000         -0.0032          0.0311
24.26              -0.0000         -0.0000         -0.0018          0.0311
24.28              -0.0000          0.0000         -0.0004          0.0311
24.30              -0.0000          0.0000          0.0010          0.0311
24.32               0.0000         -0.0000          0.0023          0.0310
24.34              -0.0000          0.0000          0.0037          0.0310
24.36              -0.0000         -0.0000          0.0051          0.0310
24.38               0.0000         -0.0000          0.0065          0.0310
24.40               0.0000         -0.0000          0.0079          0.0309
24.42               0.0000         -0.0000          0.0093          0.0309
24.44              -0.0000         -0.0000          0.0107          0.0309
24.46              -0.0000          0.0000          0.0120          0.0308
24.48               0.0000         -0.0000          0.0134          0.0308
24.50               0.0000         -0.0000          0.0148          0.0308
24.52               0.0000         -0.0000          0.0162          0.0307
24.54               0.0000         -0.0000          0.0176          0.0307
24.56               0.0000         -0.0000          0.0190          0.0306
24.58               0.0000         -0.0000          0.0204          0.0306
24.60               0.0000         -0.0000          0.0217          0.0305
24.62              -0.0000         -0.0000          0.0231          0.0305
24.64              -0.0000         -0.0000          0.0245          0.0304
24.66               0.0000         -0.0000          0.0259          0.0303
24.68               0.0000          0.0000          0.0273          0.0303
24.70               0.0000          0.0000          0.0287          0.0302
24.72              -0.0000         -0.0000          0.0300          0.0301
24.74               0.0000          0.0000          0.0314          0.0300
24.76              -0.0000         -0.0000          0.0328          0.0300
24.78               0.0000          0.0000          0.0342          0.0299
24.80               0.0000          0.0000          0.0355          0.0298
24.82               0.0000          0.0000          0.0369          0.0297
24.84               0.0000          0.0000          0.0383          0.0296
24.86               0.0000         -0.0000          0.0396          0.0295
24.88               0.0000          0.0000          0.0410          0.0295
24.90              -0.0000          0.0000          0.0423          0.0294
24.92               0.0000         -0.0000          0.0437          0.0293
24.94               0.0000         -0.0000          0.0450          0.0292
24.96               0.0000          0.0000          0.0464          0.0291
24.98               0.0000         -0.0000          0.0477          0.0290
25.00               0.0000         -0.0000          0.0491          0.0288
25.02               0.0000          0.0000          0.0504          0.0287
25.04               0.0000         -0.0000          0.0518          0.0286
25.06               0.0000         -0.0000          0.0531          0.0285
25.08               0.0000         -0.0000          0.0544          0.0284
25.10               0.0000         -0.0000          0.0557          0.0283
25.12               0.0000          0.0000          0.0570          0.0282
25.14              -0.0000         -0.0000          0.0584          0.0280
25.16               0.0000         -0.0000          0.0597          0.0279
25.18              -0.0000          0.0000          0.0610          0.0278
25.20              -0.0000          0.0000          0.0623          0.0276
25.22              -0.0000         -0.0000          0.0635          0.0275
25.24               0.0000         -0.0000          0.0648          0.0274
25.26              -0.0000         -0.0000          0.0661          0.0272
25.28              -0.0000          0.0000          0.0674          0.0271
25.30               0.0000         -0.0000          0.0687          0.0269
25.32               0.0000          0.0000          0.0699          0.0268
25.34              -0.0000         -0.0000          0.0712          0.0266
25.36               0.0000          0.0000          0.0724          0.0265
25.38              -0.0000         -0.0000          0.0737          0.0263
25.40               0.0000          0.0000          0.0749          0.0262
25.42               0.0000         -0.0000          0.0761          0.0260
25.44              -0.0000         -0.0000          0.0773          0.0259
25.46               0.0000         -0.0000          0.0786          0.0257
25.48              -0.0000         -0.0000          0.0798          0.0255
25.50               0.0000         -0.0000          0.0810          0.0254
25.52               0.0000         -0.0000          0.0822          0.0252
25.54               0.0000         -0.0000          0.0833          0.0250
25.56               0.0000         -0.0000          0.0845          0.0249
25.58               0.0000          0.0000          0.0857          0.0247
25.60               0.0000         -0.0000          0.0868          0.0245
25.62               0.0000         -0.0000          0.0880          0.0243
25.64              -0.0000         -0.0000          0.0891          0.0241
25.66               0.0000         -0.0000          0.0903          0.0239
25.68              -0.0000         -0.0000          0.0914          0.0238
25.70              -0.0000         -0.0000          0.0925          0.0236
25.72               0.0000         -0.0000          0.0936          0.0234
25.74              -0.0000         -0.0000          0.0947          0.0232
25.76               0.0000         -0.0000          0.0958          0.0230
25.78               0.0000          0.0000          0.0969          0.0228
25.80               0.0000          0.0000          0.0980          0.0226
25.82              -0.0000          0.0000          0.0990          0.0224
25.84              -0.0000          0.0000          0.1001          0.0222
25.86              -0.0000         -0.0000          0.1011          0.0220
25.88              -0.0000         -0.0000          0.1022          0.0218
25.90               0.0000          0.0000          0.1032          0.0215
25.92               0.0000         -0.0000          0.1042          0.0213
25.94               0.0000          0.0000          0.1052          0.0211
25.96               0.0000          0.0000          0.1062          0.0209
25.98               0.0000          0.0000          0.1072          0.0207
26.00              -0.0000         -0.0000          0.1082          0.0205
26.02              -0.0000          0.0000          0.1092          0.0202
26.04              -0.0000         -0.0000          0.1101          0.0200
26.06              -0.0000          0.0000          0.1111          0.0198
26.08               0.0000         -0.0000          0.1120          0.0195
26.10               0.0000         -0.0000          0.1129          0.0193
26.12               0.0000         -0.0000          0.1138          0.0191
26.14              -0.0000         -0.0000          0.1148          0.0188
26.16               0.0000          0.0000          0.1157          0.0186
26.18               0.0000          0.0000          0.1165          0.0184
26.20              -0.0000         -0.0000          0.1174          0.0181
26.22               0.0000         -0.0000          0.1183          0.0179
26.24               0.0000         -0.0000          0.1191          0.0176
26.26              -0.0000          0.0000          0.1200          0.0174
26.28              -0.0000          0.0000          0.1208          0.0171
26.30              -0.0000         -0.0000          0.1216          0.0169
26.32              -0.0000          0.0000          0.1225          0.0166
26.34               0.0000          0.0000          0.1233          0.0164
26.36              -0.0000         -0.0000          0.1241          0.0161
26.38              -0.0000         -0.0000          0.1248          0.0159
26.40               0.0000         -0.0000          0.1256          0.0156
26.42              -0.0000         -0.0000          0.1264          0.0153
26.44               0.0000         -0.0000          0.1271          0.0151
26.46               0.0000          0.0000          0.1279          0.0148
26.48               0.0000         -0.0000          0.1286          0.0145
26.50               0.0000          0.0000          0.1293          0.0143
26.52               0.0000          0.0000          0.1300          0.0140
26.54               0.0000          0.0000          0.1308          0.0137
26.56               0.0000         -0.0000          0.1314          0.0135
26.58              -0.0000         -0.0000          0.1321          0.0132
26.60              -0.0000          0.0000          0.1328          0.0129
26.62              -0.0000          0.0000          0.1335          0.0126
26.64               0.0000         -0.0000          0.1341          0.0124
26.66               0.0000          0.0000          0.1347          0.0121
26.68               0.0000          0.0000          0.1354          0.0118
26.70              -0.0000         -0.0000          0.1360          0.0115
26.72               0.0000         -0.0000          0.1366          0.0112
26.74               0.0000         -0.0000          0.1372          0.0109
26.76               0.0000         -0.0000          0.1378          0.0107
26.78              -0.0000         -0.0000          0.1384          0.0104
26.80               0.0000          0.0000          0.1389          0.0101
26.82               0.0000         -0.0000          0.1395          0.0098
26.84              -0.0000         -0.0000          0.1401          0.0095
26.86              -0.0000          0.0000          0.1406          0.0092
26.88               0.0000         -0.0000          0.1411          0.0089
26.90               0.0000         -0.0000          0.1416          0.0086
26.92               0.0000          0.0000          0.1421          0.0083
26.94               0.0000         -0.0000          0.1426          0.0080
26.96              -0.0000         -0.0000          0.1431          0.0077
26.98              -0.0000          0.0000          0.1436          0.0074
27.00              -0.0000         -0.0000          0.1441          0.0071
27.02               0.0000          0.0000          0.1445          0.0068
27.04               0.0000          0.0000          0.1450          0.0065
27.06              -0.0000          0.0000          0.1454          0.0062
27.08               0.0000          0.0000          0.1458          0.0059
27.10               0.0000          0.0000          0.1462          0.0056
27.12               0.0000          0.0000          0.1466          0.0053
27.14               0.0000          0.0000          0.1470          0.0050
27.16               0.0000          0.0000          0.1474          0.0047
27.18               0.0000          0.0000          0.1478          0.0044
27.20               0.0000         -0.0000          0.1481          0.0041
27.22              -0.0000          0.0000          0.1485          0.0038
27.24               0.0000          0.0000          0.1488          0.0034
27.26              -0.0000         -0.0000          0.1491          0.0031
27.28               0.0000          0.0000          0.1495          0.0028
27.30              -0.0000          0.0000          0.1498          0.0025
27.32               0.0000          0.0000          0.1500          0.0022
27.34               0.0000          0.0000          0.1503          0.0019
27.36               0.0000          0.0000          0.1506          0.0016
27.38               0.0000          0.0000          0.1509          0.0013
27.40               0.0000         -0.0000          0.1511          0.0009
27.42               0.0000          0.0000          0.1513          0.0006
27.44              -0.0000         -0.0000          0.1516          0.0003
27.46               0.0000         -0.0000          0.1518         -0.0000
27.48               0.0000          0.0000          0.1520         -0.0003
27.50               0.0000         -0.0000          0.1521         -0.0006
27.52               0.0000          0.0000          0.1523         -0.0010
27.54               0.0000         -0.0000          0.1525         -0.0013
27.56              -0.0000          0.0000          0.1526         -0.0016
27.58              -0.0000         -0.0000          0.1528         -0.0019
27.60              -0.0000         -0.0000          0.1529         -0.0022
27.62              -0.0000         -0.0000          0.1530         -0.0026
27.64              -0.0000         -0.0000          0.1531         -0.0029
27.66               0.0000         -0.0000          0.1532         -0.0032
27.68               0.0000          0.0000          0.1533         -0.0035
27.70               0.0000         -0.0000          0.1533         -0.0038
27.72               0.0000         -0.0000          0.1534         -0.0041
27.74              -0.0000         -0.0000          0.1534         -0.0045
27.76              -0.0000          0.0000          0.1534         -0.0048
27.78               0.0000          0.0000          0.1534         -0.0051
27.80              -0.0000         -0.0000          0.1534         -0.0054
27.82               0.0000          0.0000          0.1534         -0.0057
27.84               0.0000          0.0000          0.1534         -0.0061
27.86              -0.0000          0.0000          0.1533         -0.0064
27.88               0.0000          0.0000          0.1533         -0.0067
27.90               0.0000          0.0000          0.1532         -0.0070
27.92              -0.0000         -0.0000          0.1531         -0.0073
27.94               0.0000          0.0000          0.1530         -0.0076
27.96              -0.0000         -0.0000          0.1529         -0.0080
27.98              -0.0000          0.0000          0.1528         -0.0083
28.00              -0.0000          0.0000          0.1527         -0.0086
28.02               0.0000          0.0000          0.1525         -0.0089
28.04               0.0000         -0.0000          0.1524         -0.0092
28.06               0.0000          0.0000          0.1522         -0.0095
28.08              -0.0000         -0.0000          0.1520         -0.0098
28.10              -0.0000          0.0000          0.1518         -0.0102
28.12               0.0000          0.0000          0.1516         -0.0105
28.14              -0.0000         -0.0000          0.1513         -0.0108
28.16               0.0000         -0.0000          0.1511         -0.0111
28.18              -0.0000          0.0000          0.1508         -0.0114
28.20               0.0000         -0.0000          0.1505         -0.0117
28.22               0.0000         -0.0000          0.1503         -0.0120
28.24              -0.0000         -0.0000          0.1500         -0.0123
28.26               0.0000         -0.0000          0.1496         -0.0126
28.28               0.0000          0.0000          0.1493         -0.0130
28.30               0.0000          0.0000          0.1490         -0.0133
28.32               0.0000         -0.0000          0.1486         -0.0136
28.34               0.0000          0.0000          0.1482         -0.0139
28.36              -0.0000         -0.0000          0.1479         -0.0142
28.38              -0.0000         -0.0000          0.1475         -0.0145
28.40               0.0000         -0.0000          0.1471         -0.0148
28.42              -0.0000         -0.0000          0.1466         -0.0151
28.44               0.0000         -0.0000          0.1462         -0.0154
28.46               0.0000         -0.0000          0.1457         -0.0157
28.48               0.0000          0.0000          0.1453         -0.0160
28.50               0.0000          0.0000          0.1448         -0.0163
28.52              -0.0000         -0.0000          0.1443         -0.0166
28.54               0.0000         -0.0000          0.1438         -0.0169
28.56               0.0000         -0.0000          0.1433         -0.0172
28.58               0.0000         -0.0000          0.1428         -0.0175
28.60               0.0000         -0.0000          0.1422         -0.0178
28.62              -0.0000         -0.0000          0.1417         -0.0181
28.64              -0.0000         -0.0000          0.1411         -0.0184
28.66               0.0000          0.0000          0.1406         -0.0187
28.68               0.0000          0.0000          0.1400         -0.0190
28.70               0.0000          0.0000          0.1394         -0.0193
28.72              -0.0000          0.0000          0.1388         -0.0195
28.74              -0.0000          0.0000          0.1382         -0.0198
28.76               0.0000         -0.0000          0.1375         -0.0201
28.78              -0.0000         -0.0000          0.1369         -0.0204
28.80              -0.0000         -0.0000          0.1362         -0.0207
28.82               0.0000         -0.0000          0.1356         -0.0210
28.84               0.0000         -0.0000          0.1349         -0.0212
28.86              -0.0000          0.0000          0.1342         -0.0215
28.88              -0.0000         -0.0000          0.1335         -0.0218
28.90              -0.0000          0.0000          0.1328         -0.0221
28.92               0.0000         -0.0000          0.1321         -0.0224
28.94              -0.0000          0.0000          0.1313         -0.0226
28.96               0.0000         -0.0000          0.1306         -0.0229
28.98              -0.0000         -0.0000          0.1299         -0.0232
29.00              -0.0000         -0.0000          0.1291         -0.0234
29.02               0.0000          0.0000          0.1283         -0.0237
29.04              -0.0000         -0.0000          0.1276         -0.0240
29.06               0.0000         -0.0000          0.1268         -0.0242
29.08              -0.0000          0.0000          0.1260         -0.0245
29.10               0.0000          0.0000          0.1252         -0.0248
29.12               0.0000         -0.0000          0.1243         -0.0250
29.14               0.0000         -0.0000          0.1235         -0.0253
29.16              -0.0000          0.0000          0.1227         -0.0255
29.18               0.0000         -0.0000          0.1218         -0.0258
29.20               0.0000         -0.0000          0.1210         -0.0261
29.22               0.0000         -0.0000          0.1201         -0.0263
29.24               0.0000          0.0000          0.1193         -0.0266
29.26               0.0000         -0.0000          0.1184         -0.0268
29.28               0.0000         -0.0000          0.1175         -0.0271
29.30              -0.0000         -0.0000          0.1166         -0.0273
29.32               0.0000         -0.0000          0.1157         -0.0275
29.34               0.0000         -0.0000          0.1148         -0.0278
29.36              -0.0000          0.0000          0.1139         -0.0280
29.38               0.0000          0.0000          0.1130         -0.0283
29.40               0.0000          0.0000          0.1120         -0.0285
29.42               0.0000         -0.0000          0.1111         -0.0287
29.44              -0.0000         -0.0000          0.1101         -0.0290
29.46               0.0000          0.0000          0.1092         -0.0292
29.48              -0.0000         -0.0000          0.1082         -0.0294
29.50               0.0000         -0.0000          0.1073         -0.0296
29.52              -0.0000         -0.0000          0.1063         -0.0299
29.54              -0.0000          0.0000          0.1053         -0.0301
29.56               0.0000         -0.0000          0.1043         -0.0303
29.58               0.0000         -0.0000          0.1033         -0.0305
29.60               0.0000         -0.0000          0.1023         -0.0307
29.62              -0.0000         -0.0000          0.1013         -0.0310
29.64               0.0000         -0.0000          0.1003         -0.0312
29.66              -0.0000          0.0000          0.0992         -0.0314
29.68               0.0000         -0.0000          0.0982         -0.0316
29.70               0.0000          0.0000          0.0972         -0.0318
29.72               0.0000          0.0000          0.0961         -0.0320
29.74               0.0000         -0.0000          0.0951         -0.0322
29.76              -0.0000          0.0000          0.0940         -0.0324
29.78               0.0000         -0.0000          0.0929         -0.0326
29.80              -0.0000          0.0000          0.0918         -0.0328
29.82               0.0000         -0.0000          0.0908         -0.0330
29.84              -0.0000          0.0000          0.0897         -0.0331
29.86              -0.0000         -0.0000          0.0886         -0.0333
29.88              -0.0000          0.0000          0.0875         -0.0335
29.90               0.0000         -0.0000          0.0864         -0.0337
29.92               0.0000          0.0000          0.0852         -0.0339
29.94               0.0000         -0.0000          0.0841         -0.0340
29.96               0.0000          0.0000          0.0830         -0.0342
29.98              -0.0000         -0.0000          0.0819         -0.0344
30.00              -0.0000          0.0000          0.0807         -0.0346
30.02              -0.0000         -0.0000          0.0796         -0.0347
30.04              -0.0000          0.0000          0.0784         -0.0349
30.06              -0.0000          0.0000          0.0772         -0.0350
30.08               0.0000         -0.0000          0.0761         -0.0352
30.10              -0.0000          0.0000          0.0749         -0.0354
30.12              -0.0000         -0.0000          0.0737         -0.0355
30.14              -0.0000          0.0000          0.0725         -0.0357
30.16               0.0000         -0.0000          0.0713         -0.0358
30.18               0.0000         -0.0000          0.0701         -0.0359
30.20              -0.0000          0.0000          0.0689         -0.0361
30.22              -0.0000         -0.0000          0.0677         -0.0362
30.24               0.0000          0.0000          0.0665         -0.0364
30.26              -0.0000         -0.0000          0.0653         -0.0365
30.28              -0.0000         -0.0000          0.0640         -0.0366
30.30               0.0000         -0.0000          0.0628         -0.0367
30.32               0.0000         -0.0000          0.0615         -0.0369
30.34              -0.0000         -0.0000          0.0603         -0.0370
30.36              -0.0000         -0.0000          0.0590         -0.0371
30.38               0.0000         -0.0000          0.0578         -0.0372
30.40              -0.0000         -0.0000          0.0565         -0.0373
30.42               0.0000          0.0000          0.0552         -0.0374
30.44               0.0000         -0.0000          0.0540         -0.0375
30.46               0.0000         -0.0000          0.0527         -0.0376
30.48              -0.0000         -0.0000          0.0514         -0.0377
30.50              -0.0000          0.0000          0.0501         -0.0378
30.52              -0.0000          0.0000          0.0488         -0.0379
30.54              -0.0000          0.0000          0.0475         -0.0380
30.56              -0.0000          0.0000          0.0462         -0.0381
30.58               0.0000         -0.0000          0.0449         -0.0382
30.60              -0.0000          0.0000          0.0436         -0.0382
30.62              -0.0000          0.0000          0.0422         -0.0383
30.64              -0.0000         -0.0000          0.0409         -0.0384
30.66              -0.0000          0.0000          0.0396         -0.0385
30.68              -0.0000         -0.0000          0.0382         -0.0385
30.70               0.0000         -0.0000          0.0369         -0.0386
30.72              -0.0000          0.0000          0.0356         -0.0387
30.74              -0.0000          0.0000          0.0342         -0.0387
30.76               0.0000          0.0000          0.0329         -0.0388
30.78              -0.0000          0.0000          0.0315         -0.0388
30.80              -0.0000         -0.0000          0.0302         -0.0389
30.82               0.0000         -0.0000          0.0288         -0.0389
30.84               0.0000          0.0000          0.0274         -0.0389
30.86               0.0000         -0.0000          0.0261         -0.0390
30.88              -0.0000          0.0000          0.0247         -0.0390
30.90              -0.0000          0.0000          0.0233         -0.0390
30.92              -0.0000          0.0000          0.0220         -0.0391
30.94               0.0000          0.0000          0.0206         -0.0391
30.96              -0.0000         -0.0000          0.0192         -0.0391
30.98               0.0000         -0.0000          0.0178         -0.0391
31.00               0.0000         -0.0000          0.0165         -0.0391
31.02               0.0000         -0.0000          0.0151         -0.0391
31.04              -0.0000         -0.0000          0.0137         -0.0392
31.06               0.0000         -0.0000          0.0123         -0.0392
31.08              -0.0000          0.0000          0.0109         -0.0392
31.10               0.0000         -0.0000          0.0096         -0.0392
31.12              -0.0000         -0.0000          0.0082         -0.0391
31.14              -0.0000          0.0000          0.0068         -0.0391
31.16               0.0000         -0.0000          0.0054         -0.0391
31.18              -0.0000          0.0000          0.0040         -0.0391
31.20               0.0000          0.0000          0.0026         -0.0391
31.22              -0.0000          0.0000          0.0013         -0.0391
31.24               0.0000          0.0000         -0.0001         -0.0390
31.26               0.0000         -0.0000         -0.0015         -0.0390
31.28              -0.0000          0.0000         -0.0029         -0.0390
31.30              -0.0000          0.0000         -0.0043         -0.0389
31.32              -0.0000          0.0000         -0.0056         -0.0389
31.34               0.0000          0.0000         -0.0070         -0.0388
31.36               0.0000         -0.0000         -0.0084         -0.0388
31.38              -0.0000          0.0000         -0.0098         -0.0387
31.40              -0.0000         -0.0000         -0.0111         -0.0387
31.42               0.0000         -0.0000         -0.0125         -0.0386
31.44              -0.0000         -0.0000         -0.0139         -0.0386
31.46               0.0000         -0.0000         -0.0152         -0.0385
31.48              -0.0000          0.0000         -0.0166         -0.0384
31.50              -0.0000          0.0000         -0.0180         -0.0384
31.52              -0.0000          0.0000         -0.0193         -0.0383
31.54              -0.0000         -0.0000         -0.0207         -0.0382
31.56               0.0000          0.0000         -0.0220         -0.0381
31.58               0.0000          0.0000         -0.0234         -0.0381
31.60              -0.0000         -0.0000         -0.0248         -0.0380
31.62              -0.0000          0.0000         -0.0261         -0.0379
31.64              -0.0000          0.0000         -0.0274         -0.0378
31.66              -0.0000          0.0000         -0.0288         -0.0377
31.68               0.0000         -0.0000         -0.0301         -0.0376
31.70               0.0000          0.0000         -0.0315         -0.0375
31.72              -0.0000         -0.0000         -0.0328         -0.0374
31.74              -0.0000          0.0000         -0.0341         -0.0373
31.76              -0.0000         -0.0000         -0.0354         -0.0372
31.78               0.0000         -0.0000         -0.0367         -0.0371
31.80              -0.0000         -0.0000         -0.0381         -0.0369
31.82               0.0000         -0.0000         -0.0394         -0.0368
31.84               0.0000          0.0000         -0.0407         -0.0367
31.86              -0.0000         -0.0000         -0.0420         -0.0366
31.88               0.0000         -0.0000         -0.0433         -0.0364
31.90              -0.0000         -0.0000         -0.0446         -0.0363
31.92               0.0000         -0.0000         -0.0459         -0.0362
31.94              -0.0000          0.0000         -0.0472         -0.0360
31.96               0.0000          0.0000         -0.0484         -0.0359
31.98               0.0000         -0.0000         -0.0497         -0.0357
32.00               0.0000         -0.0000         -0.0510         -0.0356
32.02              -0.0000         -0.0000         -0.0523         -0.0354
32.04               0.0000          0.0000         -0.0535         -0.0353
32.06              -0.0000          0.0000         -0.0548         -0.0351
32.08               0.0000         -0.0000         -0.0560         -0.0350
32.10               0.0000         -0.0000         -0.0573         -0.0348
32.12              -0.0000          0.0000         -0.0585         -0.0346
32.14              -0.0000         -0.0000         -0.0598         -0.0345
32.16              -0.0000          0.0000         -0.0610         -0.0343
32.18              -0.0000         -0.0000         -0.0622         -0.0341
32.20              -0.0000          0.0000         -0.0635         -0.0339
32.22               0.0000          0.0000         -0.0647         -0.0337
32.24              -0.0000          0.0000         -0.0659         -0.0336
32.26              -0.0000          0.0000         -0.0671         -0.0334
32.28              -0.0000         -0.0000         -0.0683         -0.0332
32.30              -0.0000          0.0000         -0.0695         -0.0330
32.32               0.0000          0.0000         -0.0707         -0.0328
32.34              -0.0000         -0.0000         -0.0719         -0.0326
32.36               0.0000          0.0000         -0.0731         -0.0324
32.38               0.0000          0.0000         -0.0743         -0.0322
32.40               0.0000         -0.0000         -0.0754         -0.0320
32.42               0.0000         -0.0000         -0.0766         -0.0318
32.44               0.0000         -0.0000         -0.0778         -0.0316
32.46               0.0000         -0.0000         -0.0789         -0.0313
32.48              -0.0000         -0.0000         -0.0801         -0.0311
32.50               0.0000          0.0000         -0.0812         -0.0309
32.52              -0.0000          0.0000         -0.0824         -0.0307
32.54               0.0000          0.0000         -0.0835         -0.0304
32.56               0.0000         -0.0000         -0.0846         -0.0302
32.58               0.0000         -0.0000         -0.0857         -0.0300
32.60              -0.0000         -0.0000         -0.0869         -0.0297
32.62               0.0000          0.0000         -0.0880         -0.0295
32.64              -0.0000          0.0000         -0.0891         -0.0293
32.66               0.0000          0.0000         -0.0902         -0.0290
32.68              -0.0000         -0.0000         -0.0912         -0.0288
32.70              -0.0000          0.0000         -0.0923         -0.0285
32.72              -0.0000          0.0000         -0.0934         -0.0283
32.74              -0.0000         -0.0000         -0.0945         -0.0280
32.76               0.0000         -0.0000         -0.0955         -0.0278
32.78               0.0000          0.0000         -0.0966         -0.0275
32.80               0.0000          0.0000         -0.0976         -0.0272
32.82               0.0000          0.0000         -0.0987         -0.0270
32.84               0.0000         -0.0000         -0.0997         -0.0267
32.86              -0.0000          0.0000         -0.1007         -0.0264
32.88               0.0000          0.0000         -0.1017         -0.0262
32.90              -0.0000          0.0000         -0.1027         -0.0259
32.92              -0.0000          0.0000         -0.1037         -0.0256
32.94              -0.0000         -0.0000         -0.1047         -0.0253
32.96               0.0000         -0.0000         -0.1057         -0.0250
32.98               0.0000         -0.0000         -0.1067         -0.0248
33.00              -0.0000          0.0000         -0.1076         -0.0245
33.02               0.0000          0.0000         -0.1086         -0.0242
33.04               0.0000         -0.0000         -0.1095         -0.0239
33.06              -0.0000         -0.0000         -0.1105         -0.0236
33.08              -0.0000         -0.0000         -0.1114         -0.0233
33.10              -0.0000         -0.0000         -0.1123         -0.0230
33.12              -0.0000          0.0000         -0.1132         -0.0227
33.14              -0.0000          0.0000         -0.1141         -0.0224
33.16               0.0000          0.0000         -0.1150         -0.0221
33.18              -0.0000         -0.0000         -0.1159         -0.0218
33.20               0.0000          0.0000         -0.1168         -0.0215
33.22              -0.0000          0.0000         -0.1177         -0.0211
33.24              -0.0000         -0.0000         -0.1185         -0.0208
33.26               0.0000          0.0000         -0.1194         -0.0205
33.28              -0.0000         -0.0000         -0.1202         -0.0202
33.30              -0.0000          0.0000         -0.1210         -0.0199
33.32               0.0000         -0.0000         -0.1218         -0.0195
33.34               0.0000          0.0000         -0.1226         -0.0192
33.36               0.0000          0.0000         -0.1234         -0.0189
33.38               0.0000          0.0000         -0.1242         -0.0185
33.40               0.0000         -0.0000         -0.1250         -0.0182
33.42              -0.0000         -0.0000         -0.1258         -0.0179
33.44              -0.0000         -0.0000         -0.1265         -0.0175
33.46               0.0000          0.0000         -0.1272         -0.0172
33.48               0.0000         -0.0000         -0.1280         -0.0169
33.50              -0.0000         -0.0000         -0.1287         -0.0165
33.52               0.0000         -0.0000         -0.1294         -0.0162
33.54               0.0000          0.0000         -0.1301         -0.0158
33.56               0.0000          0.0000         -0.1308         -0.0155
33.58               0.0000          0.0000         -0.1315         -0.0151
33.60              -0.0000          0.0000         -0.1321         -0.0148
33.62              -0.0000          0.0000         -0.1328         -0.0144
33.64              -0.0000          0.0000         -0.1334         -0.0140
33.66              -0.0000         -0.0000         -0.1341         -0.0137
33.68              -0.0000          0.0000         -0.1347         -0.0133
33.70               0.0000          0.0000         -0.1353         -0.0130
33.72               0.0000          0.0000         -0.1359         -0.0126
33.74               0.0000         -0.0000         -0.1365         -0.0122
33.76               0.0000         -0.0000         -0.1370         -0.0119
33.78              -0.0000         -0.0000         -0.1376         -0.0115
33.80              -0.0000          0.0000         -0.1381         -0.0111
33.82              -0.0000         -0.0000         -0.1387         -0.0108
33.84               0.0000          0.0000         -0.1392         -0.0104
33.86               0.0000          0.0000         -0.1397         -0.0100
33.88               0.0000          0.0000         -0.1402         -0.0096
33.90              -0.0000          0.0000         -0.1407         -0.0093
33.92              -0.0000         -0.0000         -0.1412         -0.0089
33.94              -0.0000          0.0000         -0.1417         -0.0085
33.96              -0.0000         -0.0000         -0.1421         -0.0081
33.98               0.0000          0.0000         -0.1426         -0.0077
34.00               0.0000          0.0000         -0.1430         -0.0074
34.02               0.0000         -0.0000         -0.1434         -0.0070
34.04              -0.0000          0.0000         -0.1438         -0.0066
34.06               0.0000         -0.0000         -0.1442         -0.0062
34.08               0.0000         -0.0000         -0.1446         -0.0058
34.10              -0.0000         -0.0000         -0.1450         -0.0054
34.12               0.0000          0.0000         -0.1453         -0.0050
34.14              -0.0000         -0.0000         -0.1457         -0.0046
34.16              -0.0000         -0.0000         -0.1460         -0.0043
34.18              -0.0000          0.0000         -0.1463         -0.0039
34.20               0.0000         -0.0000         -0.1466         -0.0035
34.22              -0.0000          0.0000         -0.1469         -0.0031
34.24              -0.0000         -0.0000         -0.1472         -0.0027
34.26              -0.0000         -0.0000         -0.1475         -0.0023
34.28               0.0000         -0.0000         -0.1478         -0.0019
34.30              -0.0000         -0.0000         -0.1480         -0.0015
34.32               0.0000         -0.0000         -0.1482         -0.0011
34.34              -0.0000          0.0000         -0.1485         -0.0007
34.36              -0.0000         -0.0000         -0.1487         -0.0003
34.38              -0.0000         -0.0000         -0.1489          0.0001
34.40               0.0000          0.0000         -0.1491          0.0005
34.42               0.0000         -0.0000         -0.1493          0.0009
34.44               0.0000         -0.0000         -0.1494          0.0013
34.46              -0.0000          0.0000         -0.1496          0.0017
34.48              -0.0000          0.0000         -0.1497          0.0021
34.50               0.0000          0.0000         -0.1499          0.0025
34.52               0.0000         -0.0000         -0.1500          0.0029
34.54               0.0000          0.0000         -0.1501          0.0033
34.56               0.0000          0.0000         -0.1502          0.0037
34.58               0.0000          0.0000         -0.1503          0.0040
34.60              -0.0000         -0.0000         -0.1503          0.0044
34.62              -0.0000          0.0000         -0.1504          0.0048
34.64               0.0000          0.0000         -0.1504          0.0052
34.66               0.0000         -0.0000         -0.1505          0.0056
34.68              -0.0000          0.0000         -0.1505          0.0060
34.70              -0.0000          0.0000         -0.1505          0.0064
34.72               0.0000          0.0000         -0.1505          0.0068
34.74              -0.0000         -0.0000         -0.1505          0.0072
34.76              -0.0000         -0.0000         -0.1504          0.0076
34.78               0.0000          0.0000         -0.1504          0.0080
34.80               0.0000          0.0000         -0.1504          0.0084
34.82              -0.0000          0.0000         -0.1503          0.0088
34.84               0.0000         -0.0000         -0.1502          0.0092
34.86              -0.0000          0.0000         -0.1501          0.0096
34.88              -0.0000          0.0000         -0.1500          0.0100
34.90              -0.0000          0.0000         -0.1499          0.0104
34.92              -0.0000         -0.0000         -0.1498          0.0108
34.94               0.0000          0.0000         -0.1496          0.0111
34.96              -0.0000         -0.0000         -0.1495          0.0115
34.98               0.0000          0.0000         -0.1493          0.0119
35.00               0.0000          0.0000         -0.1492          0.0123
35.02               0.0000          0.0000         -0.1490          0.0127
35.04               0.0000         -0.0000         -0.1488          0.0131
35.06               0.0000          0.0000         -0.1486          0.0135
35.08              -0.0000          0.0000         -0.1483          0.0138
35.10              -0.0000          0.0000         -0.1481          0.0142
35.12               0.0000          0.0000         -0.1479          0.0146
35.14              -0.0000          0.0000         -0.1476          0.0150
35.16               0.0000         -0.0000         -0.1473          0.0154
35.18              -0.0000          0.0000         -0.1471          0.0158
35.20              -0.0000          0.0000         -0.1468          0.0161
35.22               0.0000          0.0000         -0.1465          0.0165
35.24              -0.0000         -0.0000         -0.1461          0.0169
35.26              -0.0000         -0.0000         -0.1458          0.0173
35.28               0.0000          0.0000         -0.1455          0.0176
35.30              -0.0000         -0.0000         -0.1451          0.0180
35.32              -0.0000         -0.0000         -0.1447          0.0184
35.34               0.0000          0.0000         -0.1444          0.0187
35.36               0.0000          0.0000         -0.1440          0.0191
35.38              -0.0000         -0.0000         -0.1436          0.0195
35.40               0.0000         -0.0000         -0.1432          0.0198
35.42              -0.0000          0.0000         -0.1427          0.0202
35.44              -0.0000          0.0000         -0.1423          0.0206
35.46              -0.0000          0.0000         -0.1418          0.0209
35.48               0.0000          0.0000         -0.1414          0.0213
35.50              -0.0000          0.0000         -0.1409          0.0216
35.52               0.0000          0.0000         -0.1404          0.0220
35.54              -0.0000          0.0000         -0.1399          0.0224
35.56              -0.0000          0.0000         -0.1394          0.0227
35.58              -0.0000          0.0000         -0.1389          0.0231
35.60               0.0000          0.0000         -0.1384          0.0234
35.62              -0.0000         -0.0000         -0.1378          0.0238
35.64              -0.0000         -0.0000         -0.1373          0.0241
35.66              -0.0000         -0.0000         -0.1367          0.0245
35.68               0.0000         -0.0000         -0.1362          0.0248
35.70               0.0000         -0.0000         -0.1356          0.0251
35.72              -0.0000          0.0000         -0.1350          0.0255
35.74              -0.0000         -0.0000         -0.1344          0.0258
35.76              -0.0000          0.0000         -0.1338          0.0262
35.78              -0.0000          0.0000         -0.1331          0.0265
35.80               0.0000          0.0000         -0.1325          0.0268
35.82               0.0000          0.0000         -0.1318          0.0272
35.84               0.0000          0.0000         -0.1312          0.0275
35.86               0.0000          0.0000         -0.1305          0.0278
35.88              -0.0000         -0.0000         -0.1298          0.0281
35.90              -0.0000         -0.0000         -0.1291          0.0285
35.92              -0.0000          0.0000         -0.1284          0.0288
35.94              -0.0000         -0.0000         -0.1277          0.0291
35.96              -0.0000          0.0000         -0.1270          0.0294
35.98               0.0000          0.0000         -0.1263          0.0298
36.00               0.0000         -0.0000         -0.1255          0.0301
36.02               0.0000          0.0000         -0.1248          0.0304
36.04               0.0000         -0.0000         -0.1240          0.0307
36.06               0.0000          0.0000         -0.1232          0.0310
36.08               0.0000          0.0000         -0.1225          0.0313
36.10               0.0000         -0.0000         -0.1217          0.0316
36.12              -0.0000         -0.0000         -0.1209          0.0319
36.14              -0.0000          0.0000         -0.1201          0.0322
36.16               0.0000         -0.0000         -0.1192          0.0325
36.18               0.0000         -0.0000         -0.1184          0.0328
36.20              -0.0000          0.0000         -0.1176          0.0331
36.22              -0.0000          0.0000         -0.1167          0.0334
36.24              -0.0000         -0.0000         -0.1159          0.0337
36.26               0.0000          0.0000         -0.1150          0.0340
36.28               0.0000          0.0000         -0.1141          0.0343
36.30               0.0000          0.0000         -0.1132          0.0346
36.32               0.0000         -0.0000         -0.1123          0.0348
36.34              -0.0000         -0.0000         -0.1114          0.0351
36.36              -0.0000         -0.0000         -0.1105          0.0354
36.38              -0.0000          0.0000         -0.1096          0.0357
36.40               0.0000         -0.0000         -0.1087          0.0359
36.42              -0.0000         -0.0000         -0.1077          0.0362
36.44              -0.0000          0.0000         -0.1068          0.0365
36.46              -0.0000         -0.0000         -0.1058          0.0367
36.48              -0.0000         -0.0000         -0.1049          0.0370
36.50              -0.0000         -0.0000         -0.1039          0.0373
36.52              -0.0000         -0.0000         -0.1029          0.0375
36.54              -0.0000          0.0000         -0.1019          0.0378
36.56               0.0000         -0.0000         -0.1009          0.0380
36.58              -0.0000         -0.0000         -0.0999          0.0383
36.60              -0.0000         -0.0000         -0.0989          0.0385
36.62              -0.0000          0.0000         -0.0979          0.0388
36.64               0.0000         -0.0000         -0.0968          0.0390
36.66              -0.0000          0.0000         -0.0958          0.0392
36.68               0.0000         -0.0000         -0.0948          0.0395
36.70              -0.0000          0.0000         -0.0937          0.0397
36.72               0.0000         -0.0000         -0.0927          0.0399
36.74              -0.0000         -0.0000         -0.0916          0.0402
36.76              -0.0000         -0.0000         -0.0905          0.0404
36.78              -0.0000         -0.0000         -0.0894          0.0406
36.80              -0.0000         -0.0000         -0.0883          0.0408
36.82              -0.0000          0.0000         -0.0873          0.0410
36.84               0.0000         -0.0000         -0.0861          0.0412
36.86               0.0000         -0.0000         -0.0850          0.0415
36.88              -0.0000          0.0000         -0.0839          0.0417
36.90               0.0000         -0.0000         -0.0828          0.0419
36.92               0.0000         -0.0000         -0.0817          0.0421
36.94              -0.0000          0.0000         -0.0805          0.0422
36.96              -0.0000          0.0000         -0.0794          0.0424
36.98               0.0000          0.0000         -0.0782          0.0426
37.00              -0.0000          0.0000         -0.0771          0.0428
37.02              -0.0000          0.0000         -0.0759          0.0430
37.04               0.0000          0.0000         -0.0748          0.0432
37.06               0.0000         -0.0000         -0.0736          0.0433
37.08               0.0000         -0.0000         -0.0724          0.0435
37.10              -0.0000          0.0000         -0.0712          0.0437
37.12               0.0000         -0.0000         -0.0700          0.0438
37.14              -0.0000          0.0000         -0.0688          0.0440
37.16              -0.0000          0.0000         -0.0676          0.0441
37.18              -0.0000         -0.0000         -0.0664          0.0443
37.20               0.0000         -0.0000         -0.0652          0.0444
37.22               0.0000          0.0000         -0.0640          0.0446
37.24              -0.0000         -0.0000         -0.0628          0.0447
37.26               0.0000         -0.0000         -0.0615          0.0449
37.28               0.0000         -0.0000         -0.0603          0.0450
37.30              -0.0000          0.0000         -0.0591          0.0451
37.32              -0.0000          0.0000         -0.0578          0.0452
37.34              -0.0000          0.0000         -0.0566          0.0454
37.36               0.0000         -0.0000         -0.0553          0.0455
37.38               0.0000          0.0000         -0.0541          0.0456
37.40              -0.0000         -0.0000         -0.0528          0.0457
37.42              -0.0000         -0.0000         -0.0516          0.0458
37.44              -0.0000          0.0000         -0.0503          0.0459
37.46              -0.0000         -0.0000         -0.0490          0.0460
37.48              -0.0000         -0.0000         -0.0477          0.0461
37.50              -0.0000          0.0000         -0.0465          0.0462
37.52              -0.0000          0.0000         -0.0452          0.0463
37.54              -0.0000          0.0000         -0.0439          0.0463
37.56               0.0000         -0.0000         -0.0426          0.0464
37.58              -0.0000         -0.0000         -0.0413          0.0465
37.60               0.0000          0.0000         -0.0400          0.0465
37.62              -0.0000         -0.0000         -0.0387          0.0466
37.64              -0.0000          0.0000         -0.0374          0.0467
37.66               0.0000          0.0000         -0.0361          0.0467
37.68               0.0000          0.0000         -0.0348          0.0468
37.70              -0.0000          0.0000         -0.0335          0.0468
37.72               0.0000          0.0000         -0.0322          0.0469
37.74               0.0000         -0.0000         -0.0309          0.0469
37.76               0.0000         -0.0000         -0.0296          0.0469
37.78              -0.0000          0.0000         -0.0282          0.0470
37.80              -0.0000          0.0000         -0.0269          0.0470
37.82               0.0000          0.0000         -0.0256          0.0470
37.84               0.0000          0.0000         -0.0243          0.0470
37.86               0.0000         -0.0000         -0.0230          0.0470
37.88               0.0000         -0.0000         -0.0216          0.0470
37.90               0.0000          0.0000         -0.0203          0.0471
37.92               0.0000         -0.0000         -0.0190          0.0471
37.94               0.0000         -0.0000         -0.0176          0.0471
37.96               0.0000         -0.0000         -0.0163          0.0470
37.98              -0.0000         -0.0000         -0.0150          0.0470
38.00              -0.0000          0.0000         -0.0136          0.0470
38.02               0.0000          0.0000         -0.0123          0.0470
38.04               0.0000          0.0000         -0.0110          0.0470
38.06               0.0000         -0.0000         -0.0096          0.0469
38.08              -0.0000         -0.0000         -0.0083          0.0469
38.10               0.0000          0.0000         -0.0069          0.0469
38.12               0.0000         -0.0000         -0.0056          0.0468
38.14              -0.0000          0.0000         -0.0043          0.0468
38.16               0.0000          0.0000         -0.0029          0.0467
38.18              -0.0000          0.0000         -0.0016          0.0467
38.20               0.0000         -0.0000         -0.0003          0.0466
38.22               0.0000         -0.0000          0.0011          0.0466
38.24              -0.0000          0.0000          0.0024          0.0465
38.26               0.0000          0.0000          0.0038          0.0465
38.28               0.0000         -0.0000          0.0051          0.0464
38.30              -0.0000          0.0000          0.0064          0.0463
38.32               0.0000         -0.0000          0.0078          0.0462
38.34               0.0000          0.0000          0.0091          0.0462
38.36              -0.0000          0.0000          0.0104          0.0461
38.38               0.0000          0.0000          0.0118          0.0460
38.40              -0.0000          0.0000          0.0131          0.0459
38.42               0.0000         -0.0000          0.0144          0.0458
38.44              -0.0000         -0.0000          0.0158          0.0457
38.46               0.0000          0.0000          0.0171          0.0456
38.48               0.0000         -0.0000          0.0184          0.0455
38.50               0.0000         -0.0000          0.0198          0.0454
38.52              -0.0000          0.0000          0.0211          0.0453
38.54              -0.0000         -0.0000          0.0224          0.0451
38.56               0.0000          0.0000          0.0237          0.0450
38.58               0.0000         -0.0000          0.0250          0.0449
38.60              -0.0000          0.0000          0.0264          0.0448
38.62               0.0000         -0.0000          0.0277          0.0446
38.64               0.0000         -0.0000          0.0290          0.0445
38.66               0.0000         -0.0000          0.0303          0.0444
38.68              -0.0000         -0.0000          0.0316          0.0442
38.70               0.0000         -0.0000          0.0329          0.0441
38.72               0.0000          0.0000          0.0342          0.0439
38.74              -0.0000         -0.0000          0.0355          0.0438
38.76              -0.0000          0.0000          0.0368          0.0436
38.78              -0.0000         -0.0000          0.0381          0.0435
38.80              -0.0000          0.0000          0.0394          0.0433
38.82               0.0000          0.0000          0.0407          0.0431
38.84              -0.0000          0.0000          0.0420          0.0430
38.86              -0.0000          0.0000          0.0432          0.0428
38.88               0.0000         -0.0000          0.0445          0.0426
38.90              -0.0000         -0.0000          0.0458          0.0424
38.92              -0.0000         -0.0000          0.0471          0.0422
38.94              -0.0000          0.0000          0.0483          0.0421
38.96              -0.0000         -0.0000          0.0496          0.0419
38.98               0.0000         -0.0000          0.0508          0.0417
39.00              -0.0000          0.0000          0.0521          0.0415
39.02               0.0000          0.0000          0.0533          0.0413
39.04               0.0000         -0.0000          0.0546          0.0411
39.06               0.0000         -0.0000          0.0558          0.0409
39.08              -0.0000          0.0000          0.0571          0.0407
39.10               0.0000         -0.0000          0.0583          0.0405
39.12              -0.0000          0.0000          0.0595          0.0402
39.14              -0.0000          0.0000          0.0607          0.0400
39.16               0.0000         -0.0000          0.0619          0.0398
39.18               0.0000          0.0000          0.0632          0.0396
39.20               0.0000          0.0000          0.0644          0.0393
39.22               0.0000         -0.0000          0.0656          0.0391
39.24               0.0000         -0.0000          0.0668          0.0389
39.26               0.0000         -0.0000          0.0679          0.0386
39.28               0.0000         -0.0000          0.0691          0.0384
39.30               0.0000          0.0000          0.0703          0.0382
39.32               0.0000          0.0000          0.0715          0.0379
39.34              -0.0000         -0.0000          0.0726          0.0377
39.36              -0.0000         -0.0000          0.0738          0.0374
39.38               0.0000         -0.0000          0.0749          0.0371
39.40              -0.0000         -0.0000          0.0761          0.0369
39.42              -0.0000         -0.0000          0.0772          0.0366
39.44              -0.0000          0.0000          0.0784          0.0363
39.46              -0.0000         -0.0000          0.0795          0.0361
39.48              -0.0000          0.0000          0.0806          0.0358
39.50              -0.0000          0.0000          0.0817          0.0355
39.52              -0.0000          0.0000          0.0828          0.0352
39.54               0.0000         -0.0000          0.0839          0.0350
39.56               0.0000         -0.0000          0.0850          0.0347
39.58               0.0000         -0.0000          0.0861          0.0344
39.60              -0.0000         -0.0000          0.0872          0.0341
39.62              -0.0000         -0.0000          0.0883          0.0338
39.64               0.0000          0.0000          0.0893          0.0335
39.66               0.0000          0.0000          0.0904          0.0332
39.68              -0.0000         -0.0000          0.0914          0.0329
39.70               0.0000          0.0000          0.0925          0.0325
39.72               0.0000          0.0000          0.0935          0.0322
39.74               0.0000         -0.0000          0.0946          0.0319
39.76               0.0000          0.0000          0.0956          0.0316
39.78               0.0000          0.0000          0.0966          0.0313
39.80               0.0000         -0.0000          0.0976          0.0309
39.82               0.0000          0.0000          0.0986          0.0306
39.84               0.0000         -0.0000          0.0996          0.0303
39.86               0.0000          0.0000          0.1006          0.0299
39.88               0.0000         -0.0000          0.1015          0.0296
39.90              -0.0000          0.0000          0.1025          0.0292
39.92              -0.0000         -0.0000          0.1034          0.0289
39.94              -0.0000          0.0000          0.1044          0.0285
39.96              -0.0000         -0.0000          0.1053          0.0282
39.98               0.0000         -0.0000          0.1063          0.0278
40.00               0.0000         -0.0000          0.1072          0.0275
40.02              -0.0000         -0.0000          0.1081          0.0271
40.04               0.0000         -0.0000          0.1090          0.0267
40.06              -0.0000         -0.0000          0.1099          0.0264
40.08               0.0000          0.0000          0.1108          0.0260
40.10              -0.0000         -0.0000          0.1117          0.0256
40.12              -0.0000          0.0000          0.1125          0.0252
40.14               0.0000         -0.0000          0.1134          0.0249
40.16               0.0000          0.0000          0.1142          0.0245
40.18              -0.0000         -0.0000          0.1151          0.0241
40.20              -0.0000         -0.0000          0.1159          0.0237
40.22              -0.0000         -0.0000          0.1167          0.0233
40.24               0.0000          0.0000          0.1175          0.0229
40.26               0.0000         -0.0000          0.1183          0.0225
40.28               0.0000         -0.0000          0.1191          0.0221
40.30              -0.0000          0.0000          0.1199          0.0217
40.32              -0.0000          0.0000          0.1207          0.0213
40.34               0.0000         -0.0000          0.1214          0.0209
40.36              -0.0000          0.0000          0.1222          0.0205
40.38               0.0000          0.0000          0.1229          0.0201
40.40               0.0000         -0.0000          0.1237          0.0197
40.42               0.0000         -0.0000          0.1244          0.0192
40.44               0.0000         -0.0000          0.1251          0.0188
40.46               0.0000         -0.0000          0.1258          0.0184
40.48               0.0000         -0.0000          0.1265          0.0180
40.50              -0.0000         -0.0000          0.1272          0.0176
40.52              -0.0000         -0.0000          0.1279          0.0171
40.54              -0.0000          0.0000          0.1285          0.0167
40.56               0.0000          0.0000          0.1292          0.0163
40.58              -0.0000          0.0000          0.1298          0.0158
40.60              -0.0000          0.0000          0.1304          0.0154
40.62               0.0000          0.0000          0.1311          0.0150
40.64              -0.0000         -0.0000          0.1317          0.0145
40.66               0.0000         -0.0000          0.1323          0.0141
40.68               0.0000          0.0000          0.1329          0.0137
40.70              -0.0000          0.0000          0.1334          0.0132
40.72               0.0000          0.0000          0.1340          0.0128
40.74              -0.0000          0.0000          0.1345          0.0123
40.76              -0.0000          0.0000          0.1351          0.0119
40.78              -0.0000          0.0000          0.1356          0.0115
40.80               0.0000          0.0000          0.1361          0.0110
40.82              -0.0000          0.0000          0.1367          0.0106
40.84              -0.0000         -0.0000          0.1371          0.0101
40.86              -0.0000         -0.0000          0.1376          0.0097
40.88               0.0000          0.0000          0.1381          0.0092
40.90              -0.0000         -0.0000          0.1386          0.0088
40.92              -0.0000          0.0000          0.1390          0.0083
40.94              -0.0000         -0.0000          0.1395          0.0079
40.96               0.0000         -0.0000          0.1399          0.0074
40.98              -0.0000          0.0000          0.1403          0.0070
41.00               0.0000          0.0000          0.1407          0.0065
41.02               0.0000         -0.0000          0.1411          0.0060
41.04              -0.0000          0.0000          0.1415          0.0056
41.06              -0.0000         -0.0000          0.1419          0.0051
41.08              -0.0000          0.0000          0.1422          0.0047
41.10               0.0000         -0.0000          0.1426          0.0042
41.12              -0.0000         -0.0000          0.1429          0.0038
41.14              -0.0000         -0.0000          0.1432          0.0033
41.16              -0.0000          0.0000          0.1435          0.0029
41.18              -0.0000          0.0000          0.1438          0.0024
41.20              -0.0000         -0.0000          0.1441          0.0020
41.22               0.0000          0.0000          0.1444          0.0015
41.24              -0.0000          0.0000          0.1447          0.0010
41.26              -0.0000         -0.0000          0.1449          0.0006
41.28              -0.0000          0.0000          0.1452          0.0001
41.30              -0.0000          0.0000          0.1454         -0.0003
41.32               0.0000          0.0000          0.1456         -0.0008
41.34               0.0000          0.0000          0.1458         -0.0012
41.36               0.0000          0.0000          0.1460         -0.0017
41.38               0.0000         -0.0000          0.1462         -0.0021
41.40               0.0000         -0.0000          0.1463         -0.0026
41.42              -0.0000         -0.0000          0.1465         -0.0030
41.44               0.0000         -0.0000          0.1466         -0.0035
41.46              -0.0000         -0.0000          0.1468         -0.0040
41.48              -0.0000          0.0000          0.1469         -0.0044
41.50              -0.0000          0.0000          0.1470         -0.0049
41.52               0.0000          0.0000          0.1471         -0.0053
41.54              -0.0000         -0.0000          0.1472         -0.0058
41.56               0.0000          0.0000          0.1472         -0.0062
41.58              -0.0000          0.0000          0.1473         -0.0067
41.60              -0.0000          0.0000          0.1473         -0.0071
41.62              -0.0000         -0.0000          0.1474         -0.0076
41.64              -0.0000         -0.0000          0.1474         -0.0080
41.66               0.0000         -0.0000          0.1474         -0.0085
41.68               0.0000         -0.0000          0.1474         -0.0089
41.70               0.0000         -0.0000          0.1474         -0.0094
41.72              -0.0000         -0.0000          0.1473         -0.0098
41.74              -0.0000         -0.0000          0.1473         -0.0103
41.76               0.0000         -0.0000          0.1473         -0.0107
41.78               0.0000         -0.0000          0.1472         -0.0112
41.80              -0.0000         -0.0000          0.1471         -0.0116
41.82               0.0000          0.0000          0.1470         -0.0120
41.84              -0.0000         -0.0000          0.1469         -0.0125
41.86              -0.0000         -0.0000          0.1468         -0.0129
41.88              -0.0000         -0.0000          0.1467         -0.0134
41.90              -0.0000         -0.0000          0.1466         -0.0138
41.92               0.0000          0.0000          0.1464         -0.0143
41.94               0.0000          0.0000          0.1462         -0.0147
41.96              -0.0000          0.0000          0.1461         -0.0151
41.98              -0.0000         -0.0000          0.1459         -0.0156
42.00              -0.0000         -0.0000          0.1457         -0.0160
42.02               0.0000          0.0000          0.1455         -0.0165
42.04              -0.0000         -0.0000          0.1453         -0.0169
42.06               0.0000         -0.0000          0.1450         -0.0173
42.08               0.0000         -0.0000          0.1448         -0.0178
42.10              -0.0000         -0.0000          0.1445         -0.0182
42.12               0.0000          0.0000          0.1443         -0.0187
42.14               0.0000          0.0000          0.1440         -0.0191
42.16               0.0000          0.0000          0.1437         -0.0195
42.18              -0.0000         -0.0000          0.1434         -0.0200
42.20               0.0000         -0.0000          0.1431         -0.0204
42.22              -0.0000         -0.0000          0.1428         -0.0208
42.24              -0.0000          0.0000          0.1424         -0.0213
42.26              -0.0000          0.0000          0.1421         -0.0217
42.28               0.0000         -0.0000          0.1417         -0.0221
42.30              -0.0000         -0.0000          0.1414         -0.0226
42.32               0.0000         -0.0000          0.1410         -0.0230
42.34              -0.0000         -0.0000          0.1406         -0.0234
42.36               0.0000          0.0000          0.1402         -0.0238
42.38               0.0000          0.0000          0.1398         -0.0243
42.40               0.0000          0.0000          0.1394         -0.0247
42.42              -0.0000          0.0000          0.1389         -0.0251
42.44               0.0000          0.0000          0.1385         -0.0255
42.46               0.0000         -0.0000          0.1380         -0.0260
42.48              -0.0000          0.0000          0.1376         -0.0264
42.50               0.0000         -0.0000          0.1371         -0.0268
42.52              -0.0000         -0.0000          0.1366         -0.0272
42.54               0.0000          0.0000          0.1361         -0.0276
42.56               0.0000          0.0000          0.1356         -0.0280
42.58               0.0000          0.0000          0.1351         -0.0285
42.60               0.0000         -0.0000          0.1345         -0.0289
42.62              -0.0000          0.0000          0.1340         -0.0293
42.64               0.0000         -0.0000          0.1334         -0.0297
42.66              -0.0000         -0.0000          0.1329         -0.0301
42.68              -0.0000         -0.0000          0.1323         -0.0305
42.70              -0.0000         -0.0000          0.1317         -0.0309
42.72              -0.0000          0.0000          0.1311         -0.0313
42.74              -0.0000         -0.0000          0.1305         -0.0317
42.76               0.0000          0.0000          0.1299         -0.0321
42.78               0.0000         -0.0000          0.1292         -0.0325
42.80               0.0000          0.0000          0.1286         -0.0329
42.82              -0.0000          0.0000          0.1280         -0.0333
42.84              -0.0000          0.0000          0.1273         -0.0337
42.86              -0.0000         -0.0000          0.1266         -0.0341
42.88              -0.0000          0.0000          0.1260         -0.0344
42.90              -0.0000          0.0000          0.1253         -0.0348
42.92              -0.0000         -0.0000          0.1246         -0.0352
42.94              -0.0000          0.0000          0.1239         -0.0356
42.96               0.0000         -0.0000          0.1231         -0.0360
42.98              -0.0000          0.0000          0.1224         -0.0363
43.00               0.0000         -0.0000          0.1217         -0.0367
43.02               0.0000         -0.0000          0.1209         -0.0371
43.04              -0.0000          0.0000          0.1202         -0.0374
43.06              -0.0000          0.0000          0.1194         -0.0378
43.08               0.0000          0.0000          0.1186         -0.0381
43.10               0.0000          0.0000          0.1178         -0.0385
43.12              -0.0000         -0.0000          0.1170         -0.0388
43.14              -0.0000          0.0000          0.1162         -0.0392
43.16               0.0000          0.0000          0.1154         -0.0395
43.18               0.0000          0.0000          0.1146         -0.0399
43.20              -0.0000         -0.0000          0.1137         -0.0402
43.22              -0.0000          0.0000          0.1129         -0.0405
43.24               0.0000          0.0000          0.1120         -0.0409
43.26              -0.0000          0.0000          0.1112         -0.0412
43.28               0.0000          0.0000          0.1103         -0.0415
43.30               0.0000          0.0000          0.1094         -0.0418
43.32               0.0000         -0.0000          0.1085         -0.0422
43.34              -0.0000          0.0000          0.1076         -0.0425
43.36               0.0000         -0.0000          0.1067         -0.0428
43.38              -0.0000         -0.0000          0.1058         -0.0431
43.40               0.0000         -0.0000          0.1049         -0.0434
43.42               0.0000         -0.0000          0.1039         -0.0437
43.44              -0.0000          0.0000          0.1030         -0.0440
43.46               0.0000         -0.0000          0.1021         -0.0443
43.48               0.0000          0.0000          0.1011         -0.0446
43.50              -0.0000          0.0000          0.1001         -0.0448
43.52              -0.0000         -0.0000          0.0992         -0.0451
43.54              -0.0000          0.0000          0.0982         -0.0454
43.56              -0.0000          0.0000          0.0972         -0.0457
43.58               0.0000         -0.0000          0.0962         -0.0459
43.60              -0.0000          0.0000          0.0952         -0.0462
43.62              -0.0000          0.0000          0.0942         -0.0464
43.64              -0.0000         -0.0000          0.0931         -0.0467
43.66               0.0000          0.0000          0.0921         -0.0469
43.68              -0.0000          0.0000          0.0911         -0.0472
43.70               0.0000         -0.0000          0.0900         -0.0474
43.72              -0.0000          0.0000          0.0890         -0.0477
43.74              -0.0000         -0.0000          0.0879         -0.0479
43.76              -0.0000         -0.0000          0.0869         -0.0481
43.78               0.0000          0.0000          0.0858         -0.0484
43.80               0.0000         -0.0000          0.0847         -0.0486
43.82              -0.0000         -0.0000          0.0836         -0.0488
43.84               0.0000         -0.0000          0.0825         -0.0490
43.86               0.0000          0.0000          0.0814         -0.0492
43.88              -0.0000          0.0000          0.0803         -0.0494
43.90              -0.0000         -0.0000          0.0792         -0.0496
43.92              -0.0000         -0.0000          0.0781         -0.0498
43.94               0.0000          0.0000          0.0770         -0.0500
43.96               0.0000         -0.0000          0.0758         -0.0502
43.98              -0.0000          0.0000          0.0747         -0.0504
44.00               0.0000          0.0000          0.0736         -0.0505
44.02              -0.0000          0.0000          0.0724         -0.0507
44.04               0.0000          0.0000          0.0713         -0.0509
44.06              -0.0000         -0.0000          0.0701         -0.0511
44.08               0.0000         -0.0000          0.0689         -0.0512
44.10              -0.0000         -0.0000          0.0678         -0.0514
44.12               0.0000         -0.0000          0.0666         -0.0515
44.14               0.0000          0.0000          0.0654         -0.0517
44.16               0.0000          0.0000          0.0642         -0.0518
44.18               0.0000         -0.0000          0.0630         -0.0520
44.20              -0.0000          0.0000          0.0619         -0.0521
44.22              -0.0000          0.0000          0.0607         -0.0522
44.24              -0.0000          0.0000          0.0595         -0.0524
44.26               0.0000          0.0000          0.0582         -0.0525
44.28              -0.0000          0.0000          0.0570         -0.0526
44.30               0.0000         -0.0000          0.0558         -0.0527
44.32              -0.0000         -0.0000          0.0546         -0.0529
44.34              -0.0000         -0.0000          0.0534         -0.0530
44.36               0.0000         -0.0000          0.0521         -0.0531
44.38               0.0000         -0.0000          0.0509         -0.0532
44.40               0.0000         -0.0000          0.0497         -0.0533
44.42               0.0000          0.0000          0.0484         -0.0534
44.44               0.0000          0.0000          0.0472         -0.0535
44.46               0.0000          0.0000          0.0459         -0.0536
44.48               0.0000         -0.0000          0.0447         -0.0536
44.50              -0.0000         -0.0000          0.0434         -0.0537
44.52               0.0000         -0.0000          0.0422         -0.0538
44.54              -0.0000         -0.0000          0.0409         -0.0539
44.56              -0.0000         -0.0000          0.0396         -0.0539
44.58              -0.0000          0.0000          0.0384         -0.0540
44.60              -0.0000          0.0000          0.0371         -0.0541
44.62               0.0000          0.0000          0.0358         -0.0541
44.64              -0.0000          0.0000          0.0346         -0.0542
44.66              -0.0000          0.0000          0.0333         -0.0542
44.68               0.0000          0.0000          0.0320         -0.0543
44.70               0.0000         -0.0000          0.0307         -0.0543
44.72              -0.0000          0.0000          0.0294         -0.0544
44.74              -0.0000         -0.0000          0.0281         -0.0544
44.76              -0.0000         -0.0000          0.0269         -0.0544
44.78              -0.0000         -0.0000          0.0256         -0.0545
44.80              -0.0000          0.0000          0.0243         -0.0545
44.82               0.0000         -0.0000          0.0230         -0.0545
44.84              -0.0000         -0.0000          0.0217         -0.0545
44.86               0.0000         -0.0000          0.0204         -0.0545
44.88               0.0000          0.0000          0.0191         -0.0545
44.90              -0.0000         -0.0000          0.0178         -0.0545
44.92              -0.0000          0.0000          0.0165         -0.0545
44.94              -0.0000         -0.0000          0.0152         -0.0545
44.96               0.0000          0.0000          0.0139         -0.0545
44.98              -0.0000         -0.0000          0.0126         -0.0545
45.00              -0.0000          0.0000          0.0113         -0.0545
45.02              -0.0000          0.0000          0.0100         -0.0545
45.04              -0.0000          0.0000          0.0086         -0.0544
45.06               0.0000          0.0000          0.0073         -0.0544
45.08               0.0000          0.0000          0.0060         -0.0544
45.10               0.0000         -0.0000          0.0047         -0.0543
45.12              -0.0000         -0.0000          0.0034         -0.0543
45.14               0.0000          0.0000          0.0021         -0.0542
45.16               0.0000          0.0000          0.0008         -0.0542
45.18               0.0000         -0.0000         -0.0005         -0.0541
45.20              -0.0000          0.0000         -0.0018         -0.0540
45.22              -0.0000          0.0000         -0.0031         -0.0540
45.24               0.0000         -0.0000         -0.0044         -0.0539
45.26               0.0000          0.0000         -0.0057         -0.0538
45.28              -0.0000          0.0000         -0.0071         -0.0537
45.30               0.0000         -0.0000         -0.0084         -0.0537
45.32              -0.0000         -0.0000         -0.0097         -0.0536
45.34              -0.0000         -0.0000         -0.0110         -0.0535
45.36              -0.0000         -0.0000         -0.0123         -0.0534
45.38               0.0000          0.0000         -0.0136         -0.0533
45.40               0.0000          0.0000         -0.0149         -0.0531
45.42               0.0000         -0.0000         -0.0162         -0.0530
45.44              -0.0000         -0.0000         -0.0175         -0.0529
45.46               0.0000         -0.0000         -0.0188         -0.0528
45.48               0.0000         -0.0000         -0.0201         -0.0527
45.50               0.0000         -0.0000         -0.0214         -0.0525
45.52               0.0000         -0.0000         -0.0226         -0.0524
45.54               0.0000          0.0000         -0.0239         -0.0522
45.56               0.0000         -0.0000         -0.0252         -0.0521
45.58               0.0000          0.0000         -0.0265         -0.0519
45.60              -0.0000          0.0000         -0.0278         -0.0518
45.62               0.0000          0.0000         -0.0291         -0.0516
45.64               0.0000         -0.0000         -0.0303         -0.0514
45.66               0.0000         -0.0000         -0.0316         -0.0513
45.68               0.0000          0.0000         -0.0329         -0.0511
45.70               0.0000          0.0000         -0.0342         -0.0509
45.72               0.0000         -0.0000         -0.0354         -0.0507
45.74               0.0000         -0.0000         -0.0367         -0.0505
45.76               0.0000         -0.0000         -0.0380         -0.0503
45.78              -0.0000          0.0000         -0.0392         -0.0501
45.80              -0.0000          0.0000         -0.0405         -0.0499
45.82              -0.0000         -0.0000         -0.0417         -0.0497
45.84               0.0000         -0.0000         -0.0430         -0.0495
45.86               0.0000          0.0000         -0.0442         -0.0492
45.88              -0.0000         -0.0000         -0.0454         -0.0490
45.90               0.0000         -0.0000         -0.0467         -0.0488
45.92               0.0000          0.0000         -0.0479         -0.0485
45.94               0.0000          0.0000         -0.0491         -0.0483
45.96               0.0000          0.0000         -0.0504         -0.0481
45.98               0.0000         -0.0000         -0.0516         -0.0478
46.00               0.0000          0.0000         -0.0528         -0.0475
46.02              -0.0000          0.0000         -0.0540         -0.0473
46.04               0.0000          0.0000         -0.0552         -0.0470
46.06              -0.0000          0.0000         -0.0564         -0.0467
46.08              -0.0000          0.0000         -0.0576         -0.0465
46.10               0.0000         -0.0000         -0.0588         -0.0462
46.12               0.0000          0.0000         -0.0600         -0.0459
46.14               0.0000          0.0000         -0.0612         -0.0456
46.16              -0.0000          0.0000         -0.0624         -0.0453
46.18              -0.0000         -0.0000         -0.0635         -0.0450
46.20              -0.0000         -0.0000         -0.0647         -0.0447
46.22               0.0000          0.0000         -0.0659         -0.0444
46.24              -0.0000          0.0000         -0.0670         -0.0441
46.26               0.0000          0.0000         -0.0682         -0.0438
46.28              -0.0000          0.0000         -0.0693         -0.0435
46.30              -0.0000         -0.0000         -0.0705         -0.0432
46.32               0.0000          0.0000         -0.0716         -0.0429
46.34              -0.0000         -0.0000         -0.0727         -0.0425
46.36              -0.0000          0.0000         -0.0738         -0.0422
46.38               0.0000          0.0000         -0.0750         -0.0419
46.40              -0.0000         -0.0000         -0.0761         -0.0415
46.42              -0.0000          0.0000         -0.0772         -0.0412
46.44              -0.0000          0.0000         -0.0783         -0.0408
46.46               0.0000         -0.0000         -0.0794         -0.0405
46.48               0.0000          0.0000         -0.0804         -0.0402
46.50               0.0000         -0.0000         -0.0815         -0.0398
46.52               0.0000          0.0000         -0.0826         -0.0394
46.54               0.0000          0.0000         -0.0837         -0.0391
46.56               0.0000          0.0000         -0.0847         -0.0387
46.58              -0.0000          0.0000         -0.0858         -0.0383
46.60               0.0000          0.0000         -0.0868         -0.0380
46.62               0.0000         -0.0000         -0.0878         -0.0376
46.64              -0.0000          0.0000         -0.0889         -0.0372
46.66              -0.0000         -0.0000         -0.0899         -0.0368
46.68              -0.0000         -0.0000         -0.0909         -0.0365
46.70               0.0000          0.0000         -0.0919         -0.0361
46.72               0.0000         -0.0000         -0.0929         -0.0357
46.74               0.0000         -0.0000         -0.0939         -0.0353
46.76               0.0000         -0.0000         -0.0949         -0.0349
46.78               0.0000          0.0000         -0.0959         -0.0345
46.80               0.0000         -0.0000         -0.0968         -0.0341
46.82               0.0000          0.0000         -0.0978         -0.0337
46.84              -0.0000          0.0000         -0.0988         -0.0333
46.86              -0.0000         -0.0000         -0.0997         -0.0329
46.88              -0.0000         -0.0000         -0.1006         -0.0325
46.90              -0.0000         -0.0000         -0.1016         -0.0321
46.92              -0.0000         -0.0000         -0.1025         -0.0317
46.94               0.0000          0.0000         -0.1034         -0.0312
46.96               0.0000         -0.0000         -0.1043         -0.0308
46.98               0.0000          0.0000         -0.1052         -0.0304
47.00               0.0000         -0.0000         -0.1061         -0.0300
47.02               0.0000          0.0000         -0.1070         -0.0295
47.04               0.0000          0.0000         -0.1078         -0.0291
47.06               0.0000         -0.0000         -0.1087         -0.0287
47.08              -0.0000         -0.0000         -0.1095         -0.0282
47.10              -0.0000          0.0000         -0.1104         -0.0278
47.12              -0.0000          0.0000         -0.1112         -0.0274
47.14               0.0000         -0.0000         -0.1120         -0.0269
47.16               0.0000         -0.0000         -0.1129         -0.0265
47.18              -0.0000          0.0000         -0.1137         -0.0260
47.20               0.0000         -0.0000         -0.1145         -0.0256
47.22              -0.0000         -0.0000         -0.1152         -0.0251
47.24              -0.0000         -0.0000         -0.1160         -0.0247
47.26               0.0000         -0.0000         -0.1168         -0.0242
47.28              -0.0000          0.0000         -0.1175         -0.0238
47.30               0.0000          0.0000         -0.1183         -0.0233
47.32               0.0000          0.0000         -0.1190         -0.0228
47.34               0.0000         -0.0000         -0.1198         -0.0224
47.36              -0.0000         -0.0000         -0.1205         -0.0219
47.38              -0.0000          0.0000         -0.1212         -0.0214
47.40               0.0000         -0.0000         -0.1219         -0.0210
47.42              -0.0000         -0.0000         -0.1226         -0.0205
47.44               0.0000         -0.0000         -0.1232         -0.0200
47.46              -0.0000         -0.0000         -0.1239         -0.0195
47.48              -0.0000          0.0000         -0.1246         -0.0190
47.50               0.0000         -0.0000         -0.1252         -0.0186
47.52               0.0000         -0.0000         -0.1259         -0.0181
47.54              -0.0000         -0.0000         -0.1265         -0.0176
47.56               0.0000          0.0000         -0.1271         -0.0171
47.58              -0.0000          0.0000         -0.1277         -0.0166
47.60               0.0000         -0.0000         -0.1283         -0.0161
47.62               0.0000         -0.0000         -0.1289         -0.0156
47.64               0.0000         -0.0000         -0.1295         -0.0151
47.66               0.0000         -0.0000         -0.1300         -0.0146
47.68               0.0000          0.0000         -0.1306         -0.0141
47.70              -0.0000          0.0000         -0.1311         -0.0136
47.72              -0.0000         -0.0000         -0.1317         -0.0131
47.74              -0.0000          0.0000         -0.1322         -0.0126
47.76              -0.0000         -0.0000         -0.1327         -0.0121
47.78              -0.0000         -0.0000         -0.1332         -0.0116
47.80              -0.0000          0.0000         -0.1337         -0.0111
47.82              -0.0000          0.0000         -0.1342         -0.0106
47.84               0.0000         -0.0000         -0.1346         -0.0100
47.86              -0.0000          0.0000         -0.1351         -0.0095
47.88               0.0000          0.0000         -0.1355         -0.0090
47.90               0.0000         -0.0000         -0.1359         -0.0085
47.92               0.0000          0.0000         -0.1364         -0.0080
47.94               0.0000          0.0000         -0.1368         -0.0075
47.96              -0.0000         -0.0000         -0.1372         -0.0069
47.98               0.0000         -0.0000         -0.1376         -0.0064
48.00               0.0000          0.0000         -0.1379         -0.0059
48.02               0.0000          0.0000         -0.1383         -0.0054
48.04               0.0000         -0.0000         -0.1387         -0.0048
48.06               0.0000         -0.0000         -0.1390         -0.0043
48.08               0.0000         -0.0000         -0.1393         -0.0038
48.10               0.0000          0.0000         -0.1396         -0.0032
48.12               0.0000          0.0000         -0.1400         -0.0027
48.14               0.0000          0.0000         -0.1403         -0.0022
48.16              -0.0000          0.0000         -0.1405         -0.0016
48.18              -0.0000         -0.0000         -0.1408         -0.0011
48.20              -0.0000         -0.0000         -0.1411         -0.0006
48.22              -0.0000          0.0000         -0.1413         -0.0000
48.24               0.0000         -0.0000         -0.1416          0.0005
48.26               0.0000          0.0000         -0.1418          0.0010
48.28               0.0000          0.0000         -0.1420          0.0016
48.30               0.0000          0.0000         -0.1422          0.0021
48.32              -0.0000         -0.0000         -0.1424          0.0027
48.34              -0.0000         -0.0000         -0.1426          0.0032
48.36               0.0000          0.0000         -0.1427          0.0037
48.38              -0.0000         -0.0000         -0.1429          0.0043
48.40               0.0000          0.0000         -0.1430          0.0048
48.42              -0.0000         -0.0000         -0.1432          0.0053
48.44               0.0000         -0.0000         -0.1433          0.0059
48.46              -0.0000          0.0000         -0.1434          0.0064
48.48               0.0000         -0.0000         -0.1435          0.0070
48.50               0.0000          0.0000         -0.1436          0.0075
48.52               0.0000         -0.0000         -0.1437          0.0080
48.54               0.0000          0.0000         -0.1437          0.0086
48.56              -0.0000         -0.0000         -0.1438          0.0091
48.58               0.0000          0.0000         -0.1438          0.0096
48.60               0.0000         -0.0000         -0.1438          0.0102
48.62              -0.0000         -0.0000         -0.1438          0.0107
48.64               0.0000         -0.0000         -0.1438          0.0112
48.66               0.0000          0.0000         -0.1438          0.0118
48.68              -0.0000         -0.0000         -0.1438          0.0123
48.70               0.0000          0.0000         -0.1438          0.0128
48.72              -0.0000         -0.0000         -0.1437          0.0134
48.74               0.0000         -0.0000         -0.1437          0.0139
48.76               0.0000          0.0000         -0.1436          0.0144
48.78               0.0000         -0.0000         -0.1435          0.0149
48.80               0.0000          0.0000         -0.1435          0.0155
48.82              -0.0000         -0.0000         -0.1434          0.0160
48.84               0.0000          0.0000         -0.1432          0.0165
48.86               0.0000          0.0000         -0.1431          0.0170
48.88               0.0000          0.0000         -0.1430          0.0176
48.90               0.0000          0.0000         -0.1428          0.0181
48.92               0.0000         -0.0000         -0.1427          0.0186
48.94              -0.0000         -0.0000         -0.1425          0.0191
48.96              -0.0000         -0.0000         -0.1423          0.0196
48.98               0.0000          0.0000         -0.1421          0.0201
49.00              -0.0000          0.0000         -0.1419          0.0207
49.02               0.0000         -0.0000         -0.1417          0.0212
49.04               0.0000          0.0000         -0.1415          0.0217
49.06               0.0000          0.0000         -0.1412          0.0222
49.08              -0.0000         -0.0000         -0.1410          0.0227
49.10              -0.0000         -0.0000         -0.1407          0.0232
49.12              -0.0000         -0.0000         -0.1404          0.0237
49.14              -0.0000         -0.0000         -0.1401          0.0242
49.16               0.0000         -0.0000         -0.1398          0.0247
49.18              -0.0000         -0.0000         -0.1395          0.0252
49.20               0.0000          0.0000         -0.1392          0.0257
49.22               0.0000          0.0000         -0.1389          0.0262
49.24              -0.0000          0.0000         -0.1385          0.0267
49.26              -0.0000         -0.0000         -0.1382          0.0272
49.28              -0.0000         -0.0000         -0.1378          0.0277
49.30               0.0000          0.0000         -0.1374          0.0281
49.32              -0.0000         -0.0000         -0.1371          0.0286
49.34               0.0000          0.0000         -0.1367          0.0291
49.36              -0.0000          0.0000         -0.1363          0.0296
49.38               0.0000         -0.0000         -0.1358          0.0301
49.40              -0.0000         -0.0000         -0.1354          0.0305
49.42               0.0000          0.0000         -0.1350          0.0310
49.44               0.0000          0.0000         -0.1345          0.0315
49.46              -0.0000         -0.0000         -0.1340          0.0319
49.48              -0.0000          0.0000         -0.1336          0.0324
49.50               0.0000          0.0000         -0.1331          0.0329
49.52               0.0000         -0.0000         -0.1326          0.0333
49.54               0.0000         -0.0000         -0.1321          0.0338
49.56               0.0000          0.0000         -0.1316          0.0343
49.58              -0.0000         -0.0000         -0.1310          0.0347
49.60               0.0000         -0.0000         -0.1305          0.0352
49.62               0.0000          0.0000         -0.1300          0.0356
49.64               0.0000          0.0000         -0.1294          0.0361
49.66              -0.0000          0.0000         -0.1288          0.0365
49.68               0.0000         -0.0000         -0.1283          0.0369
49.70               0.0000          0.0000         -0.1277          0.0374
49.72               0.0000         -0.0000         -0.1271          0.0378
49.74               0.0000         -0.0000         -0.1265          0.0383
49.76               0.0000         -0.0000         -0.1258          0.0387
49.78              -0.0000          0.0000         -0.1252          0.0391
49.80               0.0000          0.0000         -0.1246          0.0395
49.82              -0.0000         -0.0000         -0.1239          0.0400
49.84              -0.0000          0.0000         -0.1233          0.0404
49.86               0.0000          0.0000         -0.1226          0.0408
49.88              -0.0000          0.0000         -0.1219          0.0412
49.90              -0.0000         -0.0000         -0.1212          0.0416
49.92              -0.0000         -0.0000         -0.1205          0.0420
49.94               0.0000          0.0000         -0.1198          0.0424
49.96              -0.0000         -0.0000         -0.1191          0.0428
49.98              -0.0000         -0.0000         -0.1184          0.0432
50.00              -0.0000         -0.0000         -0.1176          0.0436
50.02               0.0000          0.0000         -0.1169          0.0440
50.04               0.0000         -0.0000         -0.1161          0.0444
50.06              -0.0000          0.0000         -0.1154          0.0448
50.08              -0.0000          0.0000         -0.1146          0.0452
50.10               0.0000          0.0000         -0.1138          0.0456
50.12               0.0000         -0.0000         -0.1130          0.0459
50.14               0.0000          0.0000         -0.1122          0.0463
50.16               0.0000          0.0000         -0.1114          0.0467
50.18              -0.0000         -0.0000         -0.1106          0.0471
50.20               0.0000          0.0000         -0.1097          0.0474
50.22               0.0000          0.0000         -0.1089          0.0478
50.24              -0.0000         -0.0000         -0.1081          0.0481
50.26              -0.0000         -0.0000         -0.1072          0.0485
50.28              -0.0000          0.0000         -0.1063          0.0488
50.30               0.0000         -0.0000         -0.1055          0.0492
50.32              -0.0000         -0.0000         -0.1046          0.0495
50.34               0.0000          0.0000         -0.1037          0.0498
50.36               0.0000          0.0000         -0.1028          0.0502
50.38               0.0000          0.0000         -0.1019          0.0505
50.40              -0.0000          0.0000         -0.1010          0.0508
50.42               0.0000          0.0000         -0.1001          0.0511
50.44              -0.0000          0.0000         -0.0991          0.0515
50.46               0.0000         -0.0000         -0.0982          0.0518
50.48               0.0000          0.0000         -0.0973          0.0521
50.50              -0.0000          0.0000         -0.0963          0.0524
50.52               0.0000         -0.0000         -0.0953          0.0527
50.54               0.0000         -0.0000         -0.0944          0.0530
50.56              -0.0000          0.0000         -0.0934          0.0533
50.58               0.0000         -0.0000         -0.0924          0.0535
50.60               0.0000         -0.0000         -0.0914          0.0538
50.62               0.0000         -0.0000         -0.0904          0.0541
50.64              -0.0000         -0.0000         -0.0894          0.0544
50.66              -0.0000          0.0000         -0.0884          0.0546
50.68              -0.0000         -0.0000         -0.0874          0.0549
50.70              -0.0000          0.0000         -0.0864          0.0552
50.72              -0.0000          0.0000         -0.0853          0.0554
50.74              -0.0000         -0.0000         -0.0843          0.0557
50.76               0.0000          0.0000         -0.0832          0.0559
50.78               0.0000         -0.0000         -0.0822          0.0562
50.80               0.0000         -0.0000         -0.0811          0.0564
50.82              -0.0000         -0.0000         -0.0801          0.0566
50.84              -0.0000          0.0000         -0.0790          0.0569
50.86               0.0000          0.0000         -0.0779          0.0571
50.88              -0.0000          0.0000         -0.0768          0.0573
50.90               0.0000          0.0000         -0.0757          0.0575
50.92               0.0000          0.0000         -0.0746          0.0577
50.94               0.0000         -0.0000         -0.0735          0.0579
50.96              -0.0000          0.0000         -0.0724          0.0581
50.98              -0.0000         -0.0000         -0.0713          0.0583
51.00               0.0000         -0.0000         -0.0702          0.0585
51.02               0.0000          0.0000         -0.0691          0.0587
51.04              -0.0000         -0.0000         -0.0679          0.0589
51.06               0.0000         -0.0000         -0.0668          0.0590
51.08               0.0000         -0.0000         -0.0657          0.0592
51.10              -0.0000          0.0000         -0.0645          0.0594
51.12               0.0000         -0.0000         -0.0634          0.0595
51.14              -0.0000         -0.0000         -0.0622          0.0597
51.16               0.0000         -0.0000         -0.0610          0.0598
51.18               0.0000         -0.0000         -0.0599          0.0600
51.20               0.0000         -0.0000         -0.0587          0.0601
51.22               0.0000          0.0000         -0.0575          0.0603
51.24              -0.0000          0.0000         -0.0563          0.0604
51.26               0.0000          0.0000         -0.0552          0.0605
51.28              -0.0000          0.0000         -0.0540          0.0606
51.30              -0.0000          0.0000         -0.0528          0.0608
51.32              -0.0000          0.0000         -0.0516          0.0609
51.34              -0.0000          0.0000         -0.0504          0.0610
51.36              -0.0000          0.0000         -0.0492          0.0611
51.38              -0.0000          0.0000         -0.0480          0.0612
51.40               0.0000         -0.0000         -0.0468          0.0613
51.42               0.0000         -0.0000         -0.0455          0.0614
51.44               0.0000          0.0000         -0.0443          0.0614
51.46               0.0000         -0.0000         -0.0431          0.0615
51.48               0.0000          0.0000         -0.0419          0.0616
51.50              -0.0000          0.0000         -0.0406          0.0617
51.52              -0.0000          0.0000         -0.0394          0.0617
51.54              -0.0000         -0.0000         -0.0382          0.0618
51.56               0.0000         -0.0000         -0.0369          0.0618
51.58              -0.0000         -0.0000         -0.0357          0.0619
51.60              -0.0000         -0.0000         -0.0345          0.0619
51.62              -0.0000          0.0000         -0.0332          0.0620
51.64              -0.0000         -0.0000         -0.0320          0.0620
51.66               0.0000         -0.0000         -0.0307          0.0620
51.68               0.0000         -0.0000         -0.0295          0.0621
51.70              -0.0000         -0.0000         -0.0282          0.0621
51.72              -0.0000         -0.0000         -0.0270          0.0621
51.74              -0.0000          0.0000         -0.0257          0.0621
51.76              -0.0000         -0.0000         -0.0244          0.0621
51.78              -0.0000         -0.0000         -0.0232          0.0621
51.80               0.0000          0.0000         -0.0219          0.0621
51.82              -0.0000          0.0000         -0.0207          0.0621
51.84               0.0000          0.0000         -0.0194          0.0621
51.86               0.0000         -0.0000         -0.0181          0.0620
51.88              -0.0000          0.0000         -0.0169          0.0620
51.90              -0.0000          0.0000         -0.0156          0.0620
51.92               0.0000          0.0000         -0.0143          0.0619
51.94              -0.0000         -0.0000         -0.0131          0.0619
51.96               0.0000         -0.0000         -0.0118          0.0618
51.98              -0.0000          0.0000         -0.0105          0.0618
52.00               0.0000          0.0000         -0.0092          0.0617
52.02               0.0000          0.0000         -0.0080          0.0617
52.04              -0.0000         -0.0000         -0.0067          0.0616
52.06               0.0000         -0.0000         -0.0054          0.0615
52.08               0.0000          0.0000         -0.0042          0.0615
52.10              -0.0000          0.0000         -0.0029          0.0614
52.12              -0.0000         -0.0000         -0.0016          0.0613
52.14               0.0000          0.0000         -0.0003          0.0612
52.16               0.0000         -0.0000          0.0009          0.0611
52.18               0.0000          0.0000          0.0022          0.0610
52.20               0.0000          0.0000          0.0035          0.0609
52.22               0.0000          0.0000          0.0048          0.0608
52.24               0.0000          0.0000          0.0060          0.0606
52.26               0.0000         -0.0000          0.0073          0.0605
52.28              -0.0000          0.0000          0.0086          0.0604
52.30               0.0000          0.0000          0.0098          0.0602
52.32              -0.0000         -0.0000          0.0111          0.0601
52.34              -0.0000         -0.0000          0.0124          0.0600
52.36               0.0000          0.0000          0.0136          0.0598
52.38               0.0000         -0.0000          0.0149          0.0597
52.40               0.0000         -0.0000          0.0162          0.0595
52.42               0.0000         -0.0000          0.0174          0.0593
52.44               0.0000          0.0000          0.0187          0.0592
52.46              -0.0000         -0.0000          0.0199          0.0590
52.48              -0.0000          0.0000          0.0212          0.0588
52.50               0.0000          0.0000          0.0224          0.0586
52.52               0.0000         -0.0000          0.0237          0.0584
52.54              -0.0000          0.0000          0.0249          0.0582
52.56              -0.0000          0.0000          0.0262          0.0580
52.58               0.0000         -0.0000          0.0274          0.0578
52.60              -0.0000          0.0000          0.0287          0.0576
52.62               0.0000          0.0000          0.0299          0.0574
52.64               0.0000         -0.0000          0.0312          0.0572
52.66               0.0000         -0.0000          0.0324          0.0569
52.68               0.0000         -0.0000          0.0336          0.0567
52.70              -0.0000         -0.0000          0.0349          0.0565
52.72               0.0000         -0.0000          0.0361          0.0562
52.74               0.0000         -0.0000          0.0373          0.0560
52.76              -0.0000         -0.0000          0.0385          0.0557
52.78               0.0000          0.0000          0.0398          0.0555
52.80              -0.0000          0.0000          0.0410          0.0552
52.82              -0.0000          0.0000          0.0422          0.0549
52.84               0.0000          0.0000          0.0434          0.0547
52.86              -0.0000         -0.0000          0.0446          0.0544
52.88              -0.0000          0.0000          0.0458          0.0541
52.90               0.0000          0.0000          0.0470          0.0538
52.92               0.0000         -0.0000          0.0482          0.0535
52.94              -0.0000         -0.0000          0.0494          0.0532
52.96              -0.0000         -0.0000          0.0506          0.0529
52.98               0.0000         -0.0000          0.0518          0.0526
53.00              -0.0000          0.0000          0.0529          0.0523
53.02               0.0000          0.0000          0.0541          0.0520
53.04              -0.0000         -0.0000          0.0553          0.0517
53.06               0.0000         -0.0000          0.0564          0.0514
53.08               0.0000         -0.0000          0.0576          0.0511
53.10               0.0000         -0.0000          0.0588          0.0507
53.12               0.0000          0.0000          0.0599          0.0504
53.14              -0.0000         -0.0000          0.0611          0.0501
53.16               0.0000          0.0000          0.0622          0.0497
53.18              -0.0000          0.0000          0.0633          0.0494
53.20               0.0000          0.0000          0.0645          0.0490
53.22               0.0000         -0.0000          0.0656          0.0487
53.24              -0.0000         -0.0000          0.0667          0.0483
53.26              -0.0000         -0.0000          0.0678          0.0479
53.28              -0.0000          0.0000          0.0689          0.0476
53.30              -0.0000          0.0000          0.0700          0.0472
53.32              -0.0000          0.0000          0.0711          0.0468
53.34              -0.0000         -0.0000          0.0722          0.0464
53.36              -0.0000         -0.0000          0.0733          0.0460
53.38              -0.0000          0.0000          0.0744          0.0456
53.40              -0.0000         -0.0000          0.0755          0.0453
53.42               0.0000          0.0000          0.0766          0.0449
53.44              -0.0000         -0.0000          0.0776          0.0445
53.46              -0.0000          0.0000          0.0787          0.0440
53.48              -0.0000          0.0000          0.0797          0.0436
53.50              -0.0000          0.0000          0.0808          0.0432
53.52              -0.0000         -0.0000          0.0818          0.0428
53.54               0.0000          0.0000          0.0828          0.0424
53.56              -0.0000         -0.0000          0.0839          0.0420
53.58              -0.0000          0.0000          0.0849          0.0415
53.60              -0.0000          0.0000          0.0859          0.0411
53.62               0.0000          0.0000          0.0869          0.0407
53.64               0.0000          0.0000          0.0879          0.0402
53.66               0.0000          0.0000          0.0889          0.0398
53.68               0.0000         -0.0000          0.0898          0.0393
53.70              -0.0000         -0.0000          0.0908          0.0389
53.72               0.0000          0.0000          0.0918          0.0384
53.74               0.0000         -0.0000          0.0927          0.0380
53.76              -0.0000          0.0000          0.0937          0.0375
53.78               0.0000          0.0000          0.0946          0.0371
53.80              -0.0000         -0.0000          0.0956          0.0366
53.82               0.0000         -0.0000          0.0965          0.0361
53.84               0.0000         -0.0000          0.0974          0.0356
53.86               0.0000          0.0000          0.0983          0.0352
53.88              -0.0000          0.0000          0.0992          0.0347
53.90              -0.0000          0.0000          0.1001          0.0342
53.92              -0.0000          0.0000          0.1010          0.0337
53.94              -0.0000          0.0000          0.1019          0.0332
53.96              -0.0000         -0.0000          0.1027          0.0327
53.98              -0.0000         -0.0000          0.1036          0.0323
54.00               0.0000          0.0000          0.1045          0.0318
54.02               0.0000         -0.0000          0.1053          0.0313
54.04              -0.0000         -0.0000          0.1061          0.0308
54.06              -0.0000         -0.0000          0.1070          0.0302
54.08              -0.0000          0.0000          0.1078          0.0297
54.10              -0.0000          0.0000          0.1086          0.0292
54.12               0.0000         -0.0000          0.1094          0.0287
54.14              -0.0000         -0.0000          0.1102          0.0282
54.16              -0.0000         -0.0000          0.1109          0.0277
54.18               0.0000         -0.0000          0.1117          0.0272
54.20              -0.0000          0.0000          0.1125          0.0266
54.22               0.0000         -0.0000          0.1132          0.0261
54.24               0.0000          0.0000          0.1140          0.0256
54.26               0.0000         -0.0000          0.1147          0.0251
54.28              -0.0000         -0.0000          0.1154          0.0245
54.30              -0.0000         -0.0000          0.1161          0.0240
54.32               0.0000          0.0000          0.1168          0.0234
54.34               0.0000          0.0000          0.1175          0.0229
54.36              -0.0000         -0.0000          0.1182          0.0224
54.38               0.0000          0.0000          0.1189          0.0218
54.40              -0.0000          0.0000          0.1195          0.0213
54.42               0.0000         -0.0000          0.1202          0.0207
54.44               0.0000         -0.0000          0.1208          0.0202
54.46              -0.0000         -0.0000          0.1215          0.0196
54.48               0.0000         -0.0000          0.1221          0.0191
54.50              -0.0000         -0.0000          0.1227          0.0185
54.52               0.0000          0.0000          0.1233          0.0179
54.54               0.0000         -0.0000          0.1239          0.0174
54.56               0.0000         -0.0000          0.1245          0.0168
54.58              -0.0000          0.0000          0.1251          0.0163
54.60               0.0000          0.0000          0.1256          0.0157
54.62               0.0000         -0.0000          0.1262          0.0151
54.64               0.0000          0.0000          0.1267          0.0146
54.66               0.0000         -0.0000          0.1272          0.0140
54.68               0.0000          0.0000          0.1278          0.0134
54.70               0.0000          0.0000          0.1283          0.0128
54.72               0.0000          0.0000          0.1288          0.0123
54.74               0.0000         -0.0000          0.1293          0.0117
54.76              -0.0000         -0.0000          0.1297          0.0111
54.78               0.0000         -0.0000          0.1302          0.0105
54.80               0.0000          0.0000          0.1307          0.0100
54.82               0.0000          0.0000          0.1311          0.0094
54.84               0.0000          0.0000          0.1315          0.0088
54.86               0.0000          0.0000          0.1320          0.0082
54.88               0.0000          0.0000          0.1324          0.0076
54.90               0.0000          0.0000          0.1328          0.0070
54.92              -0.0000         -0.0000          0.1332          0.0065
54.94               0.0000          0.0000          0.1335          0.0059
54.96               0.0000          0.0000          0.1339          0.0053
54.98               0.0000         -0.0000          0.1343          0.0047
55.00               0.0000          0.0000          0.1346          0.0041
55.02               0.0000          0.0000          0.1350          0.0035
55.04               0.0000          0.0000          0.1353          0.0029
55.06               0.0000          0.0000          0.1356          0.0023
55.08              -0.0000         -0.0000          0.1359          0.0017
55.10              -0.0000          0.0000          0.1362          0.0012
55.12               0.0000         -0.0000          0.1365          0.0006
55.14              -0.0000         -0.0000          0.1368         -0.0000
55.16              -0.0000          0.0000          0.1370         -0.0006
55.18              -0.0000         -0.0000          0.1373         -0.0012
55.20               0.0000          0.0000          0.1375         -0.0018
55.22               0.0000          0.0000          0.1377         -0.0024
55.24              -0.0000          0.0000          0.1380         -0.0030
55.26              -0.0000          0.0000          0.1382         -0.0036
55.28              -0.0000         -0.0000          0.1384         -0.0042
55.30              -0.0000         -0.0000          0.1385         -0.0048
55.32              -0.0000         -0.0000          0.1387         -0.0054
55.34               0.0000         -0.0000          0.1389         -0.0060
55.36               0.0000          0.0000          0.1390         -0.0066
55.38               0.0000          0.0000          0.1392         -0.0072
55.40               0.0000         -0.0000          0.1393         -0.0078
55.42               0.0000          0.0000          0.1394         -0.0084
55.44              -0.0000         -0.0000          0.1395         -0.0090
55.46               0.0000          0.0000          0.1396         -0.0096
55.48              -0.0000          0.0000          0.1397         -0.0101
55.50               0.0000          0.0000          0.1398         -0.0107
55.52              -0.0000          0.0000          0.1398         -0.0113
55.54               0.0000          0.0000          0.1399         -0.0119
55.56              -0.0000         -0.0000          0.1399         -0.0125
55.58               0.0000          0.0000          0.1399         -0.0131
55.60               0.0000          0.0000          0.1399         -0.0137
55.62              -0.0000          0.0000          0.1400         -0.0143
55.64              -0.0000         -0.0000          0.1399         -0.0149
55.66              -0.0000         -0.0000          0.1399         -0.0155
55.68              -0.0000         -0.0000          0.1399         -0.0161
55.70              -0.0000         -0.0000          0.1399         -0.0166
55.72               0.0000         -0.0000          0.1398         -0.0172
55.74               0.0000          0.0000          0.1397         -0.0178
55.76               0.0000          0.0000          0.1397         -0.0184
55.78               0.0000         -0.0000          0.1396         -0.0190
55.80               0.0000          0.0000          0.1395         -0.0196
55.82               0.0000         -0.0000          0.1394         -0.0201
55.84               0.0000          0.0000          0.1393         -0.0207
55.86               0.0000         -0.0000          0.1391         -0.0213
55.88               0.0000          0.0000          0.1390         -0.0219
55.90               0.0000          0.0000          0.1388         -0.0224
55.92               0.0000          0.0000          0.1387         -0.0230
55.94               0.0000          0.0000          0.1385         -0.0236
55.96               0.0000          0.0000          0.1383         -0.0242
55.98               0.0000          0.0000          0.1381         -0.0247
56.00               0.0000         -0.0000          0.1379         -0.0253
56.02               0.0000          0.0000          0.1377         -0.0259
56.04              -0.0000          0.0000          0.1374         -0.0264
56.06               0.0000         -0.0000          0.1372         -0.0270
56.08               0.0000         -0.0000          0.1370         -0.0275
56.10              -0.0000          0.0000          0.1367         -0.0281
56.12              -0.0000         -0.0000          0.1364         -0.0286
56.14               0.0000         -0.0000          0.1361         -0.0292
56.16               0.0000          0.0000          0.1358         -0.0298
56.18              -0.0000         -0.0000          0.1355         -0.0303
56.20               0.0000          0.0000          0.1352         -0.0308
56.22              -0.0000         -0.0000          0.1349         -0.0314
56.24               0.0000         -0.0000          0.1345         -0.0319
56.26              -0.0000          0.0000          0.1342         -0.0325
56.28               0.0000         -0.0000          0.1338         -0.0330
56.30               0.0000         -0.0000          0.1334         -0.0335
56.32               0.0000          0.0000          0.1330         -0.0341
56.34              -0.0000         -0.0000          0.1326         -0.0346
56.36              -0.0000         -0.0000          0.1322         -0.0351
56.38              -0.0000          0.0000          0.1318         -0.0357
56.40              -0.0000         -0.0000          0.1314         -0.0362
56.42               0.0000          0.0000          0.1309         -0.0367
56.44              -0.0000         -0.0000          0.1305         -0.0372
56.46               0.0000          0.0000          0.1300         -0.0377
56.48              -0.0000          0.0000          0.1295         -0.0382
56.50               0.0000          0.0000          0.1290         -0.0388
56.52               0.0000          0.0000          0.1285         -0.0393
56.54              -0.0000         -0.0000          0.1280         -0.0398
56.56               0.0000         -0.0000          0.1275         -0.0403
56.58               0.0000          0.0000          0.1270         -0.0408
56.60              -0.0000          0.0000          0.1265         -0.0413
56.62               0.0000          0.0000          0.1259         -0.0417
56.64               0.0000          0.0000          0.1254         -0.0422
56.66               0.0000          0.0000          0.1248         -0.0427
56.68               0.0000          0.0000          0.1242         -0.0432
56.70              -0.0000         -0.0000          0.1236         -0.0437
56.72              -0.0000          0.0000          0.1230         -0.0441
56.74              -0.0000          0.0000          0.1224         -0.0446
56.76              -0.0000          0.0000          0.1218         -0.0451
56.78              -0.0000         -0.0000          0.1212         -0.0455
56.80               0.0000         -0.0000          0.1205         -0.0460
56.82              -0.0000          0.0000          0.1199         -0.0465
56.84              -0.0000          0.0000          0.1192         -0.0469
56.86               0.0000          0.0000          0.1185         -0.0474
56.88              -0.0000         -0.0000          0.1179         -0.0478
56.90               0.0000          0.0000          0.1172         -0.0482
56.92              -0.0000          0.0000          0.1165         -0.0487
56.94              -0.0000         -0.0000          0.1158         -0.0491
56.96              -0.0000          0.0000          0.1150         -0.0495
56.98              -0.0000          0.0000          0.1143         -0.0500
57.00              -0.0000         -0.0000          0.1136         -0.0504
57.02              -0.0000         -0.0000          0.1128         -0.0508
57.04               0.0000          0.0000          0.1121         -0.0512
57.06               0.0000          0.0000          0.1113         -0.0516
57.08              -0.0000         -0.0000          0.1106         -0.0520
57.10               0.0000          0.0000          0.1098         -0.0525
57.12               0.0000          0.0000          0.1090         -0.0529
57.14              -0.0000         -0.0000          0.1082         -0.0532
57.16               0.0000          0.0000          0.1074         -0.0536
57.18               0.0000         -0.0000          0.1066         -0.0540
57.20              -0.0000         -0.0000          0.1058         -0.0544
57.22              -0.0000          0.0000          0.1049         -0.0548
57.24               0.0000          0.0000          0.1041         -0.0552
57.26              -0.0000         -0.0000          0.1032         -0.0555
57.28               0.0000          0.0000          0.1024         -0.0559
57.30              -0.0000          0.0000          0.1015         -0.0563
57.32               0.0000          0.0000          0.1007         -0.0566
57.34              -0.0000          0.0000          0.0998         -0.0570
57.36              -0.0000          0.0000          0.0989         -0.0573
57.38              -0.0000         -0.0000          0.0980         -0.0577
57.40              -0.0000          0.0000          0.0971         -0.0580
57.42               0.0000         -0.0000          0.0962         -0.0583
57.44              -0.0000          0.0000          0.0953         -0.0587
57.46               0.0000          0.0000          0.0943         -0.0590
57.48               0.0000         -0.0000          0.0934         -0.0593
57.50              -0.0000          0.0000          0.0925         -0.0596
57.52               0.0000          0.0000          0.0915         -0.0599
57.54              -0.0000          0.0000          0.0906         -0.0602
57.56              -0.0000         -0.0000          0.0896         -0.0606
57.58              -0.0000         -0.0000          0.0887         -0.0609
57.60               0.0000          0.0000          0.0877         -0.0611
57.62              -0.0000         -0.0000          0.0867         -0.0614
57.64              -0.0000         -0.0000          0.0857         -0.0617
57.66               0.0000          0.0000          0.0847         -0.0620
57.68              -0.0000          0.0000          0.0837         -0.0623
57.70               0.0000          0.0000          0.0827         -0.0625
57.72              -0.0000          0.0000          0.0817         -0.0628
57.74              -0.0000         -0.0000          0.0807         -0.0631
57.76              -0.0000          0.0000          0.0797         -0.0633
57.78               0.0000         -0.0000          0.0787         -0.0636
57.80               0.0000          0.0000          0.0776         -0.0638
57.82              -0.0000         -0.0000          0.0766         -0.0641
57.84              -0.0000          0.0000          0.0755         -0.0643
57.86               0.0000          0.0000          0.0745         -0.0645
57.88               0.0000         -0.0000          0.0734         -0.0647
57.90              -0.0000         -0.0000          0.0724         -0.0650
57.92              -0.0000          0.0000          0.0713         -0.0652
57.94              -0.0000         -0.0000          0.0702         -0.0654
57.96               0.0000          0.0000          0.0692         -0.0656
57.98               0.0000         -0.0000          0.0681         -0.0658
58.00              -0.0000         -0.0000          0.0670         -0.0660
58.02              -0.0000          0.0000          0.0659         -0.0662
58.04              -0.0000          0.0000          0.0648         -0.0664
58.06               0.0000          0.0000          0.0637         -0.0665
58.08              -0.0000         -0.0000          0.0626         -0.0667
58.10              -0.0000         -0.0000          0.0615         -0.0669
58.12               0.0000         -0.0000          0.0604         -0.0670
58.14              -0.0000         -0.0000          0.0592         -0.0672
58.16              -0.0000          0.0000          0.0581         -0.0673
58.18               0.0000         -0.0000          0.0570         -0.0675
58.20              -0.0000          0.0000          0.0558         -0.0676
58.22              -0.0000          0.0000          0.0547         -0.0678
58.24              -0.0000          0.0000          0.0536         -0.0679
58.26              -0.0000          0.0000          0.0524         -0.0680
58.28              -0.0000          0.0000          0.0513         -0.0681
58.30               0.0000         -0.0000          0.0501         -0.0682
58.32               0.0000          0.0000          0.0489         -0.0684
58.34               0.0000          0.0000          0.0478         -0.0685
58.36               0.0000         -0.0000          0.0466         -0.0685
58.38              -0.0000         -0.0000          0.0454         -0.0686
58.40               0.0000         -0.0000          0.0443         -0.0687
58.42              -0.0000         -0.0000          0.0431         -0.0688
58.44              -0.0000         -0.0000          0.0419         -0.0689
58.46              -0.0000         -0.0000          0.0407         -0.0689
58.48               0.0000         -0.0000          0.0395         -0.0690
58.50              -0.0000         -0.0000          0.0383         -0.0691
58.52               0.0000         -0.0000          0.0371         -0.0691
58.54               0.0000         -0.0000          0.0359         -0.0692
58.56              -0.0000          0.0000          0.0347         -0.0692
58.58               0.0000          0.0000          0.0335         -0.0692
58.60               0.0000         -0.0000          0.0323         -0.0692
58.62               0.0000         -0.0000          0.0311         -0.0693
58.64               0.0000          0.0000          0.0299         -0.0693
58.66               0.0000         -0.0000          0.0287         -0.0693
58.68               0.0000         -0.0000          0.0275         -0.0693
58.70               0.0000         -0.0000          0.0263         -0.0693
58.72              -0.0000          0.0000          0.0250         -0.0693
58.74               0.0000         -0.0000          0.0238         -0.0693
58.76               0.0000         -0.0000          0.0226         -0.0693
58.78              -0.0000          0.0000          0.0214         -0.0692
58.80               0.0000         -0.0000          0.0201         -0.0692
58.82              -0.0000          0.0000          0.0189         -0.0692
58.84               0.0000          0.0000          0.0177         -0.0691
58.86              -0.0000         -0.0000          0.0164         -0.0691
58.88              -0.0000         -0.0000          0.0152         -0.0690
58.90               0.0000          0.0000          0.0140         -0.0690
58.92               0.0000         -0.0000          0.0127         -0.0689
58.94               0.0000          0.0000          0.0115         -0.0688
58.96               0.0000          0.0000          0.0103         -0.0687
58.98              -0.0000          0.0000          0.0090         -0.0687
59.00              -0.0000          0.0000          0.0078         -0.0686
59.02               0.0000         -0.0000          0.0065         -0.0685
59.04              -0.0000         -0.0000          0.0053         -0.0684
59.06               0.0000         -0.0000          0.0040         -0.0683
59.08              -0.0000          0.0000          0.0028         -0.0682
59.10              -0.0000          0.0000          0.0016         -0.0680
59.12              -0.0000          0.0000          0.0003         -0.0679
59.14              -0.0000          0.0000         -0.0009         -0.0678
59.16              -0.0000          0.0000         -0.0022         -0.0677
59.18               0.0000         -0.0000         -0.0034         -0.0675
59.20               0.0000          0.0000         -0.0047         -0.0674
59.22               0.0000          0.0000         -0.0059         -0.0672
59.24              -0.0000          0.0000         -0.0071         -0.0671
59.26              -0.0000         -0.0000         -0.0084         -0.0669
59.28              -0.0000         -0.0000         -0.0096         -0.0667
59.30               0.0000         -0.0000         -0.0109         -0.0666
59.32               0.0000          0.0000         -0.0121         -0.0664
59.34              -0.0000          0.0000         -0.0133         -0.0662
59.36               0.0000          0.0000         -0.0146         -0.0660
59.38              -0.0000         -0.0000         -0.0158         -0.0658
59.40              -0.0000         -0.0000         -0.0170         -0.0656
59.42              -0.0000          0.0000         -0.0183         -0.0654
59.44              -0.0000         -0.0000         -0.0195         -0.0652
59.46              -0.0000          0.0000         -0.0207         -0.0650
59.48               0.0000          0.0000         -0.0219         -0.0647
59.50              -0.0000         -0.0000         -0.0232         -0.0645
59.52              -0.0000          0.0000         -0.0244         -0.0643
59.54               0.0000          0.0000         -0.0256         -0.0640
59.56              -0.0000          0.0000         -0.0268         -0.0638
59.58              -0.0000         -0.0000         -0.0280         -0.0635
59.60               0.0000          0.0000         -0.0292         -0.0633
59.62               0.0000          0.0000         -0.0304         -0.0630
59.64              -0.0000         -0.0000         -0.0317         -0.0628
59.66               0.0000          0.0000         -0.0329         -0.0625
59.68              -0.0000          0.0000         -0.0341         -0.0622
59.70               0.0000         -0.0000         -0.0353         -0.0619
59.72               0.0000         -0.0000         -0.0364         -0.0616
59.74              -0.0000         -0.0000         -0.0376         -0.0613
59.76              -0.0000          0.0000         -0.0388         -0.0610
59.78               0.0000         -0.0000         -0.0400         -0.0607
59.80               0.0000          0.0000         -0.0412         -0.0604
59.82               0.0000         -0.0000         -0.0424         -0.0601
59.84               0.0000          0.0000         -0.0435         -0.0598
59.86               0.0000         -0.0000         -0.0447         -0.0595
59.88              -0.0000         -0.0000         -0.0459         -0.0591
59.90               0.0000         -0.0000         -0.0470         -0.0588
59.92               0.0000         -0.0000         -0.0482         -0.0585
59.94               0.0000          0.0000         -0.0493         -0.0581
59.96              -0.0000         -0.0000         -0.0505         -0.0578
59.98              -0.0000         -0.0000         -0.0516         -0.0574
60.00              -0.0000         -0.0000         -0.0527         -0.0571
60.02               0.0000         -0.0000         -0.0539         -0.0567
60.04               0.0000          0.0000         -0.0550         -0.0563
60.06              -0.0000          0.0000         -0.0561         -0.0559
60.08              -0.0000         -0.0000         -0.0572         -0.0556
60.10              -0.0000         -0.0000         -0.0584         -0.0552
60.12               0.0000          0.0000         -0.0595         -0.0548
60.14              -0.0000         -0.0000         -0.0606         -0.0544
60.16              -0.0000          0.0000         -0.0617         -0.0540
60.18              -0.0000          0.0000         -0.0628         -0.0536
60.20              -0.0000          0.0000         -0.0638         -0.0532
60.22               0.0000          0.0000         -0.0649         -0.0528
60.24               0.0000          0.0000         -0.0660         -0.0524
60.26              -0.0000         -0.0000         -0.0671         -0.0519
60.28              -0.0000         -0.0000         -0.0681         -0.0515
60.30               0.0000         -0.0000         -0.0692         -0.0511
60.32              -0.0000          0.0000         -0.0703         -0.0506
60.34              -0.0000          0.0000         -0.0713         -0.0502
60.36               0.0000         -0.0000         -0.0723         -0.0498
60.38               0.0000          0.0000         -0.0734         -0.0493
60.40               0.0000         -0.0000         -0.0744         -0.0489
60.42               0.0000         -0.0000         -0.0754         -0.0484
60.44               0.0000          0.0000         -0.0764         -0.0479
60.46               0.0000         -0.0000         -0.0775         -0.0475
60.48               0.0000          0.0000         -0.0785         -0.0470
60.50               0.0000         -0.0000         -0.0795         -0.0465
60.52              -0.0000         -0.0000         -0.0804         -0.0460
60.54              -0.0000         -0.0000         -0.0814         -0.0456
60.56              -0.0000         -0.0000         -0.0824         -0.0451
60.58              -0.0000         -0.0000         -0.0834         -0.0446
60.60              -0.0000         -0.0000         -0.0843         -0.0441
60.62              -0.0000         -0.0000         -0.0853         -0.0436
60.64              -0.0000         -0.0000         -0.0862         -0.0431
60.66               0.0000          0.0000         -0.0872         -0.0426
60.68               0.0000         -0.0000         -0.0881         -0.0421
60.70               0.0000         -0.0000         -0.0891         -0.0415
60.72              -0.0000          0.0000         -0.0900         -0.0410
60.74              -0.0000          0.0000         -0.0909         -0.0405
60.76              -0.0000         -0.0000         -0.0918         -0.0400
60.78              -0.0000          0.0000         -0.0927         -0.0394
60.80               0.0000          0.0000         -0.0936         -0.0389
60.82               0.0000          0.0000         -0.0945         -0.0384
60.84               0.0000         -0.0000         -0.0954         -0.0378
60.86               0.0000          0.0000         -0.0962         -0.0373
60.88               0.0000          0.0000         -0.0971         -0.0367
60.90              -0.0000          0.0000         -0.0979         -0.0362
60.92              -0.0000          0.0000         -0.0988         -0.0356
60.94              -0.0000          0.0000         -0.0996         -0.0351
60.96              -0.0000          0.0000         -0.1005         -0.0345
60.98              -0.0000         -0.0000         -0.1013         -0.0339
61.00               0.0000         -0.0000         -0.1021         -0.0334
61.02               0.0000         -0.0000         -0.1029         -0.0328
61.04              -0.0000         -0.0000         -0.1037         -0.0322
61.06               0.0000         -0.0000         -0.1045         -0.0317
61.08               0.0000          0.0000         -0.1053         -0.0311
61.10              -0.0000          0.0000         -0.1060         -0.0305
61.12               0.0000          0.0000         -0.1068         -0.0299
61.14               0.0000         -0.0000         -0.1076         -0.0293
61.16              -0.0000         -0.0000         -0.1083         -0.0287
61.18              -0.0000          0.0000         -0.1090         -0.0281
61.20              -0.0000         -0.0000         -0.1098         -0.0275
61.22               0.0000         -0.0000         -0.1105         -0.0270
61.24              -0.0000          0.0000         -0.1112         -0.0264
61.26               0.0000         -0.0000         -0.1119         -0.0257
61.28              -0.0000          0.0000         -0.1126         -0.0251
61.30              -0.0000          0.0000         -0.1133         -0.0245
61.32               0.0000          0.0000         -0.1140         -0.0239
61.34              -0.0000         -0.0000         -0.1146         -0.0233
61.36              -0.0000          0.0000         -0.1153         -0.0227
61.38              -0.0000         -0.0000         -0.1159         -0.0221
61.40              -0.0000         -0.0000         -0.1166         -0.0215
61.42               0.0000          0.0000         -0.1172         -0.0208
61.44               0.0000         -0.0000         -0.1178         -0.0202
61.46              -0.0000         -0.0000         -0.1184         -0.0196
61.48              -0.0000         -0.0000         -0.1190         -0.0190
61.50               0.0000          0.0000         -0.1196         -0.0183
61.52               0.0000          0.0000         -0.1202         -0.0177
61.54              -0.0000          0.0000         -0.1208         -0.0171
61.56              -0.0000         -0.0000         -0.1213         -0.0164
61.58              -0.0000         -0.0000         -0.1219         -0.0158
61.60               0.0000         -0.0000         -0.1224         -0.0152
61.62              -0.0000         -0.0000         -0.1230         -0.0145
61.64              -0.0000         -0.0000         -0.1235         -0.0139
61.66               0.0000          0.0000         -0.1240         -0.0133
61.68              -0.0000          0.0000         -0.1245         -0.0126
61.70               0.0000         -0.0000         -0.1250         -0.0120
61.72               0.0000          0.0000         -0.1254         -0.0113
61.74               0.0000         -0.0000         -0.1259         -0.0107
61.76               0.0000          0.0000         -0.1264         -0.0100
61.78              -0.0000          0.0000         -0.1268         -0.0094
61.80              -0.0000          0.0000         -0.1273         -0.0087
61.82               0.0000          0.0000         -0.1277         -0.0081
61.84              -0.0000         -0.0000         -0.1281         -0.0074
61.86              -0.0000         -0.0000         -0.1285         -0.0068
61.88               0.0000          0.0000         -0.1289         -0.0061
61.90               0.0000          0.0000         -0.1293         -0.0055
61.92              -0.0000         -0.0000         -0.1297         -0.0048
61.94               0.0000          0.0000         -0.1300         -0.0041
61.96               0.0000         -0.0000         -0.1304         -0.0035
61.98               0.0000          0.0000         -0.1307         -0.0028
62.00              -0.0000         -0.0000         -0.1310         -0.0022
62.02               0.0000          0.0000         -0.1314         -0.0015
62.04               0.0000          0.0000         -0.1317         -0.0009
62.06               0.0000          0.0000         -0.1320         -0.0002
62.08              -0.0000         -0.0000         -0.1322          0.0005
62.10               0.0000         -0.0000         -0.1325          0.0011
62.12               0.0000         -0.0000         -0.1328          0.0018
62.14              -0.0000         -0.0000         -0.1330          0.0025
62.16              -0.0000          0.0000         -0.1333          0.0031
62.18              -0.0000         -0.0000         -0.1335          0.0038
62.20              -0.0000          0.0000         -0.1337          0.0044
62.22               0.0000          0.0000         -0.1339          0.0051
62.24              -0.0000          0.0000         -0.1341          0.0058
62.26               0.0000         -0.0000         -0.1343          0.0064
62.28               0.0000         -0.0000         -0.1345          0.0071
62.30              -0.0000          0.0000         -0.1347          0.0078
62.32               0.0000         -0.0000         -0.1348          0.0084
62.34              -0.0000          0.0000         -0.1350          0.0091
62.36              -0.0000         -0.0000         -0.1351          0.0097
62.38              -0.0000         -0.0000         -0.1352          0.0104
62.40              -0.0000          0.0000         -0.1353          0.0111
62.42               0.0000          0.0000         -0.1354          0.0117
62.44              -0.0000          0.0000         -0.1355          0.0124
62.46              -0.0000          0.0000         -0.1356          0.0130
62.48              -0.0000          0.0000         -0.1356          0.0137
62.50               0.0000          0.0000         -0.1357          0.0144
62.52              -0.0000         -0.0000         -0.1357          0.0150
62.54              -0.0000         -0.0000         -0.1358          0.0157
62.56              -0.0000          0.0000         -0.1358          0.0163
62.58              -0.0000          0.0000         -0.1358          0.0170
62.60              -0.0000         -0.0000         -0.1358          0.0176
62.62              -0.0000          0.0000         -0.1358          0.0183
62.64              -0.0000         -0.0000         -0.1358          0.0189
62.66              -0.0000          0.0000         -0.1357          0.0196
62.68               0.0000          0.0000         -0.1357          0.0202
62.70              -0.0000         -0.0000         -0.1356          0.0209
62.72              -0.0000         -0.0000         -0.1355          0.0215
62.74               0.0000          0.0000         -0.1355          0.0222
62.76              -0.0000         -0.0000         -0.1354          0.0228
62.78               0.0000          0.0000         -0.1353          0.0234
62.80              -0.0000          0.0000         -0.1352          0.0241
62.82               0.0000         -0.0000         -0.1350          0.0247
62.84              -0.0000          0.0000         -0.1349          0.0254
62.86               0.0000         -0.0000         -0.1348          0.0260
62.88              -0.0000          0.0000         -0.1346          0.0266
62.90               0.0000          0.0000         -0.1344          0.0273
62.92               0.0000          0.0000         -0.1343          0.0279
62.94               0.0000         -0.0000         -0.1341          0.0285
62.96              -0.0000          0.0000         -0.1339          0.0291
62.98               0.0000          0.0000         -0.1337          0.0298
63.00               0.0000          0.0000         -0.1335          0.0304
63.02              -0.0000         -0.0000         -0.1332          0.0310
63.04              -0.0000          0.0000         -0.1330          0.0316
63.06               0.0000          0.0000         -0.1327          0.0322
63.08              -0.0000          0.0000         -0.1325          0.0328
63.10              -0.0000         -0.0000         -0.1322          0.0334
63.12               0.0000         -0.0000         -0.1319          0.0341
63.14               0.0000         -0.0000         -0.1316          0.0347
63.16              -0.0000         -0.0000         -0.1313          0.0353
63.18               0.0000          0.0000         -0.1310          0.0359
63.20               0.0000          0.0000         -0.1307          0.0365
63.22               0.0000          0.0000         -0.1303          0.0370
63.24               0.0000          0.0000         -0.1300          0.0376
63.26               0.0000          0.0000         -0.1296          0.0382
63.28               0.0000         -0.0000         -0.1293          0.0388
63.30               0.0000         -0.0000         -0.1289          0.0394
63.32              -0.0000         -0.0000         -0.1285          0.0400
63.34              -0.0000         -0.0000         -0.1281          0.0405
63.36              -0.0000          0.0000         -0.1277          0.0411
63.38              -0.0000         -0.0000         -0.1273          0.0417
63.40              -0.0000         -0.0000         -0.1269          0.0423
63.42              -0.0000          0.0000         -0.1264          0.0428
63.44              -0.0000         -0.0000         -0.1260          0.0434
63.46              -0.0000         -0.0000         -0.1255          0.0439
63.48               0.0000         -0.0000         -0.1251          0.0445
63.50              -0.0000          0.0000         -0.1246          0.0450
63.52              -0.0000         -0.0000         -0.1241          0.0456
63.54               0.0000         -0.0000         -0.1236          0.0461
63.56              -0.0000         -0.0000         -0.1231          0.0467
63.58               0.0000          0.0000         -0.1226          0.0472
63.60              -0.0000         -0.0000         -0.1220          0.0477
63.62              -0.0000          0.0000         -0.1215          0.0483
63.64               0.0000          0.0000         -0.1210          0.0488
63.66              -0.0000          0.0000         -0.1204          0.0493
63.68              -0.0000          0.0000         -0.1198          0.0498
63.70              -0.0000         -0.0000         -0.1193          0.0503
63.72              -0.0000         -0.0000         -0.1187          0.0508
63.74               0.0000          0.0000         -0.1181          0.0513
63.76              -0.0000          0.0000         -0.1175          0.0518
63.78              -0.0000         -0.0000         -0.1169          0.0523
63.80              -0.0000          0.0000         -0.1162          0.0528
63.82               0.0000          0.0000         -0.1156          0.0533
63.84              -0.0000          0.0000         -0.1150          0.0538
63.86              -0.0000         -0.0000         -0.1143          0.0543
63.88              -0.0000         -0.0000         -0.1136          0.0548
63.90               0.0000         -0.0000         -0.1130          0.0552
63.92              -0.0000         -0.0000         -0.1123          0.0557
63.94              -0.0000         -0.0000         -0.1116          0.0562
63.96               0.0000          0.0000         -0.1109          0.0566
63.98               0.0000         -0.0000         -0.1102          0.0571
64.00              -0.0000         -0.0000         -0.1095          0.0575
64.02               0.0000         -0.0000         -0.1088          0.0580
64.04               0.0000         -0.0000         -0.1080          0.0584
64.06              -0.0000         -0.0000         -0.1073          0.0588
64.08               0.0000          0.0000         -0.1065          0.0593
64.10              -0.0000         -0.0000         -0.1058          0.0597
64.12              -0.0000          0.0000         -0.1050          0.0601
64.14               0.0000         -0.0000         -0.1042          0.0605
64.16               0.0000         -0.0000         -0.1035          0.0610
64.18              -0.0000          0.0000         -0.1027          0.0614
64.20              -0.0000          0.0000         -0.1019          0.0618
64.22              -0.0000         -0.0000         -0.1011          0.0622
64.24               0.0000         -0.0000         -0.1003          0.0626
64.26               0.0000          0.0000         -0.0994          0.0629
64.28              -0.0000          0.0000         -0.0986          0.0633
64.30              -0.0000          0.0000         -0.0978          0.0637
64.32               0.0000          0.0000         -0.0969          0.0641
64.34              -0.0000          0.0000         -0.0961          0.0644
64.36              -0.0000          0.0000         -0.0952          0.0648
64.38               0.0000          0.0000         -0.0943          0.0652
64.40              -0.0000         -0.0000         -0.0934          0.0655
64.42              -0.0000          0.0000         -0.0926          0.0659
64.44              -0.0000          0.0000         -0.0917          0.0662
64.46              -0.0000          0.0000         -0.0908          0.0665
64.48               0.0000          0.0000         -0.0899          0.0669
64.50               0.0000          0.0000         -0.0890          0.0672
64.52              -0.0000         -0.0000         -0.0880          0.0675
64.54              -0.0000         -0.0000         -0.0871          0.0678
64.56               0.0000         -0.0000         -0.0862          0.0682
64.58               0.0000         -0.0000         -0.0852          0.0685
64.60              -0.0000          0.0000         -0.0843          0.0688
64.62               0.0000          0.0000         -0.0833          0.0691
64.64               0.0000          0.0000         -0.0824          0.0693
64.66              -0.0000          0.0000         -0.0814          0.0696
64.68              -0.0000          0.0000         -0.0804          0.0699
64.70               0.0000         -0.0000         -0.0794          0.0702
64.72              -0.0000          0.0000         -0.0785          0.0704
64.74              -0.0000         -0.0000         -0.0775          0.0707
64.76               0.0000         -0.0000         -0.0765          0.0709
64.78               0.0000          0.0000         -0.0755          0.0712
64.80               0.0000         -0.0000         -0.0745          0.0714
64.82              -0.0000          0.0000         -0.0734          0.0717
64.84              -0.0000          0.0000         -0.0724          0.0719
64.86               0.0000          0.0000         -0.0714          0.0721
64.88              -0.0000          0.0000         -0.0704          0.0724
64.90               0.0000         -0.0000         -0.0693          0.0726
64.92              -0.0000          0.0000         -0.0683          0.0728
64.94              -0.0000         -0.0000         -0.0672          0.0730
64.96              -0.0000         -0.0000         -0.0662          0.0732
64.98              -0.0000          0.0000         -0.0651          0.0734
65.00               0.0000         -0.0000         -0.0641          0.0736
65.02               0.0000          0.0000         -0.0630          0.0737
65.04               0.0000         -0.0000         -0.0619          0.0739
65.06               0.0000         -0.0000         -0.0608          0.0741
65.08               0.0000          0.0000         -0.0598          0.0742
65.10               0.0000         -0.0000         -0.0587          0.0744
65.12               0.0000         -0.0000         -0.0576          0.0745
65.14               0.0000          0.0000         -0.0565          0.0747
65.16              -0.0000          0.0000         -0.0554          0.0748
65.18              -0.0000         -0.0000         -0.0543          0.0749
65.20              -0.0000          0.0000         -0.0532          0.0751
65.22              -0.0000         -0.0000         -0.0521          0.0752
65.24              -0.0000         -0.0000         -0.0510          0.0753
65.26              -0.0000          0.0000         -0.0498          0.0754
65.28              -0.0000         -0.0000         -0.0487          0.0755
65.30              -0.0000          0.0000         -0.0476          0.0756
65.32              -0.0000          0.0000         -0.0465          0.0757
65.34              -0.0000          0.0000         -0.0453          0.0758
65.36               0.0000          0.0000         -0.0442          0.0758
65.38               0.0000         -0.0000         -0.0431          0.0759
65.40              -0.0000          0.0000         -0.0419          0.0760
65.42               0.0000          0.0000         -0.0408          0.0760
65.44               0.0000         -0.0000         -0.0396          0.0761
65.46              -0.0000          0.0000         -0.0385          0.0761
65.48              -0.0000          0.0000         -0.0373          0.0761
65.50               0.0000          0.0000         -0.0362          0.0762
65.52              -0.0000          0.0000         -0.0350          0.0762
65.54               0.0000         -0.0000         -0.0338          0.0762
65.56               0.0000         -0.0000         -0.0327          0.0762
65.58              -0.0000          0.0000         -0.0315          0.0762
65.60               0.0000         -0.0000         -0.0303          0.0762
65.62              -0.0000          0.0000         -0.0292          0.0762
65.64               0.0000          0.0000         -0.0280          0.0762
65.66              -0.0000          0.0000         -0.0268          0.0762
65.68               0.0000          0.0000         -0.0256          0.0762
65.70              -0.0000          0.0000         -0.0244          0.0761
65.72               0.0000          0.0000         -0.0233          0.0761
65.74               0.0000         -0.0000         -0.0221          0.0761
65.76              -0.0000          0.0000         -0.0209          0.0760
65.78               0.0000         -0.0000         -0.0197          0.0759
65.80               0.0000         -0.0000         -0.0185          0.0759
65.82              -0.0000          0.0000         -0.0173          0.0758
65.84               0.0000          0.0000         -0.0161          0.0757
65.86              -0.0000          0.0000         -0.0149          0.0756
65.88              -0.0000          0.0000         -0.0137          0.0756
65.90               0.0000         -0.0000         -0.0125          0.0755
65.92              -0.0000          0.0000         -0.0114          0.0754
65.94              -0.0000         -0.0000         -0.0102          0.0752
65.96              -0.0000         -0.0000         -0.0090          0.0751
65.98               0.0000         -0.0000         -0.0078          0.0750
66.00              -0.0000          0.0000         -0.0066          0.0749
66.02              -0.0000          0.0000         -0.0054          0.0747
66.04              -0.0000          0.0000         -0.0042          0.0746
66.06              -0.0000          0.0000         -0.0030          0.0745
66.08              -0.0000         -0.0000         -0.0018          0.0743
66.10              -0.0000         -0.0000         -0.0006          0.0741
66.12              -0.0000          0.0000          0.0006          0.0740
66.14               0.0000         -0.0000          0.0018          0.0738
66.16              -0.0000          0.0000          0.0030          0.0736
66.18              -0.0000         -0.0000          0.0042          0.0734
66.20              -0.0000          0.0000          0.0054          0.0733
66.22               0.0000         -0.0000          0.0066          0.0731
66.24               0.0000          0.0000          0.0078          0.0729
66.26               0.0000          0.0000          0.0090          0.0726
66.28              -0.0000          0.0000          0.0102          0.0724
66.30               0.0000         -0.0000          0.0114          0.0722
66.32              -0.0000          0.0000          0.0126          0.0720
66.34              -0.0000          0.0000          0.0138          0.0718
66.36              -0.0000         -0.0000          0.0150          0.0715
66.38               0.0000          0.0000          0.0162          0.0713
66.40               0.0000         -0.0000          0.0173          0.0710
66.42               0.0000          0.0000          0.0185          0.0708
66.44               0.0000         -0.0000          0.0197          0.0705
66.46               0.0000          0.0000          0.0209          0.0702
66.48              -0.0000          0.0000          0.0221          0.0699
66.50              -0.0000         -0.0000          0.0233          0.0697
66.52               0.0000          0.0000          0.0244          0.0694
66.54               0.0000         -0.0000          0.0256          0.0691
66.56               0.0000          0.0000          0.0268          0.0688
66.58               0.0000         -0.0000          0.0279          0.0685
66.60               0.0000         -0.0000          0.0291          0.0682
66.62              -0.0000         -0.0000          0.0303          0.0678
66.64               0.0000          0.0000          0.0314          0.0675
66.66               0.0000         -0.0000          0.0326          0.0672
66.68              -0.0000         -0.0000          0.0337          0.0669
66.70              -0.0000         -0.0000          0.0349          0.0665
66.72               0.0000          0.0000          0.0361          0.0662
66.74               0.0000         -0.0000          0.0372          0.0658
66.76              -0.0000         -0.0000          0.0383          0.0655
66.78              -0.0000          0.0000          0.0395          0.0651
66.80              -0.0000         -0.0000          0.0406          0.0647
66.82               0.0000         -0.0000          0.0418          0.0644
66.84              -0.0000          0.0000          0.0429          0.0640
66.86              -0.0000          0.0000          0.0440          0.0636
66.88              -0.0000         -0.0000          0.0451          0.0632
66.90               0.0000         -0.0000          0.0462          0.0628
66.92              -0.0000          0.0000          0.0474          0.0624
66.94              -0.0000         -0.0000          0.0485          0.0620
66.96              -0.0000          0.0000          0.0496          0.0616
66.98              -0.0000          0.0000          0.0507          0.0612
67.00              -0.0000          0.0000          0.0518          0.0608
67.02              -0.0000          0.0000          0.0529          0.0603
67.04               0.0000         -0.0000          0.0540          0.0599
67.06              -0.0000         -0.0000          0.0550          0.0595
67.08              -0.0000          0.0000          0.0561          0.0590
67.10              -0.0000         -0.0000          0.0572          0.0586
67.12              -0.0000         -0.0000          0.0583          0.0581
67.14              -0.0000         -0.0000          0.0593          0.0577
67.16              -0.0000         -0.0000          0.0604          0.0572
67.18              -0.0000         -0.0000          0.0614          0.0568
67.20               0.0000         -0.0000          0.0625          0.0563
67.22               0.0000         -0.0000          0.0635          0.0558
67.24               0.0000          0.0000          0.0646          0.0553
67.26              -0.0000          0.0000          0.0656          0.0548
67.28              -0.0000         -0.0000          0.0666          0.0544
67.30               0.0000         -0.0000          0.0677          0.0539
67.32               0.0000          0.0000          0.0687          0.0534
67.34              -0.0000          0.0000          0.0697          0.0529
67.36              -0.0000          0.0000          0.0707          0.0523
67.38               0.0000          0.0000          0.0717          0.0518
67.40               0.0000         -0.0000          0.0727          0.0513
67.42              -0.0000          0.0000          0.0737          0.0508
67.44              -0.0000         -0.0000          0.0747          0.0503
67.46               0.0000          0.0000          0.0756          0.0497
67.48              -0.0000         -0.0000          0.0766          0.0492
67.50               0.0000          0.0000          0.0776          0.0487
67.52              -0.0000         -0.0000          0.0785          0.0481
67.54               0.0000          0.0000          0.0795          0.0476
67.56               0.0000          0.0000          0.0804          0.0470
67.58              -0.0000          0.0000          0.0813          0.0465
67.60               0.0000          0.0000          0.0823          0.0459
67.62              -0.0000          0.0000          0.0832          0.0453
67.64               0.0000         -0.0000          0.0841          0.0448
67.66               0.0000         -0.0000          0.0850          0.0442
67.68               0.0000          0.0000          0.0859          0.0436
67.70               0.0000         -0.0000          0.0868          0.0431
67.72               0.0000          0.0000          0.0877          0.0425
67.74              -0.0000         -0.0000          0.0886          0.0419
67.76              -0.0000         -0.0000          0.0895          0.0413
67.78               0.0000         -0.0000          0.0903          0.0407
67.80               0.0000          0.0000          0.0912          0.0401
67.82               0.0000          0.0000          0.0920          0.0395
67.84              -0.0000         -0.0000          0.0929          0.0389
67.86              -0.0000          0.0000          0.0937          0.0383
67.88              -0.0000          0.0000          0.0945          0.0377
67.90               0.0000         -0.0000          0.0954          0.0371
67.92              -0.0000          0.0000          0.0962          0.0364
67.94               0.0000          0.0000          0.0970          0.0358
67.96               0.0000          0.0000          0.0978          0.0352
67.98               0.0000          0.0000          0.0986          0.0346
68.00               0.0000          0.0000          0.0994          0.0339
68.02              -0.0000          0.0000          0.1001          0.0333
68.04               0.0000         -0.0000          0.1009          0.0327
68.06              -0.0000          0.0000          0.1016          0.0320
68.08              -0.0000          0.0000          0.1024          0.0314
68.10              -0.0000         -0.0000          0.1031          0.0307
68.12               0.0000          0.0000          0.1039          0.0301
68.14              -0.0000          0.0000          0.1046          0.0294
68.16              -0.0000          0.0000          0.1053          0.0288
68.18               0.0000         -0.0000          0.1060          0.0281
68.20              -0.0000          0.0000          0.1067          0.0275
68.22               0.0000         -0.0000          0.1074          0.0268
68.24              -0.0000         -0.0000          0.1081          0.0261
68.26              -0.0000          0.0000          0.1087          0.0255
68.28              -0.0000          0.0000          0.1094          0.0248
68.30               0.0000          0.0000          0.1101          0.0241
68.32               0.0000         -0.0000          0.1107          0.0234
68.34               0.0000          0.0000          0.1113          0.0228
68.36              -0.0000         -0.0000          0.1120          0.0221
68.38               0.0000         -0.0000          0.1126          0.0214
68.40              -0.0000          0.0000          0.1132          0.0207
68.42              -0.0000         -0.0000          0.1138          0.0200
68.44               0.0000         -0.0000          0.1144          0.0193
68.46               0.0000          0.0000          0.1150          0.0187
68.48               0.0000          0.0000          0.1155          0.0180
68.50              -0.0000         -0.0000          0.1161          0.0173
68.52               0.0000          0.0000          0.1166          0.0166
68.54               0.0000         -0.0000          0.1172          0.0159
68.56              -0.0000         -0.0000          0.1177          0.0152
68.58               0.0000          0.0000          0.1182          0.0145
68.60              -0.0000          0.0000          0.1188          0.0138
68.62               0.0000         -0.0000          0.1193          0.0131
68.64               0.0000          0.0000          0.1197          0.0124
68.66              -0.0000         -0.0000          0.1202          0.0116
68.68              -0.0000         -0.0000          0.1207          0.0109
68.70               0.0000         -0.0000          0.1212          0.0102
68.72              -0.0000         -0.0000          0.1216          0.0095
68.74              -0.0000         -0.0000          0.1221          0.0088
68.76               0.0000          0.0000          0.1225          0.0081
68.78              -0.0000          0.0000          0.1229          0.0074
68.80               0.0000         -0.0000          0.1233          0.0067
68.82              -0.0000         -0.0000          0.1237          0.0059
68.84               0.0000         -0.0000          0.1241          0.0052
68.86              -0.0000          0.0000          0.1245          0.0045
68.88               0.0000         -0.0000          0.1249          0.0038
68.90               0.0000          0.0000          0.1253          0.0031
68.92               0.0000         -0.0000          0.1256          0.0023
68.94               0.0000          0.0000          0.1259          0.0016
68.96              -0.0000          0.0000          0.1263          0.0009
68.98              -0.0000          0.0000          0.1266          0.0002
69.00               0.0000          0.0000          0.1269         -0.0005
69.02              -0.0000          0.0000          0.1272         -0.0013
69.04               0.0000          0.0000          0.1275         -0.0020
69.06              -0.0000          0.0000          0.1278         -0.0027
69.08              -0.0000         -0.0000          0.1280         -0.0034
69.10              -0.0000         -0.0000          0.1283         -0.0041
69.12              -0.0000         -0.0000          0.1286         -0.0049
69.14               0.0000          0.0000          0.1288         -0.0056
69.16              -0.0000          0.0000          0.1290         -0.0063
69.18               0.0000          0.0000          0.1292         -0.0070
69.20              -0.0000         -0.0000          0.1294         -0.0078
69.22              -0.0000          0.0000          0.1296         -0.0085
69.24               0.0000         -0.0000          0.1298         -0.0092
69.26              -0.0000         -0.0000          0.1300         -0.0099
69.28               0.0000         -0.0000          0.1302         -0.0106
69.30               0.0000         -0.0000          0.1303         -0.0114
69.32              -0.0000          0.0000          0.1305         -0.0121
69.34               0.0000         -0.0000          0.1306         -0.0128
69.36              -0.0000         -0.0000          0.1307         -0.0135
69.38               0.0000         -0.0000          0.1308         -0.0142
69.40               0.0000         -0.0000          0.1309         -0.0149
69.42               0.0000          0.0000          0.1310         -0.0156
69.44              -0.0000          0.0000          0.1311         -0.0164
69.46              -0.0000         -0.0000          0.1312         -0.0171
69.48               0.0000         -0.0000          0.1312         -0.0178
69.50              -0.0000          0.0000          0.1313         -0.0185
69.52              -0.0000         -0.0000          0.1313         -0.0192
69.54               0.0000          0.0000          0.1313         -0.0199
69.56              -0.0000         -0.0000          0.1313         -0.0206
69.58               0.0000          0.0000          0.1313         -0.0213
69.60               0.0000          0.0000          0.1313         -0.0220
69.62               0.0000          0.0000          0.1313         -0.0227
69.64              -0.0000         -0.0000          0.1313         -0.0234
69.66              -0.0000         -0.0000          0.1312         -0.0241
69.68              -0.0000         -0.0000          0.1312         -0.0248
69.70              -0.0000         -0.0000          0.1311         -0.0255
69.72              -0.0000         -0.0000          0.1311         -0.0262
69.74               0.0000         -0.0000          0.1310         -0.0269
69.76              -0.0000         -0.0000          0.1309         -0.0276
69.78               0.0000         -0.0000          0.1308         -0.0282
69.80              -0.0000         -0.0000          0.1307         -0.0289
69.82              -0.0000          0.0000          0.1306         -0.0296
69.84               0.0000          0.0000          0.1304         -0.0303
69.86               0.0000          0.0000          0.1303         -0.0310
69.88               0.0000          0.0000          0.1301         -0.0316
69.90              -0.0000         -0.0000          0.1300         -0.0323
69.92               0.0000         -0.0000          0.1298         -0.0330
69.94               0.0000         -0.0000          0.1296         -0.0336
69.96               0.0000         -0.0000          0.1294         -0.0343
69.98              -0.0000         -0.0000          0.1292         -0.0350
70.00               0.0000         -0.0000          0.1290         -0.0356
70.02              -0.0000         -0.0000          0.1287         -0.0363
70.04              -0.0000         -0.0000          0.1285         -0.0369
70.06               0.0000          0.0000          0.1283         -0.0376
70.08               0.0000         -0.0000          0.1280         -0.0382
70.10               0.0000          0.0000          0.1277         -0.0389
70.12              -0.0000         -0.0000          0.1274         -0.0395
70.14               0.0000          0.0000          0.1272         -0.0402
70.16              -0.0000          0.0000          0.1269         -0.0408
70.18               0.0000          0.0000          0.1265         -0.0414
70.20              -0.0000         -0.0000          0.1262         -0.0421
70.22               0.0000          0.0000          0.1259         -0.0427
70.24              -0.0000          0.0000          0.1255         -0.0433
70.26               0.0000          0.0000          0.1252         -0.0440
70.28              -0.0000         -0.0000          0.1248         -0.0446
70.30              -0.0000          0.0000          0.1245         -0.0452
70.32              -0.0000         -0.0000          0.1241         -0.0458
70.34               0.0000         -0.0000          0.1237         -0.0464
70.36              -0.0000          0.0000          0.1233         -0.0470
70.38               0.0000         -0.0000          0.1229         -0.0476
70.40               0.0000         -0.0000          0.1225         -0.0482
70.42               0.0000         -0.0000          0.1220         -0.0488
70.44               0.0000          0.0000          0.1216         -0.0494
70.46               0.0000          0.0000          0.1211         -0.0500
70.48               0.0000          0.0000          0.1207         -0.0506
70.50               0.0000         -0.0000          0.1202         -0.0512
70.52              -0.0000         -0.0000          0.1197         -0.0517
70.54              -0.0000         -0.0000          0.1192         -0.0523
70.56               0.0000         -0.0000          0.1187         -0.0529
70.58               0.0000          0.0000          0.1182         -0.0534
70.60              -0.0000          0.0000          0.1177         -0.0540
70.62               0.0000         -0.0000          0.1172         -0.0546
70.64              -0.0000         -0.0000          0.1167         -0.0551
70.66               0.0000          0.0000          0.1161         -0.0557
70.68              -0.0000          0.0000          0.1156         -0.0562
70.70              -0.0000          0.0000          0.1150         -0.0567
70.72              -0.0000         -0.0000          0.1144         -0.0573
70.74               0.0000          0.0000          0.1138         -0.0578
70.76               0.0000          0.0000          0.1132         -0.0583
70.78               0.0000         -0.0000          0.1126         -0.0589
70.80               0.0000          0.0000          0.1120         -0.0594
70.82               0.0000         -0.0000          0.1114         -0.0599
70.84               0.0000          0.0000          0.1108         -0.0604
70.86              -0.0000         -0.0000          0.1102         -0.0609
70.88               0.0000          0.0000          0.1095         -0.0614
70.90               0.0000          0.0000          0.1089         -0.0619
70.92               0.0000          0.0000          0.1082         -0.0624
70.94              -0.0000         -0.0000          0.1075         -0.0629
70.96              -0.0000          0.0000          0.1069         -0.0634
70.98               0.0000          0.0000          0.1062         -0.0638
71.00              -0.0000          0.0000          0.1055         -0.0643
71.02              -0.0000         -0.0000          0.1048         -0.0648
71.04               0.0000         -0.0000          0.1041         -0.0652
71.06              -0.0000         -0.0000          0.1033         -0.0657
71.08              -0.0000         -0.0000          0.1026         -0.0661
71.10              -0.0000          0.0000          0.1019         -0.0666
71.12               0.0000          0.0000          0.1011         -0.0670
71.14               0.0000         -0.0000          0.1004         -0.0675
71.16               0.0000          0.0000          0.0996         -0.0679
71.18               0.0000          0.0000          0.0989         -0.0683
71.20               0.0000         -0.0000          0.0981         -0.0687
71.22               0.0000          0.0000          0.0973         -0.0691
71.24              -0.0000         -0.0000          0.0965         -0.0696
71.26               0.0000          0.0000          0.0957         -0.0700
71.28              -0.0000         -0.0000          0.0949         -0.0704
71.30               0.0000          0.0000          0.0941         -0.0707
71.32               0.0000         -0.0000          0.0933         -0.0711
71.34              -0.0000          0.0000          0.0924         -0.0715
71.36               0.0000          0.0000          0.0916         -0.0719
71.38              -0.0000         -0.0000          0.0908         -0.0723
71.40               0.0000         -0.0000          0.0899         -0.0726
71.42               0.0000          0.0000          0.0890         -0.0730
71.44               0.0000         -0.0000          0.0882         -0.0733
71.46              -0.0000         -0.0000          0.0873         -0.0737
71.48              -0.0000         -0.0000          0.0864         -0.0740
71.50              -0.0000         -0.0000          0.0855         -0.0743
71.52               0.0000          0.0000          0.0847         -0.0747
71.54               0.0000         -0.0000          0.0838         -0.0750
71.56              -0.0000         -0.0000          0.0829         -0.0753
71.58              -0.0000          0.0000          0.0819         -0.0756
71.60               0.0000          0.0000          0.0810         -0.0759
71.62               0.0000          0.0000          0.0801         -0.0762
71.64              -0.0000         -0.0000          0.0792         -0.0765
71.66               0.0000         -0.0000          0.0782         -0.0768
71.68              -0.0000          0.0000          0.0773         -0.0771
71.70               0.0000         -0.0000          0.0763         -0.0773
71.72              -0.0000         -0.0000          0.0754         -0.0776
71.74               0.0000          0.0000          0.0744         -0.0779
71.76              -0.0000          0.0000          0.0735         -0.0781
71.78               0.0000          0.0000          0.0725         -0.0783
71.80               0.0000          0.0000          0.0715         -0.0786
71.82              -0.0000          0.0000          0.0705         -0.0788
71.84              -0.0000          0.0000          0.0695         -0.0790
71.86              -0.0000         -0.0000          0.0686         -0.0793
71.88               0.0000          0.0000          0.0676         -0.0795
71.90               0.0000         -0.0000          0.0665         -0.0797
71.92               0.0000         -0.0000          0.0655         -0.0799
71.94               0.0000         -0.0000          0.0645         -0.0801
71.96               0.0000         -0.0000          0.0635         -0.0803
71.98              -0.0000         -0.0000          0.0625         -0.0804
72.00               0.0000         -0.0000          0.0615         -0.0806
72.02              -0.0000          0.0000          0.0604         -0.0808
72.04              -0.0000          0.0000          0.0594         -0.0809
72.06               0.0000         -0.0000          0.0583         -0.0811
72.08              -0.0000         -0.0000          0.0573         -0.0812
72.10               0.0000          0.0000          0.0562         -0.0814
72.12               0.0000          0.0000          0.0552         -0.0815
72.14              -0.0000          0.0000          0.0541         -0.0816
72.16               0.0000         -0.0000          0.0531         -0.0818
72.18              -0.0000          0.0000          0.0520         -0.0819
72.20              -0.0000         -0.0000          0.0509         -0.0820
72.22               0.0000         -0.0000          0.0498         -0.0821
72.24               0.0000         -0.0000          0.0488         -0.0822
72.26               0.0000         -0.0000          0.0477         -0.0823
72.28              -0.0000          0.0000          0.0466         -0.0823
72.30               0.0000          0.0000          0.0455         -0.0824
72.32              -0.0000         -0.0000          0.0444         -0.0825
72.34              -0.0000         -0.0000          0.0433         -0.0825
72.36              -0.0000          0.0000          0.0422         -0.0826
72.38              -0.0000          0.0000          0.0411         -0.0826
72.40              -0.0000          0.0000          0.0400         -0.0827
72.42              -0.0000          0.0000          0.0389         -0.0827
72.44              -0.0000          0.0000          0.0378         -0.0827
72.46               0.0000         -0.0000          0.0367         -0.0827
72.48              -0.0000          0.0000          0.0355         -0.0827
72.50               0.0000          0.0000          0.0344         -0.0828
72.52              -0.0000          0.0000          0.0333         -0.0828
72.54              -0.0000          0.0000          0.0322         -0.0827
72.56              -0.0000         -0.0000          0.0310         -0.0827
72.58               0.0000          0.0000          0.0299         -0.0827
72.60               0.0000         -0.0000          0.0288         -0.0827
72.62              -0.0000         -0.0000          0.0276         -0.0826
72.64              -0.0000          0.0000          0.0265         -0.0826
72.66              -0.0000          0.0000          0.0254         -0.0825
72.68               0.0000          0.0000          0.0242         -0.0825
72.70              -0.0000          0.0000          0.0231         -0.0824
72.72              -0.0000          0.0000          0.0219         -0.0824
72.74              -0.0000         -0.0000          0.0208         -0.0823
72.76               0.0000          0.0000          0.0197         -0.0822
72.78              -0.0000          0.0000          0.0185         -0.0821
72.80              -0.0000          0.0000          0.0174         -0.0820
72.82               0.0000         -0.0000          0.0162         -0.0819
72.84              -0.0000         -0.0000          0.0151         -0.0818
72.86               0.0000         -0.0000          0.0139         -0.0817
72.88              -0.0000          0.0000          0.0128         -0.0816
72.90               0.0000          0.0000          0.0116         -0.0814
72.92               0.0000         -0.0000          0.0104         -0.0813
72.94              -0.0000          0.0000          0.0093         -0.0812
72.96              -0.0000          0.0000          0.0081         -0.0810
72.98              -0.0000         -0.0000          0.0070         -0.0809
73.00              -0.0000          0.0000          0.0058         -0.0807
73.02              -0.0000         -0.0000          0.0047         -0.0805
73.04              -0.0000          0.0000          0.0035         -0.0803
73.06              -0.0000          0.0000          0.0024         -0.0802
73.08               0.0000         -0.0000          0.0012         -0.0800
73.10               0.0000          0.0000          0.0000         -0.0798
73.12               0.0000          0.0000         -0.0011         -0.0796
73.14               0.0000         -0.0000         -0.0023         -0.0794
73.16               0.0000          0.0000         -0.0034         -0.0792
73.18               0.0000         -0.0000         -0.0046         -0.0789
73.20              -0.0000          0.0000         -0.0057         -0.0787
73.22              -0.0000          0.0000         -0.0069         -0.0785
73.24               0.0000          0.0000         -0.0080         -0.0782
73.26               0.0000         -0.0000         -0.0092         -0.0780
73.28              -0.0000          0.0000         -0.0103         -0.0777
73.30               0.0000          0.0000         -0.0115         -0.0775
73.32              -0.0000          0.0000         -0.0126         -0.0772
73.34               0.0000         -0.0000         -0.0138         -0.0769
73.36              -0.0000          0.0000         -0.0149         -0.0766
73.38               0.0000         -0.0000         -0.0161         -0.0764
73.40               0.0000          0.0000         -0.0172         -0.0761
73.42               0.0000          0.0000         -0.0183         -0.0758
73.44              -0.0000          0.0000         -0.0195         -0.0755
73.46              -0.0000         -0.0000         -0.0206         -0.0751
73.48              -0.0000          0.0000         -0.0218         -0.0748
73.50               0.0000          0.0000         -0.0229         -0.0745
73.52              -0.0000         -0.0000         -0.0240         -0.0742
73.54              -0.0000         -0.0000         -0.0252         -0.0738
73.56              -0.0000          0.0000         -0.0263         -0.0735
73.58               0.0000          0.0000         -0.0274         -0.0731
73.60               0.0000         -0.0000         -0.0285         -0.0728
73.62               0.0000          0.0000         -0.0297         -0.0724
73.64              -0.0000         -0.0000         -0.0308         -0.0721
73.66              -0.0000          0.0000         -0.0319         -0.0717
73.68               0.0000          0.0000         -0.0330         -0.0713
73.70              -0.0000         -0.0000         -0.0341         -0.0709
73.72              -0.0000         -0.0000         -0.0352         -0.0705
73.74               0.0000          0.0000         -0.0363         -0.0701
73.76               0.0000         -0.0000         -0.0374         -0.0697
73.78              -0.0000         -0.0000         -0.0385         -0.0693
73.80               0.0000         -0.0000         -0.0396         -0.0689
73.82              -0.0000         -0.0000         -0.0407         -0.0685
73.84               0.0000          0.0000         -0.0418         -0.0680
73.86               0.0000         -0.0000         -0.0429         -0.0676
73.88              -0.0000         -0.0000         -0.0439         -0.0671
73.90              -0.0000          0.0000         -0.0450         -0.0667
73.92              -0.0000          0.0000         -0.0461         -0.0662
73.94               0.0000         -0.0000         -0.0472         -0.0658
73.96               0.0000         -0.0000         -0.0482         -0.0653
73.98              -0.0000          0.0000         -0.0493         -0.0649
74.00               0.0000         -0.0000         -0.0503         -0.0644
74.02               0.0000         -0.0000         -0.0514         -0.0639
74.04              -0.0000         -0.0000         -0.0524         -0.0634
74.06               0.0000         -0.0000         -0.0535         -0.0629
74.08               0.0000         -0.0000         -0.0545         -0.0624
74.10              -0.0000          0.0000         -0.0556         -0.0619
74.12               0.0000         -0.0000         -0.0566         -0.0614
74.14               0.0000          0.0000         -0.0576         -0.0609
74.16               0.0000          0.0000         -0.0586         -0.0604
74.18               0.0000          0.0000         -0.0597         -0.0598
74.20               0.0000          0.0000         -0.0607         -0.0593
74.22              -0.0000          0.0000         -0.0617         -0.0588
74.24               0.0000          0.0000         -0.0627         -0.0582
74.26               0.0000         -0.0000         -0.0637         -0.0577
74.28               0.0000          0.0000         -0.0647         -0.0571
74.30               0.0000          0.0000         -0.0656         -0.0566
74.32               0.0000          0.0000         -0.0666         -0.0560
74.34              -0.0000          0.0000         -0.0676         -0.0554
74.36              -0.0000         -0.0000         -0.0686         -0.0549
74.38              -0.0000         -0.0000         -0.0695         -0.0543
74.40              -0.0000          0.0000         -0.0705         -0.0537
74.42               0.0000         -0.0000         -0.0714         -0.0531
74.44               0.0000          0.0000         -0.0724         -0.0525
74.46              -0.0000          0.0000         -0.0733         -0.0519
74.48               0.0000          0.0000         -0.0742         -0.0513
74.50              -0.0000         -0.0000         -0.0752         -0.0507
74.52               0.0000          0.0000         -0.0761         -0.0501
74.54               0.0000          0.0000         -0.0770         -0.0495
74.56              -0.0000         -0.0000         -0.0779         -0.0489
74.58              -0.0000         -0.0000         -0.0788         -0.0483
74.60               0.0000          0.0000         -0.0797         -0.0476
74.62              -0.0000         -0.0000         -0.0806         -0.0470
74.64               0.0000          0.0000         -0.0815         -0.0464
74.66               0.0000         -0.0000         -0.0823         -0.0457
74.68              -0.0000          0.0000         -0.0832         -0.0451
74.70              -0.0000         -0.0000         -0.0841         -0.0444
74.72              -0.0000         -0.0000         -0.0849         -0.0438
74.74              -0.0000          0.0000         -0.0858         -0.0431
74.76               0.0000          0.0000         -0.0866         -0.0425
74.78               0.0000          0.0000         -0.0874         -0.0418
74.80               0.0000          0.0000         -0.0883         -0.0411
74.82               0.0000         -0.0000         -0.0891         -0.0405
74.84               0.0000         -0.0000         -0.0899         -0.0398
74.86              -0.0000         -0.0000         -0.0907         -0.0391
74.88              -0.0000         -0.0000         -0.0915         -0.0384
74.90               0.0000         -0.0000         -0.0923         -0.0378
74.92              -0.0000         -0.0000         -0.0931         -0.0371
74.94              -0.0000          0.0000         -0.0938         -0.0364
74.96               0.0000         -0.0000         -0.0946         -0.0357
74.98               0.0000          0.0000         -0.0953         -0.0350
75.00               0.0000         -0.0000         -0.0961         -0.0343
75.02               0.0000         -0.0000         -0.0968         -0.0336
75.04               0.0000          0.0000         -0.0976         -0.0329
75.06              -0.0000         -0.0000         -0.0983         -0.0322
75.08               0.0000          0.0000         -0.0990         -0.0315
75.10               0.0000         -0.0000         -0.0997         -0.0307
75.12               0.0000          0.0000         -0.1004         -0.0300
75.14               0.0000          0.0000         -0.1011         -0.0293
75.16               0.0000         -0.0000         -0.1018         -0.0286
75.18               0.0000          0.0000         -0.1025         -0.0279
75.20               0.0000          0.0000         -0.1031         -0.0271
75.22               0.0000         -0.0000         -0.1038         -0.0264
75.24               0.0000         -0.0000         -0.1044         -0.0257
75.26               0.0000          0.0000         -0.1051         -0.0249
75.28               0.0000         -0.0000         -0.1057         -0.0242
75.30               0.0000          0.0000         -0.1063         -0.0235
75.32              -0.0000         -0.0000         -0.1069         -0.0227
75.34               0.0000          0.0000         -0.1076         -0.0220
75.36              -0.0000          0.0000         -0.1082         -0.0212
75.38              -0.0000         -0.0000         -0.1087         -0.0205
75.40               0.0000         -0.0000         -0.1093         -0.0197
75.42               0.0000         -0.0000         -0.1099         -0.0190
75.44               0.0000         -0.0000         -0.1104         -0.0182
75.46               0.0000         -0.0000         -0.1110         -0.0175
75.48               0.0000         -0.0000         -0.1115         -0.0167
75.50               0.0000          0.0000         -0.1121         -0.0160
75.52               0.0000         -0.0000         -0.1126         -0.0152
75.54               0.0000          0.0000         -0.1131         -0.0145
75.56               0.0000         -0.0000         -0.1136         -0.0137
75.58              -0.0000         -0.0000         -0.1141         -0.0129
75.60               0.0000          0.0000         -0.1146         -0.0122
75.62               0.0000         -0.0000         -0.1151         -0.0114
75.64              -0.0000          0.0000         -0.1156         -0.0106
75.66               0.0000          0.0000         -0.1160         -0.0099
75.68              -0.0000         -0.0000         -0.1165         -0.0091
75.70               0.0000         -0.0000         -0.1169         -0.0083
75.72              -0.0000         -0.0000         -0.1173         -0.0075
75.74               0.0000          0.0000         -0.1178         -0.0068
75.76               0.0000          0.0000         -0.1182         -0.0060
75.78               0.0000         -0.0000         -0.1186         -0.0052
75.80              -0.0000         -0.0000         -0.1190         -0.0045
75.82               0.0000          0.0000         -0.1194         -0.0037
75.84               0.0000          0.0000         -0.1197         -0.0029
75.86               0.0000          0.0000         -0.1201         -0.0021
75.88              -0.0000          0.0000         -0.1204         -0.0013
75.90              -0.0000          0.0000         -0.1208         -0.0006
75.92               0.0000          0.0000         -0.1211          0.0002
75.94               0.0000          0.0000         -0.1215          0.0010
75.96               0.0000          0.0000         -0.1218          0.0018
75.98               0.0000          0.0000         -0.1221          0.0026
76.00              -0.0000          0.0000         -0.1224          0.0033
76.02              -0.0000         -0.0000         -0.1227          0.0041
76.04              -0.0000         -0.0000         -0.1229          0.0049
76.06               0.0000          0.0000         -0.1232          0.0057
76.08               0.0000         -0.0000         -0.1234          0.0065
76.10               0.0000          0.0000         -0.1237          0.0072
76.12               0.0000          0.0000         -0.1239          0.0080
76.14              -0.0000         -0.0000         -0.1242          0.0088
76.16              -0.0000         -0.0000         -0.1244          0.0096
76.18               0.0000          0.0000         -0.1246          0.0104
76.20               0.0000         -0.0000         -0.1248          0.0111
76.22               0.0000         -0.0000         -0.1250          0.0119
76.24              -0.0000          0.0000         -0.1251          0.0127
76.26               0.0000          0.0000         -0.1253          0.0135
76.28              -0.0000         -0.0000         -0.1254          0.0143
76.30              -0.0000         -0.0000         -0.1256          0.0150
76.32               0.0000          0.0000         -0.1257          0.0158
76.34               0.0000          0.0000         -0.1259          0.0166
76.36               0.0000          0.0000         -0.1260          0.0174
76.38               0.0000         -0.0000         -0.1261          0.0181
76.40               0.0000          0.0000         -0.1262          0.0189
76.42              -0.0000          0.0000         -0.1262          0.0197
76.44              -0.0000          0.0000         -0.1263          0.0204
76.46               0.0000          0.0000         -0.1264          0.0212
76.48              -0.0000          0.0000         -0.1264          0.0220
76.50               0.0000          0.0000         -0.1265          0.0227
76.52               0.0000         -0.0000         -0.1265          0.0235
76.54              -0.0000          0.0000         -0.1265          0.0243
76.56              -0.0000         -0.0000         -0.1265          0.0250
76.58               0.0000          0.0000         -0.1265          0.0258
76.60              -0.0000          0.0000         -0.1265          0.0265
76.62               0.0000         -0.0000         -0.1265          0.0273
76.64              -0.0000         -0.0000         -0.1265          0.0280
76.66              -0.0000         -0.0000         -0.1264          0.0288
76.68              -0.0000         -0.0000         -0.1264          0.0295
76.70              -0.0000          0.0000         -0.1263          0.0303
76.72               0.0000         -0.0000         -0.1263          0.0310
76.74              -0.0000         -0.0000         -0.1262          0.0318
76.76               0.0000          0.0000         -0.1261          0.0325
76.78               0.0000         -0.0000         -0.1260          0.0333
76.80              -0.0000         -0.0000         -0.1259          0.0340
76.82              -0.0000         -0.0000         -0.1257          0.0347
76.84               0.0000         -0.0000         -0.1256          0.0355
76.86              -0.0000         -0.0000         -0.1255          0.0362
76.88              -0.0000          0.0000         -0.1253          0.0369
76.90              -0.0000         -0.0000         -0.1251          0.0376
76.92              -0.0000         -0.0000         -0.1250          0.0383
76.94               0.0000         -0.0000         -0.1248          0.0391
76.96               0.0000          0.0000         -0.1246          0.0398
76.98               0.0000          0.0000         -0.1244          0.0405
77.00               0.0000         -0.0000         -0.1242          0.0412
77.02               0.0000         -0.0000         -0.1240          0.0419
77.04              -0.0000         -0.0000         -0.1237          0.0426
77.06              -0.0000         -0.0000         -0.1235          0.0433
77.08               0.0000          0.0000         -0.1232          0.0440
77.10              -0.0000         -0.0000         -0.1230          0.0447
77.12              -0.0000         -0.0000         -0.1227          0.0454
77.14              -0.0000          0.0000         -0.1224          0.0460
77.16              -0.0000         -0.0000         -0.1221          0.0467
77.18               0.0000         -0.0000         -0.1218          0.0474
77.20              -0.0000          0.0000         -0.1215          0.0481
77.22              -0.0000          0.0000         -0.1212          0.0487
77.24              -0.0000          0.0000         -0.1208          0.0494
77.26               0.0000         -0.0000         -0.1205          0.0501
77.28               0.0000          0.0000         -0.1202          0.0507
77.30              -0.0000         -0.0000         -0.1198          0.0514
77.32              -0.0000          0.0000         -0.1194          0.0520
77.34               0.0000          0.0000         -0.1190          0.0527
77.36              -0.0000         -0.0000         -0.1187          0.0533
77.38               0.0000         -0.0000         -0.1183          0.0539
77.40              -0.0000         -0.0000         -0.1178          0.0546
77.42              -0.0000         -0.0000         -0.1174          0.0552
77.44               0.0000          0.0000         -0.1170          0.0558
77.46              -0.0000          0.0000         -0.1166          0.0564
77.48               0.0000         -0.0000         -0.1161          0.0571
77.50              -0.0000         -0.0000         -0.1157          0.0577
77.52              -0.0000          0.0000         -0.1152          0.0583
77.54               0.0000          0.0000         -0.1147          0.0589
77.56               0.0000         -0.0000         -0.1142          0.0595
77.58               0.0000          0.0000         -0.1138          0.0601
77.60              -0.0000         -0.0000         -0.1133          0.0606
77.62               0.0000          0.0000         -0.1127          0.0612
77.64               0.0000         -0.0000         -0.1122          0.0618
77.66              -0.0000          0.0000         -0.1117          0.0624
77.68              -0.0000         -0.0000         -0.1112          0.0629
77.70              -0.0000          0.0000         -0.1106          0.0635
77.72              -0.0000         -0.0000         -0.1101          0.0641
77.74               0.0000         -0.0000         -0.1095          0.0646
77.76              -0.0000          0.0000         -0.1089          0.0652
77.78               0.0000         -0.0000         -0.1084          0.0657
77.80              -0.0000         -0.0000         -0.1078          0.0662
77.82               0.0000          0.0000         -0.1072          0.0668
77.84               0.0000          0.0000         -0.1066          0.0673
77.86              -0.0000          0.0000         -0.1060          0.0678
77.88               0.0000         -0.0000         -0.1053          0.0683
77.90              -0.0000         -0.0000         -0.1047          0.0688
77.92               0.0000         -0.0000         -0.1041          0.0694
77.94              -0.0000         -0.0000         -0.1034          0.0698
77.96               0.0000          0.0000         -0.1028          0.0703
77.98               0.0000         -0.0000         -0.1021          0.0708
78.00              -0.0000          0.0000         -0.1014          0.0713
78.02              -0.0000          0.0000         -0.1008          0.0718
78.04              -0.0000         -0.0000         -0.1001          0.0723
78.06              -0.0000         -0.0000         -0.0994          0.0727
78.08              -0.0000          0.0000         -0.0987          0.0732
78.10               0.0000          0.0000         -0.0980          0.0736
78.12               0.0000          0.0000         -0.0972          0.0741
78.14               0.0000          0.0000         -0.0965          0.0745
78.16               0.0000         -0.0000         -0.0958          0.0750
78.18               0.0000          0.0000         -0.0950          0.0754
78.20              -0.0000         -0.0000         -0.0943          0.0758
78.22              -0.0000          0.0000         -0.0935          0.0762
78.24               0.0000          0.0000         -0.0928          0.0767
78.26              -0.0000          0.0000         -0.0920          0.0771
78.28              -0.0000         -0.0000         -0.0912          0.0775
78.30              -0.0000         -0.0000         -0.0905          0.0779
78.32              -0.0000         -0.0000         -0.0897          0.0782
78.34               0.0000          0.0000         -0.0889          0.0786
78.36               0.0000          0.0000         -0.0881          0.0790
78.38               0.0000          0.0000         -0.0873          0.0794
78.40               0.0000         -0.0000         -0.0864          0.0797
78.42               0.0000          0.0000         -0.0856          0.0801
78.44               0.0000          0.0000         -0.0848          0.0804
78.46              -0.0000          0.0000         -0.0839          0.0808
78.48              -0.0000          0.0000         -0.0831          0.0811
78.50               0.0000         -0.0000         -0.0822          0.0814
78.52              -0.0000          0.0000         -0.0814          0.0818
78.54              -0.0000          0.0000         -0.0805          0.0821
78.56               0.0000         -0.0000         -0.0797          0.0824
78.58              -0.0000         -0.0000         -0.0788          0.0827
78.60              -0.0000          0.0000         -0.0779          0.0830
78.62              -0.0000          0.0000         -0.0770          0.0833
78.64               0.0000         -0.0000         -0.0761          0.0836
78.66               0.0000         -0.0000         -0.0752          0.0838
78.68               0.0000          0.0000         -0.0743          0.0841
78.70              -0.0000         -0.0000         -0.0734          0.0844
78.72              -0.0000          0.0000         -0.0725          0.0846
78.74              -0.0000          0.0000         -0.0715          0.0849
78.76              -0.0000          0.0000         -0.0706          0.0851
78.78              -0.0000         -0.0000         -0.0697          0.0854
78.80              -0.0000          0.0000         -0.0687          0.0856
78.82               0.0000          0.0000         -0.0678          0.0858
78.84               0.0000         -0.0000         -0.0669          0.0860
78.86              -0.0000         -0.0000         -0.0659          0.0862
78.88               0.0000         -0.0000         -0.0649          0.0864
78.90              -0.0000         -0.0000         -0.0640          0.0866
78.92               0.0000         -0.0000         -0.0630          0.0868
78.94              -0.0000         -0.0000         -0.0620          0.0870
78.96              -0.0000         -0.0000         -0.0610          0.0872
78.98               0.0000          0.0000         -0.0601          0.0873
79.00               0.0000          0.0000         -0.0591          0.0875
79.02              -0.0000          0.0000         -0.0581          0.0876
79.04              -0.0000         -0.0000         -0.0571          0.0878
79.06               0.0000         -0.0000         -0.0561          0.0879
79.08              -0.0000         -0.0000         -0.0551          0.0880
79.10              -0.0000          0.0000         -0.0541          0.0882
79.12              -0.0000          0.0000         -0.0530          0.0883
79.14               0.0000          0.0000         -0.0520          0.0884
79.16              -0.0000         -0.0000         -0.0510          0.0885
79.18               0.0000         -0.0000         -0.0500          0.0886
79.20              -0.0000          0.0000         -0.0489          0.0887
79.22               0.0000          0.0000         -0.0479          0.0887
79.24              -0.0000         -0.0000         -0.0469          0.0888
79.26              -0.0000          0.0000         -0.0458          0.0889
79.28               0.0000          0.0000         -0.0448          0.0889
79.30               0.0000          0.0000         -0.0437          0.0890
79.32              -0.0000          0.0000         -0.0427          0.0890
79.34               0.0000         -0.0000         -0.0416          0.0890
79.36               0.0000         -0.0000         -0.0406          0.0891
79.38              -0.0000          0.0000         -0.0395          0.0891
79.40              -0.0000         -0.0000         -0.0384          0.0891
79.42              -0.0000         -0.0000         -0.0374          0.0891
79.44              -0.0000          0.0000         -0.0363          0.0891
79.46               0.0000         -0.0000         -0.0352          0.0891
79.48               0.0000          0.0000         -0.0342          0.0891
79.50              -0.0000          0.0000         -0.0331          0.0890
79.52              -0.0000         -0.0000         -0.0320          0.0890
79.54              -0.0000         -0.0000         -0.0309          0.0890
79.56               0.0000         -0.0000         -0.0298          0.0889
79.58              -0.0000          0.0000         -0.0288          0.0889
79.60               0.0000         -0.0000         -0.0277          0.0888
79.62               0.0000         -0.0000         -0.0266          0.0887
79.64              -0.0000         -0.0000         -0.0255          0.0887
79.66               0.0000         -0.0000         -0.0244          0.0886
79.68              -0.0000         -0.0000         -0.0233          0.0885
79.70              -0.0000         -0.0000         -0.0222          0.0884
79.72               0.0000          0.0000         -0.0211          0.0883
79.74               0.0000         -0.0000         -0.0200          0.0881
79.76              -0.0000          0.0000         -0.0189          0.0880
79.78               0.0000         -0.0000         -0.0178          0.0879
79.80              -0.0000         -0.0000         -0.0167          0.0878
79.82              -0.0000         -0.0000         -0.0156          0.0876
79.84               0.0000         -0.0000         -0.0145          0.0875
79.86              -0.0000          0.0000         -0.0134          0.0873
79.88               0.0000         -0.0000         -0.0123          0.0871
79.90              -0.0000         -0.0000         -0.0112          0.0870
79.92               0.0000         -0.0000         -0.0100          0.0868
79.94               0.0000         -0.0000         -0.0089          0.0866
79.96              -0.0000         -0.0000         -0.0078          0.0864
79.98               0.0000         -0.0000         -0.0067          0.0862
80.00               0.0000         -0.0000         -0.0056          0.0860
80.02               0.0000         -0.0000         -0.0045          0.0858
80.04              -0.0000         -0.0000         -0.0034          0.0856
80.06               0.0000          0.0000         -0.0023          0.0853
80.08               0.0000         -0.0000         -0.0012          0.0851
80.10              -0.0000         -0.0000         -0.0000          0.0848
80.12               0.0000         -0.0000          0.0011          0.0846
80.14              -0.0000         -0.0000          0.0022          0.0843
80.16               0.0000          0.0000          0.0033          0.0841
80.18               0.0000         -0.0000          0.0044          0.0838
80.20               0.0000         -0.0000          0.0055          0.0835
80.22               0.0000         -0.0000          0.0066          0.0832
80.24              -0.0000         -0.0000          0.0077          0.0829
80.26              -0.0000          0.0000          0.0088          0.0826
80.28               0.0000          0.0000          0.0099          0.0823
80.30               0.0000          0.0000          0.0110          0.0820
80.32              -0.0000         -0.0000          0.0121          0.0817
80.34               0.0000         -0.0000          0.0132          0.0814
80.36              -0.0000          0.0000          0.0143          0.0810
80.38              -0.0000          0.0000          0.0154          0.0807
80.40               0.0000         -0.0000          0.0165          0.0803
80.42               0.0000         -0.0000          0.0176          0.0800
80.44              -0.0000          0.0000          0.0187          0.0796
80.46               0.0000         -0.0000          0.0198          0.0792
80.48               0.0000          0.0000          0.0209          0.0789
80.50               0.0000         -0.0000          0.0220          0.0785
80.52               0.0000         -0.0000          0.0231          0.0781
80.54              -0.0000         -0.0000          0.0242          0.0777
80.56               0.0000         -0.0000          0.0253          0.0773
80.58               0.0000         -0.0000          0.0263          0.0769
80.60               0.0000         -0.0000          0.0274          0.0765
80.62              -0.0000         -0.0000          0.0285          0.0761
80.64              -0.0000          0.0000          0.0296          0.0756
80.66               0.0000         -0.0000          0.0306          0.0752
80.68              -0.0000         -0.0000          0.0317          0.0748
80.70               0.0000          0.0000          0.0328          0.0743
80.72               0.0000         -0.0000          0.0338          0.0739
80.74               0.0000         -0.0000          0.0349          0.0734
80.76               0.0000          0.0000          0.0359          0.0729
80.78               0.0000         -0.0000          0.0370          0.0725
80.80              -0.0000          0.0000          0.0380          0.0720
80.82              -0.0000         -0.0000          0.0391          0.0715
80.84              -0.0000          0.0000          0.0401          0.0710
80.86              -0.0000         -0.0000          0.0412          0.0705
80.88               0.0000         -0.0000          0.0422          0.0700
80.90               0.0000          0.0000          0.0432          0.0695
80.92              -0.0000         -0.0000          0.0443          0.0690
80.94               0.0000          0.0000          0.0453          0.0685
80.96              -0.0000         -0.0000          0.0463          0.0679
80.98               0.0000          0.0000          0.0473          0.0674
81.00               0.0000          0.0000          0.0483          0.0669
81.02               0.0000          0.0000          0.0494          0.0663
81.04               0.0000         -0.0000          0.0504          0.0658
81.06              -0.0000         -0.0000          0.0514          0.0652
81.08               0.0000         -0.0000          0.0524          0.0647
81.10              -0.0000          0.0000          0.0534          0.0641
81.12               0.0000          0.0000          0.0543          0.0635
81.14               0.0000          0.0000          0.0553          0.0630
81.16              -0.0000         -0.0000          0.0563          0.0624
81.18              -0.0000         -0.0000          0.0573          0.0618
81.20              -0.0000         -0.0000          0.0582          0.0612
81.22              -0.0000         -0.0000          0.0592          0.0606
81.24               0.0000         -0.0000          0.0602          0.0600
81.26               0.0000          0.0000          0.0611          0.0594
81.28               0.0000         -0.0000          0.0621          0.0588
81.30               0.0000          0.0000          0.0630          0.0582
81.32               0.0000         -0.0000          0.0640          0.0575
81.34               0.0000         -0.0000          0.0649          0.0569
81.36              -0.0000          0.0000          0.0658          0.0563
81.38              -0.0000          0.0000          0.0667          0.0556
81.40              -0.0000         -0.0000          0.0677          0.0550
81.42              -0.0000         -0.0000          0.0686          0.0543
81.44               0.0000         -0.0000          0.0695          0.0537
81.46               0.0000          0.0000          0.0704          0.0530
81.48               0.0000         -0.0000          0.0713          0.0524
81.50               0.0000          0.0000          0.0722          0.0517
81.52              -0.0000          0.0000          0.0731          0.0510
81.54               0.0000         -0.0000          0.0739          0.0504
81.56               0.0000         -0.0000          0.0748          0.0497
81.58              -0.0000         -0.0000          0.0757          0.0490
81.60               0.0000         -0.0000          0.0765          0.0483
81.62              -0.0000          0.0000          0.0774          0.0476
81.64               0.0000          0.0000          0.0782          0.0469
81.66              -0.0000         -0.0000          0.0791          0.0462
81.68              -0.0000         -0.0000          0.0799          0.0455
81.70               0.0000          0.0000          0.0807          0.0448
81.72               0.0000          0.0000          0.0815          0.0441
81.74               0.0000         -0.0000          0.0824          0.0434
81.76              -0.0000          0.0000          0.0832          0.0426
81.78               0.0000          0.0000          0.0840          0.0419
81.80              -0.0000          0.0000          0.0848          0.0412
81.82               0.0000          0.0000          0.0855          0.0405
81.84               0.0000         -0.0000          0.0863          0.0397
81.86              -0.0000          0.0000          0.0871          0.0390
81.88               0.0000          0.0000          0.0879          0.0382
81.90              -0.0000          0.0000          0.0886          0.0375
81.92              -0.0000         -0.0000          0.0894          0.0368
81.94               0.0000         -0.0000          0.0901          0.0360
81.96               0.0000          0.0000          0.0908          0.0352
81.98              -0.0000          0.0000          0.0916          0.0345
82.00              -0.0000         -0.0000          0.0923          0.0337
82.02              -0.0000          0.0000          0.0930          0.0330
82.04               0.0000         -0.0000          0.0937          0.0322
82.06               0.0000         -0.0000          0.0944          0.0314
82.08              -0.0000          0.0000          0.0951          0.0306
82.10               0.0000          0.0000          0.0958          0.0299
82.12              -0.0000         -0.0000          0.0964          0.0291
82.14               0.0000          0.0000          0.0971          0.0283
82.16              -0.0000          0.0000          0.0978          0.0275
82.18               0.0000         -0.0000          0.0984          0.0267
82.20               0.0000          0.0000          0.0991          0.0260
82.22               0.0000          0.0000          0.0997          0.0252
82.24              -0.0000         -0.0000          0.1003          0.0244
82.26               0.0000         -0.0000          0.1009          0.0236
82.28              -0.0000         -0.0000          0.1015          0.0228
82.30              -0.0000          0.0000          0.1021          0.0220
82.32               0.0000         -0.0000          0.1027          0.0212
82.34               0.0000          0.0000          0.1033          0.0204
82.36               0.0000          0.0000          0.1039          0.0196
82.38               0.0000          0.0000          0.1045          0.0188
82.40               0.0000          0.0000          0.1050          0.0179
82.42               0.0000          0.0000          0.1056          0.0171
82.44               0.0000         -0.0000          0.1061          0.0163
82.46               0.0000         -0.0000          0.1066          0.0155
82.48               0.0000          0.0000          0.1072          0.0147
82.50               0.0000          0.0000          0.1077          0.0139
82.52               0.0000          0.0000          0.1082          0.0131
82.54               0.0000         -0.0000          0.1087          0.0122
82.56               0.0000          0.0000          0.1092          0.0114
82.58               0.0000          0.0000          0.1096          0.0106
82.60              -0.0000         -0.0000          0.1101          0.0098
82.62              -0.0000         -0.0000          0.1106          0.0089
82.64               0.0000          0.0000          0.1110          0.0081
82.66              -0.0000         -0.0000          0.1115          0.0073
82.68              -0.0000         -0.0000          0.1119          0.0065
82.70              -0.0000         -0.0000          0.1123          0.0056
82.72               0.0000         -0.0000          0.1127          0.0048
82.74               0.0000         -0.0000          0.1131          0.0040
82.76              -0.0000         -0.0000          0.1135          0.0031
82.78               0.0000         -0.0000          0.1139          0.0023
82.80              -0.0000          0.0000          0.1143          0.0015
82.82              -0.0000          0.0000          0.1147          0.0006
82.84              -0.0000         -0.0000          0.1150         -0.0002
82.86              -0.0000         -0.0000          0.1154         -0.0010
82.88               0.0000         -0.0000          0.1157         -0.0019
82.90               0.0000          0.0000          0.1161         -0.0027
82.92              -0.0000          0.0000          0.1164         -0.0035
82.94              -0.0000          0.0000          0.1167         -0.0044
82.96              -0.0000         -0.0000          0.1170         -0.0052
82.98               0.0000          0.0000          0.1173         -0.0060
83.00               0.0000         -0.0000          0.1176         -0.0069
83.02               0.0000         -0.0000          0.1178         -0.0077
83.04               0.0000         -0.0000          0.1181         -0.0085
83.06               0.0000         -0.0000          0.1184         -0.0094
83.08              -0.0000         -0.0000          0.1186         -0.0102
83.10               0.0000         -0.0000          0.1188         -0.0110
83.12               0.0000          0.0000          0.1191         -0.0118
83.14              -0.0000         -0.0000          0.1193         -0.0127
83.16               0.0000          0.0000          0.1195         -0.0135
83.18               0.0000          0.0000          0.1197         -0.0143
83.20               0.0000         -0.0000          0.1199         -0.0152
83.22               0.0000          0.0000          0.1200         -0.0160
83.24               0.0000          0.0000          0.1202         -0.0168
83.26               0.0000          0.0000          0.1204         -0.0176
83.28              -0.0000          0.0000          0.1205         -0.0185
83.30               0.0000         -0.0000          0.1207         -0.0193
83.32              -0.0000         -0.0000          0.1208         -0.0201
83.34               0.0000          0.0000          0.1209         -0.0209
83.36               0.0000         -0.0000          0.1210         -0.0217
83.38               0.0000          0.0000          0.1211         -0.0226
83.40               0.0000          0.0000          0.1212         -0.0234
83.42              -0.0000          0.0000          0.1213         -0.0242
83.44               0.0000         -0.0000          0.1214         -0.0250
83.46              -0.0000          0.0000          0.1214         -0.0258
83.48              -0.0000         -0.0000          0.1215         -0.0266
83.50               0.0000          0.0000          0.1215         -0.0274
83.52               0.0000         -0.0000          0.1215         -0.0282
83.54              -0.0000         -0.0000          0.1216         -0.0290
83.56              -0.0000         -0.0000          0.1216         -0.0298
83.58              -0.0000          0.0000          0.1216         -0.0306
83.60              -0.0000         -0.0000          0.1216         -0.0314
83.62              -0.0000         -0.0000          0.1215         -0.0322
83.64               0.0000         -0.0000          0.1215         -0.0330
83.66              -0.0000         -0.0000          0.1215         -0.0338
83.68               0.0000         -0.0000          0.1214         -0.0346
83.70               0.0000          0.0000          0.1214         -0.0354
83.72              -0.0000          0.0000          0.1213         -0.0362
83.74              -0.0000          0.0000          0.1212         -0.0369
83.76               0.0000          0.0000          0.1211         -0.0377
83.78              -0.0000         -0.0000          0.1211         -0.0385
83.80              -0.0000         -0.0000          0.1209         -0.0393
83.82               0.0000          0.0000          0.1208         -0.0400
83.84               0.0000         -0.0000          0.1207         -0.0408
83.86              -0.0000          0.0000          0.1206         -0.0416
83.88               0.0000          0.0000          0.1204         -0.0423
83.90              -0.0000         -0.0000          0.1203         -0.0431
83.92              -0.0000         -0.0000          0.1201         -0.0438
83.94              -0.0000         -0.0000          0.1199         -0.0446
83.96               0.0000         -0.0000          0.1198         -0.0453
83.98              -0.0000         -0.0000          0.1196         -0.0461
84.00               0.0000          0.0000          0.1194         -0.0468
84.02              -0.0000         -0.0000          0.1192         -0.0475
84.04               0.0000          0.0000          0.1189         -0.0483
84.06               0.0000         -0.0000          0.1187         -0.0490
84.08               0.0000          0.0000          0.1185         -0.0497
84.10              -0.0000         -0.0000          0.1182         -0.0504
84.12              -0.0000         -0.0000          0.1180         -0.0512
84.14              -0.0000         -0.0000          0.1177         -0.0519
84.16              -0.0000         -0.0000          0.1174         -0.0526
84.18              -0.0000         -0.0000          0.1171         -0.0533
84.20               0.0000          0.0000          0.1168         -0.0540
84.22              -0.0000          0.0000          0.1165         -0.0547
84.24              -0.0000         -0.0000          0.1162         -0.0554
84.26              -0.0000         -0.0000          0.1159         -0.0561
84.28              -0.0000          0.0000          0.1156         -0.0567
84.30               0.0000         -0.0000          0.1152         -0.0574
84.32               0.0000         -0.0000          0.1149         -0.0581
84.34              -0.0000          0.0000          0.1145         -0.0588
84.36               0.0000         -0.0000          0.1141         -0.0594
84.38               0.0000         -0.0000          0.1137         -0.0601
84.40               0.0000          0.0000          0.1134         -0.0607
84.42               0.0000         -0.0000          0.1130         -0.0614
84.44               0.0000          0.0000          0.1126         -0.0620
84.46               0.0000         -0.0000          0.1121         -0.0627
84.48              -0.0000         -0.0000          0.1117         -0.0633
84.50              -0.0000          0.0000          0.1113         -0.0640
84.52               0.0000         -0.0000          0.1108         -0.0646
84.54               0.0000          0.0000          0.1104         -0.0652
84.56               0.0000          0.0000          0.1099         -0.0658
84.58               0.0000         -0.0000          0.1095         -0.0664
84.60               0.0000          0.0000          0.1090         -0.0670
84.62               0.0000          0.0000          0.1085         -0.0676
84.64               0.0000          0.0000          0.1080         -0.0682
84.66               0.0000         -0.0000          0.1075         -0.0688
84.68               0.0000         -0.0000          0.1070         -0.0694
84.70               0.0000         -0.0000          0.1065         -0.0700
84.72               0.0000         -0.0000          0.1059         -0.0705
84.74               0.0000          0.0000          0.1054         -0.0711
84.76               0.0000         -0.0000          0.1049         -0.0717
84.78              -0.0000         -0.0000          0.1043         -0.0722
84.80              -0.0000         -0.0000          0.1037         -0.0728
84.82              -0.0000         -0.0000          0.1032         -0.0733
84.84              -0.0000         -0.0000          0.1026         -0.0739
84.86              -0.0000         -0.0000          0.1020         -0.0744
84.88               0.0000          0.0000          0.1014         -0.0749
84.90               0.0000         -0.0000          0.1008         -0.0754
84.92               0.0000          0.0000          0.1002         -0.0760
84.94               0.0000          0.0000          0.0996         -0.0765
84.96              -0.0000         -0.0000          0.0989         -0.0770
84.98               0.0000          0.0000          0.0983         -0.0775
85.00               0.0000          0.0000          0.0977         -0.0780
85.02               0.0000         -0.0000          0.0970         -0.0784
85.04              -0.0000         -0.0000          0.0964         -0.0789
85.06               0.0000         -0.0000          0.0957         -0.0794
85.08              -0.0000         -0.0000          0.0950         -0.0799
85.10               0.0000         -0.0000          0.0943         -0.0803
85.12               0.0000          0.0000          0.0936         -0.0808
85.14              -0.0000          0.0000          0.0930         -0.0812
85.16              -0.0000         -0.0000          0.0922         -0.0817
85.18              -0.0000         -0.0000          0.0915         -0.0821
85.20              -0.0000         -0.0000          0.0908         -0.0825
85.22              -0.0000          0.0000          0.0901         -0.0829
85.24              -0.0000         -0.0000          0.0894         -0.0833
85.26               0.0000          0.0000          0.0886         -0.0838
85.28               0.0000         -0.0000          0.0879         -0.0842
85.30              -0.0000         -0.0000          0.0871         -0.0845
85.32               0.0000         -0.0000          0.0864         -0.0849
85.34               0.0000          0.0000          0.0856         -0.0853
85.36              -0.0000         -0.0000          0.0848         -0.0857
85.38               0.0000          0.0000          0.0840         -0.0861
85.40               0.0000         -0.0000          0.0833         -0.0864
85.42              -0.0000          0.0000          0.0825         -0.0868
85.44               0.0000          0.0000          0.0817         -0.0871
85.46              -0.0000          0.0000          0.0809         -0.0874
85.48               0.0000         -0.0000          0.0801         -0.0878
85.50               0.0000          0.0000          0.0792         -0.0881
85.52               0.0000         -0.0000          0.0784         -0.0884
85.54               0.0000          0.0000          0.0776         -0.0887
85.56               0.0000         -0.0000          0.0768         -0.0890
85.58              -0.0000          0.0000          0.0759         -0.0893
85.60              -0.0000          0.0000          0.0751         -0.0896
85.62               0.0000         -0.0000          0.0742         -0.0899
85.64               0.0000         -0.0000          0.0734         -0.0902
85.66               0.0000          0.0000          0.0725         -0.0904
85.68               0.0000         -0.0000          0.0716         -0.0907
85.70               0.0000         -0.0000          0.0707         -0.0909
85.72              -0.0000          0.0000          0.0699         -0.0912
85.74              -0.0000          0.0000          0.0690         -0.0914
85.76               0.0000          0.0000          0.0681         -0.0917
85.78               0.0000         -0.0000          0.0672         -0.0919
85.80              -0.0000          0.0000          0.0663         -0.0921
85.82              -0.0000         -0.0000          0.0654         -0.0923
85.84              -0.0000         -0.0000          0.0645         -0.0925
85.86              -0.0000         -0.0000          0.0636         -0.0927
85.88               0.0000          0.0000          0.0626         -0.0929
85.90              -0.0000         -0.0000          0.0617         -0.0931
85.92              -0.0000          0.0000          0.0608         -0.0932
85.94              -0.0000          0.0000          0.0599         -0.0934
85.96              -0.0000         -0.0000          0.0589         -0.0935
85.98              -0.0000         -0.0000          0.0580         -0.0937
86.00               0.0000         -0.0000          0.0570         -0.0938
86.02              -0.0000         -0.0000          0.0561         -0.0940
86.04              -0.0000          0.0000          0.0551         -0.0941
86.06               0.0000         -0.0000          0.0542         -0.0942
86.08              -0.0000          0.0000          0.0532         -0.0943
86.10               0.0000         -0.0000          0.0522         -0.0944
86.12               0.0000          0.0000          0.0513         -0.0945
86.14               0.0000         -0.0000          0.0503         -0.0946
86.16               0.0000          0.0000          0.0493         -0.0947
86.18              -0.0000          0.0000          0.0483         -0.0947
86.20              -0.0000         -0.0000          0.0473         -0.0948
86.22               0.0000         -0.0000          0.0463         -0.0948
86.24              -0.0000          0.0000          0.0454         -0.0949
86.26              -0.0000          0.0000          0.0444         -0.0949
86.28               0.0000         -0.0000          0.0434         -0.0950
86.30               0.0000         -0.0000          0.0424         -0.0950
86.32              -0.0000         -0.0000          0.0413         -0.0950
86.34               0.0000         -0.0000          0.0403         -0.0950
86.36               0.0000          0.0000          0.0393         -0.0950
86.38               0.0000         -0.0000          0.0383         -0.0950
86.40              -0.0000          0.0000          0.0373         -0.0950
86.42              -0.0000         -0.0000          0.0363         -0.0950
86.44               0.0000          0.0000          0.0352         -0.0949
86.46              -0.0000         -0.0000          0.0342         -0.0949
86.48               0.0000          0.0000          0.0332         -0.0948
86.50               0.0000          0.0000          0.0322         -0.0948
86.52              -0.0000          0.0000          0.0311         -0.0947
86.54               0.0000          0.0000          0.0301         -0.0946
86.56              -0.0000         -0.0000          0.0291         -0.0946
86.58              -0.0000         -0.0000          0.0280         -0.0945
86.60               0.0000         -0.0000          0.0270         -0.0944
86.62               0.0000         -0.0000          0.0259         -0.0943
86.64              -0.0000          0.0000          0.0249         -0.0942
86.66               0.0000         -0.0000          0.0238         -0.0940
86.68              -0.0000          0.0000          0.0228         -0.0939
86.70               0.0000         -0.0000          0.0217         -0.0938
86.72               0.0000         -0.0000          0.0207         -0.0936
86.74               0.0000         -0.0000          0.0196         -0.0935
86.76              -0.0000         -0.0000          0.0186         -0.0933
86.78               0.0000          0.0000          0.0175         -0.0932
86.80               0.0000         -0.0000          0.0165         -0.0930
86.82              -0.0000          0.0000          0.0154         -0.0928
86.84               0.0000          0.0000          0.0144         -0.0926
86.86              -0.0000         -0.0000          0.0133         -0.0924
86.88               0.0000         -0.0000          0.0122         -0.0922
86.90               0.0000         -0.0000          0.0112         -0.0920
86.92               0.0000         -0.0000          0.0101         -0.0918
86.94              -0.0000         -0.0000          0.0090         -0.0916
86.96               0.0000          0.0000          0.0080         -0.0913
86.98               0.0000          0.0000          0.0069         -0.0911
87.00              -0.0000         -0.0000          0.0059         -0.0908
87.02               0.0000          0.0000          0.0048         -0.0906
87.04              -0.0000          0.0000          0.0037         -0.0903
87.06              -0.0000         -0.0000          0.0027         -0.0900
87.08              -0.0000          0.0000          0.0016         -0.0898
87.10               0.0000          0.0000          0.0005         -0.0895
87.12               0.0000          0.0000         -0.0005         -0.0892
87.14              -0.0000          0.0000         -0.0016         -0.0889
87.16               0.0000         -0.0000         -0.0027         -0.0886
87.18               0.0000         -0.0000         -0.0037         -0.0882
87.20              -0.0000         -0.0000         -0.0048         -0.0879
87.22               0.0000         -0.0000         -0.0059         -0.0876
87.24               0.0000          0.0000         -0.0069         -0.0872
87.26               0.0000          0.0000         -0.0080         -0.0869
87.28               0.0000          0.0000         -0.0090         -0.0865
87.30               0.0000          0.0000         -0.0101         -0.0862
87.32               0.0000         -0.0000         -0.0112         -0.0858
87.34              -0.0000         -0.0000         -0.0122         -0.0854
87.36               0.0000          0.0000         -0.0133         -0.0850
87.38               0.0000         -0.0000         -0.0143         -0.0846
87.40              -0.0000          0.0000         -0.0154         -0.0842
87.42               0.0000         -0.0000         -0.0164         -0.0838
87.44               0.0000          0.0000         -0.0175         -0.0834
87.46               0.0000          0.0000         -0.0185         -0.0830
87.48               0.0000         -0.0000         -0.0196         -0.0826
87.50               0.0000          0.0000         -0.0206         -0.0822
87.52               0.0000          0.0000         -0.0217         -0.0817
87.54               0.0000         -0.0000         -0.0227         -0.0813
87.56               0.0000         -0.0000         -0.0238         -0.0808
87.58               0.0000          0.0000         -0.0248         -0.0804
87.60               0.0000          0.0000         -0.0258         -0.0799
87.62               0.0000         -0.0000         -0.0269         -0.0794
87.64               0.0000          0.0000         -0.0279         -0.0789
87.66               0.0000          0.0000         -0.0289         -0.0784
87.68              -0.0000          0.0000         -0.0299         -0.0779
87.70               0.0000          0.0000         -0.0310         -0.0774
87.72               0.0000          0.0000         -0.0320         -0.0769
87.74              -0.0000          0.0000         -0.0330         -0.0764
87.76              -0.0000         -0.0000         -0.0340         -0.0759
87.78               0.0000          0.0000         -0.0350         -0.0754
87.80               0.0000          0.0000         -0.0360         -0.0748
87.82               0.0000         -0.0000         -0.0370         -0.0743
87.84               0.0000          0.0000         -0.0380         -0.0738
87.86               0.0000         -0.0000         -0.0390         -0.0732
87.88               0.0000         -0.0000         -0.0400         -0.0727
87.90               0.0000          0.0000         -0.0410         -0.0721
87.92               0.0000         -0.0000         -0.0420         -0.0715
87.94               0.0000         -0.0000         -0.0430         -0.0709
87.96               0.0000          0.0000         -0.0440         -0.0704
87.98               0.0000          0.0000         -0.0450         -0.0698
88.00               0.0000          0.0000         -0.0459         -0.0692
88.02              -0.0000          0.0000         -0.0469         -0.0686
88.04              -0.0000         -0.0000         -0.0479         -0.0680
88.06               0.0000         -0.0000         -0.0488         -0.0674
88.08              -0.0000          0.0000         -0.0498         -0.0667
88.10              -0.0000         -0.0000         -0.0507         -0.0661
88.12              -0.0000         -0.0000         -0.0517         -0.0655
88.14               0.0000          0.0000         -0.0526         -0.0649
88.16               0.0000          0.0000         -0.0536         -0.0642
88.18              -0.0000          0.0000         -0.0545         -0.0636
88.20               0.0000         -0.0000         -0.0554         -0.0629
88.22               0.0000          0.0000         -0.0564         -0.0623
88.24              -0.0000         -0.0000         -0.0573         -0.0616
88.26              -0.0000         -0.0000         -0.0582         -0.0609
88.28              -0.0000         -0.0000         -0.0591         -0.0603
88.30              -0.0000          0.0000         -0.0600         -0.0596
88.32              -0.0000          0.0000         -0.0609         -0.0589
88.34               0.0000          0.0000         -0.0618         -0.0582
88.36               0.0000         -0.0000         -0.0627         -0.0575
88.38               0.0000          0.0000         -0.0636         -0.0568
88.40               0.0000         -0.0000         -0.0644         -0.0561
88.42               0.0000          0.0000         -0.0653         -0.0554
88.44               0.0000         -0.0000         -0.0662         -0.0547
88.46               0.0000          0.0000         -0.0670         -0.0540
88.48              -0.0000         -0.0000         -0.0679         -0.0533
88.50              -0.0000          0.0000         -0.0688         -0.0525
88.52              -0.0000         -0.0000         -0.0696         -0.0518
88.54              -0.0000          0.0000         -0.0704         -0.0511
88.56              -0.0000         -0.0000         -0.0713         -0.0503
88.58               0.0000          0.0000         -0.0721         -0.0496
88.60               0.0000         -0.0000         -0.0729         -0.0488
88.62              -0.0000          0.0000         -0.0737         -0.0481
88.64               0.0000         -0.0000         -0.0745         -0.0473
88.66              -0.0000          0.0000         -0.0754         -0.0466
88.68               0.0000         -0.0000         -0.0761         -0.0458
88.70               0.0000         -0.0000         -0.0769         -0.0450
88.72               0.0000          0.0000         -0.0777         -0.0443
88.74               0.0000         -0.0000         -0.0785         -0.0435
88.76               0.0000          0.0000         -0.0793         -0.0427
88.78               0.0000         -0.0000         -0.0800         -0.0419
88.80               0.0000         -0.0000         -0.0808         -0.0411
88.82              -0.0000          0.0000         -0.0815         -0.0403
88.84               0.0000          0.0000         -0.0823         -0.0395
88.86              -0.0000         -0.0000         -0.0830         -0.0387
88.88              -0.0000          0.0000         -0.0838         -0.0379
88.90               0.0000         -0.0000         -0.0845         -0.0371
88.92              -0.0000          0.0000         -0.0852         -0.0363
88.94               0.0000          0.0000         -0.0859         -0.0355
88.96              -0.0000          0.0000         -0.0866         -0.0347
88.98              -0.0000         -0.0000         -0.0873         -0.0339
89.00               0.0000         -0.0000         -0.0880         -0.0330
89.02              -0.0000          0.0000         -0.0887         -0.0322
89.04              -0.0000         -0.0000         -0.0894         -0.0314
89.06              -0.0000          0.0000         -0.0900         -0.0306
89.08               0.0000          0.0000         -0.0907         -0.0297
89.10              -0.0000          0.0000         -0.0913         -0.0289
89.12               0.0000         -0.0000         -0.0920         -0.0280
89.14               0.0000         -0.0000         -0.0926         -0.0272
89.16               0.0000          0.0000         -0.0933         -0.0264
89.18              -0.0000         -0.0000         -0.0939         -0.0255
89.20               0.0000         -0.0000         -0.0945         -0.0247
89.22              -0.0000         -0.0000         -0.0951         -0.0238
89.24              -0.0000          0.0000         -0.0957         -0.0229
89.26               0.0000          0.0000         -0.0963         -0.0221
89.28              -0.0000         -0.0000         -0.0969         -0.0212
89.30              -0.0000         -0.0000         -0.0975         -0.0204
89.32               0.0000         -0.0000         -0.0980         -0.0195
89.34              -0.0000         -0.0000         -0.0986         -0.0186
89.36               0.0000          0.0000         -0.0991         -0.0178
89.38               0.0000         -0.0000         -0.0997         -0.0169
89.40              -0.0000          0.0000         -0.1002         -0.0160
89.42               0.0000          0.0000         -0.1008         -0.0152
89.44               0.0000         -0.0000         -0.1013         -0.0143
89.46              -0.0000          0.0000         -0.1018         -0.0134
89.48               0.0000          0.0000         -0.1023         -0.0125
89.50               0.0000          0.0000         -0.1028         -0.0117
89.52               0.0000         -0.0000         -0.1033         -0.0108
89.54               0.0000         -0.0000         -0.1038         -0.0099
89.56               0.0000         -0.0000         -0.1042         -0.0090
89.58              -0.0000         -0.0000         -0.1047         -0.0081
89.60               0.0000          0.0000         -0.1051         -0.0073
89.62               0.0000          0.0000         -0.1056         -0.0064
89.64               0.0000         -0.0000         -0.1060         -0.0055
89.66              -0.0000          0.0000         -0.1065         -0.0046
89.68               0.0000         -0.0000         -0.1069         -0.0037
89.70               0.0000          0.0000         -0.1073         -0.0028
89.72               0.0000         -0.0000         -0.1077         -0.0019
89.74              -0.0000         -0.0000         -0.1081         -0.0010
89.76              -0.0000          0.0000         -0.1085         -0.0002
89.78               0.0000         -0.0000         -0.1088          0.0007
89.80               0.0000          0.0000         -0.1092          0.0016
89.82               0.0000          0.0000         -0.1096          0.0025
89.84               0.0000         -0.0000         -0.1099          0.0034
89.86               0.0000         -0.0000         -0.1102          0.0043
89.88               0.0000          0.0000         -0.1106          0.0052
89.90              -0.0000         -0.0000         -0.1109          0.0061
89.92              -0.0000          0.0000         -0.1112          0.0070
89.94               0.0000         -0.0000         -0.1115          0.0078
89.96              -0.0000         -0.0000         -0.1118          0.0087
89.98              -0.0000         -0.0000         -0.1121          0.0096
90.00               0.0000          0.0000         -0.1124          0.0105
90.02              -0.0000         -0.0000         -0.1126          0.0114
90.04              -0.0000          0.0000         -0.1129          0.0123
90.06              -0.0000          0.0000         -0.1132          0.0132
90.08              -0.0000         -0.0000         -0.1134          0.0140
90.10              -0.0000         -0.0000         -0.1136          0.0149
90.12               0.0000         -0.0000         -0.1138          0.0158
90.14              -0.0000         -0.0000         -0.1141          0.0167
90.16               0.0000         -0.0000         -0.1143          0.0176
90.18               0.0000         -0.0000         -0.1145          0.0184
90.20              -0.0000         -0.0000         -0.1146          0.0193
90.22               0.0000         -0.0000         -0.1148          0.0202
90.24              -0.0000          0.0000         -0.1150          0.0211
90.26              -0.0000          0.0000         -0.1151          0.0219
90.28              -0.0000         -0.0000         -0.1153          0.0228
90.30               0.0000          0.0000         -0.1154          0.0237
90.32               0.0000          0.0000         -0.1155          0.0246
90.34              -0.0000         -0.0000         -0.1157          0.0254
90.36               0.0000         -0.0000         -0.1158          0.0263
90.38               0.0000          0.0000         -0.1159          0.0271
90.40               0.0000          0.0000         -0.1160          0.0280
90.42              -0.0000          0.0000         -0.1160          0.0289
90.44              -0.0000         -0.0000         -0.1161          0.0297
90.46              -0.0000          0.0000         -0.1162          0.0306
90.48               0.0000         -0.0000         -0.1162          0.0314
90.50              -0.0000          0.0000         -0.1163          0.0323
90.52               0.0000          0.0000         -0.1163          0.0331
90.54              -0.0000         -0.0000         -0.1163          0.0340
90.56              -0.0000         -0.0000         -0.1163          0.0348
90.58               0.0000         -0.0000         -0.1164          0.0357
90.60               0.0000          0.0000         -0.1163          0.0365
90.62              -0.0000         -0.0000         -0.1163          0.0373
90.64              -0.0000         -0.0000         -0.1163          0.0382
90.66              -0.0000         -0.0000         -0.1163          0.0390
90.68              -0.0000          0.0000         -0.1162          0.0398
90.70              -0.0000          0.0000         -0.1162          0.0406
90.72               0.0000          0.0000         -0.1161          0.0415
90.74               0.0000          0.0000         -0.1161          0.0423
90.76              -0.0000         -0.0000         -0.1160          0.0431
90.78              -0.0000         -0.0000         -0.1159          0.0439
90.80              -0.0000         -0.0000         -0.1158          0.0447
90.82              -0.0000          0.0000         -0.1157          0.0455
90.84              -0.0000          0.0000         -0.1156          0.0463
90.86              -0.0000         -0.0000         -0.1154          0.0471
90.88              -0.0000         -0.0000         -0.1153          0.0479
90.90              -0.0000         -0.0000         -0.1152          0.0487
90.92               0.0000          0.0000         -0.1150          0.0495
90.94              -0.0000          0.0000         -0.1149          0.0503
90.96               0.0000          0.0000         -0.1147          0.0510
90.98               0.0000          0.0000         -0.1145          0.0518
91.00              -0.0000         -0.0000         -0.1143          0.0526
91.02              -0.0000          0.0000         -0.1141          0.0533
91.04               0.0000         -0.0000         -0.1139          0.0541
91.06              -0.0000         -0.0000         -0.1137          0.0549
91.08               0.0000          0.0000         -0.1135          0.0556
91.10               0.0000         -0.0000         -0.1132          0.0564
91.12              -0.0000         -0.0000         -0.1130          0.0571
91.14               0.0000         -0.0000         -0.1127          0.0579
91.16               0.0000         -0.0000         -0.1125          0.0586
91.18              -0.0000         -0.0000         -0.1122          0.0593
91.20               0.0000          0.0000         -0.1119          0.0601
91.22              -0.0000         -0.0000         -0.1116          0.0608
91.24               0.0000          0.0000         -0.1113          0.0615
91.26               0.0000          0.0000         -0.1110          0.0622
91.28               0.0000         -0.0000         -0.1107          0.0629
91.30               0.0000         -0.0000         -0.1104          0.0636
91.32              -0.0000          0.0000         -0.1101          0.0643
91.34               0.0000         -0.0000         -0.1097          0.0650
91.36              -0.0000         -0.0000         -0.1094          0.0657
91.38              -0.0000          0.0000         -0.1090          0.0664
91.40               0.0000          0.0000         -0.1086          0.0671
91.42              -0.0000         -0.0000         -0.1083          0.0677
91.44               0.0000         -0.0000         -0.1079          0.0684
91.46               0.0000         -0.0000         -0.1075          0.0691
91.48               0.0000          0.0000         -0.1071          0.0697
91.50               0.0000         -0.0000         -0.1067          0.0704
91.52              -0.0000         -0.0000         -0.1063          0.0710
91.54               0.0000          0.0000         -0.1058          0.0716
91.56              -0.0000         -0.0000         -0.1054          0.0723
91.58              -0.0000          0.0000         -0.1050          0.0729
91.60              -0.0000         -0.0000         -0.1045          0.0735
91.62              -0.0000         -0.0000         -0.1041          0.0741
91.64               0.0000          0.0000         -0.1036          0.0748
91.66              -0.0000         -0.0000         -0.1031          0.0754
91.68              -0.0000          0.0000         -0.1026          0.0760
91.70               0.0000          0.0000         -0.1021          0.0765
91.72               0.0000         -0.0000         -0.1016          0.0771
91.74              -0.0000         -0.0000         -0.1011          0.0777
91.76               0.0000          0.0000         -0.1006          0.0783
91.78              -0.0000          0.0000         -0.1001          0.0789
91.80              -0.0000         -0.0000         -0.0996          0.0794
91.82              -0.0000          0.0000         -0.0990          0.0800
91.84              -0.0000         -0.0000         -0.0985          0.0805
91.86               0.0000          0.0000         -0.0979          0.0811
91.88               0.0000          0.0000         -0.0974          0.0816
91.90               0.0000          0.0000         -0.0968          0.0821
91.92               0.0000          0.0000         -0.0962          0.0826
91.94               0.0000          0.0000         -0.0956          0.0832
91.96               0.0000          0.0000         -0.0950          0.0837
91.98              -0.0000          0.0000         -0.0945          0.0842
92.00              -0.0000          0.0000         -0.0938          0.0847
92.02               0.0000          0.0000         -0.0932          0.0851
92.04              -0.0000         -0.0000         -0.0926          0.0856
92.06              -0.0000          0.0000         -0.0920          0.0861
92.08               0.0000          0.0000         -0.0913          0.0866
92.10               0.0000         -0.0000         -0.0907          0.0870
92.12              -0.0000         -0.0000         -0.0901          0.0875
92.14               0.0000         -0.0000         -0.0894          0.0879
92.16               0.0000          0.0000         -0.0887          0.0884
92.18              -0.0000         -0.0000         -0.0881          0.0888
92.20              -0.0000          0.0000         -0.0874          0.0892
92.22              -0.0000         -0.0000         -0.0867          0.0896
92.24              -0.0000          0.0000         -0.0860          0.0900
92.26              -0.0000          0.0000         -0.0853          0.0904
92.28              -0.0000          0.0000         -0.0846          0.0908
92.30               0.0000         -0.0000         -0.0839          0.0912
92.32               0.0000          0.0000         -0.0832          0.0916
92.34               0.0000         -0.0000         -0.0824          0.0920
92.36               0.0000          0.0000         -0.0817          0.0923
92.38              -0.0000         -0.0000         -0.0810          0.0927
92.40               0.0000         -0.0000         -0.0802          0.0930
92.42               0.0000         -0.0000         -0.0795          0.0934
92.44              -0.0000          0.0000         -0.0787          0.0937
92.46              -0.0000          0.0000         -0.0780          0.0941
92.48               0.0000         -0.0000         -0.0772          0.0944
92.50               0.0000          0.0000         -0.0764          0.0947
92.52               0.0000         -0.0000         -0.0756          0.0950
92.54              -0.0000         -0.0000         -0.0749          0.0953
92.56              -0.0000         -0.0000         -0.0741          0.0956
92.58              -0.0000         -0.0000         -0.0733          0.0959
92.60              -0.0000         -0.0000         -0.0725          0.0961
92.62               0.0000          0.0000         -0.0717          0.0964
92.64               0.0000         -0.0000         -0.0708          0.0966
92.66               0.0000         -0.0000         -0.0700          0.0969
92.68               0.0000         -0.0000         -0.0692          0.0971
92.70               0.0000          0.0000         -0.0684          0.0974
92.72              -0.0000          0.0000         -0.0675          0.0976
92.74               0.0000         -0.0000         -0.0667          0.0978
92.76              -0.0000          0.0000         -0.0659          0.0980
92.78              -0.0000          0.0000         -0.0650          0.0982
92.80              -0.0000         -0.0000         -0.0641          0.0984
92.82               0.0000         -0.0000         -0.0633          0.0986
92.84               0.0000         -0.0000         -0.0624          0.0988
92.86               0.0000          0.0000         -0.0615          0.0989
92.88               0.0000         -0.0000         -0.0607          0.0991
92.90              -0.0000          0.0000         -0.0598          0.0993
92.92              -0.0000          0.0000         -0.0589          0.0994
92.94              -0.0000         -0.0000         -0.0580          0.0995
92.96               0.0000         -0.0000         -0.0571          0.0997
92.98               0.0000          0.0000         -0.0562          0.0998
93.00              -0.0000          0.0000         -0.0553          0.0999
93.02              -0.0000          0.0000         -0.0544          0.1000
93.04               0.0000         -0.0000         -0.0535          0.1001
93.06               0.0000          0.0000         -0.0526          0.1002
93.08              -0.0000         -0.0000         -0.0517          0.1003
93.10               0.0000          0.0000         -0.0508          0.1003
93.12               0.0000         -0.0000         -0.0498          0.1004
93.14              -0.0000         -0.0000         -0.0489          0.1004
93.16               0.0000          0.0000         -0.0480          0.1005
93.18               0.0000         -0.0000         -0.0470          0.1005
93.20              -0.0000         -0.0000         -0.0461          0.1006
93.22               0.0000          0.0000         -0.0452          0.1006
93.24              -0.0000         -0.0000         -0.0442          0.1006
93.26               0.0000          0.0000         -0.0433          0.1006
93.28              -0.0000         -0.0000         -0.0423          0.1006
93.30              -0.0000          0.0000         -0.0414          0.1006
93.32              -0.0000          0.0000         -0.0404          0.1006
93.34              -0.0000         -0.0000         -0.0394          0.1005
93.36              -0.0000          0.0000         -0.0385          0.1005
93.38              -0.0000          0.0000         -0.0375          0.1004
93.40              -0.0000         -0.0000         -0.0365          0.1004
93.42              -0.0000         -0.0000         -0.0356          0.1003
93.44              -0.0000          0.0000         -0.0346          0.1003
93.46              -0.0000          0.0000         -0.0336          0.1002
93.48               0.0000         -0.0000         -0.0326          0.1001
93.50               0.0000         -0.0000         -0.0316          0.1000
93.52              -0.0000         -0.0000         -0.0307          0.0999
93.54              -0.0000          0.0000         -0.0297          0.0998
93.56               0.0000          0.0000         -0.0287          0.0997
93.58              -0.0000         -0.0000         -0.0277          0.0995
93.60               0.0000         -0.0000         -0.0267          0.0994
93.62              -0.0000          0.0000         -0.0257          0.0993
93.64              -0.0000          0.0000         -0.0247          0.0991
93.66               0.0000         -0.0000         -0.0237          0.0989
93.68               0.0000         -0.0000         -0.0227          0.0988
93.70              -0.0000         -0.0000         -0.0217          0.0986
93.72               0.0000          0.0000         -0.0207          0.0984
93.74               0.0000         -0.0000         -0.0197          0.0982
93.76              -0.0000         -0.0000         -0.0187          0.0980
93.78               0.0000         -0.0000         -0.0177          0.0978
93.80               0.0000          0.0000         -0.0167          0.0976
93.82               0.0000          0.0000         -0.0157          0.0973
93.84              -0.0000          0.0000         -0.0147          0.0971
93.86               0.0000         -0.0000         -0.0137          0.0969
93.88               0.0000         -0.0000         -0.0126          0.0966
93.90              -0.0000          0.0000         -0.0116          0.0964
93.92               0.0000          0.0000         -0.0106          0.0961
93.94              -0.0000          0.0000         -0.0096          0.0958
93.96              -0.0000         -0.0000         -0.0086          0.0955
93.98               0.0000          0.0000         -0.0076          0.0952
94.00              -0.0000         -0.0000         -0.0066          0.0949
94.02              -0.0000          0.0000         -0.0055          0.0946
94.04              -0.0000          0.0000         -0.0045          0.0943
94.06               0.0000          0.0000         -0.0035          0.0940
94.08              -0.0000          0.0000         -0.0025          0.0937
94.10              -0.0000          0.0000         -0.0015          0.0933
94.12              -0.0000         -0.0000         -0.0005          0.0930
94.14               0.0000          0.0000          0.0005          0.0926
94.16              -0.0000         -0.0000          0.0016          0.0923
94.18               0.0000         -0.0000          0.0026          0.0919
94.20               0.0000         -0.0000          0.0036          0.0915
94.22              -0.0000          0.0000          0.0046          0.0911
94.24              -0.0000         -0.0000          0.0056          0.0907
94.26               0.0000          0.0000          0.0066          0.0903
94.28               0.0000         -0.0000          0.0076          0.0899
94.30               0.0000          0.0000          0.0086          0.0895
94.32              -0.0000          0.0000          0.0097          0.0891
94.34              -0.0000          0.0000          0.0107          0.0887
94.36              -0.0000         -0.0000          0.0117          0.0882
94.38               0.0000          0.0000          0.0127          0.0878
94.40               0.0000          0.0000          0.0137          0.0873
94.42              -0.0000          0.0000          0.0147          0.0869
94.44               0.0000          0.0000          0.0157          0.0864
94.46               0.0000          0.0000          0.0167          0.0859
94.48               0.0000         -0.0000          0.0177          0.0854
94.50               0.0000         -0.0000          0.0187          0.0849
94.52              -0.0000         -0.0000          0.0197          0.0845
94.54               0.0000          0.0000          0.0207          0.0839
94.56              -0.0000         -0.0000          0.0217          0.0834
94.58              -0.0000          0.0000          0.0227          0.0829
94.60              -0.0000         -0.0000          0.0236          0.0824
94.62              -0.0000         -0.0000          0.0246          0.0819
94.64              -0.0000          0.0000          0.0256          0.0813
94.66               0.0000         -0.0000          0.0266          0.0808
94.68              -0.0000         -0.0000          0.0276          0.0802
94.70               0.0000          0.0000          0.0286          0.0797
94.72              -0.0000          0.0000          0.0295          0.0791
94.74               0.0000          0.0000          0.0305          0.0785
94.76              -0.0000         -0.0000          0.0315          0.0779
94.78              -0.0000          0.0000          0.0324          0.0774
94.80               0.0000         -0.0000          0.0334          0.0768
94.82              -0.0000          0.0000          0.0344          0.0762
94.84              -0.0000          0.0000          0.0353          0.0756
94.86              -0.0000         -0.0000          0.0363          0.0750
94.88              -0.0000         -0.0000          0.0372          0.0743
94.90              -0.0000          0.0000          0.0382          0.0737
94.92              -0.0000         -0.0000          0.0391          0.0731
94.94              -0.0000          0.0000          0.0401          0.0724
94.96               0.0000         -0.0000          0.0410          0.0718
94.98               0.0000         -0.0000          0.0419          0.0712
95.00              -0.0000         -0.0000          0.0429          0.0705
95.02               0.0000         -0.0000          0.0438          0.0698
95.04              -0.0000         -0.0000          0.0447          0.0692
95.06               0.0000         -0.0000          0.0456          0.0685
95.08               0.0000          0.0000          0.0466          0.0678
95.10              -0.0000         -0.0000          0.0475          0.0671
95.12              -0.0000         -0.0000          0.0484          0.0664
95.14               0.0000         -0.0000          0.0493          0.0658
95.16               0.0000         -0.0000          0.0502          0.0650
95.18               0.0000         -0.0000          0.0511          0.0643
95.20              -0.0000          0.0000          0.0520          0.0636
95.22              -0.0000          0.0000          0.0529          0.0629
95.24               0.0000          0.0000          0.0537          0.0622
95.26              -0.0000          0.0000          0.0546          0.0615
95.28              -0.0000         -0.0000          0.0555          0.0607
95.30              -0.0000         -0.0000          0.0564          0.0600
95.32              -0.0000          0.0000          0.0572          0.0592
95.34              -0.0000         -0.0000          0.0581          0.0585
95.36              -0.0000         -0.0000          0.0589          0.0577
95.38               0.0000         -0.0000          0.0598          0.0570
95.40              -0.0000         -0.0000          0.0606          0.0562
95.42               0.0000          0.0000          0.0615          0.0555
95.44               0.0000          0.0000          0.0623          0.0547
95.46              -0.0000         -0.0000          0.0631          0.0539
95.48              -0.0000         -0.0000          0.0640          0.0531
95.50               0.0000         -0.0000          0.0648          0.0523
95.52              -0.0000          0.0000          0.0656          0.0515
95.54               0.0000          0.0000          0.0664          0.0507
95.56              -0.0000          0.0000          0.0672          0.0499
95.58              -0.0000          0.0000          0.0680          0.0491
95.60              -0.0000         -0.0000          0.0688          0.0483
95.62               0.0000          0.0000          0.0696          0.0475
95.64               0.0000         -0.0000          0.0703          0.0467
95.66               0.0000          0.0000          0.0711          0.0459
95.68               0.0000         -0.0000          0.0719          0.0451
95.70               0.0000         -0.0000          0.0727          0.0442
95.72               0.0000         -0.0000          0.0734          0.0434
95.74               0.0000          0.0000          0.0742          0.0426
95.76              -0.0000         -0.0000          0.0749          0.0417
95.78              -0.0000          0.0000          0.0756          0.0409
95.80              -0.0000         -0.0000          0.0764          0.0400
95.82              -0.0000         -0.0000          0.0771          0.0392
95.84              -0.0000          0.0000          0.0778          0.0383
95.86              -0.0000          0.0000          0.0785          0.0375
95.88              -0.0000          0.0000          0.0792          0.0366
95.90               0.0000          0.0000          0.0799          0.0357
95.92              -0.0000          0.0000          0.0806          0.0349
95.94              -0.0000         -0.0000          0.0813          0.0340
95.96              -0.0000          0.0000          0.0820          0.0331
95.98               0.0000         -0.0000          0.0827          0.0323
96.00              -0.0000         -0.0000          0.0833          0.0314
96.02              -0.0000          0.0000          0.0840          0.0305
96.04              -0.0000         -0.0000          0.0846          0.0296
96.06              -0.0000          0.0000          0.0853          0.0287
96.08              -0.0000         -0.0000          0.0859          0.0278
96.10               0.0000          0.0000          0.0865          0.0269
96.12              -0.0000         -0.0000          0.0872          0.0260
96.14               0.0000          0.0000          0.0878          0.0252
96.16              -0.0000         -0.0000          0.0884          0.0243
96.18              -0.0000         -0.0000          0.0890          0.0233
96.20              -0.0000         -0.0000          0.0896          0.0224
96.22              -0.0000          0.0000          0.0902          0.0215
96.24              -0.0000         -0.0000          0.0908          0.0206
96.26               0.0000         -0.0000          0.0913          0.0197
96.28              -0.0000         -0.0000          0.0919          0.0188
96.30               0.0000          0.0000          0.0925          0.0179
96.32              -0.0000         -0.0000          0.0930          0.0170
96.34               0.0000          0.0000          0.0936          0.0161
96.36              -0.0000          0.0000          0.0941          0.0151
96.38              -0.0000          0.0000          0.0946          0.0142
96.40              -0.0000          0.0000          0.0951          0.0133
96.42              -0.0000         -0.0000          0.0956          0.0124
96.44               0.0000          0.0000          0.0962          0.0115
96.46              -0.0000          0.0000          0.0966          0.0105
96.48               0.0000          0.0000          0.0971          0.0096
96.50               0.0000         -0.0000          0.0976          0.0087
96.52              -0.0000          0.0000          0.0981          0.0077
96.54              -0.0000          0.0000          0.0986          0.0068
96.56              -0.0000         -0.0000          0.0990          0.0059
96.58               0.0000          0.0000          0.0995          0.0049
96.60               0.0000         -0.0000          0.0999          0.0040
96.62              -0.0000         -0.0000          0.1003          0.0031
96.64               0.0000         -0.0000          0.1008          0.0021
96.66               0.0000         -0.0000          0.1012          0.0012
96.68               0.0000         -0.0000          0.1016          0.0003
96.70              -0.0000          0.0000          0.1020         -0.0007
96.72               0.0000         -0.0000          0.1024         -0.0016
96.74              -0.0000         -0.0000          0.1028         -0.0025
96.76               0.0000          0.0000          0.1031         -0.0035
96.78               0.0000         -0.0000          0.1035         -0.0044
96.80              -0.0000          0.0000          0.1039         -0.0053
96.82               0.0000          0.0000          0.1042         -0.0063
96.84               0.0000         -0.0000          0.1046         -0.0072
96.86              -0.0000          0.0000          0.1049         -0.0081
96.88              -0.0000          0.0000          0.1052         -0.0091
96.90              -0.0000          0.0000          0.1055         -0.0100
96.92               0.0000          0.0000          0.1058         -0.0109
96.94               0.0000          0.0000          0.1061         -0.0119
96.96              -0.0000          0.0000          0.1064         -0.0128
96.98              -0.0000         -0.0000          0.1067         -0.0137
97.00               0.0000          0.0000          0.1070         -0.0147
97.02               0.0000         -0.0000          0.1073         -0.0156
97.04              -0.0000          0.0000          0.1075         -0.0165
97.06               0.0000          0.0000          0.1078         -0.0174
97.08               0.0000         -0.0000          0.1080         -0.0184
97.10               0.0000         -0.0000          0.1082         -0.0193
97.12               0.0000         -0.0000          0.1084         -0.0202
97.14               0.0000          0.0000          0.1087         -0.0211
97.16               0.0000         -0.0000          0.1089         -0.0221
97.18               0.0000         -0.0000          0.1091         -0.0230
97.20              -0.0000         -0.0000          0.1092         -0.0239
97.22               0.0000         -0.0000          0.1094         -0.0248
97.24              -0.0000         -0.0000          0.1096         -0.0257
97.26               0.0000          0.0000          0.1098         -0.0266
97.28               0.0000         -0.0000          0.1099         -0.0276
97.30               0.0000         -0.0000          0.1100         -0.0285
97.32               0.0000         -0.0000          0.1102         -0.0294
97.34               0.0000          0.0000          0.1103         -0.0303
97.36               0.0000         -0.0000          0.1104         -0.0312
97.38               0.0000         -0.0000          0.1105         -0.0321
97.40               0.0000         -0.0000          0.1106         -0.0330
97.42               0.0000          0.0000          0.1107         -0.0339
97.44               0.0000         -0.0000          0.1108         -0.0348
97.46              -0.0000         -0.0000          0.1109         -0.0356
97.48              -0.0000         -0.0000          0.1109         -0.0365
97.50               0.0000          0.0000          0.1110         -0.0374
97.52              -0.0000         -0.0000          0.1110         -0.0383
97.54               0.0000         -0.0000          0.1110         -0.0392
97.56               0.0000          0.0000          0.1111         -0.0401
97.58               0.0000          0.0000          0.1111         -0.0409
97.60               0.0000          0.0000          0.1111         -0.0418
97.62              -0.0000         -0.0000          0.1111         -0.0427
97.64              -0.0000         -0.0000          0.1111         -0.0435
97.66              -0.0000          0.0000          0.1111         -0.0444
97.68               0.0000          0.0000          0.1110         -0.0452
97.70               0.0000         -0.0000          0.1110         -0.0461
97.72              -0.0000         -0.0000          0.1110         -0.0469
97.74              -0.0000         -0.0000          0.1109         -0.0478
97.76              -0.0000         -0.0000          0.1108         -0.0486
97.78              -0.0000          0.0000          0.1108         -0.0495
97.80               0.0000          0.0000          0.1107         -0.0503
97.82              -0.0000         -0.0000          0.1106         -0.0511
97.84               0.0000          0.0000          0.1105         -0.0520
97.86               0.0000         -0.0000          0.1104         -0.0528
97.88               0.0000          0.0000          0.1103         -0.0536
97.90              -0.0000          0.0000          0.1101         -0.0544
97.92              -0.0000         -0.0000          0.1100         -0.0552
97.94               0.0000         -0.0000          0.1099         -0.0560
97.96               0.0000          0.0000          0.1097         -0.0568
97.98              -0.0000         -0.0000          0.1096         -0.0576
98.00              -0.0000         -0.0000          0.1094         -0.0584
98.02               0.0000         -0.0000          0.1092         -0.0592
98.04              -0.0000          0.0000          0.1090         -0.0600
98.06               0.0000          0.0000          0.1088         -0.0608
98.08              -0.0000          0.0000          0.1086         -0.0615
98.10               0.0000         -0.0000          0.1084         -0.0623
98.12               0.0000          0.0000          0.1082         -0.0631
98.14              -0.0000          0.0000          0.1080         -0.0638
98.16              -0.0000          0.0000          0.1077         -0.0646
98.18               0.0000         -0.0000          0.1075         -0.0653
98.20              -0.0000          0.0000          0.1072         -0.0661
98.22              -0.0000          0.0000          0.1070         -0.0668
98.24               0.0000          0.0000          0.1067         -0.0675
98.26               0.0000          0.0000          0.1064         -0.0683
98.28               0.0000          0.0000          0.1061         -0.0690
98.30              -0.0000         -0.0000          0.1058         -0.0697
98.32              -0.0000         -0.0000          0.1055         -0.0704
98.34              -0.0000         -0.0000          0.1052         -0.0711
98.36              -0.0000         -0.0000          0.1049         -0.0718
98.38               0.0000         -0.0000          0.1045         -0.0725
98.40              -0.0000          0.0000          0.1042         -0.0732
98.42               0.0000         -0.0000          0.1039         -0.0739
98.44              -0.0000         -0.0000          0.1035         -0.0745
98.46               0.0000          0.0000          0.1031         -0.0752
98.48               0.0000          0.0000          0.1028         -0.0759
98.50              -0.0000         -0.0000          0.1024         -0.0765
98.52               0.0000          0.0000          0.1020         -0.0772
98.54               0.0000          0.0000          0.1016         -0.0778
98.56               0.0000          0.0000          0.1012         -0.0785
98.58               0.0000         -0.0000          0.1008         -0.0791
98.60               0.0000         -0.0000          0.1004         -0.0797
98.62               0.0000          0.0000          0.0999         -0.0804
98.64               0.0000          0.0000          0.0995         -0.0810
98.66               0.0000          0.0000          0.0991         -0.0816
98.68               0.0000         -0.0000          0.0986         -0.0822
98.70               0.0000         -0.0000          0.0982         -0.0828
98.72              -0.0000          0.0000          0.0977         -0.0834
98.74              -0.0000         -0.0000          0.0972         -0.0840
98.76              -0.0000          0.0000          0.0967         -0.0845
98.78              -0.0000         -0.0000          0.0962         -0.0851
98.80              -0.0000          0.0000          0.0957         -0.0857
98.82              -0.0000         -0.0000          0.0952         -0.0862
98.84              -0.0000          0.0000          0.0947         -0.0868
98.86               0.0000         -0.0000          0.0942         -0.0873
98.88               0.0000          0.0000          0.0937         -0.0878
98.90              -0.0000         -0.0000          0.0932         -0.0884
98.92              -0.0000         -0.0000          0.0926         -0.0889
98.94              -0.0000         -0.0000          0.0921         -0.0894
98.96               0.0000          0.0000          0.0915         -0.0899
98.98              -0.0000          0.0000          0.0909         -0.0904
99.00               0.0000          0.0000          0.0904         -0.0909
99.02               0.0000         -0.0000          0.0898         -0.0914
99.04               0.0000         -0.0000          0.0892         -0.0919
99.06              -0.0000         -0.0000          0.0886         -0.0923
99.08               0.0000         -0.0000          0.0880         -0.0928
99.10               0.0000         -0.0000          0.0874         -0.0932
99.12              -0.0000         -0.0000          0.0868         -0.0937
99.14              -0.0000          0.0000          0.0862         -0.0941
99.16               0.0000         -0.0000          0.0856         -0.0946
99.18              -0.0000          0.0000          0.0849         -0.0950
99.20               0.0000          0.0000          0.0843         -0.0954
99.22               0.0000          0.0000          0.0837         -0.0958
99.24               0.0000         -0.0000          0.0830         -0.0962
99.26               0.0000          0.0000          0.0823         -0.0966
99.28              -0.0000          0.0000          0.0817         -0.0970
99.30               0.0000         -0.0000          0.0810         -0.0974
99.32              -0.0000         -0.0000          0.0803         -0.0977
99.34              -0.0000         -0.0000          0.0797         -0.0981
99.36              -0.0000          0.0000          0.0790         -0.0985
99.38               0.0000          0.0000          0.0783         -0.0988
99.40              -0.0000          0.0000          0.0776         -0.0991
99.42              -0.0000         -0.0000          0.0769         -0.0995
99.44              -0.0000         -0.0000          0.0762         -0.0998
99.46              -0.0000          0.0000          0.0754         -0.1001
99.48               0.0000         -0.0000          0.0747         -0.1004
99.50               0.0000          0.0000          0.0740         -0.1007
99.52               0.0000          0.0000          0.0732         -0.1010
99.54              -0.0000         -0.0000          0.0725         -0.1013
99.56              -0.0000          0.0000          0.0718         -0.1016
99.58              -0.0000         -0.0000          0.0710         -0.1018
99.60               0.0000          0.0000          0.0702         -0.1021
99.62              -0.0000          0.0000          0.0695         -0.1023
99.64               0.0000         -0.0000          0.0687         -0.1026
99.66               0.0000          0.0000          0.0679         -0.1028
99.68               0.0000          0.0000          0.0672         -0.1030
99.70              -0.0000          0.0000          0.0664         -0.1032
99.72               0.0000          0.0000          0.0656         -0.1034
99.74              -0.0000          0.0000          0.0648         -0.1036
99.76               0.0000          0.0000          0.0640         -0.1038
99.78               0.0000          0.0000          0.0632         -0.1040
99.80               0.0000          0.0000          0.0624         -0.1042
99.82               0.0000          0.0000          0.0616         -0.1043
99.84              -0.0000         -0.0000          0.0607         -0.1045
99.86              -0.0000          0.0000          0.0599         -0.1046
99.88              -0.0000         -0.0000          0.0591         -0.1048
99.90               0.0000         -0.0000          0.0583         -0.1049
99.92               0.0000         -0.0000          0.0574         -0.1050
99.94               0.0000          0.0000          0.0566         -0.1051
99.96               0.0000          0.0000          0.0557         -0.1052
99.98              -0.0000          0.0000          0.0549         -0.1053
100.00             -0.0000         -0.0000          0.0540         -0.1054
100.02             -0.0000         -0.0000          0.0532         -0.1055
